stock_no,people,lots,b4_pct,b4_people,b4_lots,b1_pct,b1_people,s10_pct
00400A,127095,1594140,15.61,164,249219,10.92,38,21.94
00401A,17982,242895,24.98,24,60716,22.6,14,21.72
00402A,56943,846127,18.19,132,154061,10.39,24,21.08
00403A,1000278,15714019,17.36,1786,2730231,11.76,340,18.32
00404A,23988,314295,16.27,36,51184,11.89,11,24.55
00405A,141490,2555745,17.87,347,457231,11.43,77,16.53
00406A,38873,733562,17.55,112,128970,9.95,20,16.84
00407A,108441,1594739,17.25,259,275393,9.5,59,20.95
0050,3238748,20485500,27.97,847,5734477,26.31,246,26.08
0051,13526,24500,14.63,5,3586,0,0,55.26
0052,467162,2551500,19.15,153,489026,16.96,63,36.72
0053,5857,5488,26.54,2,1457,18.89,1,45.49
0055,12121,89654,45.87,17,41135,38.16,4,25.82
0056,1573217,13587034,12.41,679,1689537,10.15,147,25.73
0057,2974,1527,0,0,0,0,0,28.35
0061,6244,99116,32.64,22,32369,23.14,6,15.6
006201,3324,19946,48.28,7,9633,34.92,2,29.3
006203,1178,10218,77.01,5,7871,56.22,2,9.06
006204,1133,1500,0,0,0,0,0,45.5
006205,9117,97439,45.99,28,44830,34.07,8,17.57
006206,3298,28278,19.81,4,5607,14.27,2,25.18
006207,1585,21392,17.66,6,3781,5.38,1,16.92
006208,694490,1829040,10.94,61,200253,10.29,40,51.79
00631L,300823,6028848,28.91,1252,1744080,19.54,285,11.15
00632R,62889,2367708,43.39,782,1027877,28.27,202,5.2
00633L,3512,115458,33.42,32,38615,22.79,12,6.76
00634R,800,47256,55.07,14,26037,44.35,7,3.62
00635U,56433,292014,19.26,30,56283,16.2,15,33.93
00636,8434,101825,23.8,21,24259,16.19,7,19.18
00637L,11513,742106,57.52,276,427015,41.89,90,3.47
00638R,546,26948,54.78,11,14768,35.81,2,4.8
00639,5826,101403,27.86,25,28265,17.41,9,12.93
00640L,1390,7419,21.1,2,1567,14.84,1,27.09
00641R,1315,74758,51.32,28,38377,38.93,13,3.64
00642U,11259,110321,40.71,20,44940,34.28,8,21.06
00643,3300,75073,39.23,19,29469,26.5,5,11.41
00645,10102,43997,23.84,9,10495,15.4,3,36.72
00646,107219,560485,40.91,65,229396,36.58,26,26.04
00647L,1644,6416,25.31,1,1624,25.31,1,29.56
00648R,2395,143688,47.23,39,67891,36.43,14,3.48
00650L,2806,131338,44.18,59,58049,28.2,22,4.55
00651R,406,32192,69.69,16,22443,49.8,6,2.84
00652,9953,67035,31.55,15,21159,25.72,7,27.95
00653L,1381,15903,14.49,2,2306,10.54,1,18.58
00654R,389,19466,51.1,8,9950,33.81,2,4.51
00655L,2183,59458,31.93,21,19001,15.94,4,8.38
00656R,333,20357,71.89,12,14641,47.05,4,3.26
00657,1662,6584,22.2,2,1462,15.77,1,37.48
00660,1079,7531,32.27,4,2431,0,0,17.86
00661,7171,23425,18.07,5,4235,5.54,1,41.37
00662,102126,833029,39.48,83,329039,36.0,31,15.52
00663L,16194,141663,23.76,23,33688,18.39,11,22.45
00664R,6802,775575,59.05,376,458097,39.13,130,1.59
00665L,6202,566465,59.77,207,338692,46.6,86,2.11
00666R,117,14624,85.03,5,12436,85.03,5,1.35
00668,2014,7533,26.31,2,1983,15.87,1,33.11
00669R,3215,205117,46.12,64,94629,34.7,25,3.39
00670L,12152,75145,13.29,9,10007,6.34,1,27.03
00671R,3690,545384,69.12,217,377087,52.72,75,1.21
00673R,10418,588551,48.6,187,286184,34.42,55,3.66
00674R,1535,16421,42.27,4,6942,42.27,4,18.58
00675L,19619,106286,19.61,12,20859,15.23,5,31.54
00676R,4252,172834,41.16,60,71158,26.14,18,4.69
00678,1770,7948,30.63,5,2435,0,0,29.52
00679B,243834,6763192,44.87,701,3036691,40.09,156,8.63
00680L,20334,1600576,54.95,535,879778,40.63,160,2.63
00681R,105,7594,91.78,4,6971,82.44,3,1.77
00682U,275,7644,77.05,4,5890,51.55,2,4.03
00683L,356,11434,59.81,5,6841,51.5,3,5.58
00684R,189,9688,79.98,6,7750,52.7,3,3.68
00685L,44993,105139,8.2,9,8652,4.89,3,47.54
00686R,1805,191776,60.44,81,115946,42.9,31,1.92
00687B,162926,5071635,47.81,595,2425768,42.55,148,7.75
00688L,9822,668115,48.72,225,325607,34.33,72,3.05
00689R,61,6889,84.47,5,5820,59.3,2,0.58
00690,13839,80330,12.91,13,10394,5.24,3,35.85
00692,91056,613280,17.22,34,105819,15.08,15,33.4
00693U,3849,88166,36.97,25,32609,29.18,13,10.1
00694B,2012,38576,74.64,8,28796,71.11,6,9.13
00695B,2298,39186,73.91,8,28967,70.09,6,10.76
00696B,11256,663681,84.18,26,558829,83.46,19,3.88
00697B,6656,64712,24.22,13,15686,19.85,8,22.32
00700,2768,34983,8.86,5,3106,0,0,17.6
00701,38531,174891,9.17,13,16060,6.97,6,49.83
00702,1200,6688,49.77,5,3329,15.25,1,26.89
00703,1084,9550,16.88,2,1613,0,0,24.58
00706L,7116,158271,29.04,44,46012,16.81,12,9.51
00708L,15410,114073,21.54,23,24597,13.47,8,26.15
00709,2469,14960,34.16,8,5112,6.8,1,25.25
00710B,3774,180761,81.78,9,147836,80.76,5,4.89
00711B,803,872261,99.34,5,866645,99.3,4,0.17
00712,142777,5412511,31.65,1229,1714216,20.56,216,5.92
00713,276423,1747512,22.9,77,400538,21.8,47,32.01
00714,2580,21067,42.5,11,8957,13.01,2,24.5
00715L,8306,127192,37.17,23,47314,32.65,13,13.85
00717,7798,126605,29.47,31,37341,19.89,10,15.53
00719B,14488,551514,61.09,55,336979,56.72,16,6.11
00720B,81069,4084109,65.18,314,2662577,61.79,77,4.67
00722B,13896,1457239,89.81,40,1308895,89.27,26,2.52
00723B,455,1520083,99.76,14,1516645,99.65,11,0.05
00724B,6417,3087775,97.65,34,3015773,97.49,24,0.52
00725B,42750,3783206,82.15,166,3108802,80.44,59,2.76
00726B,1808,1194489,97.96,21,1170224,97.68,15,0.33
00727B,711,56689,90.57,6,51351,88.95,4,2.78
00728,9566,38923,1.87,1,730,0,0,50.0
00730,13478,74044,20.65,10,15300,17.4,6,39.43
00731,8628,23600,23.75,5,5608,16.42,2,52.55
00733,21561,67966,17.72,9,12059,14.62,5,51.45
00734B,535,25979,84.2,3,21878,81.82,2,4.64
00735,29846,103289,17.24,17,17836,10.24,4,40.62
00736,518,6227,72.1,6,4490,42.32,2,10.05
00737,5582,22538,12.16,4,2743,4.88,1,45.93
00738U,35138,241799,16.31,37,39485,11.23,15,28.48
00739,2004,25988,37.34,9,9708,18.79,2,17.42
00740B,6059,2163971,96.85,46,2096150,96.37,29,0.6
00741B,1215,13628,44.65,2,6086,44.65,2,18.49
00746B,1359,2535464,99.55,25,2524333,99.48,21,0.09
00749B,204,1104500,99.78,7,1102219,99.75,6,0.02
00750B,72,148000,99.61,4,147442,99.32,3,0.04
00751B,69016,5162103,74.97,329,3870967,72.27,93,3.08
00752,17634,301716,37.62,37,113555,33.45,15,14.24
00753L,11145,752157,50.69,262,381440,35.88,81,3.05
00754B,452,1405900,99.73,14,1402170,99.73,14,0.05
00755B,1053,280230,97.74,8,273946,97.59,7,0.83
00756B,2355,1506800,97.9,18,1475499,97.66,12,0.33
00757,73535,287994,31.98,33,92136,29.08,18,33.44
00758B,122,5525,90.49,1,5000,90.49,1,2.15
00759B,117,47525,98.89,1,47000,98.89,1,0.16
00760B,650,435020,99.15,6,431344,99.15,6,0.3
00761B,3544,2733589,98.54,32,2694327,98.42,26,0.28
00762,22836,47748,20.36,7,9727,14.61,3,51.55
00763U,4932,49565,53.82,19,26687,43.08,10,20.32
00764B,8901,1562500,93.7,33,1464312,93.27,20,1.42
00768B,1704,763600,98.29,28,750691,97.65,21,0.38
00770,18661,80458,12.71,10,10242,7.12,4,41.69
00771,2112,14225,15.31,2,2179,11.94,1,30.37
00772B,42064,3404790,80.35,144,2736403,78.6,44,2.9
00773B,9335,2555790,95.46,42,2440077,95.08,26,0.86
00775B,184,232100,99.85,8,231789,99.23,6,0.06
00777B,219,2013150,99.92,14,2011860,99.88,13,0
00778B,183,1505650,99.94,12,1504941,99.89,10,0.01
00779B,676,1297150,99.58,9,1291796,99.51,8,0.11
00780B,1330,268102,97.54,10,261546,97.0,8,1.19
00781B,685,8336,37.81,4,3153,17.99,1,18.4
00782B,1238,19467,20.4,4,3975,12.76,2,16.32
00783,828,8031,20.65,3,1659,0,0,22.55
00785B,244,1082966,99.84,11,1081299,99.76,9,0.02
00786B,1362,22066,33.73,7,7449,13.59,1,15.96
00787B,1059,12306,38.92,6,4791,16.25,1,18.09
00788B,1552,25706,26.01,8,6690,12.6,2,15.09
00789B,368,455600,99.38,11,452790,99.07,9,0.18
00791B,98,279600,99.72,7,278833,99.5,6,0.02
00792B,451,2277115,99.86,15,2274229,99.83,14,0.03
00793B,429,3026,15.13,1,458,0,0,27.49
00795B,39423,1689598,58.11,152,982305,54.36,44,5.63
00799B,1717,25536,20.02,4,5116,16.11,3,17.08
00830,161741,706465,23.75,54,167978,21.13,25,35.75
00834B,140,23198,96.14,5,22303,94.36,4,1.01
00836B,436,611541,99.57,13,609023,99.14,9,0.11
00840B,90,59431,99.27,3,59000,99.27,3,0.14
00841B,116,70440,98.66,4,69500,98.66,4,0.2
00842B,775,15767,54.39,6,8578,45.88,3,11.19
00844B,315,222175,98.95,4,219860,98.95,4,0.32
00845B,221,237551,99.56,4,236520,99.56,4,0.12
00846B,270,74350,98.18,2,73000,98.18,2,0.51
00847B,421,8305,58.82,3,4886,42.14,1,10.85
00848B,160,136066,99.21,2,135000,99.21,2,0.14
00849B,107,486106,99.8,6,485176,99.6,4,0.01
00850,80855,415444,17.7,31,73589,15.73,19,39.5
00851,2207,5525,27.87,1,1540,27.87,1,44.0
00852L,515,8865,65.76,3,5831,48.79,1,9.18
00853B,2398,182634,91.2,12,166580,89.83,7,3.29
00856B,430,6792,63.69,3,4327,44.16,1,9.48
00857B,16860,563768,52.75,70,297530,48.06,25,7.5
00858,20177,117374,15.31,13,17980,11.76,5,31.13
00859B,1472,28511,27.48,6,7838,22.36,3,11.33
00860B,361,3171,16.26,1,516,0,0,21.27
00861,18897,68412,5.75,4,3943,3.46,2,52.41
00862B,1591,885881,98.29,12,870810,98.19,10,0.42
00863B,352,576964,99.6,9,574713,99.46,8,0.11
00864B,3545,103722,33.84,21,35109,26.5,9,7.23
00865B,8448,274244,31.37,45,86053,24.09,12,5.97
00867B,210,504650,99.82,10,503768,99.82,10,0.06
00870B,320,564151,99.61,8,561962,99.42,6,0.09
00875,3602,13488,12.94,2,1747,8.5,1,50.11
00876,20755,75524,14.29,10,10797,9.75,4,45.48
00877,11581,142788,18.55,26,26507,10.46,8,20.46
00878,1598659,18363290,11.82,841,2173214,9.72,148,20.12
00881,316663,2368403,14.08,102,334205,12.63,41,31.75
00882,85751,2026349,26.34,390,534134,17.3,86,10.29
00884B,216,75440,98.73,4,74490,97.42,3,0.42
00885,51596,631738,17.51,92,110711,11.61,32,19.03
00886,1234,4451,10.91,1,486,0,0,46.62
00887,18507,391851,31.79,98,124655,20.39,27,11.52
00888,59171,382978,12.85,22,49307,11.32,12,37.48
00890B,728,18764,72.89,3,13681,63.95,1,8.33
00891,172014,1638590,13.03,98,213812,10.65,31,26.4
00892,38619,271792,16.16,22,43977,13.63,12,33.56
00893,59375,365884,8.71,22,31925,5.64,5,38.78
00894,25896,152509,16.54,12,25248,14.62,8,37.46
00895,30371,150916,10.61,8,16037,9.25,5,43.59
00896,50094,406380,10.39,30,42290,6.91,7,32.15
00897,10542,146012,18.88,26,27601,10.46,6,20.5
00898,10871,150976,16.14,23,24408,9.27,7,22.04
00899,3926,16135,8.24,2,1331,0,0,43.8
00900,137397,1680525,15.72,93,264540,13.38,25,22.26
00901,12499,63349,12.73,11,8078,4.02,2,41.3
00902,18577,225497,17.18,30,38785,12.4,12,22.0
00903,7419,50221,11.81,5,5937,8.51,2,36.78
00904,25378,169612,12.7,20,21576,6.24,5,35.24
00905,42276,334327,8.05,16,26953,6.62,7,31.84
00907,21105,171133,14.48,13,24807,12.21,7,30.93
00908,2865,35416,35.84,9,12697,26.82,4,19.59
00909,27837,108204,13.35,10,14480,9.31,3,45.08
00910,44937,135939,15.43,13,20999,11.85,4,47.01
00911,10971,19403,12.55,4,2437,0,0,55.44
00912,8179,59253,22.97,8,13623,18.51,4,32.64
00913,8972,35266,5.18,3,1832,0,0,46.59
00915,75426,544983,18.37,39,100254,16.12,18,34.88
00916,24171,145919,15.51,19,22643,10.64,8,37.64
00917,12135,62478,13.97,10,8744,5.54,2,40.82
00918,276421,3643764,14.34,209,523233,11.98,55,19.91
00919,1341212,18032635,11.63,1025,2102422,8.86,144,17.66
00920,7844,20280,19.89,3,4037,10.9,1,50.72
00921,9204,56770,13.48,7,7662,8.04,3,39.89
00922,188847,2076186,30.29,103,629042,28.27,32,21.83
00923,106497,850923,16.36,39,139408,15.09,21,31.96
00924,57122,448603,23.32,30,104700,20.81,13,27.42
00926,9735,89982,46.83,12,42151,42.6,6,23.89
00927,95538,806897,11.53,56,93157,8.5,18,30.09
00928,5303,30356,32.52,5,9874,32.52,5,34.32
00929,406057,4552639,10.97,179,500448,9.22,42,22.57
00930,19705,140779,13.07,8,18410,11.64,5,36.13
00931B,35661,2142898,74.21,107,1590626,72.35,42,4.49
00932,14484,127783,13.59,10,17375,11.71,6,31.55
00933B,80941,6515958,75.97,405,4951474,73.07,96,3.05
00934,47749,408026,9.97,25,40769,7.92,11,31.86
00935,111630,735504,20.34,50,149789,18.16,22,30.15
00936,23877,217297,10.76,8,23422,10.16,6,30.05
00937B,218083,17422805,61.37,3010,10694977,53.01,576,2.7
00938,6468,92516,39.19,10,36270,37.85,8,20.79
00939,105705,1215476,7.42,48,90394,5.56,13,26.73
00940,333407,5575865,12.6,433,703831,8.87,83,17.96
00941,48007,439791,9.4,35,41419,5.65,9,29.58
00942B,10322,2257459,90.57,65,2045054,89.67,29,1.25
00943,4132,41889,35.59,5,14919,32.74,3,26.45
00944,8031,56081,10.95,6,6150,5.91,2,36.82
00945B,19544,821818,38.84,135,319355,31.06,36,5.54
00946,37789,480746,19.47,35,93720,16.89,13,22.24
00947,33318,236864,22.02,29,52210,16.79,11,31.55
00948B,27789,4325927,81.65,308,3532928,78.52,89,1.53
00949,18630,180428,20.09,28,36305,14.58,11,28.0
00950B,12774,4100309,90.84,145,3725512,89.45,50,0.72
00951,15304,185542,18.32,35,34036,10.87,12,21.53
00952,22668,242775,11.87,26,28865,6.67,8,25.29
00953B,49886,4273675,51.73,1244,2211891,38.11,290,2.32
00954,10513,100247,16.96,17,17019,10.95,7,26.09
00955,44533,600431,23.09,73,138776,18.34,26,18.69
00956,3346,34130,19.76,7,6750,12.05,3,24.42
00957B,4210,201763,51.5,32,103944,45.42,14,5.88
00958B,4570,127771,23.91,26,30573,16.59,9,10.17
00959B,9712,529336,49.48,74,262006,43.24,22,4.54
00960,10088,64995,13.17,6,8567,10.71,4,39.55
00961,20440,239011,7.5,15,17970,5.2,6,23.31
00962,5740,56420,25.41,9,14347,20.99,6,26.47
00963,4470,97933,31.11,20,30491,25.19,11,10.86
00964,3943,65124,22.61,15,14736,12.25,5,14.23
00965,37549,461992,41.24,47,190624,38.48,27,19.2
00966B,4064,125232,39.35,19,49311,34.73,10,10.25
00967B,2679,183407,70.09,34,128575,62.27,12,4.09
00968B,8548,738011,65.48,92,483445,61.2,41,2.92
00969B,2169,169633,73.09,47,124022,62.29,19,3.49
00970B,6085,384729,60.19,57,231635,54.31,23,4.49
00971,7465,62677,18.44,9,11570,12.97,4,29.03
00972,1821,19172,35.64,4,6836,31.39,2,22.39
009800,20681,289891,23.11,47,67037,18.12,22,18.29
009801,8631,101119,24.96,19,25258,18.86,9,22.27
009802,40490,534495,13.49,54,72189,8.49,14,21.51
009803,17651,160328,12.62,16,20254,8.2,7,27.3
009804,15064,117392,7.83,9,9214,4.44,3,31.07
009805,56835,659316,21.79,78,143714,16.85,24,22.42
009806,1146,15161,60.03,6,9103,52.8,4,16.22
009807,1255,15260,56.67,8,8651,37.48,3,19.37
009808,4417,41511,10.96,4,4556,8.01,2,30.63
009809,2594,30863,28.48,9,8794,14.69,2,23.24
00980A,71372,712230,16.97,55,121038,14.6,24,25.94
00980B,1585,53569,44.99,15,24108,35.56,6,7.98
00980D,3337,98457,40.9,25,40294,32.11,11,7.83
00980T,3573,72918,45.33,12,33057,39.37,4,14.09
009810,1988,19154,24.97,4,4785,18.96,2,24.67
009811,25104,271950,22.03,39,59970,16.38,14,23.95
009812,6428,102882,36.59,23,37665,28.58,10,16.43
009813,26951,407324,27.1,57,110439,21.26,18,18.7
009814,13206,153076,17.5,22,26813,12.82,10,23.01
009815,34181,515670,22.58,74,116575,15.87,19,18.46
009816,877015,10028844,15.76,1079,1582423,10.67,226,22.41
009817,11157,256936,27.52,62,70737,17.31,16,12.46
009818,5908,57152,5.14,3,2946,3.0,1,32.93
009819,61066,704245,14.26,62,100581,10.78,24,26.08
00981A,978221,9271709,20.61,938,1913419,16.03,229,23.08
00981B,15712,1417113,51.81,515,734487,35.28,128,2.05
00981D,9122,585800,49.38,159,289390,36.33,36,3.16
00981T,7180,192261,35.83,49,68908,21.15,8,9.86
009820,44085,1414202,40.96,279,579415,30.98,61,9.13
009821,69927,687840,15.91,60,109557,11.95,16,29.98
009822,7859,119556,11.3,14,13535,5.32,3,23.86
009823,19943,321817,27.84,39,89678,22.81,12,20.76
009824,27848,628347,34.13,86,214564,27.45,19,14.85
00982A,179652,2164436,15.74,167,341033,12.16,35,21.83
00982B,797,28900,65.08,6,18808,63.35,5,6.42
00982D,2851,76729,37.82,22,29033,24.99,7,9.96
00982T,1860,18597,33.27,6,6190,21.7,3,28.81
00983A,11805,140186,23.5,18,32974,18.84,8,20.68
00983B,886,30153,58.89,8,17763,50.37,4,7.12
00983D,4111,103197,33.07,36,34148,16.34,7,7.69
00984A,52224,479458,16.27,43,78129,12.23,14,28.29
00984B,3948,147933,42.6,35,63058,32.66,10,6.5
00984D,7671,452057,40.26,143,182088,25.18,37,3.95
00985A,49736,479789,15.14,39,72735,12.3,15,26.99
00985B,8354,607001,56.58,144,343569,46.37,42,3.48
00985D,1527,77232,69.38,19,53604,58.88,7,4.9
00986A,5073,41827,16.14,6,6759,9.5,2,31.95
00986B,412,24762,83.64,8,20713,77.16,5,3.87
00986D,2414,163677,51.22,45,83881,41.56,23,3.39
00987A,19454,174643,16.34,18,28576,12.41,7,30.85
00987B,2430,71327,50.19,21,35816,37.92,9,9.08
00988A,221968,2744437,23.3,337,639991,17.85,88,19.94
00988B,3884,85833,17.46,14,14992,10.87,6,12.15
00989A,7288,76617,19.53,7,14973,17.54,5,24.95
00989B,1592,56452,52.09,11,29422,45.38,6,9.27
00990A,118997,2203022,35.52,412,782912,26.26,96,14.04
00991A,263713,3316916,22.66,406,752311,17.47,112,20.45
00992A,189065,2398455,22.07,229,529987,17.7,57,21.36
00993A,51842,805591,18.19,109,146604,12.06,25,18.85
00994A,32827,308190,18.34,36,56573,13.59,12,26.07
00995A,27303,311535,16.47,25,51357,13.22,9,25.42
00996A,25038,322899,19.73,34,63762,14.81,9,22.72
00997A,66467,1014377,20.64,122,209682,14.66,24,19.43
00998A,16488,205609,33.57,22,69033,31.07,13,21.42
00999A,109264,1314017,14.06,100,184991,10.47,22,25.47
01001T,1384,583000,93.15,60,543163,90.07,28,0.51
01002T,3303,1393000,93.56,112,1303693,91.17,61,0.54
01004T,1245,730200,94.06,82,687013,90.45,38,0.31
01007T,1819,720000,92.86,82,668733,89.76,46,0.47
01009T,960,300000,90.27,60,270857,85.64,40,0.63
01010T,865,2308170,98.73,82,2279303,98.0,57,0.05
1101,514507,7523182,55.52,919,4178497,51.34,410,13.13
1101B,7467,200000,94.11,22,188246,91.29,14,2.13
1102,103241,3546563,81.8,339,2901847,79.48,200,6.02
1103,74169,790247,79.3,134,626841,75.64,86,6.19
1104,55850,686682,72.98,109,501335,67.3,43,8.33
1107,3437,10100,99.7,1,10070,99.7,1,0.29
1108,12758,404738,80.52,77,325961,75.51,44,6.28
1109,12063,341159,79.71,73,272019,72.85,36,5.87
1110,5266,572001,93.7,54,536123,91.35,35,1.01
1113O,179,842,0,0,0,0,0,63.29
1113R,382,2129,0,0,0,0,0,30.66
1201,88023,506063,63.37,60,320753,59.6,28,12.54
1203,55505,240000,91.05,51,218577,86.69,35,3.01
1204,3521,18378,45.74,6,8407,31.77,2,19.65
1207,46739,464094,77.23,48,358508,75.25,31,9.49
1210,101441,894767,64.48,131,577172,60.56,72,15.12
1212,30427,174167,44.23,45,77058,35.58,20,17.36
1213,6601,56623,81.99,12,46433,77.2,8,7.26
1215,95859,294790,59.93,40,176745,55.13,18,23.05
1216,149214,5682015,89.03,759,5059834,85.45,440,4.18
1217,139440,494513,60.45,126,299019,52.92,68,15.06
1218,82960,499999,68.14,72,340828,63.64,35,11.6
1219,53390,341238,61.91,79,211348,57.0,52,11.1
1220,47119,177078,67.54,46,119651,60.4,27,10.49
1221,18680,95175,34.14,22,32505,25.82,10,21.97
1224,3620,71910,88.35,20,63542,82.37,13,3.39
1225,42822,242268,89.53,38,216957,87.01,28,3.17
1227,54729,915090,67.11,75,614269,64.11,30,13.09
1228,1584,11132,37.92,5,4224,12.17,1,11.99
1229,103101,1795961,65.4,161,1174862,62.51,76,10.66
1231,35392,298454,64.67,26,193036,62.89,17,16.76
1232,16959,159975,73.65,10,117843,72.16,6,13.02
1233,10055,90592,74.46,26,67466,67.71,15,4.93
1234,24432,401871,83.19,137,334421,74.29,80,5.66
1235,2973,188578,96.33,16,181685,95.13,12,1.13
1236,11813,86674,83.5,24,72392,77.99,18,7.01
1238,2043,29948,11.73,4,3516,8.56,2,21.52
1240,3048,44232,69.66,25,30817,49.12,11,8.2
1256,6382,35775,61.12,11,21873,47.12,3,17.73
1259,16472,32390,76.73,9,24859,71.27,6,9.32
1260,1340,102098,75.9,29,77512,70.63,20,2.11
1264,9021,37052,48.46,17,17968,24.84,5,23.7
1268,3390,42224,78.11,17,32982,72.16,12,8.58
1269,666,20902,77.68,7,16241,72.74,5,2.79
1271,2995,60389,66.91,18,40414,55.43,7,7.53
1293,394,17094,73.82,11,12622,42.07,4,3.02
1294,4281,30572,56.75,13,17355,41.32,6,10.43
1295,3163,34475,56.26,14,19401,44.71,8,15.71
1301,297200,6365741,74.55,564,4747535,71.92,294,9.27
1303,241138,7930822,86.6,673,6869203,84.26,378,4.66
1304,101049,1188764,61.29,112,728821,58.18,49,13.88
1305,72568,581050,52.23,60,303533,49.19,27,16.8
1306,6140,44601,21.3,4,9502,19.37,2,23.58
1307,17086,397818,82.61,67,328711,79.2,44,6.03
1308,76770,593744,52.13,60,309668,48.95,29,16.67
1309,79182,397587,46.41,31,184630,43.28,10,22.32
1310,107116,527870,30.09,87,158978,23.21,27,25.4
1312,127760,1106620,51.64,164,571783,46.19,67,15.96
1312A,1284,20000,54.2,12,10844,21.4,2,13.66
1313,64491,1330846,66.73,158,888358,62.57,68,10.03
1314,300015,3784850,40.15,776,1520477,31.67,245,14.24
1315,5973,99099,80.7,42,79989,70.24,25,6.59
1316,61319,375946,38.69,87,145531,28.36,24,18.83
1319,32344,591477,82.03,105,485251,77.99,62,8.92
1321,4070,227228,70.27,93,159710,53.9,35,2.75
1323,13106,91275,70.37,36,64244,60.95,23,8.87
1324,23566,75122,66.65,21,50088,59.28,12,16.55
1325,36071,85281,47.6,9,40610,44.7,5,27.49
1326,178785,5861186,82.97,499,4864570,80.44,259,5.88
1333,15945,74515,51.18,14,38154,43.03,3,11.0
1336,11498,77614,50.59,22,39281,38.23,6,11.29
1337,52408,268955,48.13,58,129510,39.17,18,14.56
1338,55867,83840,42.67,25,35794,31.39,10,19.43
1339,7374,74124,74.51,15,55234,72.39,13,11.3
1340,61979,152923,34.97,24,53489,29.11,8,19.97
1341,9814,52851,83.68,16,44235,75.97,9,2.6
1342,8852,78001,58.93,14,45976,52.87,6,17.09
1343,1248,40514,65.04,21,26359,42.13,7,5.74
1402,91610,5352875,88.46,432,4736064,86.39,256,3.1
1407,162430,441308,35.24,76,155617,28.83,29,29.78
1407A,4932,67914,53.44,9,36304,52.81,8,18.89
1408,70865,352541,20.65,72,72860,12.5,23,29.39
1409,146055,1618409,65.48,212,1060111,61.9,119,13.27
1410,6653,62000,76.18,19,47239,68.19,11,5.4
1413,8549,132112,75.78,26,100141,69.26,13,5.86
1414,26556,198000,88.32,38,174915,83.03,22,4.85
1416,46081,185342,54.51,39,101061,48.66,21,14.86
1417,55676,189942,58.01,51,110239,47.56,19,16.63
1418,30750,56834,71.43,19,40608,58.95,7,5.47
1419,17095,300041,90.71,72,272248,85.54,48,2.21
1423,18310,99648,83.02,26,82753,76.26,16,4.94
1432,256915,108000,54.77,16,59166,53.15,13,30.07
1434,62863,1684665,72.17,170,1216215,68.44,67,7.49
1435,33290,139780,94.89,24,132649,93.06,19,2.17
1436,14141,194152,77.05,41,149651,73.35,30,9.1
1437,8723,201871,79.51,75,160545,67.26,37,4.92
1438,5088,111206,83.07,29,92390,76.34,18,5.01
1439,4469,92000,85.11,32,78322,74.68,17,5.1
1440,95496,1656816,77.91,272,1290993,72.96,140,7.02
1441,14928,71744,65.0,15,46656,58.35,7,19.8
1442,9218,366211,86.35,109,316278,77.38,61,3.6
1443,15814,135343,89.89,40,121678,81.1,21,2.83
1444,55884,995595,65.56,143,652826,61.22,75,9.26
1445,11964,130666,68.79,40,89905,59.68,21,7.7
1446,7780,137710,67.17,30,92530,63.02,20,8.38
1447,33428,910071,71.46,139,650615,66.56,69,7.48
1449,46486,127115,38.43,27,48861,32.27,15,25.45
1450,15166,79286,25.69,14,20375,20.92,8,25.43
1451,17040,198000,62.92,38,124624,56.63,15,11.1
1452,47261,132641,48.65,41,64566,37.44,18,15.55
1453,14252,113243,75.53,18,85552,73.67,14,12.44
1454,13845,129834,81.74,35,106160,77.56,27,6.45
1455,34959,531688,67.17,76,357178,63.58,45,11.53
1456,4628,93720,85.51,15,80161,80.62,8,3.46
1457,16810,316730,74.49,70,235994,68.05,38,6.8
1458,21183,260762,59.73,59,155793,51.01,23,13.68
1459,14061,358629,85.58,77,306990,79.41,42,4.51
1460,23001,694643,72.36,124,502688,65.98,55,5.96
1462,61265,301347,46.51,100,140233,34.29,37,16.02
1463,33577,173268,81.28,42,140861,74.49,20,5.23
1464,63574,425576,61.34,86,261111,54.2,38,10.08
1465,10354,103607,72.52,38,75166,62.39,22,10.2
1466,20895,111157,71.57,40,79592,64.05,25,8.57
1467,18131,233625,65.75,38,153671,59.81,18,10.37
1468,1326,160405,97.57,18,156526,96.81,16,0.41
1469,336,87218,92.35,28,80568,87.63,21,0.17
1470,1226,85767,87.26,36,74854,70.23,13,0.75
1471,56901,150415,23.15,25,34851,17.53,9,30.44
1472,3669,52488,79.93,16,41962,69.73,7,2.72
1473,12742,146154,71.66,30,104768,69.27,24,9.95
1474,16534,129897,59.39,32,77162,52.84,17,13.54
1475,2325,66017,76.28,16,50373,68.99,8,4.46
1476,19787,274367,80.54,77,221039,73.65,49,6.78
1477,30536,246694,61.94,77,152860,51.95,40,15.68
1480,363,416085,98.22,61,408713,94.46,38,0.15
1491,1721,54818,59.62,25,32694,44.24,12,3.37
1492R,86,526,0,0,0,0,0,36.14
1503,81034,520972,73.31,62,382042,71.18,44,14.14
1504,214076,2376441,70.06,221,1665379,67.52,123,15.22
1506,21542,300389,77.19,46,231934,71.36,16,4.37
1512,20098,98183,53.88,19,52915,47.8,8,9.58
1513,166625,503113,43.64,75,219627,38.83,37,37.33
1514,98092,273108,46.33,62,126593,39.44,31,33.56
1515,22242,181474,51.36,41,93251,41.44,12,19.2
1516,44900,40008,64.72,15,25901,58.75,11,11.54
1517,46423,220000,48.67,31,107116,44.11,14,22.26
1519,83273,315881,73.85,76,233332,67.33,44,13.03
1521,23636,76230,68.64,13,52335,66.46,10,13.77
1522,30982,312898,57.61,51,180332,52.73,25,20.23
1522A,1481,30000,89.08,10,26728,81.87,7,4.7
1524,46527,165310,38.25,21,63262,35.27,12,32.07
1525,3311,73400,88.09,8,64663,86.15,6,5.68
1526,52216,60000,36.98,11,22197,29.94,3,23.82
1527,64718,138571,31.97,21,44320,27.15,10,29.28
1528,93375,191331,29.96,10,57340,28.56,5,39.93
1529,27613,155095,46.44,25,72056,40.95,11,24.94
1530,10906,94594,75.93,15,71841,70.06,6,11.32
1531,12970,182108,63.75,52,116142,54.02,21,9.32
1532,19910,422604,66.0,107,278994,58.14,52,8.66
1533,10026,98547,63.28,35,62375,52.11,18,17.47
1534,4109,67740,46.9,19,31785,35.28,7,13.15
1535,9967,123743,75.47,10,93408,75.06,9,11.14
1536,84834,278960,32.32,46,90229,27.82,25,32.52
1537,15575,82063,51.76,25,42491,42.7,14,23.61
1538,7642,32300,78.45,7,25345,70.77,3,6.62
1539,5428,65370,60.93,12,39842,58.44,9,16.5
1540,40091,85474,35.3,22,30200,23.36,6,31.38
1541,2482,78800,83.75,15,66013,79.45,10,4.83
1557,114,1733,30.38,1,527,0,0,13.79
1558,28336,64536,34.47,30,22256,8.57,4,25.05
1560,24134,150235,66.09,66,99301,48.66,27,12.01
1563,43843,225608,47.49,75,107208,32.77,24,12.47
1565,37345,50417,17.99,12,9081,8.31,3,38.31
1568,9680,103087,65.47,31,67500,57.0,17,12.49
1569,24408,144247,51.11,32,73751,43.57,14,15.16
1570,34965,51501,55.69,13,28689,42.94,2,11.83
1580,27226,49339,40.17,15,19829,29.88,8,25.48
1582,67546,144269,30.57,23,44128,27.14,14,35.44
1583,2518,109400,91.25,17,99839,89.51,14,3.03
1584,56547,232471,40.34,34,93826,36.3,19,22.33
1585,937,57700,65.29,32,37687,45.66,12,3.12
1586,11374,106849,72.35,38,77328,64.5,23,9.43
1587,12370,80056,46.3,21,37078,37.83,8,21.44
1589,43146,153136,28.36,30,43475,21.01,11,24.98
1590,6770,200000,72.99,102,146025,52.57,36,1.77
1591,32073,38048,22.04,10,8392,8.54,1,22.1
1592,6284,110978,26.43,25,29351,18.1,8,15.25
1593,3336,39785,50.02,18,19906,35.41,9,13.84
1594,687,33220,82.82,13,27515,72.46,8,3.53
1595,9372,55555,45.03,20,25024,36.09,12,18.53
1597,18634,89262,53.84,34,48072,41.01,17,25.46
1598,10793,179142,60.01,48,107533,52.85,29,11.72
1599,12008,73029,64.71,20,47278,57.19,12,17.25
1601,16674,106276,11.5,13,12236,6.23,3,26.0
1602,274476,387398,12.13,26,47056,9.54,9,58.26
1603,13777,191688,72.28,30,138580,69.14,20,12.85
1604,102172,384200,58.01,68,222932,52.85,36,17.39
1605,270434,4431333,73.62,358,3263586,71.22,184,11.05
1606,77613,770329,15.8,120,121852,9.41,32,24.56
1608,52900,632774,64.47,59,408089,60.67,21,16.53
1609,202047,785262,30.4,104,238798,26.84,58,32.23
1611,87191,322736,54.13,82,174774,45.75,37,20.34
1612,38194,316080,61.8,64,195391,55.43,31,17.42
1613,22773,227418,57.73,67,131329,47.37,28,9.98
1614,4231,269113,82.74,83,222691,75.58,52,2.25
1615,8619,196664,80.35,34,158049,76.86,22,6.74
1616,15166,194149,60.29,28,117112,56.29,16,16.18
1617,11784,169515,76.0,38,128874,70.14,23,10.13
1618,22973,192692,57.22,27,110291,53.75,15,22.16
1623,6414,66000,78.11,13,51558,74.34,9,12.08
1626,9986,149822,69.72,50,104501,60.09,27,8.7
1702,64108,294133,56.63,28,166621,53.71,14,20.22
1707,67879,148137,55.23,53,81840,43.59,28,21.3
1708,82594,249002,45.42,52,113164,39.83,30,29.96
1709,44276,477016,62.91,117,300125,53.66,48,11.94
1710,60631,885703,61.57,128,545506,56.36,54,12.26
1711,101868,547752,43.78,80,239900,39.01,37,25.69
1712,82361,420493,57.21,127,240652,46.63,57,14.76
1713,23613,150952,73.67,30,111246,66.61,11,7.2
1714,96485,991825,61.98,148,614928,56.99,69,12.58
1717,101753,1172245,65.14,225,763814,59.0,111,15.86
1718,167262,1685906,56.17,234,947290,51.29,94,13.24
1720,15349,178696,65.98,33,117920,59.65,15,14.16
1721,68932,184884,37.94,31,70174,32.24,14,29.18
1722,123240,980000,65.45,153,641576,60.07,69,12.19
1723,63294,236904,52.55,38,124520,47.2,16,22.1
1725,3791,181830,94.21,20,171334,93.1,17,2.81
1726,9595,162000,85.75,27,138938,83.93,22,4.86
1727,23892,128020,57.26,25,73323,52.49,15,25.64
1729,4209,180688,91.39,47,165189,85.84,32,3.55
1730,10213,63234,57.3,11,36241,53.73,8,25.54
1731,18640,132915,56.0,19,74450,51.39,9,15.25
1732,38211,42444,46.4,5,19696,44.13,4,29.6
1733,38796,99950,40.68,16,40675,32.04,5,21.85
1734,70981,190197,48.74,44,92718,40.1,17,18.89
1735,8609,99388,78.28,12,77806,77.68,11,10.04
1736,8531,303395,87.66,42,266008,82.95,21,3.81
1737,74814,200000,63.77,28,127579,59.29,13,17.91
1742,11468,92671,80.59,27,74701,70.84,13,4.47
1748,710,14304,39.26,3,5618,36.13,2,16.91
1748R,105,529,0,0,0,0,0,61.98
1752,8338,100988,63.99,20,64648,57.62,11,15.85
1760,38997,85739,42.53,21,36474,33.91,8,26.16
1762,54210,76918,45.46,16,34981,36.1,5,22.08
1773,16151,300000,75.19,58,225638,68.66,27,7.51
1776,3388,60107,66.45,33,39952,44.12,13,9.29
1777,3412,44592,59.55,9,26563,51.64,4,12.2
1780,3144,109075,76.01,42,82936,61.63,19,4.88
1781,35653,47408,43.7,21,20719,26.14,7,22.25
1783,38396,89698,63.59,20,57055,55.23,7,10.66
1784,34437,53121,28.51,15,15154,15.89,5,25.22
1785,122835,595980,46.93,115,279722,41.16,58,24.56
1786,44590,74828,51.63,26,38646,43.55,16,17.57
1788,7860,44521,50.01,15,22275,40.1,8,23.4
1789,25114,790739,76.91,54,608367,74.8,24,6.34
1794,131,1322,0,0,0,0,0,16.46
1795,41370,266874,57.14,29,152564,52.68,10,22.04
1796,7645,41460,55.71,12,23107,45.18,5,8.45
1799,5742,124690,68.13,9,84965,66.48,5,8.27
1802,196001,2908061,78.12,174,2272141,76.31,91,11.93
1805,9629,134970,77.78,38,105016,70.31,22,5.19
1806,24940,390404,74.49,60,290852,70.32,34,9.72
1807,7564,114403,47.35,37,54176,38.19,20,12.55
1808,28905,893032,79.65,96,711488,77.6,65,6.9
1809,53929,167042,49.12,34,82076,42.5,17,29.77
1810,19527,302304,66.02,72,199620,61.44,48,13.89
1813,9144,46636,48.49,17,22626,33.67,5,23.22
1814,452,18982,74.93,11,14225,57.36,6,4.45
1815,174100,585479,37.7,81,220800,33.63,45,36.69
1816,901,24515,94.8,2,23242,91.94,1,1.83
1817,4619,72600,65.18,26,47327,58.42,17,11.56
1818,136,11638,75.48,7,8785,63.86,5,1.48
1819,136,33504,84.42,17,28292,65.69,9,0.51
1903,21217,260039,80.8,64,210159,74.64,40,4.22
1904,333837,1108275,66.15,135,733323,61.88,65,13.85
1905,76671,1102835,71.07,70,784019,68.78,26,14.05
1906,12740,151000,74.43,26,112409,70.19,17,10.98
1907,86310,1660371,84.41,214,1401824,80.62,114,5.63
1909,85105,1327686,66.61,163,884641,62.27,71,8.75
1918,30899,241425,20.56,26,49687,17.58,15,31.78
2002,1356576,15734861,52.18,1502,8213964,48.46,474,16.54
2002A,5388,38268,22.5,10,8618,11.45,3,28.52
2006,63493,730214,79.61,153,581442,74.13,91,8.91
2007,28037,530652,76.7,13,407141,75.66,4,9.2
2008,7633,190852,92.26,18,176112,90.93,14,3.26
2009,49896,359622,56.5,15,203229,54.77,5,25.68
2010,34879,647655,70.17,120,454594,65.79,73,10.37
2012,44639,302163,84.1,80,254165,74.59,33,5.04
2013,44137,200000,79.49,25,159015,77.12,17,11.13
2014,176733,1435544,49.46,94,710338,46.62,28,20.42
2015,12113,581599,88.04,151,512169,81.73,92,2.99
2017,41340,446875,62.1,68,277592,58.01,35,13.0
2020,60325,267031,50.05,50,133720,44.75,29,17.2
2022,63061,337168,39.82,33,134331,36.44,15,22.47
2023,103733,1841240,78.58,118,1447183,76.88,65,7.29
2024,50598,97500,82.99,13,80930,80.76,9,7.01
2025,30464,172661,62.78,30,108431,59.05,19,11.7
2027,121082,2584261,73.77,378,1906711,69.75,206,8.48
2028,21717,325715,83.63,41,272452,81.2,28,6.54
2029,14620,321180,71.6,24,230035,68.38,6,8.96
2030,57472,280526,48.2,42,135274,44.62,26,20.67
2031,66898,321146,55.97,60,179839,50.71,33,17.74
2032,12302,130522,58.95,42,76967,48.51,20,17.96
2033,4988,80695,74.19,30,59884,60.85,15,8.33
2034,39312,528996,49.62,103,262610,43.16,42,16.25
2035,20858,350000,96.72,23,338567,96.25,21,0.64
2038,24422,194134,53.96,26,104795,49.64,13,17.51
2049,67989,353792,68.08,105,240921,59.62,55,14.91
2052R,5570,9170,10.19,2,935,0,0,49.59
2056,251,105000,94.01,44,98739,86.93,33,0.43
2058,37199,305449,25.84,63,79010,18.36,22,17.09
2059,19904,95297,66.56,31,63462,56.38,16,4.81
2060,135,35739,87.22,4,31173,87.22,4,0.33
2061,11129,57378,55.46,29,31840,33.9,9,12.77
2062,11580,199994,62.38,41,124788,56.01,17,12.85
2063,3389,48101,53.6,19,25790,37.47,7,12.9
2064,1648,69330,83.03,30,57582,72.43,16,4.55
2065,49402,63517,53.0,18,33677,43.72,9,19.35
2066,3157,44450,69.8,20,31036,53.56,8,11.27
2067,2267,45138,56.5,12,25510,49.07,6,10.37
2069,9560,166387,61.98,43,103151,52.78,19,13.13
2070,6058,41783,56.81,15,23742,47.35,8,23.46
2071,1004,69046,83.91,23,57945,73.82,12,2.52
2072,9280,192000,75.87,29,145701,72.08,16,7.36
2073,635,27500,75.21,15,20684,51.6,6,3.36
2101,37258,733935,64.45,129,473152,58.68,61,8.81
2102,79483,473329,80.38,66,380599,75.96,34,5.69
2103,85625,825710,55.11,116,455273,50.14,46,12.66
2104,108468,984734,45.33,203,446655,36.77,68,12.48
2105,86436,3241416,79.93,302,2591592,77.17,154,6.17
2106,33379,954890,79.79,163,762047,74.83,84,5.29
2107,47880,303593,62.59,73,190064,57.05,43,13.98
2108,54827,492417,69.78,95,343733,64.41,55,12.14
2109,35147,279349,74.47,70,208088,66.65,35,5.87
2114,5427,77992,65.56,19,51141,58.72,9,11.15
2115,3849,104373,69.86,35,72924,58.65,17,6.28
2201,93369,1070001,63.48,108,679466,59.55,43,13.82
2204,40707,553620,74.36,58,411819,71.66,34,11.65
2206,69854,773676,83.95,99,649635,80.2,58,6.49
2207,15418,557103,89.24,113,497302,82.81,53,1.88
2208,123702,1274539,55.44,146,706924,50.54,44,15.14
2211,23623,417091,82.65,57,344833,78.86,33,6.61
2221,3561,42325,64.71,4,27392,64.71,4,14.85
2227,7702,300000,93.51,11,280532,93.27,10,3.66
2228,10074,79780,56.78,14,45312,53.88,10,21.32
2229,59,1462,41.04,1,600,0,0,7.78
2230,10223,68030,46.54,28,31678,28.09,10,16.73
2231,12878,135932,67.68,34,92026,62.75,20,14.36
2233,37489,60289,51.4,19,31002,33.14,3,22.96
2235,1372,35878,83.81,12,30076,76.02,8,6.61
2236,2602,63121,74.03,21,46740,64.08,11,5.08
2237,2079,121773,81.16,21,98845,74.97,8,3.35
2239,2751,117713,80.06,17,94271,78.11,13,4.41
2241,28678,104602,45.75,35,47873,34.75,15,16.61
2243,3157,69374,64.28,32,44608,47.68,14,8.44
2245,493,32400,77.79,10,25209,66.91,5,2.74
2246,2881,42613,68.53,3,29213,65.07,1,9.14
2247,8294,80711,76.7,14,61928,72.7,8,10.21
2248,985,47600,79.52,16,37864,71.79,11,3.32
2249,1180,25538,71.25,14,18205,54.36,6,7.01
2250,9048,36388,51.12,4,18605,48.97,3,20.93
2252,1936,106618,79.7,18,85000,73.84,8,3.88
2254,2654,63908,92.88,16,59373,86.23,9,1.39
2255,1977,60932,79.8,19,48631,73.25,11,4.57
2256,2328,39024,57.84,15,22577,42.65,5,11.18
2258,9261,1751267,93.77,53,1642528,92.65,24,1.17
2301,222514,2316108,78.17,432,1810870,73.49,265,11.78
2302,23934,166303,62.03,18,103188,56.69,6,20.87
2303,863748,12576985,77.62,1217,9764870,75.02,698,10.48
2305,21496,205661,68.51,27,140942,64.08,13,13.67
2308,513406,2597543,82.12,581,2133321,75.07,290,6.92
2312,213319,1505921,47.87,206,721182,43.78,106,25.28
2313,311453,1191821,57.07,206,680484,51.8,110,28.24
2314,53583,106126,9.68,15,10287,3.31,3,45.82
2316,58705,182741,68.03,50,124363,59.59,25,18.23
2317,1150251,14073424,69.93,1447,9845291,67.22,827,13.1
2318,28588,106036,26.92,15,28560,22.72,7,30.06
2321,14783,30272,70.94,3,21477,67.91,2,14.53
2323,137343,1089348,45.5,198,495809,38.85,77,18.09
2324,347381,4407147,62.77,579,2767154,59.18,321,17.29
2326,48352,40340,12.6,6,5096,6.42,2,45.82
2327,362323,2071465,74.34,379,1540338,69.45,218,12.29
2328,120823,518346,41.46,55,215021,37.74,27,30.88
2329,130174,658948,52.49,71,346058,48.86,33,25.64
2330,2879938,25932370,87.83,2603,22780694,85.11,1482,5.65
2331,58052,557403,58.15,58,324215,54.28,22,18.37
2332,94499,602170,42.81,116,257918,36.77,51,19.63
2333,87805,277761,28.93,56,80417,20.26,18,32.9
2335,6037,49507,35.56,13,17615,25.37,4,20.03
2337,439545,1981857,50.72,308,1005620,46.22,159,27.48
2338,81162,366849,49.33,58,181035,43.71,28,24.77
2340,109196,438623,40.45,56,177460,35.99,25,26.28
2341,23879,6852,86.94,1,5957,86.94,1,8.92
2342,144076,157475,38.6,17,60833,32.67,4,37.63
2344,463762,4500000,73.41,497,3304917,70.33,273,13.77
2345,76007,561118,71.34,226,400403,56.75,97,4.56
2347,39907,1667947,89.05,268,1485616,85.36,168,4.07
2348,25362,151899,68.42,28,103962,65.46,20,14.98
2348A,2699,30000,65.81,6,19748,55.71,2,7.23
2349,145406,693680,29.4,113,204009,22.76,40,27.27
2351,27520,193719,71.54,79,138639,59.62,43,14.58
2352,189954,1580507,48.83,219,772049,43.78,91,19.16
2353,403468,3047854,38.6,344,1176728,34.6,145,26.11
2354,199012,1414485,45.4,117,642547,42.84,57,28.18
2355,82040,397495,39.29,94,156236,31.68,47,31.49
2356,274862,3587475,72.8,378,2612420,69.78,204,14.58
2357,125048,742760,73.12,215,543261,63.05,101,11.91
2358,39779,136623,27.69,17,37847,23.45,7,27.37
2359,65573,171471,45.12,32,77400,38.1,15,35.86
2360,32382,425246,71.36,190,303591,55.12,78,3.03
2361,19328,46544,52.93,6,24640,47.2,2,20.72
2362,33709,622263,79.28,109,493524,75.69,73,8.66
2363,123426,514988,41.37,74,213165,36.98,38,30.68
2364,56594,52389,55.02,10,28829,51.35,7,23.39
2365,100190,221528,22.78,29,50521,18.38,12,45.73
2367,205738,706253,26.57,79,187848,23.56,43,43.82
2368,86851,521586,77.87,123,406231,69.64,56,7.32
2369,121613,380102,40.94,51,155719,38.1,35,32.02
2371,277615,2150835,46.74,281,1005866,41.9,113,20.2
2373,14301,236203,87.23,28,206062,86.02,24,6.98
2374,105911,336570,28.18,46,94916,23.09,21,37.9
2375,76720,108675,27.92,19,30356,23.47,11,49.9
2376,108891,669889,68.68,153,460203,61.78,80,16.48
2377,126084,844856,59.53,161,503141,53.72,84,22.57
2378,17806,141166,33.69,25,47595,26.88,9,20.34
2379,86769,515513,74.46,216,383953,58.77,87,6.43
2380O,53099,216934,45.05,40,97765,37.41,11,18.42
2381,2568,119,0,0,0,0,0,32.57
2382,273560,3862627,85.33,504,3297069,81.27,259,7.93
2383,88319,358321,69.34,127,248531,57.91,60,5.52
2384,158025,2047778,28.0,329,573687,20.94,96,18.91
2385,49361,760053,75.87,178,576735,69.3,100,10.51
2387,17155,195251,57.7,29,112710,51.9,13,18.06
2388,59013,555955,68.89,73,383050,64.91,39,15.84
2390,62062,192619,39.38,27,75886,33.84,9,26.79
2392,68020,512327,48.68,60,249526,44.22,21,24.41
2393,50691,443393,68.72,132,304797,60.42,71,13.54
2395,36533,868951,85.1,197,739627,77.77,92,3.45
2396,56615,1276356,45.5,239,581132,37.06,63,10.89
2397,9358,114489,70.0,16,80152,67.39,11,14.05
2398,38485,413118,36.5,47,150871,32.58,20,19.21
2399,52396,178100,38.33,42,68312,29.94,20,33.66
2401,131882,591995,43.55,95,257903,37.99,41,25.16
2402,84398,307537,38.53,48,118550,34.21,26,33.69
2404,66977,190587,53.22,69,101473,40.04,30,18.47
2405,98204,343427,24.78,46,85194,19.69,17,31.35
2406,107394,350906,35.47,71,124541,27.76,30,31.22
2407,48749,734956,37.79,178,277895,27.8,56,11.92
2408,330543,3450206,83.66,269,2886892,81.69,157,8.62
2409,649512,7547099,48.82,916,3686123,44.25,349,17.9
2410,12560,160017,36.32,51,58155,23.68,16,11.18
2412,294455,7757447,79.94,517,6203519,78.15,296,6.6
2413,25629,127359,61.32,33,78123,52.43,16,21.79
2414,15740,161736,59.74,48,96668,48.53,18,14.13
2415,8613,90000,63.76,20,57402,58.62,12,16.14
2417,61463,157219,42.42,20,66714,39.52,13,31.82
2418,64557,1023609,47.74,137,488858,42.09,39,12.99
2419,38639,321317,64.92,15,208639,62.57,2,18.2
2420,38378,152649,51.12,42,78042,40.58,16,20.09
2421,62563,286944,57.22,98,164230,44.69,37,21.2
2423,6427,145047,75.37,32,109343,69.46,17,6.36
2424,4366,59585,81.95,6,48844,79.45,4,7.33
2425,39138,96499,52.03,24,50228,43.3,10,25.88
2426,97837,300622,51.13,64,153781,46.47,42,22.75
2427,21619,198000,52.48,12,103947,49.82,4,21.05
2428,16333,128113,64.15,38,82201,52.55,15,15.36
2429,26640,85500,54.21,21,46368,43.46,7,21.15
2430,38283,116800,63.7,24,74432,57.1,11,15.51
2431,52343,110927,41.67,16,46238,34.92,3,24.54
2432,1316,61860,76.55,8,47364,72.89,4,4.86
2433,7986,144496,79.11,18,114332,77.95,14,10.44
2434,4950,37000,80.35,4,29733,77.46,2,10.06
2435,8981,74757,32.24,10,24117,28.32,4,21.89
2436,72805,204178,28.2,42,57621,21.82,21,40.93
2438,26103,71196,58.34,21,41545,49.33,12,15.5
2439,70967,253645,35.24,58,89433,26.81,24,33.02
2440,8870,139117,70.08,27,97524,66.7,19,10.49
2441,57701,568846,69.61,93,396116,64.07,43,16.28
2442,48494,325232,57.46,61,186936,50.48,25,11.63
2443,30680,150909,55.24,45,83392,45.96,24,12.89
2444,36160,101570,28.77,22,29232,18.04,5,22.59
2445,6222,48176,15.69,7,7566,12.44,4,26.59
2449,220618,1222745,66.59,277,814519,60.13,150,18.04
2450,17482,258253,77.19,19,199410,75.97,14,11.21
2451,41535,431346,73.71,66,318055,69.08,34,12.18
2453,25788,100000,46.02,13,46042,40.29,4,28.56
2454,512943,1603895,75.38,489,1209222,65.29,227,7.31
2455,69752,186983,52.09,75,97436,38.83,34,23.96
2457,113979,424772,30.31,52,128855,25.98,23,31.19
2458,59844,303880,60.64,99,184339,50.34,49,19.25
2459,15324,105596,53.08,32,56081,42.01,11,14.48
2460,46083,169200,58.55,19,99090,54.45,7,16.97
2461,50663,191888,46.27,57,88830,36.44,27,18.23
2462,26251,150784,56.26,36,84854,50.3,21,16.79
2464,98486,216336,40.02,50,86624,31.14,20,35.95
2465,49012,93946,35.51,12,33379,29.58,3,30.38
2466,4504,173459,87.07,48,151083,83.1,36,3.78
2467,49674,161225,67.92,54,109533,58.06,29,13.41
2468,11060,69961,50.8,3,35544,50.02,2,28.17
2471,36697,47254,24.88,16,11765,6.74,1,41.14
2472,35732,164735,58.96,51,97171,48.59,24,23.24
2474,58990,538821,69.53,98,374711,65.35,65,15.39
2475,226905,6479454,71.12,1104,4609251,64.54,430,6.14
2476,20550,219022,65.76,67,144077,57.81,38,13.02
2477,9712,158573,73.71,41,116906,66.97,23,10.77
2478,52199,144731,67.92,53,98339,58.66,29,15.64
2479,13087,37738,32.34,6,12213,25.56,1,31.7
2480,42993,106360,29.7,32,31618,16.92,10,28.17
2481,82612,382115,66.68,95,254878,60.77,60,19.96
2482,38637,77883,41.49,14,32324,35.02,6,29.63
2483,8362,107890,61.99,24,66897,57.69,17,13.56
2484,82020,159421,29.79,36,47498,20.96,15,42.18
2485,147207,317689,19.18,29,60988,16.37,15,51.31
2486,81485,240418,39.73,51,95561,33.96,28,27.28
2488,40483,79999,52.88,26,42317,43.81,14,18.16
2489,131270,610000,34.47,75,210420,31.03,41,34.5
2490,15446,163225,21.3,30,34792,15.31,12,21.72
2491,13082,82008,74.43,24,61052,66.54,15,10.81
2492,82134,485205,73.04,71,354478,69.47,43,16.05
2493,42179,126797,57.35,40,72736,47.49,21,18.61
2494,10303,41493,81.44,10,33799,73.02,5,9.79
2495,39318,273552,51.17,44,140044,46.53,25,23.45
2496,4218,19100,49.57,9,9470,35.07,4,17.63
2497,11535,130888,68.82,39,90095,57.0,16,14.61
2498,165008,836065,40.35,141,337431,34.89,69,26.47
2499,47882,461172,44.11,81,203503,37.9,35,15.38
2501,44770,1159561,78.05,160,905400,73.56,79,7.45
2504,89592,1180000,75.38,205,889695,70.37,111,7.1
2505,24100,380000,79.55,65,302343,75.72,40,6.37
2506,66023,387000,76.69,76,296853,71.64,45,8.81
2509,16874,224551,69.73,46,156614,63.87,24,10.35
2511,46986,1623326,79.86,292,1296735,74.31,146,3.82
2512,44002,490607,34.18,96,167810,25.03,22,14.75
2514,17837,394729,87.93,50,347186,84.81,31,3.73
2515,140939,1607904,60.84,304,978625,53.41,113,10.13
2516,49434,226278,71.62,63,162088,63.08,36,7.3
2520,80134,609487,71.34,99,434960,67.35,59,9.91
2521,25348,319787,35.24,57,112767,25.83,11,15.89
2523,14068,228374,44.65,58,102027,35.94,25,12.22
2524,7794,365984,93.16,37,340996,91.73,28,2.45
2525,52642,650791,31.68,172,206267,20.24,50,15.11
2527,8743,270306,79.82,33,215817,74.89,11,5.85
2528,8510,435996,83.71,81,365055,79.34,49,2.91
2530,31294,841256,85.34,140,718082,81.27,88,2.35
2533,14072,153042,38.25,37,58562,26.05,7,17.09
2534,63384,474228,71.56,109,339486,64.98,60,7.8
2535,63477,270794,61.61,65,166902,54.83,34,14.81
2536,8590,332809,78.3,84,260660,69.3,38,4.27
2537,44517,300558,58.15,64,174801,51.53,31,13.28
2538,28622,445025,75.45,133,335816,67.14,73,4.56
2539,19935,1193103,86.88,123,1036742,84.29,71,2.99
2540,17608,944874,91.01,83,860082,88.95,53,2.77
2542,114013,2173084,62.69,243,1362857,59.06,113,10.96
2543,33158,528542,71.38,74,377347,67.03,37,9.48
2545,16537,379735,77.25,46,293420,74.24,27,8.41
2546,53489,130524,62.45,20,81537,58.78,11,14.68
2547,75798,1035095,69.55,184,720111,62.83,77,6.1
2548,39283,319719,51.42,107,164457,39.11,45,19.0
2553,19326,81662,18.71,13,15297,10.95,4,33.86
2566,325,2416,0,0,0,0,0,31.89
2569,61,11552,83.38,2,9634,74.73,1,0.61
2591,80,817,0,0,0,0,0,18.25
2592,57,10494,90.43,4,9490,82.1,3,1.35
2596,3341,100000,72.3,29,72322,61.73,14,5.94
2597,13529,310716,81.45,41,253140,78.19,25,5.43
2599,1387,98524,65.89,41,64929,51.65,16,2.15
2601,105576,824776,32.35,111,266972,26.7,36,21.19
2603,322165,2165043,69.95,343,1515163,65.21,183,15.83
2605,107129,585353,53.72,95,314535,49.21,49,19.93
2606,53777,845056,74.91,110,633175,71.95,69,11.84
2607,39589,533571,77.21,88,412038,70.42,33,8.97
2608,52451,467000,76.62,68,357909,71.75,33,10.78
2609,396113,3492104,55.87,310,1951482,53.14,154,22.86
2610,251116,6144989,72.31,506,4444761,69.57,232,9.61
2611,50923,189002,46.5,23,87924,43.11,12,22.54
2612,37937,197485,73.71,17,145594,68.96,3,11.38
2613,40148,148423,55.91,28,83020,49.45,11,20.98
2614,101466,327265,47.78,45,156429,43.15,20,23.16
2615,120756,2806146,85.12,263,2389209,82.59,153,7.17
2616,215013,137282,44.81,17,61539,41.0,9,30.24
2617,29160,417294,62.65,59,261521,58.21,27,15.3
2618,221672,5400444,78.83,607,4258662,75.77,341,7.65
2626,297,2890,0,0,0,0,0,25.38
2630,20449,209438,65.33,16,136892,61.89,5,18.28
2633,107939,5628293,86.25,308,4855525,84.31,137,4.33
2634,104502,941867,49.4,65,465569,47.26,32,22.21
2636,56164,141835,41.47,33,58849,34.73,17,29.56
2637,29013,746409,81.29,138,606874,76.45,81,6.64
2639,1106,99999,99.01,2,99010,99.01,2,0.48
2640,3429,59265,73.44,25,43540,58.23,11,6.04
2641,81003,330334,28.41,44,93898,23.54,15,29.24
2642,20005,95467,60.38,7,57646,60.38,7,27.41
2643,4259,35000,65.0,10,22754,58.4,7,17.52
2644,2515,82952,79.61,32,66043,75.4,27,3.96
2645,22181,374571,84.73,39,317451,80.79,16,7.2
2646,244362,3008735,65.08,131,1958949,63.38,48,16.49
2701,14982,449968,86.14,37,387718,84.34,24,3.71
2702,12523,156613,73.69,18,115431,72.53,15,9.59
2704,30764,366923,88.33,71,324189,83.28,43,3.23
2705,83234,191313,66.09,43,126474,60.0,24,14.42
2706,16390,499998,85.1,56,425609,81.54,26,3.7
2707,18410,127403,60.89,17,77594,54.75,4,20.06
2712,2047,105000,90.81,19,95374,86.86,13,3.47
2714,3944,1140,0,0,0,0,0,87.12
2718,2634,87576,87.97,16,77045,87.97,16,3.57
2719,3354,69182,91.02,4,62977,89.53,2,5.19
2720,2752,80000,61.03,27,48837,48.9,12,3.59
2722,5050,143170,87.43,31,125204,82.36,20,5.01
2723,9757,180000,68.41,37,123158,60.84,17,9.75
2724,1037,59656,83.61,10,49880,79.45,5,1.77
2726,2512,37922,66.0,16,25041,52.4,8,8.92
2727,150927,82940,36.85,32,30581,19.17,9,27.67
2729,6322,43041,65.92,13,28384,57.11,7,16.36
2730,2322,37215,86.67,2,32256,86.67,2,2.97
2731,30604,93278,43.75,22,40826,35.13,10,28.64
2732,6203,46519,58.66,19,27296,53.53,14,21.09
2733,700,24598,77.24,8,19003,75.09,7,4.72
2734,28785,57260,36.63,11,20982,31.34,6,25.6
2736,6474,79972,55.95,17,44764,46.33,7,14.68
2738,57,67381,97.88,6,65966,94.86,3,0.02
2739,5580,91526,73.55,20,67341,67.89,12,10.76
2740,2903,16762,72.53,2,12158,72.53,2,2.89
2741,1733,22588,65.18,8,14728,54.01,4,12.45
2743,6860,46815,52.86,8,24755,50.27,6,24.35
2745,5001,33809,51.38,5,17373,51.38,5,23.24
2748,9813,105779,61.31,6,64872,58.44,1,17.25
2749,248,20800,75.15,16,15634,33.27,2,2.43
2750,180,60000,98.53,18,59126,88.06,10,0.13
2751,1556,19808,60.43,1,11970,60.43,1,11.13
2752,2576,26694,63.88,16,17056,40.89,6,8.96
2753,11387,66645,54.91,19,36600,43.66,8,16.86
2754,4468,46907,73.08,6,34286,66.51,1,11.62
2755,3276,37540,63.52,12,23853,59.36,9,9.98
2756,1653,24598,71.53,13,17599,53.58,6,9.05
2758,7499,20486,73.57,13,15075,46.27,6,8.27
2760,174,13000,88.03,6,11445,83.83,5,1.11
2761,687,17337,57.71,9,10010,46.15,6,6.05
2762,6079,112500,86.71,23,97562,80.91,13,5.15
2801,268861,11766046,77.32,1312,9100320,73.56,585,3.89
2807,7199,3172,0,0,0,0,0,75.83
2811,52339,292500,34.35,66,100526,26.23,28,22.96
2812,246196,6021626,58.87,760,3546080,53.7,232,7.38
2816,11205,223608,79.08,29,176892,74.78,13,5.25
2820,73794,1342960,66.62,147,894924,62.71,59,7.99
2825,9460,12562,5.68,1,714,0,0,59.95
2827,30327,129587,36.72,31,47615,29.67,16,20.52
2831,42139,1192812,62.0,167,739854,57.14,70,7.68
2832,19499,253540,69.08,47,175198,62.91,22,7.78
2834,378937,9718062,61.23,1392,5952682,55.6,481,6.68
2836,35311,1839917,85.27,179,1569379,82.15,83,3.32
2836A,2851,40000,37.51,8,15006,30.5,4,7.89
2838,47638,4340552,90.77,249,3940875,89.09,130,1.78
2838A,6012,200000,69.14,44,138326,62.52,24,6.01
2841,60365,960944,57.39,179,551719,50.11,62,7.39
2845,102069,4865285,74.26,638,3614419,69.35,241,3.84
2849,10023,1957609,98.46,57,1927678,97.99,42,0.53
2850,18318,315963,67.92,92,214676,57.45,42,9.85
2851,28345,800389,71.27,110,570625,67.17,55,7.64
2852,22309,301164,65.24,106,196519,52.43,49,7.76
2855,62909,1601414,75.53,243,1209880,70.45,110,6.04
2867,68814,5899501,85.18,614,5026493,81.7,270,2.38
2880,480795,13916965,81.26,1135,11312221,78.8,564,4.23
2881,384582,14007365,86.4,989,12103839,84.29,504,4.44
2881A,18531,600000,90.51,69,543135,88.07,45,3.33
2881B,18400,666660,94.92,69,632900,92.02,40,1.9
2881C,54431,333330,84.81,52,282740,80.96,31,6.21
2882,400703,14669210,85.87,1231,12599693,83.55,679,4.71
2882A,18823,833300,94.84,81,790485,93.27,61,1.73
2882B,19334,700000,95.94,59,671690,94.39,43,1.69
2883,739753,16974847,67.59,1920,11475615,63.78,847,6.85
2883B,70281,1582142,65.58,394,1037811,55.91,148,6.73
2884,594268,16174000,72.43,2061,11716153,68.05,901,6.96
2885,450719,13331150,83.03,1230,11071843,80.5,682,5.04
2886,462663,14833378,82.94,816,12306024,81.48,465,5.74
2887,710749,24866399,74.41,3029,18510031,70.21,1286,5.0
2887E,12830,500000,86.81,58,434144,84.74,43,3.1
2887F,13266,300000,89.8,33,269456,85.9,18,3.46
2887G,17335,75000,45.77,23,34342,34.73,9,11.73
2887H,21154,219668,70.22,61,154299,62.79,34,7.02
2887I,275346,3096421,72.77,561,2253620,65.88,223,8.86
2887Z1,18582,300000,89.98,29,270035,87.16,15,3.29
2889,220199,3633563,73.93,349,2686915,71.37,200,7.49
2890,451388,14492322,80.72,1568,11700669,77.49,816,4.68
2891,574276,19676898,82.11,1830,16157972,79.34,941,4.99
2891B,25122,333330,95.89,38,319693,93.54,25,2.38
2891C,24571,166660,93.87,22,156465,91.04,16,3.65
2892,448173,14379469,71.0,1699,10211674,67.06,749,5.81
2897,28868,2805358,85.58,361,2401354,81.21,165,2.52
2897B,5061,250000,83.41,59,208547,78.08,37,4.36
2901,13810,73043,79.21,20,57882,71.66,10,7.94
2902,11496,146889,47.65,41,70018,35.95,17,12.61
2903,58773,1416941,80.24,160,1137322,77.17,87,6.33
2904,17081,77834,54.3,9,42276,50.17,4,17.37
2905,27902,1110372,83.97,130,932590,80.45,66,3.76
2906,17529,209117,65.86,38,137770,59.53,15,11.36
2908,11194,509888,91.76,49,467984,89.87,33,2.51
2910,1346,175403,96.83,40,169873,93.23,31,0.46
2911,39934,105126,46.21,21,48595,40.71,10,25.6
2912,74494,1039622,84.3,140,876628,79.95,65,7.63
2913,114287,790000,57.01,138,450501,50.71,55,14.32
2915,60549,1104319,68.67,190,758617,62.65,81,8.91
2916,4665,64627,58.81,18,38014,50.93,11,12.96
2920,979,12457,35.71,1,4449,35.71,1,18.26
2923,5322,1740297,99.47,14,1731286,99.39,11,0.21
2924,463,52036,89.58,9,46623,84.08,5,1.0
2926,2155,47390,74.53,14,35329,64.81,7,6.0
2929,50709,109494,30.67,17,33619,24.82,6,19.17
2936,155,76056,99.51,6,75691,98.55,5,0.23
2937,943,43542,84.57,20,36832,71.58,12,2.24
2938,728,20140,80.69,4,16253,78.61,3,6.08
2939,7108,45549,75.95,27,34605,58.11,15,3.89
2940,240,25184,57.65,16,14524,17.32,2,1.17
2941,3084,15390,66.47,14,10233,20.62,2,4.54
2942,1639,60000,90.71,10,54436,88.06,7,2.88
2945,3115,67500,83.48,6,56353,83.48,6,7.3
2947,11485,21493,63.31,9,13611,55.2,6,5.0
2948,1075,31000,80.32,15,24903,69.03,9,5.27
2949,2846,30641,82.33,16,25232,65.52,9,4.55
3001,6689,76020,19.37,16,14746,10.63,5,19.47
3002,9522,102000,64.61,20,65921,59.0,11,15.2
3003,17832,155655,57.75,42,89918,51.15,25,20.83
3004,18052,64382,60.02,18,38656,48.13,5,14.41
3005,55542,624506,70.05,108,437542,65.17,60,12.75
3006,70599,298128,54.04,83,161184,44.84,39,23.77
3008,94464,130798,55.6,48,72763,39.25,14,13.18
3010,50549,259437,62.79,75,162949,53.79,36,13.05
3011,48993,129601,37.17,30,48191,28.32,10,18.98
3013,49225,205139,44.75,27,91834,39.67,11,31.71
3014,50012,165979,35.5,47,58969,21.8,12,27.87
3015,18236,187262,62.92,52,117868,55.35,29,17.32
3016,33597,290357,76.54,33,222286,73.22,18,13.09
3017,154028,392654,65.59,139,257623,52.29,53,10.71
3018,36862,75378,64.28,6,48462,62.19,3,17.97
3019,94150,279244,41.14,52,114918,34.24,23,35.35
3020,1637,122696,99.45,1,122032,99.45,1,0.48
3021,8627,94890,70.47,19,66891,65.24,13,13.82
3022,17466,176598,61.93,42,109404,54.93,22,15.43
3023,52486,240069,68.26,106,163941,53.41,49,8.19
3024,57954,277157,48.58,81,134705,36.43,32,15.24
3025,41061,56736,27.2,14,15447,14.57,3,30.92
3026,58019,165890,56.1,73,93077,40.9,32,20.91
3027,47541,129960,43.17,30,56132,33.87,10,24.35
3028,55089,237241,44.49,45,105591,39.64,27,25.62
3029,66258,167005,39.69,32,66323,33.28,15,32.7
3030,35704,236216,58.35,49,137858,51.29,21,17.85
3031,17240,173203,60.32,17,104507,58.16,12,19.37
3032,33440,113286,51.54,26,58420,43.95,11,18.36
3033,100510,516559,41.31,103,213503,34.79,48,24.91
3034,99802,608511,70.52,202,429265,59.35,97,11.51
3035,115941,260550,32.45,40,84604,27.05,18,43.02
3036,71610,1270495,86.94,225,1104769,81.97,125,4.82
3037,322778,1591323,76.08,382,1211127,68.45,189,10.69
3038,49982,157408,42.7,34,67226,33.24,12,24.42
3039,5434,66387,33.19,23,22043,17.62,7,10.36
3040,8084,66225,68.9,16,45633,64.39,10,11.44
3041,69724,140224,27.38,15,38413,23.17,6,38.61
3042,93736,342993,55.51,95,190438,47.41,50,24.88
3043,54659,38976,19.09,7,7443,14.41,3,36.32
3044,34010,525606,80.79,189,424748,70.7,101,5.74
3045,60893,3723431,92.66,367,3451300,90.38,232,2.82
3046,20663,78448,51.77,10,40636,45.4,2,21.58
3047,68666,224762,20.22,30,45480,15.17,9,36.85
3048,80045,269830,52.37,44,141382,46.85,21,25.14
3049,122221,802011,47.05,70,377490,43.33,23,23.36
3050,42306,154984,52.17,31,80894,44.57,12,18.58
3051,67772,167000,34.0,28,56802,26.39,7,26.85
3052,49173,233246,56.4,60,131580,48.21,28,9.19
3053,1492,7959,54.35,6,4327,27.94,2,15.43
3054,3564,80651,87.78,13,70815,85.16,10,3.66
3055,27007,114975,66.1,26,76031,59.82,15,16.31
3056,72067,480555,33.06,70,158985,27.28,25,19.49
3057,37309,67865,33.79,8,22942,30.99,5,31.18
3058,50203,201723,22.52,31,45454,16.91,12,26.16
3059,96522,307702,25.43,53,78308,20.1,25,38.45
3060,69802,137563,28.06,31,38636,22.33,17,30.7
3062,74472,330092,24.7,60,81626,17.53,21,36.01
3064,2969,13011,63.47,3,8260,60.15,2,10.3
3065,1476,183911,83.6,33,153771,78.84,19,2.48
3066,5202,83071,72.56,15,60290,68.12,9,10.99
3067,765,20000,71.35,4,14275,63.64,2,3.61
3069,1426,3000,35.56,1,1067,35.56,1,24.45
3070,172,7275,51.25,5,3730,18.25,1,4.13
3071,11289,110000,58.79,11,64690,56.62,7,20.09
3072,58,373,0,0,0,0,0,29.78
3073,4457,39511,55.05,18,21761,37.69,9,16.54
3075,432,7784,70.66,4,5500,70.66,4,9.59
3077,90,722,0,0,0,0,0,34.59
3078,58399,227391,38.46,55,87486,29.03,22,28.59
3079,4376,47641,32.0,12,15255,19.24,3,17.9
3081,68053,92517,45.25,32,41887,32.02,14,18.89
3082,66,455,0,0,0,0,0,24.02
3083,8985,86487,56.17,8,48596,53.1,4,20.47
3084,226,1873,0,0,0,0,0,19.01
3085,3040,69019,89.64,4,61880,87.92,2,2.93
3086,8034,272711,85.96,28,234472,83.21,16,4.67
3087,444,51311,97.94,1,50259,97.94,1,1.42
3088,16177,110916,50.96,30,56544,38.7,8,21.63
3090,59606,287567,69.17,65,198981,62.57,34,16.4
3091,96,186,0,0,0,0,0,52.26
3092,32303,106649,36.53,21,38979,29.22,9,22.82
3093,8371,145156,78.03,19,113295,72.49,7,10.71
3094,41996,83117,18.13,12,15084,11.43,4,41.91
3095,25317,10000,33.06,4,3307,14.01,1,27.28
3096,671,23127,49.47,7,11443,38.05,3,6.23
3097,654,75086,86.95,15,65303,81.37,9,1.55
3098,76,1395,0,0,0,0,0,15.12
3099,13824,225202,37.56,68,84631,23.15,16,10.54
3105,136076,423940,54.25,97,230060,48.13,55,27.23
3114,7608,65130,52.51,19,34211,43.23,10,18.17
3115,17929,72198,86.25,10,62280,85.38,9,2.43
3117,1603,22800,53.6,8,12227,42.59,4,13.24
3118,41698,32453,36.88,14,11975,15.06,3,18.12
3122,46048,40772,26.7,10,10894,15.89,4,34.55
3126,2747,48752,44.04,14,21476,31.82,3,5.69
3128,48951,47317,30.06,9,14232,23.77,5,29.29
3130,6971,33191,60.92,10,20225,55.9,7,20.76
3131,22829,29823,46.28,10,13806,37.09,6,11.2
3133,493,27262,63.27,14,17256,46.91,7,3.25
3135,18580,97159,50.92,19,49493,44.18,10,26.47
3137,80,1883,0,0,0,0,0,7.7
3138,32579,56396,26.86,11,15157,18.99,4,42.86
3141,32857,75461,15.78,16,11916,5.21,3,41.54
3142,5177,203398,51.24,71,104253,38.71,30,5.05
3147,6131,43687,59.47,16,25994,50.7,9,14.45
3149,60766,226234,25.16,45,56976,18.8,21,35.15
3150,5774,44377,56.26,13,24979,46.27,5,7.27
3151,657,8265,45.63,3,3772,26.17,1,12.0
3152O,8563,69016,52.75,26,36417,40.62,13,16.52
3158,1734,30605,37.5,12,11482,23.43,5,9.06
3159,483,5840,28.6,2,1671,20.39,1,16.26
3161,179,32583,94.26,16,30722,82.62,10,0.96
3162,15481,154341,60.63,27,93608,55.95,14,15.49
3163,86467,80541,33.25,25,26804,22.1,9,39.58
3164,22936,86010,55.09,35,47401,39.98,15,17.51
3166,98,23374,96.38,2,22532,94.66,1,0.79
3167,24361,90308,59.82,35,54038,48.17,17,15.19
3168,2577,75100,75.29,20,56556,66.82,11,6.13
3169,27559,63107,36.32,12,22933,28.66,4,26.81
3171,2279,33118,76.93,5,25481,71.98,3,8.23
3176,46276,139307,33.86,26,47201,28.46,14,22.46
3177,206,4124,75.01,2,3094,60.61,1,14.47
3178,4385,45050,65.76,11,29629,61.31,7,16.21
3179,110,9847,30.35,4,2989,16.07,1,1.36
3184,3311,63074,58.48,20,36898,49.83,9,12.17
3186,2285,30000,77.49,2,23249,77.49,2,8.98
3188,7574,189088,75.87,44,143506,68.44,20,6.45
3189,114356,526916,73.73,108,388608,67.55,58,13.88
3190,59,14308,74.69,5,10689,71.03,4,0.41
3191,18495,43597,53.44,9,23305,46.7,4,12.78
3202,37709,129345,24.59,21,31836,19.46,9,27.43
3205,31665,67546,66.33,8,44819,61.71,3,11.1
3206,23480,58917,53.73,21,31670,42.3,11,18.4
3207,20856,66422,41.32,27,27458,21.92,7,16.21
3208,107,3025,46.49,1,1406,46.49,1,7.97
3209,54792,235391,47.67,67,112245,37.86,30,18.71
3211,77302,154387,53.66,51,82878,43.91,26,27.97
3213,47501,58686,28.07,16,16484,16.7,4,31.68
3217,14557,90104,47.02,28,42381,31.27,6,23.55
3218,18643,84725,56.73,19,48081,50.37,10,23.59
3219,4124,71781,81.55,8,58544,77.57,4,7.67
3221,49306,105062,25.43,31,26755,9.61,5,42.21
3224,16701,78173,71.93,28,56243,63.57,17,8.65
3226,1300,64431,86.59,25,55808,70.05,8,2.11
3227,56490,151938,40.98,51,62290,28.24,17,31.48
3228,35207,71511,24.26,14,17362,19.16,8,35.77
3229,9950,64263,70.04,4,45012,69.03,3,12.15
3230,19571,86011,53.04,19,45641,48.19,12,17.34
3231,402349,3180412,63.2,513,2010694,58.83,284,19.59
3232,14739,46568,58.34,21,27176,43.62,9,9.88
3234,39565,111475,33.31,28,37145,24.33,11,28.08
3236,62870,105001,37.24,23,39131,30.88,12,35.23
3237,105,1499,0,0,0,0,0,18.39
3252,2696,50196,78.72,22,39526,68.66,14,6.98
3257,28931,79824,45.34,12,36210,38.58,4,26.7
3258,92113,274066,10.17,23,27934,7.56,10,43.13
3259,3911,72966,70.46,25,51427,62.8,16,7.64
3260,144756,333553,30.83,62,102919,25.24,32,38.33
3264,74549,490170,71.01,120,348164,64.7,70,12.57
3265,17012,136262,65.81,24,89694,57.78,6,17.4
3266,3863,352314,90.31,28,318275,89.12,21,1.93
3267,534,17066,29.55,3,5044,26.87,2,6.44
3268,42789,34721,32.62,9,11330,28.21,6,23.48
3272,9257,61177,50.8,11,31085,45.96,6,19.84
3276,47158,69713,58.75,13,40964,52.02,4,13.3
3279,113,966,0,0,0,0,0,17.27
3283,149,6673,49.5,5,3305,15.08,1,4.48
3284,21621,108482,71.44,22,77521,67.85,15,8.74
3285,10162,42735,64.6,19,27613,51.21,10,9.92
3287,4114,43970,58.27,11,25631,48.76,4,17.56
3288,11482,16380,48.2,5,7898,36.75,2,19.72
3289,60265,86746,26.59,26,23079,14.53,10,38.68
3290,26026,90215,58.56,33,52842,48.4,18,12.68
3293,111888,281802,52.3,69,147438,44.52,35,22.96
3294,16974,132016,53.49,26,70635,47.95,15,24.35
3296,7274,96724,76.91,31,74408,71.49,23,7.68
3297,9919,36049,49.33,12,17791,36.6,6,29.18
3301,997,124326,79.23,40,98518,70.3,24,2.14
3303,14394,94091,47.62,32,44828,36.8,16,17.39
3304,424,14069,33.55,7,4721,9.88,1,6.53
3305,59731,144723,48.88,30,70766,42.42,15,28.59
3306,29892,50608,47.88,7,24241,43.14,3,26.19
3308,10573,60000,61.62,8,36977,58.86,6,20.55
3310,1771,74948,82.13,32,61568,69.86,19,3.23
3311,39443,100000,56.84,20,56854,49.91,8,19.37
3312,69504,182627,45.85,23,83765,42.42,12,30.37
3313,34413,221134,76.06,22,168221,74.33,16,9.48
3317,62533,90000,28.88,15,26009,22.87,6,41.88
3318,925,52256,56.8,19,29689,41.84,6,3.13
3321,28414,86114,48.25,22,41569,37.37,7,14.98
3322,65149,137582,37.47,28,51580,32.41,15,18.92
3323,69820,99593,21.6,15,21526,14.42,4,44.77
3324,84368,93077,45.51,30,42380,28.65,7,31.76
3325,61845,110169,30.29,33,33382,14.69,6,23.21
3332,1750,48104,86.88,15,41801,77.9,9,3.09
3334,126,24680,91.54,5,22594,89.35,4,1.02
3338,62778,87908,31.37,18,27588,23.8,6,37.91
3339,31505,66568,25.52,15,16995,16.59,5,33.55
3342,762,40910,53.13,17,21746,33.08,5,4.33
3343,870,58794,44.65,10,26267,39.28,5,3.62
3345,101,36301,95.55,2,34688,93.93,1,0.42
3346,39663,121228,25.55,17,30999,20.5,8,29.75
3349,1742,46072,47.44,25,21868,24.37,8,6.3
3350,927,21687,13.98,6,3034,0,0,10.9
3354,6633,70112,72.43,7,50788,70.67,5,13.97
3356,36398,79942,31.18,15,24941,24.91,7,30.26
3357,21037,116386,58.55,45,68179,42.85,16,17.73
3360,46981,76402,25.96,15,19853,17.76,4,31.65
3361,389,49553,81.55,18,40421,68.18,8,1.21
3362,29026,147445,62.23,48,91774,50.91,23,19.78
3363,67858,113641,41.56,33,47251,30.17,13,26.41
3364,216,2701,0,0,0,0,0,18.15
3369,4643,28946,56.18,3,16264,54.38,2,16.23
3372,53289,175324,49.08,29,86100,45.02,17,22.14
3373,35488,47619,26.25,4,12506,24.87,3,32.7
3374,50447,271364,60.24,36,163508,57.05,22,23.08
3376,50476,195780,46.46,60,90997,36.3,26,25.21
3377,241,19653,64.25,12,12631,35.71,2,2.0
3379,30311,38042,27.4,5,10429,24.78,3,38.24
3380,42108,541718,67.57,40,366124,65.12,17,13.6
3383,11637,75000,48.43,18,36336,38.5,6,16.72
3388,12541,77671,41.13,17,31956,30.9,5,27.91
3390,56853,79330,30.92,19,24549,19.49,4,24.6
3391,929,68860,66.03,27,45483,51.03,10,2.73
3394,163,1180,0,0,0,0,0,26.58
3397,1817,9043,0,0,0,0,0,46.56
3402,39601,73048,29.55,9,21597,24.52,4,36.99
3404,50,653,0,0,0,0,0,21.09
3406,33276,112743,57.68,54,65058,37.47,18,15.36
3412,261,8071,84.95,1,6857,84.95,1,3.49
3413,30228,110924,42.62,25,47298,35.66,11,29.49
3414,253,1396,0,0,0,0,0,38.07
3416,9924,80496,56.0,15,45088,51.39,10,17.07
3419,30790,120480,31.57,26,38066,23.37,10,25.03
3426,921,26400,63.05,10,16651,48.61,4,5.17
3430,33239,33716,34.79,7,11732,33.44,6,32.78
3431,12551,55459,51.29,8,28451,46.69,4,17.62
3432,3597,42230,66.5,13,28088,58.48,8,13.51
3434,7847,35755,45.4,14,16239,30.2,5,22.81
3437,47568,144548,24.18,20,34983,19.95,9,38.88
3438,28080,47166,45.11,2,21284,43.53,1,30.47
3441,30372,40040,28.79,12,11537,14.75,4,36.94
3443,61316,134012,65.14,39,87322,53.43,12,9.62
3444,5078,44997,48.68,17,21913,38.0,10,17.35
3447,6018,77449,58.92,13,45650,51.2,3,15.67
3450,70124,145681,48.93,52,71315,37.81,25,27.76
3455,44412,59851,29.6,22,17727,14.57,7,34.58
3465,4172,35330,67.95,12,24011,54.67,5,6.94
3466,25542,77892,46.98,26,36609,34.46,10,16.1
3467,2046,31107,61.17,10,19033,55.73,7,11.38
3469,191,22448,63.92,14,14353,42.15,6,1.47
3471,503,5000,45.04,3,2253,25.6,1,10.99
3472,1711,76274,57.36,24,43771,43.84,7,4.68
3473,257,22511,77.91,6,17543,69.43,3,1.54
3475,1780,1784,0,0,0,0,0,46.82
3479,35533,72632,44.1,18,32040,33.42,5,28.09
3481,901883,7989197,44.55,1028,3560724,40.16,442,21.57
3482,527,6521,44.4,4,2896,16.87,1,16.25
3483,53325,99049,22.29,24,22094,14.16,11,41.69
3484,48282,78828,28.74,21,22664,19.89,10,26.45
3485,7649,38501,52.36,19,20168,33.55,7,17.58
3489,3022,90452,73.97,18,66925,67.74,9,6.11
3490,34704,55006,17.45,10,9607,12.04,4,37.93
3491,74477,68805,33.16,27,22822,14.7,7,28.62
3492,2829,35532,48.32,6,17170,44.69,3,16.98
3494,18106,94800,61.27,12,58107,56.34,4,11.56
3496,210,22159,77.75,9,17233,68.76,5,1.91
3497,112,4588,33.29,2,1528,23.86,1,5.4
3498,56334,61273,50.6,14,31015,45.01,9,26.27
3499,40904,54971,43.22,12,23762,41.65,10,24.03
3501,12318,118258,49.03,22,58004,44.92,14,20.94
3502,284,9222,34.09,5,3145,12.37,1,6.85
3504,13316,114060,64.07,17,73101,59.89,9,19.34
3505,160,5429,87.89,1,4772,87.89,1,8.41
3506,606,8573,19.83,3,1701,0,0,18.33
3507,279,31800,87.08,12,27699,75.26,7,1.53
3508,68329,104312,43.41,29,45310,34.03,13,28.41
3511,8928,79973,56.02,9,44805,52.39,4,20.87
3512,4875,113072,71.66,30,81050,63.81,16,8.65
3515,13281,123544,72.24,21,89267,66.15,9,12.64
3516,3371,59561,76.72,18,45714,68.21,10,6.03
3517,666,5037,13.87,1,699,0,0,24.1
3518,29782,102467,38.51,30,39481,28.46,13,17.03
3519,65135,433985,50.71,48,220137,46.33,18,18.35
3520,48796,68847,35.72,12,24608,28.63,4,21.01
3521,40030,185766,81.32,16,151097,78.11,7,3.82
3522,28210,104096,58.19,27,60584,52.0,16,10.34
3523,7860,64258,83.38,13,53588,78.36,7,4.91
3524,301,20627,66.46,14,13714,39.39,5,2.68
3526,20684,66770,49.04,23,32758,36.06,9,17.41
3527,25112,44445,26.82,10,11928,20.06,5,25.68
3528,5717,66639,69.36,11,46236,64.64,6,12.05
3529,21228,74686,50.23,31,37524,32.97,12,7.63
3530,16055,77476,57.43,13,44504,53.69,8,22.98
3531,1845,61175,80.33,34,49155,60.78,15,4.96
3532,16155,387848,91.26,33,354021,88.28,14,4.0
3533,20506,112535,63.86,51,71880,45.9,20,5.98
3535,44949,79052,25.49,9,20169,22.53,5,40.74
3536,6381,52089,67.89,5,35374,65.11,3,11.35
3537,45122,56243,29.97,11,16872,23.54,5,37.01
3540,58465,72459,22.31,6,16167,21.71,5,37.98
3541,17936,56349,35.6,20,20072,24.64,11,19.26
3543,24968,110263,48.88,45,53927,31.49,14,12.2
3544,580,2469,0,0,0,0,0,40.42
3545,82578,221069,24.91,39,55129,18.38,14,40.51
3546,34506,58427,34.81,19,20347,23.07,7,29.35
3548,40781,67744,32.63,17,22119,24.22,7,34.06
3549,239,1481,0,0,0,0,0,29.8
3550,50772,107550,50.22,34,54037,40.31,17,22.14
3551,13751,62275,50.14,24,31238,34.24,8,27.98
3552,55095,97918,37.64,21,36866,32.42,12,31.71
3554,135,15858,87.29,1,13843,87.29,1,1.7
3555,4603,39999,80.42,9,32173,77.74,7,8.02
3556,64970,63703,15.82,4,10084,13.67,2,44.6
3557,20352,84315,60.5,19,51032,53.27,9,12.33
3558,12477,59061,51.01,10,30136,47.07,6,31.35
3560,194,20405,74.02,9,15107,59.92,4,1.64
3563,37805,63961,51.05,22,32662,37.04,7,25.34
3564,6576,59123,60.15,2,35563,60.15,2,19.78
3566,10587,419621,73.96,150,310433,60.69,57,1.15
3567,33932,33954,18.83,7,6403,7.93,2,36.13
3568,188,10074,72.27,5,7282,46.65,2,3.91
3570,2838,17097,53.9,4,9218,45.21,2,21.71
3571,417,3302,0,0,0,0,0,27.18
3572,331,11817,40.53,4,4792,25.66,2,4.69
3576,224671,1627795,36.86,186,600383,32.57,70,24.68
3577,3858,63966,68.47,28,43809,49.93,10,8.24
3579,6150,9580,74.12,3,7102,65.74,2,15.49
3580,42203,39471,12.41,6,4904,7.1,2,39.6
3581,7159,51006,58.72,16,29960,45.35,6,18.97
3583,30351,83538,60.63,26,50658,49.6,13,21.04
3584,21963,139767,25.22,29,35276,18.19,13,25.75
3585,15736,111679,41.32,16,46178,34.96,4,25.14
3586,88,2458,51.29,2,1261,0,0,7.36
3587,26044,71685,33.4,17,23952,21.81,5,36.39
3588,49590,61993,30.95,16,19200,20.23,6,34.0
3591,53147,145387,53.82,35,78274,48.01,22,20.41
3592,35753,75855,39.77,24,30190,25.92,6,29.46
3593,24576,60825,63.37,17,38560,50.01,4,9.58
3594,19179,95948,54.15,27,51984,42.39,10,15.67
3595,19806,33913,31.82,8,10800,23.33,4,26.11
3596,22304,220354,73.42,76,161823,61.08,32,9.87
3597,2292,39236,64.31,11,25240,56.92,7,10.99
3601,688,34887,52.62,9,18366,40.76,3,3.43
3603,703,24844,70.74,10,17579,64.91,7,4.75
3605,47756,175270,46.77,39,82017,41.09,23,26.16
3606,98,16847,77.4,11,13043,43.23,2,0.73
3607,47067,121662,33.29,35,40530,21.28,14,19.57
3609,7685,38419,52.82,19,20300,31.5,4,9.72
3610,1500,54015,79.65,4,43027,76.71,1,5.1
3611,4846,47555,57.3,12,27260,46.79,4,13.46
3613,1140,63436,66.67,28,42304,50.87,13,3.89
3615,44301,68467,27.51,7,18850,24.59,3,43.01
3616,3447,94650,42.55,35,40291,26.06,10,6.39
3617,7656,94766,68.63,42,65056,53.77,17,10.41
3619,164,7626,27.79,3,2120,15.73,1,4.99
3622,24923,151328,59.43,22,89949,53.65,9,16.66
3623,8507,29186,51.89,3,15148,48.24,1,23.97
3624,38471,117341,61.81,24,72547,56.21,13,23.04
3625,48052,114247,45.05,26,51494,37.37,12,20.18
3627,14083,30991,56.06,9,17376,50.03,5,11.97
3628,7765,45000,59.15,5,26624,56.02,3,17.42
3629,1743,32955,86.89,5,28637,84.01,3,3.03
3630,28762,204192,54.36,16,111018,51.09,5,20.54
3631,1866,81821,80.38,15,65775,74.99,7,4.28
3632,37390,40890,17.2,5,7037,15.58,4,46.1
3633,1942,34024,60.72,13,20666,46.15,5,10.36
3634,218,49600,82.97,13,41166,72.48,6,0.7
3635,399,5051,0,0,0,0,0,15.08
3636,503,6000,87.18,1,5231,87.18,1,4.38
3637,820,29749,77.46,6,23047,71.3,3,4.1
3642,18069,45869,63.39,18,29086,49.5,10,7.54
3643,403,45624,97.85,1,44646,97.85,1,1.09
3644,1820,83300,79.79,34,66474,69.39,19,2.81
3645,63014,136754,45.75,46,62591,35.99,22,28.65
3646,36376,39297,49.03,21,19273,19.88,5,9.07
3647,2946,2802,0,0,0,0,0,50.05
3649,275,10819,36.51,6,3952,0,0,4.85
3651,69,69565,95.9,12,66730,89.61,4,0.15
3652,3531,75098,72.53,13,54482,67.58,7,8.69
3653,63598,146733,67.9,38,99656,60.26,20,7.28
3656,3283,58249,77.46,6,45124,75.19,3,7.09
3659,636,54124,87.52,15,47379,80.84,8,1.98
3661,76369,82183,36.02,36,29614,15.31,8,20.75
3662,22523,183478,53.41,26,98010,48.89,11,17.55
3663,25757,108494,60.18,8,65314,57.78,4,23.3
3664,5813,71945,67.02,7,48227,65.15,4,7.69
3665,64795,195078,58.59,82,114346,41.54,30,10.8
3666,28729,138950,83.13,17,115538,79.71,9,6.39
3669,8115,92920,60.09,11,55850,54.68,3,17.95
3671,53,14500,87.86,7,12743,72.48,3,0.41
3672,21156,40790,54.34,19,22179,37.58,8,9.94
3673,86049,406664,42.29,70,172063,36.09,30,27.04
3674,405,17814,71.06,7,12661,65.86,5,5.17
3675,13122,53058,59.35,6,31495,55.16,2,18.65
3678,1069,26422,51.68,13,13658,35.1,5,7.15
3679,5048,63022,65.87,25,41523,54.01,13,11.97
3680,27272,96155,56.3,40,54158,43.86,21,21.36
3681,342,118704,95.07,6,112868,94.38,5,0.55
3684,6309,30305,61.44,10,18625,53.11,6,14.24
3685,12593,79574,60.32,28,48017,45.17,8,8.58
3686,62571,76495,21.57,14,16510,16.57,7,34.84
3687,36272,30124,37.33,6,11249,32.52,4,36.74
3688,3476,99176,67.87,11,67330,65.63,7,6.38
3689,34606,89459,27.98,26,25045,14.03,6,35.54
3690,1358,60356,89.17,6,53829,83.95,1,2.86
3691,13943,91883,57.52,14,52871,53.96,9,20.42
3693,28684,42991,43.37,10,18655,35.92,5,33.16
3694,12828,154929,60.6,22,93906,55.7,8,16.31
3701,49941,236669,73.63,24,174284,70.73,13,15.1
3702,92911,1727555,84.2,338,1454952,79.22,199,5.72
3703,35108,823216,72.54,108,597228,68.37,50,8.24
3704,42449,415445,66.14,80,274843,60.1,41,14.11
3705,26960,266423,68.56,71,182714,61.11,42,10.32
3706,206897,1327212,51.99,133,690248,48.86,67,23.92
3707,85571,400479,52.39,46,209855,50.21,32,27.62
3708,46404,92365,52.37,27,48397,41.71,10,24.13
3709,6841,125569,73.68,21,92547,67.07,8,8.93
3710,48049,287251,31.81,78,91452,21.74,27,16.26
3711,322656,4470572,87.19,802,3898919,82.01,434,5.32
3712,30617,246242,54.48,22,134201,52.65,15,19.52
3713,4273,88099,56.1,31,49435,43.68,11,8.15
3714,165406,737940,41.47,115,306149,36.35,52,26.06
3715,92134,283575,38.37,65,108881,31.09,31,36.08
3716,53747,149766,54.0,34,80893,46.5,15,22.06
3717,47564,210948,45.36,60,95732,35.55,23,19.73
4102,37750,42373,45.69,12,19369,32.85,4,15.0
4104,45061,188367,45.47,25,85674,40.06,8,25.4
4105,52967,248650,47.08,66,117115,37.92,31,18.37
4106,16553,100912,50.85,17,51329,46.15,8,21.85
4107,13496,69298,61.9,24,42905,52.08,14,12.3
4108,54946,198619,30.19,28,60018,24.14,8,23.1
4109,43774,118737,42.92,25,50994,36.08,11,17.69
4111,46541,59832,43.09,25,25793,31.85,14,16.78
4113,20322,231138,74.43,75,172089,64.01,34,4.94
4114,74336,510176,42.97,105,219330,36.24,47,15.11
4115,972,60000,75.58,16,45359,69.36,10,3.16
4116,4588,44566,54.95,3,24492,54.95,3,18.95
4117,6336,70824,54.0,25,38258,37.83,7,14.54
4118,202,29993,90.11,1,27027,90.11,1,1.25
4119,27354,119509,46.54,15,55641,42.94,8,18.28
4120,7699,86747,70.69,20,61338,63.79,12,9.08
4121,51542,83111,49.87,20,41457,44.24,12,23.8
4123,47341,769544,57.34,165,441371,50.42,79,12.06
4125,218,1934,0,0,0,0,0,29.72
4126,22619,72600,63.18,25,45875,53.84,14,15.51
4127,26693,45760,76.03,20,34804,57.99,7,7.67
4128,100382,588171,43.87,68,258164,39.77,27,15.65
4129,34290,96438,58.35,33,56286,47.23,14,11.02
4130,44879,137888,64.77,16,89337,61.95,9,12.64
4131,3551,39879,76.11,5,30361,72.24,2,5.62
4132,42833,187941,46.63,49,87674,38.33,23,11.76
4133,54442,60554,22.84,10,13841,18.53,5,39.89
4135,511,26465,65.43,14,17322,44.13,5,3.75
4136,95,36147,99.3,4,35897,97.87,3,0.34
4137,7327,82492,54.69,17,45133,46.91,6,14.85
4138,21342,39930,51.42,4,20535,51.42,4,25.47
4139,1203,45010,67.79,22,30523,48.01,9,3.4
4140,473,3039,0,0,0,0,0,30.87
4142,85290,429508,39.51,81,169804,33.03,36,22.18
4147,47834,273202,52.11,64,142412,43.9,28,13.79
4148,2308,67236,79.49,11,53448,78.12,9,5.85
4150,31330,147218,42.11,54,62020,27.16,15,9.66
4151,642,50026,78.35,13,39203,71.12,7,2.65
4153,5293,58668,76.43,15,44850,71.87,11,8.69
4154,896,38390,76.98,16,29560,65.87,8,2.87
4155,35571,144684,44.04,39,63755,34.02,15,16.9
4156,895,56540,71.87,14,40643,67.51,10,4.15
4157,32263,711834,58.76,111,418400,52.34,36,9.03
4160,34529,26690,29.63,3,7910,25.36,1,32.95
4161,5242,59808,44.2,24,26441,26.74,8,11.47
4162,47348,145678,45.88,22,66858,39.95,9,21.61
4163,25093,50680,70.4,22,35688,62.53,15,9.48
4164,19066,195311,51.82,55,101254,42.04,24,16.54
4166,4060,243035,82.23,25,199896,79.19,13,3.22
4167,56352,310444,40.52,71,125861,33.09,33,16.6
4168,50396,112521,26.7,24,30066,20.1,10,22.86
4169,3861,66432,54.66,23,36320,46.09,13,9.32
4170,6524,43771,57.92,15,25358,42.55,6,9.41
4171,37798,58057,32.77,10,19042,27.73,6,25.56
4172,24351,119576,38.92,25,46566,29.99,8,11.22
4173,30248,74574,44.71,7,33356,40.0,1,20.76
4174,42517,131580,42.7,34,56202,35.59,18,23.97
4175,11501,42323,56.05,7,23724,54.98,6,22.69
4177,2160,62805,59.03,17,37091,48.19,6,7.92
4178,4855,215867,78.0,46,168425,72.41,26,4.09
4181,1743,2138,0,0,0,0,0,59.54
4183,1196,23800,62.02,13,14768,42.59,5,8.75
4184,644,39183,92.03,1,36064,92.03,1,1.69
4186,4759,90000,45.54,35,41007,25.98,9,10.26
4188,4701,63333,54.32,12,34410,47.92,4,12.02
4190,16805,61446,65.82,12,40451,62.15,9,15.77
4191,2529,100170,63.05,31,63165,48.78,9,5.6
4192,4675,35164,68.06,3,23937,66.6,2,13.72
4193,5424,67616,49.22,25,33296,33.69,6,3.86
4194,3332,145974,76.97,25,112370,73.12,14,5.28
4195,28588,80000,38.61,22,30899,31.23,13,16.57
4197,2287,30181,65.84,21,19874,40.26,7,5.52
4198,2713,24108,80.72,4,19462,76.66,3,6.55
4205,11046,97649,65.93,32,64412,58.94,21,14.49
4207,8824,198538,71.98,52,142934,63.47,23,5.57
4303,35723,94605,19.1,9,18095,13.92,2,35.56
4304,3547,61038,81.91,15,50005,74.64,7,3.95
4305,1708,55014,84.73,26,46626,74.81,19,4.45
4306,91061,676757,57.25,112,387547,51.48,45,10.25
4401,12788,122692,61.98,50,76068,46.84,23,8.98
4402,41312,67992,66.15,17,44986,60.46,10,8.08
4404,7881,112286,35.72,25,40130,26.89,7,14.69
4406,1576,51912,75.55,20,39230,60.22,7,3.6
4408,4016,67628,35.73,14,24171,30.36,8,12.67
4413,1658,31315,69.28,15,21700,52.58,6,4.65
4414,23024,263796,64.18,49,169337,56.61,17,9.3
4415,4362,43577,85.04,11,37066,76.68,5,6.77
4416,2008,73586,76.7,36,56456,62.66,19,4.59
4417,8517,83971,46.24,20,38848,37.07,7,17.04
4419,5258,169163,96.85,7,163862,95.09,3,0.79
4420,8243,40455,59.14,8,23931,54.11,4,23.65
4424,2557,60106,66.3,16,39856,62.05,11,5.48
4426,9700,172677,61.39,31,106039,54.12,12,10.4
4427,967,212542,87.41,55,185828,78.71,24,0.93
4430,8714,56274,63.3,20,35626,53.29,11,16.11
4431,2174,36536,67.2,4,24556,61.81,1,11.55
4432,5003,50589,55.22,12,27942,45.44,4,12.18
4433,10188,61300,57.06,11,34991,52.24,6,16.49
4438,4602,113425,66.36,39,75296,50.12,10,7.12
4439,1214,38115,78.51,14,29927,69.8,9,4.96
4440,3983,67598,56.44,43,38162,28.48,11,13.03
4441,2263,68176,73.2,30,49918,58.87,13,4.87
4442,907,32313,76.89,20,24851,42.83,4,4.19
4502,3912,57470,69.52,14,39963,56.32,3,6.0
4503,6808,78313,64.81,13,50769,59.81,6,13.1
4506,11441,177012,80.22,28,142031,74.82,12,8.28
4510,60548,108978,36.94,20,40284,29.65,6,36.09
4513,44504,143762,56.23,13,80860,53.39,5,15.63
4523,35702,64949,59.04,18,38357,51.8,10,13.32
4526,59997,254826,52.21,65,133079,44.8,36,23.63
4527,4492,76152,66.62,25,50746,61.67,18,10.16
4528,13634,84166,62.84,13,52906,60.34,9,19.15
4529,8858,84549,58.7,14,49656,52.78,5,12.08
4530,7297,35795,73.05,6,26158,64.46,1,6.02
4532,19852,494895,69.77,92,345371,64.85,54,8.19
4533,69193,158434,29.11,25,46158,23.03,8,36.28
4534,20365,86789,39.59,22,34377,29.36,7,23.07
4535,7186,75662,77.41,21,58593,69.62,12,4.83
4536,7543,90820,55.04,41,49999,37.17,14,12.94
4537,2136,78840,82.0,16,64659,76.98,10,4.29
4538,1712,59470,80.4,15,47829,71.63,7,3.96
4540,40820,115187,31.78,21,36631,26.46,12,40.54
4541,43928,67647,39.19,20,26523,31.19,11,28.81
4542,4281,35248,56.03,24,19756,27.04,7,14.1
4543,22385,59772,46.63,13,27875,42.26,9,24.29
4544,1583,60290,67.46,20,40685,49.87,2,1.88
4545,21529,77000,73.02,8,56236,70.75,5,9.71
4546,1352,33775,60.15,12,20318,48.82,5,6.54
4547,302,23349,84.76,7,19792,72.34,2,2.65
4549,7673,57002,61.62,13,35134,58.74,10,17.42
4550,3295,37839,55.76,11,21107,49.01,7,15.42
4551,4281,115222,82.61,29,95209,78.33,21,4.21
4552,28540,116000,50.53,20,58624,44.52,8,12.06
4553,486,33020,86.83,14,28675,76.79,8,2.5
4554,2436,26327,52.18,7,13739,50.62,6,14.59
4555,4325,69988,69.84,13,48893,65.67,8,10.79
4556,2843,42303,75.19,11,31810,73.13,10,8.93
4557,27547,47972,44.02,21,21129,28.53,8,12.69
4558,1606,50000,73.88,33,36949,50.01,13,6.32
4559,640,60000,88.04,17,52838,79.9,10,1.95
4560,2448,68097,86.91,13,59195,83.6,9,3.44
4561,8866,58522,58.21,12,34078,52.04,7,24.71
4562,12239,87546,51.94,12,45474,50.08,9,28.66
4563,6608,54950,54.26,11,29826,49.6,7,21.93
4564,46980,232788,43.11,55,100415,35.88,27,19.01
4565,1418,61740,79.92,24,49351,66.05,12,2.34
4566,26140,110091,52.56,21,57881,49.85,16,26.12
4568,1617,31730,68.81,8,21837,59.34,3,7.44
4569,2058,30600,66.34,11,20305,52.36,5,7.69
4570,200,44000,95.01,16,41813,87.51,12,0.6
4571,6446,53017,66.16,21,35089,55.52,11,15.52
4572,3581,40000,64.19,11,25680,61.91,9,9.79
4573,10533,41697,41.98,14,17505,28.38,5,24.52
4575,791,38668,68.55,17,26515,53.56,8,3.29
4576,25069,119802,66.06,29,79157,60.86,20,18.27
4577,7491,49138,60.9,9,29931,56.33,5,23.13
4578,691,20300,97.0,3,19693,92.28,2,1.48
4580,5092,46803,49.18,17,23024,37.6,10,18.44
4581,1665,33899,62.95,15,21344,46.35,8,8.82
4582,2663,75480,56.52,26,42681,43.92,11,7.43
4583,6881,80171,86.78,10,69586,81.82,4,4.44
4584,1055,30002,80.09,13,24034,69.26,9,4.31
4585,18780,104609,76.7,3,80246,76.14,2,16.37
4587,1006,33000,88.23,5,29118,88.23,5,3.28
4588,5270,42985,50.32,15,21638,37.49,8,21.17
4589,611,25968,69.03,11,17930,45.36,1,3.67
4590,10075,54838,49.74,19,27291,36.8,9,15.88
4609,1754,47947,75.94,25,36424,63.41,15,3.96
4702,14288,72333,50.76,8,36725,46.49,2,22.81
4703,9153,65750,26.08,7,17164,22.53,3,26.95
4706,2147,79030,82.65,15,65335,77.15,8,2.48
4707,27046,403715,71.14,61,287280,65.36,25,8.08
4711,7600,61056,60.01,10,36653,53.42,4,15.73
4712,3612,18423,45.99,2,8473,43.69,1,17.23
4714,51395,178088,21.14,20,37675,15.96,5,27.36
4716,42596,94427,39.06,30,36904,26.43,11,19.57
4717,1001,155,0,0,0,0,0,99.98
4720,13902,114516,39.26,26,44975,33.59,14,24.92
4721,57210,74986,38.11,19,28589,29.61,8,37.14
4722,13297,103765,61.85,49,64200,45.74,21,9.56
4724,3124,95976,58.98,27,56634,46.33,8,7.67
4726,12969,207042,57.81,42,119736,50.27,15,12.67
4727,349,7278,18.79,3,1368,0,0,8.58
4728,16918,54463,84.52,36,46042,64.13,18,2.34
4729,7467,79227,52.17,13,41345,46.44,6,18.55
4730,1063,27868,69.84,13,19466,57.91,7,4.79
4732,1591,49614,66.52,30,33009,46.45,13,6.43
4734,371,10237,14.95,2,1532,0,0,6.16
4735,37725,41569,53.36,15,22187,42.93,8,19.56
4736,14217,95374,49.9,15,47614,44.87,8,23.46
4737,11008,77398,61.6,26,47694,48.7,9,5.98
4738,3627,77596,58.39,7,45319,54.05,1,11.54
4739,56325,124651,42.34,31,52808,32.17,10,26.47
4741,12179,34812,45.94,9,15997,40.07,5,16.29
4743,81260,480458,45.97,75,220949,41.3,34,17.5
4744,33454,56948,51.51,25,29344,35.21,11,13.09
4745,3153,69706,64.17,24,44741,57.03,16,7.5
4746,43623,120256,42.46,39,51080,31.97,19,21.57
4747,2118,45461,66.19,23,30101,50.34,11,6.39
4749,56654,92733,36.44,26,33815,25.49,10,30.59
4752,1066,84413,89.55,6,75611,86.97,2,3.03
4754,23096,30283,36.69,6,11112,28.46,3,24.16
4755,7995,100706,71.13,20,71655,64.76,9,10.76
4758,396,29217,92.13,6,26925,84.79,2,1.23
4760,10654,32218,42.47,11,13687,34.82,6,22.45
4762,139,20720,99.67,8,20653,97.29,7,0.25
4763,56065,989147,59.9,111,592657,55.43,43,11.39
4764,6556,85542,75.48,30,64582,65.74,17,7.51
4765,928,32133,55.11,16,17715,39.21,6,5.96
4766,11469,120571,69.66,27,84017,62.87,14,9.7
4767,908,31415,64.05,12,20126,46.88,5,4.95
4768,16930,47488,34.24,16,16273,19.49,4,30.73
4770,10045,79976,62.91,22,50328,59.5,18,15.11
4771,4271,58734,59.28,22,34832,45.59,9,10.14
4772,33894,147682,49.36,26,72915,41.82,9,24.65
4773,228,72709,94.99,14,69091,92.29,11,0.25
4801,786,47201,98.7,2,46594,97.82,1,0.23
4802,296,18854,87.92,2,16579,85.36,1,2.38
4803,5716,59069,57.43,8,33936,55.13,6,14.81
4804,30106,71992,62.0,11,44648,54.88,3,10.09
4806,17972,99947,88.89,10,88854,85.88,4,2.13
4807,14643,48996,69.66,17,34138,63.34,12,9.44
4903,46684,105344,42.63,13,44933,36.69,2,31.26
4904,86252,3607705,93.72,384,3381759,91.04,234,2.53
4905,2026,29260,81.61,18,23883,63.65,10,6.02
4906,93855,451846,30.91,85,139753,25.11,41,30.55
4907,2945,118146,84.95,8,100389,83.76,6,3.58
4908,34223,78217,53.63,20,41961,44.3,10,26.64
4909,64209,93357,26.3,14,24567,21.82,7,42.29
4911,3478,63720,57.56,19,36687,46.72,8,8.35
4912,26046,66993,50.66,24,33950,36.97,7,15.06
4913,475,9667,25.75,3,2490,0,0,11.98
4914,226,10000,77.04,5,7705,61.66,2,4.01
4915,29449,471881,65.86,129,310847,58.41,76,13.0
4916,71508,124083,35.72,25,44350,30.93,15,37.65
4919,68982,451282,65.44,53,295373,61.39,24,21.18
4920,107,41779,93.69,6,39149,86.74,1,0.35
4922,4565,44994,25.41,12,11446,11.79,2,17.24
4923,31158,36937,35.13,13,12985,23.63,6,22.43
4924,1413,37164,70.85,18,26341,56.54,10,5.71
4925,5403,70952,48.26,31,34261,30.79,10,12.83
4927,61671,264938,26.64,61,70643,18.31,23,27.26
4929,384,234,0,0,0,0,0,38.45
4930,33878,80000,63.62,13,50908,58.75,7,17.99
4931,63194,65566,29.72,18,19496,16.65,5,46.01
4932,311,2020,0,0,0,0,0,40.02
4933,5926,82663,63.23,11,52282,59.63,6,13.13
4934,70767,225000,35.32,24,79499,30.55,8,24.11
4935,8169,128864,62.68,25,80792,56.83,14,13.81
4938,159194,2682044,77.8,409,2087302,73.31,218,10.45
4939,63655,98201,33.71,21,33118,24.58,6,35.21
4942,6623,142368,62.56,41,89084,54.52,22,10.47
4943,22087,126694,64.28,27,81462,53.36,6,14.37
4946,8352,8853,42.58,1,3770,42.58,1,37.37
4949,11502,67752,51.27,26,34751,40.85,13,21.69
4950,6666,57729,71.81,4,41467,68.13,1,6.26
4951,11730,34149,19.3,8,6594,4.48,1,34.96
4952,15076,108816,52.86,10,57544,49.72,4,25.76
4953,34620,73147,47.91,19,35051,39.2,8,24.04
4956,42624,100408,38.21,19,38382,32.46,9,33.7
4958,186036,1102581,73.81,242,814029,66.87,121,13.68
4960,90816,571705,62.12,89,355253,57.35,47,15.69
4961,42275,121254,42.93,30,52072,33.91,13,29.74
4963,445,75455,83.64,9,63121,82.03,7,1.43
4966,27807,78958,41.02,34,32411,23.52,11,23.7
4967,67041,96592,22.8,23,22038,11.8,6,49.36
4968,57017,92210,19.38,18,17884,10.44,4,46.85
4969,11537,190978,55.63,56,106284,44.91,23,6.89
4971,35396,39986,34.45,20,13782,7.04,2,31.58
4972,15663,56889,49.29,21,28051,36.28,10,24.63
4973,50276,65293,25.01,13,16350,16.25,4,41.3
4974,43177,72500,41.71,6,30253,39.73,3,29.9
4975,1026,326577,96.31,11,314557,95.92,8,0.73
4976,44836,141351,31.09,19,43963,25.07,6,35.5
4977,49085,82690,19.23,12,15922,10.73,2,49.21
4978,67,5000,82.32,1,4116,82.32,1,2.2
4979,89729,142802,38.76,39,55384,26.29,12,38.33
4980,2403,45204,58.12,14,26282,50.4,7,10.69
4987,1886,31878,80.38,1,25626,80.38,1,8.57
4989,42257,137776,23.05,20,31787,17.94,9,48.55
4990,3288,102734,53.4,32,54862,43.96,17,7.95
4991,52584,120964,57.92,40,70070,45.34,14,21.81
4992,1034,210050,82.08,38,172445,76.89,22,1.01
4994,2214,66383,85.55,29,56799,80.66,23,3.29
4995,5154,42592,66.42,21,28300,51.31,11,8.71
4996,784,99070,77.8,37,77094,65.91,19,0.92
4997,272,14665,42.96,8,6303,17.41,2,3.49
4999,46295,74417,41.06,25,30566,27.29,10,26.08
5006,14044,97071,10.19,8,9904,7.78,3,21.34
5007,4919,294940,87.77,44,258900,84.73,28,2.0
5009,82089,602471,49.39,97,297675,45.1,52,18.35
5011,34103,100674,49.08,32,49429,37.19,14,15.63
5013,9041,133416,86.95,43,116039,80.86,31,2.35
5014,52406,183265,37.45,51,68670,26.73,20,20.1
5015,26689,60639,51.89,19,31482,42.13,9,20.18
5016,2797,49622,65.97,15,32747,59.95,10,10.48
5017,6873,321,0,0,0,0,0,82.21
5201,13672,38675,56.04,18,21678,33.2,6,10.51
5202,43960,89094,54.12,14,48231,48.73,7,17.61
5203,31683,79343,45.67,20,36250,34.19,6,18.48
5204,1379,6414,18.45,1,1184,18.45,1,20.32
5205,1745,13500,74.44,2,10051,71.26,1,7.83
5206,3636,171518,85.6,32,146863,80.32,16,2.99
5207,2910,15834,38.6,8,6114,14.82,2,12.01
5209,4158,28567,55.34,4,15813,53.29,3,18.26
5210,39260,82178,44.47,18,36560,35.91,6,13.37
5211,7625,32025,47.96,12,15361,40.88,7,23.77
5212,10045,34633,79.85,16,27657,67.03,9,6.36
5213,21473,721334,86.25,83,622347,84.21,57,4.48
5215,5466,64338,52.98,22,34100,42.71,11,16.29
5216,401,17847,82.4,11,14710,57.64,4,2.85
5220,7717,39667,43.55,19,17284,19.61,5,16.79
5221,347,5573,11.3,1,630,0,0,15.82
5222,33577,91095,32.69,25,29791,22.74,10,27.84
5223,2811,44550,62.06,12,27656,54.11,7,13.56
5225,8530,79136,46.63,13,36919,39.29,4,20.56
5226,400,23300,52.74,11,12293,31.51,3,4.34
5227,58753,68000,16.64,6,11330,12.87,2,37.82
5228,3444,38056,55.84,13,21256,47.95,7,15.28
5229,129,58238,96.46,13,56185,89.33,6,0.41
5230,29656,55977,25.24,17,14137,10.33,4,31.16
5233,3000,277249,85.35,23,236705,82.42,10,2.36
5234,11497,102716,65.1,19,66883,59.35,9,9.54
5236,6793,60004,63.65,7,38199,60.89,4,15.02
5238,692,67296,83.45,15,56167,78.59,9,2.2
5239,601,24700,30.08,8,7434,16.98,3,5.26
5240,510,26582,53.87,16,14324,30.36,5,2.65
5242,1117,124895,72.27,45,90289,58.57,18,1.89
5243,31598,168529,58.76,34,99054,51.23,13,21.0
5244,9988,68242,48.01,32,32776,28.98,11,19.7
5245,3965,45127,57.85,18,26117,40.74,7,16.5
5246,8937,44793,35.46,11,15890,27.12,4,26.04
5247,511,75000,75.92,12,56951,68.74,5,1.47
5248,1864,24500,63.24,6,15496,61.52,5,14.06
5250,209,39107,97.08,1,37967,97.08,1,1.0
5251,35477,33733,33.43,4,11284,29.21,2,39.03
5253,224,40943,81.05,20,33194,58.2,5,0.96
5254,677,22607,75.83,8,17145,70.48,6,4.99
5256,1873,71602,69.68,25,49908,61.23,15,4.55
5257,809,132750,79.64,27,105735,73.71,13,1.25
5258,25847,110365,50.3,40,55535,36.05,14,16.63
5259,2365,43563,82.06,8,35757,74.45,3,5.69
5262,8043,52699,54.33,23,28642,31.97,5,6.11
5263,26652,73937,55.83,30,41294,45.51,16,12.43
5265,123,1207,0,0,0,0,0,22.11
5267,1364,25300,62.14,13,15723,46.59,5,8.75
5269,39487,74157,55.56,10,41219,51.61,5,26.14
5271,8225,63472,29.49,13,18731,20.52,4,24.53
5272,45704,55276,23.13,14,12793,10.26,3,36.28
5274,37549,37803,33.99,13,12854,19.07,3,11.82
5275,144,10264,30.86,6,3169,0,0,2.11
5276,979,39500,88.13,6,34817,85.29,4,4.37
5278,4446,300000,82.48,70,247517,77.36,45,2.73
5282,278,25006,85.81,10,21463,59.25,1,0.6
5283,27464,87601,61.35,24,53747,52.83,14,20.21
5284,9388,52893,57.0,12,30160,52.08,7,18.02
5285,14582,102041,57.73,29,58936,48.99,16,22.23
5286,910,14745,79.97,6,11795,69.95,4,4.81
5287,9953,60311,59.32,22,35791,47.17,10,21.35
5288,3095,69699,69.19,15,48241,59.84,4,7.28
5289,60457,96361,39.76,31,38327,27.81,11,24.57
5291,5097,39891,48.3,22,19276,22.25,5,21.29
5292,7150,42108,52.77,17,22232,39.96,8,15.37
5294,60,82,0,0,0,0,0,86.86
5295,156,29140,86.34,15,25168,71.08,8,0.75
5296,469,21595,35.92,7,7760,27.24,4,5.13
5297,8696,37652,19.56,9,7371,10.78,3,35.92
5299,16964,50889,51.3,10,26119,44.98,5,26.27
5301,4043,65890,80.8,11,53245,73.52,4,4.94
5302,13233,159888,51.17,20,81843,46.19,7,17.45
5304,32313,326962,88.1,23,288108,86.33,13,6.18
5306,12313,126001,69.23,23,87243,64.41,11,12.59
5307,35152,423153,41.15,93,174202,32.16,31,16.04
5309,70836,230967,38.7,32,89402,32.39,10,32.89
5310,7183,28944,58.51,15,16941,38.38,5,6.46
5312,5861,60060,55.61,17,33407,50.7,13,13.71
5314,50707,292000,45.16,38,131944,41.26,19,26.78
5315,51108,106352,33.03,29,35152,23.76,13,22.06
5321,8139,53180,57.1,22,30379,43.45,9,13.38
5324,21349,226379,79.06,46,179012,73.27,25,4.98
5325,20424,55520,33.45,8,18575,27.51,3,38.13
5328,67586,172711,49.55,29,85594,43.59,12,30.44
5336,2961,2224,0,0,0,0,0,68.94
5340,27316,194894,61.34,34,119583,53.35,8,20.89
5344,6797,79447,75.58,7,60051,73.54,4,10.67
5345,6413,37795,78.88,2,29814,78.88,2,7.13
5346,263575,1366161,37.65,306,514479,27.98,88,20.14
5347,85415,1879568,87.35,267,1641933,83.7,161,5.63
5348,1791,14776,56.32,6,8324,40.79,2,9.21
5351,113295,328633,35.41,58,116435,28.49,25,31.34
5353,6711,75765,55.42,30,41999,37.82,10,14.08
5355,32631,166123,70.38,44,116948,62.63,25,7.16
5356,52903,103040,44.05,23,45414,39.58,16,22.18
5364,7395,63850,69.51,13,44393,61.31,3,5.87
5371,100157,390981,43.38,54,169685,39.22,26,32.09
5372,5397,48620,23.53,13,11446,12.37,4,24.43
5376,3812,33732,33.68,9,11368,23.82,3,17.23
5381,27127,207835,55.21,31,114794,48.13,9,19.36
5385,8319,11156,23.81,2,2657,18.19,1,43.94
5386,27311,36081,35.61,6,12856,28.28,2,34.4
5387,141677,45000,91.32,2,41100,90.18,1,7.18
5388,33686,304343,51.3,103,156199,40.7,50,19.73
5392,66390,176562,33.96,17,59996,29.25,5,32.75
5395,2243,1760,0,0,0,0,0,41.07
5398,39636,49465,57.74,19,28568,43.78,9,7.72
5403,9696,78176,47.47,35,37120,29.89,12,19.32
5410,56989,92996,37.54,24,34927,27.69,10,27.8
5414,5082,68584,59.71,20,40960,48.1,7,10.26
5425,104009,263485,40.38,51,106438,34.07,25,36.98
5426,35784,143800,56.85,25,81768,52.77,16,21.23
5432,5552,20688,54.1,4,11196,51.4,3,28.14
5434,30237,194008,53.94,73,104685,39.87,31,14.36
5438,38036,112537,75.39,12,84852,74.2,9,9.95
5439,33761,92977,45.94,31,42725,35.26,17,27.54
5442,4831,64865,20.62,12,13385,14.59,5,16.15
5443,67552,164747,38.82,20,63978,33.99,6,37.03
5450,11728,122403,81.25,12,99465,78.42,6,5.54
5452,69120,148764,44.17,24,65731,38.94,10,28.71
5455,3476,65502,93.99,25,61570,89.0,20,1.65
5457,17337,196429,53.73,33,105582,48.86,17,16.99
5460,31624,58778,56.18,27,33037,39.43,12,15.81
5464,4316,71071,72.45,24,51502,61.8,14,7.58
5465,7949,147683,72.2,17,106641,68.79,8,11.29
5467,1836,85552,86.4,11,73931,82.8,6,2.84
5468,6325,58923,65.26,13,38469,57.86,7,14.54
5469,37632,486166,71.91,86,349665,66.9,47,12.2
5471,66561,167877,30.19,44,50725,20.78,17,36.9
5473,2490,3043,0,0,0,0,0,78.19
5474,8207,39757,56.66,8,22534,48.5,4,26.69
5475,52130,127127,40.63,25,51664,35.7,14,32.52
5478,41147,156074,79.28,29,123781,73.08,16,9.5
5481,42397,71403,64.9,23,46357,54.33,11,8.0
5483,127417,641222,60.31,152,386879,53.64,83,20.07
5484,34231,66801,38.65,12,25831,34.11,7,37.96
5487,7174,24223,71.05,15,17215,47.63,7,7.4
5488,40459,91586,44.49,27,40760,37.74,16,15.14
5489,3232,102706,84.99,13,87291,82.63,8,4.32
5490,69953,96152,35.08,24,33759,25.66,10,24.18
5492,1375,71415,98.66,1,70463,98.66,1,1.03
5493,5571,43689,44.69,18,19537,23.38,4,19.11
5497,4840,65328,26.12,14,17079,15.5,4,16.92
5498,71382,193549,33.75,21,65384,30.25,10,38.55
5501,6094,21200,28.1,4,5959,24.3,3,20.16
5505,5927,138832,65.6,47,91106,50.89,15,7.02
5506,7581,152545,66.77,34,101882,58.45,12,6.12
5508,19047,217428,68.73,18,149500,65.91,8,14.84
5511,6045,113440,64.95,38,73689,53.5,17,9.04
5512,78857,766312,61.27,151,469629,54.77,70,9.17
5514,10433,236118,92.41,51,218246,87.52,32,1.21
5515,12250,201600,69.26,57,139656,61.05,29,8.6
5516,1823,51545,70.8,15,36507,60.51,7,4.67
5519,17278,219197,58.46,46,128190,51.51,21,16.37
5520,1220,59975,83.75,23,50242,73.58,12,2.17
5521,63887,492280,57.46,91,282983,52.54,51,10.41
5522,17848,781596,88.72,58,693607,86.61,30,4.24
5523,2616,155001,92.16,32,142884,88.62,23,1.43
5524,3915,58669,30.69,22,18017,11.6,4,16.08
5525,4708,318105,88.29,69,280919,84.12,49,2.02
5529,11371,101837,73.85,19,75229,68.33,10,5.18
5530,12638,420084,82.41,48,346270,79.41,27,4.83
5531,14957,977589,86.06,84,841557,83.51,41,3.19
5532,821,17804,31.03,8,5527,5.88,1,4.86
5533,5721,285245,80.15,78,228655,70.82,34,3.5
5534,22905,315326,69.04,86,217758,59.37,42,11.59
5536,26883,124081,59.3,63,73606,38.38,19,10.86
5538,1331,201203,94.08,21,189331,93.06,18,0.99
5541,86,26427,82.05,10,21689,76.05,7,0.26
5543,1098,46704,72.58,29,33914,46.24,9,2.82
5546,1324,82353,84.7,18,69767,77.99,9,2.47
5547,1347,45288,65.82,13,29820,54.69,6,5.13
5548,2332,57803,64.17,17,37108,57.26,11,6.1
5601,864,64800,79.41,44,51466,47.23,11,1.18
5603,29841,104877,55.07,22,57776,50.04,13,18.31
5604,11057,108783,67.08,44,72986,53.81,21,7.12
5607,17866,370553,75.41,57,279525,68.56,18,6.47
5608,90170,389276,28.79,50,112101,23.68,18,30.47
5609,38364,142884,52.22,46,74643,45.89,31,23.82
5701,52018,143000,53.51,19,76557,48.27,7,17.07
5702,1937,5294,0,0,0,0,0,45.88
5703,1988,70240,88.29,25,62024,83.83,19,3.57
5704,3545,58862,83.83,23,49355,79.45,19,7.19
5706,28415,84911,39.23,14,33327,35.26,7,30.88
5810,48679,916440,72.85,99,667858,68.96,39,7.71
5859,3615,1450278,96.77,46,1403717,96.13,31,0.51
5863,27000,320202,81.54,44,261149,77.19,23,5.18
5864,13451,454496,69.51,111,316052,60.61,47,5.4
5871,115709,1711421,69.13,356,1183329,63.25,195,10.73
5871A,8209,150000,69.66,46,104516,60.84,26,5.04
5876,54593,4861603,86.79,822,4220248,81.12,371,1.68
5878,1814,25024,71.91,11,17999,59.78,6,11.8
5880,415597,15680937,73.57,1803,11540314,69.57,731,4.79
5901,5003,22907,77.87,2,17837,77.87,2,8.64
5902,2598,94500,85.2,16,80540,81.31,10,3.58
5903,17459,223220,91.41,25,204095,88.64,16,5.36
5904,24430,106444,69.59,49,74096,51.76,18,7.95
5905,46379,281623,46.74,44,131707,40.7,16,16.83
5906,992,35741,86.27,9,30838,82.48,7,1.93
5907,5587,195531,69.36,27,135664,65.2,13,6.69
6005,110939,2170908,73.94,265,1605694,70.77,154,7.92
6015,73343,402901,50.14,82,202090,44.13,41,12.16
6016,77601,686596,51.54,144,354054,44.48,62,10.83
6020,1965,252353,96.6,10,243797,95.95,8,0.87
6021,4200,312231,90.23,47,281778,86.3,27,1.58
6023,14295,319976,86.53,24,276931,84.38,12,4.62
6024,16873,249938,68.8,31,172033,64.13,10,10.89
6026,44219,396162,48.43,92,191906,39.57,36,11.05
6027,819,155720,95.37,9,148537,93.82,6,0.46
6028,1668,25000,62.63,11,15662,50.64,5,9.18
6035,2290,71411,93.95,20,67105,83.91,9,2.2
6101,3206,115958,87.99,39,102058,79.12,25,3.67
6103,3159,13605,91.1,5,12395,83.83,3,4.29
6104,56904,91129,20.85,19,19019,12.48,6,43.81
6107,5297,87438,40.85,17,35734,34.59,8,13.79
6108,60668,154494,52.56,43,81236,42.43,19,15.6
6109,34330,87825,49.38,31,43393,36.74,16,13.54
6110,2635,29375,18.41,7,5412,7.18,2,14.26
6111,45638,108511,44.2,23,47983,39.96,16,24.75
6112,34394,188357,58.52,13,110263,55.58,5,20.93
6113,8347,52549,52.99,8,27853,52.1,7,20.75
6114,5427,43912,74.08,9,32535,65.48,3,9.12
6115,14233,187662,61.37,30,115215,56.68,17,16.54
6116,384761,2858655,42.73,191,1221988,40.3,75,26.45
6117,14632,92587,53.39,13,49445,49.06,7,25.43
6118,9121,90890,57.15,16,51960,51.7,9,19.38
6120,59862,599000,61.26,75,367017,56.61,30,12.54
6121,18562,184971,67.95,84,125700,51.84,35,10.6
6122,35965,78092,29.55,18,23092,20.48,8,28.77
6123,10461,62089,43.18,20,26820,33.39,9,21.07
6124,9075,182480,93.71,18,171039,92.3,14,4.41
6125,92072,259011,36.19,35,93777,31.17,15,35.5
6126,71480,129965,38.84,27,50495,32.7,15,32.55
6127,71194,108080,30.12,24,32568,23.13,11,41.71
6128,7618,127589,59.19,26,75558,53.52,15,11.59
6129,76179,180944,17.16,15,31086,14.03,6,37.87
6130,29370,46300,62.41,14,28903,50.27,7,8.01
6131,5937,34793,41.17,9,14331,29.61,3,17.04
6132,4754,64154,35.29,25,22649,15.59,5,15.79
6133,22209,117006,47.66,21,55789,43.85,13,23.4
6134,18052,81882,56.15,19,45997,46.64,7,19.3
6135,7563,76189,38.4,12,29266,34.22,6,13.36
6136,45640,115536,44.72,34,51694,33.39,13,20.33
6137,11245,101377,38.74,29,39284,26.62,9,15.27
6138,27105,75636,50.47,29,38182,30.68,6,18.46
6139,37810,235576,69.95,76,164829,60.08,40,11.74
6140,9979,54898,46.58,17,25586,34.47,7,26.95
6141,16125,113354,51.5,39,58400,40.21,19,17.66
6142,48967,330779,58.75,58,194378,50.8,14,10.48
6143,54226,86059,30.62,20,26365,19.12,5,40.03
6144,1512,38274,89.55,3,34277,89.55,3,5.45
6146,20658,101867,56.47,31,57548,42.89,10,14.48
6147,145211,744594,69.1,149,514632,63.96,89,18.43
6148,27889,46604,37.21,9,17347,33.68,6,34.25
6149,3075,31880,39.03,7,12445,35.09,5,15.85
6150,40371,48346,17.2,8,8326,11.78,3,45.52
6151,19344,55257,36.68,19,20283,20.53,6,23.73
6152,41814,167738,24.45,30,41030,16.98,10,27.34
6153,81171,636178,49.22,101,313249,42.77,35,17.64
6154,10850,80080,63.27,21,50676,54.44,10,16.38
6155,16438,88024,57.02,25,50223,49.53,14,26.6
6156,36899,107875,43.2,24,46626,37.2,13,19.83
6158,36458,55698,43.24,16,24097,34.42,9,21.4
6160,45211,68489,38.5,16,26379,29.69,7,25.67
6161,23460,56237,39.39,5,22164,35.28,1,26.19
6162,3807,79768,51.97,24,41468,43.87,13,10.14
6163,47363,148839,44.34,33,66016,37.38,16,25.1
6164,45987,80000,27.0,24,21611,12.95,5,29.92
6165,41516,77753,47.63,24,37045,37.18,12,14.02
6166,11886,217779,77.75,64,169378,69.25,33,6.97
6167,28950,146000,43.85,35,64052,35.74,16,18.73
6168,35271,205762,48.3,23,99425,46.25,16,26.58
6169,40868,23395,30.53,4,7144,26.44,2,30.54
6170,33073,97260,56.77,23,55235,50.79,13,17.06
6171,2372,100000,87.72,23,87732,79.36,11,2.97
6172,1902,30000,88.76,9,26631,82.71,7,5.51
6173,47172,171200,68.19,29,116771,62.04,13,18.22
6174,9480,50000,61.81,13,30913,56.8,8,19.53
6175,21634,150122,63.15,29,94835,55.93,10,22.36
6176,72462,465027,50.2,133,233562,41.44,68,24.28
6177,21494,471891,75.21,125,355021,66.56,63,6.89
6179,50052,177325,41.79,49,74159,30.65,18,18.38
6180,57585,175494,49.54,30,86986,45.56,19,27.8
6181,3950,45630,11.85,6,5416,6.88,2,16.59
6182,167530,620768,42.01,111,260879,37.17,65,29.57
6183,37427,150000,77.43,32,116165,71.06,17,5.77
6184,7744,162128,72.4,30,117409,67.84,18,8.85
6185,46549,149868,53.07,48,79561,40.03,16,14.23
6186,57581,194908,52.01,33,101410,46.56,16,13.41
6187,58082,98263,51.27,44,50388,32.98,15,19.0
6188,69590,278359,43.79,37,121954,37.7,10,31.07
6189,65391,263826,32.71,66,86335,22.21,27,28.86
6190,60697,195376,36.5,41,71345,28.71,18,35.49
6191,86356,499303,55.34,60,276475,51.18,27,24.27
6192,8158,96156,57.12,38,54942,45.48,20,12.24
6193,8879,177808,61.35,38,109133,56.65,25,9.89
6194,5000,48000,53.69,19,25782,33.32,5,15.02
6195,11385,50193,53.24,7,26729,52.4,6,25.58
6196,30572,220330,72.39,45,159558,66.61,26,11.8
6197,47283,123439,48.13,28,59431,39.96,11,27.92
6198,6569,171400,94.21,8,161516,92.89,4,1.47
6199,2032,61760,79.85,20,49321,75.04,15,4.37
6201,5904,89200,69.11,21,61660,61.43,11,11.73
6202,59018,230388,39.66,48,91426,32.39,20,30.3
6203,10102,82401,59.19,16,48779,52.21,6,22.66
6204,22072,23102,29.71,3,6867,25.64,2,44.36
6205,13429,82236,46.85,25,38536,40.69,17,27.38
6206,17055,143062,52.5,43,75135,41.92,19,19.62
6207,67909,92526,20.51,19,19002,12.34,6,55.0
6208,12547,94462,63.6,42,60095,50.87,23,17.56
6209,60025,181888,41.19,50,74963,33.08,27,32.64
6210,3115,35048,54.11,16,18968,36.44,7,17.18
6212,989,102000,91.79,27,93638,86.12,18,1.02
6213,69782,363597,65.32,71,237617,59.09,37,18.83
6214,57038,272243,56.05,71,152646,46.14,30,21.75
6215,56181,82790,31.9,13,26419,27.63,7,41.94
6216,32434,97296,39.66,27,38602,29.85,10,24.48
6217,82289,117210,29.51,27,34604,21.33,13,44.63
6218,28392,64262,47.45,18,30512,37.28,7,27.06
6219,5916,124967,68.83,21,86037,64.64,12,7.39
6220,34799,146463,63.34,54,92784,52.35,27,10.1
6221,31340,168601,74.62,21,125846,71.28,12,6.94
6222,1856,95689,90.1,11,86233,84.52,3,2.13
6223,48141,97981,49.95,32,48961,39.29,14,9.95
6224,43556,85645,38.3,24,32826,24.5,8,26.25
6225,5586,27800,65.08,7,18097,55.2,2,7.21
6226,46487,115535,29.68,27,34310,20.99,11,29.52
6227,7558,76112,73.03,8,55590,69.2,2,13.54
6228,1891,26000,80.44,5,20917,75.5,3,8.59
6229,30603,40361,36.11,6,14580,32.77,4,25.29
6230,7573,86343,87.81,3,75819,87.81,3,7.2
6231,25458,45652,34.19,11,15615,26.24,5,32.39
6232,36930,451582,18.66,60,84326,13.34,18,18.33
6233,62105,81022,29.81,20,24165,18.96,6,35.68
6234,31449,100386,54.37,21,54602,50.67,14,23.41
6235,61772,199906,40.53,23,81043,36.38,9,29.18
6236,911,41654,92.64,4,38594,87.98,1,1.65
6237,72624,79645,20.09,12,16020,15.43,6,43.54
6239,173716,759147,66.81,178,507346,60.62,100,18.76
6240,1077,22867,82.71,9,18920,70.93,5,4.81
6241,29435,48700,47.64,10,23209,38.71,3,15.49
6242,3199,31806,63.66,7,20252,55.47,3,13.67
6243,59241,45269,23.69,7,10735,17.67,2,45.78
6244,96173,387042,33.62,68,130249,28.42,32,30.38
6245,20526,146608,45.15,26,66214,39.4,12,22.56
6246,32618,37851,62.99,7,23847,53.99,1,13.13
6248,32342,99956,49.26,24,49258,43.97,15,16.82
6249,207,2867,14.82,1,425,0,0,16.21
6250,1161,18249,70.88,2,12937,67.95,1,6.96
6253,453,5879,0,0,0,0,0,15.31
6254,518,30882,49.51,13,15294,36.43,6,3.4
6256,458,1845,0,0,0,0,0,52.68
6257,110999,483912,51.6,145,249804,42.13,71,22.74
6259,9289,28056,44.38,4,12454,41.09,2,20.76
6261,56222,128498,37.43,27,48123,29.7,12,31.85
6262,1345,20453,28.66,5,5866,16.8,1,16.11
6263,11398,62501,43.35,7,27100,40.96,4,27.09
6264,4234,136355,71.66,28,97745,67.29,18,5.67
6265,39822,118172,46.0,16,54386,40.92,6,27.75
6266,45899,153872,38.79,37,59712,31.0,18,19.71
6269,78974,323831,35.81,70,116038,28.24,30,29.93
6270,33043,72146,46.28,20,33403,40.14,12,25.79
6271,56924,209058,54.73,64,114468,46.88,38,24.08
6272,5058,81764,51.48,34,42109,35.72,14,12.94
6274,93287,299257,67.03,98,200643,56.23,49,14.94
6275,36799,80345,29.75,16,23920,23.41,7,35.35
6276,29522,22043,50.81,6,11201,48.97,5,26.9
6277,10397,119471,55.27,40,66060,43.4,17,17.66
6278,42047,292398,65.02,101,190186,53.71,49,19.39
6279,21423,119016,45.16,36,53771,35.6,18,25.27
6280,172,65492,99.95,1,65460,99.95,1,0.04
6281,10411,99173,55.84,37,55399,43.58,17,19.23
6282,162053,856101,46.34,124,396895,42.1,63,28.51
6283,15507,148981,62.83,21,93625,57.61,7,14.11
6284,51991,148980,52.86,23,78788,47.53,9,26.61
6285,96669,483664,64.12,112,310205,57.88,64,20.64
6287,4210,121451,94.0,7,114178,93.08,5,2.42
6289,10250,524,0,0,0,0,0,54.73
6290,57079,169650,42.23,51,71694,32.13,25,31.9
6291,9910,42000,65.35,7,27448,62.85,5,14.57
6292,7292,46601,45.71,7,21308,39.7,3,28.61
6294,12201,26047,37.16,4,9679,33.46,2,31.67
6295,350,1915,22.01,1,422,0,0,20.7
6299,123,25576,98.35,1,25154,98.35,1,0.71
6402,2019,58265,63.95,24,37276,48.86,10,4.08
6403,2577,15332,41.54,1,6369,41.54,1,13.4
6404,9036,24358,67.09,5,16343,63.48,4,9.82
6405,6940,65800,50.86,21,33475,36.33,8,18.52
6406,1073,35647,58.18,5,20744,53.35,2,8.78
6407,6428,75130,35.94,17,27011,28.07,8,19.69
6409,16539,87704,62.39,37,54730,46.53,16,11.03
6411,56690,99514,37.0,36,36847,21.94,11,28.9
6412,24543,400769,79.71,54,319519,75.19,26,9.75
6414,16626,151003,65.95,60,99616,50.99,22,11.77
6415,25325,389293,79.43,156,309287,65.66,65,4.6
6416,22586,73348,46.46,17,34089,35.42,4,20.09
6417,1539,42274,68.06,20,28777,52.2,10,4.76
6418,2545,34522,57.7,11,19927,51.73,7,14.23
6419,27776,13159,38.82,4,5109,32.17,2,29.36
6423,3255,31016,40.0,12,12410,21.93,4,15.75
6425,9807,51479,42.76,14,22021,34.03,7,31.72
6426,19631,38509,41.98,7,16175,34.93,3,29.37
6428,1420,17682,91.64,3,16205,89.36,2,4.07
6429,270,9348,37.74,5,3530,11.76,1,6.76
6431,17787,97399,70.1,19,68291,65.3,11,4.43
6432,35733,37576,34.29,12,12895,17.78,3,34.17
6434,9659,463602,84.96,21,393990,83.61,11,5.08
6435,7822,37461,56.53,7,21187,48.33,2,20.26
6437,403,32300,65.0,19,21003,40.87,7,3.09
6438,46925,82206,31.94,19,26270,23.05,9,36.46
6441,34867,53318,45.26,6,24138,41.86,2,24.37
6442,66062,80406,57.56,36,46301,39.4,13,20.17
6443,165276,512797,16.9,35,86752,14.78,17,48.17
6446,43072,381610,57.31,140,218768,44.72,61,9.42
6449,31092,91886,74.08,26,68089,64.96,11,11.9
6451,28550,114191,71.51,17,81689,65.21,7,17.15
6452,11653,100131,39.15,24,39222,30.43,9,23.81
6453,623,3519,0,0,0,0,0,38.17
6455,564,37095,68.47,16,25404,51.47,8,2.5
6456,37900,337940,49.04,47,165793,44.98,25,22.98
6458,2714,26789,65.25,6,17483,63.74,5,6.17
6461,27597,178352,63.34,33,112989,53.94,6,8.68
6462,47369,91251,30.56,19,27908,21.1,5,37.11
6464,2192,128782,85.33,42,109918,77.2,25,1.94
6465,2598,47074,69.45,7,32699,65.09,3,8.39
6467,4184,52371,37.26,18,19526,21.75,4,14.86
6468,162,12074,98.62,1,11909,98.62,1,0.94
6469,29416,150085,47.51,29,71338,41.55,14,25.08
6470,27076,37694,40.01,1,15083,40.01,1,32.37
6471,360,853,0,0,0,0,0,61.63
6472,32319,127999,55.81,33,71467,45.45,11,23.86
6473,9778,40000,69.01,23,27613,49.2,11,4.18
6474,1599,52526,67.62,29,35524,44.6,10,4.89
6475,931,34784,73.13,12,25443,56.66,1,4.7
6477,27863,123787,43.15,25,53438,37.42,13,26.43
6479,878,57300,86.32,9,49474,79.32,3,2.03
6481,107,27204,96.01,6,26122,91.6,4,0.8
6482,2016,28634,67.6,8,19358,65.78,7,11.12
6483,16622,66742,45.92,37,30665,18.78,7,5.6
6485,41324,47366,26.34,11,12483,19.1,5,33.39
6486,30192,50893,42.9,5,21837,40.28,3,28.75
6488,55065,478114,81.36,112,389107,72.93,51,6.43
6489,279,28470,62.98,18,17933,36.92,7,1.79
6490,425,38754,70.62,10,27375,64.16,6,2.75
6491,12397,78000,59.8,19,46652,52.93,10,16.44
6492,45819,89904,30.68,19,27595,26.31,12,24.2
6493,991,30050,80.37,9,24152,80.37,9,6.17
6494,38622,31560,14.96,7,4727,5.22,1,36.75
6495,12156,172031,52.59,39,90506,43.12,13,7.57
6496,10286,47396,66.03,9,31305,62.39,7,19.53
6497,1560,189955,97.19,5,184632,96.46,2,1.69
6498,6612,47165,69.95,17,33003,56.51,8,10.06
6499,8000,96945,42.62,14,41331,36.19,4,15.2
6502,134,8719,90.96,1,7931,90.96,1,0.83
6503,77,12012,80.41,3,9660,80.41,3,1.52
6504,5207,72600,69.83,22,50713,64.34,15,12.36
6505,103256,9525960,94.85,169,9037211,94.41,96,1.99
6506,4385,82361,61.25,39,50461,45.7,17,8.74
6508,15555,86539,60.48,14,52349,59.6,13,22.8
6509,57168,197081,36.89,46,72727,28.76,22,29.02
6510,15909,32929,52.21,9,17198,38.05,2,10.19
6511,642,60000,72.03,24,43229,57.36,9,2.89
6512,6735,25260,36.07,10,9117,17.69,3,20.4
6515,32459,36444,49.54,15,18062,36.66,8,9.37
6516,3694,56337,53.84,15,30340,43.36,5,11.42
6517,22611,30579,17.96,3,5494,17.96,3,44.08
6518,543,33333,84.37,12,28130,74.1,7,2.52
6523,6206,45048,63.08,8,28418,61.69,7,20.49
6525,12396,129047,65.29,22,84282,57.09,5,13.16
6526,21355,167506,78.58,16,131646,75.49,8,9.21
6527,2210,25459,41.99,7,10694,27.89,1,9.99
6529,399,12699,71.81,7,9121,41.45,1,5.3
6530,34914,33750,18.68,7,6313,8.93,2,44.55
6531,43488,163149,64.33,58,104974,53.36,28,11.12
6532,30442,37445,33.01,14,12365,18.46,4,34.56
6533,32857,50651,21.94,8,11123,16.37,3,43.52
6534,1995,102800,82.45,32,84790,75.97,21,3.15
6535,10845,167841,64.76,37,108726,56.83,15,9.32
6536,1208,26324,74.22,9,19543,58.26,2,4.32
6538,39160,38050,30.88,15,11759,7.83,2,30.65
6539,1007,24349,85.23,10,20757,75.51,6,3.93
6540,131,220435,99.05,3,218375,98.57,1,0.11
6541,12253,264993,71.87,46,190492,65.61,18,7.18
6542,907,42001,84.68,14,35580,77.61,10,2.68
6543,12301,55855,66.69,26,37261,49.73,10,1.92
6545,1239,22080,44.15,7,9751,37.79,5,13.39
6546,12386,66848,43.18,16,28877,29.91,1,25.45
6547,50989,328749,35.19,62,115780,28.4,22,19.19
6548,29889,950465,88.07,103,837271,85.36,63,5.34
6549,25494,80122,29.62,25,23746,16.14,6,11.49
6550,25725,894793,77.04,78,689531,73.86,31,6.18
6551,1188,71785,83.69,11,60095,79.32,6,3.11
6552,7802,83000,58.42,7,48502,55.76,3,18.67
6555,4707,119230,69.47,17,82864,64.58,7,8.95
6556,1360,28750,78.59,12,22600,67.47,7,7.42
6558,47585,93789,41.32,10,38774,38.61,6,32.04
6559,2008,23189,52.92,11,12276,31.62,3,17.67
6560,3393,32475,39.55,6,12851,32.29,3,18.86
6561,7192,77958,73.08,12,56990,70.23,8,8.67
6562,11454,118190,52.76,9,62365,50.33,5,15.65
6563,1166,29743,30.47,11,9071,10.33,1,7.74
6564,3747,72134,64.36,11,46443,59.45,6,11.11
6565,1254,27144,39.63,9,10760,28.24,5,9.21
6566,663,32152,84.51,6,27176,79.36,3,3.43
6567,630,102850,88.54,30,91083,80.22,15,1.26
6568,24822,30800,40.56,7,12495,29.94,1,22.81
6569,3893,39071,67.64,8,26434,61.23,3,12.56
6570,8341,37119,43.31,14,16082,29.63,5,24.07
6572,4386,103650,69.16,16,71712,64.9,9,9.91
6573,6066,80499,63.62,14,51225,59.45,8,16.14
6574,3343,21990,78.71,7,17311,75.53,6,9.63
6575,6890,135270,54.36,18,73566,51.02,10,8.89
6576,30549,157541,66.38,37,104592,58.92,19,6.82
6577,3611,60060,74.85,8,44967,70.03,3,10.6
6578,18914,71942,62.89,20,45258,55.71,10,10.31
6579,7770,169451,85.1,16,144213,83.69,11,6.58
6580,3936,112120,58.08,42,65142,45.68,21,8.1
6581,2327,111271,90.2,18,100388,86.86,11,2.92
6582,9355,106174,74.26,12,78863,71.21,8,11.77
6583,326,15947,82.44,9,13150,53.46,2,2.97
6584,10868,71249,76.94,27,54835,62.79,10,9.63
6585,4164,72134,79.56,11,57401,74.4,6,8.82
6586,29391,214010,62.35,34,133493,56.3,13,8.08
6588,37923,34701,25.76,7,8942,21.16,4,33.18
6589,23307,307076,57.39,59,176278,49.83,22,14.28
6590,2246,24964,56.98,13,14230,30.04,3,13.18
6591,44486,41122,28.37,10,11674,20.08,4,31.52
6592,25143,623150,79.91,61,498069,76.06,25,7.21
6592A,3671,50000,85.41,15,42707,75.84,6,6.72
6592B,5252,50000,81.28,17,40648,67.19,8,7.2
6593,34262,31857,43.0,12,13703,31.54,6,29.77
6595,9060,49858,80.72,20,40255,63.12,5,1.38
6596,17006,38000,26.8,6,10191,22.73,3,41.83
6597,983,30042,80.64,7,24234,72.45,3,4.94
6598,37132,102819,51.94,35,53415,39.94,14,11.87
6599,287,21000,76.44,4,16057,71.03,2,1.93
6601,361,44695,86.87,5,38836,84.46,3,1.53
6602,404,1236,0,0,0,0,0,64.82
6603,26024,167443,50.06,52,83843,38.71,22,15.91
6604,855,43731,86.57,9,37865,79.8,4,3.26
6605,16345,165816,66.51,40,110318,58.71,20,12.38
6606,9932,110304,71.31,43,78684,60.43,24,7.15
6607,68,9346,81.0,5,7571,76.22,4,1.21
6608,313,60000,96.78,8,58073,93.72,6,0.98
6609,9476,72456,56.78,6,41146,55.33,4,20.75
6610,2890,205579,83.57,13,171837,81.18,6,3.17
6611,459,1467,91.68,1,1345,91.68,1,8.3
6612,2792,47515,64.58,21,30693,43.75,6,9.08
6613,9152,77801,61.46,9,47821,56.87,2,15.21
6614,4071,80661,74.43,6,60046,73.85,5,9.81
6615,5167,21593,51.5,12,11125,35.88,5,22.92
6616,1580,35478,62.64,11,22229,53.85,6,7.79
6617,7009,127506,67.6,27,86213,59.63,11,9.66
6618,36878,104816,30.93,31,32432,21.09,12,13.31
6620,19986,169982,60.56,46,102977,48.97,13,9.08
6621,32083,35501,36.63,10,13011,23.52,3,17.69
6622,954,35301,63.56,13,22445,52.95,8,4.53
6624,838,22579,76.75,8,17332,59.54,3,4.81
6625,10510,57972,48.87,14,28337,44.07,10,23.37
6626,424,8936,77.35,4,6913,59.56,1,5.62
6627,267,28352,77.55,16,21990,65.81,10,1.55
6629,944,38380,85.05,11,32644,79.92,7,2.96
6633,1367,11129,95.66,1,10646,95.66,1,3.98
6634,2233,71289,66.65,25,47530,51.56,9,6.25
6637,3180,26810,61.7,10,16544,53.8,7,18.52
6638,1154,30000,70.07,7,21027,56.74,1,6.9
6639,917,57645,72.9,18,42033,62.43,9,3.43
6640,13401,28886,65.73,3,18991,63.83,2,16.53
6641,2055,36500,59.48,14,21716,53.07,10,9.92
6642,3651,37400,54.87,9,20527,46.24,5,15.8
6643,23031,41798,37.82,7,15812,34.07,4,36.49
6645,6671,60864,43.55,24,26519,26.17,7,11.0
6648,9248,50000,64.66,21,32344,49.42,9,6.75
6649,18485,42000,52.37,18,22005,32.85,5,7.61
6650,490,31090,80.16,17,24925,61.87,8,2.35
6651,3821,34602,49.45,16,17118,32.72,5,14.42
6652,1689,137000,79.07,38,108355,69.5,16,2.81
6653,282,6000,95.45,1,5727,95.45,1,1.16
6654,3535,40963,79.19,12,32442,71.18,6,4.15
6655,983,80572,86.14,24,69427,76.45,12,1.22
6656,66,12228,90.33,4,11047,82.4,3,0.71
6657,15552,88808,35.29,26,31351,20.92,6,16.1
6658,10506,36370,46.06,14,16757,31.59,5,19.85
6659,1061,85883,82.39,22,70783,73.59,10,2.27
6661,1315,23304,65.84,6,15345,61.65,4,9.49
6662,4685,25612,47.62,10,12199,40.13,7,7.93
6664,16787,61151,55.39,24,33881,36.54,11,22.9
6665,1831,45350,65.84,8,29863,59.39,4,8.28
6666,2261,47388,78.06,8,36991,78.06,8,7.43
6667,13671,49279,50.29,10,24792,43.57,5,29.51
6668,14155,107116,54.22,13,58094,51.91,8,20.68
6669,115273,186624,63.79,46,119073,53.17,15,9.81
6670,6925,139387,76.96,68,107305,62.59,35,5.81
6671,1391,60750,75.01,36,45585,56.64,17,4.44
6672,52452,81559,35.79,26,29202,25.48,13,39.07
6673,3368,26582,30.67,4,8156,25.5,2,29.19
6674,1754,68551,85.1,9,58349,83.15,7,5.18
6676,4226,169679,63.14,44,107187,55.76,24,5.71
6677,1905,56039,64.03,13,35886,57.04,6,7.27
6679,6051,54975,58.79,20,32334,48.71,10,12.28
6680,928,23954,72.73,10,17427,64.49,7,4.73
6682,10822,147106,53.18,23,78242,47.47,10,13.95
6683,29183,27557,25.22,8,6954,11.24,1,27.14
6684,23984,44559,34.15,4,15220,31.51,2,34.37
6688,197,19000,73.88,12,14039,49.8,5,1.74
6689,10218,68000,48.09,24,32711,35.54,11,25.39
6690,5330,30000,59.89,3,17967,59.89,3,21.88
6691,13215,121487,70.17,47,85265,56.51,22,8.34
6692,2175,58844,71.39,16,42021,61.5,6,5.46
6693,5679,45720,47.38,16,21671,31.39,4,15.12
6695,16846,106907,52.47,20,56116,45.72,10,20.91
6696,10701,82920,41.27,27,34239,28.51,11,15.35
6697,2255,27323,66.77,6,18247,61.11,3,14.22
6698,35780,66390,38.62,14,25651,31.08,6,26.0
6699,762,48819,85.49,16,41744,75.24,9,1.78
6701,758,365682,97.98,3,358306,97.98,3,0.34
6702,11487,758660,79.69,98,604770,75.42,45,2.88
6703,23288,32984,51.57,13,17019,39.15,6,22.45
6704,3581,95949,39.2,31,37644,26.88,9,8.64
6705,645,18005,74.67,10,13448,54.99,4,5.2
6706,48652,78549,29.07,21,22846,16.93,7,37.44
6707,1589,59003,80.13,15,47291,71.29,7,5.05
6708,2345,29009,52.06,12,15108,42.81,7,13.31
6709,1998,59380,59.54,21,35369,45.64,6,7.31
6712,28201,101764,43.26,27,44045,32.15,9,19.12
6713,885,29477,60.25,15,17768,37.76,4,7.02
6715,3999,68274,81.09,24,55380,69.76,11,4.7
6716,3679,30242,36.52,12,11050,22.41,4,17.6
6717,427,24937,75.04,13,18714,56.28,6,3.44
6719,25597,105517,53.16,20,56121,44.43,5,24.98
6720,1369,30226,57.88,20,17502,28.88,6,6.17
6721,1467,22500,50.83,8,11441,35.65,2,9.86
6722,2629,88400,76.34,14,67495,74.11,11,5.78
6723,1153,30039,58.67,12,17631,42.18,4,7.15
6724,1841,7100,62.32,2,4425,62.32,2,16.12
6725,6763,37130,64.44,10,23935,58.66,7,18.66
6727,42508,26884,22.73,9,6114,6.39,1,35.46
6728,2946,30120,63.32,9,19075,59.01,7,13.3
6729,1552,27661,47.94,11,13264,31.18,4,9.59
6730,986,36298,74.01,20,26871,60.59,12,4.32
6731,186,54554,99.44,1,54249,99.44,1,0.44
6732,9155,48913,50.38,5,24645,46.31,1,26.14
6733,7385,134316,48.38,25,65014,40.25,7,11.62
6734,2189,40623,59.3,15,24097,46.08,5,9.95
6735,5686,46182,49.54,17,22886,35.59,6,18.09
6736,850,2596,93.39,1,2424,93.39,1,3.5
6737,1391,60050,80.57,23,48387,74.71,19,4.7
6738,593,36714,62.66,24,23013,40.97,11,2.74
6739,11581,23392,62.57,10,14639,53.25,6,19.72
6741,6873,120578,70.22,37,84704,58.56,17,9.39
6742,41951,71268,34.67,20,24724,25.92,9,27.96
6743,9315,150000,63.13,28,94715,57.08,14,11.98
6744,428,15400,64.26,6,9898,52.96,3,4.5
6748,4492,71218,37.27,20,26556,29.98,11,11.35
6750,1883,44707,58.01,21,25945,40.28,8,8.17
6751,2494,22200,62.48,3,13875,56.93,1,16.49
6752,3756,37144,47.57,19,17675,21.03,4,11.91
6753,16985,117254,58.41,21,68510,53.59,13,19.55
6754,2208,66000,83.09,9,54845,81.35,7,5.17
6755,1255,39823,53.63,16,21364,40.74,7,5.93
6756,8820,69990,61.59,8,43113,57.45,2,18.21
6757,140181,459530,76.59,30,352019,74.28,13,12.55
6758,238,13471,81.83,3,11025,74.89,1,2.76
6761,12349,34956,39.75,9,13901,26.98,2,27.74
6762,887,35172,77.86,18,27393,61.88,9,3.16
6763,18605,184039,62.14,22,114397,57.87,10,18.81
6764,280,38203,97.22,2,37142,97.22,2,0.78
6767,1459,39184,59.42,9,23292,52.03,3,7.42
6768,7286,200095,83.59,33,167289,80.04,21,6.11
6770,645222,4710940,50.53,481,2381215,46.7,177,22.89
6771,1844,31180,40.86,16,12745,18.13,4,11.82
6775,4141,97500,64.94,20,63338,58.49,10,8.31
6776,7959,91581,66.22,13,60666,61.35,6,16.19
6780,245,16470,83.73,12,13794,52.68,4,1.59
6781,29504,85419,69.9,6,59717,68.24,4,16.7
6782,7635,63000,47.03,21,29647,31.18,6,13.4
6784,953,19077,49.23,9,9397,30.19,3,9.33
6785,4450,66800,62.61,21,41840,55.0,12,9.14
6786,17391,30838,9.05,5,2793,0,0,28.17
6787,19583,81007,24.7,24,20031,9.59,4,19.98
6788,28558,38740,24.11,10,9351,14.22,3,39.67
6789,55427,318299,73.62,26,234403,70.31,9,14.2
6790,11215,267129,78.88,25,210769,75.41,10,7.88
6791,2028,20847,74.18,9,15471,56.02,3,11.97
6792,4122,47875,53.89,7,25808,48.08,3,15.67
6793,23503,75600,37.99,26,28733,22.4,6,11.84
6794,1138,63637,79.27,22,50454,66.52,10,3.04
6796,3128,40234,48.3,13,19438,35.45,4,12.39
6797,26597,30732,48.47,12,14902,29.99,4,18.77
6798,5947,19572,70.51,9,13805,55.15,4,2.18
6799,29656,43712,33.19,10,14516,21.04,2,30.84
6803,14578,72794,55.71,4,40559,54.28,2,24.33
6804,2350,47500,62.39,22,29646,47.15,11,7.78
6805,27635,68554,58.67,23,40230,46.2,10,12.72
6806,30981,274643,59.93,15,164626,58.14,5,17.69
6807,988,54000,83.47,17,45086,73.55,8,2.63
6808,2319,77840,51.33,20,39970,38.73,4,6.32
6810,25037,49448,36.09,15,17855,21.41,3,10.27
6811,5756,41449,64.24,3,26630,61.99,1,15.97
6812,6683,30603,40.96,11,12537,26.34,3,16.45
6813,633,23388,62.08,9,14523,48.86,5,6.95
6814,731,41874,82.4,14,34512,73.54,8,3.28
6815,8446,39706,67.21,21,26692,49.84,11,6.67
6816,442,12180,70.99,3,8648,61.98,1,5.33
6817,1128,18417,54.89,1,10110,54.89,1,10.5
6818,1498,25503,66.89,5,17064,59.86,2,10.94
6819,1420,33974,57.26,13,19462,45.9,7,7.64
6820,1664,22211,73.74,5,16380,73.74,5,8.46
6821,4421,35540,51.42,14,18285,38.93,7,21.14
6823,2548,30534,56.18,6,17159,52.28,4,12.69
6825,581,33651,73.37,11,24692,61.71,5,3.01
6826,7326,85540,75.16,18,64296,68.09,9,8.12
6827,1476,79330,62.25,25,49402,49.17,9,3.74
6829,11951,59169,67.27,5,39808,63.0,1,18.52
6830,24634,54209,33.58,20,18211,15.7,5,32.75
6831,9216,67500,61.73,30,41684,43.54,11,9.73
6832,3605,26411,84.52,2,22325,82.86,1,4.2
6833,900,49977,84.96,8,42471,79.9,4,3.34
6834,9228,88471,59.62,28,52761,46.34,11,15.76
6835,2206,66172,78.3,27,51824,66.83,14,6.19
6837,1001,32824,59.15,18,19423,41.11,9,6.89
6838,6927,150977,61.71,29,93191,55.0,11,9.55
6839,943,82020,80.13,29,65736,73.78,20,1.88
6840,2454,30767,53.63,12,16507,38.83,5,12.87
6841,12034,95223,48.21,28,45930,38.38,14,22.65
6842,2244,23130,40.25,8,9314,24.87,3,16.65
6843,1223,33304,76.85,16,25600,56.02,7,6.54
6844,3387,37428,64.71,11,24223,55.96,5,7.84
6846,1488,27066,66.71,7,18058,64.12,6,8.55
6847,607,14230,55.82,8,7946,19.6,2,7.33
6848,474,14273,52.95,8,7560,29.84,2,4.89
6849,6209,41918,52.54,12,22035,43.09,6,18.28
6850,936,33089,60.2,18,19926,41.05,8,4.47
6854,6326,117679,65.08,34,76608,54.19,13,9.42
6855,2018,23250,61.37,13,14275,41.79,6,5.79
6856,937,28200,82.59,8,23295,74.28,4,4.83
6857,419,15226,94.69,1,14418,94.69,1,2.09
6858,348,27220,89.89,9,24470,82.2,5,2.18
6859,2605,41589,64.83,15,26965,58.6,10,8.71
6861,12351,41599,58.5,7,24338,52.16,2,19.46
6862,6359,50000,68.8,6,34401,68.8,6,14.47
6863,4680,74888,75.49,10,56536,72.25,6,8.89
6864,4204,37875,36.66,19,13889,12.23,3,7.21
6865,1440,15841,49.96,7,7917,35.56,3,13.26
6867,964,35000,87.47,8,30621,82.29,5,4.24
6868,499,25043,55.36,13,13868,31.27,3,3.07
6869,21837,137830,54.23,37,74760,44.67,18,22.24
6870,2582,23637,71.28,11,16850,57.89,5,8.13
6872,2533,70751,58.06,28,41088,43.51,11,7.46
6873,12159,142649,61.73,45,88076,53.16,23,13.66
6874,2835,22000,53.53,9,11779,39.58,4,18.46
6875,4875,129183,61.68,36,79715,53.53,19,7.54
6876,20237,71091,33.22,25,23620,17.41,7,7.67
6877,3503,46967,74.28,27,34897,54.52,13,8.88
6878,1052,72641,88.7,14,64444,84.38,9,2.7
6879,362,26459,89.17,8,23597,80.25,4,1.63
6881,869,15000,57.92,4,8691,49.96,2,4.82
6882,848,23199,58.72,14,13627,31.49,4,7.43
6883,788,76274,88.46,28,67493,80.7,18,1.94
6884,1370,18390,73.2,3,13463,69.4,2,8.87
6885,22103,133019,36.98,41,49224,22.49,10,14.15
6886,14472,31810,90.03,5,28642,84.94,3,1.81
6887,850,74152,92.1,20,68313,82.14,8,1.71
6890,7616,250296,92.63,20,231907,91.8,17,3.47
6891,6247,200628,77.3,31,155141,73.87,19,6.53
6892,2568,92605,57.85,43,53583,37.01,12,5.73
6894,2687,23800,61.04,11,14530,55.13,8,9.53
6895,2992,34100,61.2,9,20874,51.15,4,12.27
6898,1550,29016,59.43,10,17247,45.85,2,8.8
6899,2128,42398,80.17,19,34005,66.01,9,7.91
6901,22203,853360,84.71,45,723077,82.82,18,4.48
6902,6986,35530,71.4,15,25376,58.2,7,5.78
6903,9648,66676,70.28,19,46874,64.19,12,15.06
6904,608,18500,79.9,8,14783,64.36,2,3.19
6906,3393,33537,57.71,13,19358,47.59,7,15.79
6907,6111,62525,67.65,9,42312,62.3,3,14.07
6908,1217,37180,86.39,2,32122,86.39,2,4.78
6909,12692,67448,39.59,26,26715,21.8,8,22.29
6910,1641,30521,56.88,8,17365,49.38,4,10.23
6911,976,22000,60.04,10,13214,44.33,5,7.14
6912,2021,144000,76.92,28,110790,68.61,8,3.14
6913,4426,43849,55.0,17,24124,42.3,9,13.1
6914,4323,66226,71.75,17,47528,66.66,11,8.9
6915,1182,35300,88.45,11,31227,84.82,9,5.57
6916,2147,67500,78.93,18,53292,72.69,12,5.79
6917,2330,55272,45.58,23,25204,31.31,10,9.37
6918,2067,34571,49.91,18,17256,25.48,4,10.24
6919,63371,1557268,74.28,352,1157075,67.43,181,6.92
6920,12828,207219,64.43,39,133548,57.59,15,11.45
6921,930,32062,78.09,11,25039,75.24,9,5.37
6922,3562,27155,62.97,9,17102,56.75,6,15.08
6923,3576,91488,69.61,38,63700,53.74,16,6.64
6924,623,20624,80.24,5,16552,73.08,3,4.75
6925,3149,20000,60.59,9,12119,41.69,2,22.31
6926,705,49800,80.67,25,40185,60.93,9,2.59
6927,1409,38279,68.1,14,26074,52.89,5,7.31
6928,4372,86000,79.2,10,68125,76.07,6,9.48
6929,1588,45090,89.53,6,40375,86.91,4,4.93
6931,3259,66152,70.46,40,46626,50.05,18,7.38
6932,5185,432596,80.99,80,350448,75.18,38,2.86
6933,5799,42418,61.51,6,26092,61.51,6,18.77
6934,1806,36130,64.23,14,23210,55.26,10,8.23
6935,566,37410,85.04,15,31822,73.27,7,2.77
6936,3773,72804,75.91,20,55281,64.74,9,8.04
6937,9195,67655,62.3,23,42166,54.56,14,15.59
6938,715,12570,67.47,6,8482,54.14,3,6.56
6939,643,35399,64.33,12,22778,56.05,8,3.11
6940,9275,312180,53.61,109,167399,37.92,32,7.03
6944,13292,76688,51.93,34,39839,33.89,12,10.95
6945,6415,97135,62.73,26,60945,53.62,12,10.82
6946,1945,323800,93.86,33,303996,90.92,18,1.12
6947,2658,94333,74.23,28,70049,63.57,13,4.87
6949,2015,65580,74.69,29,49001,62.03,16,3.13
6951,4519,46000,66.21,4,30461,63.9,2,10.43
6952,2531,68345,86.62,18,59208,79.69,13,5.68
6953,3222,30015,63.56,6,19079,56.2,3,12.48
6955,501,24801,60.3,11,14955,49.64,6,2.18
6957,2052,55513,72.14,26,40058,55.66,12,4.98
6958,3488,401289,94.13,28,377825,92.75,20,1.38
6958A,1431,40000,83.86,7,33545,83.86,7,6.46
6959,4284,39167,40.53,12,15881,33.18,7,16.06
6961,3942,26834,42.79,5,11488,33.34,1,18.15
6962,33094,492397,53.21,73,262083,48.21,33,14.13
6963,204,15972,87.33,3,13951,84.7,2,1.39
6965,2472,156336,92.28,19,144290,90.8,15,2.55
6967,1231,24904,75.65,15,18844,47.92,4,8.07
6968,3515,49447,58.77,18,29069,44.23,7,10.06
6969,1164,43857,60.19,15,26402,49.92,8,4.99
6971,1568,38668,73.78,16,28538,61.37,8,8.03
6972,378,22935,83.82,9,19226,63.73,1,2.67
6973,842,40803,67.31,20,27476,41.33,4,3.88
6976,5982,582620,80.64,104,469933,74.45,45,2.49
6977,1813,14000,42.79,9,5992,15.91,2,14.24
6979,429,12000,59.53,4,7145,39.6,1,4.03
6980,2534,30000,77.66,6,23302,72.41,4,10.69
6982,2811,40752,64.97,15,26484,53.37,7,12.94
6983,3726,18020,44.17,9,7963,16.01,2,18.49
6984,351,19239,56.61,14,10895,27.7,4,2.55
6986,2647,52134,45.68,19,23824,34.07,8,8.15
6987,1219,223212,90.08,34,201105,85.61,19,1.18
6988,435,47600,79.06,21,37643,66.45,12,1.54
6990,2968,63291,90.71,18,57426,87.05,15,5.89
6994,6134,74162,57.06,17,42333,52.79,12,16.16
6995,3747,25331,44.07,12,11167,21.07,3,8.14
6996,2415,41998,59.59,4,25031,55.8,1,7.81
6997,757,22100,82.26,3,18181,77.74,2,4.97
6999,244,22015,77.59,16,17086,57.46,8,1.45
7402,19261,35281,38.85,11,13708,30.05,5,27.44
7415,1772,26498,63.22,13,16759,39.85,4,4.25
7419,4976,40000,49.55,15,19826,39.16,9,20.21
7421,537,525,0,0,0,0,0,53.65
7427,4981,54026,29.5,18,15946,19.64,8,18.69
7443,322,22000,82.47,12,18147,69.61,7,1.87
7452,114,4000,87.89,1,3516,87.89,1,3.42
7455,254,25500,82.38,8,21011,73.48,4,1.51
7507,1143,102100,77.84,30,79491,70.25,18,2.25
7516,23985,19309,36.74,7,7097,14.82,1,23.29
7530,3612,46500,55.14,15,25649,45.59,8,16.33
7547,2153,33628,72.92,10,24525,66.06,7,10.55
7551,460,12100,56.25,5,6808,42.93,2,6.25
7555,418,28325,87.67,5,24834,86.14,4,1.91
7556,2716,27715,64.63,10,17914,54.79,5,10.6
7558,880,18621,50.42,11,9393,22.96,3,9.38
7561,742,30085,60.63,7,18244,55.15,4,3.13
7562,259,22564,79.28,12,17895,63.64,6,1.51
7566,7966,139773,61.97,42,86631,51.14,18,5.06
7575,625,30000,55.71,20,16720,26.04,6,3.49
7578,1789,60073,64.51,28,38764,44.4,9,5.74
7583,446,24575,88.79,13,21824,73.03,7,2.42
7584,977,16463,71.67,7,11801,53.0,2,9.12
7590,2741,122379,82.6,32,101117,78.27,23,4.95
7595,829,50465,71.12,26,35902,45.91,8,3.57
7607,679,35553,71.15,13,25302,61.38,6,2.38
7610,13797,48585,48.29,18,23470,34.85,6,20.71
7631,740,20142,74.35,11,14980,54.01,4,5.28
7642,2157,30150,80.04,9,24136,78.36,8,10.59
7669,3761,22000,30.89,11,6799,4.94,1,13.65
7689,5757,53164,91.82,8,48823,88.39,5,3.09
7702,366,66000,92.41,10,61004,86.38,4,0.89
7703,4219,34745,58.33,8,20276,46.66,2,15.32
7704,1792,33770,59.37,13,20056,43.12,4,8.68
7705,12715,66067,69.53,11,45949,61.81,3,11.25
7706,246,10000,91.29,1,9129,91.29,1,3.52
7707,3413,45700,46.67,11,21334,40.07,6,10.93
7708,3011,25500,63.59,2,16218,61.96,1,12.2
7709,2519,39103,79.45,8,31072,77.41,7,8.88
7710,230,63906,99.26,3,63435,99.26,3,0.2
7711,10275,71700,61.83,12,44343,54.67,5,15.46
7712,4399,32562,53.69,15,17489,35.61,5,16.37
7713,787,45479,84.56,14,38468,78.08,9,2.62
7714,2289,21000,66.65,8,14001,47.95,2,13.47
7715,2311,32756,56.15,12,18400,39.76,4,12.99
7716,556,22500,82.66,9,18604,65.85,3,4.35
7717,9375,24832,55.74,11,13845,35.38,4,21.93
7718,1036,46356,78.62,18,36454,67.75,10,3.29
7719,15579,36000,21.85,7,7872,11.33,2,28.35
7721,3770,55370,62.2,19,34447,52.04,10,11.7
7722,20435,68000,84.89,4,57730,83.93,3,9.53
7723,4352,49620,56.5,19,28044,48.42,13,14.04
7724,284,35381,84.24,12,29816,68.14,4,1.46
7725,291,48327,83.69,10,40451,79.1,6,0.89
7726,188,20304,87.03,6,17675,80.16,4,1.33
7728,3451,13854,57.12,4,7916,47.18,2,14.76
7729,16612,73079,57.64,27,42137,43.27,13,8.45
7730,1107,36797,70.47,16,25935,60.99,10,4.62
7731,9499,521981,72.51,92,378618,67.7,52,4.84
7732,887,64680,88.51,14,57254,86.21,11,2.07
7734,10699,28000,74.7,12,20921,67.13,9,7.9
7735,2323,43331,94.38,6,40900,88.45,3,2.51
7736,1629,76000,83.98,22,63845,76.73,13,3.71
7737,375,29739,78.37,13,23314,60.18,5,1.72
7738,1621,27356,57.82,17,15823,32.18,6,7.14
7740,2517,53200,64.84,20,34500,56.76,12,8.55
7742,8027,66485,69.07,5,45936,65.07,1,16.32
7743,959,36483,74.74,23,27276,57.39,13,4.25
7744,2880,32000,78.82,16,25228,58.75,7,7.77
7745,529,17950,71.23,7,12789,56.76,3,7.46
7747,921,27426,77.79,4,21337,70.7,2,2.64
7748,206,14500,71.13,8,10316,59.12,5,2.26
7749,7990,46486,49.17,21,22869,29.01,5,15.66
7750,10907,71843,76.28,35,54806,61.59,16,5.25
7751,10743,26889,47.15,11,12684,36.95,6,13.83
7752,2293,200000,86.09,35,172219,81.65,20,2.34
7753,2444,25000,74.15,4,18541,65.34,1,8.05
7754,1593,101068,72.69,41,73489,60.07,17,2.88
7756,269,21283,70.86,8,15083,59.42,4,1.41
7757,2685,24100,57.9,9,13957,43.47,4,13.5
7758,363,16100,82.78,3,13329,79.46,2,2.86
7759,990,70068,81.74,17,57288,74.27,10,2.55
7760,1725,66048,61.04,31,40321,43.8,11,3.97
7761,1420,28900,51.53,11,14899,33.99,4,10.0
7762,1411,57233,54.72,25,31328,39.59,10,4.34
7763,3315,60014,81.44,16,48885,76.51,10,7.1
7764,787,60000,81.18,25,48723,70.56,16,2.73
7765,5212,40681,60.75,3,24717,59.66,2,12.79
7767,1022,30100,72.36,17,21788,54.77,9,5.97
7768,6554,70065,64.38,22,45119,55.17,13,10.84
7769,56932,179930,67.86,50,122133,57.42,17,5.37
7770,1079,30062,74.47,14,22392,62.44,7,5.44
7771,489,20013,82.27,3,16468,75.82,1,3.28
7772,5745,26499,56.09,5,14864,52.82,3,23.95
7773,995,39911,56.79,15,22676,43.07,8,5.58
7776,1119,49102,75.17,15,36918,65.78,7,4.71
7777,12598,182500,71.47,29,130470,66.26,16,14.2
7779,387,16105,65.93,7,10618,56.73,4,2.37
7780,44471,810024,75.45,43,611274,73.57,18,10.62
7781,17475,599681,74.05,58,444239,71.88,37,6.9
7782,1135,23213,75.89,9,17619,65.8,6,7.39
7783,1262,62445,91.17,15,56940,89.58,13,2.2
7784,1309,187601,89.28,47,167525,84.12,30,1.67
7785,209,33339,85.42,13,28485,72.06,5,0.94
7786,6673,175954,81.57,31,143545,76.8,17,6.36
7788,6818,79746,71.57,33,57088,59.22,16,8.48
7789,171,21184,72.56,14,15375,42.6,4,0.89
7790,395,17700,70.05,15,12402,32.02,3,3.17
7791,4674,80000,80.22,16,64189,70.07,5,7.8
7792,4455,46662,70.85,15,33069,62.0,8,10.36
7794,1290,28000,81.67,7,22870,71.76,2,7.63
7795,13898,78828,78.11,16,61587,68.22,5,7.5
7796,2348,22963,59.52,5,13672,46.92,1,16.12
7797,711,22245,78.79,11,17531,62.16,5,5.4
7798,662,308692,94.57,48,291997,89.47,24,0.41
7799,12345,158245,79.54,34,125900,71.82,14,7.66
7801,1329,18300,70.43,3,12891,67.37,2,10.39
7803,2168,94413,79.05,30,74657,70.42,17,5.14
7805,4061,33125,70.61,8,23391,65.33,5,9.76
7806,313,27860,74.63,14,20796,58.33,7,1.7
7808,1044,70000,78.53,4,54983,76.94,2,2.88
7810,3563,20250,46.8,6,9480,36.34,3,20.62
7811,1331,33377,71.79,6,23971,65.17,2,6.47
7812,2733,60419,61.51,18,37175,55.71,12,8.11
7813,1681,19196,46.29,8,8889,33.08,4,13.56
7814,802,40000,85.7,8,34283,80.83,5,3.48
7815,4252,32976,60.9,7,20089,50.32,2,12.24
7816,1125,29278,78.79,6,23074,71.15,2,6.58
7818,4998,167946,88.77,12,149107,87.33,8,4.92
7819,2720,25264,59.09,2,14930,55.4,1,18.14
7820,2082,37768,75.09,11,28364,65.32,6,7.25
7821,10142,121913,80.97,20,98740,75.16,10,7.27
7822,17299,45561,68.19,9,31080,63.73,6,17.8
7823,823,33491,73.6,15,24659,58.59,8,3.77
7824,378,31337,79.68,18,24974,67.0,12,1.58
7825,2318,23114,45.97,9,10629,27.49,3,16.01
7826,134,12000,84.38,9,10127,60.74,4,1.53
7827,2962,139863,76.61,30,107182,69.73,15,3.94
7828,13846,40494,63.43,17,25688,53.85,10,15.13
7829,1067,99388,83.08,43,82592,71.16,24,2.05
7831,76,13401,77.45,9,10382,55.97,4,0.2
7832,2079,580000,92.98,101,539377,87.59,57,0.86
7833,544,43011,73.65,20,31686,57.51,9,2.0
7834,284,16478,74.62,7,12298,60.54,3,3.27
7836,568,51250,72.14,20,36981,63.44,13,1.33
7837,317,22800,75.01,4,17106,67.76,2,2.48
7839,592,15096,75.89,8,11459,55.95,3,4.82
7840,227,34000,89.75,13,30519,76.24,7,1.08
7841,346,24200,77.77,10,18823,66.49,6,2.28
7842,1776,18250,64.66,2,11804,62.3,1,13.46
7843,1093,33440,67.65,9,22627,61.47,6,5.49
7846,401,34412,85.67,9,29485,75.12,3,1.95
7847,557,29000,63.04,14,18287,43.49,5,3.59
7848,1188,29800,67.23,12,20041,51.52,4,4.31
7849,181,11892,95.78,1,11391,95.78,1,1.07
7850,1466,97659,71.87,41,70205,55.78,18,3.31
7851,522,67691,83.79,21,56730,74.41,9,1.49
7853,16155,47865,27.51,13,13175,18.52,4,34.99
7854,982,40300,89.45,16,36057,79.75,11,3.35
7855,311,192528,99.33,2,191253,99.33,2,0.19
7856,5726,27177,68.01,12,18489,61.1,9,10.21
7857,547,53488,83.73,13,44797,76.13,7,1.46
7858,4167,22237,45.7,9,10166,30.41,2,15.03
7860,161,32000,94.58,11,30270,89.26,9,0.5
7861,3814,64600,77.4,23,50019,66.92,12,4.46
7862,617,40000,87.66,4,35069,84.22,2,1.53
7863,112,30000,98.53,5,29564,96.02,4,0.33
7865,724,18424,75.64,11,13939,47.96,4,7.48
7866,4973,43171,61.75,16,26664,48.45,7,9.83
7867,638,96000,95.49,25,91688,85.57,9,0.76
7868,1084,22240,60.1,11,13373,40.71,4,8.5
7869,430,27241,88.9,4,24220,86.5,3,0.92
7870,2455,18400,78.38,13,14423,49.0,3,1.33
7871,3683,134278,66.78,32,89697,60.46,18,5.8
7872,1268,30000,65.36,3,19611,61.59,1,6.96
7873,2375,149852,86.35,36,129434,76.36,14,1.98
7875,347,20000,96.46,1,19292,96.46,1,1.58
7876,1038,107262,85.86,28,92130,77.57,16,2.05
7877,374,38857,73.91,11,28722,61.47,2,1.7
7878,2766,53537,47.34,18,25351,33.81,6,7.04
7879,3635,40000,62.64,18,25069,45.64,8,11.68
7880,1503,26500,70.19,17,18607,38.23,5,7.93
7881,349,27000,84.47,4,22808,82.6,3,2.2
7882,2082,205282,83.53,46,171515,78.01,30,2.27
7883,1834,60976,71.93,24,43873,59.49,11,2.05
7885,454,29200,76.74,16,22414,57.49,6,2.98
7886,1630,24978,65.77,14,16433,43.6,5,8.35
7887,14300,81720,43.38,34,35472,26.19,12,19.37
7888,545,75235,80.67,39,60709,62.1,17,1.02
7889,174,20781,85.96,17,17868,45.73,4,0.77
7890,426,20800,86.06,12,17905,65.96,6,2.77
7891,194,19430,56.32,7,10945,53.43,6,1.44
7892,5753,46898,75.87,15,35591,63.86,7,7.32
7893,1383,40799,86.34,5,35234,80.01,1,4.08
7894,108,24000,73.08,7,17541,57.83,1,1.1
7895,12888,38790,74.18,7,28782,65.67,1,2.61
7896,623,27900,91.32,6,25481,83.42,2,1.95
7897,205,133617,98.33,2,131390,98.33,2,0.2
7898,3258,30039,71.71,5,21544,66.53,2,5.26
7899,8581,22904,38.43,9,8804,25.03,4,26.04
7901,2284,60000,84.7,13,50823,75.53,4,3.42
7902,1557,200605,90.55,46,181709,85.86,31,1.72
7904,98,15000,92.36,3,13855,89.32,2,1.11
7907,1645,39393,75.16,14,29615,67.92,9,2.05
7909,4949,70593,84.44,16,59616,76.05,7,4.52
7911,1565,40000,68.59,13,27443,50.32,2,5.53
7912,2640,22190,79.32,6,17603,72.33,3,5.51
7913,1128,45139,90.54,5,40875,87.76,3,1.96
7915,1846,40100,86.07,19,34523,70.68,10,1.91
7918,15103,43100,79.32,5,34189,77.08,3,8.12
7919,611,12700,50.06,4,6358,42.07,2,7.17
7920,3229,593987,90.64,173,538499,82.65,98,1.29
7921,897,40807,84.77,12,34600,75.23,5,2.96
7922,538,66175,95.4,18,63139,93.92,17,0.82
7924,416,133561,87.03,23,116258,81.37,9,0.64
7926,980,15002,73.49,4,11027,59.45,1,4.67
7927,462,44700,73.44,23,32839,50.48,5,0.91
7928,189,41530,79.95,21,33210,65.55,10,0.85
7929,83,21500,85.39,12,18362,63.76,4,0.65
8002,250,1908,0,0,0,0,0,28.25
8009,627,4375,0,0,0,0,0,21.49
8010,385,6666,46.01,4,3068,20.25,1,9.66
8011,60907,165922,30.91,26,51327,24.56,10,30.32
8012,478,3800,93.02,1,3535,93.02,1,4.85
8014,592,8827,37.85,2,3342,37.85,2,10.89
8015,111,3000,29.54,2,886,0,0,12.06
8016,38086,120137,44.34,52,53305,28.62,21,22.73
8018,75,3449,21.62,1,746,0,0,3.98
8019,98,33891,93.81,3,31801,90.33,1,0.8
8020,109,8263,59.32,4,4902,32.36,1,2.37
8021,81877,147088,47.84,47,70373,37.38,23,29.17
8022,58,3000,70.18,1,2106,70.18,1,3.32
8024,22459,45160,29.95,12,13534,18.86,4,25.1
8026,61,97,0,0,0,0,0,73.87
8027,64503,112055,28.61,33,32079,18.02,14,37.25
8028,67522,183336,50.32,67,92307,37.06,29,25.8
8029,656,78017,75.2,25,58688,62.69,8,1.45
8031,121,4498,25.57,1,1151,25.57,1,4.73
8032,22866,51810,76.18,9,39473,74.43,7,12.68
8033,70292,164630,28.57,37,47064,20.6,16,37.76
8034,22184,56586,19.06,12,10797,10.52,4,33.24
8035,214,6812,43.5,4,2965,17.63,1,5.68
8036,534,7662,20.61,1,1580,20.61,1,10.95
8038,40168,62278,20.08,9,12519,15.0,4,36.79
8039,72053,263804,58.27,66,153739,50.36,32,20.26
8040,31500,96414,51.96,14,50126,44.6,3,20.54
8042,35764,131313,73.0,47,95885,65.0,30,13.82
8043,33887,79907,49.54,14,39606,46.92,10,37.22
8044,27797,204768,61.72,34,126426,55.29,13,14.42
8045,4220,95042,67.15,36,63840,55.62,19,8.12
8046,94577,646166,84.82,87,548175,80.15,38,7.01
8047,1324,41666,80.43,14,33519,71.25,9,3.6
8048,34804,57706,42.34,20,24443,28.28,7,23.97
8049,39363,118280,32.59,22,38566,27.12,11,29.26
8050,56690,205205,42.34,37,86929,35.45,14,26.77
8053,3692,411818,85.44,75,351941,80.37,41,1.93
8054,50852,106233,42.32,24,44978,32.8,7,31.41
8056,11814,389990,60.57,80,236299,53.9,35,5.95
8057,84,6344,67.07,3,4256,67.07,3,2.43
8058,2548,68800,69.72,27,47983,52.25,10,6.3
8059,14267,194080,73.29,17,142256,69.36,5,8.44
8060,273,6084,49.67,2,3023,34.06,1,11.29
8064,81571,184818,47.39,44,87627,39.43,20,31.03
8065,930,4500,37.58,3,1692,0,0,18.21
8066,38160,36642,38.75,13,14206,21.76,4,33.08
8067,7015,20700,81.35,9,16844,56.73,3,6.38
8068,8417,80766,62.27,16,50313,58.17,11,15.91
8069,95589,1154648,77.67,314,896996,68.95,153,7.63
8070,39391,725648,74.12,102,538002,70.13,59,11.3
8071,34574,60084,36.47,14,21925,27.2,5,30.6
8072,13147,80000,60.5,10,48412,57.87,7,20.84
8074,47737,86974,39.34,24,34230,29.47,9,32.29
8076,89265,292214,34.38,62,100509,25.32,22,21.86
8077,1081,21946,82.25,4,18053,76.98,2,2.8
8080,14501,67164,84.72,5,56914,82.53,2,6.21
8081,20028,86172,41.49,27,35762,25.55,5,21.67
8082,4216,106609,71.69,22,76456,62.88,8,4.37
8083,2625,35133,55.41,12,19471,43.67,4,9.32
8084,2958,69514,64.67,20,44971,55.3,9,7.57
8085,36112,139983,41.28,26,57818,31.67,5,18.27
8086,69499,196516,56.51,41,111102,50.12,18,23.63
8087,9888,38669,57.77,21,22349,43.88,11,10.11
8088,54192,60922,22.41,8,13664,19.94,5,50.21
8089,27333,65999,41.1,7,27138,37.85,3,23.03
8091,18383,55965,47.62,24,26657,32.25,10,20.23
8092,20125,57172,60.41,24,34553,41.1,7,10.94
8093,3282,56568,67.55,7,38213,64.0,4,8.22
8094,337,18527,43.02,10,7975,11.96,2,2.77
8095,124,7932,51.28,6,4068,18.09,1,3.8
8096,79243,149343,56.21,34,83977,51.64,23,22.77
8097,13482,63802,71.42,20,45574,60.03,9,6.78
8098,1513,12653,57.83,8,7318,33.15,3,11.48
8099,29346,100073,82.42,20,82496,75.36,9,5.84
8101,18501,52166,82.43,4,43010,80.45,2,8.1
8102,1144,23358,39.62,10,9258,25.15,4,7.07
8103,19083,78437,47.23,34,37060,27.47,8,24.11
8104,45513,104058,35.88,11,37369,31.62,3,32.22
8105,39609,441545,63.47,39,280332,60.17,15,17.0
8106,68,3943,60.82,3,2398,27.88,1,2.19
8107,31903,75000,53.76,19,40335,45.64,10,17.18
8109,5866,82161,54.26,35,44602,34.92,11,11.38
8110,75611,517740,56.4,50,292107,53.87,27,26.7
8111,56725,109102,36.69,28,40063,25.6,8,28.41
8112,114218,525293,38.56,82,202661,34.72,51,31.69
8112A,7170,30000,52.35,13,15711,36.01,7,18.12
8114,11671,76488,48.6,33,37192,33.79,14,18.62
8115,842,70000,86.41,25,60502,78.23,16,2.47
8119,33080,63662,46.1,26,29363,26.87,8,11.14
8121,30289,212994,61.99,38,132048,56.02,17,13.47
8122,1616,402371,93.1,13,374717,92.23,7,0.77
8127,243,5561,7.67,1,427,0,0,7.57
8130,297,47620,70.92,21,33778,59.07,11,0.81
8131,30375,442222,73.23,31,323927,70.91,14,12.88
8147,4989,41817,48.36,15,20232,37.66,8,15.18
8150,123569,704523,68.99,130,486252,63.62,72,19.09
8155,16027,62368,48.49,16,30258,37.48,7,25.83
8157,662,26839,78.64,2,21107,78.64,2,4.87
8162,2834,68702,75.15,27,51651,62.06,13,7.49
8163,75711,280000,46.43,46,130057,40.65,18,24.84
8171,44959,112853,60.97,27,68831,52.19,12,13.11
8172,264,1620,0,0,0,0,0,36.34
8176,37570,71701,33.07,19,23723,21.7,6,23.42
8182,10742,107041,67.67,13,72453,64.8,8,18.28
8183,42000,121251,47.82,15,58007,43.69,7,21.8
8197,637,61748,84.91,4,52437,83.38,2,2.19
8201,12289,62366,57.73,16,36017,45.88,4,17.58
8210,30739,125319,71.43,30,89544,62.62,13,12.95
8213,68156,271242,51.24,82,139019,41.13,38,16.82
8215,68308,320675,53.41,30,171334,50.88,14,20.68
8218,105,1593,0,0,0,0,0,9.2
8222,39674,68574,38.1,14,26135,33.44,8,33.0
8225,380,22380,79.65,4,17828,73.02,2,3.89
8227,30350,39543,27.92,8,11049,18.22,3,42.2
8234,17528,141226,52.96,33,74823,45.86,17,22.19
8240,37980,100004,53.7,21,53724,47.02,10,21.85
8249,36372,137824,57.32,17,79034,53.54,9,24.19
8255,26246,101939,53.54,19,54588,47.71,10,22.78
8261,66321,118878,54.03,24,64251,46.17,10,32.19
8264,497,2583,0,0,0,0,0,34.52
8271,64108,129614,43.72,24,56685,38.28,12,31.16
8272,1652,18998,38.09,6,7240,25.15,2,11.31
8276,126,3537,47.96,2,1697,33.56,1,10.23
8277,44344,91629,19.62,12,17987,13.48,2,31.06
8279,1982,27101,62.22,6,16870,52.51,2,10.05
8281,415,29267,44.49,8,13025,34.88,3,2.37
8284,2413,47342,62.87,19,29774,44.64,7,7.56
8286,157,441,0,0,0,0,0,76.5
8287,11823,24267,70.24,1,17046,70.24,1,20.81
8289,30822,68334,44.4,18,30354,33.86,5,26.6
8291,2020,17478,71.9,3,12567,71.9,3,13.06
8297,174,15000,92.95,1,13943,92.95,1,1.78
8298,401,25632,83.33,2,21361,83.33,2,2.36
8299,177304,221165,46.29,69,102432,36.09,31,27.64
8325,205,1526,0,0,0,0,0,33.53
8329,3209,280578,90.75,36,254684,86.79,21,2.85
8341,19175,130000,49.85,18,64826,46.49,11,24.56
8342,1088,33537,72.86,10,24439,65.57,6,4.58
8345,766,52000,82.23,13,42769,71.53,5,2.58
8349,7708,208821,71.34,37,149032,66.85,22,6.55
8349A,1284,10000,10.25,2,1025,0,0,20.3
8351,1051,50000,80.5,9,40256,70.91,2,3.54
8354,12884,78532,63.6,30,49966,46.79,9,11.43
8358,115023,252588,55.98,62,141459,48.76,36,25.9
8359,5889,136500,83.44,26,113920,79.59,18,4.51
8367,3546,92172,70.64,33,65132,61.36,18,7.03
8374,13545,112250,71.68,11,80484,68.57,6,17.69
8375,114,7356,77.08,6,5671,40.34,2,1.96
8380,882,7123,19.38,2,1381,0,0,31.96
8382,10363,292603,65.97,81,193064,56.88,42,6.41
8383,56376,113760,51.22,28,58296,44.91,16,24.14
8390,30737,96116,50.82,24,48864,44.53,14,15.32
8401,12051,70669,62.73,22,44347,54.29,13,9.58
8403,36859,137640,38.32,22,52758,32.25,9,20.11
8404,16157,419934,78.7,67,330546,73.41,30,4.41
8409,25858,32000,48.47,9,15516,38.58,4,14.8
8410,2068,36589,59.17,12,21656,51.12,7,11.01
8411,11108,218404,81.34,31,177691,78.92,24,5.71
8415,9665,1031500,92.56,130,954914,89.4,78,1.98
8416,2075,28211,77.11,7,21756,77.11,7,9.03
8419,1377,30000,53.22,11,15971,40.55,4,14.2
8421,6451,54817,63.64,17,34891,58.24,12,14.22
8422,154758,1358763,37.64,134,511931,34.18,56,27.2
8423,6385,41714,63.04,13,26305,54.89,8,13.07
8424,3025,36054,60.56,7,21844,50.7,2,15.57
8426,2783,50242,73.53,5,36951,70.26,3,9.39
8429,45370,185747,41.38,24,76905,38.07,13,18.19
8431,44945,48778,23.33,10,11391,15.38,4,34.57
8432,3142,38398,61.47,4,23615,56.47,1,12.64
8433,3186,54506,66.77,16,36405,60.42,10,10.02
8435,22439,35200,41.13,13,14489,20.64,2,29.16
8436,43050,117729,39.11,36,46065,29.67,16,25.84
8437,32108,47014,40.74,18,19158,27.95,7,16.81
8438,2616,69943,84.15,24,58864,71.5,12,5.29
8440,55772,50255,31.76,6,15967,29.05,4,37.5
8442,2029,70170,72.07,25,50583,61.4,13,5.47
8443,46841,66800,69.61,25,46519,59.22,14,16.15
8444,1717,111167,84.17,33,93600,74.79,15,2.46
8446,7735,52914,50.01,14,26466,42.68,7,23.91
8450,10362,51310,59.33,15,30450,56.66,13,22.55
8454,39111,264975,81.7,20,216552,79.74,11,10.42
8455,767,25219,89.9,3,22675,87.77,2,4.8
8458,562,35850,72.45,24,25981,48.85,11,2.59
8462,6882,80387,65.73,21,52861,60.04,13,11.88
8463,3625,150000,81.52,26,122301,76.68,15,4.72
8464,4392,293020,86.85,91,254557,77.56,47,1.39
8465,232,8100,58.22,4,4717,41.56,2,3.39
8466,2240,79826,77.09,28,61555,67.02,13,5.01
8467,1671,48374,82.01,21,39679,73.88,14,4.33
8472,1035,17736,63.04,3,11182,55.75,1,5.72
8473,15356,182292,69.34,19,126432,66.48,11,12.42
8476,7520,166226,69.82,49,116085,61.46,27,8.74
8477,11063,64171,78.16,5,50165,75.87,3,7.22
8478,11116,93972,76.55,14,71945,75.66,12,13.1
8479,375,20055,62.09,7,12455,41.51,1,2.41
8481,2543,66602,66.43,24,44256,53.61,10,7.1
8482,1056,107444,95.14,18,102251,90.26,11,1.21
8485,61,1568,96.18,2,1508,0,0,2.98
8487,19499,26535,55.76,9,14800,45.91,5,12.33
8488,882,73500,87.1,17,64029,81.45,10,2.04
8489,29896,59949,57.01,14,34185,46.04,5,14.6
8490,1101,23760,45.34,12,10776,29.07,4,8.22
8491,1306,7292,9.23,1,674,0,0,22.3
8492,250,33300,92.97,12,30963,88.34,10,1.47
8495,901,127275,91.99,7,117104,89.75,3,1.7
8496,292,35675,87.43,12,31195,84.71,10,1.5
8499,2268,41166,78.79,11,32442,72.65,7,6.14
8707,6333,2570,0,0,0,0,0,43.96
8708,20520,194796,43.65,31,85066,36.61,11,17.1
8710,6851,115504,28.86,29,33356,18.09,11,13.06
8712,6941,808019,76.09,266,615008,63.73,113,1.25
8718,18094,97070,35.24,20,34234,27.19,9,24.07
8719,6772,656426,86.77,136,569735,79.45,63,1.99
8720,8603,89521,56.81,19,50875,47.23,5,13.31
8721,2244,3966,0,0,0,0,0,38.59
8722,5803,52665,62.69,15,33025,56.86,10,12.34
8723,23413,104515,50.6,31,52907,41.3,15,19.33
8724,8407,20298,40.55,6,8236,33.53,4,33.19
8725,12514,112273,32.11,23,36069,25.04,10,22.08
8905,19282,119440,92.37,26,110343,88.78,19,2.31
8906,2908,44037,55.46,15,24431,49.92,11,9.66
8908,14005,315333,89.15,47,281179,86.16,31,3.03
8916,41208,150376,66.97,48,100738,60.48,32,9.73
8916A,281,250,0,0,0,0,0,93.57
8917,1769,162652,83.0,69,135027,66.58,25,0.94
8921,1158,46592,85.56,24,39872,63.01,8,1.37
8923,5165,30376,82.29,10,24999,74.55,6,3.77
8924,17295,83800,38.35,21,32150,29.85,9,29.45
8925,19615,365243,41.2,123,150533,27.42,42,8.8
8926,58043,830282,61.22,137,508555,55.62,61,12.41
8927,26115,419068,83.14,115,348520,73.86,50,3.43
8928,4402,50854,49.16,13,25014,35.67,2,16.5
8929,11845,50581,45.67,10,23109,39.18,5,26.3
8930,5600,81809,67.62,34,55332,56.66,18,12.13
8931,19337,122255,81.6,15,99780,77.52,7,4.73
8932,8971,357963,81.44,87,291603,74.84,50,3.9
8933,43195,326724,52.79,44,172522,47.5,14,14.83
8934,504,7973,94.77,1,7556,94.77,1,1.41
8935,37340,113495,50.86,25,57750,42.71,11,12.65
8936,77145,248078,33.0,59,81940,23.56,24,31.02
8937,3341,431680,90.74,52,391796,87.98,33,1.5
8938,12598,156986,56.9,59,89354,45.02,30,13.12
8940,9401,67491,70.88,24,47850,62.77,16,13.43
8941,2228,34972,67.11,20,23475,45.01,9,6.36
8942,13426,198842,50.83,60,101127,41.73,30,13.65
8996,31470,93502,51.78,45,48432,34.56,18,9.72
8999,387,36000,62.95,28,22672,20.5,3,1.38
9103,21694,205532,10.91,31,22477,3.13,5,28.05
910322,7688,21165,25.49,5,5399,20.93,3,41.34
9105,134871,1655367,23.37,365,387224,13.22,90,20.58
910861,2758,33727,35.09,11,11844,23.31,5,16.66
9110,1769,54498,43.81,25,23889,21.59,6,7.73
911608,2246,34222,29.43,13,10080,9.77,2,16.08
911611,3111,88290,41.32,27,36505,28.83,11,9.24
911613,1405,11111,5.89,1,655,0,0,28.49
911622,1554,30000,51.59,9,15481,42.11,4,13.2
911868,6277,140000,35.87,41,50241,22.63,11,12.34
912000,7041,159294,32.4,45,51644,21.21,15,10.93
9136,4878,138288,66.89,34,92547,61.8,23,8.75
916665,366,816,0,0,0,0,0,57.85
9801,83524,395846,69.29,40,274393,66.02,20,17.13
9802,12240,200992,65.07,61,130832,56.89,32,10.67
9902,45359,98050,56.52,22,55426,50.3,11,17.74
9904,101823,2946787,72.54,426,2138211,68.4,229,7.45
9905,17499,305000,73.64,40,224618,71.92,31,8.44
9906,8508,90376,78.55,25,71005,73.93,18,9.75
9907,55810,1579145,75.02,179,1184882,70.67,71,6.68
9908,16657,516358,80.64,111,416539,74.5,63,5.59
9910,24682,987483,89.08,99,879885,86.65,58,4.17
9911,31155,222390,68.36,57,152063,61.53,35,15.04
9912,61996,54171,60.88,17,32990,56.51,13,16.05
9914,66490,298984,66.13,82,197777,56.97,44,13.1
9917,56160,451197,77.19,98,348390,71.13,54,8.68
9918,25444,180537,84.54,49,152656,77.02,25,2.56
9919,63845,195363,45.78,29,89475,42.54,19,28.06
9921,31450,392065,65.5,117,256852,56.03,60,12.73
9922,10433,216066,69.32,59,149806,59.02,25,7.17
9924,13032,150762,61.79,45,93194,53.62,26,16.11
9925,19279,387490,68.68,87,266209,62.06,46,9.46
9926,4311,179504,83.86,52,150571,73.65,23,2.5
9927,14040,120000,58.88,18,70691,52.67,7,17.91
9928,7225,70725,74.46,14,52675,67.16,6,7.49
9929,3795,101280,88.06,20,89207,83.96,12,2.54
9930,12067,248540,78.18,17,194332,77.24,12,7.91
9931,7917,120369,77.96,28,93876,72.98,18,3.61
9933,53293,900410,60.26,163,542788,53.76,67,10.51
9934,14178,411017,66.74,88,274406,58.26,31,7.38
9935,57856,177839,61.91,72,110134,49.45,34,7.36
9936,11648,105211,28.93,22,30454,19.99,7,19.99
9937,15894,309043,89.03,68,275207,82.45,34,1.97
9938,50220,297964,53.11,83,158307,44.9,43,15.79
9939,30051,295786,60.94,93,180304,51.55,49,15.45
9940,17568,736846,81.31,70,599228,77.78,23,4.64
9941,44891,575636,70.28,60,404601,66.7,29,12.91
9941A,3715,100000,81.98,23,81996,74.62,11,5.83
9942,9741,83161,52.4,26,43584,38.57,8,18.95
9943,15710,125172,71.05,13,88951,69.48,10,16.05
9944,10625,105908,78.79,43,83459,66.13,20,8.6
9945,106297,2844225,64.92,335,1847034,60.94,144,8.53
9946,14218,326554,81.34,39,265677,78.06,20,4.85
9948,73,211,0,0,0,0,0,65.68
9949,11025,44861,74.92,23,33616,58.74,12,10.88
9950,3797,167716,83.18,25,139545,79.86,15,4.81
9951,23508,73300,46.56,20,34135,39.31,11,22.53
9953,520,4384,0,0,0,0,0,18.07
9955,15141,104436,63.08,23,65908,56.32,11,19.25
9957,13119,3220414,96.02,74,3092653,95.48,44,1.0
9958,56325,246897,52.79,61,130391,43.98,23,22.71
9960,9708,33592,74.68,15,25090,56.78,6,6.44
9961,321,69099,93.39,16,64543,89.73,13,0.78
9962,29178,90220,47.07,27,42490,39.96,16,18.22
9965,68,776,0,0,0,0,0,21.58
YFU6,53,23060,88.2,10,20342,79.27,6,0.13
YHU4,553,232690,95.44,8,222100,94.69,4,0.55
YJL5,99,19580,98.67,3,19321,98.67,3,0.89
YJS2,8994,115112,78.86,19,90793,74.07,11,3.39
YY0005,98,445,0,0,0,0,0,50.55
YY0008,55,203,0,0,0,0,0,79.3
YY0024,72,260,0,0,0,0,0,71.15
YY0027,62606,70517,13.01,10,9192,8.18,4,66.24
YY0028,33933,247323,39.71,58,98281,30.61,24,18.26
YY0029,8312,39020,30.62,8,11953,27.5,6,23.23
YY0030,3006,62727,52.21,25,32761,38.56,10,10.37
YY0031,430,4703,0,0,0,0,0,34.82
YY0032,358,3886,0,0,0,0,0,29.75
YY0033,2499,20321,16.08,3,3270,9.84,1,25.57
YY0034,266,1732,0,0,0,0,0,44.73
YY0035,15315,237601,36.4,50,86522,28.79,21,14.63
YY0036,136,348,0,0,0,0,0,75.85
YY0037,3453,80470,85.39,21,68725,79.57,14,5.6
YY0038,268,2681,26.72,1,716,0,0,23.4
YY0039,12876,251304,81.21,56,204132,75.93,35,5.35
YY0040,9037,73163,44.24,13,32376,37.77,6,16.05
YY0041,13705,279801,79.97,55,223817,74.52,33,7.76
YY0042,20038,70867,14.13,10,10025,10.03,5,36.47
YY0043,9595,40154,6.12,4,2463,0,0,52.56
YY0044,53030,445049,18.89,48,84160,15.21,21,29.39
YY0046,37419,554333,32.56,153,180622,21.37,47,13.38
YY0047,78124,1071218,31.56,284,338288,20.61,96,13.52
YY0048,7717,98824,49.19,27,48633,40.47,14,12.02
YY0049,33784,38919,26.14,7,10185,20.48,4,43.7
YY0050,55832,236329,21.49,50,50827,10.51,10,31.22
YY0051,7684,77665,33.55,17,26066,25.26,6,14.42
YY0052,4536,202305,69.05,68,139736,57.85,32,3.01
YY0053,24717,241622,46.72,45,112963,40.87,23,22.58
YY0054,5674,106960,46.9,29,50181,38.19,14,7.88
YY0055,5313,124278,46.61,56,57944,25.77,18,7.82
YY0056,2186,19785,51.38,8,10169,35.64,3,5.12
YY0057,4858,148095,56.69,40,83990,47.49,19,6.47
YY0058,3345,57761,35.85,18,20715,23.33,7,10.95
YY0059,1060,22565,21.04,6,4749,0,0,8.29
YY0060,683,9827,13.47,2,1325,0,0,14.8
YY0061,6537,53313,22.6,16,12061,8.43,4,19.27
YY0062,18064,320867,23.52,71,75558,13.23,19,16.37
YY0063,8957,20255,2.65,1,537,0,0,54.49
YY0064,5253,97705,63.74,30,62300,52.91,12,6.33
YY0065,17193,219939,28.27,56,62215,16.96,13,15.21
YY0066,19916,331819,30.0,79,99601,19.29,21,13.57
YY0067,6896,153056,29.28,49,44839,17.56,18,11.87
YY0068,28717,405859,23.26,66,94498,15.42,14,17.8
YY0070,22543,322847,33.94,85,109648,20.55,18,16.02
YY0071,14737,80724,18.82,11,15200,15.18,6,30.05
YY0072,2511,27503,18.32,8,5044,0,0,17.28
YY0073,2184,36644,35.76,16,13112,18.51,5,8.92
YY0074,10690,104252,17.59,22,18352,7.45,5,24.69
YY0075,3110,16424,9.66,3,1588,0,0,29.02
YY0076,450,450,0,0,0,0,0,100.0
YY0077,299,754,0,0,0,0,0,78.63
YY0078,330,2412,0,0,0,0,0,27.55
YY0079,79,330,0,0,0,0,0,63.93
YY0080,308,895,0,0,0,0,0,62.39
