stock_no,people,lots,b4_pct,b4_people,b4_lots,b1_pct,b1_people,s10_pct
00400A,138761,2136640,19.09,222,408356,14.39,55,17.38
00401A,17270,219895,19.83,26,43669,16.82,15,22.77
00402A,49320,727627,18.57,106,135290,11.28,18,20.96
00403A,1031121,18144519,17.29,2092,3139991,11.66,398,15.85
00404A,23646,368795,24.91,33,91977,21.92,14,20.28
00405A,164143,3749745,23.66,506,887624,17.36,116,12.08
00406A,71173,1738562,20.3,350,353182,10.4,64,11.4
00407A,159041,3140739,21.86,445,687195,14.84,90,14.31
00408A,8760,167134,31.42,37,52547,20.72,10,15.75
00410A,5059,210860,58.36,35,123099,51.01,10,7.71
0050,3544519,22457500,26.51,920,5956817,24.88,274,26.43
0051,13300,24500,12.71,5,3116,0,0,56.32
0052,470526,2681500,20.64,166,553914,18.4,68,35.42
0053,6406,5488,19.13,1,1050,19.13,1,50.82
0055,13285,86154,45.33,19,39076,37.87,7,26.39
0056,1659531,14330034,12.08,720,1733748,9.82,157,25.57
0057,3439,1527,0,0,0,0,0,33.08
0061,6075,96616,33.18,23,32069,22.99,6,15.57
006201,3575,23946,49.12,8,11767,35.9,3,27.53
006203,2817,10218,73.2,4,7481,52.61,1,9.77
006204,1164,1500,0,0,0,0,0,46.14
006205,8947,94939,45.65,28,43353,32.79,7,17.64
006206,3158,27278,20.98,4,5725,14.77,2,24.94
006207,1583,20892,15.05,5,3148,0,0,16.9
006208,712157,1860040,10.43,61,194345,9.77,40,51.98
00631L,344619,7958848,29.4,1564,2341691,20.24,332,9.82
00632R,61421,2439208,48.8,724,1190771,35.22,190,5.02
00633L,3599,118958,35.93,41,42746,20.58,12,6.69
00634R,782,47256,57.43,17,27150,40.07,6,3.62
00635U,57218,309514,20.92,32,64847,17.96,16,32.99
00636,8283,95825,21.98,20,21071,14.03,6,19.81
00637L,11523,743106,57.7,274,428927,42.8,93,3.51
00638R,515,24448,53.71,8,13136,39.01,2,4.85
00639,5731,96403,25.41,22,24509,14.87,7,13.39
00640L,1245,6419,19.72,2,1266,0,0,28.05
00641R,1316,80758,52.71,32,42585,38.83,14,3.39
00642U,10162,90821,39.01,15,35456,33.29,7,22.24
00643,3203,72503,39.71,20,28809,26.05,5,11.58
00645,9877,42997,23.65,10,10178,11.99,2,36.76
00646,108741,586485,42.3,73,248251,37.45,28,25.21
00647L,1472,6416,30.14,1,1934,30.14,1,27.06
00648R,2413,142188,46.01,38,65448,35.84,14,3.6
00650L,2176,101838,51.52,37,52483,42.99,21,4.48
00651R,412,32192,68.65,16,22105,50.61,7,2.89
00652,9452,62535,31.09,14,19452,25.29,7,28.24
00653L,1229,13403,14.18,2,1901,9.66,1,19.7
00654R,379,19466,53.06,9,10331,35.77,3,4.34
00655L,2164,57958,30.34,19,17593,15.87,5,8.47
00656R,319,20357,73.17,13,14900,45.22,4,3.13
00657,1654,6584,22.13,2,1458,0,0,37.51
00660,1029,7531,33.43,4,2518,13.42,1,17.0
00661,7290,23425,16.69,5,3912,6.73,1,42.69
00662,107701,894529,38.17,95,341514,34.28,32,15.39
00663L,17070,173663,26.23,23,45585,22.7,13,20.22
00664R,7539,715575,56.43,351,403985,35.79,115,2.07
00665L,4935,412965,59.16,156,244402,44.88,61,2.34
00666R,137,14624,80.91,7,11833,75.51,6,1.6
00668,1986,7483,23.34,2,1747,16.98,1,31.87
00669R,3218,205117,45.94,66,94275,34.08,25,3.4
00670L,12517,76645,11.27,9,8652,6.0,3,27.8
00671R,3557,534384,70.36,202,376098,54.67,68,1.21
00673R,9306,524551,48.41,173,254055,34.67,55,3.58
00674R,1330,14921,46.94,4,7004,46.94,4,17.33
00675L,20401,115286,15.96,11,18427,11.39,4,31.55
00676R,4271,166334,41.04,57,68290,25.65,17,4.99
00678,1814,8448,21.79,4,1841,0,0,27.95
00679B,234931,6273192,43.11,679,2705386,38.02,145,8.93
00680L,19421,1489576,54.4,523,810784,39.42,158,2.72
00681R,91,7594,91.0,6,6911,73.98,4,1.32
00682U,259,7644,77.33,4,5912,51.67,2,3.82
00683L,330,11434,65.34,6,7472,52.95,3,4.91
00684R,180,9688,80.36,6,7787,63.21,4,3.45
00685L,219364,6778836,33.76,1630,2289981,22.18,323,8.15
00686R,1955,209776,61.96,90,130014,44.34,31,1.91
00687B,154832,4285880,42.27,558,1812936,36.39,134,8.74
00688L,9364,633115,49.27,217,312077,34.56,70,3.09
00689R,50,6889,86.54,5,5963,59.32,2,0.41
00690,17273,83830,12.43,12,10433,5.77,3,36.47
00692,91896,615280,16.8,34,103481,14.97,17,33.33
00693U,3165,75166,41.53,22,31224,34.43,12,9.57
00694B,1967,36576,72.31,7,26458,65.88,4,9.4
00695B,2261,40186,75.18,10,30219,68.29,6,10.29
00696B,10954,607681,83.22,28,505804,82.17,18,4.15
00697B,6474,63212,23.99,12,15177,19.9,8,21.84
00700,2652,34983,18.85,7,6597,8.7,1,16.72
00701,38297,170391,7.31,13,12473,5.33,6,50.92
00702,1169,6688,54.8,5,3666,30.76,2,25.69
00703,1033,9550,22.68,3,2167,0,0,23.21
00706L,6236,134771,32.8,31,44250,24.06,12,9.7
00708L,15986,127573,21.68,25,27687,12.87,7,24.59
00709,2328,15460,40.48,10,6260,8.0,1,23.06
00710B,3638,180761,82.44,10,149058,80.75,5,4.77
00711B,794,871761,99.33,5,866158,99.18,3,0.16
00712,134317,4959511,32.2,1111,1597881,21.34,199,6.1
00713,270806,1710012,23.17,75,396666,21.96,44,31.85
00714,2421,21567,50.8,12,10961,18.93,2,22.1
00715L,7521,109692,38.44,24,42196,31.51,13,13.67
00717,7629,121605,27.15,26,33045,17.52,8,15.76
00719B,13962,301514,32.17,52,97065,25.13,18,10.73
00720B,78764,4049609,65.64,306,2658739,62.31,76,4.56
00722B,13570,1455239,90.01,45,1310086,89.37,28,2.46
00723B,462,1519583,99.74,13,1515831,99.68,11,0.05
00724B,6222,3022275,97.65,33,2951644,97.44,22,0.5
00725B,41622,3689206,82.0,161,3025770,80.23,55,2.74
00726B,1739,1187489,97.96,17,1163538,97.6,10,0.33
00727B,714,56689,90.41,6,51258,87.14,3,2.71
00728,9522,38923,2.44,2,953,0,0,50.01
00730,13279,70044,16.53,9,11594,11.91,4,40.95
00731,8382,20600,10.94,3,2257,0,0,58.09
00733,21255,67466,16.47,7,11120,14.9,5,51.41
00734B,523,24979,82.5,2,20611,80.06,1,4.81
00735,34880,125789,18.75,21,23595,12.37,7,40.5
00736,512,6727,74.18,6,4991,42.69,2,9.53
00737,5415,22538,15.35,5,3460,4.88,1,43.46
00738U,33687,242799,17.85,41,43380,11.11,12,27.29
00739,1975,25988,40.79,10,10605,18.76,2,17.3
00740B,5983,2185971,96.81,48,2116800,96.33,31,0.59
00741B,1135,13128,50.31,3,6607,37.85,1,17.9
00746B,1330,2547464,99.57,27,2536956,99.46,21,0.09
00749B,200,1110500,99.78,8,1108211,99.75,7,0.02
00750B,72,148000,99.67,4,147532,99.32,3,0.04
00751B,67361,5127603,75.22,321,3858025,72.59,92,3.01
00752,17281,258216,32.02,33,82739,27.27,13,16.29
00753L,10133,683657,52.79,234,361067,38.39,73,3.18
00754B,448,1277900,99.74,14,1274670,99.74,14,0.06
00755B,1019,280230,97.8,8,274089,97.59,7,0.82
00756B,2335,1266300,97.55,18,1235500,97.23,11,0.39
00757,68959,288994,35.75,29,103338,33.27,17,31.23
00758B,123,5525,90.49,1,5000,90.49,1,2.23
00759B,113,47525,98.89,1,47000,98.89,1,0.16
00760B,636,435020,99.15,6,431350,99.15,6,0.28
00761B,3440,2730589,98.54,30,2691436,98.43,25,0.28
00762,22956,48248,20.64,7,9966,15.37,3,51.36
00763U,3945,43065,55.4,13,23867,49.89,10,17.42
00764B,8361,1541000,94.12,32,1450569,93.75,21,1.34
00768B,1650,770100,98.37,30,757664,97.84,23,0.36
00770,18033,78958,13.8,10,10904,7.55,4,41.25
00771,2064,14225,16.77,2,2387,11.94,1,30.02
00772B,40885,3357790,80.53,140,2705006,78.88,44,2.86
00773B,8974,2585790,95.66,42,2474098,95.3,26,0.81
00775B,185,232100,99.85,8,231786,99.23,6,0.07
00777B,210,2076650,99.92,14,2075360,99.88,13,0
00778B,185,1522150,99.92,10,1521080,99.92,10,0.01
00779B,649,1297150,99.57,8,1291737,99.5,7,0.1
00780B,1295,246602,97.36,9,240105,97.02,8,1.26
00781B,676,8336,30.34,3,2531,17.99,1,18.5
00782B,1237,19967,22.31,4,4459,14.59,2,15.96
00783,816,7031,10.02,1,705,0,0,26.28
00785B,247,1063466,99.83,11,1061808,99.7,8,0.02
00786B,1312,21066,35.87,7,7560,21.08,2,16.04
00787B,1018,11806,38.5,5,4548,16.94,1,18.01
00788B,1495,24706,25.13,7,6211,13.08,2,15.01
00789B,362,455600,99.38,11,452790,99.07,9,0.17
00791B,98,279100,99.67,6,278204,99.67,6,0.02
00792B,445,2276615,99.87,15,2273920,99.81,13,0.02
00793B,400,2526,0,0,0,0,0,31.07
00795B,37653,1520098,55.73,141,847485,51.85,42,5.96
00799B,1673,25036,21.64,6,5420,6.92,1,16.37
00830,176848,818465,22.79,59,186653,20.18,24,35.17
00834B,138,23198,94.36,4,21890,94.36,4,0.97
00836B,425,611041,99.6,13,608691,99.22,9,0.11
00840B,91,59431,99.27,3,59000,99.27,3,0.15
00841B,117,70440,99.43,5,70045,98.66,4,0.2
00842B,891,18267,45.99,5,8404,39.59,3,11.0
00844B,302,222175,99.14,5,220285,98.95,4,0.31
00845B,221,237051,99.52,4,235931,99.34,3,0.12
00846B,263,74350,98.18,2,73000,98.18,2,0.49
00847B,398,4305,21.92,1,944,0,0,19.94
00848B,156,136066,99.21,2,135000,99.21,2,0.13
00849B,109,486106,99.81,6,485236,99.6,4,0.01
00850,80801,416944,17.44,31,72827,15.29,18,39.31
00851,2166,5525,27.87,1,1540,27.87,1,42.99
00852L,463,8365,67.62,3,5658,51.59,1,7.89
00853B,2344,178134,91.13,10,162372,89.53,5,3.29
00856B,410,6792,62.27,3,4231,44.16,1,9.09
00857B,15997,517768,52.14,64,270103,47.14,21,7.75
00858,19378,117374,15.73,14,18479,11.65,6,30.31
00859B,1466,25511,22.53,6,5750,16.63,3,12.46
00860B,347,2671,15.31,1,409,0,0,23.19
00861,19724,69912,5.49,4,3848,3.3,2,53.43
00862B,1512,879381,98.3,11,864592,98.1,8,0.4
00863B,338,511964,99.56,8,509731,99.42,7,0.12
00864B,3419,98222,32.82,21,32260,25.45,9,7.24
00865B,9057,280744,30.2,43,84812,22.83,9,6.4
00867B,206,565150,99.82,10,564140,99.72,9,0.06
00870B,322,564151,99.6,9,561939,99.42,7,0.1
00875,4910,13488,15.71,2,2121,11.27,1,48.79
00876,23385,94024,27.34,10,25722,24.18,5,39.72
00877,13239,157788,16.16,26,25529,9.61,10,21.17
00878,1634456,18486790,10.99,863,2035293,8.85,149,20.28
00881,334090,2517403,15.36,109,387197,13.83,43,31.24
00882,83874,1969349,26.24,391,517336,16.79,83,10.39
00884B,210,75440,98.75,4,74504,98.75,4,0.41
00885,49700,610738,17.48,90,106903,11.52,31,19.16
00886,1202,4451,13.66,1,608,0,0,45.5
00887,20105,440351,32.39,111,142661,20.84,31,11.21
00888,96500,697478,12.5,37,87306,10.58,14,33.96
00890B,710,18264,71.17,2,13000,65.7,1,8.31
00891,179248,1774090,13.18,99,234089,10.87,29,25.46
00892,47253,331292,17.22,29,57139,14.48,16,33.6
00893,57805,359884,8.37,20,30169,5.7,5,38.82
00894,25559,148509,15.37,11,22830,13.91,8,38.37
00895,29582,146916,10.42,8,15331,9.33,5,43.94
00896,49537,393380,8.93,24,35212,6.62,9,32.67
00897,10164,141512,20.85,26,29538,12.72,7,20.69
00898,9970,140476,19.51,26,27438,10.66,7,21.64
00899,3852,16135,5.69,1,919,0,0,44.02
00900,133713,1595525,14.62,91,233641,12.09,23,22.81
00901,12077,63349,13.8,11,8756,6.31,3,40.86
00902,18244,227497,18.28,29,41626,14.14,13,21.75
00903,7236,49221,12.67,5,6245,10.23,3,36.75
00904,24933,163112,12.58,17,20548,5.94,4,35.85
00905,44769,361327,8.04,19,29126,6.16,7,31.31
00907,20057,149133,11.42,13,17045,8.84,7,33.35
00908,2756,35416,36.65,8,12984,27.58,4,18.87
00909,26996,105204,12.31,9,12958,8.66,3,45.52
00910,40858,126439,16.0,12,20264,12.87,5,47.13
00911,13311,30903,19.72,6,6097,12.53,2,54.24
00912,8537,61253,22.25,8,13647,18.08,4,32.57
00913,11664,55766,17.85,6,9963,14.59,4,39.86
00915,73261,514483,16.01,36,82523,13.95,18,35.83
00916,20765,115419,15.96,15,18437,10.44,6,39.59
00917,11893,61478,16.55,10,10193,10.56,4,39.1
00918,266547,3378764,12.08,194,408849,9.67,53,20.41
00919,1381601,18177135,10.83,1029,1972037,8.07,152,17.91
00920,7005,20280,20.45,5,4152,10.8,2,47.03
00921,8973,55270,11.68,5,6460,8.8,3,39.83
00922,189397,2157686,31.46,108,679245,29.35,32,20.99
00923,111723,869923,15.0,38,130625,13.56,18,32.56
00924,55170,435603,23.85,28,103941,21.63,13,27.34
00926,9220,100482,55.86,11,56149,50.86,4,20.05
00927,140645,1355397,12.73,85,172743,10.12,27,26.87
00928,7466,44856,15.11,7,6785,9.73,3,36.17
00929,432303,4829139,9.54,199,462085,7.76,47,22.54
00930,19253,128779,7.78,8,10058,6.12,5,38.44
00931B,34259,2251398,76.39,104,1720339,74.63,39,4.09
00932,13758,116783,11.17,9,13056,9.44,6,32.88
00933B,78471,6389958,76.11,419,4864115,73.01,97,3.0
00934,48710,427526,11.16,25,47827,8.98,11,30.7
00935,123163,875504,22.44,52,196605,20.9,28,28.84
00936,22792,199297,9.71,8,19382,9.08,6,31.15
00937B,212612,16880305,60.72,3064,10252131,51.97,609,2.7
00938,6358,98016,43.73,10,42873,43.23,9,19.03
00939,103501,1178476,7.0,49,82752,5.07,14,26.84
00940,323988,5376365,12.39,418,666706,8.66,82,18.02
00941,48646,459791,13.82,36,63632,10.36,12,28.41
00942B,9972,2000959,89.69,68,1794982,88.59,30,1.35
00943,4061,40389,33.49,7,13530,27.34,3,26.78
00944,7950,53581,9.99,7,5363,4.58,2,37.69
00945B,18525,794318,40.45,127,321441,33.48,36,5.43
00946,36832,459246,19.17,32,88153,16.93,13,22.51
00947,39420,309364,25.6,31,79281,22.3,16,29.59
00948B,26630,3959927,81.03,306,3209359,77.7,91,1.59
00949,17651,171928,21.29,26,36639,16.04,11,27.84
00950B,12352,4071309,90.87,140,3700740,89.58,50,0.7
00951,15864,225542,26.46,35,59733,21.35,15,18.36
00952,22826,246775,11.93,27,29494,5.97,6,24.97
00953B,48068,4151675,52.52,1248,2181584,38.56,291,2.31
00954,11314,119747,19.86,17,23815,13.77,6,23.74
00955,39706,552931,30.12,68,166699,25.69,27,18.03
00956,3248,34130,23.14,6,7905,18.13,4,23.07
00957B,4004,189763,50.8,30,96436,44.06,11,5.98
00958B,4363,123271,24.75,26,30538,17.47,10,10.12
00959B,9360,507836,48.6,78,246928,41.53,21,4.53
00960,9003,56495,16.26,6,9189,14.53,5,39.63
00961,34009,466511,7.37,34,34466,4.04,7,19.88
00962,5745,53920,22.95,10,12386,13.24,3,27.45
00963,4591,104433,30.63,22,32005,22.67,10,10.27
00964,4269,70624,22.71,15,16045,14.31,5,14.04
00965,34342,436492,44.1,45,192584,40.85,23,18.58
00966B,3957,118732,38.1,20,45245,31.15,8,10.49
00967B,2610,179907,71.83,33,129269,63.78,12,4.07
00968B,8319,742511,66.28,94,492282,61.67,39,2.82
00969B,2100,156133,71.05,45,110974,61.69,21,3.69
00970B,5905,379229,60.1,60,227995,53.83,24,4.37
00971,6859,56677,18.5,9,10497,13.06,4,29.4
00972,1669,16672,33.69,3,5618,31.26,2,22.68
009800,20020,286391,24.61,46,70543,19.48,21,17.88
009801,8225,97119,26.58,16,25830,21.02,8,22.1
009802,39968,530495,13.53,51,71861,8.87,13,21.2
009803,20447,191828,16.1,18,30919,13.69,11,25.9
009804,18849,157392,8.46,14,13345,4.49,4,29.86
009805,53930,611816,22.16,68,135703,17.92,24,22.59
009806,1100,14161,57.63,5,8162,53.25,4,16.8
009807,1185,14260,56.2,7,8016,39.65,3,19.74
009808,4417,40511,9.21,3,3733,6.91,2,31.64
009809,2579,32363,34.17,7,11062,29.51,4,21.58
00980A,70686,807230,26.77,58,216199,24.35,24,22.78
00980B,1533,53569,46.05,14,24679,37.55,6,7.56
00980D,3348,100457,42.01,27,42219,32.48,10,7.65
00980T,3268,72418,50.44,11,36543,43.25,3,12.9
009810,1915,19154,32.42,5,6213,22.43,2,23.05
009811,23382,245950,20.17,34,49637,14.42,11,24.44
009812,5964,96882,39.29,22,38079,31.45,10,16.09
009813,24278,339824,23.45,52,79769,17.53,18,20.02
009814,12692,145576,19.0,20,27703,14.49,9,23.05
009815,30825,455170,22.82,60,103921,17.28,19,18.78
009816,922875,12132844,19.71,1425,2394439,14.18,282,19.27
009817,10397,228936,26.16,52,59941,16.65,13,13.17
009818,5259,51152,9.14,2,4680,9.14,2,32.56
009819,54414,657745,17.9,57,117821,14.24,21,24.7
00981A,1004646,10741709,25.85,1014,2779358,21.69,271,20.94
00981B,15367,1385613,51.73,495,717254,35.12,117,2.07
00981D,8567,499800,44.39,152,221948,29.62,33,3.51
00981T,7972,227261,34.07,58,77468,22.56,17,8.96
009820,40548,1253202,39.37,250,493585,29.88,60,9.4
009821,69242,710340,13.35,58,94956,10.41,23,28.47
009822,6587,98056,9.95,11,9775,3.89,2,24.0
009823,34257,368317,22.11,38,81498,17.13,9,27.25
009824,50679,641847,21.32,81,136962,15.16,16,23.96
009825,5477,186708,21.41,38,40006,10.64,6,8.93
009826,36922,483804,26.97,99,130643,17.26,19,19.82
00982A,181008,2263936,14.92,177,338165,11.23,36,21.09
00982B,768,27400,64.89,6,17783,63.07,5,6.46
00982D,2764,73229,35.93,21,26326,26.12,9,9.95
00982T,1740,17597,33.92,6,5971,15.81,2,28.2
00983A,10033,98186,22.96,15,22562,17.83,7,25.37
00983B,811,26153,56.32,7,14731,47.54,3,7.44
00983D,3941,101697,31.56,32,32125,15.46,7,7.4
00984A,64617,653958,14.95,44,97861,12.38,19,26.28
00984B,3632,123933,35.56,29,44091,27.53,11,6.93
00984D,10084,700057,43.91,244,307500,27.82,66,3.04
00985A,47367,466789,17.02,40,79516,14.01,16,26.4
00985B,8029,603001,57.45,137,346553,47.86,44,3.29
00985D,1841,85732,62.57,20,53654,51.36,6,5.16
00986A,4889,41327,18.62,7,7709,12.49,3,30.91
00986B,399,24262,82.31,9,19973,73.34,5,3.64
00986D,2336,150677,52.1,44,78555,42.48,22,3.59
00987A,18672,177143,17.83,19,31619,12.95,6,29.39
00987B,2113,70327,55.67,25,39166,38.42,8,7.87
00988A,241424,3437437,23.5,389,808733,18.28,92,17.7
00988B,4718,125333,28.94,28,36293,21.16,12,9.92
00989A,6989,78117,25.88,9,20227,23.53,6,23.22
00989B,1746,59452,43.04,13,25599,34.19,6,9.04
00990A,125753,2466022,34.75,405,857370,26.95,102,13.32
00990B,3176,89350,46.52,20,41586,38.67,9,11.09
00991A,342091,5237416,28.82,516,1510579,24.51,139,16.85
00991B,306,223328,98.67,12,220407,97.13,7,0.29
00992A,191175,2546955,20.2,238,514642,15.93,61,20.49
00993A,49959,770591,16.31,101,125805,10.4,22,18.91
00994A,31489,306690,17.81,31,54693,13.35,8,25.25
00995A,26165,303535,17.39,29,52847,13.86,10,25.2
00996A,25012,322399,18.93,40,61100,13.22,9,22.39
00997A,72235,1266877,21.24,152,269223,15.52,33,16.53
00998A,15778,211609,40.24,23,85169,37.58,13,19.13
00999A,96435,1180517,13.38,93,158191,9.79,24,24.87
01001T,1361,583000,93.27,61,543854,90.1,28,0.5
01002T,3274,1393000,93.68,113,1305365,91.25,61,0.54
01004T,1238,730200,94.05,82,686924,90.4,38,0.31
01007T,1829,720000,92.85,82,668752,89.69,45,0.48
01009T,952,300000,90.29,61,270933,85.6,40,0.64
01010T,852,2308170,98.74,80,2279385,98.03,55,0.04
1101,508111,7523182,56.09,913,4220413,52.06,415,12.85
1101B,7430,200000,94.1,22,188230,91.29,14,2.16
1102,104131,3546563,81.35,333,2886006,79.11,197,6.12
1103,74208,832875,80.4,137,669794,76.75,87,5.83
1104,56003,686682,73.01,109,501492,67.24,44,8.17
1107,3436,10100,99.7,1,10070,99.7,1,0.29
1108,12985,404738,79.37,74,321324,74.84,43,6.46
1109,12110,341159,79.69,71,271917,72.89,36,5.91
1110,5196,572001,93.98,57,537697,91.63,37,0.98
1113O,178,840,0,0,0,0,0,63.21
1113R,381,2129,0,0,0,0,0,30.62
1201,87822,506063,63.78,64,322848,59.13,26,12.41
1203,55258,240000,90.91,50,218253,86.74,35,2.92
1204,3519,18375,45.74,6,8407,31.77,2,19.64
1207,46688,464094,77.27,48,358698,75.29,31,9.48
1210,99290,894767,65.49,133,586198,61.09,69,14.73
1212,30400,174139,44.23,45,77058,35.58,20,17.35
1213,6582,56623,81.63,12,46225,77.06,8,7.22
1215,97311,294790,57.84,34,170573,54.42,19,24.26
1216,144822,5682015,89.54,765,5088402,86.0,452,3.98
1217,138405,494513,61.45,130,303993,54.09,72,14.66
1218,82807,499999,67.05,65,335364,63.2,35,11.66
1219,53042,341238,63.46,75,216591,58.78,51,10.7
1220,47238,177078,67.61,46,119758,60.42,27,10.66
1221,18662,95034,34.18,22,32505,25.85,10,21.97
1224,3614,71910,88.36,20,63549,82.38,13,3.39
1225,43527,242268,89.56,39,217017,87.19,29,3.4
1227,53574,915090,67.55,73,618217,64.53,30,12.79
1228,1583,11130,37.93,5,4224,12.17,1,11.98
1229,105367,1831880,65.62,169,1202555,62.87,82,10.1
1231,35368,298454,64.84,27,193552,62.95,17,16.69
1232,17034,159975,73.79,11,118050,72.08,6,12.84
1233,10258,90592,75.46,27,68386,68.04,15,4.86
1234,24262,401871,83.09,137,334044,74.24,80,5.61
1235,2935,188578,96.32,15,181655,95.38,12,1.1
1236,11832,86674,83.23,23,72159,78.32,18,7.16
1238,2041,29946,11.73,4,3516,8.56,2,21.52
1240,3048,44232,69.69,25,30832,49.16,11,8.3
1256,6254,35781,59.9,10,21440,47.11,3,17.56
1259,16357,32390,77.51,9,25111,71.38,6,8.84
1260,1315,102098,76.38,30,78005,70.62,20,2.04
1264,9143,37052,47.27,16,17524,24.84,5,23.96
1268,3354,42224,78.11,17,32982,72.16,12,8.46
1269,698,20902,77.74,7,16253,72.74,5,3.18
1271,2944,77089,74.09,19,57139,64.41,7,5.84
1293,402,17094,74.31,11,12705,42.38,4,3.17
1294,4483,30572,56.23,13,17195,40.77,6,11.69
1295,3137,34475,56.5,14,19486,44.95,8,15.83
1301,306444,6365741,74.23,585,4726659,71.4,297,9.44
1303,270551,7930822,86.18,690,6835427,83.7,381,4.99
1304,100621,1188764,60.46,111,718906,57.22,48,13.86
1305,72842,581050,50.99,60,296333,47.04,21,16.82
1306,6134,44532,21.33,4,9502,19.4,2,23.56
1307,17724,397818,81.25,62,323271,78.3,43,6.43
1308,76603,593744,51.72,59,307231,48.58,30,16.59
1309,79166,397587,46.13,33,183480,42.56,9,22.27
1310,106305,527870,30.05,90,158749,23.39,30,25.04
1312,136120,1506620,59.18,177,891837,55.0,74,13.64
1312A,1273,20000,54.33,12,10870,21.4,2,13.59
1313,62797,1330846,67.81,165,902736,63.48,70,9.63
1314,308655,3784850,40.67,760,1540117,32.31,240,14.87
1315,5912,99099,81.1,42,80387,71.05,25,6.53
1316,60809,401646,43.1,89,173211,32.96,24,17.19
1319,34035,591477,78.67,98,465439,75.2,61,9.82
1321,3992,227228,70.38,94,159983,53.29,34,2.66
1323,14033,91275,70.57,36,64434,61.14,23,8.61
1324,23493,75122,66.17,20,49716,60.69,13,16.57
1325,36190,85281,48.54,10,41404,44.85,5,27.53
1326,191354,5861186,81.83,508,4797390,79.39,277,6.24
1333,15929,74515,51.19,14,38163,43.03,3,10.99
1336,12161,77614,50.59,22,39281,38.11,6,11.55
1337,52477,268955,47.48,55,127753,38.92,18,14.59
1338,55872,83840,42.9,23,35991,33.97,12,18.9
1339,7290,74124,75.21,16,55760,72.51,13,11.16
1340,61782,152923,34.78,25,53213,28.15,7,19.79
1341,9778,52851,83.7,16,44244,75.97,9,2.61
1342,8797,78001,58.57,15,45696,51.58,5,17.17
1343,1248,40514,66.15,22,26810,42.18,7,5.77
1402,90494,5352875,88.61,423,4744638,86.65,256,3.05
1407,162230,441025,35.26,76,155617,28.85,29,29.77
1407A,4925,67904,53.45,9,36304,52.82,8,18.88
1408,70751,351978,20.68,72,72860,12.52,23,29.38
1409,152072,1618409,63.18,214,1022857,59.74,123,14.12
1410,6666,62000,76.19,19,47248,68.17,11,5.37
1413,8523,132112,75.95,26,100366,69.43,13,5.84
1414,26735,198000,88.5,37,175250,83.39,22,4.73
1416,45768,185342,54.48,38,101003,48.75,21,14.75
1417,55608,189942,58.34,51,110854,48.21,20,16.54
1418,30623,56834,71.48,19,40638,58.95,7,5.47
1419,16970,300041,90.57,71,271795,85.53,48,2.16
1423,18225,99648,83.37,29,83099,74.55,15,4.88
1432,255758,108000,54.91,16,59311,53.42,13,29.85
1434,65240,1684665,71.87,166,1211141,68.46,70,7.84
1435,33200,139780,94.87,24,132627,93.05,19,2.24
1436,14608,194152,76.07,37,147722,72.69,26,9.71
1437,8620,201871,79.53,75,160596,67.17,37,4.81
1438,5049,111206,83.2,29,92541,76.53,18,4.94
1439,4414,92000,84.94,31,78161,74.67,17,4.93
1440,95082,1656816,77.82,270,1289775,73.06,144,7.02
1441,14814,71744,65.0,15,46655,58.35,7,19.74
1442,8689,366211,87.02,108,318734,78.58,63,3.31
1443,15744,135343,89.91,40,121706,81.1,21,2.76
1444,61834,995595,63.96,136,637014,59.95,72,10.81
1445,11901,130666,68.63,39,89700,60.41,21,7.65
1446,8060,137710,65.5,28,90221,61.86,19,8.87
1447,44116,910071,69.95,126,636719,65.76,66,10.44
1449,45683,127115,38.33,27,48742,32.28,15,24.23
1450,15137,78982,25.78,14,20375,21.0,8,25.49
1451,16813,198000,63.86,41,126479,56.63,15,10.91
1452,47108,132641,49.02,40,65038,37.99,18,15.28
1453,14125,113243,75.65,18,85693,73.7,14,12.39
1454,13819,129834,81.71,35,106118,77.53,27,6.47
1455,35216,531688,66.91,78,355853,62.91,42,11.78
1456,4559,93720,85.67,15,80307,80.84,8,3.32
1457,16667,316730,74.75,70,236847,68.56,39,6.72
1458,21167,260752,59.76,59,155865,51.04,23,13.67
1459,12512,268972,83.85,61,225588,77.97,36,4.9
1460,24162,694643,71.95,123,499880,65.23,51,6.39
1462,61170,300624,46.49,99,139820,34.37,37,16.03
1463,33470,173268,81.44,41,141151,74.92,20,5.14
1464,63451,425576,61.47,86,261679,54.4,38,9.95
1465,10247,103607,72.77,38,75419,62.37,22,10.12
1466,21894,111157,68.14,33,75772,62.0,23,10.9
1467,18009,233625,67.08,45,156752,59.29,17,10.27
1468,1331,160405,97.53,18,156462,96.81,16,0.43
1469,336,87218,92.35,28,80568,87.63,21,0.17
1470,1213,85767,87.21,36,74807,70.21,13,0.74
1471,56500,150415,22.63,24,34048,16.99,8,29.98
1472,3615,52488,81.19,17,42627,69.84,7,2.65
1473,12653,146154,71.66,30,104777,69.22,24,9.97
1474,16437,129897,59.44,32,77231,53.01,17,13.42
1475,2296,66017,76.27,16,50371,68.98,8,4.37
1476,17798,274367,81.55,79,223789,74.55,47,5.64
1477,27706,246694,64.43,87,158990,53.58,45,13.77
1480,364,416085,98.22,60,408734,94.46,37,0.16
1491,1719,54818,59.65,24,32708,46.3,13,3.37
1492R,86,526,0,0,0,0,0,36.14
1503,80128,520972,73.59,67,383478,70.63,42,14.38
1504,208965,2376441,69.57,229,1653639,66.81,121,15.0
1506,21405,300389,77.19,46,231961,71.34,16,4.22
1512,20031,98183,53.93,19,52964,47.85,8,9.52
1513,163262,503113,43.44,75,218631,38.74,37,37.28
1514,99662,273108,40.84,59,111570,32.47,23,36.66
1515,23484,181474,50.47,36,91638,41.47,12,19.97
1516,44979,40008,64.82,15,25938,58.69,11,11.76
1517,46368,220000,49.03,31,107902,45.02,16,22.17
1519,85806,315881,72.64,75,229521,65.98,42,14.33
1521,23512,76230,67.66,12,51594,66.04,10,13.42
1522,30416,312898,57.64,51,180398,52.4,24,19.93
1522A,1461,30000,89.08,10,26728,81.87,7,4.51
1524,45838,165310,37.73,19,62393,35.45,12,31.4
1525,3226,73400,88.52,8,64982,86.58,6,5.53
1526,52313,60000,38.78,13,23275,29.94,3,23.97
1527,64510,138571,32.51,21,45070,28.28,11,28.95
1528,91198,191331,30.12,12,57639,27.74,4,38.41
1529,28325,155095,45.41,22,70475,41.06,11,25.34
1530,10822,94594,75.88,15,71792,70.06,6,11.17
1531,12845,182108,64.31,53,117154,54.09,21,9.33
1532,19708,422604,66.3,105,280244,58.53,52,8.56
1533,9894,98547,63.27,35,62371,52.11,18,17.14
1534,4103,67733,46.92,19,31799,35.3,7,13.12
1535,9924,123743,75.63,10,93602,75.22,9,11.25
1536,83896,278960,34.18,55,95411,27.94,26,31.16
1537,15524,82063,51.73,25,42472,42.7,14,23.72
1538,7632,32300,78.45,7,25345,70.77,3,6.68
1539,5335,65370,61.02,11,39899,60.41,10,15.91
1540,40857,85474,35.12,22,30031,23.21,5,31.61
1541,2456,78800,83.76,15,66023,79.46,10,4.75
1557,114,1733,30.38,1,527,0,0,13.79
1558,28081,64536,36.04,29,23273,14.08,7,24.29
1560,24452,150962,64.68,63,97682,49.51,28,11.95
1563,40617,225608,48.35,71,109146,36.35,28,12.0
1565,37504,50417,17.24,11,8702,8.4,3,38.39
1568,9662,103087,65.09,31,67120,57.29,18,13.0
1569,24322,144247,52.62,36,75926,44.93,16,14.6
1570,34865,51501,55.86,12,28780,44.49,2,11.7
1580,27496,49339,40.11,15,19797,29.88,8,25.68
1582,66710,144269,30.28,24,43699,25.58,12,35.52
1583,2492,109400,91.25,17,99839,89.51,14,3.02
1584,56396,232471,40.98,37,95306,36.25,18,22.28
1585,934,57700,65.76,32,37958,46.04,12,3.13
1586,12350,131849,72.18,49,95190,60.33,24,8.68
1587,12041,80056,45.39,19,36350,37.89,8,20.68
1589,43147,153136,28.35,30,43464,21.0,11,25.0
1590,5891,200000,72.81,106,145641,51.63,35,1.62
1591,32096,38048,20.28,9,7723,8.04,1,21.4
1592,6282,110978,26.44,25,29356,18.1,8,15.25
1593,3308,39785,50.05,18,19914,35.43,9,13.86
1594,664,33220,82.82,12,27515,75.4,8,3.41
1595,9219,55725,44.97,20,25069,33.75,11,18.15
1597,18169,89262,53.3,37,47596,37.98,16,25.13
1598,10759,179142,60.69,50,108749,53.0,29,11.72
1599,11923,73029,64.57,20,47174,57.02,12,17.12
1601,16658,106265,11.53,13,12270,6.26,3,25.96
1602,274163,386591,12.15,26,47056,9.56,9,58.29
1603,13723,191688,72.18,29,138391,68.39,19,12.88
1604,101899,384200,57.96,70,222775,52.28,35,17.21
1605,267698,4431333,72.9,383,3231247,70.29,194,11.07
1606,77535,769939,15.86,119,122250,9.47,31,24.54
1608,53365,632774,63.55,52,402286,60.6,22,16.91
1609,198659,785262,31.69,110,249042,27.63,56,31.3
1611,87026,322736,53.32,82,172146,44.5,34,20.29
1612,38395,316080,59.66,63,188617,53.76,30,17.97
1613,22771,227418,57.73,67,131331,47.37,28,9.99
1614,4221,269113,82.76,83,222778,75.41,51,2.23
1615,8686,198630,80.38,34,159715,76.77,22,6.52
1616,14877,194149,59.87,27,116282,55.85,15,15.99
1617,11900,169515,75.45,38,127939,69.12,22,10.1
1618,22675,192692,56.87,27,109606,53.54,16,21.94
1623,6086,66000,77.61,14,51228,73.47,9,11.33
1626,9967,149822,69.47,49,104110,60.09,27,8.89
1702,64142,294133,57.5,29,169203,54.74,16,19.9
1707,68513,148137,52.88,52,78362,41.68,26,22.43
1708,86064,249002,39.49,41,98359,33.9,21,33.74
1709,41308,477016,68.27,127,325796,58.74,55,10.09
1710,61561,885703,60.81,134,538736,55.2,56,12.53
1711,100308,547752,43.41,78,237862,38.97,36,25.45
1712,82545,420493,56.28,121,236734,46.24,55,14.92
1713,23730,150952,73.46,29,110922,66.61,11,7.54
1714,106070,991825,55.09,144,546587,50.53,66,15.69
1717,106371,1184245,64.55,236,764632,58.03,113,15.62
1718,197374,1685906,50.7,213,855106,45.97,79,17.93
1720,15473,178696,65.43,32,116973,59.64,15,14.2
1721,68255,184884,37.17,31,68750,31.59,14,28.45
1722,122159,980000,64.84,156,635651,59.02,66,12.14
1723,62900,236904,51.93,37,123065,47.02,16,21.77
1725,3713,181830,94.21,19,171334,93.1,16,2.8
1726,9539,162000,85.53,27,138584,83.67,22,4.84
1727,23393,128020,54.44,23,69712,49.24,12,26.39
1729,4209,180688,91.39,47,165189,85.84,32,3.55
1730,10136,63234,57.3,11,36241,53.73,8,25.46
1731,18554,132915,55.68,17,74025,51.39,8,15.05
1732,37969,42444,47.37,6,20110,44.13,4,27.97
1733,38376,99950,42.53,17,42525,33.04,5,20.63
1734,70604,190197,49.41,43,94016,41.26,18,18.56
1735,8457,99388,78.37,12,77899,77.77,11,9.83
1736,7613,303395,89.09,48,270396,83.34,22,3.19
1737,74492,200000,63.35,27,126723,59.24,13,17.78
1742,11364,92671,80.71,27,74805,72.02,14,4.31
1748,709,14304,39.61,3,5668,36.48,2,16.91
1748R,105,529,0,0,0,0,0,61.98
1752,8233,100988,64.13,20,64783,58.64,12,15.6
1760,38859,85739,42.75,22,36674,33.85,8,25.88
1762,53986,76918,45.07,15,34683,36.1,5,21.68
1773,15987,300000,74.91,59,224784,68.83,28,7.58
1776,3275,60107,65.8,32,39563,44.14,13,8.99
1777,3352,44592,59.72,9,26639,53.99,5,11.8
1780,2805,109075,77.39,44,84431,62.17,19,4.57
1781,35673,47408,44.65,22,21176,23.54,6,21.99
1783,38161,89698,64.08,20,57497,55.8,7,10.54
1784,34559,53121,27.98,14,14874,18.13,6,25.66
1785,126824,595980,44.44,113,265046,38.44,55,26.11
1786,44645,74828,52.37,26,39195,45.52,17,17.22
1788,7746,44521,49.91,15,22229,40.1,8,23.22
1789,24852,790739,76.78,54,607338,74.59,23,6.27
1794,131,1322,0,0,0,0,0,16.46
1795,41448,266874,56.94,30,152011,52.35,10,22.14
1796,7632,41460,55.72,12,23115,45.18,5,8.49
1799,19043,248776,66.27,22,164928,64.06,12,10.72
1802,207947,2908061,75.66,158,2200717,73.92,78,13.32
1805,9441,134970,77.75,39,104966,70.33,23,4.99
1806,24737,390404,74.49,60,290901,70.83,36,9.69
1807,7559,114400,47.35,37,54179,38.19,20,12.55
1808,28126,893032,80.22,94,716558,78.16,63,6.69
1809,54092,167042,47.89,32,80037,42.5,17,31.06
1810,23827,302304,63.46,73,191903,58.54,48,16.65
1813,9109,46636,47.49,16,22157,33.67,5,23.26
1814,452,18982,78.83,13,14966,52.86,5,4.45
1815,176430,585479,33.34,70,195322,30.7,46,38.84
1816,901,24515,94.8,2,23242,91.94,1,1.83
1817,4553,72600,65.04,26,47225,58.37,17,11.57
1818,135,11635,75.49,7,8785,63.87,5,1.46
1819,136,33504,84.42,17,28292,65.69,9,0.51
1903,21045,260039,81.17,66,211122,74.88,41,4.09
1904,329270,1108275,66.82,144,740746,62.36,69,13.42
1905,72515,1102835,71.61,69,789946,69.46,29,13.34
1906,12598,151000,74.48,26,112496,70.28,17,10.84
1907,83283,1660371,85.19,210,1414853,81.81,119,5.24
1909,83556,1327686,67.63,166,898037,63.35,74,8.42
1918,30865,241317,20.6,26,49777,17.62,15,31.76
2002,1334076,15734861,52.62,1491,8283155,48.89,466,16.2
2002A,5389,38268,22.22,10,8510,11.17,3,28.43
2006,59553,730214,81.1,154,592341,75.14,89,7.73
2007,27767,530652,76.76,14,407457,75.66,4,9.1
2008,7547,190852,92.46,18,176490,91.13,14,3.18
2009,48738,359622,57.02,16,205119,55.51,7,25.21
2010,35276,647655,68.53,117,444067,64.36,73,10.56
2012,44558,302163,83.92,79,253649,74.58,33,4.98
2013,44094,200000,79.3,24,158629,76.64,16,11.22
2014,174405,1435544,50.35,103,723026,47.28,32,20.02
2015,11731,581599,88.21,153,513162,81.97,93,2.82
2017,40994,446875,62.07,67,277516,57.64,33,12.88
2020,59972,267031,50.59,51,135127,44.78,29,17.01
2022,62543,337168,40.2,33,135637,37.12,15,21.97
2023,102319,1841240,79.34,118,1461234,77.57,64,7.09
2024,50464,97500,83.01,13,80945,80.77,9,6.95
2025,30479,172661,62.49,30,107937,59.09,20,11.68
2027,111470,2584261,76.61,368,1980458,72.78,205,7.51
2028,21544,325715,83.52,40,272058,81.21,28,6.44
2029,14413,321180,71.77,25,230581,68.39,6,8.8
2030,56953,280526,48.88,45,137163,44.11,24,20.09
2031,66054,321146,57.01,61,183135,51.61,33,17.06
2032,12238,130522,58.79,43,76763,48.61,20,17.99
2033,4951,80695,73.59,29,59396,62.13,16,8.3
2034,38991,528996,48.92,101,258883,42.61,44,16.24
2035,20808,350000,96.69,23,338463,96.22,21,0.64
2038,25588,194134,53.87,27,104613,49.32,13,17.25
2049,65240,353792,70.34,109,248874,60.61,53,13.74
2052R,5562,9170,10.19,2,935,0,0,49.54
2056,254,105000,93.38,44,98068,85.71,33,0.43
2058,37149,305357,25.91,63,79197,18.43,22,17.07
2059,19737,95297,66.2,32,63109,56.17,16,4.96
2060,135,35739,87.22,4,31173,87.22,4,0.33
2061,11215,57378,50.26,26,28848,29.63,7,13.79
2062,11473,199994,61.67,39,123345,54.85,15,12.69
2063,3369,48101,53.31,19,25649,37.44,7,12.73
2064,1629,69330,83.05,30,57587,72.44,16,4.49
2065,49451,63517,52.07,17,33085,43.72,9,19.05
2066,2994,44450,69.03,19,30691,53.56,8,10.74
2067,2225,45138,56.5,12,25510,49.07,6,10.13
2069,9333,166387,62.62,45,104229,52.77,19,12.73
2070,5590,41783,60.62,18,25334,47.35,8,21.43
2071,943,69046,85.03,25,58720,73.65,12,2.09
2072,9691,192000,74.99,26,144026,72.0,16,7.85
2073,632,27500,75.2,15,20683,51.59,6,3.27
2101,36454,733935,65.96,135,484185,59.81,60,8.54
2102,79237,473329,81.38,67,385339,77.5,38,5.56
2103,84626,825710,56.56,121,467162,51.72,53,12.36
2104,108204,984734,44.8,206,441328,36.36,70,12.41
2105,80432,3241416,81.06,306,2628052,78.37,162,5.69
2106,32914,954890,80.29,168,766926,75.06,84,5.16
2107,48125,303593,63.81,73,193786,57.98,43,13.71
2108,53894,492417,70.42,97,346839,64.72,55,11.74
2109,35116,279349,74.64,71,208572,66.71,35,5.77
2114,5384,77992,65.27,18,50916,59.03,9,11.04
2115,3731,104373,70.34,36,73444,58.64,17,6.0
2201,91380,1070001,64.16,109,686636,60.14,44,13.37
2204,42428,553620,73.86,62,409000,70.46,34,11.81
2206,68629,773676,85.03,100,658012,81.64,61,6.14
2207,13781,557103,89.68,114,499703,83.23,54,1.55
2208,123480,1274539,55.29,145,705105,50.44,44,15.06
2211,24096,417091,82.1,58,342500,77.96,33,6.89
2221,3242,42325,66.08,5,27972,64.71,4,13.2
2227,7552,300000,93.51,11,280532,93.27,10,3.56
2228,9866,79780,56.47,14,45063,53.88,10,20.93
2229,59,1462,41.04,1,600,0,0,7.78
2230,11001,68030,46.34,26,31535,33.46,13,15.91
2231,13606,135932,66.46,31,90369,62.03,19,14.79
2233,38149,60289,46.62,16,28119,32.36,3,25.23
2235,1373,35878,83.9,12,30107,76.08,8,6.65
2236,3263,63517,71.43,20,45378,64.44,12,6.27
2237,2224,128938,81.91,22,105633,76.2,9,3.34
2239,2745,117713,79.93,17,94101,77.26,12,4.39
2241,28724,104602,43.51,35,45530,31.45,13,16.47
2243,2816,77374,68.49,35,53016,54.74,17,6.42
2245,495,32400,79.04,11,25613,66.91,5,2.68
2246,2884,42613,68.53,3,29213,65.07,1,9.19
2247,8076,80711,76.68,14,61904,72.7,8,10.02
2248,986,47600,78.29,16,37274,69.67,10,3.24
2249,1155,25538,71.84,14,18354,54.36,6,6.84
2250,9366,36388,51.35,4,18688,48.97,3,20.98
2252,1895,106618,80.0,19,85316,74.25,9,3.78
2254,2646,63908,92.89,15,59377,87.89,10,1.41
2255,1937,60932,79.32,18,48339,73.53,11,4.41
2256,2191,39024,58.93,16,23008,42.6,5,10.61
2258,8996,1751277,93.88,54,1644425,92.8,25,1.13
2301,185395,2316108,80.96,449,1875561,75.7,264,9.49
2302,24823,166303,60.36,14,100421,57.45,7,22.08
2303,1019109,12576985,73.78,1183,9282024,71.16,666,12.85
2305,23840,205661,62.88,22,129345,59.45,10,16.61
2308,589476,2597543,80.91,564,2102099,74.37,289,8.03
2312,205751,1505969,48.12,212,724913,43.57,100,24.7
2313,300700,1233821,58.83,215,726205,53.83,118,26.11
2314,53339,108596,11.46,14,12457,5.51,3,44.2
2316,60260,182741,65.09,44,118983,58.64,24,19.59
2317,1133408,14075746,69.76,1441,9821086,67.04,827,13.01
2318,28562,106030,26.97,15,28617,22.77,7,30.03
2321,14644,30272,71.26,3,21573,71.26,3,14.28
2323,135865,1089348,45.53,203,496149,38.53,79,17.71
2324,323529,4407147,64.35,589,2836892,60.64,324,16.19
2326,48315,40340,12.64,6,5113,6.46,2,45.78
2327,544569,2058731,70.4,344,1449731,65.68,190,16.05
2328,119946,518346,40.04,56,207673,35.78,24,30.9
2329,129989,658948,50.18,67,330789,46.7,28,26.13
2330,3080236,25932370,87.43,2620,22676904,84.67,1475,5.94
2331,57075,557403,58.74,66,327499,54.09,21,18.11
2332,103367,602170,37.52,107,226009,32.09,50,22.7
2333,87734,277761,28.97,56,80531,20.3,18,32.87
2335,6033,49503,35.56,13,17615,25.37,4,20.03
2337,484433,1985909,43.17,301,857851,38.37,140,32.12
2338,81298,366849,46.86,52,171972,41.69,24,25.3
2340,110739,438623,37.03,53,162511,32.53,21,27.49
2341,23867,6852,86.94,1,5957,86.94,1,8.91
2342,142711,157475,37.06,11,58396,34.81,6,38.37
2344,555252,4720491,69.96,466,3303457,67.16,253,16.44
2345,73271,561118,71.06,221,398840,57.09,97,4.51
2347,38598,1667947,89.25,253,1489002,85.69,158,3.9
2348,24734,151899,69.15,29,105057,65.53,20,14.29
2348A,2686,30000,65.83,6,19753,55.71,2,7.19
2349,144173,693680,28.92,118,200725,22.49,44,26.99
2351,26109,194738,71.91,69,140096,61.76,39,13.99
2352,193726,1580507,48.46,205,766182,43.45,77,19.71
2353,398511,3047854,36.78,362,1121614,32.53,149,26.0
2354,192311,1414485,46.81,126,662440,44.12,64,27.04
2355,78013,397495,40.36,97,160526,32.99,48,30.52
2356,258981,3587475,73.52,380,2638402,70.38,199,13.94
2357,119748,742760,74.06,218,550218,63.85,100,11.15
2358,39758,136623,27.79,17,37984,23.45,7,27.36
2359,62386,171471,48.07,37,82456,40.13,18,32.93
2360,34299,425246,70.85,192,301378,53.93,75,3.22
2361,19317,46544,52.93,6,24642,47.2,2,20.72
2362,32323,622263,80.69,111,502156,77.27,77,8.0
2363,129499,514988,35.85,66,184650,31.18,30,33.84
2364,56094,52389,55.02,10,28829,51.35,7,21.79
2365,99356,221528,22.62,28,50159,18.1,12,44.97
2367,194860,706253,27.97,82,197628,24.47,42,42.29
2368,92523,528528,78.46,129,414768,69.97,59,7.93
2369,128149,380102,32.0,55,121718,27.39,27,37.18
2371,272512,2150835,47.14,279,1014349,42.51,119,19.72
2373,14213,236203,87.27,27,206180,86.21,23,6.93
2374,104943,337992,27.56,43,93232,23.22,21,37.88
2375,75585,108675,29.93,21,32533,22.92,10,50.28
2376,99423,669889,71.06,157,476135,63.51,79,14.72
2377,99285,844856,67.84,182,573222,61.45,97,16.87
2378,17791,141156,33.72,25,47632,26.91,9,20.33
2379,85412,515513,74.72,212,385284,59.79,90,6.44
2380,23151,60000,36.55,9,21936,32.76,5,32.42
2381,2567,119,0,0,0,0,0,32.57
2382,284817,4107627,85.04,484,3493579,81.35,252,8.12
2383,99314,358321,69.26,134,248276,57.45,64,5.81
2384,157991,2047778,28.0,329,573809,20.92,96,18.9
2385,50825,765721,74.27,173,568869,68.09,98,10.99
2387,16964,195251,58.13,30,113540,52.75,14,17.79
2388,53961,556437,71.58,74,398398,68.4,46,14.09
2390,62072,192619,39.61,27,76322,33.46,8,26.57
2392,67285,512327,48.2,62,247074,43.63,23,24.26
2393,51893,443393,66.89,123,296682,59.39,70,14.37
2395,33366,869143,85.76,202,745634,78.49,96,3.01
2396,56607,1276356,45.51,239,581195,37.07,63,10.89
2397,9413,114489,68.12,17,78017,64.53,10,14.06
2398,38450,413083,36.53,47,150974,32.61,20,19.19
2399,53760,178100,32.88,34,58606,26.14,17,35.94
2401,131208,591995,42.9,99,254042,36.97,42,25.13
2402,83389,307537,37.62,48,115783,32.89,23,33.58
2404,66150,190587,53.6,70,102188,40.95,31,18.11
2405,97358,343427,24.79,48,85207,19.24,16,30.85
2406,116474,350906,26.42,54,92797,20.49,23,36.93
2407,48703,734881,37.83,178,278132,27.84,56,11.92
2408,354553,3450206,82.55,273,2848595,80.31,146,9.23
2409,662073,7547099,47.3,907,3571298,42.71,333,18.58
2410,12554,160010,36.33,51,58177,23.69,16,11.18
2412,304447,7757447,79.25,523,6149769,77.47,299,6.83
2413,25793,127359,58.23,30,74196,50.62,14,23.29
2414,15777,161736,58.93,45,95347,48.83,18,14.22
2415,8902,90000,63.4,21,57076,58.13,12,16.75
2417,61005,157219,43.06,21,67739,40.06,13,31.53
2418,64500,1023324,47.77,137,489068,42.12,39,12.99
2419,37738,321317,64.98,15,208873,62.96,3,17.74
2420,38575,152649,49.9,39,76210,40.62,16,20.61
2421,59188,286944,59.01,95,169392,48.55,46,19.42
2423,6279,145047,75.45,32,109451,69.53,17,6.24
2424,4344,59585,80.85,6,48185,79.18,5,7.5
2425,40083,96499,51.31,30,49528,38.59,9,26.3
2426,104189,300622,42.42,55,127588,37.58,32,28.34
2427,22114,198000,53.61,16,106181,49.77,4,21.7
2428,15488,128113,65.02,41,83320,51.85,14,14.62
2429,27348,85500,48.39,14,41386,42.61,7,22.95
2430,38147,116800,63.16,24,73809,56.75,11,15.6
2431,51925,110927,42.57,17,47230,35.87,4,23.61
2432,1258,61860,77.4,9,47883,72.89,4,4.58
2433,7920,144496,78.97,18,114122,77.79,14,10.34
2434,5477,37000,78.19,3,28934,74.38,1,11.65
2435,8975,74737,32.31,10,24160,28.39,4,21.87
2436,73553,209524,24.31,41,50969,17.22,17,41.69
2438,26191,71196,58.54,21,41687,49.52,12,15.2
2439,71153,253645,34.06,58,86420,25.79,24,33.82
2440,8655,139117,70.03,25,97444,67.57,19,10.28
2441,60734,568846,68.4,89,389269,63.04,41,17.18
2442,48674,325232,56.95,61,185269,49.11,22,11.69
2443,30673,150909,55.24,45,83392,45.96,24,12.89
2444,36106,101570,27.43,21,27889,18.05,5,22.54
2445,6216,48169,15.7,7,7569,12.45,4,26.57
2449,244400,1222745,61.74,264,755112,55.67,145,21.19
2450,17491,258253,77.22,19,199479,75.97,14,11.22
2451,45620,431346,70.68,58,304977,65.89,27,13.46
2453,25541,100000,46.76,14,46785,40.29,4,28.22
2454,623055,1603895,74.04,491,1187908,64.18,235,8.37
2455,68543,187661,51.82,72,97301,38.49,31,23.82
2457,112625,424772,29.56,56,125668,24.67,22,30.76
2458,61522,303880,58.72,89,178546,48.51,41,19.91
2459,15247,105596,53.09,32,56090,41.95,11,14.45
2460,44873,169200,58.19,20,98496,53.68,7,15.95
2461,50454,191888,45.01,56,86392,36.45,28,18.0
2462,26242,150784,55.74,35,84080,50.28,21,17.06
2464,92034,218812,44.42,46,97233,38.2,25,31.48
2465,47932,93946,39.4,19,37038,29.58,3,27.38
2466,4577,173459,89.32,53,154960,82.51,35,3.58
2467,48348,161638,68.28,53,110401,60.0,32,13.19
2468,10804,69961,50.77,3,35527,50.02,2,27.62
2471,36814,47254,23.24,15,10990,6.74,1,42.11
2472,35890,164735,60.26,47,99308,50.39,22,24.19
2474,59756,538821,68.42,92,368748,64.05,57,16.11
2475,226752,6479454,71.13,1104,4610411,64.55,430,6.14
2476,18944,220052,68.01,63,149711,60.28,35,11.75
2477,9602,158573,73.83,41,117116,67.0,23,10.55
2478,55815,144731,62.09,50,89884,53.73,29,20.13
2479,13074,37738,32.39,6,12230,25.61,1,31.66
2480,42241,106360,30.53,34,32487,17.81,11,26.92
2481,94543,382115,61.96,76,236807,57.55,51,24.83
2482,38668,77883,40.49,13,31547,35.02,6,29.68
2483,9535,107890,64.07,27,69144,58.52,18,14.95
2484,90186,159421,23.71,31,37819,17.08,13,48.49
2485,139727,317689,22.72,36,72236,19.58,18,48.56
2486,81642,240728,40.96,57,98642,33.12,28,27.3
2488,40580,79999,52.57,24,42066,44.69,13,18.01
2489,131269,610000,28.79,79,175744,24.48,36,36.18
2490,15428,162944,21.4,30,34890,15.4,12,21.74
2491,12797,82008,73.49,24,60285,64.99,14,10.17
2492,94288,485205,69.92,70,339306,66.24,42,18.82
2493,45431,126797,52.32,35,66361,42.53,16,21.82
2494,10295,41493,81.47,10,33812,73.05,5,9.76
2495,38786,273552,49.73,45,136082,43.89,20,23.53
2496,4216,19100,49.57,9,9470,35.07,4,18.24
2497,11897,130888,66.32,34,86829,57.71,17,15.47
2498,164376,836147,39.45,140,329955,34.48,71,26.51
2499,47852,461172,44.16,81,203744,37.95,35,15.37
2501,44572,1159561,77.43,159,898014,72.55,73,7.47
2504,89973,1180000,74.96,203,884900,69.8,106,7.1
2505,23929,380000,79.29,65,301362,75.05,39,6.32
2506,65703,387000,77.13,74,298581,72.17,44,8.73
2509,16718,224551,69.65,44,156435,63.89,23,10.2
2511,46513,1623326,80.48,295,1306746,75.03,150,3.77
2512,43960,490342,34.2,96,167810,25.04,22,14.75
2514,17778,394729,88.05,51,347633,84.83,31,3.76
2515,140083,1607904,60.71,303,976556,53.59,116,10.06
2516,49220,226278,72.73,63,164643,64.26,36,7.09
2520,78537,609487,72.86,102,444182,68.5,58,9.42
2521,25326,319657,35.25,57,112767,25.84,11,15.89
2523,14055,228253,44.69,58,102027,35.96,25,12.22
2524,7640,365984,93.18,37,341112,91.56,27,2.38
2525,52588,650737,31.77,172,206815,20.33,50,15.1
2527,7693,270306,81.13,35,219332,75.66,12,4.77
2528,8384,435996,84.06,84,366559,78.98,48,2.86
2530,31101,841256,85.82,144,722095,81.5,88,2.34
2533,14057,153026,38.29,37,58615,26.09,7,17.06
2534,63277,474228,72.54,113,344054,65.77,63,7.7
2535,63218,270794,61.72,67,167201,55.28,35,14.81
2536,8749,332809,77.16,81,256868,68.85,40,4.41
2537,43938,300558,60.19,75,180946,51.45,33,12.51
2538,28665,445025,74.95,132,333611,66.48,71,4.63
2539,19688,1193103,87.02,124,1038405,84.45,74,2.96
2540,17432,944874,91.47,83,864400,89.65,57,2.72
2542,109370,2153084,64.47,238,1388620,60.88,112,10.48
2543,32641,528542,71.91,78,380225,67.3,38,9.35
2545,16683,379735,76.37,41,290050,73.83,25,8.58
2546,53315,130524,62.09,19,81063,58.78,11,14.54
2547,74798,1035095,70.73,188,732384,64.05,82,5.91
2548,39390,319719,50.45,99,161355,39.07,42,19.14
2553,19305,81658,18.86,13,15423,11.1,4,33.82
2566,325,2416,0,0,0,0,0,31.89
2569,61,11552,83.38,2,9634,74.73,1,0.61
2591,80,817,0,0,0,0,0,18.25
2592,57,10494,90.43,4,9490,82.1,3,1.35
2596,3292,100000,71.89,28,71908,61.78,14,5.81
2597,13362,310716,81.66,43,253787,78.12,25,5.38
2599,1379,98524,66.01,41,65050,51.77,16,2.1
2601,112994,824776,31.85,103,262861,26.72,35,23.1
2603,301145,2165043,71.96,352,1558299,66.95,185,14.26
2605,104728,585353,54.95,105,321810,50.24,56,19.05
2606,51752,845056,75.51,107,638218,72.79,70,11.29
2607,39735,533571,77.29,86,412531,70.43,32,8.94
2608,51974,467000,76.7,68,358255,71.89,34,10.58
2609,383383,3492104,57.37,333,2004142,54.31,161,22.03
2610,238005,6144989,74.32,531,4568031,71.57,258,9.0
2611,50531,189002,47.94,27,90648,43.38,12,21.82
2612,37645,197485,73.79,16,145760,69.56,4,11.12
2613,39982,148423,56.09,28,83284,49.47,11,20.89
2614,100964,327265,47.49,45,155470,42.94,21,22.95
2615,108565,2806146,86.83,278,2436957,84.26,163,6.21
2616,214403,137282,44.74,17,61433,41.0,9,30.17
2617,28911,417294,62.95,60,262771,58.12,25,15.09
2618,203079,5400444,81.46,650,4400210,78.27,374,6.74
2626,296,2885,0,0,0,0,0,25.25
2630,22917,209438,64.95,13,136094,62.43,5,19.66
2633,105566,5628293,86.71,295,4881683,84.98,140,4.21
2634,111799,941867,50.78,75,478426,48.27,36,22.46
2636,55893,141835,41.81,33,59325,34.84,17,29.41
2637,25580,746409,83.05,142,620050,78.27,86,5.69
2639,1106,99999,99.01,2,99010,99.01,2,0.48
2640,3527,59265,73.76,25,43728,58.31,11,6.46
2641,80095,330334,28.83,47,95322,23.49,15,28.44
2642,19776,95467,60.38,7,57646,60.38,7,27.11
2643,4309,35000,64.01,9,22406,58.83,7,17.6
2644,2496,82952,80.21,34,66555,74.65,28,3.92
2645,24029,374571,84.94,36,318201,81.45,16,7.04
2646,241226,3008735,65.71,138,1977686,64.01,55,16.15
2701,14833,449968,86.55,39,389532,84.5,24,3.66
2702,12442,156613,73.71,18,115461,72.55,15,9.54
2704,30617,366923,88.47,71,324684,83.42,42,3.17
2705,83042,191313,66.49,43,127235,59.85,23,14.06
2706,16181,499998,85.56,59,427928,81.4,25,3.64
2707,18163,127403,61.04,17,77783,54.75,4,19.87
2712,2030,105000,90.8,19,95352,86.86,13,3.48
2714,3937,1138,0,0,0,0,0,87.11
2718,2608,87576,88.24,16,77286,88.24,16,3.52
2719,3325,69182,91.02,4,62977,89.53,2,5.17
2720,2751,80000,61.03,27,48837,48.9,12,3.59
2722,4966,143170,87.18,31,124843,82.43,21,4.97
2723,9546,180000,68.83,38,123933,61.64,18,9.59
2724,1035,59656,83.61,10,49880,79.45,5,1.78
2726,2487,37922,65.26,16,24759,49.81,7,8.91
2727,149924,82940,38.81,37,32198,15.33,6,27.32
2729,6255,43041,67.12,13,28898,59.95,8,16.02
2730,2322,37215,86.67,2,32256,86.67,2,2.97
2731,30656,93278,43.41,23,40513,33.73,9,29.35
2732,6083,46519,59.06,19,27478,54.11,14,20.57
2733,683,24598,77.51,8,19069,75.36,7,4.55
2734,28744,57260,37.7,12,21593,31.34,6,25.21
2736,6378,79972,55.95,17,44764,46.33,7,14.41
2738,57,67381,97.88,6,65966,94.86,3,0.02
2739,5540,91526,73.64,20,67416,68.0,12,10.64
2740,2905,16762,72.53,2,12158,72.53,2,2.82
2741,1727,22588,67.09,9,15161,49.21,3,12.49
2743,6729,46815,52.86,8,24755,50.27,6,24.1
2745,5257,33809,51.28,5,17339,51.28,5,24.65
2748,9715,105779,60.91,5,64448,58.44,1,17.26
2749,248,20800,75.15,16,15634,33.27,2,2.43
2750,180,60000,98.53,18,59126,88.06,10,0.13
2751,1564,19832,60.35,1,11970,60.35,1,11.26
2752,2587,26694,63.69,16,17006,40.7,6,8.92
2753,12004,66645,54.4,19,36271,43.54,8,17.41
2754,4363,46907,73.07,6,34281,66.51,1,11.53
2755,3606,37551,63.5,12,23853,59.34,9,11.15
2756,1630,24598,71.57,13,17610,53.58,6,8.97
2758,7467,20486,73.57,13,15075,46.27,6,8.1
2760,173,13000,88.35,6,11487,84.01,5,1.05
2761,666,17337,57.68,9,10005,46.12,6,5.86
2762,6068,112500,86.3,23,97121,80.89,13,5.11
2801,272389,11766046,77.55,1286,9125843,73.84,569,3.98
2807,7190,3170,0,0,0,0,0,75.82
2811,52280,292500,34.45,66,100836,26.33,28,22.94
2812,245461,6021626,58.78,758,3540547,53.78,243,7.38
2816,10842,223608,79.63,31,178096,74.83,13,4.88
2820,73845,1342960,65.91,147,885318,62.29,64,8.03
2825,9454,12559,5.68,1,714,0,0,59.95
2827,30323,129587,36.74,31,47636,29.69,16,20.5
2831,42100,1192675,62.05,167,740311,57.19,70,7.68
2832,19350,253540,69.58,52,176440,62.93,24,7.66
2834,386171,9718062,60.78,1367,5908147,55.14,455,6.89
2836,35290,1839917,85.4,170,1571549,82.55,82,3.34
2836A,2814,40000,38.55,8,15421,30.5,4,7.84
2838,48690,4340552,90.57,255,3932470,88.77,126,1.84
2838A,6011,200000,68.76,43,137570,62.4,24,6.09
2841,60344,960944,57.39,179,551742,50.11,62,7.38
2845,100028,4865285,75.14,636,3656634,70.12,235,3.73
2849,9904,1957609,98.47,57,1928116,98.0,42,0.52
2850,17773,315963,68.21,95,215589,57.21,42,9.52
2851,28275,800389,70.46,118,564107,65.2,50,7.65
2852,22110,301164,66.14,107,199265,53.67,52,7.57
2855,60633,1601414,75.83,239,1214469,70.5,101,5.66
2867,64717,5899501,86.78,558,5120750,83.54,245,2.22
2880,470199,13916965,81.94,1125,11406555,79.53,565,4.09
2881,384975,14007365,86.45,999,12111504,84.28,505,4.43
2881A,18410,600000,90.45,67,542815,88.1,44,3.33
2881B,18265,666660,94.86,69,632472,91.96,40,1.9
2881C,53803,333330,85.0,53,283377,81.29,32,6.13
2882,407251,14669210,85.65,1256,12568994,83.23,675,4.78
2882A,18690,833300,94.9,81,790993,93.32,61,1.72
2882B,19182,700000,95.96,60,671818,94.21,42,1.67
2883,727733,16974847,68.41,1932,11616665,64.57,846,6.67
2883B,69439,1582142,65.94,393,1043548,56.3,149,6.63
2884,580106,16192000,73.49,2040,11902427,69.11,880,6.69
2885,450170,13331150,83.04,1257,11072110,80.39,692,5.03
2886,454079,14833378,83.56,817,12397437,82.09,468,5.57
2887,702596,24866399,75.07,2976,18671916,70.97,1284,4.92
2887E,12855,500000,86.25,59,431387,84.19,44,3.14
2887F,13152,300000,89.55,33,268716,85.65,18,3.45
2887G,17079,75000,46.98,23,35249,34.45,8,11.47
2887H,20785,219668,70.45,60,154804,62.89,33,6.83
2887I,270822,3096421,73.47,577,2275292,66.56,236,8.7
2887Z1,18276,300000,89.87,27,269669,86.81,13,3.16
2889,219212,3633563,73.55,362,2673183,70.92,208,7.43
2890,448688,14492322,80.93,1567,11730229,77.69,820,4.64
2891,581638,19676898,81.83,1869,16106574,79.0,959,5.08
2891B,24914,333330,95.89,38,319706,93.54,25,2.36
2891C,24334,166660,93.85,23,156439,90.77,16,3.62
2892,440144,14379469,71.95,1685,10349134,68.07,751,5.67
2897,28392,2805358,85.88,365,2409746,81.53,165,2.46
2897B,4959,250000,83.21,59,208049,77.9,37,4.2
2901,13698,73043,79.14,20,57830,71.6,10,7.86
2902,11487,146889,47.67,41,70059,36.64,18,12.6
2903,58457,1416941,80.08,160,1134883,76.92,85,6.32
2904,16935,77834,54.12,9,42134,50.17,4,17.11
2905,27352,1110372,84.36,132,936780,80.75,67,3.65
2906,17826,209117,64.82,35,135613,58.91,14,11.77
2908,10962,509888,92.09,53,469672,89.64,33,2.41
2910,1387,175403,96.59,40,169470,92.93,31,0.46
2911,39761,105126,45.62,19,47977,41.0,10,25.09
2912,71490,1039622,84.77,142,881589,80.49,70,7.29
2913,113915,790000,57.32,153,453016,49.64,54,14.27
2915,59451,1104319,69.27,183,765131,63.77,85,8.71
2916,4666,64627,58.92,18,38089,51.06,11,13.4
2920,975,12436,35.77,1,4449,35.77,1,18.11
2923,5101,1740297,99.55,16,1732882,99.39,11,0.19
2924,462,52036,89.57,9,46617,84.08,5,1.03
2926,2138,47390,74.53,14,35326,65.03,7,5.95
2929,50503,109494,31.34,18,34346,24.87,6,18.69
2936,155,76056,99.51,6,75691,98.55,5,0.23
2937,940,43542,84.55,20,36824,71.58,12,2.26
2938,721,20140,80.43,7,16200,78.35,6,5.91
2939,7075,45549,76.04,27,34645,58.2,15,3.95
2940,235,25184,56.44,18,14221,12.9,2,1.09
2941,3081,15390,66.47,14,10233,20.62,2,4.57
2942,1655,60000,90.71,10,54436,88.06,7,2.93
2945,3081,67500,83.48,6,56353,83.48,6,7.28
2947,11567,21493,63.31,9,13610,55.2,6,5.24
2948,1085,31000,80.34,15,24912,69.02,9,5.32
2949,2817,30641,81.77,15,25060,63.88,8,4.19
3001,6680,76007,19.49,16,14836,10.75,5,19.43
3002,9180,102000,64.94,20,66254,59.21,11,14.46
3003,16897,155655,57.74,40,89910,51.21,24,20.06
3004,17815,64396,58.8,17,37885,47.56,5,13.07
3005,49866,624630,72.95,112,455809,67.91,65,10.91
3006,65182,298128,57.63,86,171881,48.04,40,21.06
3008,111771,130798,53.12,46,69492,37.14,10,15.13
3010,50501,259437,62.4,76,161944,52.08,33,13.11
3011,48807,129601,36.41,28,47209,28.56,9,18.25
3013,48061,205139,44.98,30,92322,39.54,11,31.76
3014,51819,165979,32.73,44,54356,20.44,11,30.68
3015,17217,187262,63.63,55,119198,54.39,28,16.2
3016,39779,290981,71.52,35,208148,67.13,16,16.88
3017,116820,394402,67.46,145,266155,53.32,54,8.66
3018,36750,75378,64.28,6,48462,62.19,3,18.09
3019,95055,279244,37.94,49,106000,31.15,18,36.46
3020,1635,122695,99.45,1,122032,99.45,1,0.48
3021,8411,94890,70.96,20,67353,65.23,13,13.62
3022,17303,176598,66.52,48,117506,57.52,23,14.18
3023,52516,240069,69.81,103,167641,56.07,48,8.12
3024,57892,277157,49.8,85,138083,36.88,33,14.97
3025,41357,56736,23.52,11,13361,12.38,2,32.14
3026,65220,165890,57.25,69,94996,42.01,30,20.69
3027,47636,129960,42.84,30,55698,33.93,10,23.95
3028,54024,237241,44.71,48,106099,39.73,29,24.82
3029,64308,167005,41.32,33,69044,36.21,19,30.32
3030,35781,236216,57.7,45,136361,51.92,22,18.24
3031,17551,173203,59.52,19,103102,56.79,11,20.13
3032,33050,113286,53.05,28,60117,44.46,11,17.12
3033,96631,520872,43.62,107,227304,36.41,47,23.42
3034,94194,608511,71.57,211,435664,60.19,99,10.57
3035,115919,260550,29.14,36,75957,23.17,12,43.76
3036,74243,1271052,85.44,229,1086092,80.64,135,5.14
3037,358580,1643091,75.4,379,1239197,68.18,193,11.36
3038,49888,157408,42.1,33,66295,33.28,12,24.27
3039,5430,66383,33.19,23,22045,17.62,7,10.36
3040,22523,66225,68.32,16,45253,63.97,10,12.97
3041,69924,140224,25.33,16,35547,19.86,4,38.91
3042,92554,342993,56.43,99,193619,47.55,52,24.34
3043,54684,38976,18.01,6,7024,14.4,3,36.08
3044,38189,525606,79.2,177,416403,69.34,93,6.98
3045,62394,3723431,92.32,370,3437984,90.0,232,2.93
3046,20323,78448,53.25,12,41791,45.4,2,20.57
3047,67788,224762,20.62,31,46397,15.44,9,35.86
3048,81423,269830,49.53,47,133705,43.42,19,26.9
3049,118045,802011,46.93,69,376533,43.37,23,22.26
3050,42266,154984,50.65,30,78531,42.21,10,18.33
3051,67094,167000,33.34,27,55716,24.96,5,26.37
3052,49101,233246,57.3,65,133694,47.24,26,9.13
3053,1490,7959,54.35,6,4327,27.94,2,15.42
3054,3415,80651,87.86,13,70879,85.16,10,3.44
3055,25378,114975,68.52,29,78815,63.27,20,12.94
3056,71969,480555,32.71,71,157305,26.55,23,19.24
3057,37351,67865,34.14,8,23180,32.55,6,31.29
3058,50127,201723,22.18,32,44780,15.21,9,25.95
3059,95624,307702,24.8,51,76335,19.17,24,38.17
3060,69932,137563,22.13,29,30462,14.5,13,31.6
3062,73087,330092,23.02,55,76038,15.82,17,35.5
3064,2951,13011,63.47,3,8260,60.15,2,10.15
3065,1475,183911,83.6,33,153781,78.84,19,2.47
3066,5023,83071,71.31,13,59248,67.73,9,10.44
3067,763,20000,71.34,4,14273,63.63,2,3.59
3069,1425,3000,35.56,1,1067,35.56,1,24.45
3070,172,7275,51.25,5,3730,18.25,1,4.13
3071,11162,110000,58.38,12,64239,55.12,6,20.35
3072,58,373,0,0,0,0,0,29.78
3073,4251,39511,56.21,19,22220,37.71,9,15.32
3075,431,7782,70.68,4,5500,70.68,4,9.56
3077,90,722,0,0,0,0,0,34.59
3078,59464,227391,37.73,53,85838,28.63,21,29.53
3079,4371,47640,32.01,12,15261,19.24,3,17.89
3081,65629,92517,46.21,35,42769,32.46,14,18.74
3082,66,455,0,0,0,0,0,24.02
3083,8926,86487,56.22,8,48635,53.1,4,20.33
3084,225,1873,0,0,0,0,0,18.99
3085,3028,69019,89.64,4,61880,87.92,2,2.9
3086,8052,272711,85.31,25,232708,83.07,16,4.69
3087,444,51311,97.94,1,50259,97.94,1,1.42
3088,16105,112130,50.07,28,56182,39.9,9,21.25
3090,64102,287567,65.74,61,189104,59.49,30,19.43
3091,95,179,0,0,0,0,0,50.23
3092,32193,106649,37.74,23,40271,30.23,10,22.85
3093,8079,145156,76.27,17,110736,71.46,6,10.58
3094,42618,83117,15.45,8,12853,13.34,5,44.14
3095,25327,10000,33.08,4,3309,14.01,1,26.29
3096,668,22860,50.04,7,11443,38.49,3,6.27
3097,639,75086,86.94,15,65294,81.35,9,1.54
3098,76,1395,0,0,0,0,0,15.12
3099,13810,225176,37.6,68,84726,23.19,16,10.53
3105,138924,423940,51.58,86,218780,46.34,50,29.93
3114,7653,65130,53.43,21,34810,41.12,9,19.17
3115,17874,72198,86.25,10,62280,85.38,9,2.36
3117,1372,22800,57.0,8,12998,47.45,5,10.6
3118,41762,32453,37.14,14,12059,15.06,3,17.58
3122,46066,40772,26.87,10,10967,15.92,4,34.09
3126,2746,48752,44.04,14,21476,31.82,3,5.69
3128,48948,47317,31.05,10,14701,23.81,5,28.76
3130,7349,33191,58.0,10,19257,53.33,7,22.54
3131,27139,29921,50.79,13,15205,36.14,6,14.37
3133,493,27262,63.27,14,17256,46.91,7,3.25
3135,17994,97159,49.82,17,48420,44.22,10,26.11
3137,80,1883,0,0,0,0,0,7.7
3138,31724,56392,28.03,13,15820,18.98,4,41.58
3141,32233,75461,19.08,20,14407,5.21,3,39.67
3142,5174,203398,51.24,71,104265,38.71,30,5.04
3147,7040,43687,56.15,13,24540,50.42,9,17.13
3149,63936,226234,19.03,33,43119,14.54,17,39.22
3150,5782,44377,54.86,12,24355,46.27,5,7.51
3151,657,8265,45.63,3,3772,26.17,1,12.0
3152,8126,39016,45.26,16,17669,28.19,7,20.59
3158,1746,30666,37.36,12,11462,23.39,5,9.13
3159,483,5840,28.6,2,1671,20.39,1,16.26
3161,179,32583,94.26,16,30722,82.62,10,0.96
3162,14514,154341,61.22,28,94521,55.39,13,14.6
3163,89629,80541,29.6,19,23863,22.53,9,42.7
3164,22819,86010,55.12,35,47428,40.02,15,17.44
3166,98,23374,96.38,2,22532,94.66,1,0.79
3167,23953,90319,56.85,31,51366,48.23,17,15.67
3168,2562,75100,75.32,20,56581,66.82,11,6.08
3169,27258,63307,36.32,12,23000,30.18,5,25.49
3171,2269,33118,76.93,5,25481,71.98,3,8.43
3176,46061,139307,34.39,29,47926,27.73,13,22.0
3177,205,4108,75.32,2,3094,60.86,1,14.54
3178,4317,45050,65.85,11,29672,61.31,7,15.8
3179,110,9847,30.35,4,2989,16.07,1,1.36
3184,3136,63074,58.13,19,36671,50.09,9,11.6
3186,2283,30000,77.49,2,23250,77.49,2,8.98
3188,7450,189088,75.6,43,142988,68.45,20,6.32
3189,126251,526916,74.21,108,391144,68.33,59,13.75
3190,59,14308,74.69,5,10689,71.03,4,0.41
3191,18346,43597,54.25,9,23658,47.5,4,12.19
3194,121,13915,82.67,7,11505,70.38,4,0.81
3202,37703,129345,24.59,21,31836,19.46,9,27.43
3205,31434,67546,66.33,8,44819,61.71,3,10.61
3206,23337,58917,54.33,21,32027,42.65,11,17.95
3207,21116,66422,38.04,22,25287,23.32,7,16.44
3208,107,3025,46.49,1,1406,46.49,1,7.97
3209,54775,235391,47.64,65,112196,38.24,30,19.1
3211,78584,154396,50.85,56,78551,36.14,20,29.53
3213,46421,58686,31.32,17,18391,18.66,5,28.42
3217,15099,90104,45.29,27,40819,29.96,5,25.3
3218,18081,84725,56.76,19,48106,50.31,10,22.54
3219,4002,71781,81.21,8,58305,76.97,4,7.39
3221,49355,105062,24.13,30,25380,9.49,5,42.8
3224,16580,78173,71.83,28,56171,63.44,17,8.5
3226,1286,64431,86.87,25,55985,70.33,8,1.98
3227,55980,151938,41.81,50,63555,29.73,18,29.76
3228,34750,71937,24.31,14,17495,19.58,8,34.86
3229,9742,64263,71.15,5,45735,69.03,3,11.46
3230,19539,86011,52.95,20,45551,45.24,10,16.46
3231,340890,3180052,68.92,506,2192558,64.89,299,15.88
3232,14695,46568,58.34,21,27177,43.79,9,9.9
3234,40261,111475,31.11,28,34699,20.73,8,29.65
3236,64647,105001,31.93,19,33542,27.39,11,40.49
3237,105,1499,0,0,0,0,0,18.39
3252,2669,50196,79.15,23,39742,68.16,14,6.9
3257,29093,79824,43.73,11,34932,35.83,2,27.54
3258,92007,273750,10.18,23,27934,7.57,10,43.12
3259,3907,72966,70.38,25,51379,62.66,16,7.6
3260,144459,334463,32.66,62,109334,27.61,34,38.0
3264,75253,490170,70.36,122,344934,63.8,69,13.18
3265,16931,136262,65.58,25,89384,56.95,5,17.86
3266,3772,352314,90.32,28,318292,89.13,21,1.85
3267,534,17066,29.55,3,5044,26.87,2,6.44
3268,42671,34721,34.56,10,12003,28.53,6,22.31
3272,9160,61177,50.45,11,30872,45.71,6,19.54
3276,47016,69713,59.16,13,41249,53.63,5,12.26
3279,113,966,0,0,0,0,0,17.27
3283,148,6658,49.63,5,3305,15.12,1,4.5
3284,22055,108628,70.16,20,76241,66.81,14,9.95
3285,9925,42735,64.99,19,27782,51.53,10,9.27
3287,4084,43970,58.56,11,25759,48.76,4,17.52
3288,11439,16380,48.2,5,7898,36.75,2,19.92
3289,59300,86746,27.66,25,24006,14.96,9,38.11
3290,25899,90215,55.03,31,49663,44.47,16,12.78
3293,102689,281802,56.39,82,158984,46.59,38,20.46
3294,16678,132016,52.19,24,68937,47.01,14,24.24
3296,7131,96724,76.72,31,74228,71.39,23,7.43
3297,9842,36049,50.45,13,18197,36.6,6,29.57
3301,996,124326,79.23,40,98519,70.3,24,2.14
3303,14270,94091,48.29,33,45461,36.72,16,16.89
3304,424,14069,33.55,7,4721,9.88,1,6.53
3305,59519,144738,44.66,26,64668,37.82,11,30.15
3306,29948,50608,47.63,7,24112,43.14,3,26.28
3308,10497,60000,61.62,8,36977,58.86,6,20.34
3310,1733,74948,82.25,32,61656,69.93,19,3.16
3311,39186,100000,57.62,20,57635,50.62,8,18.86
3312,68530,182627,45.21,22,82611,42.43,12,30.08
3313,34221,221134,75.99,20,168066,74.35,14,9.37
3317,62742,90000,30.71,18,27656,22.88,6,42.67
3318,925,52256,56.8,19,29689,41.84,6,3.13
3321,28312,86114,48.47,23,41759,37.62,7,14.58
3322,65097,137582,34.2,25,47086,29.09,13,19.03
3323,69704,99593,21.84,15,21774,15.54,5,44.76
3324,80647,93077,47.15,31,43903,30.94,8,30.38
3325,61474,110169,30.43,33,33555,14.76,6,22.72
3332,1724,48104,86.96,15,41836,77.94,9,2.98
3334,126,24680,91.54,5,22594,89.35,4,1.02
3338,62209,87908,29.65,14,26079,23.79,6,37.24
3339,31203,66568,26.23,13,17468,18.48,5,33.03
3342,762,40910,53.13,17,21746,33.08,5,4.33
3343,870,58794,44.65,10,26267,39.28,5,3.62
3345,101,36301,95.55,2,34688,93.93,1,0.42
3346,39368,121228,26.24,19,31837,20.5,8,29.28
3349,1717,46072,47.94,26,22091,20.75,7,6.14
3350,925,21685,13.99,6,3034,0,0,10.89
3354,6435,70112,72.4,7,50764,70.67,5,13.84
3356,36066,80542,33.91,15,27330,27.21,7,28.57
3357,20916,117930,58.61,45,69140,42.72,16,18.92
3360,47016,76402,22.99,12,17578,16.99,4,32.18
3361,389,49553,81.55,18,40421,68.18,8,1.21
3362,30788,147445,59.72,45,88080,48.76,20,21.69
3363,69622,113641,40.96,33,46587,31.32,14,28.0
3364,216,2701,0,0,0,0,0,18.15
3369,4640,28946,56.22,3,16275,54.42,2,16.18
3372,57834,235324,54.48,29,128241,50.82,15,18.75
3373,35606,47619,27.14,5,12931,24.87,3,33.11
3374,52048,271364,62.9,36,170776,59.79,22,21.48
3376,51668,195780,44.06,59,86301,33.54,25,27.31
3377,241,19653,64.25,12,12631,35.71,2,2.0
3379,30033,38042,28.72,6,10931,24.78,3,36.59
3380,42541,541718,65.9,36,357079,63.57,15,14.01
3383,11632,75000,48.43,18,36338,38.5,6,16.72
3388,12220,81600,42.16,21,34413,31.14,6,26.27
3390,56437,79330,31.33,19,24869,17.95,3,24.03
3391,929,68860,66.03,27,45483,51.03,10,2.73
3394,163,1180,0,0,0,0,0,26.58
3397,1815,9029,0,0,0,0,0,46.6
3402,38812,73048,29.8,10,21775,24.52,4,35.77
3404,50,653,0,0,0,0,0,21.09
3406,34899,112743,53.27,47,60080,35.73,17,17.16
3412,261,8071,84.95,1,6857,84.95,1,3.49
3413,24993,111274,50.88,30,56642,43.75,17,22.89
3414,252,1360,0,0,0,0,0,39.06
3416,9036,80778,57.36,17,46344,51.51,10,15.24
3419,30788,120480,31.98,26,38555,23.96,10,24.89
3430,33155,33716,33.47,6,11285,33.47,6,33.2
3431,12542,55459,51.32,8,28466,46.69,4,17.6
3432,3514,42230,66.5,13,28088,58.48,8,13.39
3434,8896,35755,46.31,14,16566,30.22,5,21.63
3437,46930,144548,25.44,22,36802,19.89,9,37.89
3438,28216,47166,45.12,2,21285,43.53,1,29.98
3441,31966,40040,23.76,10,9521,14.5,4,43.35
3443,64611,134012,65.1,41,87279,52.52,12,10.23
3444,4976,44997,48.9,17,22010,38.2,10,17.38
3447,5822,77449,58.92,13,45650,51.2,3,15.43
3450,72671,145681,45.55,55,66397,32.42,25,30.13
3455,44095,59851,29.56,23,17706,13.02,6,34.61
3465,4760,42330,67.91,14,28756,54.86,6,7.3
3466,28587,77892,46.13,26,35947,34.01,10,18.02
3467,1995,31107,62.68,11,19503,55.68,7,11.31
3469,191,22448,63.92,14,14353,42.15,6,1.47
3471,503,5000,45.04,3,2253,25.6,1,10.99
3472,1711,76274,57.36,24,43771,43.84,7,4.68
3473,261,23366,76.45,7,17866,68.26,4,1.56
3475,1778,1784,0,0,0,0,0,46.82
3479,37334,73026,40.3,18,29443,30.43,5,31.63
3481,1006203,7989197,37.8,1031,3021338,33.23,419,25.18
3482,527,6521,44.4,4,2896,16.87,1,16.25
3483,52759,99049,22.19,24,22003,14.0,11,41.11
3484,47321,78828,31.43,21,24784,22.6,10,24.41
3485,7387,38501,52.42,19,20189,33.54,7,18.32
3489,2915,90452,75.42,16,68235,70.41,9,5.52
3490,34495,55006,16.98,8,9344,14.16,5,37.3
3491,71456,68805,36.37,30,25040,17.16,8,27.83
3492,2768,35532,47.32,5,16817,44.69,3,16.68
3494,18069,94800,61.56,12,58379,56.65,4,11.57
3496,206,21606,79.75,9,17233,70.52,5,1.93
3497,112,4588,33.29,2,1528,23.86,1,5.4
3498,55943,61273,47.65,14,29206,42.51,8,25.39
3499,41166,54971,44.13,13,24261,41.81,10,23.7
3501,12441,118258,47.36,21,56030,42.49,12,21.58
3502,283,9202,34.17,5,3145,12.4,1,6.87
3504,12964,114060,64.68,17,73794,60.19,9,19.08
3505,160,5429,87.89,1,4772,87.89,1,8.41
3506,606,8573,19.83,3,1701,0,0,18.33
3507,278,31800,87.08,12,27699,75.26,7,1.5
3508,67859,104312,44.49,30,46446,34.3,13,27.74
3511,9642,79973,54.22,7,43372,51.13,3,22.81
3512,4889,113072,72.34,31,81815,64.28,16,8.65
3515,14139,123544,68.64,18,84831,63.03,7,14.26
3516,3220,59561,77.04,18,45899,69.4,11,5.66
3517,664,5031,13.89,1,699,0,0,24.01
3518,29749,102467,35.86,28,36760,26.12,12,16.95
3519,65098,433985,50.78,48,220448,46.4,18,18.34
3520,48181,68847,39.52,16,27224,28.63,4,18.45
3521,39853,185766,81.61,16,151631,78.79,8,3.73
3522,28273,104096,56.95,27,59297,50.27,15,10.48
3523,7858,64258,83.37,13,53583,78.36,7,5.04
3524,301,20627,66.46,14,13714,39.39,5,2.68
3526,20365,67402,47.08,23,31747,28.06,5,17.03
3527,25234,44445,26.39,10,11738,20.06,5,26.45
3528,5495,66639,69.36,13,46227,62.67,5,11.72
3529,22525,74686,48.8,33,36463,31.4,13,8.3
3530,15923,77476,57.41,13,44484,53.68,8,23.08
3531,1832,61175,80.33,34,49158,60.77,15,4.91
3532,21581,387848,89.56,29,347387,87.19,14,4.88
3533,22071,112535,63.13,53,71060,44.01,19,6.51
3535,43608,79052,26.46,8,20935,23.91,5,39.75
3536,6381,52089,67.89,5,35374,65.11,3,11.35
3537,44890,56243,29.37,10,16531,23.54,5,37.9
3540,59461,84459,25.42,9,21494,21.85,4,34.07
3541,17902,56349,35.81,20,20190,24.83,11,18.92
3543,24965,110263,47.4,40,52284,33.62,16,12.07
3544,578,2444,0,0,0,0,0,40.71
3545,82353,222456,24.95,40,55531,18.37,14,40.25
3546,34318,58427,34.0,18,19881,23.07,7,29.03
3548,40523,67744,32.8,17,22231,22.96,6,33.55
3549,239,1481,0,0,0,0,0,29.8
3550,51630,107550,43.03,29,46299,33.84,14,24.94
3551,13393,62275,49.57,23,30885,34.23,8,27.07
3552,55142,97918,37.58,20,36817,32.42,12,31.4
3554,135,15858,87.29,1,13843,87.29,1,1.7
3555,4507,39999,80.41,9,32166,77.74,7,7.87
3556,64887,63703,15.82,4,10084,13.67,2,44.8
3557,20227,84315,60.55,19,51067,53.32,9,12.12
3558,12220,59061,51.04,10,30150,47.07,6,30.87
3560,194,20405,74.02,9,15107,59.92,4,1.64
3563,37422,63961,49.87,22,31906,36.83,7,25.27
3564,6486,59123,59.98,2,35463,59.98,2,19.29
3566,10580,419621,73.96,150,310433,60.69,57,1.15
3567,33763,33954,18.59,7,6322,7.93,2,34.91
3568,187,10063,72.35,5,7282,46.7,2,3.92
3570,2896,17097,53.92,4,9223,45.21,2,22.4
3571,416,3285,0,0,0,0,0,27.33
3572,331,11817,40.53,4,4792,25.66,2,4.69
3576,216966,1627795,38.51,179,627218,34.33,67,23.53
3577,4298,63966,66.63,25,42634,50.04,10,8.49
3579,6152,9580,74.12,3,7102,65.74,2,15.49
3580,41594,39471,12.21,6,4824,7.21,2,37.53
3581,7080,51006,60.65,17,30947,48.53,7,18.88
3583,30060,83859,61.85,26,51883,51.94,14,20.65
3584,21952,139767,25.28,29,35369,18.25,13,25.73
3585,15023,111679,40.33,14,45060,34.96,4,25.0
3586,88,2458,51.29,2,1261,0,0,7.36
3587,25872,71685,32.37,16,23214,21.81,5,36.73
3588,49454,61993,28.18,13,17479,18.57,5,33.87
3591,52175,145387,54.33,37,79033,47.5,21,19.36
3592,36820,75855,36.18,19,27466,24.8,5,32.19
3593,24683,60825,64.21,18,39074,50.01,4,9.44
3594,19963,95948,56.64,31,54358,43.42,11,16.85
3595,20565,33913,31.89,8,10820,26.32,5,27.15
3596,21551,220354,75.04,77,165379,61.86,31,9.45
3597,2240,39236,64.42,11,25282,56.92,7,10.66
3601,687,34887,52.62,9,18366,40.76,3,3.43
3603,689,24844,70.99,10,17641,64.91,7,4.77
3605,41197,175582,63.51,52,111525,55.79,30,16.7
3606,98,16847,77.4,11,13043,43.23,2,0.73
3607,47025,121662,32.79,35,39914,21.4,14,19.26
3609,7512,38419,52.36,17,20123,31.78,4,9.21
3610,1500,54015,79.65,4,43027,76.71,1,5.1
3611,4814,47555,58.21,13,27691,46.79,4,13.27
3613,1140,63436,66.67,28,42304,50.87,13,3.89
3615,43373,68467,30.27,11,20739,23.13,3,41.92
3616,3450,94650,43.02,36,40737,26.06,10,6.41
3617,7427,94766,67.21,39,63717,53.78,17,9.92
3619,164,7626,27.79,3,2120,15.73,1,4.99
3622,24654,151328,59.2,22,89624,54.35,10,16.51
3623,8387,29186,51.91,3,15154,48.24,1,23.55
3624,39863,117341,56.9,16,66778,52.49,7,26.29
3625,47873,114247,45.38,27,51863,37.35,12,19.85
3627,14082,30991,56.06,9,17376,50.03,5,11.97
3628,7586,45000,59.15,5,26624,56.02,3,16.97
3629,1737,32955,86.89,5,28637,84.01,3,3.02
3630,28037,204192,53.99,14,110296,51.09,5,20.18
3631,1810,81821,80.79,17,66113,74.51,8,4.08
3632,37274,40890,17.2,5,7039,15.58,4,45.98
3633,1892,34024,60.67,13,20648,46.15,5,10.18
3634,218,49600,82.97,13,41166,72.48,6,0.7
3635,398,5050,0,0,0,0,0,15.07
3636,503,6000,87.18,1,5231,87.18,1,4.38
3637,823,29749,77.46,6,23047,71.3,3,4.12
3642,18063,45869,63.39,18,29086,49.5,10,7.54
3643,403,47937,97.95,1,46958,97.95,1,1.03
3644,1912,83300,77.89,32,64900,69.94,20,3.04
3645,61658,136754,44.35,43,60667,37.13,26,27.72
3646,36407,39297,48.96,21,19251,19.97,5,8.71
3647,2943,2802,0,0,0,0,0,50.03
3649,275,10819,36.51,6,3952,0,0,4.85
3651,69,69565,95.9,12,66730,89.61,4,0.15
3652,3636,75098,72.16,13,54200,67.82,7,9.07
3653,45955,146733,71.37,46,104751,62.92,24,5.71
3656,3283,58249,77.46,6,45124,75.19,3,7.09
3659,627,54124,86.63,14,46899,80.86,8,1.99
3661,87994,86271,36.31,38,31343,16.31,10,23.52
3662,22523,183478,53.41,26,98010,48.89,11,17.55
3663,24400,108494,64.42,11,69902,62.51,7,21.27
3664,5784,75945,68.54,7,52062,66.77,4,7.28
3665,44146,195078,62.07,87,121124,45.07,35,7.78
3666,28639,138950,83.27,16,115734,80.1,9,6.16
3669,7979,92920,58.69,9,54552,54.68,3,17.26
3671,53,14500,87.86,7,12743,72.48,3,0.41
3672,21063,40790,55.87,20,22799,40.12,9,9.25
3673,84826,406664,41.77,70,169969,35.71,33,27.08
3674,405,17814,71.06,7,12661,65.86,5,5.17
3675,13815,53058,58.91,5,31264,57.16,3,21.08
3678,1020,26422,52.3,13,13824,35.7,5,6.9
3679,5035,63022,65.87,25,41523,54.01,13,11.84
3680,29381,96212,53.99,41,51969,38.36,19,23.05
3681,341,118704,95.08,6,112879,94.39,5,0.55
3684,6236,30310,59.34,9,17990,52.8,6,14.15
3685,13151,79574,62.13,31,49455,44.74,8,8.18
3686,62523,76495,21.76,14,16656,16.77,7,34.59
3687,36327,30124,37.33,6,11249,32.52,4,36.79
3688,3476,99176,67.87,11,67330,65.63,7,6.38
3689,33914,89509,26.15,24,23426,12.86,5,35.62
3690,1357,60356,89.17,6,53832,83.95,1,2.86
3691,13291,91883,58.55,15,53817,53.71,9,19.37
3693,27501,42991,43.46,10,18693,33.58,4,30.83
3694,14319,154929,58.73,20,91029,54.42,8,17.89
3701,49276,236669,72.64,20,171946,70.77,13,14.69
3702,88983,1751374,85.05,350,1490015,80.06,207,5.23
3703,34730,823216,72.65,109,598275,68.31,51,8.14
3704,41127,415445,67.6,88,280946,60.89,43,13.29
3705,26684,266423,68.57,71,182744,61.05,42,10.16
3706,194273,1327212,55.67,135,739087,52.59,73,21.76
3707,92062,400746,45.07,39,180675,41.98,21,31.65
3708,46502,92769,49.49,23,45925,40.65,9,24.72
3709,8140,145569,72.88,19,106127,67.32,7,8.28
3710,46602,287251,32.17,78,92449,22.01,27,16.03
3711,365243,4482107,86.5,808,3877943,81.09,423,5.81
3712,29382,246242,58.27,24,143500,55.9,15,18.31
3713,4211,88099,56.3,31,49616,43.86,11,7.87
3714,160503,737940,42.22,123,311598,36.71,55,25.11
3715,97061,283575,29.59,60,83975,22.01,27,41.63
3716,53713,149766,52.62,31,78842,46.25,15,22.21
3717,49909,211596,37.22,50,78799,29.37,23,22.96
4102,37652,42373,46.38,12,19659,33.55,4,14.71
4104,44688,188367,45.43,25,85608,40.06,8,25.18
4105,52359,248650,48.6,70,120899,38.87,32,17.72
4106,16314,100912,49.93,15,50408,46.08,8,21.16
4107,13530,69298,61.79,24,42838,51.97,14,12.47
4108,54813,198619,29.61,27,58850,23.57,7,23.0
4109,43735,118737,43.59,27,51786,35.83,11,17.45
4111,46422,59832,43.2,24,25858,32.64,14,16.44
4113,20202,231138,74.51,76,172263,62.48,32,4.84
4114,74348,510176,42.86,105,218773,36.47,48,15.14
4115,951,60000,75.83,16,45509,69.61,10,3.04
4116,4448,44566,54.95,3,24492,54.95,3,17.88
4117,6252,70824,54.37,25,38516,37.83,7,14.21
4118,202,29993,90.11,1,27027,90.11,1,1.25
4119,27027,119509,46.91,14,56072,44.31,9,17.86
4120,7564,86747,71.38,21,61942,63.85,12,8.79
4121,51572,83111,49.66,19,41290,44.45,12,23.72
4123,46661,769546,58.56,165,450816,52.09,85,11.9
4125,218,1934,0,0,0,0,0,29.72
4126,22582,72600,62.85,25,45637,53.49,14,15.65
4127,26501,45760,75.61,17,34606,63.25,8,7.19
4128,101646,588171,43.58,66,256455,39.73,26,15.98
4129,34141,96438,59.05,34,56966,47.79,14,10.92
4131,3523,39879,76.11,5,30361,72.24,2,5.53
4132,42835,187941,46.63,49,87674,38.33,23,11.77
4133,54364,60554,23.53,11,14255,18.53,5,40.0
4135,511,26465,65.43,14,17322,44.13,5,3.75
4136,95,36147,99.3,4,35897,97.87,3,0.34
4137,7490,82492,52.73,15,43510,45.11,5,15.28
4138,21318,39930,51.42,4,20535,51.42,4,25.29
4139,1198,45010,69.02,23,31074,48.02,9,3.3
4140,473,3039,0,0,0,0,0,30.87
4142,84613,429508,39.4,84,169318,32.27,35,21.81
4147,47496,273202,52.6,67,143726,43.65,28,13.49
4148,2278,67236,79.57,11,53506,78.16,9,5.69
4150,31419,147218,41.35,52,60909,27.15,15,9.48
4151,642,50026,78.35,13,39203,71.12,7,2.65
4153,5240,58668,76.53,15,44910,71.98,11,8.52
4154,896,38390,76.54,15,29389,67.1,8,2.89
4155,35398,144684,45.63,40,66047,34.85,15,16.6
4156,895,56540,71.87,14,40643,67.51,10,4.15
4157,31992,711834,59.07,118,420687,52.24,36,8.93
4160,34560,26690,29.63,3,7910,25.36,1,33.08
4161,5166,59808,44.34,24,26530,26.87,8,11.21
4162,47192,145678,45.75,22,66678,40.21,9,21.28
4163,25065,50680,70.3,23,35640,59.82,14,9.07
4164,19045,195311,50.88,54,99411,41.52,24,16.7
4166,3864,243035,82.8,27,201285,79.18,13,3.02
4167,55998,310444,41.55,77,129050,33.28,34,16.3
4168,50176,112521,27.61,26,31105,20.01,10,22.47
4169,4326,66432,54.0,22,35890,46.05,13,9.77
4170,6529,43771,58.45,15,25590,45.19,7,9.51
4171,38084,58057,32.73,10,19015,27.67,6,25.53
4172,24408,119576,39.03,25,46676,30.05,8,10.99
4173,30374,74574,43.61,5,32540,40.0,1,21.05
4174,42776,131580,41.73,32,54929,35.41,18,23.79
4175,11513,42323,56.05,7,23724,54.98,6,22.94
4177,2160,62805,59.03,17,37091,48.19,6,7.92
4178,4388,215867,77.58,44,167515,72.42,26,3.83
4181,1738,2128,0,0,0,0,0,59.35
4183,1192,23800,62.33,13,14840,42.92,5,8.75
4184,644,39183,92.03,1,36064,92.03,1,1.69
4186,4715,90000,46.05,36,41468,27.11,10,10.08
4188,4687,63333,54.29,12,34390,47.92,4,11.94
4190,16680,61450,66.35,12,40776,62.64,9,15.68
4191,2533,100170,63.05,31,63165,48.78,9,5.6
4192,4650,35164,68.21,3,23990,66.6,2,13.55
4193,5426,67616,49.22,25,33296,33.69,6,3.85
4194,3299,145974,76.72,24,112001,73.12,14,5.17
4195,28487,80000,38.75,24,31017,30.21,13,16.17
4197,2268,30181,65.84,21,19874,40.26,7,5.36
4198,2670,24108,81.52,4,19655,77.46,3,6.31
4205,11036,97649,66.37,33,64841,58.94,21,14.54
4207,8631,198538,73.16,54,145279,63.77,23,5.39
4303,35806,94605,19.48,10,18447,13.85,2,35.41
4304,3536,61038,81.75,15,49907,74.64,7,3.84
4305,1697,55014,84.73,26,46626,74.81,19,4.31
4306,90381,676757,57.59,111,389867,51.93,44,10.15
4401,12704,122692,61.47,48,75437,46.86,23,8.86
4402,41412,67992,65.94,17,44850,60.1,10,7.9
4404,7876,112266,35.75,25,40161,26.92,7,14.69
4406,1553,51912,76.85,21,39897,60.58,7,3.54
4408,4013,67628,35.74,14,24185,30.37,8,12.66
4413,1652,31315,69.31,15,21709,52.61,6,4.72
4414,22865,263796,64.01,47,168881,56.8,17,9.19
4415,4360,43577,85.04,11,37066,76.68,5,6.77
4416,2347,73586,72.63,33,53457,60.94,19,5.7
4417,8461,83971,45.85,19,38523,37.11,7,16.94
4419,5212,169163,96.84,7,163849,95.08,3,0.7
4420,8110,40455,59.08,8,23906,54.11,4,23.04
4424,2553,59853,66.58,16,39856,62.31,11,5.5
4426,9607,172677,61.95,33,107005,54.14,12,10.33
4427,967,212542,87.41,55,185828,78.71,24,0.93
4430,8687,56274,64.06,21,36053,53.29,11,16.13
4431,2127,36536,68.13,4,24896,62.74,1,11.26
4432,4947,50589,55.28,12,27971,45.45,4,11.89
4433,10167,61300,57.09,11,35011,52.24,6,16.51
4438,4527,113425,66.31,39,75223,50.12,10,7.02
4439,1195,38117,78.39,14,29885,69.65,9,4.8
4440,3897,67598,56.84,45,38434,27.33,11,12.62
4441,2257,68176,71.7,27,48892,58.9,13,4.68
4442,1042,32856,75.52,19,24820,45.19,5,4.75
4502,3860,57470,69.36,14,39872,56.31,3,5.93
4503,7367,78313,64.25,12,50324,59.81,6,14.4
4506,11193,177012,80.63,29,142767,74.19,11,8.19
4510,60182,108978,36.65,18,39953,30.87,7,35.08
4513,44500,143762,57.22,16,82302,53.23,5,15.84
4523,35840,64949,59.79,18,38841,51.9,9,13.36
4526,60826,254826,49.48,62,126170,41.63,32,24.8
4527,4445,76152,66.78,25,50860,61.76,18,10.02
4528,13537,84166,62.33,13,52473,58.69,8,19.14
4529,8832,84549,58.72,14,49670,52.78,5,12.05
4530,7310,35795,72.77,6,26058,64.46,1,5.95
4532,20107,494895,70.19,92,347509,64.53,52,8.21
4533,68390,178434,37.29,24,66573,32.37,10,31.51
4534,19854,86789,41.97,24,36433,30.77,8,20.65
4535,7153,75662,77.46,21,58628,69.69,12,4.73
4536,7293,90820,56.4,42,51247,38.33,15,12.31
4537,2215,78840,82.02,16,64679,77.0,10,4.37
4538,1675,59470,80.47,15,47860,71.64,7,3.87
4540,40989,115187,30.55,19,35219,25.51,11,40.83
4541,43559,67647,42.23,22,28585,30.04,9,26.7
4542,5992,35383,50.84,21,17997,20.96,5,19.13
4543,22201,59772,46.4,13,27746,42.03,9,23.47
4544,1575,60290,67.5,20,40701,49.87,2,1.89
4545,21925,77000,72.84,8,56105,69.34,4,9.48
4546,977,33775,69.53,12,23492,60.5,8,4.59
4547,302,23349,84.76,7,19792,72.34,2,2.65
4549,7450,57002,62.53,14,35648,58.74,10,16.95
4550,3193,37839,55.79,11,21122,49.03,7,14.81
4551,4973,115222,81.78,29,94245,75.72,18,5.2
4552,28580,116000,50.88,23,59041,42.5,6,12.02
4553,464,33020,86.99,14,28727,77.03,8,2.31
4554,2390,26327,52.18,7,13739,50.62,6,14.49
4555,4013,69988,69.81,13,48872,65.67,8,9.99
4556,3105,42303,74.89,11,31683,70.53,9,8.85
4557,27675,47972,43.49,23,20872,24.78,8,12.19
4558,1594,50000,72.89,32,36450,50.21,13,6.33
4559,657,60000,87.92,17,52763,79.9,10,2.01
4560,2466,68097,86.13,12,58666,83.73,9,3.4
4561,8632,58522,58.35,12,34158,52.18,7,24.15
4562,12031,87546,52.09,12,45613,49.94,9,28.3
4563,6534,54950,54.26,11,29826,49.6,7,21.29
4564,48744,232788,40.44,52,94190,33.43,25,21.07
4565,1435,61740,79.92,24,49351,66.05,12,2.4
4566,25140,110095,55.45,27,61060,48.3,14,23.67
4568,1615,32045,68.34,8,21903,61.91,4,7.38
4569,1992,30600,66.16,11,20253,52.36,5,7.48
4570,207,44000,94.99,16,41802,87.57,12,0.59
4571,6507,53017,66.29,21,35158,55.65,11,15.83
4572,3474,40019,64.17,11,25682,61.89,9,9.32
4573,11037,45697,39.87,14,18227,28.87,6,23.41
4575,758,38668,68.92,17,26657,53.82,8,3.21
4576,24708,119802,66.74,32,79993,59.49,19,17.96
4577,7221,49138,60.31,9,29643,55.74,5,22.89
4578,691,20300,97.0,3,19693,92.28,2,1.48
4580,5069,46803,49.43,18,23146,35.72,10,18.51
4581,1644,33899,62.95,15,21344,46.35,8,8.63
4582,2573,75480,55.71,25,42064,45.32,12,7.18
4583,7065,80171,86.08,9,69026,82.23,4,4.61
4584,1069,30002,80.09,13,24034,69.26,9,4.35
4585,18780,105766,75.86,3,80246,75.31,2,16.48
4587,973,33000,88.23,5,29117,88.23,5,3.2
4588,5265,42985,50.32,15,21639,37.45,8,21.43
4589,609,26039,70.32,12,18316,45.23,1,3.78
4590,10110,54838,48.1,19,26386,35.82,9,15.68
4609,1742,47947,76.2,24,36546,64.56,15,3.89
4702,14205,72333,51.1,9,36969,46.49,2,22.93
4703,9146,65750,26.16,7,17213,22.61,3,26.93
4706,2128,79030,82.11,14,64911,77.31,8,2.43
4707,28260,403715,71.52,59,288805,66.97,30,8.48
4711,7545,61056,60.0,10,36643,53.42,4,15.68
4712,3612,18423,45.99,2,8473,43.69,1,17.23
4714,53735,221838,29.09,35,64552,22.38,10,22.56
4716,43393,94427,37.86,26,35767,29.6,13,21.98
4717,1000,155,0,0,0,0,0,99.98
4720,13661,114516,38.76,24,44406,34.31,15,24.64
4721,57391,74986,34.32,16,25742,28.03,7,38.74
4722,14206,104219,58.97,42,61484,45.69,20,11.18
4724,3071,95976,59.44,28,57066,46.37,8,7.54
4726,12780,207042,57.96,41,120024,50.29,14,12.4
4727,349,7278,18.79,3,1368,0,0,8.58
4728,16798,54463,84.48,36,46023,65.91,19,2.26
4729,7391,79227,50.86,11,40305,46.43,6,18.66
4730,1063,27868,69.84,13,19466,57.91,7,4.79
4732,1576,49644,66.74,30,33139,46.72,13,6.42
4734,371,10237,14.95,2,1532,0,0,6.16
4735,37652,41569,53.37,15,22189,42.94,8,19.34
4736,13798,95374,51.42,18,49062,44.86,8,22.66
4737,10977,77403,62.24,26,48189,49.04,9,6.0
4738,3482,77596,58.61,7,45487,54.05,1,11.02
4739,55915,124700,40.08,29,50004,29.5,8,27.26
4741,12662,34812,48.12,10,16757,40.07,5,15.84
4743,80990,480533,45.72,75,219814,40.82,33,17.4
4744,33265,56948,51.55,25,29369,35.2,11,12.04
4745,3188,69706,63.62,25,44360,55.28,15,7.61
4746,43339,120256,42.66,40,51327,31.6,18,20.77
4747,2114,45461,66.16,23,30082,50.42,11,6.42
4749,60744,94733,34.11,25,32343,25.72,11,32.47
4752,1065,84397,89.58,6,75611,86.99,2,3.03
4754,23038,30283,36.69,6,11112,28.46,3,24.17
4755,8621,100706,68.75,15,69259,64.97,9,12.04
4758,396,29217,92.13,6,26925,84.79,2,1.23
4760,11059,32218,37.97,8,12239,34.95,6,24.84
4762,139,20720,99.67,8,20653,97.29,7,0.25
4763,54397,989147,60.66,115,600361,56.61,49,10.91
4764,8001,85542,75.39,26,64502,67.31,15,9.62
4765,916,32133,55.18,16,17735,39.21,6,5.97
4766,11151,120571,70.17,29,84625,62.89,14,9.57
4767,886,31415,64.09,12,20139,46.92,5,4.74
4768,15977,47488,34.94,17,16604,19.49,4,29.58
4770,9459,79976,64.28,24,51428,59.68,18,13.87
4771,4093,58761,59.66,23,35071,45.5,9,9.6
4772,32762,147682,48.92,26,72279,41.71,9,24.3
4773,228,72709,94.99,14,69091,92.29,11,0.25
4801,784,47201,98.7,2,46594,97.82,1,0.23
4802,296,18854,87.92,2,16579,85.36,1,2.38
4803,5714,59069,57.43,8,33936,55.13,6,14.8
4804,30103,71992,62.0,11,44648,54.88,3,10.09
4806,18028,99947,88.94,10,88902,85.88,4,2.07
4807,14452,48996,68.19,16,33420,63.32,12,8.98
4903,46537,105344,43.0,13,45312,36.69,2,31.03
4904,86507,3607705,93.51,382,3374406,90.9,235,2.58
4905,1985,29260,81.68,18,23905,63.72,10,5.85
4906,91896,451846,28.57,83,129147,22.73,40,30.21
4907,2856,118146,85.39,9,100896,83.76,6,3.45
4908,33763,78217,54.2,21,42411,43.71,10,26.63
4909,63628,93357,27.14,15,25353,23.23,8,41.31
4911,3494,63720,57.57,19,36700,46.73,8,8.38
4912,25876,66993,51.16,24,34280,36.97,7,14.59
4913,475,9667,25.75,3,2490,0,0,11.98
4914,226,10000,77.04,5,7705,61.66,2,4.01
4915,32194,471881,61.99,125,292616,53.82,67,14.74
4916,75187,124083,28.36,22,35225,23.08,10,43.78
4919,73115,452398,62.33,48,282057,58.47,20,23.56
4920,107,41779,93.69,6,39149,86.74,1,0.35
4922,4559,44958,25.44,12,11446,11.8,2,17.24
4923,30714,37373,37.54,15,14043,23.32,6,20.84
4924,1470,37164,69.84,18,25963,50.84,8,6.15
4925,5253,70746,48.64,31,34424,31.09,10,12.63
4927,60387,264938,25.32,67,67120,15.34,23,27.21
4929,384,234,0,0,0,0,0,38.45
4930,33729,80000,63.64,13,50929,58.71,7,17.91
4931,61537,65566,31.34,23,20565,13.48,4,45.06
4932,311,2020,0,0,0,0,0,40.02
4933,5761,82671,63.79,12,52751,59.7,6,12.75
4934,70570,225000,34.66,23,78044,29.8,6,23.84
4935,7938,128864,62.79,26,80926,57.72,15,13.45
4938,150277,2682044,78.76,411,2112769,74.2,221,9.79
4939,63938,98201,36.16,22,35523,28.91,9,35.82
4942,6693,142368,62.25,40,88656,54.6,22,10.61
4943,22033,126694,64.0,26,81098,53.38,6,14.31
4946,8320,8853,42.58,1,3770,42.58,1,36.12
4949,10621,67764,52.77,28,35767,41.1,13,20.24
4950,6653,57729,72.94,5,42121,68.13,1,6.09
4951,11205,34149,19.8,8,6765,4.48,1,33.3
4952,15043,108816,52.76,10,57424,47.79,2,25.74
4953,34332,73147,47.39,18,34679,37.87,7,23.39
4956,42403,100408,38.09,20,38257,33.13,10,33.78
4958,203836,1117274,72.84,228,814000,66.7,120,14.85
4960,89728,571705,62.88,89,359612,57.67,45,15.27
4961,41625,121254,44.47,30,53947,34.93,12,28.59
4963,445,75455,83.64,9,63121,82.03,7,1.43
4966,30391,78958,34.72,26,27423,20.29,8,27.62
4967,65015,98566,25.21,26,24857,13.59,8,46.69
4968,56809,92210,16.74,14,15455,10.35,4,46.66
4969,11532,190978,55.64,56,106296,44.91,23,6.88
4971,35283,47186,45.42,22,21441,22.12,3,27.13
4972,15519,56889,49.73,21,28302,36.57,10,24.3
4973,49859,65293,24.5,14,16014,15.7,4,41.98
4974,43021,72500,41.71,6,30253,39.73,3,29.68
4975,1025,326577,96.31,11,314557,95.92,8,0.73
4976,45128,141351,29.17,14,41257,24.31,5,35.7
4977,48140,82690,19.39,13,16059,10.73,2,49.16
4978,67,5000,82.32,1,4116,82.32,1,2.2
4979,89289,142824,41.0,47,58591,26.17,12,38.37
4980,2373,45204,58.12,14,26282,50.4,7,10.82
4989,51052,172776,19.41,26,33584,12.53,7,45.41
4990,3281,102713,53.4,32,54862,43.96,17,7.93
4991,57362,121344,52.62,35,63870,42.91,15,25.96
4992,1034,210050,82.08,38,172445,76.89,22,1.01
4994,2158,66383,86.15,30,57210,78.99,22,3.18
4995,5089,42592,67.11,22,28590,51.82,11,8.12
4996,784,99070,77.8,37,77094,65.91,19,0.92
4997,272,14665,42.96,8,6303,17.41,2,3.49
4999,46525,74417,41.15,25,30633,27.29,10,26.05
5006,14027,96946,10.24,8,9933,7.82,3,21.32
5007,4905,294940,87.76,44,258914,84.66,28,1.96
5009,81484,602471,48.94,102,294944,44.24,52,18.1
5011,33705,100674,49.43,32,49769,38.24,14,14.88
5013,9017,133416,87.31,44,116515,80.9,31,2.35
5014,52323,183265,37.79,51,69302,26.83,20,19.84
5015,26628,60639,52.0,19,31548,42.19,9,19.98
5016,2683,49622,65.97,15,32747,59.95,10,10.0
5017,6864,319,0,0,0,0,0,82.11
5201,13577,38675,57.33,18,22185,36.57,7,10.11
5202,43913,89094,53.02,12,47248,48.7,7,17.58
5203,31659,79343,44.75,18,35528,34.82,6,18.04
5204,1375,6289,18.82,1,1184,18.82,1,20.58
5205,1737,13500,74.44,2,10051,71.26,1,7.83
5206,3648,171518,85.47,33,146649,79.43,15,2.98
5207,2909,15834,38.6,8,6114,14.82,2,12.01
5209,4181,28733,55.5,4,15949,53.46,3,18.29
5210,39128,82178,46.73,18,38421,39.67,8,12.41
5211,7616,32025,47.96,12,15361,40.88,7,23.86
5212,10011,34633,79.61,16,27574,66.95,9,6.3
5213,21251,721334,86.25,81,622388,84.32,57,4.49
5215,5406,64338,53.26,22,34273,42.71,11,16.11
5216,401,17847,82.4,11,14710,57.64,4,2.85
5220,7663,39667,43.56,19,17286,19.61,5,16.69
5221,347,5573,11.3,1,630,0,0,15.82
5222,33181,91125,32.27,24,29426,22.73,10,27.16
5223,2746,44550,62.3,12,27764,54.29,7,13.24
5225,8229,79136,47.1,14,37291,39.29,4,19.79
5226,400,23300,52.74,11,12293,31.51,3,4.34
5227,58859,96000,29.71,24,28532,19.04,8,27.19
5228,3514,38056,55.23,13,21025,44.94,6,15.89
5229,129,58238,96.46,13,56185,89.33,6,0.41
5230,29721,56304,26.27,19,14802,10.27,4,30.96
5233,3000,277249,85.35,23,236705,82.42,10,2.36
5234,11311,102716,65.35,20,67141,58.51,8,9.86
5236,6687,60004,61.79,5,37084,60.89,4,15.2
5238,692,67296,83.45,15,56167,78.59,9,2.2
5239,601,24700,30.08,8,7434,16.98,3,5.26
5240,514,26582,53.83,16,14312,30.32,5,2.73
5242,1115,124895,72.3,45,90323,58.6,18,1.89
5243,30593,168529,56.87,28,95865,50.03,11,20.78
5244,9728,68242,46.68,30,31870,28.99,11,18.91
5245,3916,45127,57.84,18,26109,40.69,7,16.48
5246,8647,44974,35.0,11,15745,26.94,4,27.21
5247,510,75000,75.94,12,56961,68.74,5,1.45
5248,1899,24500,58.95,5,14446,56.84,4,15.15
5250,209,39107,97.08,1,37967,97.08,1,1.0
5251,35400,33733,33.43,4,11286,29.21,2,39.58
5253,224,40943,81.05,20,33194,58.2,5,0.96
5254,673,22607,75.68,8,17112,70.33,6,5.06
5256,1873,71602,69.01,24,49433,61.23,15,4.55
5257,809,132750,79.64,27,105735,73.71,13,1.25
5258,25205,110365,52.08,40,57509,37.43,14,15.39
5259,2364,43563,82.07,8,35759,74.45,3,5.69
5262,8035,52699,55.97,25,29502,31.97,5,6.14
5263,26581,73937,57.29,33,42367,43.87,15,12.34
5265,123,1207,0,0,0,0,0,22.11
5267,1296,25300,62.14,13,15723,46.59,5,8.47
5269,35418,74157,59.42,12,44073,54.54,6,23.15
5271,8496,63472,28.83,12,18312,20.52,4,24.25
5272,45781,55276,22.28,13,12326,10.26,3,36.47
5274,48327,37803,34.23,13,12947,22.55,4,12.44
5275,144,10264,30.86,6,3169,0,0,2.11
5276,933,39500,88.27,6,34875,85.29,4,4.13
5278,4264,300000,82.68,69,248106,77.74,45,2.59
5282,278,25006,85.81,10,21463,59.25,1,0.6
5283,27571,87601,61.17,23,53597,53.15,13,20.02
5284,9293,52893,56.05,13,29652,48.91,7,18.33
5285,12349,102041,62.91,36,64208,50.62,18,18.95
5286,910,14745,79.97,6,11795,69.95,4,4.81
5287,9753,60311,59.0,22,35597,46.85,10,21.13
5288,2933,69699,69.07,15,48158,59.82,4,6.93
5289,65324,96418,34.83,32,33604,20.69,9,28.16
5291,5334,41891,46.23,23,19376,18.7,4,21.18
5292,7690,42108,50.84,15,21418,40.29,8,17.94
5294,60,82,0,0,0,0,0,86.86
5295,157,29140,85.65,15,24968,70.39,8,0.75
5296,469,21595,35.92,7,7760,27.24,4,5.13
5297,8832,37652,19.04,9,7174,10.47,3,36.13
5299,17212,51075,50.99,10,26049,44.82,5,27.23
5301,4025,65890,80.64,11,53146,73.88,4,4.91
5302,13093,159888,51.27,22,82017,45.18,6,17.46
5304,32307,326962,88.1,23,288108,86.33,13,6.18
5306,12105,126001,69.58,23,87688,64.41,11,12.16
5307,35134,423111,41.17,93,174257,32.18,31,16.03
5309,70837,231677,35.31,38,81855,28.54,12,33.7
5310,7147,28944,58.11,15,16824,37.69,5,6.31
5312,5898,60060,55.62,17,33409,50.67,13,13.64
5314,53952,292000,40.92,40,119555,36.39,19,28.96
5315,51152,106352,30.41,26,32369,22.21,12,22.45
5321,7960,59543,61.89,22,36866,48.08,8,11.49
5324,21169,226379,80.09,48,181345,73.8,25,4.84
5325,20396,55471,33.47,8,18575,27.53,3,38.1
5328,78482,172711,39.25,17,67810,35.45,6,40.88
5336,2956,2217,0,0,0,0,0,68.85
5340,26271,194894,60.82,31,118548,53.66,8,20.81
5344,6753,79447,75.59,7,60066,73.54,4,10.73
5345,6375,37795,78.88,2,29814,78.88,2,7.23
5346,263504,1366161,37.73,305,515838,28.12,89,20.13
5347,122256,1879568,83.24,249,1564654,79.84,146,8.76
5348,1830,14776,53.12,5,7851,40.79,2,9.46
5351,109133,328771,39.95,63,131421,32.89,27,28.35
5353,6455,75765,54.78,29,41514,37.82,10,13.42
5355,32511,166123,70.49,44,117141,63.21,26,7.13
5356,53172,103040,44.54,24,45903,39.59,16,22.44
5364,7342,63850,70.3,14,44894,61.31,3,5.84
5371,105050,390981,43.55,56,170362,39.31,28,32.71
5372,5392,48616,23.62,13,11487,12.46,4,24.4
5376,3808,33702,33.73,8,11370,28.32,4,17.24
5381,27336,207691,55.52,31,115372,48.23,9,18.42
5385,8313,11156,23.82,2,2659,18.19,1,43.93
5386,28456,36081,34.31,5,12385,28.28,2,39.43
5387,141646,45000,91.32,2,41101,90.18,1,7.18
5388,30706,304343,56.03,106,170611,45.63,54,17.43
5392,67073,176562,35.48,19,62677,31.49,8,33.31
5395,2242,1759,0,0,0,0,0,41.07
5398,41441,49465,58.08,19,28737,45.9,10,7.9
5403,9516,78176,47.1,34,36829,31.24,13,19.01
5410,56860,93369,35.24,21,32926,27.13,9,28.38
5414,5077,68584,59.72,20,40967,48.11,7,10.25
5425,104951,263485,37.04,42,97623,32.64,24,39.55
5426,35596,143800,55.89,23,80392,52.77,16,21.34
5432,5509,20688,54.1,4,11196,51.4,3,28.55
5434,31276,194008,54.47,73,105720,38.69,26,14.37
5438,37943,112537,75.2,10,84641,74.38,8,9.97
5439,34631,92977,39.34,29,36602,29.13,14,29.87
5442,4828,64815,20.65,12,13391,14.61,5,16.16
5443,66508,164747,39.19,21,64597,33.74,6,36.26
5450,11765,122403,80.98,10,99140,79.37,7,5.64
5452,69571,148764,41.81,20,62229,37.73,9,30.02
5455,3436,65502,93.99,25,61570,89.0,20,1.56
5457,17345,196429,52.52,32,103187,48.06,17,17.37
5460,31590,58778,56.13,29,33005,37.2,12,15.7
5464,4428,71071,73.0,28,51894,58.85,12,7.7
5465,7853,147683,72.23,17,106684,68.79,8,11.17
5467,1835,85552,86.4,11,73931,82.8,6,2.84
5468,5882,58923,66.41,13,39146,60.66,8,13.33
5469,37621,486166,72.12,80,350654,67.25,43,12.46
5471,67817,167877,27.96,38,46950,19.22,14,38.16
5473,2484,3037,0,0,0,0,0,78.14
5474,7957,39757,56.66,8,22534,48.5,4,26.51
5475,53135,127127,39.73,24,50540,35.17,14,36.8
5478,41147,156074,79.54,30,124187,73.08,16,9.55
5481,42274,71403,65.44,22,46738,55.54,11,8.0
5483,138519,641222,61.49,157,394433,54.02,83,20.45
5484,33803,66801,37.91,11,25339,34.04,7,37.13
5487,7149,24223,71.39,15,17296,47.87,7,7.41
5488,41399,91586,45.84,31,42004,33.62,13,17.31
5489,3196,102706,85.44,14,87762,82.62,8,4.22
5490,69491,96152,36.37,25,34989,27.3,11,22.98
5492,1373,71414,98.66,1,70463,98.66,1,1.03
5493,5615,43689,43.85,17,19168,24.9,4,19.55
5497,4836,65301,26.19,14,17118,15.57,4,16.92
5498,69716,193549,34.57,24,66948,29.92,10,37.79
5501,6089,21200,28.1,4,5959,24.3,3,20.12
5505,5922,138832,65.62,47,91129,50.91,15,7.0
5506,7580,152545,66.77,34,101882,58.45,12,6.12
5508,18669,217428,68.72,19,149447,65.91,8,14.63
5511,5758,113440,66.25,36,75182,55.8,17,8.46
5512,78455,766312,61.92,159,474591,54.96,73,9.06
5514,10402,236118,92.42,51,218274,87.52,32,1.2
5515,11681,201600,70.28,58,141720,62.04,30,7.99
5516,1807,51545,70.59,15,36398,60.51,7,4.71
5519,17568,219197,57.18,42,125390,51.35,20,16.79
5520,1215,59975,83.75,23,50242,73.58,12,2.19
5521,63543,492280,58.16,97,286407,52.01,47,10.2
5522,17449,781596,89.11,61,696639,86.61,31,4.1
5523,2583,155001,92.33,31,143153,89.07,23,1.39
5524,3911,58667,30.78,22,18070,11.6,4,16.07
5525,4820,318105,88.44,69,281395,84.19,49,2.09
5529,11426,105769,74.11,21,78412,67.78,10,4.61
5530,12298,420084,82.62,49,347217,79.36,26,4.65
5531,14824,977589,86.07,85,841629,83.36,41,3.14
5532,820,17804,31.03,8,5527,5.88,1,4.85
5533,5610,285245,80.5,78,229669,71.02,34,3.41
5534,22595,315326,69.13,84,218026,59.96,42,11.47
5536,26936,124081,59.46,64,73800,38.58,20,11.03
5538,1279,201203,94.12,21,189390,93.09,18,0.92
5541,86,26427,82.05,10,21689,76.05,7,0.26
5543,1069,46704,72.93,29,34072,46.24,9,2.73
5546,1340,82353,84.58,18,69675,77.79,9,2.53
5547,1356,45288,65.82,13,29820,54.69,6,5.02
5548,2368,58529,64.62,17,37834,58.65,12,6.16
5601,862,64800,79.76,44,51703,47.23,11,1.16
5603,29916,104877,54.76,22,57440,49.8,13,18.44
5604,10970,108783,67.11,46,73009,52.79,21,6.97
5607,17630,370553,75.93,63,281465,69.26,23,6.4
5608,89850,389276,28.49,55,110967,22.6,18,30.26
5609,37808,142884,52.55,46,75115,46.91,32,22.97
5701,51766,143000,54.1,20,77393,49.2,8,16.54
5702,1937,5294,0,0,0,0,0,45.88
5703,1964,70240,88.29,25,62024,83.83,19,3.48
5704,3506,58862,83.9,23,49392,79.45,19,7.15
5706,28379,83768,38.98,14,32659,34.36,6,31.55
5810,48647,916440,72.87,99,667985,68.98,39,7.7
5859,3585,1450278,96.83,47,1404612,96.15,31,0.51
5863,27011,320202,81.43,44,260790,77.08,23,5.15
5864,15660,504490,67.3,115,339607,59.66,53,5.35
5871,112384,1711421,70.84,357,1212671,65.26,203,10.25
5871A,8164,150000,68.73,45,103129,59.77,25,5.08
5876,49973,4861603,88.18,808,4288330,82.7,368,1.43
5878,1796,25024,72.36,13,18111,54.25,6,11.6
5880,406828,15680937,74.7,1763,11716970,70.8,723,4.63
5901,5002,22907,77.87,2,17837,77.87,2,8.64
5902,2581,94500,85.57,16,80874,81.66,10,3.56
5903,17455,223220,91.42,26,204109,88.19,16,5.42
5904O,33355,106444,69.42,46,73914,54.11,20,9.64
5905,45799,281623,47.5,47,133822,40.71,16,16.24
5906,970,35741,86.27,9,30838,82.48,7,1.82
5907,5530,195531,69.61,30,136134,64.02,12,6.66
6005,114286,2170908,71.3,278,1548291,67.7,151,8.49
6015,73167,403665,49.61,91,200316,42.21,41,12.1
6016,77384,686596,50.72,135,348365,43.91,56,10.9
6020,1904,252353,96.74,10,244165,96.09,8,0.83
6021,4172,312231,90.42,47,282353,86.8,28,1.58
6023,15116,367973,85.6,25,315048,83.07,9,4.43
6024,16969,249938,69.01,30,172543,64.68,11,10.79
6026,44102,396162,49.5,89,196131,41.08,36,10.81
6027,830,155720,95.65,10,148982,93.79,6,0.48
6028,1648,25000,64.58,12,16148,50.64,5,8.78
6035,2278,71454,93.9,20,67109,83.86,9,2.19
6101,3480,116602,87.86,40,102469,79.05,26,4.21
6103,3152,13605,91.26,5,12416,83.83,3,4.33
6104,56361,91129,17.98,15,16410,11.0,5,43.39
6107,5295,87438,40.93,17,35809,34.67,8,13.79
6108,60206,154494,52.89,40,81743,43.42,18,15.08
6109,34179,87825,49.56,32,43543,37.57,17,12.26
6110,2632,29369,18.42,7,5412,7.18,2,14.24
6111,45638,108511,44.76,23,48583,40.5,16,24.23
6112,33868,188357,58.52,13,110247,55.65,5,20.68
6113,8280,52549,53.14,8,27931,52.17,7,20.76
6114,5396,43912,72.79,8,31970,65.48,3,8.93
6115,14170,187662,61.35,30,115175,56.69,17,16.49
6116,374620,2858655,42.73,197,1222213,40.31,80,26.12
6117,14136,92587,54.75,15,50702,49.06,7,24.59
6118,9002,90890,56.72,16,51572,51.7,9,19.27
6120,59731,599000,60.72,81,363900,55.99,34,12.52
6121,19044,184971,66.88,81,123736,49.8,31,10.93
6122,35708,78092,31.1,19,24307,22.03,9,28.09
6123,10371,62089,43.34,20,26920,33.39,9,20.71
6124,9013,182480,93.72,18,171064,92.31,14,4.37
6125,90902,259011,36.17,34,93729,31.42,15,35.04
6126,70903,130193,36.6,24,47680,30.73,12,32.22
6127,74162,108080,23.17,18,25059,16.64,8,48.14
6128,7518,127589,59.5,26,75947,54.5,16,11.4
6129,74865,180944,17.1,16,30972,14.0,6,37.12
6130,29437,46300,63.11,15,29229,48.44,6,7.95
6131,5936,34793,41.19,9,14337,29.63,3,17.02
6132,4750,63797,35.48,25,22649,15.67,5,15.88
6133,22741,117006,45.74,17,53536,42.96,12,24.53
6134,17928,81882,53.7,16,43994,46.76,7,19.16
6135,7558,76189,38.43,12,29287,34.25,6,13.34
6136,45270,115536,46.35,35,53571,34.45,13,19.57
6137,11237,101358,38.79,29,39333,26.67,9,15.26
6138,30251,75636,46.9,23,35492,33.95,8,22.51
6139,47120,235576,66.08,78,155736,53.31,30,14.05
6140,9808,54898,46.4,17,25484,34.47,7,26.53
6141,15919,113354,52.99,40,60086,41.84,21,15.8
6142,49068,330779,59.11,55,195579,51.35,14,10.55
6143,55382,86059,28.49,19,24534,17.65,4,41.88
6144,1474,38274,89.55,3,34277,89.55,3,5.27
6146,20797,101867,55.87,31,56938,42.91,10,14.45
6147,158209,744594,64.1,137,477390,58.67,73,22.29
6148,27878,46604,36.06,8,16813,33.68,6,34.02
6149,3072,31880,39.03,7,12445,35.09,5,15.82
6150,40133,48346,16.15,7,7814,12.01,3,44.97
6151,19110,55257,36.63,19,20255,22.49,7,22.69
6152,41171,167738,24.2,31,40612,15.91,9,26.28
6153,80891,636178,46.62,98,296644,40.98,37,17.72
6154,10746,80080,63.29,21,50692,54.44,10,16.29
6155,15407,88024,55.7,24,49043,49.03,14,27.1
6156,38326,107875,39.45,23,42581,32.55,10,22.53
6158,36401,55698,43.23,16,24091,34.13,9,21.31
6160,45130,68489,38.62,16,26457,29.81,7,25.43
6161,23116,56237,40.3,6,22673,35.28,1,24.75
6162,3801,79762,52.0,24,41486,43.9,13,10.11
6163,47205,148839,43.01,34,64047,33.81,14,25.39
6164,46435,80000,23.26,18,18636,13.81,5,31.57
6165,41332,77753,48.92,26,38042,35.99,11,13.13
6166,12811,218028,77.34,57,168677,68.29,29,7.22
6167,29021,146000,43.13,33,62992,35.79,16,18.69
6168,35317,205762,44.77,17,92134,43.78,13,27.59
6169,40808,23395,30.91,4,7235,26.44,2,29.99
6170,33411,97260,57.26,20,55718,53.54,14,17.81
6171,2373,100000,87.64,23,87645,79.38,11,2.98
6172,1899,30000,91.42,9,27428,85.37,7,5.51
6173,55516,171200,64.45,28,110369,58.32,13,23.61
6174,9842,50000,63.17,14,31593,56.73,8,19.79
6175,22962,150122,61.16,23,91834,55.9,10,25.0
6176,72008,465027,47.23,134,219723,37.37,62,24.77
6177,20602,471891,75.54,126,356574,66.78,64,6.49
6179,49689,177325,41.82,48,74175,31.98,20,17.94
6180,57725,175494,50.0,32,87775,45.78,20,28.24
6181,3942,45627,12.13,6,5540,7.16,2,16.57
6182,202710,635656,38.7,96,246093,34.41,55,35.77
6183,37291,150000,77.44,32,116182,71.06,17,5.63
6184,7657,162128,72.14,29,116997,67.84,18,8.74
6185,46470,149868,52.24,45,78312,40.07,16,14.1
6186,58544,194908,51.97,33,101327,46.59,16,14.51
6187,58122,98263,54.1,49,53182,32.77,16,19.0
6188,68645,278359,42.81,41,119191,36.56,12,30.75
6189,63946,263919,34.71,68,91667,24.42,30,27.57
6190,60610,195826,35.96,43,70459,28.53,19,36.61
6191,82613,499303,57.35,53,286430,53.13,20,22.8
6192,8159,96156,56.7,37,54531,45.54,20,12.53
6193,8874,177808,61.36,38,109151,56.66,25,9.87
6194,4898,48000,56.47,18,27109,40.82,7,14.75
6195,11254,50193,53.24,7,26729,52.4,6,25.36
6196,32215,220330,71.83,43,158310,66.95,25,12.07
6197,49936,125791,46.21,28,58154,37.8,10,29.79
6198,6535,171400,94.26,8,161605,92.94,4,1.47
6199,1895,61760,82.59,22,51019,78.32,17,4.05
6201,5980,89200,69.11,21,61661,61.43,11,11.86
6202,57828,230388,41.31,47,95201,34.01,20,29.08
6203,10084,82401,59.21,16,48801,52.21,6,22.59
6204,22479,23102,29.71,3,6867,25.64,2,43.78
6205,12611,82236,46.03,24,37863,42.01,18,26.62
6206,16153,143062,55.8,43,79837,47.92,24,18.07
6207,68128,93128,18.04,15,16815,10.95,5,57.17
6208,12749,94462,64.29,42,60748,51.5,23,18.12
6209,57929,182009,42.03,49,76529,33.83,27,31.84
6210,3086,35048,54.11,16,18970,36.44,7,16.96
6212,973,102000,91.76,27,93610,86.12,18,0.99
6213,71429,363617,63.68,80,231609,55.92,40,19.2
6214,54368,272243,57.42,73,156381,47.09,31,19.71
6215,56285,82790,31.92,13,26442,26.4,6,42.0
6216,32376,97417,39.69,27,38675,29.95,10,24.4
6217,83974,117210,27.5,28,32265,19.52,14,46.37
6218,28414,64262,49.72,20,31963,37.51,7,26.74
6219,5839,124967,70.13,22,87657,67.34,15,7.26
6220,34536,146463,63.81,53,93476,53.68,28,9.85
6221,31807,168612,74.77,21,126100,72.41,14,6.91
6222,1840,95689,90.03,11,86156,83.99,2,2.13
6223,53410,97981,49.91,32,48931,39.35,14,10.18
6224,43257,85645,37.26,24,31931,24.5,8,26.14
6225,5542,27800,66.34,7,18447,56.46,2,7.27
6226,50987,115535,27.08,21,31303,21.83,10,35.01
6227,7378,76112,72.52,7,55213,67.6,1,13.39
6228,1877,26000,80.44,5,20917,75.5,3,8.19
6229,30514,40361,36.21,6,14620,32.8,4,25.04
6230,7477,86343,87.81,3,75819,87.81,3,7.08
6231,25460,45652,32.6,11,14891,25.1,5,33.34
6232,36893,451479,18.68,60,84417,13.36,18,18.31
6233,62052,81022,27.52,16,22313,18.48,5,35.45
6234,31213,100386,53.99,19,54211,50.21,13,23.36
6235,61697,199906,40.26,24,80527,34.69,6,29.13
6236,909,41654,92.69,4,38614,87.98,1,1.64
6237,72451,79645,18.61,11,14834,12.7,4,43.92
6239,178542,759147,63.9,170,485225,57.49,91,20.59
6240,1067,22867,82.79,9,18939,70.93,5,4.67
6241,26331,48700,47.11,9,22954,39.46,3,15.29
6242,3159,31806,63.69,7,20262,55.47,3,13.64
6243,59766,45269,20.84,6,9437,17.67,3,47.8
6244,95157,387042,32.29,66,125027,26.53,29,30.1
6245,19988,146608,44.97,25,65972,38.91,11,21.87
6246,32697,37851,62.99,7,23847,53.99,1,12.96
6248,32337,99956,48.88,24,48881,43.59,15,16.83
6249,207,2867,14.82,1,425,0,0,16.21
6250,1161,18249,70.88,2,12937,67.95,1,6.96
6253,453,5879,0,0,0,0,0,15.31
6254,518,30882,49.51,13,15294,36.43,6,3.4
6256,457,1843,0,0,0,0,0,52.65
6257,113041,483912,50.4,144,244039,41.24,70,23.57
6259,9838,28056,42.82,3,12017,41.09,2,24.73
6261,55102,128498,39.97,32,51384,29.63,11,30.82
6262,1344,20451,28.67,5,5866,16.81,1,16.1
6263,11562,62501,43.35,7,27100,40.96,4,27.16
6264,4170,136355,71.7,28,97788,67.34,18,5.54
6265,38072,118172,46.18,17,54607,40.0,6,26.07
6266,45803,153872,39.03,38,60081,30.97,18,19.46
6269,81150,323831,29.48,66,95501,21.97,25,32.37
6270,34161,72146,40.4,15,29158,36.56,10,29.84
6271,67078,209058,48.63,63,101708,39.19,32,30.51
6272,4888,81764,51.33,33,41982,36.21,14,12.41
6274,99968,299460,66.75,96,199946,55.23,45,15.29
6275,36657,80345,29.59,16,23790,23.41,7,35.18
6276,29757,22043,48.83,5,10765,48.83,5,27.01
6277,10455,119471,56.73,43,67793,43.45,17,17.24
6278,45329,292398,60.1,88,175798,48.71,39,22.27
6279,20144,119016,46.41,37,55256,36.7,19,23.59
6280,172,65492,99.95,1,65460,99.95,1,0.04
6281,10347,99173,55.41,35,54973,43.58,16,19.13
6282,162134,856101,42.8,112,366588,38.93,57,30.07
6283,15336,148981,62.63,20,93331,57.56,7,13.91
6284,54111,148980,48.56,18,72377,43.98,6,29.22
6285,91072,483664,63.81,106,308712,57.82,60,20.06
6287,4210,121451,94.0,7,114178,93.08,5,2.42
6289,10245,524,0,0,0,0,0,54.73
6290,61132,169652,35.81,52,60792,24.02,21,37.64
6291,9777,42000,62.85,5,26398,62.85,5,15.0
6292,7076,46601,46.76,8,21796,39.72,3,27.66
6294,12182,26047,37.2,4,9692,33.46,2,31.59
6295,350,1889,22.32,1,422,0,0,21.06
6299,123,25576,98.35,1,25154,98.35,1,0.71
6402,2015,58222,64.01,24,37276,48.9,10,4.07
6403,2577,15332,41.54,1,6369,41.54,1,13.4
6404,9032,24358,67.09,5,16343,63.48,4,9.82
6405,6671,65800,52.9,25,34825,37.55,8,18.52
6406,1073,35647,58.18,5,20744,53.35,2,8.78
6407,5998,75130,37.2,18,27958,30.0,9,18.69
6409,16978,88254,66.13,38,58380,52.59,18,10.35
6411,56250,99514,34.08,31,33924,21.85,11,29.03
6412,23906,400769,78.64,49,315285,74.81,24,9.85
6414,16926,156934,67.7,62,106289,52.36,21,10.21
6415,25637,389813,79.5,154,309992,65.99,67,4.82
6416,22546,73348,47.04,16,34520,36.78,4,19.24
6417,1531,42274,67.86,20,28691,52.24,10,4.92
6418,2411,34522,58.1,10,20065,53.33,7,12.97
6419,27395,13159,40.44,4,5324,32.17,2,26.43
6423,3408,31016,39.87,12,12370,22.43,4,16.94
6425,9143,51382,42.58,14,21887,34.12,7,30.13
6426,19191,38509,39.81,5,15334,34.93,3,27.91
6428,1200,17682,91.64,3,16205,89.36,2,3.41
6429,270,9348,37.74,5,3530,11.76,1,6.76
6431,17719,97399,70.61,20,68781,65.56,11,4.24
6432,36391,40018,33.61,13,13456,16.68,3,36.73
6434,9083,463602,85.11,21,394659,83.95,12,4.81
6435,10056,37461,54.4,6,20381,48.3,2,23.99
6437,403,32300,65.0,19,21003,40.87,7,3.09
6438,46518,82206,32.43,20,26675,21.72,8,35.6
6441,34895,53318,45.13,6,24070,41.86,2,23.78
6442,69882,81818,55.96,35,45798,35.69,10,22.32
6443,159561,512797,17.67,46,90757,14.99,21,47.12
6446,55386,422437,57.32,154,242180,44.11,64,9.4
6449,30694,91886,73.91,27,67934,64.21,12,11.83
6451,30329,116462,69.69,21,81185,62.13,6,18.91
6452,11643,100131,39.19,24,39267,30.47,9,23.78
6453,622,3516,0,0,0,0,0,38.12
6455,564,37095,68.47,16,25404,51.47,8,2.5
6456,37407,337940,47.69,46,161234,43.27,21,23.03
6458,2714,26789,65.25,6,17483,63.74,5,6.17
6461,26770,178352,63.48,32,113245,54.64,7,8.55
6462,47039,91251,30.33,18,27688,21.42,5,37.6
6464,2146,128782,85.39,43,109997,78.19,28,1.84
6465,3230,59074,67.68,13,39991,58.71,5,8.15
6467,4246,52409,35.96,17,18858,21.75,4,15.18
6468,162,12074,98.62,1,11909,98.62,1,0.94
6469,28941,150105,48.1,30,72211,41.91,15,24.79
6470,27188,37694,41.15,2,15513,40.01,1,32.48
6471,359,851,0,0,0,0,0,61.54
6472,31987,128021,56.2,35,71978,45.08,11,23.69
6473,9764,40000,69.33,23,27739,51.87,12,4.07
6474,1596,52526,67.52,29,35472,44.6,10,4.75
6475,929,34784,73.13,12,25443,56.66,1,4.68
6477,29761,124053,43.54,28,54042,37.1,13,28.66
6479,877,57300,86.32,9,49474,79.32,3,2.03
6481,107,27204,96.01,6,26122,91.6,4,0.8
6482,2012,28634,67.6,8,19358,65.78,7,11.11
6483,16936,66808,44.93,36,30032,18.76,7,5.68
6485,41024,47366,25.41,10,12045,19.1,5,33.24
6486,30243,50893,43.08,5,21929,40.45,3,28.38
6488,83765,478114,78.79,105,376783,71.2,49,8.27
6489,279,28470,62.98,18,17933,36.92,7,1.79
6490,425,38754,70.62,10,27375,64.16,6,2.75
6491,10306,78000,64.3,21,50164,56.38,11,13.06
6492,45837,89904,31.55,19,28385,26.88,12,23.97
6493,1041,30050,80.37,9,24152,80.37,9,6.15
6494,38346,31560,15.03,7,4747,5.22,1,35.52
6495,12153,172031,52.59,39,90506,43.12,13,7.57
6496,10229,47290,65.96,9,31199,62.53,7,19.62
6497,1558,189955,97.19,5,184632,96.46,2,1.69
6498,6618,47476,69.84,19,33167,55.73,8,10.74
6499,7796,96945,41.43,13,40182,36.05,4,14.89
6502,134,8719,90.96,1,7931,90.96,1,0.83
6503,77,12012,80.41,3,9660,80.41,3,1.52
6504,5144,72600,70.63,23,51289,64.44,15,12.22
6505,95053,9525960,95.77,178,9125300,95.29,101,1.67
6506,4359,82361,60.79,39,50081,45.22,17,8.63
6508,15247,86539,61.81,16,53504,59.69,13,22.04
6509,56550,197434,36.93,49,72968,27.81,22,28.03
6510,17147,32929,52.25,8,17210,40.43,3,11.27
6511,642,60000,72.03,24,43229,57.36,9,2.89
6512,6700,25260,36.04,10,9112,17.69,3,20.35
6515,41625,36445,50.7,16,18484,36.97,8,10.46
6516,3724,56337,53.58,15,30195,43.19,5,11.21
6517,22354,30579,19.7,4,6029,17.96,3,42.67
6518,521,33333,84.45,12,28156,74.1,7,2.35
6523,6136,45048,63.08,8,28418,61.69,7,20.26
6525,12429,129047,69.66,29,89917,59.0,7,12.66
6526,20707,167506,78.63,16,131735,76.21,9,9.12
6527,2161,25459,43.42,7,11055,32.67,2,9.55
6529,399,12699,71.81,7,9121,41.45,1,5.3
6530,34752,33750,18.83,7,6359,8.93,2,44.3
6531,44787,163180,64.96,58,106020,54.63,29,11.82
6532,30195,37445,32.98,14,12355,18.46,4,34.28
6533,32093,50651,23.69,10,12012,16.28,3,40.88
6534,1947,102800,83.2,32,85550,76.31,20,3.04
6535,10785,167841,64.69,38,108615,56.46,15,9.36
6536,1181,26324,74.32,9,19569,58.26,2,4.23
6538,38376,38491,40.43,18,15570,12.58,3,24.98
6539,1006,24349,85.23,10,20757,75.51,6,3.88
6540,131,220435,99.05,3,218375,98.57,1,0.11
6541,12063,265125,71.64,45,189969,65.62,18,7.06
6542,888,42001,84.7,14,35586,77.61,10,2.66
6543,12306,55855,66.73,27,37287,49.68,11,2.13
6545,1238,22080,44.15,7,9751,37.79,5,13.39
6546,12437,66848,40.78,14,27277,29.91,1,25.97
6547,50799,330725,34.63,60,114612,28.05,22,18.84
6548,29715,950465,87.63,95,833142,85.17,57,5.53
6549,25461,80122,31.16,28,24978,16.14,6,11.25
6550,25457,894793,77.04,77,689523,73.85,30,6.2
6551,1188,71785,83.69,11,60095,79.32,6,3.11
6552,7757,83000,58.37,7,48457,55.76,3,18.7
6555,4608,119230,69.5,17,82895,64.58,7,8.8
6556,1359,28750,78.62,12,22609,67.5,7,7.31
6558,47126,93789,41.37,10,38817,38.61,6,31.48
6559,1931,23189,52.92,11,12276,31.62,3,17.28
6560,3364,32475,40.51,7,13161,32.29,3,18.5
6561,7128,77958,73.09,12,56987,70.24,8,8.74
6562,11454,118190,52.76,9,62365,50.33,5,15.65
6563,1116,29743,31.05,11,9240,10.33,1,7.53
6564,3697,72134,64.69,11,46681,59.51,6,10.93
6565,1208,27144,41.31,10,11218,28.69,5,8.81
6566,663,32152,84.51,6,27176,79.36,3,3.43
6567,630,102850,88.54,30,91083,80.22,15,1.26
6568,24728,30800,41.83,8,12885,29.94,1,22.83
6569,3921,39071,66.61,7,26031,61.23,3,12.76
6570,8062,37119,44.84,15,16649,29.74,5,22.49
6572,4314,103650,69.14,16,71686,64.91,9,9.74
6573,5983,80499,64.54,16,51970,59.24,8,16.26
6574,3051,21990,77.6,7,17067,75.44,6,9.08
6575,6886,135270,54.4,18,73629,51.06,10,8.89
6576,30328,157579,67.25,37,105995,60.16,20,6.59
6577,3761,60060,74.0,7,44453,68.34,2,10.51
6578,18842,71942,63.76,20,45884,55.8,10,9.81
6579,6976,169451,85.91,20,145601,82.48,10,5.59
6580,3895,112120,58.07,42,65131,45.67,21,8.06
6581,2292,111271,90.08,18,100260,86.87,11,2.85
6582,9230,106174,74.26,12,78861,71.21,8,11.58
6583,316,15947,82.44,9,13150,53.46,2,2.82
6584,10608,71381,77.73,30,55501,62.7,11,10.51
6585,4303,72433,78.44,12,56834,72.48,5,9.2
6586,29405,214010,62.41,36,133614,56.1,13,8.2
6588,38260,34701,25.53,7,8862,18.13,3,33.73
6589,23187,307076,57.84,58,177661,50.41,22,14.16
6590,2251,24964,57.0,13,14235,30.04,3,13.25
6591,44492,41122,25.64,8,10553,20.08,4,31.51
6592,25421,641845,79.83,61,512551,76.26,26,6.78
6592A,3629,50000,85.41,15,42707,75.84,6,6.66
6592B,5173,50000,81.28,17,40648,67.19,8,7.04
6593,34451,31857,46.37,14,14778,29.84,6,29.12
6595,8974,49858,79.53,24,39662,57.3,6,1.41
6596,17126,38000,26.83,6,10202,22.73,3,41.04
6597,968,30042,80.67,7,24242,72.45,3,4.83
6598,37133,102819,52.44,38,53939,37.25,12,11.62
6599,292,21000,76.44,4,16057,71.03,2,1.89
6601,361,44695,86.87,5,38836,84.46,3,1.53
6602,404,1236,0,0,0,0,0,64.82
6603,24664,167443,52.45,57,87857,39.65,23,14.04
6604,880,43731,85.82,9,37538,79.77,4,3.5
6605,16041,165816,66.96,41,111049,58.68,20,12.36
6606,9680,110304,70.5,41,77792,60.15,24,6.69
6607,68,9346,81.0,5,7571,76.22,4,1.21
6608,313,60000,96.78,8,58073,93.72,6,0.98
6609,9703,72456,57.69,7,41806,55.58,4,21.18
6610,3017,205579,82.8,12,170264,80.35,5,3.35
6611,459,1467,91.68,1,1345,91.68,1,8.3
6612,2766,47515,64.7,20,30751,44.55,6,9.03
6613,9393,77801,60.63,8,47185,55.52,1,15.59
6614,4024,80661,74.25,6,59900,73.67,5,9.69
6615,5197,21593,51.51,12,11128,35.88,5,22.72
6616,1578,35478,62.86,11,22311,53.85,6,7.89
6617,6965,127506,67.58,27,86198,59.79,11,9.4
6618,37020,104816,31.45,30,32980,22.1,12,13.63
6620,20055,169982,59.53,44,101214,48.96,14,9.19
6621,32127,35501,36.79,10,13071,23.52,3,17.54
6622,941,35301,64.87,14,22911,52.95,8,4.43
6624,843,22579,75.09,8,16960,59.54,3,4.7
6625,10548,57972,48.87,14,28337,44.07,10,22.31
6626,424,8936,77.35,4,6913,59.56,1,5.62
6627,267,28352,77.55,16,21990,65.81,10,1.55
6629,942,38380,84.02,10,32252,79.95,7,2.96
6633,1367,11129,95.66,1,10646,95.66,1,3.98
6634,2217,71289,66.25,25,47242,51.31,9,6.16
6637,3288,26810,59.22,9,15881,53.8,7,19.36
6638,1139,30000,70.36,7,21112,56.74,1,6.88
6639,908,57645,72.36,18,41728,60.31,8,3.36
6640,13782,28912,65.67,3,18991,63.77,2,17.5
6641,2012,36500,60.46,16,22073,49.83,9,9.72
6642,3268,37400,58.48,12,21880,46.24,5,13.83
6643,22573,42090,36.05,6,15176,33.83,4,36.17
6645,6625,60864,43.65,24,26583,26.17,7,10.97
6648,9229,50000,64.84,21,32432,49.42,9,6.59
6649,18442,42000,52.34,18,21992,32.85,5,7.57
6650,489,31090,80.17,17,24927,61.87,8,2.29
6651,3586,34602,50.71,17,17549,32.57,5,13.95
6652,1689,137000,79.07,38,108355,69.5,16,2.81
6653,282,6000,95.45,1,5727,95.45,1,1.16
6654,3432,40963,79.22,12,32458,71.17,6,4.02
6655,965,80572,86.16,24,69444,76.47,12,1.19
6656,66,12228,90.33,4,11047,82.4,3,0.71
6657,15496,88808,34.81,25,30929,22.08,7,15.66
6658,10898,36370,42.74,12,15552,31.41,5,21.36
6659,1027,85883,81.99,23,70435,72.18,9,2.24
6661,1300,23304,65.92,6,15365,61.73,4,9.32
6662,4721,25612,47.63,10,12201,40.14,7,8.0
6664,16621,61151,55.32,24,33836,36.54,11,23.39
6665,1835,45350,65.84,8,29863,59.39,4,8.37
6666,2215,47388,78.82,9,37357,77.96,8,7.14
6667,13175,49279,49.48,9,24389,43.57,5,28.87
6668,13995,107116,53.41,12,57225,51.56,8,20.69
6669,81050,187318,65.15,52,122079,54.27,17,7.22
6670,6316,139387,79.19,67,110415,65.75,36,5.24
6671,1384,60750,75.0,36,45578,56.62,17,4.41
6672,55294,82179,29.03,23,23879,15.7,7,44.75
6673,3178,26660,30.57,4,8156,25.42,2,28.55
6674,1774,68551,84.27,9,57774,81.38,6,5.27
6676,4373,169685,61.82,43,104921,55.43,25,5.92
6677,1878,56039,64.02,13,35881,57.04,6,7.11
6679,6256,54975,56.67,18,31165,48.23,10,13.09
6680,924,23954,72.76,10,17434,64.57,7,4.52
6682,10998,147106,52.56,21,77338,47.41,10,14.66
6683,29574,27557,26.21,8,7227,11.24,1,28.2
6684,23990,44559,36.19,6,16130,31.51,2,34.57
6688,197,19000,73.88,12,14039,49.8,5,1.74
6689,10024,68000,48.14,24,32747,35.59,11,25.36
6690,5258,30000,59.88,3,17965,59.88,3,21.31
6691,15285,121487,69.17,46,84055,54.79,19,9.68
6692,2141,58844,71.55,16,42115,61.69,6,5.44
6693,5260,45720,44.29,14,20254,31.39,4,14.75
6695,17607,107000,49.73,17,53227,45.31,10,21.58
6696,12704,82920,39.63,28,32876,27.17,11,17.05
6697,2178,27323,66.79,6,18252,61.11,3,13.83
6698,35722,66390,38.38,14,25498,31.08,6,25.29
6699,762,48819,85.49,16,41744,75.24,9,1.78
6701,758,365682,97.98,3,358306,97.98,3,0.34
6702,11483,758660,79.7,98,604790,75.43,45,2.87
6703,23318,36257,51.17,13,18562,38.69,6,20.43
6704,3574,95949,39.57,32,37998,26.76,9,8.54
6705,623,18005,73.71,10,13274,54.99,4,5.16
6706,48346,78549,26.34,21,20702,15.39,6,38.03
6707,1455,59003,80.32,15,47398,71.71,7,4.77
6708,2310,29009,52.06,12,15108,42.81,7,12.86
6709,1951,59380,59.78,21,35508,45.8,6,7.09
6712,29027,101764,41.14,24,41884,32.15,9,19.99
6713,885,29477,60.25,15,17768,37.76,4,7.02
6715,4356,68274,79.98,23,54621,68.49,10,5.7
6716,3418,30242,36.49,12,11040,22.92,4,16.34
6717,427,24937,75.04,13,18714,56.28,6,3.44
6719,27174,105521,48.92,14,51649,43.05,4,27.16
6720,1364,30226,58.24,20,17609,25.5,5,6.01
6721,1636,24500,50.28,9,12322,37.5,3,9.54
6722,2577,88400,76.79,16,67896,74.1,12,5.61
6723,1131,30039,58.68,12,17634,42.18,4,6.95
6724,1841,7100,62.32,2,4425,62.32,2,16.12
6725,6506,37130,64.52,10,23965,58.66,7,18.35
6727,41280,26884,24.46,9,6579,7.84,1,31.41
6728,2947,30120,63.32,9,19075,59.01,7,13.68
6729,1535,27661,47.88,11,13248,31.17,4,9.6
6730,1009,36298,74.2,20,26940,60.59,12,4.33
6731,186,54554,99.44,1,54249,99.44,1,0.44
6732,9566,48913,49.43,4,24181,46.31,1,27.04
6733,7402,134316,48.69,26,65422,40.25,7,11.78
6734,2143,40623,59.4,15,24136,46.05,5,9.62
6735,5270,46182,48.61,16,22458,35.59,6,17.55
6736,850,2596,93.39,1,2424,93.39,1,3.5
6737,1381,60050,80.77,23,48505,74.71,19,4.66
6738,561,36714,64.97,24,23863,45.37,12,2.49
6739,11162,23392,59.82,10,13995,48.11,5,20.09
6741,6864,120578,68.98,36,83203,58.32,17,9.42
6742,41349,71268,35.38,21,25220,25.94,9,27.53
6743,9445,150000,63.07,28,94636,57.08,14,12.13
6744,426,15400,65.84,7,10141,52.96,3,4.44
6748,6633,71683,36.26,20,26008,27.83,10,14.23
6750,1841,44707,58.95,22,26362,40.28,8,7.84
6751,2441,22200,64.46,4,14314,56.93,1,16.36
6752,3662,37144,47.72,19,17733,21.06,4,11.59
6753,16441,117300,60.43,25,70901,53.7,13,17.93
6754,2214,66000,83.07,9,54835,81.35,7,5.18
6755,1255,39823,53.59,16,21347,40.96,7,6.08
6756,8481,69990,62.13,8,43500,57.78,2,17.54
6757,136366,459530,75.86,32,348673,73.34,13,12.53
6758,243,13471,81.83,3,11025,74.89,1,2.77
6761,12260,34956,39.15,9,13690,26.98,2,27.83
6762,906,35172,77.92,18,27411,61.93,9,3.14
6763,18332,184039,61.52,21,113252,57.3,9,18.79
6764,255,38203,98.27,2,37543,98.27,2,0.6
6767,1466,39184,59.23,10,23218,51.86,4,7.41
6768,7113,200095,81.59,34,163318,77.34,20,6.22
6770,698447,4714908,43.71,536,2062436,39.45,199,26.07
6771,1834,31180,40.86,16,12745,18.13,4,11.45
6775,4286,109500,62.49,24,68442,57.04,15,7.43
6776,7667,91581,66.06,13,60523,61.35,6,15.72
6780,238,16470,84.32,12,13893,53.06,4,1.57
6781,30331,85419,69.45,7,59336,67.68,4,17.92
6782,7220,63000,48.07,22,30296,31.18,6,12.11
6784,913,19077,51.08,9,9748,30.23,3,9.1
6785,4448,66800,61.79,20,41291,54.71,12,9.28
6786,17347,30838,9.03,5,2787,0,0,27.77
6787,19815,81007,24.23,23,19643,9.68,4,20.61
6788,28182,38740,23.02,9,8928,14.22,3,40.26
6789,53682,318299,73.0,26,232429,68.93,6,14.09
6790,11080,267129,79.07,27,211284,75.31,10,7.8
6791,1973,20847,74.24,9,15483,56.02,3,11.52
6792,4035,47875,53.89,7,25808,48.08,3,15.61
6793,23666,75600,38.59,27,29188,22.4,7,11.66
6794,1143,63637,79.09,22,50348,66.23,10,3.03
6796,3057,40234,47.4,13,19076,33.96,4,12.2
6797,26682,30732,48.56,12,14930,29.99,4,18.61
6798,5934,19572,70.99,9,13899,55.68,4,2.2
6799,29949,43712,31.97,9,13983,21.04,2,31.23
6803,14675,72794,56.26,5,40961,54.28,2,24.6
6804,2231,47500,62.75,22,29818,47.19,11,7.68
6805,26182,68554,61.88,26,42431,46.21,10,12.54
6806,30980,274643,59.93,15,164626,58.14,5,17.69
6807,975,54000,82.59,16,44611,73.55,8,2.6
6808,2217,77840,54.03,20,42065,42.4,5,5.92
6810,25127,49448,36.09,15,17852,21.39,3,10.34
6811,5264,41449,65.27,3,27059,61.99,1,13.55
6812,7127,30603,41.0,11,12552,26.32,3,15.87
6813,633,23388,62.5,10,14623,48.86,5,6.95
6814,720,41874,82.7,14,34638,73.54,8,3.27
6815,8405,39706,67.2,21,26691,49.84,11,6.44
6816,433,12180,70.99,3,8648,61.98,1,5.18
6817,1094,18417,54.89,1,10110,54.89,1,10.22
6818,1415,25503,66.6,5,16988,59.88,2,10.42
6819,1353,33974,58.35,14,19831,45.72,7,7.43
6820,1535,22253,73.6,5,16380,73.6,5,8.05
6821,4092,35767,49.98,13,17883,39.18,7,19.67
6823,2520,30534,55.88,6,17069,51.72,4,12.34
6825,577,33651,73.37,11,24692,61.71,5,2.94
6826,7041,85540,74.74,17,63955,69.25,10,7.87
6827,1466,79330,62.63,26,49698,49.29,10,3.72
6829,11605,59169,67.31,5,39836,63.0,1,17.95
6830,25095,54705,32.07,19,17553,17.57,6,35.0
6831,9717,67500,59.25,30,40009,38.75,9,9.86
6832,3581,26411,86.05,3,22730,82.84,1,4.23
6833,879,49977,84.96,8,42471,79.9,4,3.25
6834,10877,88471,56.84,29,50306,45.96,14,19.18
6835,2139,66172,78.69,27,52087,68.76,15,6.04
6837,1001,32824,59.15,18,19423,41.11,9,6.89
6838,6844,150977,61.71,28,93205,55.35,11,9.36
6839,919,82020,80.39,29,65955,74.08,20,1.81
6840,2359,30767,53.66,12,16514,38.84,5,12.47
6841,12148,95223,47.24,28,45005,37.03,13,23.11
6842,2166,23130,40.31,8,9330,24.83,3,16.33
6843,1232,33304,76.69,16,25546,55.84,7,6.81
6844,3351,37428,63.45,10,23752,55.96,5,7.76
6846,1472,27066,66.78,7,18078,64.19,6,8.59
6847,617,14230,55.89,8,7956,19.67,2,7.68
6848,474,14273,52.95,8,7560,29.84,2,4.82
6849,6054,41918,50.18,12,21045,40.83,6,18.47
6850,929,33089,60.37,18,19981,41.06,8,4.46
6854,6129,117679,65.05,32,76568,54.65,13,9.22
6855,2012,23250,61.33,13,14264,41.79,6,5.78
6856,948,28200,83.55,8,23566,74.28,4,4.73
6857,410,15226,94.62,1,14408,94.62,1,2.06
6858,342,27220,89.89,9,24470,82.2,5,2.29
6859,2489,41589,64.67,15,26903,56.07,9,8.58
6861,12210,41599,55.43,5,23064,52.16,2,19.7
6862,6477,50000,69.76,7,34887,68.83,6,16.13
6863,4486,74888,75.65,10,56670,72.27,6,8.17
6864,4188,37875,36.98,19,14013,12.23,3,7.14
6865,1404,15841,50.49,7,8001,36.07,3,12.63
6867,835,24500,86.32,7,21151,78.62,4,4.54
6868,494,25043,55.35,14,13868,27.27,3,3.13
6869,21074,137830,55.34,40,76299,44.96,19,21.54
6870,2333,23805,73.97,12,17612,57.54,5,6.97
6872,2504,70751,58.06,28,41095,43.48,11,7.39
6873,11721,142649,61.59,44,87889,53.25,23,13.0
6874,2773,22000,53.55,9,11785,39.58,4,18.15
6875,4766,129183,61.16,36,79033,52.59,18,7.33
6876,20238,70696,31.99,25,22632,14.09,5,7.68
6877,3331,46967,73.96,27,34751,56.5,14,8.56
6878,1148,72641,88.73,14,64471,84.5,9,2.84
6879,352,26459,89.17,8,23597,80.25,4,1.58
6881,938,15000,57.92,4,8691,49.96,2,5.43
6882,820,23199,59.15,14,13726,31.49,4,7.19
6883,689,76274,87.72,28,66908,80.38,18,1.76
6884,1323,18390,73.16,3,13456,69.36,2,8.6
6885,22275,133099,37.32,42,49687,22.47,10,13.97
6886,14421,31810,90.03,5,28642,84.94,3,1.81
6887,886,74206,91.81,20,68148,82.02,8,1.71
6890,7240,250296,92.61,19,231828,91.96,17,3.32
6891,5892,200642,77.16,30,154886,73.93,19,6.23
6892,2552,94015,57.32,42,53908,36.89,12,5.62
6894,2656,23800,61.05,11,14532,55.13,8,9.78
6895,2969,34100,61.3,9,20907,51.15,4,12.44
6898,1573,29016,59.2,10,17181,45.85,2,9.17
6899,2035,42398,80.11,19,33975,65.95,9,7.77
6901,23586,853650,83.01,47,708834,80.9,16,4.9
6902,6855,35550,70.92,15,25222,59.49,8,5.58
6903,9197,66676,68.08,16,45402,64.15,12,14.76
6904,606,18500,79.9,8,14783,64.36,2,3.07
6906,3357,33537,57.8,13,19388,47.7,7,15.91
6907,5019,62542,66.93,8,41870,62.28,3,10.67
6908,1178,37180,86.39,2,32122,86.39,2,4.6
6909,12855,67488,38.47,25,25978,21.3,8,23.22
6910,1595,30521,56.88,8,17365,49.38,4,9.81
6911,939,22000,60.04,10,13214,44.33,5,6.74
6912,1982,144000,77.11,28,111080,69.35,9,3.05
6913,4087,43849,54.08,16,23720,42.3,9,11.69
6914,4227,66226,71.75,17,47528,66.66,11,8.67
6915,1135,35300,88.44,11,31223,84.8,9,5.35
6916,2104,67500,78.97,18,53323,72.69,12,5.74
6917,2347,55272,44.92,23,24840,29.11,9,9.26
6918,2008,34571,50.16,18,17346,27.97,5,9.76
6919,60105,1557536,74.9,352,1166928,67.77,177,6.5
6920,12502,207219,64.07,36,132801,58.12,16,11.46
6921,889,32062,78.09,11,25039,75.24,9,5.08
6922,3385,27155,62.97,9,17102,56.75,6,13.6
6923,3554,91488,70.01,38,64073,55.24,17,6.47
6924,562,20624,80.24,5,16552,73.08,3,4.08
6925,3027,20000,60.48,9,12100,41.73,2,21.6
6926,701,49800,80.71,25,40201,60.92,9,2.58
6927,1316,38279,68.05,14,26054,52.87,5,6.75
6928,4363,86000,79.2,10,68125,76.07,6,9.27
6929,1559,45090,89.55,6,40384,86.91,4,4.86
6931,3293,66152,69.48,39,45980,49.78,18,7.52
6932,5134,432596,80.85,80,349877,74.92,37,2.81
6933,5670,42450,61.07,6,25928,61.07,6,18.36
6934,1663,36130,66.18,15,23915,55.17,10,7.39
6935,564,37410,83.54,14,31260,72.88,7,2.7
6936,3780,72804,76.2,20,55487,64.79,9,8.08
6937,8658,67655,62.19,23,42086,54.18,14,14.82
6938,671,12570,67.47,6,8482,54.14,3,6.08
6939,642,35399,64.35,12,22784,56.09,8,3.12
6940,9209,312180,53.74,110,167825,38.27,33,7.01
6944,15353,76688,51.36,34,39399,34.41,12,12.43
6945,5826,97536,63.27,27,61731,52.36,11,10.29
6946,1911,323800,93.84,33,303925,90.9,18,1.08
6947,5753,106126,70.08,32,74393,58.62,14,9.03
6949,1972,65580,73.41,28,48159,61.71,16,3.04
6951,4482,46000,66.23,4,30471,63.9,2,10.63
6952,2479,68345,86.8,18,59329,79.87,13,5.56
6953,3106,30015,63.56,6,19079,56.2,3,12.09
6955,501,24801,60.3,11,14955,49.64,6,2.37
6957,1846,55560,72.38,26,40224,53.95,11,4.5
6958,3447,401289,94.14,28,377849,93.0,21,1.36
6958A,1377,40000,83.86,7,33545,83.86,7,6.21
6959,4058,39167,40.79,12,15984,33.17,7,15.94
6961,3849,26834,44.41,6,11921,33.34,1,17.41
6962,32506,492397,52.6,80,259114,46.16,29,14.03
6963,200,15972,87.77,3,14020,85.17,2,1.45
6965,2386,156336,92.39,19,144453,90.91,15,2.45
6967,1236,24904,75.65,15,18844,47.92,4,8.01
6968,3488,49447,58.61,18,28992,44.18,7,10.07
6969,1741,43857,53.11,14,23304,40.67,6,8.28
6971,1587,38668,73.78,16,28538,61.37,8,8.1
6972,365,22935,83.82,9,19226,63.73,1,2.51
6973,853,40803,67.37,20,27501,41.39,4,3.96
6976,5995,582867,80.58,107,469822,74.16,45,2.51
6977,1756,14000,42.81,9,5994,15.91,2,14.04
6979,419,12000,59.53,4,7145,39.6,1,4.08
6980,2358,30000,77.66,6,23301,72.41,4,9.89
6982,2796,40752,65.03,15,26511,53.41,7,12.71
6983,3465,18020,44.17,9,7963,16.01,2,17.19
6984,343,19239,56.62,14,10896,27.71,4,2.48
6986,1970,52134,48.86,20,25483,36.18,9,6.77
6987,1204,224468,90.05,34,202190,86.41,21,1.12
6988,445,47600,78.42,20,37339,66.68,12,1.56
6990,2983,63298,89.55,18,56690,86.0,15,6.27
6992,456,25699,72.82,19,18718,43.38,8,2.66
6994,6715,74162,46.92,21,34822,36.59,10,18.39
6995,3750,27000,45.65,13,12331,28.95,5,7.43
6996,2386,41998,59.6,4,25037,55.8,1,8.16
6997,770,22100,82.26,3,18181,77.74,2,4.89
6999,250,22015,77.52,16,17069,57.37,8,1.47
7402,20647,35281,34.35,9,12124,26.96,4,31.18
7415,2238,26498,59.79,14,15850,35.6,4,6.39
7418,252,27554,96.16,6,26499,85.31,1,0.44
7419,4728,40000,49.52,15,19813,39.16,9,19.74
7421,537,525,0,0,0,0,0,53.65
7422,228,23272,84.23,3,19605,80.24,1,1.53
7427,5074,54026,31.21,19,16870,19.64,8,18.41
7443,354,22000,82.47,12,18147,69.61,7,2.4
7452O,114,4000,87.89,1,3516,87.89,1,3.42
7455,265,25500,82.66,8,21082,73.76,4,1.44
7507,1123,102100,78.27,31,79935,70.23,18,2.26
7516,24166,19309,36.68,7,7087,14.8,1,23.44
7530,3450,46500,55.48,15,25809,45.91,8,15.78
7547,2036,33963,73.11,10,24834,66.12,7,9.92
7551,448,12100,56.68,5,6860,42.93,2,6.24
7555,418,28325,87.67,5,24834,86.14,4,1.91
7556,2604,27724,64.6,10,17914,54.77,5,10.07
7558,818,18621,52.54,12,9786,22.7,3,8.73
7561,743,30085,60.63,7,18244,55.15,4,3.11
7562,268,22769,76.43,10,17406,63.07,5,1.7
7566,7937,139773,62.65,44,87591,51.86,19,5.06
7575,565,30000,51.76,18,15533,25.96,6,2.98
7578,1765,60073,64.51,28,38770,44.4,9,5.68
7583,449,24575,88.69,13,21800,73.03,7,2.52
7584,972,16463,71.21,7,11727,53.0,2,8.98
7590,2587,122379,82.62,32,101144,78.17,23,4.7
7595,832,50465,72.24,27,36466,45.91,8,3.54
7607,674,36653,70.92,12,25998,62.54,6,2.22
7610,17085,48585,48.81,16,23724,38.86,7,20.34
7631,1257,20142,72.95,10,14698,54.36,4,8.36
7642,2087,30150,80.03,9,24131,78.35,8,9.78
7669,3670,22000,32.57,12,7170,4.94,1,13.01
7689,7798,58507,83.36,8,48781,80.39,5,7.91
7702,360,66000,92.62,10,61143,86.37,4,0.84
7703,4443,34745,58.92,9,20483,46.66,2,16.82
7704,1657,33770,60.63,14,20480,43.12,4,7.91
7705,13385,66067,68.85,10,45499,61.81,3,11.47
7706,235,10000,91.29,1,9129,91.29,1,3.48
7707,3331,45700,46.6,11,21308,39.96,6,10.75
7708,3035,25500,63.59,2,16218,61.96,1,12.32
7709,2442,39103,79.45,8,31071,77.41,7,9.19
7710,229,63906,99.28,3,63448,99.28,3,0.19
7711,9539,71700,61.3,11,43962,54.67,5,14.88
7712,4415,32562,52.23,14,17011,35.55,5,16.96
7713,773,45479,84.76,14,38558,78.26,9,2.55
7714,2661,21000,66.63,8,13996,47.95,2,14.67
7715,2090,32756,58.27,13,19096,39.76,4,11.92
7716,560,22500,82.83,9,18642,66.02,3,4.25
7717,9077,24832,55.69,11,13833,35.38,4,21.16
7718,1035,46356,78.57,18,36433,68.02,10,3.23
7719,15891,36000,19.58,6,7055,11.27,2,27.95
7721,3586,55370,60.68,17,33607,52.62,10,11.42
7722,20221,68000,85.04,4,57828,83.93,3,9.65
7723,4278,49620,56.45,19,28019,48.42,13,13.83
7724,282,35381,84.16,12,29784,70.86,5,1.46
7725,292,48327,83.73,10,40471,79.14,6,0.85
7726,182,20304,87.22,6,17713,80.35,4,1.25
7728,3302,13854,57.12,4,7916,47.18,2,14.77
7729,16760,80682,56.99,31,46004,44.13,16,7.96
7730,1152,36797,70.04,16,25774,60.8,10,4.97
7731,9151,521981,72.19,91,376906,67.37,51,4.62
7732,882,64680,88.6,20,57320,81.64,13,1.91
7734,9513,28000,74.88,12,20971,67.31,9,7.63
7735,2567,43331,94.28,6,40858,88.43,3,2.49
7736,1585,76000,84.67,23,64365,76.73,13,3.63
7737,363,29759,78.24,14,23290,56.78,5,1.67
7738,1633,27356,57.83,17,15828,32.18,6,7.26
7740,2475,53200,65.35,22,34775,54.32,12,8.21
7742,7462,66555,68.95,5,45906,65.0,1,15.97
7743,938,36483,74.7,23,27262,57.39,13,4.31
7744,2746,32077,77.4,15,24834,58.62,7,7.45
7745,558,17950,71.19,7,12783,56.72,3,7.62
7747,914,27426,77.85,4,21354,70.7,2,2.68
7748,208,14500,70.44,8,10216,58.43,5,2.28
7749,7888,46486,50.2,22,23347,29.01,5,16.29
7750,9889,71843,77.29,37,55539,61.59,16,4.89
7751,10721,26889,47.08,11,12664,36.95,6,14.03
7752,2231,200000,86.09,35,172222,81.67,20,2.27
7753,2383,25000,74.15,4,18541,65.34,1,7.65
7754,1663,101157,71.52,40,72366,59.17,17,3.05
7756,269,21283,70.83,8,15078,59.42,4,1.42
7757,2647,24100,57.91,9,13959,43.47,4,13.34
7758,362,16100,83.34,3,13419,80.07,2,2.56
7759,1014,70342,81.03,17,57015,73.59,10,2.68
7760,1553,66048,62.86,30,41526,47.58,12,3.34
7761,1435,28900,49.66,10,14357,34.06,4,10.29
7762,1426,57233,55.36,26,31696,39.53,10,4.5
7763,3036,60014,81.4,16,48865,76.51,10,6.51
7764,787,60000,80.85,25,48525,68.72,15,2.75
7765,5250,40681,60.75,3,24718,59.64,2,12.99
7767,1034,30100,70.62,16,21264,54.77,9,5.95
7768,6313,70065,64.49,22,45197,55.24,13,10.47
7769,57428,179930,66.93,46,120460,56.93,16,5.37
7770,1074,30062,74.47,14,22392,62.44,7,5.32
7771,486,20013,82.17,3,16447,75.7,1,3.1
7772,5238,26499,56.09,5,14864,52.82,3,22.37
7773,983,39911,56.8,15,22678,43.1,8,5.42
7776,1080,49102,74.88,15,36777,63.72,6,4.64
7777,16796,186606,68.96,29,128729,63.28,14,13.54
7779,376,16105,66.48,7,10707,56.73,4,2.25
7780,43750,810024,75.54,44,612045,73.57,19,10.36
7781,16972,599681,73.7,58,442039,71.45,36,6.73
7782,1127,23213,75.87,9,17614,65.8,6,7.27
7783,1198,62445,91.16,15,56932,89.57,13,2.08
7784,1367,187601,87.54,47,164266,82.22,30,1.78
7785,202,33339,85.58,13,28538,72.06,5,0.92
7786,6472,175954,82.18,32,144624,77.33,18,6.1
7788,7918,79746,70.23,35,56022,56.53,16,10.35
7789,172,21184,71.4,14,15130,42.61,4,0.86
7790,389,17700,70.24,15,12435,32.02,3,3.1
7791,4645,80000,80.09,16,64088,70.07,5,7.79
7792,4377,46662,70.55,15,32930,62.25,8,10.59
7794,1227,28000,81.49,7,22820,71.58,2,7.24
7795,16104,78828,74.49,14,58740,64.52,3,8.63
7796,2295,22963,59.14,5,13585,46.54,1,16.42
7797,701,22245,79.06,11,17592,62.45,5,5.32
7798,705,308692,94.48,48,291725,89.38,24,0.44
7799,12420,159466,79.01,35,126033,70.94,14,7.91
7801,1303,18300,70.43,3,12891,67.37,2,10.45
7803,2125,94413,79.31,31,74904,70.37,17,5.07
7805,4037,33125,70.43,8,23334,65.2,5,9.72
7806,322,27860,74.53,14,20769,58.33,7,1.75
7808,1059,70000,77.96,3,54580,76.94,2,2.94
7810,3319,20250,46.8,6,9480,36.34,3,19.29
7811,1300,33377,71.79,6,23971,65.17,2,6.17
7812,2677,60419,61.46,18,37140,53.92,11,7.93
7813,1724,19196,42.76,8,8212,27.44,3,14.69
7814,1722,45000,77.67,9,34962,71.66,5,6.17
7815,4190,32976,60.75,7,20038,50.32,2,12.5
7816,1063,29278,78.93,6,23113,71.29,2,6.16
7818,3986,167946,90.12,12,151364,88.99,8,3.92
7819,2675,25264,59.12,2,14936,55.4,1,17.84
7820,2023,37768,76.23,12,28799,65.32,6,7.21
7821,9961,121913,80.74,22,98463,74.79,12,7.22
7822,16880,45561,68.19,9,31080,63.73,6,17.58
7823,920,33491,73.09,15,24482,58.62,8,4.13
7824,377,31337,79.79,18,25011,67.11,12,1.59
7825,2266,23114,47.67,10,11022,27.49,3,16.3
7826,129,12000,84.38,9,10127,60.74,4,1.58
7827,2830,139972,78.18,30,109461,71.29,15,3.74
7828,15579,40494,64.41,18,26089,53.82,10,14.45
7829,1066,99388,83.17,44,82675,70.67,24,2.05
7831,73,13401,77.47,9,10385,55.97,4,0.16
7832,2078,580000,92.94,101,539226,87.73,58,0.86
7833,543,43011,74.39,21,32006,57.31,9,1.99
7834,298,16478,74.53,7,12282,60.54,3,3.81
7835,446,46544,71.61,17,33345,57.62,6,1.7
7836,574,51250,71.8,20,36805,63.31,13,1.34
7837,327,22800,75.01,4,17107,67.76,2,2.35
7839,513,15096,75.38,8,11382,55.95,3,4.03
7840,227,34000,89.59,13,30465,76.24,7,1.09
7841,361,24200,77.78,10,18825,66.5,6,2.26
7842,1693,18250,64.66,2,11804,62.3,1,13.21
7843,1081,33440,67.65,9,22627,61.47,6,5.32
7846,438,34412,84.08,8,28939,75.12,3,1.86
7847,550,29000,63.09,14,18301,43.49,5,3.55
7848,1253,33376,73.7,17,24603,54.51,5,3.8
7849,175,11892,95.78,1,11391,95.78,1,1.08
7850,1493,97659,70.48,39,68846,54.36,17,3.4
7851,530,67691,83.68,21,56661,74.33,9,1.47
7853,15406,47555,26.82,13,12759,17.95,4,34.52
7854,853,40300,89.32,16,36004,79.77,11,3.14
7855,452,192528,99.54,3,191656,99.54,3,0.2
7856,6121,27177,66.36,11,18038,61.08,9,10.48
7857,563,53488,83.6,13,44728,76.01,7,1.52
7858,4051,22237,48.06,10,10691,30.41,2,14.64
7860,153,32000,94.55,11,30257,89.27,9,0.5
7861,3817,64600,77.38,23,50003,66.9,12,4.77
7862,608,40000,86.95,4,34784,84.22,2,1.46
7863,117,30000,98.45,5,29537,96.02,4,0.4
7865,723,18424,72.83,10,13423,42.2,3,7.31
7866,4758,43171,61.1,17,26386,45.84,7,9.23
7867,658,96000,95.55,25,91743,85.54,9,0.77
7868,1052,22240,59.74,11,13293,40.66,4,8.42
7869,427,27241,88.86,4,24208,86.5,3,0.95
7870,2436,18400,78.4,13,14428,49.02,3,1.31
7871,4271,134278,62.0,31,83287,56.22,18,6.43
7872,1260,30000,65.09,3,19530,61.32,1,7.11
7873,2534,149884,85.97,37,128895,76.22,15,2.41
7875,342,20000,96.46,1,19292,96.46,1,1.6
7876,1083,107373,85.97,29,92335,77.25,16,2.09
7877,378,38857,72.68,10,28244,61.47,2,1.63
7878,2981,53537,46.67,19,24992,31.36,5,8.1
7879,3338,40000,61.95,17,24789,45.8,8,11.7
7880,1423,26500,70.21,17,18611,38.1,5,7.6
7881,386,27000,84.31,4,22765,82.44,3,2.52
7882,2100,205282,83.56,47,171581,77.74,30,2.2
7883,2028,60976,71.14,23,43388,59.35,11,2.3
7885,456,29200,76.6,16,22372,57.42,6,2.97
7886,1556,24978,65.74,14,16425,43.57,5,8.19
7887,14038,81720,43.4,34,35489,28.83,14,19.81
7888,538,75235,81.01,40,60958,62.2,18,1.03
7889,187,20781,83.94,16,17448,45.73,4,0.71
7890,419,20800,86.06,12,17905,65.96,6,2.65
7891,189,19430,56.4,7,10961,53.55,6,1.31
7892,5768,46898,75.07,14,35219,63.51,6,7.7
7893,1395,40799,86.36,5,35243,80.01,1,4.12
7894,794,24000,55.13,8,13237,39.84,1,4.15
7895,13010,38790,74.08,7,28747,65.6,1,2.66
7896,568,27900,90.93,7,25372,80.84,2,1.87
7897,199,133617,98.34,2,131403,98.34,2,0.19
7898,3207,30039,69.3,5,20821,64.11,2,6.38
7899,8218,24292,43.64,12,10607,20.58,4,24.06
7901,2245,60000,84.37,13,50631,75.22,4,3.31
7902,1581,200605,90.12,45,180807,85.74,31,1.71
7904,103,15000,92.36,3,13855,89.32,2,1.05
7907,1972,39393,73.99,14,29155,66.75,9,1.96
7909,4808,70593,83.73,15,59119,76.12,7,4.48
7911,1644,40000,66.58,12,26637,50.22,2,5.81
7912,2293,22190,79.36,10,17612,72.33,7,4.82
7913,1172,45139,90.42,7,40820,86.43,4,2.07
7915,1742,40100,86.18,19,34567,70.86,10,1.96
7917,1501,66903,79.57,15,53252,70.74,6,2.72
7918,15079,43100,79.58,5,34305,77.07,3,8.2
7919,598,12700,50.06,4,6358,42.07,2,6.89
7920,3446,593987,89.13,176,529520,80.22,94,1.38
7921,820,40807,83.37,11,34026,75.31,5,2.67
7922,526,66175,95.44,18,63164,93.96,17,0.81
7924,1253,133561,83.42,46,111451,75.88,29,1.57
7925,328,65600,90.49,40,59380,73.16,23,1.07
7926,1018,15002,73.49,4,11027,59.45,1,4.9
7927,487,44700,70.41,29,31477,42.02,7,1.1
7928,2332,41530,73.15,18,30390,59.06,8,3.91
7929,947,21673,82.05,12,17786,62.0,4,3.29
7930,1102,33754,65.76,11,22200,55.75,5,4.1
7931,150,24641,96.71,5,23834,84.9,1,0.34
7933,107,23563,87.51,8,20626,72.71,3,0.68
7935,165,37000,82.82,15,30647,63.53,5,0.36
7936,406,36038,72.33,4,26071,68.79,2,2.23
7939,424,19580,74.62,2,14613,71.08,1,2.79
7942,503,31768,94.23,11,29942,79.25,3,1.45
7943,128,30651,83.49,15,25597,70.2,9,0.73
8002,250,1908,0,0,0,0,0,28.25
8009,627,4375,0,0,0,0,0,21.49
8010,385,6666,46.01,4,3068,20.25,1,9.66
8011,60938,165922,30.74,25,51047,24.99,10,30.11
8012,478,3800,93.02,1,3535,93.02,1,4.85
8014,591,8827,37.88,2,3344,37.88,2,10.86
8015,111,3000,29.54,2,886,0,0,12.06
8016,35762,120137,45.49,52,54679,29.6,20,20.15
8018,75,3449,21.62,1,746,0,0,3.98
8019,98,33891,93.81,3,31801,90.33,1,0.8
8020,109,8263,59.32,4,4902,32.36,1,2.37
8021,82013,147185,46.88,49,69014,35.82,23,30.39
8022,57,3000,70.18,1,2106,70.18,1,3.26
8024,22543,45160,29.89,12,13507,18.86,4,25.43
8026,61,97,0,0,0,0,0,73.87
8027,66045,112903,26.97,32,30477,15.59,11,39.2
8028,65431,184511,51.26,60,94624,39.78,26,23.83
8029,650,78017,75.2,24,58688,62.69,7,1.44
8031,121,4498,25.57,1,1151,25.57,1,4.73
8032,23047,51810,75.96,9,39360,74.21,7,12.66
8033,70375,164630,38.33,46,63138,28.1,18,32.69
8034,22011,56586,18.19,11,10309,8.72,3,32.73
8035,214,6812,43.5,4,2965,17.63,1,5.68
8036,533,7661,20.61,1,1580,20.61,1,10.94
8038,40188,62278,20.38,9,12706,15.0,4,36.62
8039,63149,263804,66.43,69,175270,58.6,37,13.85
8040,31021,96414,51.52,15,49700,44.6,3,20.46
8042,41061,133569,66.17,43,88405,58.18,27,20.42
8043,37070,79907,41.01,15,32779,37.53,10,44.66
8044,27548,204768,61.54,32,126043,55.99,14,14.16
8045,4229,95042,67.25,37,63931,54.56,18,8.09
8046,89065,646165,85.29,89,551214,80.8,42,6.03
8047,1317,41666,80.95,14,33735,71.82,9,3.64
8048,34778,57706,39.16,18,22610,27.98,7,24.3
8049,39258,118280,33.69,24,39866,27.16,11,29.02
8050,56035,205205,44.59,38,91524,37.99,18,25.63
8053,3691,411818,85.44,75,351942,80.37,41,1.93
8054,52108,106233,35.05,16,37253,28.88,4,34.67
8056,11806,389990,60.6,80,236429,53.93,35,5.95
8057,84,6344,67.07,3,4256,67.07,3,2.43
8058,2495,68800,69.09,27,47554,51.78,10,6.3
8059,13730,194080,72.94,16,141611,69.35,5,8.37
8060,273,6084,49.67,2,3023,34.06,1,11.29
8064,82126,184818,44.3,40,81921,36.18,16,33.38
8065,930,4500,37.58,3,1692,0,0,18.21
8066,38135,36642,38.74,13,14204,21.76,4,33.05
8067,7007,20700,81.35,9,16844,56.73,3,6.39
8068,8364,80766,61.74,16,49874,59.08,12,15.87
8069,94898,1154782,77.55,310,895728,69.03,154,7.58
8070,37742,725648,73.28,102,531947,69.18,56,11.01
8071,35376,60084,30.55,10,18370,22.86,3,33.97
8072,12971,80000,60.2,10,48172,57.87,7,20.78
8074,46124,86974,38.52,23,33519,29.38,9,31.44
8076,89093,292214,34.86,64,101932,25.21,22,21.48
8077,1065,21946,82.07,4,18013,76.8,2,2.83
8080,14413,67164,84.11,4,56503,82.53,2,5.96
8081,22918,86172,35.72,20,30794,25.12,5,26.13
8082,4216,106609,71.69,22,76456,62.88,8,4.37
8083,2709,35133,55.94,12,19659,43.99,4,9.54
8084,2922,69514,65.34,21,45428,54.75,9,7.52
8085,36237,139983,40.47,25,56686,30.87,4,18.15
8086,69901,196516,53.11,37,104390,48.04,18,25.18
8087,9858,38669,57.58,21,22270,43.84,11,9.98
8088,54252,60922,18.38,6,11199,17.66,5,52.5
8089,27230,65999,41.62,8,27477,37.91,3,22.32
8091,18438,56967,47.54,24,27090,32.34,10,19.64
8092,20301,57172,60.52,24,34613,41.1,7,11.04
8093,3215,56568,67.55,7,38213,64.0,4,8.08
8094,337,18527,43.02,10,7975,11.96,2,2.77
8095,124,7932,51.28,6,4068,18.09,1,3.8
8096,81978,149343,51.95,36,77613,46.41,23,25.19
8097,13390,63802,73.57,22,46944,61.61,10,6.6
8098,1387,12653,57.51,8,7279,33.15,3,10.94
8099,29347,100073,82.51,20,82593,75.15,8,5.85
8101,18447,52166,82.27,4,42923,80.45,2,8.06
8102,1157,23358,39.54,10,9240,25.07,4,7.13
8103,19245,78437,42.26,25,33166,29.95,9,25.8
8104,45855,104058,33.07,6,34439,30.38,2,33.26
8105,40189,441545,61.01,35,269463,57.5,11,17.2
8106,68,3943,60.82,3,2398,27.88,1,2.19
8107,31863,75000,53.81,20,40375,44.3,10,17.09
8109,6715,82161,53.56,34,44021,34.87,11,12.75
8110,81150,517740,50.4,42,260990,46.86,12,29.63
8111,58135,109102,35.61,27,38870,24.9,8,29.77
8112,118293,565293,38.65,87,218663,34.5,49,29.41
8112A,7089,30000,51.73,13,15525,36.01,7,17.89
8114,10442,76677,49.74,35,38154,33.81,14,15.95
8115,842,70000,86.41,25,60502,78.23,16,2.47
8119,33058,63662,46.38,26,29543,27.17,8,10.71
8121,30603,212994,61.68,38,131423,55.01,16,14.31
8122,1616,402371,93.1,13,374717,92.23,7,0.77
8127,242,5558,7.67,1,427,0,0,7.51
8130,297,47620,70.92,21,33778,59.07,11,0.81
8131,32655,442222,71.74,27,317334,69.3,11,13.97
8147,4965,42106,46.75,15,19696,32.66,6,15.23
8150,140586,704523,64.27,129,452918,58.5,68,22.75
8155,15751,62619,49.74,18,31152,38.08,7,26.29
8157,662,26839,78.64,2,21107,78.64,2,4.87
8162,2680,68702,73.97,26,50838,60.37,12,7.28
8163,74903,280000,45.82,45,128346,40.78,20,24.74
8171,44774,112853,60.84,26,68684,51.96,11,12.78
8172,259,1583,0,0,0,0,0,35.91
8176,37420,71701,32.63,18,23414,21.89,6,23.71
8182,11375,107041,66.84,12,71557,63.78,7,19.11
8183,42113,121251,47.4,15,57498,43.36,7,22.12
8197,637,61748,84.91,4,52437,83.38,2,2.19
8201,12177,62366,57.89,16,36112,45.88,4,17.25
8210,31268,125319,70.66,31,88594,62.37,14,13.52
8213,68622,271242,50.21,82,136247,39.59,35,17.22
8215,67859,320675,52.86,29,169544,49.72,11,20.59
8218,105,1593,0,0,0,0,0,9.2
8222,39925,68574,36.84,14,25273,31.52,7,33.73
8225,380,22380,79.65,4,17828,73.02,2,3.89
8227,30396,39543,28.59,9,11310,18.22,3,43.58
8234,16730,141226,54.27,35,76683,45.96,17,20.96
8240,37123,100004,54.39,22,54416,48.06,11,20.68
8249,35897,137824,57.5,18,79275,53.51,9,23.91
8255,25848,101961,50.94,16,51949,46.67,9,23.02
8261,73508,118878,50.01,21,59476,43.91,10,34.43
8264,497,2583,0,0,0,0,0,34.52
8271,62442,129614,48.09,27,62350,41.97,14,28.17
8272,1634,18998,38.04,6,7231,25.15,2,11.63
8276,125,3507,48.36,2,1697,33.84,1,10.33
8277,42135,91629,20.22,12,18537,14.81,3,30.15
8279,1979,27101,62.22,6,16870,52.51,2,9.83
8281,415,29267,44.49,8,13025,34.88,3,2.37
8284,2407,47342,63.07,19,29871,46.81,8,7.54
8286,157,441,0,0,0,0,0,76.5
8287,11821,24267,70.24,1,17046,70.24,1,20.81
8289,30693,68334,42.91,16,29330,33.62,5,26.93
8291,1908,17478,71.89,3,12566,71.89,3,13.43
8297,174,15000,92.95,1,13943,92.95,1,1.78
8298,402,25632,81.25,2,20828,81.25,2,2.35
8299,190193,221349,43.36,64,96000,34.62,31,30.59
8325,204,1513,0,0,0,0,0,33.84
8329,3178,280578,90.85,36,254940,87.24,22,2.82
8341,18847,130000,48.89,16,63580,46.49,11,24.14
8342,1081,33537,71.7,9,24051,65.66,6,4.58
8345,773,52000,82.18,13,42740,71.53,5,2.56
8349,7684,208821,71.11,37,148519,66.97,23,6.56
8349A,1277,10000,10.25,2,1025,0,0,19.92
8351,1051,50000,80.5,9,40256,70.91,2,3.55
8354,14149,78532,64.3,30,50511,49.39,11,11.67
8358,132576,252588,47.66,69,120447,38.97,34,33.7
8359,5982,136500,83.39,26,113850,79.54,18,4.6
8367,3521,92172,70.64,33,65132,61.38,18,6.99
8374,13190,112250,71.71,11,80514,68.57,6,17.45
8375,114,7356,77.08,6,5671,40.34,2,1.96
8380,882,7123,19.38,2,1381,0,0,31.96
8382,10354,292592,66.02,81,193222,56.93,42,6.41
8383,56240,113760,55.97,31,63687,48.94,18,22.06
8390,31051,96116,47.85,21,46022,42.97,13,16.26
8401,11970,70669,62.98,22,44521,54.41,13,9.56
8403,36736,137640,38.47,23,52973,32.25,9,20.02
8404,15943,419934,78.55,65,329973,73.22,29,4.32
8409,25802,32000,48.58,9,15550,38.58,4,14.61
8410,2048,36589,56.98,11,20853,50.7,7,10.88
8411,10915,218404,81.82,32,178759,79.23,24,5.58
8415,8906,1031500,92.88,130,958297,89.79,79,1.77
8416,2054,28211,77.11,7,21756,77.11,7,9.03
8419,1377,30000,53.22,11,15971,40.55,4,14.2
8421,6458,54817,63.95,16,35063,59.35,12,14.25
8422,152933,1359033,37.27,132,506798,33.77,52,26.85
8423,6360,41714,63.82,14,26629,54.7,8,13.19
8424,3034,36054,60.55,7,21840,50.7,2,15.66
8426,2722,50242,74.8,6,37591,70.26,3,9.22
8429,45233,185747,41.89,25,77873,38.36,13,17.93
8431,44929,48778,23.05,9,11258,17.13,5,32.82
8432,3127,38398,61.73,4,23715,56.47,1,12.57
8433,3138,54506,67.53,17,36817,60.42,10,9.83
8435,22363,35200,41.13,13,14486,20.64,2,29.15
8436,42924,117729,39.17,34,46133,30.17,16,25.6
8437,32304,47014,41.84,19,19680,28.04,7,16.2
8438,2832,69943,79.55,24,55653,65.16,9,6.11
8440,55701,50255,31.76,6,15967,29.05,4,36.84
8442,2018,70170,71.56,24,50231,61.43,13,5.39
8443,46626,66800,68.97,23,46083,61.07,15,15.94
8444,1703,125105,85.95,33,107555,77.61,15,2.14
8446,7694,52914,50.23,14,26584,42.83,7,23.84
8450,10321,51310,58.33,14,29933,56.66,13,23.0
8454,38139,264975,81.35,18,215624,79.69,11,10.4
8455,731,25219,89.9,3,22675,87.77,2,4.58
8458,554,35850,73.63,25,26403,48.85,11,2.5
8462,6282,80387,66.59,23,53554,58.83,12,10.36
8463,3567,150000,82.13,28,123229,76.74,15,4.63
8464,3817,293020,87.0,91,254964,77.98,48,1.07
8465,232,8100,58.22,4,4717,41.56,2,3.39
8466,2155,79826,77.7,28,62039,67.62,13,4.86
8467,1642,48374,82.01,21,39680,73.88,14,4.24
8472,1049,17736,63.04,3,11182,55.75,1,5.41
8473,14934,184544,69.07,23,127505,64.3,10,12.15
8476,6533,167498,71.29,53,119448,61.33,26,7.24
8477,10987,64171,78.21,5,50192,75.87,3,7.02
8478,10934,93972,76.1,13,71521,75.66,12,12.94
8479,375,20055,62.09,7,12455,41.51,1,2.41
8481,2538,66602,66.44,24,44263,53.62,10,7.06
8482,1040,107444,95.18,18,102291,90.26,11,1.18
8485,61,1568,96.18,2,1508,0,0,2.98
8487,19446,26535,55.85,9,14823,45.96,5,11.81
8488,873,73500,87.12,18,64041,80.32,10,2.03
8489,29889,59949,57.07,14,34224,48.0,6,14.68
8490,1100,23760,45.34,12,10776,29.07,4,8.22
8491,1306,7292,9.23,1,674,0,0,22.3
8492,250,33300,92.97,12,30963,88.34,10,1.47
8495,868,127275,92.26,7,117448,90.02,3,1.63
8496,292,35675,87.43,12,31195,84.71,10,1.5
8499,2207,41166,79.84,12,32871,72.65,7,6.44
8707,6319,2566,0,0,0,0,0,43.86
8708,20487,194695,43.67,31,85066,36.63,11,17.07
8710,6846,115478,28.87,29,33362,18.1,11,13.05
8712,6938,808019,76.09,266,615010,63.73,113,1.25
8718,18072,97053,35.33,20,34306,28.26,10,24.05
8719,6768,656417,86.77,136,569739,79.45,63,1.98
8720,8597,89517,56.83,19,50890,47.25,5,13.3
8721,2243,3966,0,0,0,0,0,38.58
8722,5797,52652,62.7,15,33025,56.87,10,12.32
8723,23394,104515,50.63,31,52933,41.3,15,19.31
8724,8397,20269,40.62,6,8236,33.58,4,33.16
8725,12501,112176,32.32,23,36280,25.24,10,22.08
8905,21159,119440,92.47,26,110472,88.78,19,2.4
8906,2916,44037,55.46,15,24431,49.92,11,9.66
8908,14952,315333,88.97,46,280603,85.98,30,3.01
8916,41322,150384,66.25,47,99650,59.7,31,9.9
8916A,280,249,0,0,0,0,0,93.55
8917,1724,162652,82.83,69,134756,65.8,24,0.94
8921,1157,46592,85.56,24,39873,63.01,8,1.37
8923,5146,30376,82.32,10,25009,74.55,6,3.81
8924,17092,83800,38.27,21,32086,29.73,9,29.17
8925,19600,365243,41.22,123,150604,27.44,42,8.79
8926,60218,830282,58.07,131,482303,52.82,59,13.46
8927,25829,419068,83.5,112,350007,74.44,50,3.31
8928,4400,50854,49.18,13,25022,35.67,2,16.47
8929,11776,50581,45.67,10,23110,39.18,5,26.21
8930,5360,81809,68.96,35,56426,56.93,18,11.45
8931,19205,122255,81.55,14,99725,78.62,8,4.66
8932,9595,357963,80.43,80,288000,75.42,51,4.22
8933,42956,326724,52.73,43,172349,47.6,14,14.68
8934,504,7973,94.77,1,7556,94.77,1,1.41
8935,37866,113495,50.78,25,57641,42.46,11,12.68
8936,76261,248078,31.69,56,78677,23.24,24,30.86
8937,3272,431680,90.81,53,392140,88.05,34,1.49
8938,12413,156986,57.18,59,89806,44.76,29,12.99
8940,9365,67491,71.05,24,47963,62.77,16,13.57
8941,2211,34972,67.15,20,23489,46.46,9,6.19
8942,13286,198842,50.62,59,100704,41.7,30,13.42
8996,33990,93518,50.57,49,47309,32.43,20,11.17
8999,393,36000,62.85,28,22630,20.5,3,1.32
9103,21444,205532,11.77,30,24217,5.31,8,27.68
910322,7534,21365,26.49,5,5664,20.66,3,39.71
9105,123948,1639649,25.35,362,415923,15.63,99,18.92
910861,2750,34017,37.58,13,12790,23.07,5,16.61
9110,1754,54498,43.78,25,23872,21.54,6,7.7
911608,2195,34222,30.52,13,10454,9.81,2,15.52
911611,3111,88290,41.32,27,36505,28.83,11,9.24
911613,1402,11111,5.98,1,665,0,0,28.41
911622,1524,30000,52.02,9,15609,42.16,4,13.0
911868,6210,140000,35.97,38,50391,24.71,12,12.23
912000,6831,159294,34.86,47,55571,23.92,16,10.5
9136,4694,134796,67.99,33,91680,62.78,22,8.74
916665,366,816,0,0,0,0,0,57.85
9801,83443,395846,69.31,40,274461,66.04,20,17.11
9802,12051,200992,64.58,61,129851,55.35,30,10.61
9902,45209,98050,56.76,22,55674,50.28,11,17.44
9904,106183,2946787,68.46,451,2017914,63.56,219,7.87
9905,17340,305000,73.96,42,225637,72.25,32,8.32
9906,8331,90376,78.82,24,71247,75.03,18,9.31
9907,56223,1579145,74.0,178,1168791,69.92,74,6.75
9908,16445,516358,80.65,110,416531,74.83,64,5.52
9910,24189,987483,89.02,93,879260,86.75,56,4.08
9911,31128,222390,67.65,56,150483,60.93,34,15.28
9912,61871,53793,62.22,18,33477,55.16,12,15.81
9914,66185,298984,66.37,85,198501,55.75,41,12.6
9917,56179,451197,76.53,92,345346,71.06,54,8.65
9918,25275,180537,84.88,50,153267,77.05,25,2.44
9919,63711,195363,45.98,29,89863,42.75,19,27.88
9921,30193,392065,67.19,122,263524,56.95,60,11.98
9922,10424,216035,69.33,59,149806,59.03,25,7.16
9924,13024,150762,61.36,44,92540,53.57,26,16.19
9925,18875,387490,69.53,92,269480,62.5,48,9.18
9926,4259,179504,83.81,52,150469,73.65,23,2.44
9927,13924,120000,58.89,18,70704,52.67,7,17.83
9928,7172,70725,74.49,14,52696,67.16,6,7.45
9929,3769,101280,88.2,19,89341,84.07,11,2.51
9930,12223,248540,77.67,17,193078,76.74,12,8.08
9931,7898,120369,78.02,26,93949,73.38,17,3.68
9933,52429,944437,61.87,165,584411,55.64,69,9.91
9934,13702,411017,67.61,88,277969,60.07,35,7.06
9935,57673,177839,62.46,71,111106,49.73,34,7.06
9936,11637,104764,29.04,22,30454,20.07,7,20.06
9937,15839,309043,89.26,69,275893,82.54,34,1.94
9938,49635,297964,54.89,80,163632,47.25,43,15.27
9939,27855,295786,63.22,92,187047,53.81,50,13.95
9940,17229,736846,81.64,72,601677,78.19,25,4.53
9941,43858,575636,70.48,58,405808,67.07,28,12.67
9941A,3686,100000,81.98,23,81996,74.62,11,5.83
9942,9650,83161,52.85,26,43964,39.14,8,18.72
9943,15939,125172,71.1,13,89019,69.48,10,16.13
9944,10498,105908,78.65,43,83316,66.13,20,8.44
9945,103978,2844225,65.43,343,1861540,61.3,145,8.34
9946,14002,326554,81.44,37,265998,78.51,20,4.75
9948,73,211,0,0,0,0,0,65.68
9949,11107,44861,72.98,20,32746,51.32,6,11.55
9950,3694,167716,83.54,26,140134,80.07,15,4.65
9951,23855,73300,46.8,20,34310,39.55,11,22.32
9953,519,4382,0,0,0,0,0,18.02
9955,15181,104425,60.71,19,63427,55.34,10,19.69
9957,12844,3220414,96.04,72,3093131,95.49,42,0.97
9958,56864,246897,53.38,64,131823,43.22,22,23.44
9960,9592,33592,76.32,15,25644,60.2,7,6.07
9961,321,69099,93.39,16,64543,89.73,13,0.78
9962,29054,90220,46.64,26,42096,40.0,16,17.93
9965,68,776,0,0,0,0,0,21.58
YFU6,53,23060,88.2,10,20342,79.27,6,0.13
YHU4,552,232690,95.44,8,222109,94.69,4,0.54
YJS2,8992,115112,78.86,19,90793,74.07,11,3.39
YY0005,98,445,0,0,0,0,0,50.55
YY0008,55,203,0,0,0,0,0,79.3
YY0024,72,260,0,0,0,0,0,71.15
YY0027,62494,70327,12.95,10,9123,8.2,4,66.27
YY0028,33899,247269,39.73,58,98320,30.63,24,18.25
YY0029,8306,39020,30.63,8,11956,27.51,6,23.22
YY0030,3004,62727,52.21,25,32763,38.56,10,10.37
YY0031,430,4703,0,0,0,0,0,34.82
YY0032,358,3886,0,0,0,0,0,29.75
YY0033,2497,20320,16.08,3,3270,9.84,1,25.57
YY0034,266,1732,0,0,0,0,0,44.73
YY0035,15294,237214,36.45,50,86522,28.84,21,14.64
YY0036,136,348,0,0,0,0,0,75.85
YY0037,3449,80470,85.39,21,68725,79.57,14,5.58
YY0038,268,2681,26.72,1,716,0,0,23.4
YY0039,12861,250931,81.34,56,204143,76.04,35,5.35
YY0040,9025,73114,44.26,13,32376,37.79,6,16.04
YY0041,13689,279762,79.98,55,223817,74.53,33,7.75
YY0042,20014,70765,14.19,10,10060,10.09,5,36.46
YY0043,9583,40117,6.16,4,2476,0,0,52.54
YY0044,52990,444971,18.95,48,84393,15.27,21,29.35
YY0046,37379,552046,32.32,151,178586,21.09,45,13.42
YY0047,78039,1070196,31.58,284,338288,20.63,96,13.52
YY0048,7709,98824,49.21,27,48659,40.49,14,12.01
YY0049,33747,38915,26.26,7,10231,20.6,4,43.66
YY0050,55777,236294,21.54,50,50953,10.56,10,31.2
YY0051,7672,77637,33.77,17,26231,25.48,6,14.4
YY0052,4533,202305,69.16,68,139963,57.96,32,3.01
YY0053,24706,241613,46.76,45,113046,40.91,23,22.58
YY0054,5672,106933,46.91,29,50182,38.2,14,7.88
YY0055,5310,124278,46.62,56,57954,25.78,18,7.81
YY0056,2184,19785,51.38,8,10169,35.64,3,5.12
YY0057,4854,148068,56.92,40,84313,47.72,19,6.46
YY0058,3340,57743,35.86,18,20718,23.34,7,10.95
YY0059,1060,22565,21.04,6,4749,0,0,8.29
YY0060,683,9827,13.47,2,1325,0,0,14.8
YY0061,6533,53312,22.61,16,12066,8.44,4,19.26
YY0062,18049,320790,23.55,71,75615,13.26,19,16.36
YY0063,8946,20252,2.76,1,561,0,0,54.48
YY0064,5246,97674,63.77,30,62307,52.93,12,6.32
YY0065,17176,219904,28.28,56,62242,16.97,13,15.2
YY0066,19897,331761,30.03,79,99717,19.32,21,13.56
YY0067,6891,153046,29.39,49,44999,17.67,18,11.85
YY0068,28688,405723,23.39,66,95006,15.55,14,17.8
YY0070,22525,322825,33.97,85,109745,20.58,18,16.02
YY0071,14721,80719,18.85,11,15225,15.21,6,30.04
YY0072,2510,27500,18.32,8,5044,0,0,17.27
YY0073,2182,36625,35.78,16,13113,18.52,5,8.93
YY0074,10680,104222,17.67,22,18434,7.53,5,24.68
YY0075,3106,16421,10.3,3,1694,0,0,28.97
YY0076,450,450,0,0,0,0,0,100.0
YY0077,299,754,0,0,0,0,0,78.63
YY0078,330,2412,0,0,0,0,0,27.55
YY0079,79,330,0,0,0,0,0,63.93
YY0080,308,895,0,0,0,0,0,62.39
