stock_no,people,lots,b4_pct,b4_people,b4_lots,b1_pct,b1_people,s10_pct
00400A,135429,2069640,19.84,216,411016,15.15,55,17.48
00401A,17768,239395,23.01,28,55149,20.05,17,21.51
00402A,48196,714627,19.14,107,136968,11.7,18,20.86
00403A,1002531,17768019,18.93,1958,3364860,13.53,374,15.77
00404A,23269,357795,24.52,33,87759,21.35,14,20.57
00405A,161636,3632745,22.98,478,835457,16.74,106,12.3
00406A,72710,1757562,20.19,353,355243,10.19,63,11.44
00407A,150945,2982739,23.35,419,696998,16.49,87,14.31
00408A,8549,161134,32.79,36,52874,22.9,12,15.87
00410A,5574,141360,44.33,30,62705,34.79,7,12.21
0050,3534313,22426000,26.7,922,5993400,25.06,271,26.28
0051,12901,24500,12.72,5,3120,0,0,56.17
0052,464787,2669000,21.46,163,573286,19.31,69,35.12
0053,5814,5488,19.15,1,1051,19.15,1,48.58
0055,13164,86154,45.37,19,39099,37.93,7,26.4
0056,1654097,14283034,12.24,715,1750164,9.99,157,25.5
0057,2929,1527,0,0,0,0,0,31.75
0061,6066,96116,32.91,22,31647,23.35,6,15.57
006201,4696,23446,47.24,7,11080,36.55,3,28.07
006203,2489,10218,78.32,6,8004,52.11,2,9.5
006204,1154,1500,0,0,0,0,0,45.66
006205,8874,93939,45.46,26,42727,33.43,7,17.69
006206,3133,27278,21.4,4,5842,15.18,2,24.71
006207,1583,20892,15.29,5,3197,0,0,16.72
006208,712086,1860040,10.28,59,191594,9.65,39,52.0
00631L,329196,7815848,31.07,1530,2430844,21.89,320,9.47
00632R,65361,2648208,47.55,804,1259939,33.94,219,4.99
00633L,3475,115458,35.81,38,41372,22.7,13,6.68
00634R,776,46256,55.65,15,25754,40.9,6,3.65
00635U,57134,349014,30.12,31,105201,27.85,17,29.21
00636,8240,94825,21.0,18,19923,14.15,6,19.84
00637L,11152,723106,57.88,262,418599,43.42,91,3.51
00638R,520,22948,50.85,8,11674,35.2,2,5.22
00639,5719,96403,25.24,22,24356,14.78,7,13.3
00640L,1193,6419,21.67,2,1392,0,0,26.52
00641R,1325,82758,52.67,34,43600,36.84,14,3.31
00642U,9390,85821,41.75,16,35848,35.15,7,21.48
00643,3188,72503,40.16,20,29136,26.62,5,11.5
00645,9793,42997,23.74,10,10214,11.98,2,36.44
00646,109626,587985,42.1,72,247638,37.38,28,25.27
00647L,1483,6416,29.61,1,1900,29.61,1,27.36
00648R,2418,142188,46.34,39,65912,35.86,14,3.59
00650L,2190,101838,52.43,38,53428,43.35,21,4.5
00651R,404,32192,69.53,16,22393,51.8,7,2.83
00652,9406,62535,32.28,15,20190,25.67,7,28.12
00653L,1221,13403,15.87,2,2129,11.16,1,19.39
00654R,377,19466,54.73,9,10656,37.44,3,4.39
00655L,2138,57958,30.48,19,17674,16.55,5,8.28
00656R,323,20357,72.98,13,14861,45.03,4,3.26
00657,1649,6584,18.21,1,1199,18.21,1,37.6
00660,1032,7531,32.34,4,2436,0,0,17.11
00661,7244,23425,14.83,4,3479,6.68,1,42.19
00662,107450,893029,38.0,97,339466,33.96,32,15.38
00663L,15922,168163,29.24,21,49186,25.72,12,19.36
00664R,8637,759075,55.99,366,425141,36.03,122,2.39
00665L,4973,408965,58.81,158,240625,43.89,60,2.42
00666R,137,14624,83.17,7,12166,76.67,6,1.62
00668,2002,7483,23.67,2,1772,17.62,1,32.32
00669R,3192,205117,46.57,66,95559,34.63,25,3.35
00670L,12435,77145,12.62,9,9749,7.32,3,27.38
00671R,3560,529384,70.34,205,372471,53.76,65,1.23
00673R,10441,548551,45.2,187,248021,30.84,59,4.0
00674R,1351,14921,44.85,4,6693,44.85,4,17.41
00675L,19825,114286,17.51,11,20040,14.14,5,30.75
00676R,4406,173334,40.04,66,69419,24.07,21,4.91
00678,1792,8448,21.47,4,1814,0,0,27.91
00679B,234966,6247692,42.84,682,2677446,37.76,148,8.99
00680L,19513,1489576,53.96,524,804148,38.93,158,2.71
00681R,92,7594,91.61,6,6958,75.87,4,1.44
00682U,260,7644,77.75,4,5944,52.09,2,3.83
00683L,328,11434,66.29,6,7582,52.25,3,4.81
00684R,175,9688,80.51,6,7801,72.94,5,3.32
00685L,207327,6421336,33.98,1577,2182747,22.08,308,8.07
00686R,2038,214776,61.18,103,131427,42.35,37,1.89
00687B,154632,4272380,42.09,558,1799500,36.2,135,8.74
00688L,9432,632615,48.63,216,307771,34.21,71,3.11
00690,16504,83330,12.23,12,10214,5.51,3,36.48
00692,91503,614780,16.66,34,102560,14.84,17,33.3
00693U,3208,74666,40.47,22,30231,33.33,12,9.94
00694B,1975,36576,72.28,7,26447,65.88,4,9.4
00695B,2257,39686,74.26,9,29476,67.56,5,10.38
00696B,10950,610681,83.25,29,508462,82.28,19,4.12
00697B,6503,63212,23.44,12,14828,17.93,7,21.92
00700,2636,32483,12.85,7,4179,0,0,17.92
00701,38409,170391,6.7,12,11445,4.69,5,51.13
00702,1159,6688,54.81,5,3667,30.77,2,25.63
00703,1030,9550,22.86,3,2185,0,0,22.96
00706L,6171,133771,32.58,30,43605,24.27,12,9.6
00708L,16167,132573,24.55,24,32569,16.85,8,23.74
00709,2307,15460,38.0,9,5877,7.98,1,22.88
00710B,3626,180761,82.5,10,149149,81.36,6,4.74
00711B,794,871761,99.33,5,866150,99.18,3,0.16
00712,134299,4968011,32.19,1113,1599387,21.31,198,6.09
00713,270685,1709512,23.06,75,394546,21.83,44,31.86
00714,2400,21567,49.72,12,10726,22.64,3,21.78
00715L,6003,103192,45.56,21,47032,40.44,13,10.97
00717,7585,121105,27.96,26,33878,18.94,9,15.69
00719B,14031,299514,31.22,50,93571,24.36,18,10.82
00720B,78746,4045609,65.55,308,2652435,62.16,75,4.57
00722B,13590,1456739,89.92,45,1310103,89.22,27,2.46
00723B,461,1519583,99.75,13,1515989,99.69,11,0.05
00724B,6231,3022775,97.62,32,2951293,97.49,24,0.5
00725B,41618,3689706,81.91,159,3023384,80.21,56,2.74
00726B,1739,1187489,97.96,17,1163342,97.61,10,0.33
00727B,722,56689,90.32,6,51208,87.19,3,2.72
00728,9544,39423,3.87,2,1531,2.53,1,49.23
00730,13181,69544,16.13,8,11230,13.72,5,40.99
00731,8370,20600,14.09,4,2905,0,0,57.86
00733,21125,65466,14.58,7,9557,10.63,3,52.65
00734B,522,24979,82.53,2,20617,80.06,1,4.78
00735,34530,126289,19.02,21,24043,13.16,8,39.97
00736,503,6727,73.37,6,4936,41.86,2,9.46
00737,5436,22538,15.12,5,3408,4.88,1,43.46
00738U,33394,246799,19.36,40,47817,13.7,14,26.62
00739,1966,25988,40.85,10,10622,18.78,2,17.12
00740B,6099,2186471,96.68,48,2114542,96.18,30,0.62
00741B,1137,13128,50.32,3,6609,37.85,1,17.81
00746B,1330,2549964,99.57,27,2539553,99.42,20,0.09
00749B,199,1110500,99.78,8,1108216,99.75,7,0.02
00750B,72,148000,99.72,4,147594,99.32,3,0.04
00751B,67415,5136103,75.21,323,3863731,72.57,92,3.01
00752,17195,257216,31.82,33,81915,26.72,12,16.32
00753L,10087,659157,51.4,235,338926,36.36,74,3.27
00754B,458,1277900,99.74,14,1274670,99.74,14,0.06
00755B,1017,280230,97.78,8,274058,97.59,7,0.83
00756B,2344,1266300,97.55,18,1235368,97.24,11,0.39
00757,68706,278994,33.37,29,93157,30.48,16,32.2
00758B,124,5525,90.49,1,5000,90.49,1,2.26
00759B,115,47525,98.89,1,47000,98.89,1,0.16
00760B,634,435020,99.15,6,431359,99.15,6,0.28
00761B,3453,2734089,98.52,29,2694080,98.43,25,0.28
00762,22830,48248,20.98,7,10130,15.27,3,51.12
00763U,3883,42565,55.48,13,23626,50.03,10,17.37
00764B,8355,1542000,94.1,32,1451396,93.75,21,1.34
00768B,1699,779600,98.26,27,766237,97.68,20,0.37
00770,17919,78958,13.87,10,10959,7.56,4,41.01
00771,2066,14225,16.11,2,2293,11.94,1,29.94
00772B,40944,3359790,80.43,141,2702885,78.73,43,2.86
00773B,8973,2585790,95.65,42,2473764,95.29,26,0.81
00775B,184,232100,99.85,8,231785,99.23,6,0.06
00777B,214,2076650,99.92,14,2075360,99.88,13,0
00778B,184,1522150,99.92,10,1521080,99.92,10,0.01
00779B,645,1297150,99.57,8,1291737,99.5,7,0.1
00780B,1294,246602,97.35,9,240086,97.01,8,1.25
00781B,684,8336,27.04,2,2255,17.99,1,18.76
00782B,1245,19967,20.07,3,4010,15.07,2,16.08
00783,815,7031,10.33,1,727,0,0,26.22
00785B,243,1063466,99.83,11,1061811,99.7,8,0.02
00786B,1308,20066,30.99,6,6222,14.95,1,16.71
00787B,1012,11806,40.84,5,4824,16.94,1,17.85
00788B,1487,24706,25.28,7,6249,13.35,2,14.92
00789B,362,455600,99.38,11,452790,99.07,9,0.17
00791B,98,281100,99.68,6,280204,99.68,6,0.02
00792B,445,2276615,99.87,15,2273907,99.81,13,0.02
00793B,396,2526,0,0,0,0,0,30.56
00795B,37707,1520598,55.28,143,840791,51.37,43,5.95
00799B,1673,25036,20.75,6,5197,6.51,1,16.41
00830,176160,816965,22.55,60,184360,19.79,24,35.24
00834B,139,23198,94.36,4,21890,94.36,4,0.97
00836B,423,611041,99.59,13,608598,99.22,9,0.11
00840B,91,59431,99.27,3,59000,99.27,3,0.15
00841B,118,70440,99.43,5,70045,98.66,4,0.22
00842B,922,19767,46.13,6,9120,36.56,3,10.56
00844B,299,213175,99.11,5,211293,98.91,4,0.31
00845B,223,237051,99.52,4,235931,99.34,3,0.12
00846B,263,74350,98.18,2,73000,98.18,2,0.5
00847B,399,4305,21.69,1,934,0,0,20.08
00848B,155,136066,99.21,2,135000,99.21,2,0.13
00849B,109,486106,99.82,6,485249,99.61,4,0.01
00850,80566,416944,17.67,31,73811,15.52,18,39.23
00851,2149,5525,27.87,1,1540,27.87,1,42.55
00852L,467,8365,67.92,3,5683,51.88,1,8.04
00853B,2337,178134,91.16,11,162408,89.53,5,3.29
00856B,408,6792,62.27,3,4231,44.16,1,9.02
00857B,15970,514268,51.93,64,267163,46.94,21,7.78
00858,19211,117374,15.87,14,18647,10.97,5,30.15
00859B,1503,26511,19.85,5,5266,15.92,3,12.06
00860B,348,2671,0,0,0,0,0,23.57
00861,19260,69912,6.03,4,4220,3.62,2,52.87
00862B,1508,879381,98.3,11,864640,98.1,8,0.4
00863B,338,511964,99.59,9,509894,99.42,7,0.12
00864B,3521,99222,31.7,22,31469,23.55,9,7.42
00865B,9312,287244,29.35,42,84350,23.22,12,6.41
00867B,208,565150,99.8,10,564076,99.72,9,0.05
00870B,320,564151,99.6,9,561959,99.42,7,0.1
00875,5137,13488,15.68,2,2117,11.24,1,49.23
00876,23097,94024,27.7,10,26064,24.43,5,39.53
00877,13629,162288,17.38,26,28240,10.57,9,21.12
00878,1643361,18566790,10.95,852,2036392,8.84,149,20.29
00881,357779,2627903,14.55,118,383126,13.0,47,31.75
00882,83935,1970349,26.17,388,516026,16.82,85,10.38
00884B,210,75440,98.75,4,74504,98.75,4,0.42
00885,49466,609238,17.52,90,106849,11.55,31,19.14
00886,1200,4451,13.63,1,607,0,0,45.51
00887,20047,440351,32.49,110,143149,20.88,30,11.17
00888,95733,687978,12.97,35,89386,11.59,17,34.14
00890B,708,18264,71.17,2,13000,65.7,1,8.3
00891,183570,1805590,12.65,103,228841,10.39,33,25.54
00892,47012,328792,17.27,28,56891,14.85,16,33.67
00893,57420,359884,8.79,21,31745,5.86,5,38.64
00894,25958,146509,13.39,11,19655,10.41,5,39.45
00895,29376,144916,9.81,8,14234,8.28,4,44.26
00896,49098,392380,10.02,24,39406,7.62,9,32.51
00897,10033,141012,22.16,26,31270,14.07,7,20.5
00898,9249,131476,22.06,26,29029,11.63,5,21.34
00899,3792,16135,5.71,1,921,0,0,43.6
00900,132865,1581025,14.57,92,230738,12.09,25,22.87
00901,11954,62849,13.58,11,8549,4.6,2,40.94
00902,18097,225997,18.56,28,41987,14.87,14,21.68
00903,7177,49221,13.55,5,6673,10.67,3,36.47
00904,24771,163112,13.83,18,22595,8.08,6,35.59
00905,44662,360827,8.34,19,30160,6.41,7,31.25
00907,20161,148133,10.36,12,15383,7.57,6,33.78
00908,2755,35416,38.31,9,13573,28.01,4,18.96
00909,26963,106204,12.76,9,13564,8.71,3,45.13
00910,39723,123939,16.75,12,20785,14.65,7,46.46
00911,13116,30903,18.39,4,5686,17.06,3,53.51
00912,8409,61253,24.8,8,15200,22.91,6,31.91
00913,11840,58266,20.96,7,12217,20.09,6,38.51
00915,72923,513483,16.19,35,83196,14.29,18,35.72
00916,20464,108919,13.92,15,15183,8.04,6,41.16
00917,11994,61478,16.36,10,10064,10.4,4,39.33
00918,266382,3377264,12.27,192,414750,9.88,51,20.36
00919,1377200,18184135,11.16,1028,2032567,8.41,155,17.81
00920,6674,20280,22.53,5,4572,13.89,2,45.48
00921,8930,55270,13.19,6,7300,8.94,3,39.63
00922,188344,2155186,31.88,108,687528,29.8,32,20.9
00923,117728,899923,14.83,42,133703,13.43,21,33.0
00924,55111,435603,23.48,28,102367,21.27,13,27.37
00926,9211,102482,56.48,11,57895,53.42,6,19.68
00927,140259,1352397,12.95,85,175470,10.32,27,26.84
00928,7417,45856,20.75,10,9520,13.02,4,34.73
00929,434295,4862139,9.51,207,463524,7.63,47,22.47
00930,19118,128779,8.55,8,11047,6.89,5,38.26
00931B,34136,2250398,76.55,104,1723089,74.78,40,4.07
00932,13633,115283,11.25,9,12987,9.45,6,32.9
00933B,78685,6403458,75.86,428,4859595,72.7,97,3.0
00934,48843,424026,10.53,25,44776,8.34,11,30.92
00935,122130,861504,21.96,48,189439,20.5,26,29.0
00936,22664,196297,8.93,7,17540,8.28,5,31.47
00937B,213171,16991805,60.71,3125,10318583,51.94,634,2.68
00938,6319,97516,43.99,10,42907,42.75,8,18.97
00939,103147,1172476,6.92,49,81326,4.97,13,26.85
00940,322240,5343365,12.43,406,664872,8.75,79,18.04
00941,48069,460291,14.02,37,64603,10.24,11,28.25
00942B,9990,2000959,89.59,69,1792944,88.46,30,1.35
00943,4042,40389,33.58,6,13571,28.39,3,26.6
00944,7914,53581,9.33,6,5006,5.05,2,37.63
00945B,18518,798318,40.31,127,322041,33.36,36,5.37
00946,36404,455246,19.69,31,89697,17.4,12,22.42
00947,38950,295364,23.71,31,70099,19.84,14,30.47
00948B,26733,3980927,80.96,307,3223482,77.65,93,1.59
00949,17573,171428,21.37,25,36675,16.4,11,27.78
00950B,12364,4091309,90.87,144,3718285,89.56,52,0.69
00951,15795,226542,26.62,34,60337,21.53,14,18.2
00952,22780,247775,13.18,29,32721,7.17,7,24.76
00953B,48223,4169675,52.53,1242,2191193,38.65,288,2.3
00954,11181,120747,21.01,17,25386,14.33,5,23.23
00955,38971,532431,29.25,69,155806,24.6,27,18.37
00956,3256,34130,23.13,6,7901,18.67,4,22.96
00957B,4006,189763,50.9,30,96631,43.69,10,5.97
00958B,4376,121771,23.08,26,28119,15.55,10,10.26
00959B,9352,508336,48.53,78,246836,41.52,21,4.5
00960,8904,55995,16.52,6,9253,13.06,4,39.55
00961,38872,551511,8.72,50,48170,4.15,8,19.24
00962,5970,53920,19.79,9,10679,11.72,3,28.3
00963,4743,109433,30.43,21,33320,25.45,13,10.07
00964,4194,69624,24.77,15,17257,15.77,5,13.86
00965,33389,422492,43.76,43,184974,40.76,23,18.59
00966B,3943,120732,38.59,18,46625,32.82,8,10.27
00967B,2613,179907,71.45,33,128563,63.56,12,4.06
00968B,8323,797511,68.52,95,546680,64.19,38,2.62
00969B,2106,149133,68.94,44,102846,58.8,19,3.87
00970B,5922,382229,60.0,60,229404,53.76,24,4.33
00971,6805,56177,18.15,9,10207,12.65,4,29.53
00972,1660,16672,38.3,4,6388,33.45,2,22.58
009800,19918,284891,24.26,45,69200,19.18,20,17.92
009801,8418,92119,21.38,17,19713,12.8,5,23.96
009802,39485,530495,14.87,53,79018,10.08,13,20.95
009803,20068,190828,16.85,18,32199,14.48,11,25.48
009804,18676,157392,10.16,16,16018,5.81,5,29.47
009805,53530,601316,22.14,72,133280,17.28,23,22.81
009806,1106,13661,57.79,6,7898,43.05,3,17.62
009807,1178,14260,56.2,7,8015,32.81,2,19.57
009808,4384,40011,10.02,4,4014,6.26,2,31.6
009809,2546,30363,30.91,7,9388,25.87,4,22.82
00980A,71000,813230,26.85,55,218501,24.62,24,22.67
00980B,1542,53569,45.83,15,24559,36.45,6,7.6
00980D,3367,100457,39.77,25,39974,30.43,9,7.7
00980T,3254,74918,52.42,10,39291,46.77,3,12.49
009810,1914,19154,34.62,6,6635,22.53,2,23.07
009811,23276,240950,18.56,34,44775,12.7,11,24.84
009812,5921,96382,39.91,22,38480,31.0,9,16.06
009813,24017,336324,23.52,51,79152,17.96,19,19.97
009814,12691,145576,19.09,20,27839,14.57,9,23.05
009815,30464,447670,22.62,59,101350,17.0,19,18.9
009816,916847,12119844,20.43,1434,2477969,14.82,279,19.14
009817,10362,228936,26.55,52,60862,16.61,12,13.12
009818,5180,51152,10.92,2,5590,10.92,2,31.97
009819,52271,606245,15.24,56,92492,11.4,21,25.68
00981A,990415,10411209,25.06,981,2611676,20.87,259,21.27
00981B,15611,1393613,51.0,510,711119,33.91,120,2.08
00981D,8568,495300,43.31,151,214626,28.44,33,3.54
00981T,8024,227761,34.03,65,77557,20.99,19,8.98
009820,38801,1219702,41.27,237,503741,32.08,57,9.25
009821,64339,644340,13.66,52,88158,10.45,17,28.91
009822,6573,97056,9.67,12,9409,3.16,2,24.23
009823,34329,354817,18.73,35,66575,14.37,9,28.28
009824,49208,593347,18.16,78,107903,11.54,15,25.13
009825,5030,161208,20.04,28,32345,11.12,5,9.61
009826,44638,548304,26.11,116,143259,15.93,22,20.46
00982A,181683,2261936,14.29,180,323835,10.51,37,21.21
00982B,766,26400,63.59,6,16792,58.86,4,6.73
00982D,2788,74729,35.9,22,26851,25.63,9,9.78
00982T,1713,17597,36.24,6,6379,22.79,3,27.64
00983A,9815,97186,24.49,15,23825,20.74,9,24.99
00983B,811,26653,58.39,8,15566,49.84,4,7.4
00983D,3961,101697,31.25,34,31798,13.38,6,7.5
00984A,64286,653958,15.57,43,101955,12.99,18,26.09
00984B,3639,123933,34.37,28,42606,26.64,11,6.94
00984D,10614,771557,45.1,249,348150,30.49,72,2.88
00985A,46583,457289,16.35,39,74793,13.26,15,26.46
00985B,8098,603001,56.97,140,343616,47.02,43,3.31
00985D,2060,93732,60.87,23,57083,47.73,6,5.26
00986A,4832,41327,19.84,7,8207,13.79,3,30.51
00986B,400,22262,80.94,8,18021,70.52,4,3.93
00986D,2339,150677,52.3,42,78831,43.55,22,3.66
00987A,18386,171143,16.68,18,28582,11.68,6,29.9
00987B,2115,71827,55.52,24,39886,39.47,8,7.64
00988A,239903,3399437,22.34,395,760072,16.95,90,17.81
00988B,4932,128833,25.31,34,32629,11.97,8,9.93
00989A,6910,71117,19.52,9,13889,15.08,4,25.31
00989B,2002,63452,33.06,21,20994,15.9,6,9.51
00990A,124701,2468022,35.3,399,871482,27.7,104,13.21
00990B,3114,89350,46.61,19,41658,39.29,9,10.76
00991A,339302,5065916,27.36,504,1387196,23.07,139,17.28
00991B,343,223828,98.64,12,220810,97.93,9,0.33
00992A,187741,2453455,18.9,236,464061,14.54,61,20.86
00993A,48923,754591,16.92,100,127740,10.94,22,18.94
00994A,30779,304190,19.0,32,57864,14.38,8,24.79
00995A,25656,300035,18.12,28,54426,14.63,10,24.95
00996A,24469,319899,20.8,39,66598,15.48,10,22.08
00997A,71517,1218377,19.01,151,231917,13.09,33,17.03
00998A,15916,215109,40.72,23,87634,38.16,13,19.06
00999A,91434,1124017,14.81,87,166683,11.34,24,24.72
01001T,1361,583000,93.27,61,543854,90.1,28,0.5
01002T,3269,1393000,93.67,112,1305093,91.27,61,0.54
01004T,1238,730200,94.05,82,686882,90.4,38,0.31
01007T,1826,720000,92.78,81,668210,89.58,44,0.48
01009T,953,300000,90.3,61,270948,85.47,40,0.63
01010T,853,2308170,98.73,80,2279384,98.03,55,0.04
1101,506904,7523182,56.34,897,4240108,52.35,404,12.8
1101B,7428,200000,94.13,22,188292,91.32,14,2.18
1102,104904,3546563,80.92,337,2870658,78.58,196,6.19
1103,74200,832875,80.42,137,669923,76.78,87,5.82
1104,55984,686682,73.23,111,502957,67.31,45,8.11
1107,3435,10100,99.7,1,10070,99.7,1,0.29
1108,12999,404738,78.7,69,318643,74.84,43,6.45
1109,12113,341159,79.71,71,272013,72.89,36,5.92
1110,5173,572001,94.23,60,539089,91.43,36,0.97
1113O,178,840,0,0,0,0,0,63.21
1113R,381,2129,0,0,0,0,0,30.62
1201,87791,506063,63.76,64,322805,59.16,26,12.39
1203,55220,240000,90.92,50,218261,86.75,35,2.93
1204,3518,18369,45.75,6,8407,31.78,2,19.61
1207,46684,464094,77.28,48,358729,75.3,31,9.48
1210,99814,894767,65.28,131,584246,61.04,69,14.88
1212,30394,174127,44.24,45,77058,35.59,20,17.35
1213,6576,56623,82.33,13,46625,77.04,8,7.16
1215,97429,294790,57.63,34,169961,54.02,18,24.33
1216,142912,5682015,89.71,768,5098336,86.15,452,3.91
1217,138283,494513,61.52,130,304330,54.18,72,14.63
1218,82797,499999,67.15,66,335816,63.21,35,11.69
1219,53012,341238,63.85,77,217914,58.92,51,10.68
1220,47254,177078,67.61,46,119758,60.42,27,10.69
1221,18658,95026,34.19,22,32505,25.86,10,21.97
1224,3612,71910,88.36,20,63549,82.38,13,3.39
1225,43612,242268,89.65,39,217238,87.28,29,3.37
1227,53490,915090,67.43,73,617268,64.48,30,12.78
1228,1583,11130,37.93,5,4224,12.17,1,11.98
1229,104664,1831880,65.75,171,1204783,62.89,82,10.06
1231,35496,298454,64.69,26,193129,63.3,18,16.8
1232,17009,159975,73.5,10,117595,72.05,6,12.78
1233,10257,90592,75.52,27,68441,68.1,15,4.87
1234,24205,401871,83.14,137,334240,74.3,80,5.58
1235,2931,188578,96.32,15,181655,95.38,12,1.1
1236,11765,86674,83.31,23,72221,78.4,18,7.05
1238,2041,29946,11.73,4,3516,8.56,2,21.52
1240,3039,44232,69.69,25,30832,49.16,11,8.22
1256,6255,35781,59.9,10,21440,47.11,3,17.51
1259,16333,32390,77.7,9,25172,71.53,6,8.71
1260,1318,102098,76.4,30,78020,70.62,20,2.05
1264,9170,37052,47.27,16,17524,24.84,5,23.96
1268,3350,42224,78.11,17,32982,72.16,12,8.24
1269,703,20902,77.71,7,16247,72.71,5,3.2
1271,2940,77089,74.1,19,57143,64.42,7,5.82
1293,400,17094,74.31,11,12705,42.38,4,3.14
1294,4479,30572,56.32,13,17225,40.86,6,11.59
1295,3150,34475,56.52,14,19494,44.97,8,15.95
1301,305332,6365741,74.27,577,4729611,71.49,296,9.42
1303,272138,7930822,86.17,695,6834743,83.66,381,4.99
1304,100344,1188764,60.65,109,721386,57.61,49,13.81
1305,72643,581050,51.44,60,298977,47.88,24,16.74
1306,6133,44507,21.34,4,9502,19.41,2,23.57
1307,17978,397818,80.71,61,321179,78.04,43,6.6
1308,76420,593744,52.34,60,310847,49.56,33,16.5
1309,79026,397587,46.42,34,184655,42.4,8,22.19
1310,106065,527870,29.94,89,158185,23.61,32,24.94
1312,135803,1506620,59.14,178,891307,54.87,73,13.57
1312A,1271,20000,54.33,12,10870,21.4,2,13.58
1313,62537,1330846,67.96,163,904677,63.59,69,9.59
1314,308474,3784850,40.2,773,1522124,31.72,245,14.89
1315,5892,99099,81.1,42,80387,71.05,25,6.51
1316,60784,401646,42.94,86,172536,33.23,24,17.18
1319,33289,591477,79.03,99,467527,75.49,63,9.54
1321,3994,227228,70.18,92,159516,53.37,34,2.67
1323,14132,91275,70.5,36,64371,61.15,23,8.47
1324,23468,75122,66.2,20,49744,60.73,13,16.55
1325,36210,85281,47.88,9,40844,44.85,5,27.41
1326,190973,5861186,81.84,512,4797679,79.35,276,6.24
1333,15927,74515,51.19,14,38163,43.03,3,10.99
1336,12255,77614,51.26,23,39800,38.15,6,11.51
1337,52447,268955,47.68,56,128281,38.95,18,14.57
1338,55905,83840,43.69,24,36645,35.48,13,18.86
1339,7246,74124,75.3,16,55830,72.54,13,10.99
1340,61812,152923,34.69,25,53086,28.15,7,19.91
1341,9753,52851,83.7,16,44244,75.97,9,2.56
1342,8803,78001,59.13,15,46136,51.58,5,17.31
1343,1242,40514,66.16,22,26813,42.18,7,5.74
1402,91091,5352875,88.46,427,4735889,86.45,256,3.09
1407,162194,440971,35.27,76,155617,28.85,29,29.76
1407A,4922,67890,53.46,9,36304,52.83,8,18.89
1408,70735,351875,20.69,72,72860,12.53,23,29.38
1409,151652,1618409,63.16,221,1022418,59.4,121,14.05
1410,6657,62000,76.18,19,47247,68.16,11,5.34
1413,8504,132112,75.95,26,100371,69.43,13,5.81
1414,26744,198000,88.52,37,175302,82.91,21,4.71
1416,45636,185342,55.27,37,102466,49.75,21,14.64
1417,55591,189942,58.32,51,110823,48.21,20,16.52
1418,30622,56834,71.49,19,40641,58.94,7,5.43
1419,16944,300041,90.57,71,271786,85.53,48,2.14
1423,18217,99648,83.34,29,83074,74.51,15,4.87
1432,257217,108000,54.91,16,59311,53.42,13,29.92
1434,64940,1684665,71.96,166,1212624,68.61,72,7.79
1435,33151,139780,94.87,24,132620,93.05,19,2.21
1436,14539,194152,76.13,37,147828,72.75,26,9.6
1437,8600,201871,79.63,75,160791,67.25,37,4.82
1438,5040,111206,83.23,29,92575,76.57,18,4.94
1439,4393,92000,85.14,31,78341,75.8,18,4.92
1440,94689,1656816,78.14,273,1295045,73.21,143,6.96
1441,14785,71744,65.0,15,46655,58.35,7,19.74
1442,8646,366211,87.17,108,319280,78.85,64,3.26
1443,15740,135343,89.91,40,121710,81.1,21,2.77
1444,61565,995595,64.06,138,637981,60.02,73,10.77
1445,11882,130666,68.79,40,89909,60.25,21,7.73
1446,8051,137710,65.88,29,90761,61.86,19,8.86
1447,43741,910071,69.93,126,636539,65.79,66,10.38
1449,45597,127115,38.37,27,48789,32.33,15,24.13
1450,15133,78973,25.78,14,20375,21.0,8,25.49
1451,16786,198000,63.85,41,126476,56.63,15,10.91
1452,47091,132641,49.12,40,65187,38.1,18,15.23
1453,14095,113243,75.65,18,85693,73.7,14,12.39
1454,13791,129834,81.71,35,106114,77.53,27,6.48
1455,35203,531688,66.93,79,355978,62.97,43,11.78
1456,4557,93720,85.7,15,80333,80.87,8,3.33
1457,16632,316730,74.77,70,236897,68.58,39,6.69
1458,21164,260752,59.76,59,155873,51.04,23,13.67
1459,12472,268972,83.94,61,225817,78.06,36,4.9
1460,24115,694643,71.94,123,499918,65.23,51,6.36
1462,61151,299950,46.37,98,139155,34.45,37,16.06
1463,33461,173268,81.46,41,141184,74.94,20,5.12
1464,63425,425576,61.64,88,262472,54.39,38,9.92
1465,10233,103607,72.66,38,75298,62.37,22,10.09
1466,21846,111157,68.12,33,75742,62.03,23,10.78
1467,17953,233625,67.13,45,156865,59.29,17,10.27
1468,1328,160405,97.54,18,156489,96.81,16,0.42
1469,336,87218,92.35,28,80568,87.63,21,0.17
1470,1208,85767,87.18,36,74789,70.2,13,0.72
1471,56444,150415,22.63,24,34053,17.01,8,29.93
1472,3603,52488,81.23,17,42650,69.84,7,2.58
1473,12629,146154,71.73,30,104878,69.22,24,9.95
1474,16407,129897,59.44,32,77221,53.02,17,13.41
1475,2301,66017,76.27,16,50371,68.98,8,4.35
1476,18923,274367,81.1,79,222525,74.12,47,6.25
1477,28157,246694,63.93,84,157739,52.3,41,14.13
1480,365,416085,98.22,60,408728,94.47,37,0.16
1491,1719,54818,59.65,24,32708,46.3,13,3.37
1492R,86,526,0,0,0,0,0,36.14
1503,80206,520972,73.27,65,381810,70.65,43,14.42
1504,206200,2376441,70.03,226,1664556,67.3,119,14.69
1506,21391,300389,77.23,46,232032,71.34,16,4.23
1512,20014,98183,53.93,19,52964,47.84,8,9.47
1513,158280,503113,46.15,82,232308,41.08,42,35.48
1514,99450,273108,40.9,59,111760,32.75,24,36.56
1515,23524,181474,50.54,36,91761,42.08,13,20.1
1516,44972,40008,64.82,15,25938,58.69,11,11.83
1517,46337,220000,49.14,31,108131,45.07,16,22.16
1519,85275,315881,73.06,76,230850,65.75,41,14.14
1521,23490,76230,68.06,12,51894,66.44,10,13.41
1522,30415,312898,57.45,50,179808,52.4,24,19.95
1522A,1426,30000,89.08,10,26728,81.87,7,4.25
1524,45731,165310,37.79,19,62506,35.45,12,31.25
1525,3229,73400,88.53,8,64989,86.59,6,5.52
1526,52418,60000,38.08,12,22851,29.94,3,24.44
1527,64467,138571,32.65,21,45263,28.42,11,28.88
1528,91059,191331,30.16,12,57713,27.74,4,38.29
1529,28451,155095,45.5,22,70600,41.06,11,25.32
1530,10837,94594,75.97,15,71874,70.06,6,11.13
1531,12827,182108,64.27,53,117084,54.09,21,9.31
1532,19671,422604,66.22,105,279915,58.54,52,8.54
1533,9917,98547,63.75,36,62838,52.11,18,17.2
1534,4103,67733,46.92,19,31799,35.3,7,13.12
1535,9907,123743,75.63,10,93592,75.21,9,11.22
1536,83529,278960,34.75,55,97010,27.99,25,30.9
1537,15564,82063,51.73,25,42472,42.7,14,23.71
1538,7628,32300,78.45,7,25345,70.77,3,6.69
1539,5331,65370,61.04,11,39906,60.41,10,15.86
1540,41048,85474,34.57,21,29560,23.21,5,31.86
1541,2454,78800,83.76,15,66023,79.46,10,4.77
1557,113,1722,30.57,1,527,0,0,13.88
1558,27980,64536,36.26,29,23415,14.14,7,23.97
1560,24617,151279,65.21,64,98689,49.64,28,11.86
1563,38872,225608,48.96,70,110529,37.91,30,11.79
1565,37493,50417,17.25,11,8709,8.4,3,38.33
1568,9684,103087,64.94,31,66979,57.18,18,13.03
1569,24352,144247,52.31,36,75487,44.1,15,14.58
1570,34846,51501,55.91,12,28810,44.49,2,11.6
1580,27620,49339,38.65,14,19078,29.88,8,26.3
1582,66649,144269,30.32,24,43759,25.66,12,35.42
1583,2483,109400,91.25,17,99839,89.51,14,3.01
1584,56371,232471,40.77,35,94820,36.39,18,22.31
1585,934,57700,65.76,32,37958,46.04,12,3.13
1586,12252,131849,72.86,51,96099,60.98,25,8.64
1587,12010,80056,45.36,19,36326,37.89,8,20.61
1589,43144,153136,28.35,30,43464,21.0,11,25.0
1590,5975,200000,72.5,104,145057,52.3,36,1.62
1591,32105,38048,20.31,9,7735,8.04,1,21.27
1592,6282,110978,26.44,25,29356,18.1,8,15.25
1593,3327,39785,50.05,18,19914,35.43,9,13.95
1594,660,33220,82.82,12,27515,75.4,8,3.35
1595,9212,55725,46.65,22,26007,33.81,11,17.99
1597,18734,89262,53.18,36,47492,36.89,15,25.62
1598,10717,179142,60.25,48,107978,53.01,29,11.66
1599,11881,73029,65.12,21,47568,57.0,12,17.12
1601,16655,106265,11.55,13,12290,6.28,3,25.96
1602,274094,386462,12.15,26,47056,9.56,9,58.28
1603,13693,191688,72.44,29,138903,69.14,20,12.83
1604,101890,384200,57.97,70,222794,52.36,35,17.22
1605,256111,4431333,74.99,370,3323900,72.6,198,10.29
1606,77518,769902,15.86,119,122300,9.47,31,24.54
1608,50841,632774,65.56,57,414939,62.47,26,15.81
1609,197640,785262,32.32,109,253960,28.59,58,31.02
1611,87035,322736,53.33,82,172174,44.47,34,20.31
1612,38217,316080,60.1,62,190032,54.72,32,17.86
1613,22770,227418,57.74,67,131336,47.38,28,9.99
1614,4225,269113,82.76,83,222782,75.42,51,2.24
1615,8782,198630,80.44,34,159822,76.82,22,6.57
1616,14848,194149,59.45,25,115465,55.92,15,15.98
1617,11765,169515,75.66,38,128287,69.12,22,9.92
1618,22510,192692,57.5,29,110849,53.26,15,21.62
1623,6081,66000,76.99,13,50823,73.47,9,11.29
1626,9951,149822,69.25,48,103771,60.15,27,8.86
1702,64150,294133,57.52,29,169247,54.85,16,19.91
1707,68491,148137,52.11,50,77213,42.74,28,22.32
1708,85940,249002,39.57,43,98568,33.88,21,33.74
1709,40205,477016,70.21,130,335038,60.51,56,9.47
1710,61187,885703,61.07,133,541031,55.72,59,12.44
1711,99956,547752,43.76,82,239831,39.12,40,25.31
1712,82463,420493,56.67,124,238439,46.79,58,14.85
1713,23626,150952,73.57,29,111094,66.61,11,7.36
1714,108964,991825,53.07,144,526517,48.1,60,16.38
1717,99552,1184245,67.01,235,793859,61.02,120,14.16
1718,196825,1685906,50.67,212,854537,45.84,77,17.89
1720,15497,178696,65.49,32,117074,59.76,15,14.27
1721,68116,184884,37.17,31,68750,31.59,14,28.32
1722,122134,980000,64.78,155,635027,59.05,67,12.15
1723,62810,236904,52.51,39,124433,47.16,16,21.66
1725,3694,181830,94.21,19,171334,93.1,16,2.77
1726,9535,162000,85.52,28,138553,83.65,23,4.83
1727,23428,128020,54.13,23,69319,48.71,12,26.57
1729,4209,180688,91.39,47,165189,85.84,32,3.55
1730,10117,63234,57.3,11,36241,53.73,8,25.46
1731,18527,132915,55.68,15,74024,51.75,7,15.09
1732,37969,42444,46.4,5,19696,44.13,4,28.21
1733,38394,99950,42.57,17,42566,33.0,5,20.6
1734,70539,190197,49.43,43,94053,41.31,18,18.52
1735,8429,99388,78.38,12,77903,77.78,11,9.77
1736,7721,303395,88.69,46,269127,83.51,23,3.17
1737,74483,200000,62.7,25,125436,59.2,13,17.77
1742,11347,92671,80.66,27,74767,71.94,14,4.3
1748,709,14304,39.61,3,5668,36.48,2,16.91
1748R,105,529,0,0,0,0,0,61.98
1752,8226,100988,64.13,22,64789,57.55,12,15.63
1760,38887,85739,42.89,22,36796,33.85,8,25.93
1762,53977,76918,45.85,16,35282,36.1,5,21.73
1773,16049,300000,74.68,58,224109,68.41,27,7.58
1776,3269,60107,65.8,32,39564,44.14,13,9.04
1777,3344,44592,59.78,9,26668,54.04,5,11.78
1780,2771,109075,77.46,44,84509,62.22,19,4.57
1781,35688,47408,44.76,22,21226,23.54,6,21.92
1783,38140,89698,64.21,20,57608,55.92,7,10.55
1784,34526,53121,27.87,14,14815,18.13,6,25.46
1785,129567,595980,44.02,108,262409,38.64,56,26.71
1786,44643,74828,52.5,26,39299,45.65,17,17.19
1788,7744,44521,49.86,15,22206,40.1,8,23.22
1789,24768,790739,76.95,55,608654,74.59,23,6.24
1794,131,1322,0,0,0,0,0,16.46
1795,41074,266874,57.21,30,152711,52.47,10,21.88
1796,7619,41460,55.72,12,23115,45.18,5,8.46
1799,19042,248776,66.28,22,164950,64.06,12,10.65
1802,206566,2908061,75.8,158,2205280,74.16,81,13.24
1805,9410,134970,77.81,39,105049,70.39,23,4.95
1806,24719,390404,74.49,60,290883,70.58,35,9.67
1807,7555,114399,47.36,37,54195,38.2,20,12.55
1808,28016,893032,80.47,95,718814,78.31,63,6.66
1809,54312,167042,47.66,31,79640,42.5,17,31.24
1810,23586,302304,63.8,74,192940,58.48,47,16.47
1813,9093,46636,47.49,16,22157,33.67,5,23.24
1814,451,18982,78.82,12,14966,53.7,5,4.45
1815,175696,585479,33.16,68,194209,30.44,44,38.7
1816,901,24515,94.8,2,23242,91.94,1,1.83
1817,4571,72600,65.01,26,47202,58.37,17,11.53
1818,135,11635,75.49,7,8785,63.87,5,1.46
1819,136,33504,84.42,17,28292,65.69,9,0.51
1903,21002,260039,81.19,66,211183,74.89,41,4.09
1904,326852,1108275,67.8,145,751644,63.41,72,13.0
1905,72246,1102835,71.7,71,790848,69.43,28,13.28
1906,12579,151000,74.46,26,112467,70.26,17,10.83
1907,82801,1660371,85.28,209,1416281,81.92,119,5.17
1909,83730,1327686,67.6,166,897773,63.41,75,8.45
1918,30857,241314,20.6,26,49784,17.62,15,31.75
2002,1324182,15734861,53.12,1473,8361015,49.45,468,16.05
2002A,5386,38268,22.09,10,8460,11.04,3,28.36
2006,59011,730214,81.41,156,594591,75.02,87,7.57
2007,27741,530652,76.76,14,407447,75.66,4,9.09
2008,7522,190852,92.46,18,176497,91.13,14,3.18
2009,47913,359622,58.44,21,210198,56.39,9,24.72
2010,34937,647655,69.32,121,449102,64.99,74,10.38
2012,44549,302163,83.89,79,253569,74.58,33,4.99
2013,44074,200000,79.41,24,158865,77.25,17,11.22
2014,173926,1435544,50.81,101,729718,47.87,34,19.91
2015,11717,581599,88.12,151,512626,82.11,93,2.83
2017,40938,446875,62.28,68,278455,57.69,33,12.86
2020,59924,267031,50.52,51,134967,44.78,29,16.96
2022,62503,337168,40.37,33,136200,37.14,15,21.91
2023,102171,1841240,79.35,118,1461514,77.62,65,7.08
2024,50464,97500,83.02,13,80955,80.78,9,6.95
2025,30454,172661,62.47,28,107902,59.37,19,11.61
2027,107622,2584261,77.72,362,2009044,73.97,202,7.09
2028,21484,325715,83.4,39,271719,81.24,28,6.39
2029,14344,321180,71.78,25,230593,68.39,6,8.75
2030,56144,280526,52.03,50,146001,46.96,27,19.32
2031,65807,321146,57.95,60,186160,53.09,35,16.82
2032,12286,130522,59.29,43,77421,48.83,20,18.02
2033,4793,80695,76.57,34,61802,61.6,16,7.52
2034,38601,528996,49.94,103,264226,43.56,45,16.04
2035,20798,350000,96.7,23,338497,96.23,21,0.64
2038,25708,194134,53.96,27,104777,49.33,13,17.28
2049,62558,353792,71.63,110,253497,61.77,54,12.68
2052R,5559,9170,10.19,2,935,0,0,49.54
2056,254,105000,93.38,44,98068,85.71,33,0.43
2058,37144,305357,25.91,63,79202,18.43,22,17.07
2059,24779,95297,66.24,33,63141,55.88,16,4.98
2060,135,35739,87.22,4,31173,87.22,4,0.33
2061,11588,57378,48.25,23,27698,31.09,7,15.0
2062,11494,199994,61.45,38,122933,54.85,15,12.73
2063,3369,48101,53.22,19,25607,37.43,7,12.67
2064,1626,69330,83.06,30,57597,72.44,16,4.48
2065,49419,63517,52.14,17,33128,43.12,9,19.14
2066,3043,44450,68.34,19,30388,53.56,8,11.03
2067,2234,45138,56.5,12,25510,49.07,6,10.16
2069,9253,166387,63.07,46,104979,53.5,20,12.64
2070,5598,41783,61.84,19,25850,47.35,8,21.29
2071,932,69046,85.09,25,58757,73.65,12,2.07
2072,9740,192000,74.83,26,143733,71.37,15,7.91
2073,633,27500,75.2,15,20683,51.59,6,3.26
2101,36372,733935,65.97,135,484389,59.96,60,8.5
2102,79228,473329,81.44,67,385568,77.45,37,5.56
2103,83230,825710,58.97,122,487133,54.47,57,11.84
2104,108078,984734,45.08,203,444115,36.87,71,12.41
2105,81126,3241416,80.9,312,2622566,78.01,160,5.74
2106,32968,954890,80.55,169,769317,75.27,85,5.17
2107,48166,303593,63.91,73,194107,58.1,43,13.68
2108,53349,492417,71.16,96,350521,65.6,55,11.4
2109,35135,279349,74.65,71,208578,66.71,35,5.79
2114,5380,77992,65.28,18,50926,59.03,9,11.0
2115,3700,104373,70.76,37,73880,58.66,17,5.92
2201,91058,1070001,64.43,113,689567,60.44,48,13.31
2204,42707,553620,73.51,62,407108,70.24,34,11.89
2206,68573,773676,85.08,102,658363,81.36,60,6.13
2207,13762,557103,89.75,115,500082,83.11,53,1.54
2208,123234,1274539,55.35,145,705765,50.49,44,15.01
2211,24339,417091,81.7,57,340831,77.88,33,7.02
2221,3117,42325,66.11,5,27987,64.71,4,12.45
2227,7541,300000,93.51,11,280532,93.27,10,3.55
2228,9875,79780,56.46,14,45056,53.88,10,20.96
2229,59,1462,41.04,1,600,0,0,7.78
2230,11115,68030,46.48,26,31637,33.48,13,15.77
2231,13576,135932,66.33,30,90195,62.23,19,14.8
2233,38254,60289,46.06,15,27781,34.19,4,25.42
2235,1372,35878,83.9,12,30107,76.08,8,6.66
2236,3316,63517,72.28,22,45923,63.08,12,6.59
2237,3719,128938,77.51,24,99961,70.64,8,5.0
2239,2741,117713,79.88,17,94060,77.26,12,4.39
2241,28810,104602,43.26,35,45285,31.43,13,16.49
2243,2814,77374,68.25,35,52816,54.85,17,6.52
2245,493,32400,79.04,11,25613,66.91,5,2.69
2246,2884,42613,68.53,3,29213,65.07,1,9.19
2247,8063,80711,76.68,14,61904,72.7,8,10.0
2248,978,47600,78.28,16,37272,69.67,10,3.21
2249,1215,25538,70.44,13,17998,54.36,6,7.4
2250,9377,36388,51.35,4,18688,48.97,3,21.0
2252,1887,106618,80.07,19,85389,74.32,9,3.73
2254,2642,63908,92.89,15,59379,87.89,10,1.4
2255,1932,60932,80.01,19,48757,73.53,11,4.36
2256,2261,39024,58.78,16,22945,44.75,6,10.74
2258,8976,1751341,93.89,54,1644750,92.86,26,1.12
2301,179528,2316108,81.57,449,1889621,76.3,264,9.03
2302,24559,166303,61.93,18,103010,58.19,8,21.54
2303,1028491,12576985,73.54,1186,9250714,70.89,663,12.98
2305,23342,205661,63.7,24,131040,59.51,10,16.09
2308,587209,2597543,80.9,563,2102158,74.33,285,7.91
2312,203439,1505972,48.84,210,735777,44.59,104,24.3
2313,300909,1233821,58.46,209,721406,53.79,117,26.41
2314,53302,108596,11.47,14,12469,5.51,3,44.16
2316,60734,182741,64.98,44,118773,58.85,25,19.87
2317,1136144,14075746,69.75,1440,9821252,67.03,824,12.98
2318,28558,106030,26.97,15,28618,22.77,7,30.03
2321,14629,30272,71.28,3,21581,71.28,3,14.24
2323,135625,1089348,45.63,202,497359,38.88,82,17.69
2324,313072,4407147,65.75,592,2898479,62.0,325,15.48
2326,48312,40340,12.65,6,5116,6.47,2,45.77
2327,541400,2058731,70.66,353,1455382,65.98,199,15.73
2328,119690,518346,40.43,58,209634,36.41,27,30.82
2329,129713,658948,50.21,66,331019,46.8,28,26.04
2330,3055624,25932370,87.49,2624,22692101,84.74,1480,5.89
2331,56941,557403,58.97,69,328785,54.15,21,18.05
2332,104527,602170,36.87,103,222161,31.79,49,23.26
2333,87718,277761,28.98,56,80545,20.31,18,32.86
2335,6032,49503,35.56,13,17615,25.37,4,20.03
2337,486943,1986039,43.02,300,854826,38.04,136,32.23
2338,81131,366849,47.0,53,172457,41.75,25,25.21
2340,110511,438623,37.37,53,163993,32.89,22,27.4
2341,23865,6852,86.94,1,5957,86.94,1,8.91
2342,142425,157475,37.44,12,58985,34.91,6,38.23
2344,567956,4720491,68.96,464,3256347,66.07,243,16.93
2345,78443,561118,71.02,227,398650,56.74,98,4.79
2347,38991,1667947,89.14,253,1487130,85.63,158,3.97
2348,24677,151899,68.87,29,104637,65.46,20,14.28
2348A,2680,30000,65.83,6,19753,55.71,2,7.22
2349,143941,693680,28.99,118,201264,22.4,43,26.94
2351,25946,194931,71.84,71,140083,60.76,38,13.97
2352,193854,1580507,48.26,202,763095,43.28,74,19.74
2353,395701,3047854,37.27,361,1136921,33.07,152,25.75
2354,191389,1414485,47.91,125,677830,45.0,61,26.67
2355,77632,397495,40.16,94,159717,33.5,49,30.34
2356,249475,3587475,74.45,384,2672026,71.3,203,13.36
2357,115699,742760,74.58,220,554180,64.1,100,10.71
2358,39754,136623,27.79,17,37989,23.45,7,27.36
2359,56762,171471,54.64,43,93726,46.37,23,27.93
2360,31464,425246,70.67,190,300630,53.35,73,3.02
2361,19315,46544,52.96,6,24655,47.23,2,20.72
2362,32080,622263,80.78,113,502810,77.29,78,7.94
2363,129945,514988,35.71,60,183999,31.47,26,34.06
2364,55670,52389,56.68,12,29701,51.35,7,20.3
2365,99165,221528,23.18,29,51407,18.29,12,44.74
2367,193701,706253,28.17,80,199099,25.06,43,42.0
2368,100207,529931,77.6,137,411327,68.16,57,8.54
2369,127778,380102,32.46,55,123439,27.89,27,37.07
2371,271688,2150835,47.47,285,1021546,42.91,125,19.64
2373,14209,236203,87.27,27,206182,86.21,23,6.93
2374,105033,337992,27.67,43,93589,23.34,21,37.98
2375,75476,108675,31.1,27,33812,18.54,6,49.94
2376,91906,669889,73.31,167,491272,65.32,82,13.25
2377,93659,844856,70.22,183,593423,63.63,99,15.37
2378,17786,141056,33.75,25,47633,26.93,9,20.35
2379,85249,515513,74.5,211,384163,59.63,90,6.44
2380,23186,60000,36.6,9,21966,32.76,5,32.31
2381,2567,119,0,0,0,0,0,32.57
2382,286890,4107627,84.86,503,3486332,81.41,283,8.15
2383,92731,358321,69.38,137,248691,57.15,64,5.68
2384,157989,2047778,28.0,329,573817,20.92,96,18.9
2385,51433,765721,74.05,173,567163,68.01,98,11.17
2387,17038,195251,58.05,30,113376,52.3,13,17.91
2388,53811,556438,71.58,76,398452,67.46,41,14.11
2390,62098,192619,39.43,25,75975,34.31,9,26.55
2392,66544,512327,49.18,63,252062,44.41,25,23.85
2393,51697,443393,67.37,123,298795,60.3,74,14.16
2395,34063,869156,85.78,205,745713,77.95,92,3.0
2396,56604,1276356,45.51,239,581242,37.07,63,10.89
2397,9316,114489,68.93,17,78935,64.53,10,13.68
2398,38442,413078,36.55,47,151047,32.63,20,19.19
2399,54348,178100,32.47,34,57866,25.76,17,36.81
2401,131159,591995,42.6,98,252360,36.94,43,25.18
2402,83238,307537,37.78,49,116244,32.79,23,33.55
2404,66798,190587,53.07,69,101172,40.26,30,18.5
2405,97231,343427,24.87,48,85471,19.28,16,30.75
2406,115985,350906,26.73,58,93855,19.83,22,36.81
2407,48691,734874,37.86,178,278373,27.87,56,11.92
2408,310234,3450206,84.61,276,2920021,82.52,156,7.73
2409,672349,7547099,46.36,915,3500607,41.69,333,18.95
2410,12551,160010,36.34,51,58180,23.7,16,11.17
2412,306006,7757447,79.12,526,6140094,77.32,298,6.87
2413,25677,127359,58.32,29,74298,51.48,15,23.0
2414,15834,161736,58.98,44,95427,49.14,18,14.29
2415,8911,90000,63.39,20,57066,58.6,12,16.88
2417,61930,157219,41.88,19,65867,39.64,13,32.54
2418,64488,1023320,47.78,137,489123,42.13,39,12.99
2419,37640,321317,65.13,15,209319,63.35,4,17.67
2420,38688,152649,49.44,38,75490,40.25,16,20.7
2421,59288,286944,58.83,96,168855,48.22,44,19.51
2423,6248,145047,75.82,33,110003,69.53,17,6.14
2424,4345,59585,80.85,6,48185,79.18,5,7.51
2425,41068,96499,45.93,22,44338,36.35,7,29.05
2426,103722,300622,42.68,54,128401,37.4,30,27.81
2427,22019,198000,53.5,15,105976,49.77,4,21.57
2428,17285,128113,62.83,37,80528,50.9,13,16.46
2429,27369,85500,48.39,14,41386,42.61,7,23.2
2430,38120,116800,63.17,24,73820,56.76,11,15.57
2431,51872,110927,41.89,16,46487,35.91,4,23.59
2432,1259,61860,77.4,9,47892,72.89,4,4.6
2433,7915,144496,78.97,18,114122,77.79,14,10.33
2434,5617,37000,78.19,3,28934,74.38,1,12.28
2435,8973,74737,32.31,10,24162,28.39,4,21.87
2436,72709,215150,28.89,43,62209,23.0,23,39.52
2438,26242,71196,58.54,21,41687,49.52,12,15.33
2439,71324,253645,33.42,58,84809,24.39,22,34.0
2440,8712,139117,70.58,27,98199,67.57,19,10.4
2441,59340,568846,69.41,88,394899,64.57,45,16.54
2442,48648,325232,57.61,64,187400,49.33,23,11.69
2443,30670,150909,55.25,45,83395,45.97,24,12.89
2444,36078,101570,27.37,21,27829,18.05,5,22.5
2445,6214,48163,15.7,7,7570,12.45,4,26.56
2449,251789,1222745,61.0,263,746217,54.83,142,21.87
2450,17519,258253,77.19,19,199420,75.97,14,11.26
2451,43591,431346,71.96,62,310474,66.11,25,12.79
2453,25512,100000,46.87,14,46886,40.29,4,28.24
2454,597652,1603895,74.13,495,1189272,64.02,234,8.14
2455,68722,187817,51.78,72,97291,37.48,30,23.97
2457,112471,424772,29.98,58,127431,24.87,22,30.68
2458,61955,303880,58.95,87,179198,49.25,41,20.17
2459,15209,105596,53.0,32,55988,41.95,11,14.41
2460,44826,169200,58.14,20,98402,53.68,7,15.93
2461,50370,191888,44.48,53,85391,36.11,26,17.93
2462,26219,150784,55.79,35,84158,50.29,21,17.06
2464,85747,218869,50.84,48,111324,45.51,29,26.81
2465,47118,93946,45.43,21,42699,35.85,6,24.8
2466,4696,173459,88.96,51,154345,82.97,35,3.83
2467,48010,161643,68.9,53,111398,60.4,32,12.87
2468,10699,69961,51.69,4,36178,50.02,2,27.32
2471,36739,47254,24.2,16,11446,6.74,1,41.54
2472,37212,164735,59.43,46,97929,50.05,22,25.28
2474,57542,538821,69.63,92,375298,65.45,59,15.38
2475,226720,6479454,71.14,1104,4610973,64.56,430,6.13
2476,19152,220052,67.55,59,148681,61.02,35,11.96
2477,9572,158573,73.58,40,116722,67.0,23,10.5
2478,59303,144731,56.9,54,82378,44.0,22,24.08
2479,13071,37738,32.39,6,12232,25.61,1,31.65
2480,42043,106360,30.74,34,32708,17.9,11,26.61
2481,97338,382115,60.08,74,229644,55.76,50,25.96
2482,38617,77883,40.71,13,31715,35.02,6,29.45
2483,9384,107890,64.32,28,69414,58.43,18,14.7
2484,88878,159421,26.84,33,42825,19.83,15,46.73
2485,139099,317689,22.67,35,72080,19.53,18,48.25
2486,82211,240738,39.79,53,95828,32.02,26,27.68
2488,40532,79999,52.81,25,42260,44.28,13,17.92
2489,130698,610000,28.9,79,176400,24.43,35,36.13
2490,15425,162943,21.4,30,34900,15.4,12,21.73
2491,12888,82008,73.46,24,60260,64.99,14,10.47
2492,98636,485205,69.11,76,335453,64.84,42,19.5
2493,45535,126797,52.68,37,66814,43.09,18,21.79
2494,10292,41493,81.47,10,33812,73.05,5,9.76
2495,38608,273552,50.27,45,137553,44.72,21,23.33
2496,4217,19100,49.57,9,9470,35.07,4,18.35
2497,11958,130888,66.18,34,86657,58.48,18,15.63
2498,164344,836147,39.54,143,330808,34.34,71,26.5
2499,47843,461172,44.17,81,203768,37.96,35,15.36
2501,44402,1159561,77.67,159,900826,72.9,74,7.43
2504,90012,1180000,75.0,203,885232,69.9,107,7.1
2505,23942,380000,79.61,68,302610,75.04,39,6.34
2506,65665,387000,77.09,74,298438,72.17,44,8.73
2509,16684,224551,69.82,45,156844,63.89,23,10.19
2511,46417,1623326,80.6,296,1308717,75.08,149,3.76
2512,43950,490214,34.21,96,167810,25.05,22,14.75
2514,17756,394729,88.03,51,347582,84.81,31,3.75
2515,139952,1607904,60.74,306,976858,53.46,116,10.07
2516,49177,226278,72.73,63,164624,64.75,37,7.07
2520,78064,609487,73.18,99,446218,69.28,59,9.22
2521,25322,319616,35.25,57,112767,25.84,11,15.89
2523,14052,228249,44.69,58,102027,35.96,25,12.22
2524,7631,365984,93.18,37,341128,91.56,27,2.37
2525,52582,650729,31.77,172,206823,20.33,50,15.1
2527,7658,270306,81.46,37,220265,75.69,12,4.76
2528,8360,435996,84.45,88,368334,78.97,48,2.86
2530,31061,841256,85.84,144,722342,81.57,89,2.33
2533,14056,153016,38.29,37,58615,26.09,7,17.05
2534,63283,474228,72.59,113,344329,65.52,61,7.71
2535,63354,270794,61.25,66,165923,54.72,34,14.94
2536,8448,332809,78.52,87,261403,69.64,43,4.13
2537,43895,300558,59.98,72,180326,51.46,32,12.46
2538,28675,445025,74.63,130,332194,66.43,71,4.64
2539,19800,1193103,87.01,122,1038335,84.63,74,2.99
2540,18323,944874,90.83,80,858398,89.03,54,2.94
2542,107591,2153084,65.14,239,1402985,61.56,113,10.28
2543,32484,528542,71.9,79,380093,67.34,39,9.24
2545,16582,379735,76.54,42,290708,73.88,25,8.51
2546,53261,130524,62.11,19,81093,58.8,11,14.39
2547,74664,1035095,70.93,190,734392,63.98,80,5.89
2548,40723,335705,49.81,98,167306,39.95,45,18.68
2553,19304,81658,18.88,13,15437,11.12,4,33.82
2566,325,2416,0,0,0,0,0,31.89
2569,61,11552,83.38,2,9634,74.73,1,0.61
2591,80,817,0,0,0,0,0,18.25
2592,57,10494,90.43,4,9490,82.1,3,1.35
2596,3283,100000,71.87,28,71893,61.77,14,5.77
2597,13249,310716,81.54,42,253403,78.12,25,5.33
2599,1378,98524,66.02,41,65056,51.78,16,2.09
2601,112490,824776,32.01,104,264219,26.84,35,22.98
2603,294299,2165043,72.51,352,1570321,67.45,183,13.8
2605,103975,585353,55.35,108,324108,49.93,54,18.82
2606,50939,845056,75.87,108,641254,73.21,71,11.06
2607,39504,533571,77.43,86,413245,70.56,32,8.84
2608,51985,467000,76.58,68,357698,71.83,34,10.62
2609,381471,3492104,57.72,331,2016711,54.73,160,21.89
2610,247682,6144989,72.72,551,4469871,69.81,260,9.43
2611,50449,189002,47.98,27,90736,43.38,12,21.73
2612,37588,197485,73.69,16,145564,69.49,4,11.08
2613,39923,148423,56.12,28,83336,49.48,11,20.83
2614,100960,327265,47.35,44,155012,43.2,22,23.0
2615,104648,2806146,87.46,282,2454717,84.88,167,5.86
2616,214269,137282,44.74,17,61439,41.0,9,30.11
2617,29013,417294,62.82,61,262227,57.89,25,15.15
2618,203203,5400444,81.54,654,4405007,78.36,378,6.74
2626,296,2885,0,0,0,0,0,25.25
2630,22948,209438,64.91,13,135985,62.46,5,19.89
2633,105553,5628293,86.74,296,4883200,84.98,138,4.21
2634,109206,941867,51.89,79,488982,49.58,42,21.81
2636,55681,141835,42.35,34,60104,34.84,17,29.1
2637,25009,746409,83.26,140,621598,78.55,85,5.53
2639,1106,99999,99.01,2,99010,99.01,2,0.48
2640,3541,59265,73.76,25,43729,58.31,11,6.48
2641,80008,330334,28.63,46,94632,23.12,14,28.35
2642,19725,95467,60.38,7,57646,60.38,7,27.08
2643,4296,35000,64.03,9,22412,58.85,7,17.69
2644,2504,82952,80.37,36,66682,72.84,27,3.92
2645,25213,374571,84.37,36,316098,80.82,16,7.59
2646,242312,3008735,65.4,140,1968405,63.66,53,16.24
2701,14807,449968,86.55,39,389539,84.5,24,3.65
2702,12423,156613,73.71,18,115461,72.55,15,9.54
2704,30567,366923,88.43,72,324557,83.45,43,3.14
2705,83151,191313,66.5,43,127262,59.85,23,14.06
2706,16149,499998,85.56,59,427865,81.4,25,3.62
2707,18081,127403,60.88,17,77590,54.75,4,19.73
2712,2023,105000,90.8,19,95352,86.86,13,3.46
2714,3937,1138,0,0,0,0,0,87.11
2718,2610,87576,88.24,16,77286,88.24,16,3.47
2719,3309,69182,91.02,4,62977,89.53,2,5.18
2720,2751,80000,61.03,27,48837,48.9,12,3.59
2722,4944,143170,87.19,31,124863,82.43,21,4.94
2723,9563,180000,68.2,36,122800,62.17,19,9.65
2724,1034,59656,83.68,10,49926,79.45,5,1.78
2726,2483,37922,65.25,16,24756,49.84,7,8.94
2727,149310,82940,38.88,34,32261,18.58,8,26.26
2729,6247,43041,67.12,13,28899,59.95,8,16.05
2730,2322,37215,86.67,2,32256,86.67,2,2.97
2731,30705,93278,42.42,21,39591,33.73,9,29.42
2732,6076,46519,59.1,19,27494,54.15,14,20.52
2733,682,24598,77.51,8,19069,75.36,7,4.55
2734,28745,57260,37.74,12,21615,31.34,6,25.11
2736,6352,79972,55.95,17,44764,46.33,7,14.34
2738,57,67381,97.88,6,65966,94.86,3,0.02
2739,5505,91526,73.6,20,67382,68.0,12,10.51
2740,2914,16762,72.53,2,12158,72.53,2,2.84
2741,1744,22588,65.14,8,14720,49.05,3,12.49
2743,6746,46815,52.86,8,24755,50.27,6,24.29
2745,5261,33809,51.28,5,17339,51.28,5,24.8
2748,9690,105779,60.94,5,64480,58.44,1,17.23
2749,248,20800,75.15,16,15634,33.27,2,2.43
2750,180,60000,98.53,18,59126,88.06,10,0.13
2751,1565,19835,60.34,1,11970,60.34,1,11.26
2752,2579,26694,63.69,16,17006,40.7,6,8.95
2753,11916,66645,54.46,19,36310,43.54,8,17.15
2754,4408,46907,73.07,6,34281,66.51,1,11.94
2755,3662,37630,63.37,12,23853,59.22,9,11.28
2756,1631,24598,71.57,13,17610,53.58,6,8.93
2758,7465,20486,73.57,13,15075,46.27,6,8.08
2760,174,13000,88.35,6,11487,84.01,5,1.07
2761,665,17337,57.68,9,10005,46.12,6,5.93
2762,6062,112500,86.28,23,97094,80.89,13,5.09
2801,272840,11766046,77.46,1287,9116574,73.71,566,3.98
2807,7188,3164,0,0,0,0,0,75.78
2811,52275,292500,34.46,66,100851,26.34,28,22.94
2812,246099,6021626,58.7,765,3536011,53.62,244,7.38
2816,10818,223608,79.88,32,178663,74.87,13,4.86
2820,73863,1342960,65.77,146,883647,62.18,64,8.05
2825,9451,12554,5.69,1,714,0,0,59.93
2827,30319,129587,36.74,31,47637,29.69,16,20.49
2831,42091,1192675,62.05,167,740350,57.19,70,7.68
2832,19352,253540,69.4,51,176014,62.92,24,7.64
2834,388045,9718062,61.03,1348,5932856,55.49,449,6.88
2836,35341,1839917,85.36,171,1571106,82.52,82,3.35
2836A,2810,40000,38.56,8,15425,30.5,4,7.85
2838,48998,4340552,90.53,256,3930227,88.64,122,1.86
2838A,6010,200000,68.73,42,137500,62.37,23,6.1
2841,60342,960944,57.39,179,551742,50.11,62,7.38
2845,99949,4865285,75.11,630,3655033,70.21,238,3.72
2849,9893,1957609,98.46,56,1927971,98.06,43,0.52
2850,17741,315963,67.98,93,214859,57.61,43,9.48
2851,28093,800389,70.59,119,565144,65.43,52,7.55
2852,22086,301164,66.23,107,199507,54.04,53,7.56
2855,60302,1601414,76.01,238,1217462,70.99,106,5.61
2867,63365,5899501,87.01,556,5134449,83.75,242,2.16
2880,475447,13916965,81.61,1127,11360607,79.15,558,4.21
2881,384213,14007365,86.46,1004,12114344,84.26,503,4.41
2881A,18385,600000,90.44,67,542777,88.09,44,3.33
2881B,18247,666660,94.86,69,632439,91.96,40,1.9
2881C,53689,333330,85.01,53,283403,81.29,32,6.12
2882,406645,14669210,85.69,1255,12575424,83.26,672,4.78
2882A,18664,833300,94.89,81,790902,93.31,61,1.72
2882B,19163,700000,95.97,60,671839,94.21,42,1.67
2883,725207,16974847,68.55,1941,11640206,64.68,849,6.64
2883B,69279,1582142,65.99,394,1044402,56.22,148,6.61
2884,581741,16192000,73.41,2042,11890260,69.05,886,6.71
2885,449195,13331150,83.08,1259,11077669,80.4,687,5.01
2886,459538,14833378,83.29,821,12356974,81.8,465,5.67
2887,700277,24866399,75.14,2964,18689642,71.05,1278,4.89
2887E,12865,500000,86.11,59,430711,84.05,44,3.15
2887F,13128,300000,89.53,33,268653,85.63,18,3.46
2887G,17034,75000,47.08,23,35326,34.55,8,11.41
2887H,20714,219668,70.44,60,154765,62.87,33,6.76
2887I,270186,3096421,73.51,579,2276627,66.59,238,8.67
2887Z1,18238,300000,89.82,27,269511,86.81,13,3.15
2889,219321,3633563,73.41,360,2668034,70.81,209,7.46
2890,448122,14492322,80.92,1560,11729551,77.7,815,4.63
2891,581692,19675933,81.84,1884,16107870,78.98,963,5.08
2891B,24844,333330,95.9,38,319713,93.54,25,2.36
2891C,24291,166660,93.86,23,156445,90.77,16,3.61
2892,443239,14379469,71.69,1686,10312705,67.81,751,5.74
2897,28418,2805358,85.86,362,2409654,81.54,165,2.47
2897B,4946,250000,83.21,59,208049,77.9,37,4.17
2901,13697,73043,79.14,20,57829,71.6,10,7.86
2902,11486,146889,47.68,41,70069,36.65,18,12.59
2903,58613,1416941,79.81,156,1131089,76.72,83,6.35
2904,16922,77834,54.15,9,42157,50.17,4,17.14
2905,27270,1110372,84.32,130,936509,80.85,67,3.63
2906,17783,209117,65.1,36,136175,58.67,14,11.76
2908,10937,509888,92.2,54,470194,89.64,33,2.4
2910,1385,175403,96.6,40,169486,92.94,31,0.48
2911,39735,105126,45.62,19,47978,41.0,10,25.01
2912,73081,1039622,84.25,141,876163,80.07,70,7.5
2913,113836,790000,57.2,151,452066,49.61,53,14.24
2915,58946,1104319,69.65,186,769357,64.02,85,8.6
2916,4660,64627,58.92,18,38089,51.06,11,13.41
2920,975,12436,35.77,1,4449,35.77,1,18.11
2923,5082,1740297,99.55,16,1732837,99.39,11,0.18
2924,464,52036,89.55,9,46607,84.08,5,1.05
2926,2140,47390,74.5,14,35312,65.06,7,5.92
2929,50511,109494,31.86,19,34907,24.94,6,18.69
2936,155,76056,99.51,6,75691,98.55,5,0.23
2937,943,43542,84.56,20,36828,71.58,12,2.25
2938,717,20140,80.38,7,16189,78.3,6,5.99
2939,7074,45549,76.14,27,34690,56.13,14,3.95
2940,235,25184,56.44,18,14221,12.9,2,1.09
2941,3083,15390,66.47,14,10233,20.62,2,4.57
2942,1652,60000,90.71,10,54436,88.06,7,2.93
2945,3099,67500,83.48,6,56353,83.48,6,7.36
2947,11667,23642,62.81,9,14853,54.68,6,4.93
2948,1091,31000,80.37,15,24921,69.02,9,5.31
2949,2819,30641,81.77,15,25060,63.88,8,4.19
3001,6680,76007,19.49,16,14836,10.75,5,19.43
3002,9164,102000,64.93,20,66243,59.21,11,14.38
3003,15795,155655,60.24,42,93805,54.88,29,18.24
3004,17831,64398,58.95,17,37969,47.73,5,13.14
3005,49489,624669,73.08,112,456643,68.24,66,10.77
3006,61593,298128,59.97,82,178867,49.83,34,19.41
3008,109285,130798,54.4,49,71185,37.3,10,14.83
3010,50030,259437,63.45,79,164658,52.64,34,12.66
3011,48851,129601,36.59,28,47452,28.52,9,18.34
3013,47968,205139,45.62,32,93639,39.93,12,31.69
3014,54058,165954,31.86,41,52900,20.51,11,32.32
3015,17264,187262,63.63,56,119184,54.4,28,16.31
3016,40425,290981,71.13,34,207030,67.11,16,17.24
3017,103948,394402,68.94,149,272013,54.58,56,7.78
3018,36708,75378,64.28,6,48462,62.19,3,18.1
3019,94563,279244,38.6,49,107848,32.36,20,36.17
3020,1634,122695,99.45,1,122032,99.45,1,0.48
3021,8368,94890,70.94,20,67341,65.21,13,13.57
3022,16930,176598,68.26,43,120590,60.86,23,13.55
3023,52547,240069,69.35,101,166543,55.9,48,8.16
3024,57785,277157,50.23,86,139257,37.01,33,14.83
3025,41371,56736,23.56,11,13387,12.38,2,32.17
3026,72216,165890,55.46,71,92010,38.86,29,22.97
3027,47623,129960,43.18,31,56141,33.93,10,23.96
3028,54498,237241,44.15,48,104788,38.94,28,25.32
3029,64028,167005,41.95,35,70082,35.5,18,29.98
3030,35551,236216,58.16,48,137428,51.32,21,18.15
3031,17404,173203,59.8,20,103608,56.79,11,19.96
3032,33061,113286,52.42,26,59404,44.5,11,17.08
3033,95854,523066,44.05,114,230470,36.73,53,22.92
3034,94098,608511,71.12,208,432896,60.18,101,10.6
3035,115810,260550,29.29,37,76355,23.25,13,43.68
3036,79335,1271205,84.56,230,1075193,79.59,130,5.74
3037,344423,1643116,75.69,376,1244066,68.44,189,10.98
3038,49854,157408,42.44,34,66851,33.31,12,24.23
3039,5430,66383,33.19,23,22045,17.62,7,10.36
3040,22791,66225,68.39,16,45301,63.91,10,12.89
3041,69923,140224,25.02,14,35098,20.79,5,38.89
3042,91024,342993,56.97,94,195483,49.51,55,23.75
3043,54698,38976,17.89,6,6976,14.4,3,36.1
3044,36846,525606,79.57,179,418342,69.87,96,6.61
3045,64430,3723431,91.91,371,3422487,89.49,229,3.05
3046,20010,78448,56.1,14,44036,48.02,4,19.55
3047,67733,224762,20.38,29,45842,15.47,9,35.76
3048,81482,269830,49.68,48,134100,42.99,18,26.88
3049,117846,802011,46.9,69,376314,43.2,22,22.17
3050,42247,154984,50.66,30,78537,42.91,11,18.29
3051,66970,167000,33.6,28,56140,25.57,6,26.26
3052,49014,233246,58.26,68,135934,47.78,27,9.04
3053,1490,7959,54.35,6,4327,27.94,2,15.42
3054,3411,80651,87.87,13,70889,85.16,10,3.41
3055,26283,114975,66.8,31,76813,57.28,15,13.92
3056,71930,480555,32.98,72,158566,26.64,23,19.22
3057,37381,67865,34.21,8,23228,32.61,6,31.27
3058,50121,201723,21.73,30,43873,15.18,9,25.89
3059,95317,307702,24.89,48,76651,20.07,24,37.95
3060,69891,137563,21.42,27,29506,14.39,13,31.53
3062,72879,330092,23.63,59,78070,15.55,17,35.36
3064,2951,13011,63.47,3,8260,60.15,2,10.15
3065,1473,183896,83.61,33,153781,78.85,19,2.47
3066,5130,83071,71.79,14,59656,67.7,9,10.97
3067,762,20000,71.34,4,14273,63.63,2,3.59
3069,1425,3000,35.56,1,1067,35.56,1,24.45
3070,172,7275,51.25,5,3730,18.25,1,4.13
3071,11167,110000,58.2,11,64037,56.18,7,20.45
3072,58,373,0,0,0,0,0,29.78
3073,4228,39511,56.23,19,22228,37.71,9,15.17
3075,431,7782,70.68,4,5500,70.68,4,9.56
3077,90,722,0,0,0,0,0,34.59
3078,59222,227391,38.12,53,86732,29.1,22,29.28
3079,4370,47640,32.04,12,15272,19.24,3,17.89
3081,62281,92517,46.83,34,43338,35.42,17,17.91
3082,66,455,0,0,0,0,0,24.02
3083,8903,86487,56.18,8,48602,53.1,4,20.3
3084,225,1873,0,0,0,0,0,18.99
3085,3022,69019,89.64,4,61880,87.92,2,2.89
3086,8035,272711,85.31,25,232707,83.07,16,4.67
3087,444,51311,97.94,1,50259,97.94,1,1.42
3088,16205,112697,50.5,29,56944,39.68,9,21.06
3090,69555,287567,62.26,57,179075,54.76,22,21.99
3091,95,179,0,0,0,0,0,50.23
3092,32181,106649,37.81,23,40347,30.23,10,22.84
3093,7943,145156,76.32,17,110810,71.48,6,10.42
3094,42297,83117,16.48,9,13710,13.73,5,43.09
3095,25331,10000,33.08,4,3309,14.01,1,26.36
3096,667,22830,50.1,7,11443,38.54,3,6.27
3097,634,75086,86.94,15,65294,81.35,9,1.53
3098,76,1395,0,0,0,0,0,15.12
3099,13810,225176,37.6,68,84726,23.19,16,10.53
3105,142895,423940,50.45,91,213980,44.4,49,30.85
3114,8050,65130,51.78,19,33739,41.12,9,20.38
3115,17879,72198,86.25,10,62280,85.38,9,2.37
3117,1372,22800,56.98,8,12993,47.43,5,10.7
3118,41787,32453,37.14,14,12059,15.06,3,17.61
3122,46042,40772,26.83,10,10946,15.85,4,33.83
3126,2745,48752,44.06,14,21486,31.84,3,5.67
3128,48956,47317,32.04,11,15171,23.81,5,28.75
3130,7392,33191,57.41,10,19059,52.74,7,22.63
3131,27108,29998,49.83,13,14954,32.21,5,13.88
3133,492,27262,63.27,14,17256,46.91,7,3.25
3135,18452,97413,48.76,17,47501,42.54,9,27.07
3137,80,1883,0,0,0,0,0,7.7
3138,31629,56392,28.03,13,15820,18.98,4,41.37
3141,31724,75461,23.46,25,17721,6.71,4,38.16
3142,5172,203338,51.26,71,104266,38.72,30,5.04
3147,7242,43687,55.78,13,24378,50.18,9,17.66
3149,68145,286234,28.06,61,80382,21.13,29,32.73
3150,5766,44377,54.86,12,24355,46.27,5,7.32
3151O,657,8265,45.63,3,3772,26.17,1,12.0
3152,8037,39016,44.78,16,17481,28.21,7,20.42
3158,1757,30666,36.03,11,11057,23.39,5,9.3
3159,483,5840,28.6,2,1671,20.39,1,16.26
3161,179,32583,94.26,16,30722,82.62,10,0.96
3162,14509,154341,60.93,27,94072,55.4,13,14.63
3163,91301,80541,28.56,20,23023,19.16,7,44.21
3164,22803,86010,55.24,35,47528,40.02,15,17.44
3166,98,23374,96.38,2,22532,94.66,1,0.79
3167,24892,90319,56.95,34,51446,46.82,17,16.44
3168,2566,75100,75.33,20,56588,66.82,11,6.09
3169,27246,63307,35.7,11,22610,30.18,5,25.37
3171,2279,33118,76.93,5,25481,71.98,3,8.44
3176,45989,139307,35.22,31,49106,27.74,13,21.85
3177,205,4108,75.32,2,3094,60.86,1,14.54
3178,4308,45050,65.78,11,29641,61.31,7,15.77
3179,110,9847,30.35,4,2989,16.07,1,1.36
3184,3124,63074,58.12,19,36669,50.09,9,11.57
3186,2283,30000,77.49,2,23250,77.49,2,8.98
3188,7440,189088,75.63,43,143037,68.46,20,6.28
3189,126737,526916,74.26,104,391358,68.49,54,13.85
3190,59,14308,74.69,5,10689,71.03,4,0.41
3191,18326,43597,54.28,9,23669,47.53,4,12.19
3194,130,13915,82.01,7,11413,69.72,4,0.87
3202,37701,129345,24.59,21,31836,19.46,9,27.43
3205,31404,67546,66.33,8,44819,61.71,3,10.59
3206,23341,58917,54.29,21,32003,42.65,11,17.95
3207,21149,66422,38.08,22,25309,23.32,7,16.42
3208,107,3025,46.49,1,1406,46.49,1,7.97
3209,55197,235391,46.97,63,110578,37.97,30,19.77
3211,77948,154396,52.94,52,81772,39.76,20,27.88
3213,46444,58686,32.06,18,18823,18.92,5,28.57
3217,15574,90104,43.37,25,39090,28.78,4,26.12
3218,18012,84725,57.28,20,48548,49.1,9,22.52
3219,4072,71781,81.08,8,58212,76.84,4,7.62
3221,48921,105062,24.28,30,25516,9.52,5,41.96
3224,16570,78173,71.91,28,56240,63.52,17,8.49
3226,1266,64431,87.0,25,56072,70.46,8,1.93
3227,56012,151938,41.52,52,63104,27.62,16,29.66
3228,34729,71937,24.32,14,17501,19.59,8,34.89
3229,9595,64263,70.27,4,45164,69.03,3,10.85
3230,19519,86011,52.6,19,45257,45.24,10,16.35
3231,325475,3180052,70.23,502,2233833,66.34,299,15.04
3232,14703,46568,58.37,21,27188,43.83,9,9.86
3234,38934,111475,32.99,29,36804,21.89,9,27.32
3236,64935,105001,31.17,18,32748,26.41,10,41.08
3237,105,1499,0,0,0,0,0,18.39
3252,2662,50196,79.25,23,39789,68.26,14,6.88
3257,29028,79824,43.76,11,34951,35.83,2,27.54
3258,91991,273723,10.18,23,27934,7.57,10,43.11
3259,3897,72966,70.42,25,51399,62.66,16,7.6
3260,142651,334463,33.4,60,111768,27.96,32,37.65
3264,73577,490170,71.18,122,348980,64.4,67,12.42
3265,16017,136262,67.03,26,91356,58.01,6,16.62
3266,3751,352314,90.32,28,318299,89.13,21,1.84
3267,534,17066,29.55,3,5044,26.87,2,6.44
3268,42675,34721,34.66,10,12036,28.59,6,22.18
3272,9150,61177,50.42,11,30854,45.67,6,19.53
3276,47072,69713,59.08,13,41194,53.66,5,12.44
3279,113,966,0,0,0,0,0,17.27
3283,148,6658,49.63,5,3305,15.12,1,4.5
3284,22017,108628,70.11,20,76194,66.81,14,9.89
3285,9914,42735,65.02,19,27796,51.56,10,9.24
3287,4097,43970,58.64,11,25796,48.76,4,17.44
3288,11430,16380,48.2,5,7898,36.75,2,19.91
3289,59239,86746,26.84,25,23303,12.94,8,38.14
3290,25973,90215,54.94,31,49581,43.33,15,12.98
3293,100646,281802,57.37,83,161728,48.58,43,19.94
3294,16589,132016,51.79,22,68383,47.05,14,24.12
3296,7117,96724,76.72,32,74224,70.66,23,7.43
3297,9825,36049,50.45,13,18197,36.6,6,29.44
3301,996,124326,79.23,40,98519,70.3,24,2.14
3303,14292,94091,48.51,34,45663,36.59,16,17.02
3304,424,14069,33.55,7,4721,9.88,1,6.53
3305,59838,144740,44.78,27,64848,38.41,12,30.49
3306,29904,50608,47.68,7,24135,43.14,3,26.04
3308,10483,60000,61.62,8,36977,58.86,6,20.26
3310,1724,74948,82.26,32,61666,70.0,19,3.1
3311,39178,100000,57.8,20,57813,50.66,8,18.81
3312,68139,182627,46.09,24,84217,42.54,12,29.53
3313,34213,221134,75.99,20,168066,74.35,14,9.37
3317,62540,90000,31.36,19,28242,24.01,7,42.35
3318,925,52256,56.8,19,29689,41.84,6,3.13
3321,28349,86114,47.49,21,40913,37.64,7,14.65
3322,65058,137582,34.97,27,48125,29.82,14,18.88
3323,69483,99593,21.85,14,21777,15.67,5,44.31
3324,80586,93077,47.01,32,43782,27.64,6,31.05
3325,61308,110169,30.44,33,33562,14.77,6,22.7
3332,1717,48104,86.96,15,41836,77.94,9,2.97
3334,126,24680,91.54,5,22594,89.35,4,1.02
3338,62175,87908,30.25,15,26609,23.88,6,37.29
3339,31273,66568,26.12,14,17408,16.35,4,33.82
3342,762,40910,53.13,17,21746,33.08,5,4.33
3343,870,58794,44.65,10,26267,39.28,5,3.62
3345,101,36301,95.55,2,34688,93.93,1,0.42
3346,39352,121228,26.81,20,32530,20.5,8,29.22
3349,1701,46072,48.17,26,22200,20.74,7,6.06
3350,925,21685,13.99,6,3034,0,0,10.89
3354,6416,70112,72.4,7,50764,70.67,5,13.77
3356,35829,80542,35.17,16,28352,28.63,8,28.07
3357,20383,117930,58.38,44,68861,42.46,16,18.25
3360,47026,76402,22.53,11,17225,16.99,4,32.09
3361,389,49553,81.55,18,40421,68.18,8,1.21
3362,30339,147445,60.1,46,88656,48.96,20,21.28
3363,70521,113641,39.85,32,45314,29.94,13,28.83
3364,216,2701,0,0,0,0,0,18.15
3369,4639,28946,56.22,3,16275,54.42,2,16.18
3372,57624,235324,54.3,29,127827,50.82,15,18.62
3373,35593,47619,27.23,5,12975,24.87,3,32.86
3374,55409,271364,61.0,32,165583,57.54,17,22.7
3376,51555,195780,44.08,63,86339,31.75,23,27.27
3377,241,19653,64.25,12,12631,35.71,2,2.0
3379,30117,38042,27.4,5,10429,24.78,3,37.0
3380,42394,541718,66.22,40,358849,63.34,14,13.98
3383,11628,75000,48.43,18,36339,38.5,6,16.72
3388,12389,82164,40.69,19,33453,30.93,6,26.56
3390,56409,79330,31.21,19,24774,17.95,3,24.06
3391,928,68860,66.14,27,45555,52.58,11,2.73
3394,163,1180,0,0,0,0,0,26.58
3397,1814,9025,0,0,0,0,0,46.57
3402,38837,73048,30.5,11,22293,24.52,4,35.94
3404,50,653,0,0,0,0,0,21.09
3406,34072,112743,53.77,49,60631,35.43,17,16.45
3412,261,8071,84.95,1,6857,84.95,1,3.49
3413,25804,111299,51.09,31,56892,43.33,17,24.09
3414,252,1360,0,0,0,0,0,39.06
3416,8759,80817,59.6,19,48177,51.64,10,14.61
3419,30800,120480,31.99,26,38569,23.93,10,24.86
3430,33318,33716,33.47,6,11286,33.47,6,33.78
3431,12541,55459,51.33,8,28470,46.69,4,17.59
3432,3509,42230,66.5,13,28088,58.48,8,13.35
3434,8978,35755,49.03,16,17536,30.22,5,21.47
3437,46825,144548,25.53,22,36932,19.95,9,37.73
3438,28205,47166,45.12,2,21285,43.53,1,29.97
3441,31960,40040,22.06,9,8842,14.5,4,43.31
3443,53807,134012,65.51,41,87826,54.19,14,9.06
3444,4968,44997,49.13,17,22119,38.39,10,17.34
3447,5797,77449,58.92,13,45650,51.2,3,15.39
3450,70915,145681,47.53,53,69274,34.35,22,28.52
3455,43750,59851,30.31,23,18149,13.02,6,33.89
3465,4706,42330,67.94,14,28768,54.86,6,7.2
3466,28645,77892,46.1,26,35932,34.0,10,18.09
3467,2014,31107,62.02,11,19298,55.02,7,11.41
3469,191,22448,63.92,14,14353,42.15,6,1.47
3471,503,5000,45.04,3,2253,25.6,1,10.99
3472,1711,76274,57.36,24,43771,43.84,7,4.68
3473,267,23376,76.41,7,17864,68.24,4,1.63
3475,1778,1784,0,0,0,0,0,46.82
3479,37309,73032,40.26,18,29421,30.27,5,31.74
3481,1017285,7989197,37.05,1035,2961270,32.49,426,25.53
3482,527,6521,44.4,4,2896,16.87,1,16.25
3483,52774,99049,21.73,23,21541,12.96,10,41.2
3484,47256,78828,31.15,20,24560,22.93,10,24.35
3485,7383,38501,52.4,19,20182,33.54,7,18.52
3489,2660,90452,79.63,7,72029,76.11,2,4.89
3490,34337,55006,15.72,8,8654,12.1,4,36.6
3491,70999,68805,35.5,30,24440,15.5,7,28.27
3492,2761,35532,47.55,5,16897,44.69,3,16.59
3494,18048,94800,61.56,12,58385,56.7,4,11.5
3496,206,21606,79.75,9,17233,70.52,5,1.93
3497,112,4588,33.29,2,1528,23.86,1,5.4
3498,54970,61273,50.22,15,30782,45.1,9,22.77
3499,41214,54971,44.14,13,24270,41.82,10,23.71
3501,12396,118258,47.33,21,55985,42.49,12,21.49
3502,283,9202,34.17,5,3145,12.4,1,6.87
3504,12890,114060,64.84,17,73975,61.14,10,19.04
3505,160,5429,87.89,1,4772,87.89,1,8.41
3506,606,8573,19.83,3,1701,0,0,18.33
3507,278,31800,87.08,12,27699,75.26,7,1.5
3508,67802,108867,46.89,31,51059,37.06,14,26.5
3511,9580,79973,54.3,7,43437,51.13,3,22.65
3512,4869,113072,72.36,31,81841,64.3,16,8.63
3515,13642,123544,68.67,19,84867,61.78,6,13.49
3516,3204,59561,77.72,19,46303,69.4,11,5.61
3517,664,5031,13.89,1,699,0,0,24.01
3518,29774,102467,35.83,28,36740,26.12,12,16.99
3519,65094,433985,50.78,48,220460,46.4,18,18.34
3520,48071,68847,40.39,17,27822,28.63,4,18.0
3521,39828,185766,81.62,16,151643,78.79,8,3.71
3522,28272,104096,56.82,27,59174,50.28,15,10.48
3523,7842,64258,83.37,13,53584,78.36,7,4.97
3524,301,20627,66.46,14,13714,39.39,5,2.68
3526,20609,67407,45.51,23,30687,27.72,5,17.47
3527,25240,44445,26.43,10,11755,20.06,5,26.42
3528,5516,66639,68.72,12,45806,62.7,5,11.8
3529,22672,74686,48.19,33,36010,31.1,13,8.36
3530,15902,77476,57.42,13,44497,53.68,8,23.0
3531,1828,61175,80.34,34,49162,60.78,15,4.9
3532,22638,387848,89.99,30,349107,87.27,14,5.11
3533,30208,112535,60.81,49,68459,43.49,19,9.1
3535,43552,79052,26.74,8,21155,24.04,5,39.71
3536,6380,52089,67.89,5,35374,65.11,3,11.35
3537,45377,56243,29.4,10,16546,23.54,5,39.25
3540,59424,84459,25.3,9,21391,21.85,4,34.04
3541,17913,56349,35.81,20,20193,24.83,11,18.87
3543,24845,110263,48.15,40,53100,34.46,16,11.54
3544,578,2444,0,0,0,0,0,40.71
3545,82145,222456,25.09,40,55855,18.07,13,40.04
3546,34688,61349,34.0,18,20871,23.07,7,27.66
3548,40463,67744,32.93,17,22323,22.95,6,33.38
3549,239,1481,0,0,0,0,0,29.8
3550,51903,107550,41.73,27,44899,34.05,14,25.55
3551,13309,62275,49.55,23,30870,34.23,8,27.0
3552,55109,97918,37.73,20,36963,32.42,12,31.32
3554,135,15858,87.29,1,13843,87.29,1,1.7
3555,4456,39999,80.41,9,32167,77.74,7,7.71
3556,64760,63703,16.48,5,10509,13.67,2,44.67
3557,20202,84315,60.55,19,51067,53.32,9,12.13
3558,12125,59061,51.73,11,30561,47.07,6,30.7
3560,194,20405,74.02,9,15107,59.92,4,1.64
3563,37181,63961,50.0,22,31996,38.71,8,24.89
3564,6438,59123,59.98,2,35463,59.98,2,19.09
3566,10580,419621,73.96,150,310433,60.69,57,1.15
3567,33713,33954,18.59,7,6322,7.93,2,34.77
3568,187,10063,72.35,5,7282,46.7,2,3.92
3570,2927,17097,53.95,4,9228,45.21,2,22.54
3571,416,3285,0,0,0,0,0,27.33
3572,331,11817,40.53,4,4792,25.66,2,4.69
3576,215516,1627795,39.07,181,636371,34.87,68,23.28
3577,4607,63966,66.84,25,42765,50.17,10,8.91
3579,6152,9580,74.12,3,7102,65.74,2,15.49
3580,41575,39471,12.0,6,4741,7.21,2,37.34
3581,7182,51006,59.14,15,30174,48.58,7,19.44
3583,30108,83859,62.27,27,52237,52.28,14,20.7
3584,21948,139767,25.3,29,35397,18.27,13,25.72
3585,14954,111679,39.95,13,44636,34.96,4,24.88
3586,88,2458,51.29,2,1261,0,0,7.36
3587,26125,71685,31.44,14,22542,21.81,5,37.04
3588,49408,61993,28.33,13,17568,18.56,5,33.61
3591,50201,145387,53.34,36,77578,46.68,20,19.26
3592,36802,75855,36.67,20,27840,24.83,5,32.26
3593,24717,60825,64.19,18,39061,50.01,4,9.42
3594,19945,95948,56.66,30,54388,43.18,11,16.6
3595,21053,33913,31.82,8,10798,26.33,5,27.61
3596,22993,220354,72.26,71,159241,60.74,31,10.9
3597,2217,39236,64.46,11,25296,56.92,7,10.63
3601,687,34887,52.62,9,18366,40.76,3,3.43
3603,690,24844,71.03,10,17651,64.91,7,4.75
3605,38682,175582,68.59,56,120487,59.48,31,14.04
3606,98,16847,77.4,11,13043,43.23,2,0.73
3607,47002,121662,32.91,35,40056,21.57,14,19.26
3609,7503,38419,52.21,17,20068,31.74,4,9.25
3610,1500,54015,79.65,4,43027,76.71,1,5.1
3611,4787,47555,58.21,13,27691,46.79,4,13.25
3613,1140,63436,66.67,28,42304,50.87,13,3.89
3615,43361,68467,30.34,11,20787,23.13,3,41.91
3616,3450,94650,43.02,36,40737,26.06,10,6.41
3617,7222,94766,67.49,39,63972,53.78,17,9.64
3619,164,7626,27.79,3,2120,15.73,1,4.99
3622,24592,151328,59.31,22,89788,54.43,10,16.5
3623,8391,29186,52.04,3,15191,48.24,1,23.63
3624,40787,117341,55.83,18,65530,49.99,7,27.59
3625,47799,114247,45.52,27,52036,37.35,12,19.75
3627,14082,30991,56.06,9,17376,50.03,5,11.97
3628,7558,45000,59.15,5,26624,56.02,3,16.9
3629,1730,32955,86.89,5,28637,84.01,3,3.04
3630,28001,204192,54.14,15,110570,51.09,5,20.22
3631,1801,81821,80.87,17,66178,73.84,7,4.09
3632,37252,40890,17.2,5,7039,15.58,4,46.02
3633,1889,34024,60.67,13,20648,46.15,5,10.1
3634,218,49600,82.97,13,41166,72.48,6,0.7
3635,398,5050,0,0,0,0,0,15.07
3636,502,6000,87.18,1,5231,87.18,1,4.38
3637,824,29749,77.46,6,23047,71.3,3,4.12
3642,18062,45869,63.39,18,29086,49.5,10,7.54
3643,403,47937,97.95,1,46958,97.95,1,1.03
3644,1988,83300,77.58,32,64640,69.65,20,3.18
3645,61589,136754,45.14,45,61768,36.19,24,27.65
3646,36416,39297,48.93,21,19237,19.97,5,8.69
3647,2943,2802,0,0,0,0,0,50.03
3649,275,10819,36.51,6,3952,0,0,4.85
3651,69,69565,95.9,12,66730,89.61,4,0.15
3652,3533,75098,72.16,13,54200,67.82,7,8.6
3653,43006,146733,71.78,49,105369,60.55,21,5.63
3656,3282,58249,77.46,6,45128,75.19,3,7.08
3659,648,54124,86.22,14,46677,80.45,8,2.08
3661,81498,86290,36.61,39,31602,13.62,8,22.18
3662,22519,183478,53.41,26,98015,48.89,11,17.55
3663,24358,108494,64.41,10,69906,61.93,6,21.26
3664,5783,75945,68.54,7,52062,66.77,4,7.28
3665,46634,195078,62.24,86,121442,44.48,33,8.2
3666,28626,138950,83.31,16,115791,80.12,9,6.17
3669,8034,92920,58.71,9,54571,54.68,3,17.42
3671,53,14500,87.86,7,12743,72.48,3,0.41
3672,21050,40790,55.87,20,22799,40.12,9,9.29
3673,84481,406664,42.11,72,171309,35.86,32,26.9
3674,405,17814,71.06,7,12661,65.86,5,5.17
3675,14064,53058,58.7,5,31154,55.16,2,21.69
3678,1020,26422,52.45,13,13863,35.85,5,6.87
3679,5038,63022,65.87,25,41523,54.01,13,11.88
3680,29263,96223,54.21,40,52185,40.37,20,22.78
3681,341,118704,95.08,6,112879,94.39,5,0.55
3684,6200,30310,59.4,9,18010,52.86,6,13.87
3685,13277,79574,61.32,30,48808,44.68,8,8.14
3686,62504,76495,21.72,14,16621,16.77,7,34.51
3687,36327,30124,37.33,6,11249,32.52,4,36.69
3688,3476,99176,67.87,11,67330,65.63,7,6.38
3689,34178,89527,25.7,23,23031,12.85,5,36.18
3690,1357,60356,89.17,6,53832,83.95,1,2.86
3691,13215,91883,58.58,15,53846,53.74,9,19.37
3693,27259,42991,44.58,11,19176,33.58,4,30.5
3694,14592,154929,58.29,19,90342,53.55,7,18.38
3701,49528,236669,72.35,19,171263,70.73,13,15.03
3702,89599,1751374,84.82,348,1485928,79.83,208,5.28
3703,34691,823216,72.5,106,596947,68.32,50,8.13
3704,41358,415445,67.13,86,278969,60.73,43,13.44
3705,26637,266423,68.69,71,183070,61.17,42,10.14
3706,192056,1327212,56.31,140,747530,53.01,74,21.44
3707,91501,400746,45.53,40,182532,42.92,24,31.34
3708,46457,93217,49.59,22,46245,41.32,9,24.45
3709,8402,145569,72.39,19,105412,67.77,8,8.84
3710,45982,287251,32.18,78,92493,22.02,27,15.97
3711,361532,4482964,86.49,807,3877908,81.09,425,5.72
3712,29166,246242,58.67,24,144494,56.63,16,18.13
3713,4197,88099,56.32,31,49635,43.88,11,7.87
3714,159704,737940,42.74,126,315572,36.64,53,24.87
3715,97719,283575,29.21,61,82905,20.7,23,42.14
3716,53612,149766,53.12,34,79580,45.7,15,22.05
3717,49826,211625,38.05,55,80545,27.8,20,22.82
4102,37639,42373,46.39,12,19665,33.59,4,14.76
4104,44626,188367,45.43,25,85608,40.06,8,25.12
4105,52323,248650,48.59,69,120874,38.78,32,17.65
4106,16247,100912,50.96,17,51446,46.2,8,21.07
4107,13525,69298,61.8,24,42839,51.98,14,12.48
4108,54803,198619,29.44,27,58503,23.57,7,23.0
4109,43738,118737,43.69,27,51899,35.91,11,17.44
4111,46425,59832,42.45,24,25409,32.34,14,16.42
4113,20204,231138,74.08,74,171262,62.49,32,4.83
4114,74235,510176,43.26,107,220808,36.4,47,15.07
4115,948,60000,75.83,16,45509,69.61,10,3.01
4116,4425,44566,54.95,3,24492,54.95,3,17.8
4117,6235,70824,54.4,25,38533,37.83,7,14.14
4118,202,29993,90.11,1,27027,90.11,1,1.25
4119,26939,119509,47.04,14,56227,44.43,9,17.72
4120,7527,86747,71.45,21,62001,63.86,12,8.69
4121,51551,83111,49.75,19,41367,44.45,12,23.62
4123,46630,769546,58.78,168,452522,52.05,84,11.85
4125,218,1934,0,0,0,0,0,29.72
4126,22574,72600,62.85,24,45636,54.85,15,15.65
4127,26434,45760,75.49,17,34553,63.25,8,7.26
4128,101518,588171,43.64,66,256763,39.61,25,15.93
4129,34110,96438,59.15,33,57064,48.74,14,10.96
4131,3521,39879,76.13,5,30367,72.24,2,5.52
4132,42836,187941,46.63,49,87674,38.33,23,11.76
4133,54332,60554,23.53,11,14255,18.53,5,39.99
4135,511,26465,65.43,14,17322,44.13,5,3.75
4136,95,36147,99.3,4,35897,97.87,3,0.34
4137,7490,82492,53.15,16,43862,45.0,5,15.32
4138,21325,39930,51.42,4,20535,51.42,4,25.3
4139,1170,45010,69.07,23,31098,48.02,9,3.19
4140,473,3039,0,0,0,0,0,30.87
4142,84471,429508,39.76,84,170878,32.64,35,21.75
4147,47349,273202,53.32,69,145733,44.49,29,13.33
4148,2279,67236,79.55,11,53492,78.14,9,5.7
4150,31429,147218,41.66,53,61359,27.15,15,9.47
4151,642,50026,78.35,13,39203,71.12,7,2.65
4153,5222,58668,76.57,15,44934,72.02,11,8.47
4154,891,38390,76.54,15,29389,67.1,8,2.83
4155,35412,144684,46.07,40,66685,35.57,16,16.63
4156,895,56540,71.87,14,40643,67.51,10,4.15
4157,31918,711834,59.26,119,421916,52.3,36,8.93
4160,34553,26690,29.63,3,7910,25.36,1,33.14
4161,5166,59808,44.43,24,26589,26.9,8,11.2
4162,47098,145678,46.41,23,67643,41.09,10,21.14
4163,24898,50680,69.5,22,35232,59.88,14,8.45
4164,19028,195311,51.01,54,99679,40.49,22,16.67
4166,3838,243035,82.65,26,200913,79.18,13,3.0
4167,56045,310444,41.41,76,128627,33.31,34,16.34
4168,50164,112521,27.6,26,31085,20.01,10,22.48
4169,4370,66432,54.05,22,35917,46.07,13,10.02
4170,6525,43771,58.45,15,25593,45.19,7,9.48
4171,38096,58057,32.73,10,19015,27.67,6,25.48
4172,24427,119576,39.03,25,46681,30.05,8,10.99
4173,30482,74574,43.63,5,32550,40.0,1,21.35
4174,42826,131580,41.46,31,54579,35.28,18,23.68
4175,11496,42323,56.05,7,23724,54.98,6,22.85
4177,2160,62805,59.03,17,37091,48.19,6,7.92
4178,4355,215875,77.78,45,167950,72.42,26,3.79
4181,1737,2128,0,0,0,0,0,59.35
4183,1188,23800,62.46,13,14871,43.06,5,8.75
4184,644,39183,92.03,1,36064,92.03,1,1.69
4186,4716,90000,46.04,36,41444,27.12,10,10.08
4188,4689,63333,54.3,12,34399,47.92,4,11.94
4190,16647,61450,66.35,12,40776,62.64,9,15.7
4191,2533,100170,63.05,31,63165,48.78,9,5.6
4192,4637,35164,68.23,3,23996,66.6,2,13.54
4193,5426,67616,49.22,25,33296,33.69,6,3.85
4194,3302,145974,76.72,24,112001,73.12,14,5.18
4195,28504,80000,38.75,24,31012,30.05,13,16.18
4197,2265,30181,65.88,21,19886,40.26,7,5.36
4198,2664,24108,81.57,4,19668,77.51,3,6.26
4205,11045,97649,66.37,33,64842,58.94,21,14.59
4207,8590,198538,73.32,54,145623,63.9,23,5.33
4303,35688,94605,20.31,12,19236,13.7,2,35.1
4304,3533,61038,81.89,15,49996,74.64,7,3.85
4305,1695,55014,84.73,26,46626,74.81,19,4.31
4306,90276,676757,57.5,111,389234,51.85,44,10.12
4401,12692,122692,61.49,48,75456,46.88,23,8.81
4402,41436,67992,65.97,15,44864,60.88,9,7.9
4404,7875,112266,35.75,25,40162,26.92,7,14.69
4406,1548,51912,76.86,21,39907,60.6,7,3.52
4408,4013,67628,35.74,14,24185,30.37,8,12.66
4413,1649,31315,69.31,15,21709,52.61,6,4.67
4414,22823,263796,64.4,49,169968,56.83,17,9.15
4415,4360,43577,85.04,11,37066,76.68,5,6.77
4416,2343,73586,72.53,33,53386,60.78,19,5.64
4417,8382,83971,46.0,19,38650,38.34,8,16.68
4419,5207,169163,96.84,7,163846,95.08,3,0.68
4420,8097,40455,60.06,9,24304,54.11,4,22.98
4424,2553,59853,66.58,16,39856,62.31,11,5.5
4426,9597,172677,61.91,33,106943,54.14,12,10.33
4427,966,212542,87.52,55,186041,78.71,24,0.93
4430,8674,56274,64.04,21,36046,53.29,11,16.09
4431,2117,36536,69.47,5,25387,62.77,1,11.19
4432,4948,50589,55.33,12,28000,45.45,4,11.86
4433,10154,61300,57.09,11,35011,52.24,6,16.53
4438,4540,113425,65.98,39,74850,50.12,10,7.09
4439,1194,38155,78.37,14,29908,69.57,9,4.77
4440,3884,67598,56.9,45,38483,27.38,11,12.56
4441,2324,68176,71.11,26,48500,58.73,13,4.73
4442,997,32856,75.52,19,24820,45.19,5,4.59
4502,3859,57470,69.33,14,39851,56.32,3,5.91
4503,7564,78313,62.81,10,49202,59.81,6,14.86
4506,11170,177012,80.67,29,142842,74.19,11,8.15
4510,60205,108978,37.45,18,40839,31.59,7,34.84
4513,44445,143762,57.47,16,82644,53.3,5,15.8
4523,35856,64949,59.87,18,38902,51.96,9,13.38
4526,60768,254826,49.3,60,125682,41.9,32,24.7
4527,4438,76152,66.78,25,50872,61.76,18,10.02
4528,13503,84166,62.35,13,52487,58.69,8,19.11
4529,8828,84549,58.72,14,49670,52.78,5,12.03
4530,7309,35795,72.79,6,26064,64.46,1,5.95
4532,20156,494895,70.08,94,346888,64.39,52,8.27
4533,68580,178434,37.67,26,67241,32.39,10,31.75
4534,19813,86789,41.68,24,36187,29.58,7,20.58
4535,7150,75662,77.45,21,58619,69.69,12,4.71
4536,7209,90820,56.04,41,50914,38.34,15,12.11
4537,2231,78840,82.02,16,64679,77.0,10,4.45
4538,1672,59470,80.51,15,47890,71.68,7,3.84
4540,41443,115187,30.85,19,35565,26.5,12,41.24
4541,42550,67647,47.01,25,31817,33.06,11,24.12
4542,6348,35673,49.42,20,17635,20.79,5,20.02
4543,22197,59772,47.12,14,28173,42.02,9,23.58
4544,1575,60290,67.5,20,40701,49.87,2,1.9
4545,21966,77000,72.79,8,56065,69.29,4,9.43
4546,965,33775,70.58,12,23846,64.49,9,4.51
4547,302,23349,84.76,7,19792,72.34,2,2.65
4549,7421,57002,62.53,14,35648,58.74,10,16.85
4550,3186,37839,55.82,11,21132,49.06,7,14.75
4551,5600,115222,79.93,32,92127,72.27,17,5.89
4552,28584,116000,50.43,22,58528,42.49,6,11.99
4553,462,33020,86.99,14,28727,77.03,8,2.28
4554,2370,26327,52.18,7,13739,50.62,6,14.6
4555,4065,69988,70.01,13,49007,65.67,8,10.02
4556,3271,42303,75.07,11,31762,70.71,9,9.48
4557,27707,47972,43.72,23,20984,24.79,8,12.11
4558,1585,50000,73.73,33,36875,52.22,14,6.24
4559,682,60000,87.86,17,52728,79.9,10,2.1
4560,2469,68097,86.14,12,58671,83.73,9,3.42
4561,8725,58522,58.35,12,34158,52.18,7,24.09
4562,12038,87546,52.18,12,45693,49.92,9,28.34
4563,10326,54950,54.26,11,29826,49.6,7,21.3
4564,48641,232788,40.43,52,94172,33.38,25,20.98
4565,1442,61740,79.87,24,49322,66.0,12,2.4
4566,24842,110099,58.16,30,64055,49.77,15,22.45
4568,1612,32045,68.34,8,21903,61.91,4,7.37
4569,1998,30600,66.16,11,20253,52.36,5,7.46
4570,207,44000,95.02,16,41817,87.64,12,0.61
4571,6707,53017,66.29,21,35158,55.65,11,16.17
4572,3460,40019,64.18,11,25684,61.89,9,9.27
4573,10855,45697,39.86,14,18222,28.86,6,23.25
4575,756,38668,69.0,17,26689,53.83,8,3.2
4576,24883,119802,66.88,32,80138,59.41,19,18.04
4577,7162,49138,60.31,9,29643,55.74,5,22.61
4578,691,20300,97.0,3,19693,92.28,2,1.48
4580,5089,46803,49.48,18,23166,35.77,10,18.48
4581,1691,33899,62.76,15,21279,46.16,8,8.85
4582,2622,75480,55.14,25,41636,43.93,11,7.2
4583,7183,80171,85.86,9,68845,82.11,4,4.74
4584,1073,30002,80.08,13,24029,69.25,9,4.36
4585,18671,105766,75.86,3,80246,75.31,2,16.31
4587,969,33000,88.23,5,29117,88.23,5,3.19
4588,5243,42985,50.32,15,21639,37.45,8,21.28
4589,621,26039,70.33,12,18319,45.23,1,3.85
4590,10021,54838,49.93,21,27392,35.47,9,15.55
4609,1739,47947,76.21,24,36551,64.57,15,3.85
4702,14175,72333,51.05,9,36933,46.49,2,22.89
4703,9145,65750,26.16,7,17213,22.61,3,26.93
4706,2130,79030,82.47,15,65190,77.07,8,2.43
4707,28290,403715,71.88,60,290272,67.45,31,8.45
4711,7535,61056,60.0,10,36643,53.42,4,15.66
4712,3612,18423,45.99,2,8473,43.69,1,17.23
4714,53626,221838,29.14,36,64680,22.48,11,22.49
4716,43993,94427,35.02,25,33089,26.99,12,23.69
4717,1000,155,0,0,0,0,0,99.98
4720,13594,114516,38.82,24,44473,34.43,15,24.51
4721,57385,74986,33.67,15,25265,28.03,7,38.65
4722,14496,104223,58.91,42,61430,46.57,21,11.86
4724,3061,95976,59.48,28,57109,46.38,8,7.52
4726,12773,207042,57.97,41,120059,50.29,14,12.43
4727,349,7278,18.79,3,1368,0,0,8.58
4728,16784,54463,84.47,36,46021,65.91,19,2.28
4729,7357,79227,50.82,11,40278,46.39,6,18.51
4730,1063,27868,69.84,13,19466,57.91,7,4.79
4732,1571,49644,66.79,30,33164,46.77,13,6.39
4734,371,10237,14.95,2,1532,0,0,6.16
4735,37638,41569,53.37,15,22189,42.94,8,19.33
4736,13553,95374,51.86,19,49484,44.86,8,21.96
4737,10971,77403,62.29,26,48227,49.1,9,5.96
4738,3470,77596,58.61,7,45487,54.05,1,10.97
4739,56154,124701,39.63,28,49459,29.24,8,27.68
4741,12800,34812,48.15,10,16768,40.07,5,15.71
4743,80741,480533,45.98,75,221036,41.43,35,17.27
4744,33276,56948,51.49,25,29332,35.2,11,12.09
4745,3182,69706,63.62,25,44362,55.28,15,7.57
4746,43188,120256,44.15,43,53118,31.4,18,20.48
4747,2105,45461,66.34,23,30166,50.49,11,6.31
4749,61225,94733,33.65,24,31903,25.75,11,32.72
4752,1065,84397,89.58,6,75611,86.99,2,3.03
4754,23036,30283,36.69,6,11112,28.46,3,24.35
4755,8577,100706,68.69,15,69190,64.95,9,11.94
4758,396,29217,92.13,6,26925,84.79,2,1.23
4760,10911,32218,39.33,9,12675,34.95,6,23.96
4762,139,20720,99.67,8,20653,97.29,7,0.25
4763,53718,989147,61.12,114,604785,57.03,48,10.7
4764,8407,85542,74.71,26,63917,67.01,15,10.38
4765,913,32133,55.21,16,17744,39.21,6,6.01
4766,10996,120571,69.48,27,83793,62.93,14,9.28
4767,887,31415,64.09,12,20140,46.92,5,4.74
4768,15889,47488,34.39,16,16343,19.49,4,29.35
4770,9193,79976,64.28,24,51425,59.68,18,13.34
4771,3986,58773,59.81,23,35167,45.31,9,9.17
4772,33085,147682,48.93,26,72286,41.78,9,24.39
4773,228,72709,94.99,14,69091,92.29,11,0.25
4801,784,47201,98.7,2,46594,97.82,1,0.23
4802,296,18854,87.92,2,16579,85.36,1,2.38
4803,5714,59069,57.43,8,33936,55.13,6,14.8
4804,30103,71992,62.0,11,44648,54.88,3,10.09
4806,16973,99947,89.04,10,89000,85.88,4,2.12
4807,14415,48996,68.19,16,33420,63.32,12,8.9
4903,46469,105344,42.88,13,45192,36.69,2,31.12
4904,86937,3607705,93.42,378,3370899,90.71,228,2.6
4905,1984,29260,81.68,18,23905,63.72,10,5.84
4906,91603,451846,28.93,88,130752,22.25,40,30.07
4907,2821,118146,85.44,9,100970,83.76,6,3.31
4908,34283,78217,52.88,21,41371,40.95,9,27.36
4909,63647,93357,27.22,16,25430,22.86,8,41.43
4911,3488,63720,57.57,19,36700,46.73,8,8.4
4912,25780,66993,51.4,24,34449,36.97,7,14.33
4913,475,9667,25.75,3,2490,0,0,11.98
4914,226,10000,77.04,5,7705,61.66,2,4.01
4915,33017,471881,60.55,122,285842,52.33,64,15.29
4916,76238,124083,25.27,18,31371,20.91,9,45.59
4919,72780,452398,62.31,45,281992,59.01,21,23.51
4920,107,41779,93.69,6,39149,86.74,1,0.35
4922,4559,44958,25.44,12,11446,11.8,2,17.24
4923,30712,37414,37.76,15,14135,23.32,6,20.85
4924,1464,37164,70.87,19,26346,50.84,8,6.11
4925,5260,70746,49.35,32,34926,31.16,10,12.57
4927,60547,264938,24.43,63,64773,15.88,24,27.35
4929,384,234,0,0,0,0,0,38.45
4930,33709,80000,63.64,13,50929,58.71,7,17.95
4931,59370,65566,37.48,23,24584,23.1,8,39.5
4932,310,2017,0,0,0,0,0,39.94
4933,5719,82676,63.8,12,52762,59.7,6,12.59
4934,70547,225000,34.7,23,78127,29.77,6,23.82
4935,7928,128864,62.79,26,80931,57.72,15,13.43
4938,145113,2682044,79.8,399,2140775,75.62,222,9.3
4939,63563,98201,35.77,20,35136,29.89,10,35.12
4942,6684,142368,62.34,40,88790,54.68,22,10.62
4943,22010,126694,64.01,26,81110,53.39,6,14.29
4946,8320,8853,42.58,1,3770,42.58,1,36.1
4949,10691,67764,52.68,28,35709,41.04,13,20.62
4950,6656,57729,72.94,5,42124,68.13,1,6.05
4951,11204,34149,19.84,8,6779,4.48,1,33.37
4952,14965,108816,52.73,10,57404,47.79,2,25.56
4953,34376,73147,47.25,18,34580,37.87,7,23.5
4956,42233,100408,38.17,19,38344,33.35,10,33.53
4958,215741,1117274,71.39,220,797802,65.54,118,16.05
4960,89969,571705,62.56,89,357779,57.39,44,15.38
4961,41139,121254,46.51,34,56415,35.81,13,27.85
4963,445,75455,83.64,9,63121,82.03,7,1.43
4966,30597,78958,33.05,24,26110,19.79,8,28.23
4967,64604,98566,26.82,24,26463,17.74,10,46.17
4968,56782,92210,17.1,15,15786,10.29,4,46.69
4969,11532,190978,55.64,56,106296,44.91,23,6.88
4971,35713,47186,44.42,22,20971,22.09,3,27.59
4972,15494,56889,49.77,21,28324,36.61,10,24.28
4973,50402,65293,23.74,13,15517,15.44,4,42.91
4974,42978,72500,41.71,6,30253,39.73,3,29.51
4975,1024,326577,96.31,11,314557,95.92,8,0.73
4976,44766,141351,29.37,14,41539,25.2,6,35.17
4977,48242,82690,20.15,14,16684,10.73,2,49.38
4978,67,5000,82.32,1,4116,82.32,1,2.2
4979,85717,142827,43.37,48,61963,26.24,11,34.4
4980,2393,45204,58.12,14,26282,50.4,7,11.02
4989,51040,172776,18.74,25,32409,12.24,7,45.88
4990,3281,102713,53.4,32,54862,43.96,17,7.93
4991,58629,121355,52.28,35,63462,40.32,13,27.07
4992,1034,210050,82.08,38,172445,76.89,22,1.01
4994,2163,66383,86.16,30,57212,78.98,22,3.18
4995,5091,42592,67.21,22,28633,51.92,11,8.12
4996,784,99070,77.8,37,77094,65.91,19,0.92
4997,271,14665,42.96,8,6303,17.41,2,3.49
4999,46501,74417,41.21,25,30677,27.29,10,26.01
5006,14026,96946,10.24,8,9934,7.82,3,21.32
5007,4898,294940,87.69,44,258711,84.3,27,1.95
5009,81250,602471,49.31,101,297202,44.57,51,17.99
5011,33721,100674,49.35,32,49699,38.44,14,14.89
5013,9020,133416,87.31,45,116516,80.9,32,2.36
5014,52385,183265,37.37,50,68517,26.83,20,19.93
5015,26609,60639,52.0,19,31548,42.19,9,19.94
5016,2674,49622,65.97,15,32747,59.95,10,9.99
5017,6863,319,0,0,0,0,0,82.11
5201,13570,38675,57.15,18,22110,38.99,8,10.08
5202,43873,89094,53.54,13,47717,48.7,7,17.52
5203,31776,79343,44.43,18,35269,34.82,6,18.45
5204,1375,6289,18.82,1,1184,18.82,1,20.58
5205,1735,13500,74.44,2,10051,71.26,1,7.9
5206,3628,171518,85.56,33,146779,80.03,16,2.98
5207,2909,15834,38.6,8,6114,14.82,2,12.01
5209,4171,28861,55.25,4,15949,53.22,3,18.07
5210,39140,82178,47.33,19,38918,39.75,8,12.44
5211,7594,32025,47.96,12,15361,40.88,7,23.59
5212,10013,34633,79.61,16,27574,66.95,9,6.24
5213,21259,721334,86.3,82,622685,84.17,56,4.49
5215,5383,64338,53.29,22,34293,42.71,11,16.05
5216,401,17847,82.4,11,14710,57.64,4,2.85
5220,7666,39667,44.6,20,17700,19.61,5,16.75
5221,347,5573,11.3,1,630,0,0,15.82
5222,33010,91125,32.23,24,29387,22.55,10,26.78
5223,2746,44550,62.35,12,27784,54.29,7,13.25
5225,8488,79136,46.6,13,36891,39.3,4,20.7
5226,400,23300,52.74,11,12293,31.51,3,4.34
5227,59006,96000,29.19,25,28047,18.96,8,27.52
5228,3675,38056,55.15,13,20994,44.94,6,16.69
5229,129,58238,96.46,13,56185,89.33,6,0.41
5230,29694,56304,25.75,18,14507,10.27,4,30.81
5233,2999,277249,85.35,23,236705,82.42,10,2.36
5234,11307,102716,65.37,20,67167,58.51,8,9.85
5236,6720,60004,61.79,5,37084,60.89,4,15.31
5238,692,67296,83.45,15,56167,78.59,9,2.2
5239,601,24700,30.08,8,7434,16.98,3,5.26
5240,520,26582,53.83,16,14312,30.32,5,2.83
5242,1115,124895,72.3,45,90323,58.6,18,1.89
5243,30530,168529,57.97,32,97709,49.03,10,20.72
5244,9671,68242,46.8,30,31956,29.0,11,18.72
5245,3882,45127,57.84,18,26109,40.69,7,16.35
5246,8614,44974,34.03,10,15312,26.94,4,27.28
5247,510,75000,75.94,12,56961,68.74,5,1.45
5248,1895,24500,58.95,5,14446,56.84,4,14.98
5250,209,39107,97.08,1,37967,97.08,1,1.0
5251,35395,33733,33.43,4,11286,29.21,2,39.41
5253,224,40943,81.05,20,33194,58.2,5,0.96
5254,687,22607,75.68,8,17112,70.33,6,5.13
5256,1873,71602,69.01,24,49433,61.23,15,4.55
5257,809,132750,79.64,27,105735,73.71,13,1.25
5258,25247,110365,51.97,40,57381,37.41,14,15.55
5259,2364,43563,82.07,8,35759,74.45,3,5.69
5262,8040,52699,55.97,25,29502,31.97,5,6.27
5263,26658,73937,57.33,33,42396,43.86,15,12.61
5265,123,1207,0,0,0,0,0,22.11
5267,1294,25300,62.14,13,15723,46.59,5,8.48
5269,34914,74157,59.42,12,44073,54.54,6,22.88
5271,8393,63472,28.83,12,18312,20.52,4,24.09
5272,45757,55276,23.91,15,13225,10.26,3,36.39
5274,44103,37803,34.47,13,13036,22.61,4,12.32
5275,144,10264,30.86,6,3169,0,0,2.11
5276,929,39500,88.29,6,34881,85.29,4,4.14
5278,4245,300000,82.75,69,248301,77.75,45,2.58
5282,278,25006,85.81,10,21463,59.25,1,0.6
5283,27519,87601,61.24,23,53653,53.22,13,19.8
5284,9286,52893,56.89,14,30098,48.91,7,18.32
5285,12353,102041,62.89,35,64199,52.97,20,18.99
5286,910,14745,79.97,6,11795,69.95,4,4.81
5287,9769,60311,58.92,22,35549,46.77,10,21.09
5288,2921,69699,68.58,14,47818,59.82,4,7.02
5289,70444,96418,33.5,30,32325,20.9,9,30.1
5291,5400,41891,44.7,22,18734,18.7,4,21.49
5292,7655,46319,56.33,17,26104,45.71,9,16.2
5294,60,82,0,0,0,0,0,86.86
5295,157,29140,85.65,15,24968,70.39,8,0.75
5296,469,21595,35.92,7,7760,27.24,4,5.13
5297,8854,37652,19.01,9,7162,10.44,3,36.42
5299,17126,51115,51.08,10,26119,44.78,5,27.03
5301,4018,65890,80.67,11,53166,73.9,4,4.89
5302,13012,159888,51.25,22,81976,45.18,6,17.31
5304,32307,326962,88.1,23,288108,86.33,13,6.18
5306,12030,126001,69.55,23,87654,64.41,11,12.04
5307,35130,423095,41.17,93,174267,32.18,31,16.03
5309,71243,231682,35.08,38,81311,27.87,11,34.16
5310,7145,28944,56.93,14,16482,36.51,4,6.31
5312,5933,60060,55.65,17,33436,50.64,13,13.77
5314,53660,292000,41.22,42,120417,36.8,21,28.63
5315,51137,106352,30.88,27,32863,22.17,12,22.48
5321,7959,59543,60.84,22,36238,47.48,8,11.39
5324,21122,226379,80.38,49,181994,73.95,25,4.8
5325,20393,55469,33.47,8,18575,27.53,3,38.1
5328,78460,172711,39.79,18,68744,36.07,7,40.47
5336,2956,2217,0,0,0,0,0,68.85
5340,26864,194894,60.25,31,117460,53.27,8,21.3
5344,6748,79447,75.59,7,60065,73.54,4,10.72
5345,6364,37795,78.88,2,29814,78.88,2,7.24
5346,263484,1366161,37.77,305,516279,28.14,89,20.13
5347,122464,1879568,83.56,249,1570899,80.04,143,8.63
5348,1828,14776,53.12,5,7851,40.79,2,9.4
5351,102641,328774,47.02,64,154634,40.07,27,24.33
5353,6435,75765,55.35,30,41952,37.82,10,13.35
5355,32498,166123,70.54,44,117221,63.26,26,7.11
5356,53197,103040,44.52,24,45892,39.57,16,22.42
5364,7329,63850,70.28,14,44882,61.31,3,5.81
5371,105110,390981,43.03,57,168316,37.84,26,32.9
5372,5389,48614,23.62,13,11489,12.46,4,24.39
5376,3806,33702,33.73,8,11371,28.32,4,17.23
5381,27353,207691,55.59,31,115484,48.25,9,18.28
5385,8311,11156,23.82,2,2659,18.19,1,43.93
5386,30034,54121,35.78,7,19371,32.37,4,34.54
5387,141635,45000,91.32,2,41102,90.18,1,7.18
5388,34536,304343,51.96,107,158170,40.65,52,19.84
5392,66904,176562,35.53,18,62762,31.82,8,33.16
5395,2242,1759,0,0,0,0,0,41.07
5398,41511,49465,58.05,19,28728,46.3,10,7.95
5403,9528,78176,47.18,34,36901,31.24,13,19.03
5410,56943,93375,34.17,19,31920,27.13,9,28.48
5414,5075,68584,59.72,20,40969,48.11,7,10.25
5425,105176,263485,37.16,47,97951,31.42,24,39.76
5426,35924,143800,55.47,22,79788,52.77,16,21.93
5432,5521,20688,54.1,4,11196,51.4,3,28.5
5434,31588,194008,54.68,73,106115,39.34,27,14.37
5438,37902,112537,75.2,10,84641,74.38,8,9.95
5439,34876,92977,40.65,32,37823,28.05,14,30.24
5442,4828,64815,20.65,12,13391,14.61,5,16.16
5443,66104,164747,40.45,24,66671,34.61,7,35.7
5450,11741,122403,80.99,10,99141,79.37,7,5.57
5452,69471,148764,41.46,19,61707,37.73,9,29.87
5455,3432,65502,93.99,25,61570,89.0,20,1.55
5457,17280,196429,52.22,31,102598,48.05,17,17.33
5460,31557,58778,56.11,29,32994,37.2,12,15.64
5464,4406,71071,72.62,27,51625,59.03,12,7.73
5465,7853,147683,72.23,17,106683,68.79,8,11.2
5467,1835,85552,86.4,11,73931,82.8,6,2.84
5468,5891,58923,66.21,13,39021,60.35,8,13.18
5469,37064,486166,72.81,84,354043,67.39,42,12.19
5471,68484,167877,27.07,35,45468,19.26,14,38.74
5473,2484,3037,0,0,0,0,0,78.14
5474,7917,39757,56.66,8,22534,48.5,4,26.34
5475,56296,127127,31.91,22,40583,26.67,11,40.38
5478,41169,156074,79.34,29,123873,73.09,16,9.55
5481,42252,71403,65.43,22,46729,55.53,11,7.98
5483,146378,641222,59.72,156,383103,52.82,85,21.78
5484,33759,66801,37.91,11,25341,34.04,7,37.14
5487,7143,24223,71.34,15,17286,47.8,7,7.39
5488,41398,91586,46.05,31,42188,33.87,13,17.4
5489,3195,102706,85.44,14,87762,82.62,8,4.16
5490,69520,96152,37.5,28,36083,28.13,12,23.08
5492,1373,71414,98.66,1,70463,98.66,1,1.03
5493,5604,43689,43.88,17,19178,24.91,4,19.51
5497,4833,65301,26.2,14,17126,15.58,4,16.91
5498,69814,193549,34.62,24,67042,29.39,9,37.87
5501,6089,21200,28.1,4,5959,24.3,3,20.12
5505,5921,138832,65.63,47,91144,50.92,15,7.0
5506,7578,152545,66.77,34,101884,58.45,12,6.12
5508,18533,217428,68.71,19,149432,65.91,8,14.48
5511,6151,136000,68.11,43,92658,58.52,21,7.39
5512,78394,766312,61.85,160,474121,54.58,71,9.05
5514,10389,236118,92.43,51,218279,87.53,32,1.19
5515,11455,201600,70.82,57,142807,63.29,31,7.72
5516,1794,51545,70.79,15,36501,60.51,7,4.62
5519,18378,230157,57.44,44,132255,51.16,20,14.64
5520,1220,59975,83.75,23,50242,73.58,12,2.22
5521,63318,492280,59.15,100,291317,52.7,47,10.11
5522,17914,781596,88.67,59,693272,86.21,29,4.25
5523,2577,155001,92.38,31,143228,89.12,23,1.37
5524,3911,58667,30.78,22,18070,11.6,4,16.07
5525,4811,318105,88.42,69,281373,84.18,49,2.08
5529,11418,105769,73.54,20,77812,67.78,10,4.6
5530,12147,420084,82.77,50,347828,79.36,26,4.57
5531,14845,977589,85.94,84,840418,83.31,41,3.15
5532,820,17804,31.03,8,5527,5.88,1,4.85
5533,5604,285245,80.62,78,229989,71.16,34,3.41
5534,22748,315326,68.85,83,217178,59.47,41,11.61
5536,29417,124081,57.23,58,71055,38.72,20,11.86
5538,1321,201203,93.89,21,188934,92.43,17,0.97
5541,86,26427,82.05,10,21689,76.05,7,0.26
5543,1065,46704,72.97,29,34091,46.24,9,2.71
5546,1341,82353,84.57,18,69659,77.77,9,2.53
5547,1358,45288,65.82,13,29820,54.69,6,5.03
5548,2364,58529,64.64,17,37844,58.65,12,6.17
5601,863,64800,79.75,44,51692,47.23,11,1.14
5603,29920,104877,54.75,22,57434,49.78,13,18.43
5604,10958,108783,67.12,46,73033,52.8,21,6.95
5607,17443,370553,75.89,60,281295,69.51,22,6.3
5608,89715,389276,28.59,54,111345,23.27,20,30.16
5609,37854,142884,52.6,46,75181,46.96,32,23.02
5701,51751,143000,54.07,20,77345,49.17,8,16.58
5702,1936,5293,0,0,0,0,0,45.88
5703,1956,70240,88.29,25,62024,83.83,19,3.45
5704,3498,58862,83.9,23,49392,79.45,19,7.18
5706,28332,83768,38.98,14,32667,34.34,6,31.36
5810,48641,916440,72.89,99,668180,69.0,39,7.7
5859,3583,1450278,96.83,47,1404615,96.15,31,0.51
5863,27029,320202,81.43,44,260790,77.07,23,5.15
5864,15398,504490,67.38,114,340058,59.94,54,5.3
5871,111860,1711421,70.89,358,1213555,65.13,201,10.21
5871A,8160,150000,68.71,45,103099,59.74,25,5.07
5876,50303,4861603,88.1,811,4284041,82.52,365,1.45
5878,1791,25024,72.36,13,18111,54.25,6,11.62
5880,410100,15680937,74.48,1772,11681995,70.57,726,4.69
5901,5002,22907,77.87,2,17837,77.87,2,8.64
5902,2587,94500,85.49,16,80802,81.58,10,3.56
5903,17451,223220,91.42,26,204109,88.19,16,5.43
5904,81297,1064438,82.72,197,880811,78.38,117,8.4
5905,45793,281623,46.99,44,132396,40.69,16,16.23
5906,969,35741,86.27,9,30838,82.48,7,1.81
5907,5516,195531,69.35,29,135656,64.0,12,6.64
6005,115983,2170908,70.23,279,1525074,66.6,152,8.74
6015,73137,403665,49.77,91,200987,42.03,40,12.07
6016,77424,686596,50.67,132,348022,44.22,57,10.93
6020,1904,252353,96.88,10,244497,96.23,8,0.81
6021,4181,312231,90.43,47,282428,86.48,27,1.57
6023,15168,367973,85.41,23,314396,83.27,9,4.52
6024,16987,249938,69.44,31,173602,64.84,11,10.74
6026,44108,396162,49.71,91,197001,40.56,34,10.83
6027,829,155720,95.64,10,148963,93.77,6,0.46
6028,1632,25000,64.58,12,16148,50.64,5,8.48
6035,2282,71455,93.9,20,67109,83.86,9,2.19
6101,3470,116602,87.76,40,102349,77.26,24,4.16
6103,3145,13605,91.26,5,12416,83.83,3,4.33
6104,56313,91129,18.22,15,16625,12.23,6,43.27
6107,5295,87438,40.93,17,35809,34.67,8,13.79
6108,57832,154494,54.38,41,84058,45.54,20,14.22
6109,34202,87825,49.52,32,43514,37.56,17,12.19
6110,2631,29369,18.42,7,5412,7.18,2,14.24
6111,45644,108511,45.18,24,49052,40.55,16,24.19
6112,33549,188357,59.05,14,111269,55.68,5,20.32
6113,8314,52549,53.29,8,28007,52.17,7,21.04
6114,5385,43912,72.79,8,31970,65.48,3,8.87
6115,14156,187662,61.5,31,115452,56.64,17,16.48
6116,376346,2858655,41.98,197,1200741,39.34,73,26.34
6117,14156,92587,54.74,15,50695,49.06,7,24.72
6118,8993,90890,56.72,16,51570,51.7,9,19.25
6120,59824,599000,60.12,81,360233,55.32,33,12.58
6121,18578,184971,67.68,83,125217,50.57,32,10.39
6122,35661,78092,31.15,19,24345,22.08,9,27.93
6123,10370,62089,43.31,20,26904,33.39,9,20.76
6124,8991,182480,93.72,18,171066,92.31,14,4.36
6125,90942,259011,35.75,33,92651,30.89,14,35.19
6126,70797,130219,36.85,24,48015,31.18,13,31.97
6127,74290,108080,22.11,17,23919,15.67,7,48.6
6128,7516,127589,59.91,27,76475,54.48,16,11.38
6129,72865,180944,17.05,16,30876,14.0,6,37.02
6130,29449,46300,62.44,15,28919,47.88,6,7.88
6131,5936,34793,41.19,9,14337,29.63,3,17.02
6132,4750,63797,35.48,25,22649,15.67,5,15.88
6133,22465,117006,47.05,19,55067,42.95,12,24.09
6134,17858,81882,54.23,17,44427,46.77,7,18.99
6135,7557,76189,38.43,12,29288,34.25,6,13.34
6136,45204,115536,47.05,36,54388,34.75,13,19.36
6137,11237,101358,38.79,29,39333,26.67,9,15.26
6138,30260,75636,46.72,23,35347,33.95,8,22.57
6139,48541,235576,65.1,74,153411,52.84,29,14.71
6140,9777,54898,46.44,17,25505,34.47,7,26.49
6141,15842,113354,53.76,41,60962,43.12,22,15.57
6142,48973,330779,59.12,55,195645,51.4,14,10.52
6143,55488,86059,27.16,18,23392,17.65,4,42.46
6144,1474,38274,89.54,3,34272,89.54,3,5.28
6146,20724,101867,55.42,30,56474,42.87,10,14.44
6147,158738,744594,63.64,135,473959,58.58,75,22.45
6148,27837,46604,35.2,7,16409,33.68,6,33.95
6149,3071,31880,39.03,7,12445,35.09,5,15.81
6150,40108,48346,16.28,7,7881,12.01,3,44.72
6151,19109,55257,37.47,20,20719,22.49,7,22.73
6152,41097,167738,25.31,32,42480,16.67,10,25.91
6153,80586,636178,46.81,95,297868,41.42,37,17.63
6154,10732,80080,63.31,21,50715,54.44,10,16.27
6155,15570,88024,54.12,22,47652,48.92,14,27.2
6156,38238,107875,40.02,23,43192,33.65,11,22.56
6158,36373,55698,43.23,16,24089,34.12,9,21.3
6160,45108,68489,38.62,16,26457,29.81,7,25.36
6161,23105,56237,40.57,6,22829,35.28,1,24.78
6162,3800,79762,52.0,24,41487,43.9,13,10.11
6163,47041,148839,43.55,36,64832,34.58,15,25.09
6164,46443,80000,23.76,19,19024,13.73,5,31.49
6165,41278,77753,49.57,27,38557,36.6,12,12.93
6166,13617,218071,77.58,60,169210,68.81,31,7.58
6167,28997,146000,42.57,31,62175,35.79,16,18.67
6168,35029,205762,45.87,21,94413,43.77,13,27.34
6169,40800,23395,30.97,4,7247,26.44,2,29.91
6170,33390,97260,57.49,20,55932,53.73,14,17.74
6171,2365,100000,87.64,23,87645,79.38,11,2.97
6172,1899,30000,91.42,9,27428,85.37,7,5.51
6173,57036,171200,63.29,26,108394,58.49,13,23.96
6174,9571,50000,63.23,14,31620,56.73,8,18.73
6175,22964,150122,60.81,22,91327,55.96,10,25.06
6176,71550,465027,46.16,129,214733,36.42,58,24.8
6177,20832,471891,75.59,126,356812,66.99,64,6.62
6179,49429,177325,41.93,46,74387,33.38,22,17.56
6180,57653,175494,50.17,32,88067,45.91,20,28.14
6181,3941,45627,12.13,6,5542,7.16,2,16.57
6182,205316,636946,37.42,100,238482,33.37,59,36.82
6183,37256,150000,77.45,32,116189,71.06,17,5.6
6184,7660,162128,72.14,29,116998,67.84,18,8.74
6185,46470,149868,52.19,45,78246,40.01,16,14.08
6186,58682,194908,51.66,32,100735,46.64,16,14.66
6187,53740,98263,55.39,49,54438,35.61,18,16.94
6188,68582,278359,42.75,40,119054,36.89,13,30.77
6189,63835,263919,35.12,69,92738,24.18,29,27.44
6190,60432,195828,36.19,44,70915,28.49,19,36.4
6191,82025,499303,57.75,56,288457,52.52,17,22.58
6192,8167,96156,57.11,39,54932,45.35,20,12.52
6193,8874,177808,61.36,38,109151,56.66,25,9.87
6194,4883,48000,56.61,18,27184,40.97,7,14.72
6195,11207,50193,53.24,7,26729,52.4,6,25.23
6196,32359,220330,71.99,46,158666,66.46,25,11.97
6197,50225,125850,44.84,25,56456,37.54,10,30.14
6198,6532,171400,94.33,8,161710,92.94,4,1.47
6199,1862,61760,82.58,22,51013,78.15,17,3.95
6201,5964,89200,69.11,21,61661,61.43,11,11.87
6202,57051,230388,42.36,46,97635,35.95,22,28.45
6203,10101,82401,59.22,16,48809,52.21,6,22.57
6204,22561,23102,29.71,3,6867,25.64,2,44.05
6205,12545,82236,45.93,24,37781,40.77,17,26.4
6206,15657,143062,56.6,45,81009,47.83,24,17.31
6207,68017,93259,19.0,17,17733,10.98,5,56.92
6208,12614,94462,64.42,42,60876,51.62,23,17.81
6209,58740,182080,40.12,47,73076,31.3,25,33.08
6210,3080,35048,54.11,16,18970,36.44,7,16.89
6212,972,102000,91.76,27,93613,86.12,18,0.99
6213,62893,363617,68.05,75,247485,60.72,37,15.81
6214,53738,272243,57.46,72,156489,47.18,29,19.4
6215,56080,82790,32.27,14,26731,26.4,6,41.56
6216,32376,97417,39.34,26,38334,29.95,10,24.31
6217,84088,117210,26.89,27,31551,17.62,12,46.49
6218,28531,64262,48.87,19,31418,37.36,7,26.98
6219,5832,124967,70.17,22,87710,67.35,15,7.24
6220,34548,146463,63.66,53,93271,53.57,28,9.95
6221,31907,168612,74.51,20,125662,72.41,14,6.97
6222,1837,95689,90.02,11,86156,84.51,3,2.11
6223,52275,97981,50.42,33,49421,39.47,14,10.12
6224,43226,85645,36.9,23,31619,24.5,8,26.04
6225,5484,27800,69.7,6,19379,62.15,2,7.13
6226,53256,115535,17.66,15,20435,13.45,6,40.57
6227,7378,76112,72.52,7,55208,67.6,1,13.33
6228,1875,26000,80.44,5,20917,75.5,3,8.15
6229,30510,40361,36.21,6,14619,32.8,4,24.94
6230,7492,86343,87.81,3,75819,87.81,3,7.09
6231,25510,45652,32.58,11,14882,25.08,5,33.43
6232,36884,451258,18.69,60,84458,13.37,18,18.31
6233,62010,81022,28.36,17,22990,19.75,6,35.32
6234,31103,100386,54.13,19,54354,50.21,13,23.3
6235,61581,199906,40.22,23,80424,34.8,6,28.97
6236,914,41654,92.73,4,38632,87.98,1,1.65
6237,72389,79645,18.54,11,14781,12.7,4,43.75
6239,183333,759147,62.81,168,477046,56.45,90,21.4
6240,1059,22867,82.79,9,18939,70.93,5,4.59
6241,24311,58700,56.21,9,33006,49.86,3,12.44
6242,3143,31806,63.7,7,20266,55.47,3,13.62
6243,59709,45269,20.83,6,9436,17.67,3,48.18
6244,94670,387042,33.39,70,129338,27.52,31,29.8
6245,19508,146608,45.67,25,66994,39.92,12,21.13
6246,32716,37851,62.99,7,23847,53.99,1,13.06
6248,32339,99956,48.9,24,48902,43.61,15,16.85
6249,207,2867,14.82,1,425,0,0,16.21
6250,1161,18249,70.88,2,12937,67.95,1,6.96
6253,453,5879,0,0,0,0,0,15.31
6254,518,30882,49.51,13,15294,36.43,6,3.4
6256,457,1843,0,0,0,0,0,52.65
6257,114494,483912,49.47,141,239514,40.67,70,23.93
6259,9782,28056,44.49,4,12486,41.09,2,24.27
6261,54985,128498,40.21,31,51688,31.56,13,30.75
6262,1344,20451,28.67,5,5866,16.81,1,16.1
6263,11421,62501,43.35,7,27100,40.96,4,26.87
6264,4168,136355,71.69,28,97795,67.34,18,5.55
6265,36424,118172,50.81,18,60065,47.53,12,22.8
6266,45771,153872,38.76,37,59662,30.96,18,19.45
6269,80559,323831,31.53,72,102179,23.23,27,31.75
6270,34069,72146,41.0,16,29594,36.56,10,29.59
6271,67073,209058,48.52,63,101458,38.2,30,30.39
6272,4883,81764,51.33,33,41979,36.21,14,12.46
6274,99188,299460,66.9,98,200418,55.06,44,15.33
6275,36657,80345,29.58,16,23776,23.41,7,35.17
6276,29781,22043,50.79,3,11199,48.82,2,27.12
6277,10104,119471,58.28,45,69636,43.5,17,16.55
6278,45772,292398,60.03,88,175599,50.08,44,22.46
6279,19674,119016,49.32,39,58729,39.91,22,22.36
6280,172,65492,99.95,1,65460,99.95,1,0.04
6281,10330,99173,56.28,37,55836,43.58,16,19.03
6282,163734,856101,42.42,113,363304,38.5,56,30.6
6283,15298,148981,62.93,21,93793,57.56,7,13.84
6284,53797,148980,49.06,18,73114,44.36,6,28.89
6285,91358,483664,63.36,103,306532,57.81,59,20.26
6287,4210,121451,94.0,7,114178,93.08,5,2.42
6289,10247,524,0,0,0,0,0,54.73
6290,61085,169652,36.85,51,62560,25.95,23,37.67
6291,9883,42000,62.85,5,26398,62.85,5,15.37
6292,7190,46601,46.76,8,21797,39.72,3,27.7
6294,12175,26047,37.27,4,9709,33.46,2,31.26
6295,350,1889,22.32,1,422,0,0,21.06
6299,123,25576,98.35,1,25154,98.35,1,0.71
6402,2015,58222,64.01,24,37276,48.9,10,4.07
6403,2577,15332,41.54,1,6369,41.54,1,13.4
6404,9032,24358,67.09,5,16343,63.48,4,9.82
6405,6622,65800,53.55,25,35248,39.29,9,18.38
6406,1073,35647,58.18,5,20744,53.35,2,8.78
6407,5958,75130,37.29,18,28029,30.08,9,18.68
6409,17043,88254,66.0,38,58263,52.49,18,10.32
6411,56187,99514,34.82,32,34675,21.85,11,28.99
6412,23666,400769,78.88,51,316202,75.04,25,9.79
6414,17583,157143,66.49,59,104515,52.26,20,10.54
6415,25890,389845,79.41,156,309676,65.7,66,4.91
6416,22364,73348,48.62,18,35677,36.69,4,18.73
6417,1542,42274,67.86,20,28695,52.16,10,4.9
6418,2395,34522,57.44,10,19836,52.67,7,12.78
6419,27074,13159,40.51,4,5333,32.17,2,22.66
6423,3382,31016,41.36,13,12830,22.53,4,16.72
6425,9186,51382,42.65,14,21921,34.15,7,30.38
6426,19065,38509,42.43,7,16344,34.93,3,26.51
6428,1177,17682,91.64,3,16205,89.36,2,3.53
6429,270,9348,37.74,5,3530,11.76,1,6.76
6431,17722,97399,70.53,20,68708,65.53,11,4.22
6432,36001,40018,34.66,13,13879,16.68,3,34.47
6434,9074,463602,85.15,21,394811,83.96,12,4.83
6435,10140,37461,54.1,6,20268,48.31,2,24.53
6437,403,32300,65.0,19,21003,40.87,7,3.09
6438,46365,82206,32.54,20,26770,21.73,8,35.31
6441,34914,53318,45.19,6,24100,41.86,2,23.63
6442,69212,81818,55.65,34,45548,36.11,10,21.7
6443,158846,512797,18.11,46,92954,15.59,22,46.82
6446,54240,422437,57.92,157,244728,44.19,64,9.25
6449,31112,91886,74.2,27,68210,64.71,12,12.43
6451,30973,117175,69.74,21,81732,62.61,7,19.23
6452,11642,100131,39.19,24,39268,30.47,9,23.78
6453,622,3516,0,0,0,0,0,38.12
6455,564,37095,68.47,16,25404,51.47,8,2.5
6456,36492,337940,49.66,50,167897,45.92,27,22.35
6458,2714,26789,65.25,6,17483,63.74,5,6.17
6461,25090,178352,63.83,33,113883,54.73,7,8.5
6462,46925,91251,30.11,18,27487,21.28,5,37.44
6464,2140,128782,85.4,43,110013,78.19,28,1.83
6465,3250,59074,67.09,13,39640,58.26,5,8.23
6467,4255,52409,35.99,17,18874,21.83,4,15.29
6468,162,12074,98.62,1,11909,98.62,1,0.94
6469,28979,150105,47.87,30,71879,41.22,14,24.84
6470,27212,37694,41.15,2,15513,40.01,1,32.44
6471,359,851,0,0,0,0,0,61.54
6472,31547,128022,56.81,36,72751,45.24,11,23.37
6473,9782,60000,78.0,27,46809,64.17,15,2.82
6474,1571,52526,67.46,29,35439,44.6,10,4.65
6475,929,34784,73.13,12,25443,56.66,1,4.68
6477,29565,124053,43.49,27,53980,37.38,13,28.39
6479,876,57300,86.79,9,49743,79.32,3,2.03
6481,107,27204,96.01,6,26122,91.6,4,0.8
6482,2023,28634,67.6,8,19358,65.78,7,11.08
6483,16965,66808,44.33,35,29627,18.76,7,5.73
6485,41036,47366,25.3,10,11991,19.1,5,33.43
6486,30277,50893,43.08,5,21929,40.45,3,28.44
6488,83181,478114,79.42,108,379782,71.31,48,8.09
6489,279,28470,62.98,18,17933,36.92,7,1.79
6490,425,38754,70.62,10,27375,64.16,6,2.75
6491,9981,78000,65.78,24,51327,54.86,10,12.59
6492,45941,89904,31.9,19,28689,27.09,12,24.17
6493,1034,30050,80.37,9,24152,80.37,9,6.2
6494,38323,31560,16.35,8,5166,5.22,1,35.49
6495,12153,172031,52.59,39,90506,43.12,13,7.57
6496,10212,47290,65.96,9,31199,62.53,7,19.6
6497,1558,189955,97.19,5,184632,96.46,2,1.69
6498,6624,47476,69.66,19,33081,55.66,8,10.79
6499,7776,96945,41.99,14,40728,36.06,4,14.87
6502,134,8719,90.96,1,7931,90.96,1,0.83
6503,77,12012,80.41,3,9660,80.41,3,1.52
6504,5139,72600,70.63,23,51293,64.44,15,12.24
6505,97448,9525960,95.64,178,9112681,95.16,100,1.72
6506,4343,82361,60.94,39,50201,45.36,17,8.61
6508,15198,86539,61.89,16,53562,59.71,13,21.98
6509,56276,197434,37.24,50,73569,26.73,20,27.79
6510,17462,32929,53.21,9,17530,40.03,3,11.58
6511,642,60000,72.03,24,43229,57.36,9,2.89
6512,6681,25260,36.04,10,9112,17.69,3,20.27
6515,43551,36449,50.43,16,18387,36.48,8,10.93
6516,3716,56337,53.55,15,30177,43.18,5,11.17
6517,22309,30579,19.7,4,6029,17.96,3,42.75
6518,523,33333,84.46,12,28157,74.1,7,2.34
6523,6146,45048,63.08,8,28418,61.69,7,20.4
6525,12663,129047,68.42,26,88329,58.83,7,12.89
6526,20508,167506,78.65,16,131776,76.21,9,9.02
6527,2149,25459,43.93,7,11185,33.18,2,9.5
6529,399,12699,71.81,7,9121,41.45,1,5.3
6530,34918,33750,18.73,7,6324,8.93,2,44.38
6531,45880,163180,64.72,58,105636,53.08,27,11.77
6532,29988,37445,33.22,14,12445,18.46,4,32.65
6533,33918,50651,20.88,7,10581,16.13,3,44.39
6534,1937,102800,83.55,32,85911,76.67,20,3.0
6535,10778,167841,64.65,38,108528,56.38,15,9.41
6536,1183,26324,74.32,9,19569,58.26,2,4.17
6538,37774,38586,45.15,19,17425,20.45,5,22.1
6539,1008,24349,85.23,10,20757,75.51,6,3.87
6540,131,220435,99.05,3,218375,98.57,1,0.11
6541,12033,265146,71.62,44,189952,66.19,19,7.05
6542,884,42001,84.7,14,35586,77.61,10,2.65
6543,12308,55855,66.73,27,37286,49.68,11,2.1
6545,1238,22080,44.15,7,9751,37.79,5,13.39
6546,12601,66848,40.04,13,26786,29.91,1,26.38
6547,50395,333225,35.76,66,119248,28.7,24,18.3
6548,29475,950465,87.7,94,833680,85.32,58,5.48
6549,25468,80122,31.19,28,25003,16.14,6,11.26
6550,25405,894793,77.06,77,689637,73.74,29,6.17
6551,1188,71785,83.69,11,60095,79.32,6,3.11
6552,7725,83000,58.37,7,48457,55.76,3,18.61
6555,4594,119230,69.5,17,82899,64.58,7,8.77
6556,1419,28750,77.5,12,22284,63.64,6,7.69
6558,47045,93789,41.52,10,38955,38.61,6,31.34
6559,1917,23189,52.92,11,12276,31.62,3,17.0
6560,3359,32475,40.51,7,13161,32.29,3,18.51
6561,7151,77958,73.07,12,56978,70.24,8,8.72
6562,11454,118190,52.76,9,62365,50.33,5,15.65
6563,1114,29743,31.06,11,9243,10.33,1,7.5
6564,3693,72134,64.81,11,46768,59.53,6,10.91
6565,1213,27144,39.98,9,10855,28.73,5,8.86
6566,663,32152,84.51,6,27176,79.36,3,3.43
6567,630,102850,88.54,30,91083,80.22,15,1.26
6568,24717,30800,41.86,8,12897,29.94,1,22.86
6569,3950,39071,66.61,7,26031,61.23,3,12.88
6570,8067,37119,45.95,16,17060,29.74,5,22.41
6572,4307,103650,69.14,16,71690,64.91,9,9.74
6573,5941,80499,64.7,16,52102,59.24,8,16.18
6574,2879,21990,79.56,8,17498,75.44,6,8.81
6575,6886,135270,54.4,18,73629,51.06,10,8.89
6576,30316,157579,67.3,37,106063,60.21,20,6.59
6577,3732,60060,74.0,7,44453,68.34,2,10.52
6578,18824,71942,63.82,20,45926,55.81,10,9.77
6579,7342,169451,85.23,18,144448,82.48,10,6.01
6580,3882,112120,58.06,42,65126,45.66,21,8.07
6581,2305,111271,90.06,18,100231,86.88,11,2.87
6582,9221,106174,74.26,12,78861,71.21,8,11.53
6583,315,15947,82.44,9,13150,53.46,2,2.81
6584,11539,71382,75.51,27,53913,62.71,11,11.05
6585,4329,72445,78.1,12,56595,72.47,5,9.27
6586,29387,214010,62.42,36,133644,56.1,13,8.21
6588,38207,34701,25.53,7,8862,18.13,3,33.19
6589,22946,307076,58.4,60,179398,50.45,22,13.98
6590,2243,24964,57.04,13,14246,30.04,3,13.17
6591,44515,41122,25.53,8,10507,20.08,4,31.51
6592,25282,641845,80.05,63,513930,76.06,25,6.75
6592A,3625,50000,85.41,15,42707,75.84,6,6.67
6592B,5161,50000,81.28,17,40648,67.19,8,7.02
6593,34499,31857,46.07,14,14683,29.83,6,29.29
6595,8965,49858,80.57,25,40180,57.3,6,1.36
6596,17217,38000,26.83,6,10202,22.73,3,41.08
6597,963,30042,80.71,7,24253,72.45,3,4.84
6598,37024,102819,52.51,38,54013,37.24,12,11.24
6599,292,21000,76.44,4,16057,71.03,2,1.89
6601,361,44695,86.87,5,38836,84.46,3,1.53
6602,404,1236,0,0,0,0,0,64.82
6603,24338,167443,54.98,62,92093,41.2,24,13.46
6604,877,43731,85.77,9,37516,79.76,4,3.53
6605,15999,165816,67.18,42,111444,58.71,20,12.3
6606,9579,110304,70.31,40,77569,61.25,25,6.46
6607,68,9346,81.0,5,7571,76.22,4,1.21
6608,313,60000,96.78,8,58073,93.72,6,0.98
6609,9629,72456,57.8,7,41887,55.69,4,21.01
6610,3028,205579,82.8,12,170264,80.35,5,3.37
6611,459,1467,91.68,1,1345,91.68,1,8.3
6612,2766,47515,64.71,20,30752,44.57,6,8.99
6613,10049,77801,60.08,8,46748,55.52,1,16.71
6614,4006,80661,74.24,6,59895,73.66,5,9.6
6615,5199,21593,51.51,12,11128,35.88,5,22.61
6616,1573,35478,62.9,11,22321,53.85,6,7.79
6617,7013,127506,67.76,27,86421,59.79,11,9.38
6618,37020,104816,31.49,30,33022,22.17,12,13.54
6620,20127,169982,59.47,45,101119,48.32,13,9.26
6621,32141,35501,36.8,10,13073,23.52,3,17.45
6622,936,35301,65.06,14,22975,53.1,8,4.38
6624,846,22579,74.12,8,16740,59.54,3,4.7
6625,10514,57972,48.87,14,28337,44.07,10,22.09
6626,424,8936,77.35,4,6913,59.56,1,5.62
6627,267,28352,77.55,16,21990,65.81,10,1.55
6629,945,38380,84.01,10,32249,79.95,7,2.98
6633,1367,11129,95.66,1,10646,95.66,1,3.98
6634,2217,71289,66.26,25,47245,51.3,9,6.18
6637,3315,26810,59.22,9,15881,53.8,7,19.58
6638,1139,30000,70.36,7,21114,56.74,1,6.89
6639,906,57645,72.07,18,41553,60.31,8,3.36
6640,13850,28912,65.67,3,18991,63.77,2,17.71
6641,2009,36500,60.24,16,21993,49.83,9,9.63
6642,3295,37400,57.36,11,21457,46.24,5,13.46
6643,22730,42090,36.25,6,15267,33.83,4,36.55
6645,6625,60864,43.65,24,26585,26.17,7,10.95
6648,9231,50000,64.84,21,32432,49.42,9,6.61
6649,18447,42000,52.33,18,21994,32.85,5,7.58
6650,488,31090,80.17,17,24927,61.87,8,2.3
6651,3587,34602,50.9,17,17621,32.55,5,13.66
6652,1689,137000,79.07,38,108355,69.5,16,2.81
6653,282,6000,95.45,1,5727,95.45,1,1.16
6654,3441,40963,79.19,12,32446,71.17,6,3.93
6655,972,80572,86.15,24,69439,76.46,12,1.19
6656,66,12228,90.33,4,11047,82.4,3,0.71
6657,15509,88808,34.81,25,30929,22.08,7,15.69
6658,10904,36370,42.74,12,15552,31.36,5,21.38
6659,1027,85883,81.91,24,70372,72.19,10,2.24
6661,1299,23304,65.94,6,15368,61.75,4,9.3
6662,4699,25612,47.63,10,12202,40.14,7,7.97
6664,16520,61151,55.08,24,33692,36.54,11,23.26
6665,1834,45350,65.84,8,29864,59.39,4,8.38
6666,2199,47388,78.82,9,37357,77.96,8,7.12
6667,13147,49279,51.21,11,25245,43.57,5,28.99
6668,13909,107116,53.57,12,57391,51.53,8,20.6
6669,84971,187360,65.17,51,122138,54.33,17,7.45
6670,6255,139387,79.35,67,110632,65.75,36,5.15
6671,1382,60750,75.0,36,45576,58.2,18,4.4
6672,55559,82211,28.88,23,23757,17.49,8,44.62
6673,3150,26660,30.57,4,8156,25.42,2,28.35
6674,1770,68551,84.27,9,57774,81.38,6,5.25
6676,4374,169685,61.73,43,104781,55.34,25,5.94
6677,1870,56039,64.0,13,35871,57.04,6,7.13
6679,6295,54975,55.67,17,30614,46.2,9,13.32
6680,922,23954,72.73,10,17426,64.57,7,4.55
6682,11032,147106,52.56,22,77351,47.41,11,14.76
6683,29427,27557,22.4,6,6175,11.24,1,28.3
6684,23917,44559,36.4,6,16226,31.51,2,34.39
6688,197,19000,73.88,12,14039,49.8,5,1.74
6689,9950,68000,48.14,24,32747,35.59,11,25.21
6690,5260,30000,59.88,3,17965,59.88,3,21.13
6691,14995,121487,69.74,48,84746,53.82,18,9.53
6692,2129,58844,71.62,16,42156,61.77,6,5.41
6693,6024,45720,41.85,12,19140,31.39,4,16.53
6695,17690,107000,49.82,17,53323,45.42,10,21.48
6696,13665,82920,38.1,27,31612,25.97,10,17.5
6697,2189,27323,66.79,6,18252,61.11,3,13.89
6698,35750,66390,38.27,14,25420,31.08,6,25.34
6699,762,48819,85.49,16,41744,75.24,9,1.78
6701,758,365682,97.98,3,358306,97.98,3,0.34
6702,11483,758660,79.7,98,604790,75.43,45,2.87
6703,23309,36257,51.17,13,18563,38.69,6,20.64
6704,3568,95949,39.58,32,38008,26.76,9,8.53
6705,652,18005,73.58,10,13250,54.99,4,5.23
6706,48009,78549,26.75,21,21032,15.39,6,36.97
6707,1445,59003,80.07,15,47251,71.73,7,4.77
6708,2303,29009,52.06,12,15108,42.81,7,12.89
6709,1953,69380,64.28,23,44607,52.02,8,6.04
6712,29040,101764,41.06,24,41807,32.12,9,20.03
6713,885,29477,60.25,15,17768,37.76,4,7.02
6715,4346,68274,79.36,22,54195,68.42,10,5.6
6716,3134,30242,37.25,12,11272,22.92,4,13.99
6717,427,24937,75.04,13,18714,56.28,6,3.44
6719,27228,105521,48.18,12,50861,43.05,4,27.3
6720,1361,30226,58.23,20,17609,25.5,5,6.02
6721,1629,24500,50.55,9,12388,37.77,3,9.46
6722,2575,88400,76.79,16,67896,74.1,12,5.6
6723,1147,30039,58.68,12,17634,42.18,4,6.98
6724,1841,7100,62.32,2,4425,62.32,2,16.12
6725,6486,37130,64.52,10,23965,58.66,7,18.32
6727,41390,26884,22.78,9,6126,7.03,1,31.71
6728,2935,30120,63.32,9,19076,59.01,7,13.57
6729,1529,27661,47.89,11,13250,31.18,4,9.65
6730,1003,36298,74.21,20,26944,60.59,12,4.31
6731,186,54554,99.44,1,54249,99.44,1,0.44
6732,9567,48913,49.45,4,24191,46.31,1,26.86
6733,7396,134316,48.67,26,65404,40.25,7,11.81
6734,2140,40623,59.4,15,24138,46.05,5,9.59
6735,5295,46182,48.6,16,22453,35.59,6,17.63
6736,850,2596,93.39,1,2424,93.39,1,3.5
6737,1381,60050,80.78,23,48511,74.71,19,4.66
6738,559,36714,64.96,24,23858,45.37,12,2.45
6739,11217,23392,57.43,9,13436,48.11,5,20.13
6741,6895,120578,69.1,37,83338,58.46,17,9.54
6742,41229,71268,35.99,22,25662,25.94,9,27.29
6743,9370,150000,63.07,28,94638,57.08,14,11.97
6744,425,15400,65.84,7,10141,52.96,3,4.44
6748,6876,71683,35.47,20,25447,27.04,10,14.79
6750,1834,44707,58.99,22,26381,40.28,8,7.82
6751,2439,22200,64.47,4,14315,56.93,1,16.4
6752,3669,37144,47.74,19,17737,21.07,4,11.61
6753,16199,117300,61.08,26,71663,53.52,13,17.64
6754,2206,66000,83.1,9,54851,81.35,7,5.18
6755,1244,39823,53.7,16,21390,40.96,7,5.99
6756,8424,69990,62.21,8,43550,57.88,2,17.39
6757,136417,459530,75.26,31,345966,72.93,13,12.78
6758,244,13471,81.83,3,11025,74.89,1,2.74
6761,12497,34956,39.1,9,13673,26.98,2,28.15
6762,903,36930,78.96,19,29170,63.74,10,2.97
6763,18261,184039,61.44,20,113115,57.89,10,18.74
6764,255,38203,98.27,2,37543,98.27,2,0.6
6767,1467,39184,59.23,10,23218,51.86,4,7.44
6768,7121,200095,81.17,34,162438,76.02,18,6.27
6770,678017,4715360,46.68,524,2201931,42.42,192,24.68
6771,1822,31180,40.86,16,12745,18.13,4,11.26
6775,4251,109500,62.49,24,68442,57.04,15,7.39
6776,7619,91581,66.59,14,61009,61.35,6,15.6
6780,238,16470,84.38,12,13902,53.12,4,1.54
6781,27913,85419,70.54,8,60267,67.77,4,15.55
6782,6973,63000,48.3,22,30446,31.17,6,11.35
6784,907,19077,51.09,9,9750,30.24,3,9.0
6785,4447,66800,62.36,21,41671,54.68,12,9.3
6786,17344,30838,9.03,5,2788,0,0,27.81
6787,19815,81007,24.24,23,19654,9.69,4,20.61
6788,28009,38740,24.15,10,9368,14.22,3,40.13
6789,53897,318299,72.54,23,230962,69.08,6,14.16
6790,11096,267129,78.88,26,210769,75.31,10,7.85
6791,1984,20847,74.24,9,15483,56.02,3,11.7
6792,4029,47875,53.89,7,25808,48.08,3,15.48
6793,23703,75600,38.65,27,29240,22.4,7,11.65
6794,1144,63637,79.01,22,50295,66.19,10,3.03
6796,3059,40234,47.42,13,19082,33.96,4,12.34
6797,26697,30732,48.58,12,14937,29.99,4,18.69
6798,5929,19572,70.99,9,13899,55.68,4,2.21
6799,29991,43712,32.13,9,14052,21.04,2,31.44
6803,14751,72794,56.22,5,40936,54.28,2,24.75
6804,2224,47500,62.82,22,29847,47.18,11,7.74
6805,24777,68554,60.86,24,41734,46.1,9,11.77
6806,30979,274643,59.93,15,164626,58.14,5,17.69
6807,982,54000,82.59,16,44610,73.55,8,2.62
6808,2211,77840,53.73,19,41839,42.59,5,5.94
6810,25132,49448,35.35,14,17487,21.39,3,10.32
6811,5252,41449,65.45,3,27135,61.99,1,13.42
6812,7173,30603,41.01,11,12554,26.33,3,15.95
6813,633,23388,62.5,10,14623,48.86,5,6.95
6814,723,41874,82.78,14,34673,73.54,8,3.31
6815,8400,39706,67.2,21,26691,49.84,11,6.42
6816,433,12180,70.99,3,8648,61.98,1,5.18
6817,1104,18417,54.89,1,10110,54.89,1,10.36
6818,1412,25503,66.55,6,16976,55.96,2,10.39
6819,1333,33974,56.55,13,19220,45.18,7,7.26
6820,1517,22253,73.6,5,16380,73.6,5,7.86
6821,4060,35767,50.32,13,18007,39.18,7,19.63
6823,2516,30534,55.7,6,17011,51.58,4,12.46
6825,573,33651,73.37,11,24692,61.71,5,2.92
6826,7049,85540,74.73,17,63942,68.07,9,7.9
6827,1464,79330,62.65,26,49714,49.29,10,3.69
6829,11126,59169,67.19,5,39764,63.0,1,16.87
6830,25295,54717,32.01,19,17522,17.57,6,35.55
6831,10150,67500,59.51,31,40185,38.64,9,10.43
6832,3585,26411,86.05,3,22730,82.84,1,4.2
6833,881,49977,84.96,8,42471,79.9,4,3.27
6834,11448,88471,56.85,29,50311,44.97,13,19.58
6835,2130,66172,78.71,27,52093,68.78,15,5.97
6837,1001,32824,59.15,18,19423,41.11,9,6.89
6838,6829,150977,61.43,27,92784,55.35,11,9.32
6839,915,82020,80.41,29,65972,74.1,20,1.81
6840,2231,30767,52.19,11,16063,38.84,5,11.59
6841,12088,95223,47.25,28,45019,37.03,13,23.1
6842,2169,23130,40.24,8,9314,24.83,3,16.63
6843,1232,33304,76.69,16,25546,55.84,7,6.81
6844,3352,37428,63.45,10,23752,55.96,5,7.78
6846,1473,27066,66.78,7,18078,64.19,6,8.56
6847,623,14230,55.89,8,7956,19.67,2,7.59
6848,476,14273,52.95,8,7560,29.84,2,4.71
6849,6066,41918,49.86,12,20909,40.53,6,18.77
6850,930,33089,60.37,18,19982,41.06,8,4.43
6854,6099,117679,65.54,33,77158,54.65,13,9.21
6855,2003,23250,61.33,13,14264,41.79,6,5.79
6856,942,28200,83.55,8,23566,74.28,4,4.67
6857,413,15226,94.62,1,14408,94.62,1,2.08
6858,343,27220,89.89,9,24470,82.2,5,2.35
6859,2483,41589,64.73,15,26929,56.07,9,8.56
6861,12226,41599,54.37,4,22621,52.16,2,19.78
6862,6494,50000,69.76,7,34887,68.83,6,16.13
6863,4427,74888,75.49,10,56542,72.27,6,8.07
6864,4186,37875,37.0,19,14022,12.23,3,7.12
6865,1401,15841,50.49,7,8002,36.07,3,12.61
6867,831,24500,86.32,7,21151,78.62,4,4.52
6868,493,25043,55.35,14,13868,27.27,3,3.1
6869,21055,137830,55.2,40,76123,45.77,20,21.55
6870,2337,23848,74.11,12,17680,57.43,5,6.96
6872,2502,70751,58.06,28,41095,43.48,11,7.37
6873,11802,142649,61.4,43,87614,53.47,23,13.14
6874,2814,22000,53.6,9,11796,39.58,4,18.51
6875,4754,129183,61.09,36,78948,52.59,18,7.35
6876,20252,70696,31.09,24,21989,15.61,6,7.71
6877,3288,46967,74.13,27,34826,54.55,13,8.4
6878,1114,72641,88.91,14,64602,84.67,9,2.73
6879,351,26459,89.17,8,23597,80.25,4,1.58
6881,938,15000,57.92,4,8691,49.96,2,5.42
6882,827,23199,59.02,14,13697,31.49,4,7.33
6883,689,76274,87.72,28,66908,80.38,18,1.76
6884,1321,18390,73.01,3,13428,69.21,2,8.59
6885,22319,133099,37.11,41,49413,22.47,10,14.0
6886,14419,31810,90.03,5,28642,84.94,3,1.8
6887,881,74206,91.81,20,68142,82.02,8,1.72
6890,7152,250296,92.79,20,232286,91.96,17,3.28
6891,5859,200642,77.18,30,154905,73.93,19,6.22
6892,2550,94015,57.25,42,53839,36.89,12,5.64
6894,2678,23800,61.06,11,14535,55.13,8,9.86
6895,2970,34100,61.3,9,20909,51.15,4,12.38
6898,1569,29016,59.2,10,17181,45.85,2,9.22
6899,2036,42398,80.06,19,33954,63.61,8,7.73
6901,23635,853650,82.96,47,708324,80.88,17,4.91
6902,6854,35550,70.89,15,25212,59.46,8,5.33
6903,9323,66676,68.08,16,45402,64.15,12,15.15
6904,608,18500,79.9,8,14783,64.36,2,3.07
6906,3358,33537,57.8,13,19388,47.7,7,15.92
6907,6319,62562,65.63,7,41066,62.26,3,13.83
6908,1176,37180,86.39,2,32122,86.39,2,4.59
6909,12805,67488,38.4,25,25924,21.19,8,23.18
6910,1590,30521,56.96,8,17388,49.46,4,9.79
6911,937,22000,60.04,10,13214,44.33,5,6.72
6912,1981,144000,77.18,28,111179,69.42,9,3.05
6913,3816,43849,56.3,18,24696,42.27,9,10.59
6914,4254,66226,71.74,17,47522,66.65,11,8.78
6915,1127,35300,88.44,11,31221,84.8,9,5.31
6916,2087,67500,78.98,18,53325,72.7,12,5.66
6917,2348,55272,44.84,23,24796,29.11,9,9.27
6918,2008,34571,50.13,18,17334,27.97,5,9.86
6919,59890,1557559,74.96,348,1167753,67.91,175,6.48
6920,12449,207219,63.81,35,132258,58.14,16,11.47
6921,885,32062,78.09,11,25039,75.24,9,5.12
6922,3211,27155,62.92,9,17089,56.7,6,12.21
6923,3562,91488,70.02,38,64082,55.24,17,6.42
6924,556,20624,80.24,5,16552,73.08,3,4.05
6925,3004,20000,60.48,9,12100,41.69,2,21.47
6926,700,49800,80.71,25,40201,60.92,9,2.58
6927,1307,38279,68.04,14,26051,52.86,5,6.64
6928,4334,86000,79.68,11,68534,76.07,6,9.21
6929,1553,45090,89.55,6,40384,86.91,4,4.85
6931,3288,66152,69.44,39,45952,49.77,18,7.54
6932,5156,432596,80.65,79,348992,74.85,37,2.83
6933,5149,42453,61.03,6,25910,61.03,6,16.27
6934,1650,36130,66.15,15,23907,55.17,10,7.29
6935,573,37410,82.38,13,30821,72.81,7,2.79
6936,3784,72804,76.18,20,55477,64.76,9,8.12
6937,8271,67655,62.91,24,42569,54.24,14,13.97
6938,665,12570,67.47,6,8482,54.14,3,6.02
6939,641,35399,64.35,12,22784,56.09,8,3.13
6940,9225,312180,53.72,110,167747,38.25,33,7.02
6944,15794,76688,51.76,34,39711,34.93,12,12.83
6945,5559,97536,62.83,27,61298,52.36,11,9.84
6946,1907,323800,93.83,33,303884,90.89,18,1.09
6947,5779,106126,69.98,32,74277,58.62,14,9.33
6949,2052,65580,73.97,29,48516,61.65,16,3.13
6951,4477,46000,66.23,4,30471,63.9,2,10.61
6952,2466,68345,86.8,18,59329,79.87,13,5.44
6953,3106,30015,63.56,6,19079,56.2,3,12.03
6955,501,24801,60.3,11,14955,49.64,6,2.37
6957,1865,55708,72.68,26,40500,54.4,11,4.46
6958,3443,401289,94.14,28,377882,93.0,21,1.36
6958A,1364,40000,83.86,7,33545,83.86,7,6.07
6959,4041,39167,40.77,12,15974,33.17,7,15.86
6961,3831,26834,44.41,6,11921,33.34,1,17.4
6962,32268,492397,53.31,84,262573,46.29,29,13.89
6963,200,15972,87.85,3,14031,85.25,2,1.43
6965,2379,156336,92.4,19,144479,90.92,15,2.44
6967,1222,24904,75.65,15,18844,47.92,4,8.11
6968,3519,49447,58.58,18,28975,44.18,7,10.2
6969,1746,43857,53.1,14,23299,40.67,6,8.48
6971,1584,38668,73.78,16,28538,61.37,8,8.06
6972,364,22935,83.82,9,19226,63.73,1,2.5
6973,854,40803,67.41,20,27515,41.43,4,4.07
6976,5997,582867,80.51,107,469425,73.9,44,2.5
6977,1753,14000,42.81,9,5994,15.91,2,13.71
6979,429,12000,59.53,4,7145,39.6,1,4.16
6980,2349,30000,77.66,6,23301,72.41,4,9.9
6982,2785,40752,65.05,15,26517,53.41,7,12.71
6983,3457,18020,44.17,9,7963,16.01,2,17.16
6984,343,19239,56.62,14,10896,27.71,4,2.48
6986,1968,52134,48.95,20,25531,36.26,9,6.74
6987,1205,224468,90.04,34,202183,86.41,21,1.12
6988,445,47600,78.38,20,37318,64.64,11,1.63
6990,3893,63383,88.18,18,55905,83.14,14,7.28
6992,482,25699,72.68,19,18682,43.38,8,2.9
6994,6766,74162,46.79,21,34713,37.94,11,18.49
6995,3733,27000,45.65,13,12329,28.93,5,7.4
6996,2435,41998,59.6,4,25037,55.8,1,8.28
6997,754,22100,82.26,3,18181,77.74,2,4.88
6999,250,22015,77.45,16,17056,57.33,8,1.47
7402,20656,35281,34.37,9,12131,26.98,4,31.37
7415,2208,26698,59.46,14,15880,35.23,4,6.22
7418,255,27554,96.16,6,26499,85.31,1,0.44
7419,4691,40000,49.52,15,19813,39.16,9,19.74
7421,537,525,0,0,0,0,0,53.65
7422,230,23272,83.49,3,19432,79.49,1,1.6
7427,5111,54026,31.09,19,16804,19.64,8,18.38
7443,354,22000,82.47,12,18147,69.61,7,2.44
7452,109,2000,87.89,1,1758,87.89,1,4.86
7455,266,25500,82.66,8,21082,73.76,4,1.47
7507,1120,102100,78.3,31,79958,70.22,18,2.25
7516,24188,19309,36.64,7,7078,14.79,1,23.48
7530,3437,46500,55.41,15,25776,45.94,8,15.7
7547,2030,33963,73.11,10,24834,66.12,7,9.95
7551,446,12100,56.72,5,6865,42.93,2,6.17
7555,418,28325,87.67,5,24834,86.14,4,1.91
7556,2800,29092,64.6,10,18799,54.77,5,9.47
7558,819,18621,52.48,12,9775,22.64,3,8.76
7561,746,30085,60.63,7,18244,55.15,4,3.15
7562,266,22779,76.4,10,17406,63.04,5,1.68
7566,7933,139773,62.65,44,87607,51.87,19,5.04
7575,565,30000,51.76,18,15533,25.96,6,2.98
7578,1764,60073,64.51,28,38770,44.4,9,5.68
7583,453,24575,88.34,13,21715,73.03,7,2.58
7584,972,16463,71.21,7,11727,53.0,2,8.98
7590,2578,122379,82.58,32,101081,78.14,23,4.67
7595,830,50465,72.29,27,36490,45.91,8,3.52
7607,674,36653,70.92,12,25998,62.54,6,2.29
7610,17665,58305,58.0,18,33825,49.0,8,17.15
7631,1277,20142,71.91,10,14487,52.96,4,8.35
7642,2068,30150,80.03,9,24131,78.35,8,9.65
7669,3678,22000,32.75,12,7210,4.94,1,13.06
7689,7754,58507,83.8,8,49037,80.83,5,7.69
7702,358,66000,92.64,10,61149,87.9,5,0.84
7703,4433,34745,57.48,8,19983,46.66,2,16.78
7704,1627,33770,60.64,14,20483,43.12,4,7.71
7705,13488,66067,68.85,10,45495,61.81,3,11.48
7706,237,10000,91.29,1,9129,91.29,1,3.43
7707,3322,45700,46.58,11,21299,39.94,6,10.71
7708,3023,25500,63.59,2,16218,61.96,1,12.27
7709,2428,39103,79.45,8,31071,77.41,7,9.14
7710,258,63906,99.23,3,63416,99.23,3,0.25
7711,8456,71700,61.64,11,44210,56.4,6,12.9
7712,4401,32562,52.25,14,17018,35.55,5,16.69
7713,766,45479,84.76,14,38561,78.28,9,2.51
7714,2615,21000,66.63,8,13996,47.95,2,14.42
7715,2087,32756,57.75,13,18924,39.76,4,11.9
7716,557,22500,82.84,9,18644,66.03,3,4.32
7717,8986,24832,55.65,11,13823,35.38,4,20.61
7718,1032,46356,78.61,18,36451,68.06,10,3.21
7719,15946,36000,19.58,6,7056,11.27,2,28.06
7721,3562,55370,60.8,17,33677,52.76,10,11.37
7722,20184,68090,84.89,4,57803,83.82,3,9.58
7723,4402,49620,56.44,19,28018,48.41,13,14.2
7724,294,35381,84.19,12,29797,70.75,5,1.53
7725,294,48327,83.73,10,40471,79.14,6,0.85
7726,183,20304,87.22,6,17713,80.35,4,1.25
7728,3285,13854,57.12,4,7916,47.18,2,14.95
7729,16716,80682,57.27,31,46218,44.08,16,7.88
7730,1156,36797,70.01,16,25763,60.77,10,5.09
7731,9140,521981,72.18,91,376899,67.55,52,4.61
7732,891,64680,88.71,20,57395,81.66,13,1.92
7734,10288,28000,74.41,12,20841,67.31,9,8.18
7735,2591,43331,93.8,6,40650,87.97,3,2.51
7736,1577,76000,84.67,23,64368,76.73,13,3.62
7737,365,29759,78.18,14,23273,56.78,5,1.69
7738,1622,27356,57.83,17,15828,32.18,6,7.12
7740,2564,53200,64.83,22,34501,54.21,12,8.4
7742,7448,66561,68.98,5,45928,65.0,1,15.73
7743,937,36483,74.7,23,27261,57.39,13,4.3
7744,2728,32077,77.34,15,24812,58.62,7,7.45
7745,551,17950,71.18,7,12781,56.71,3,7.62
7747,941,30169,78.56,5,23701,77.23,4,2.44
7748,208,14500,70.44,8,10216,58.43,5,2.24
7749,7837,46486,49.19,21,22874,29.01,5,16.29
7750,9892,71843,76.1,35,54680,61.59,16,4.89
7751,10811,26889,47.08,11,12664,36.95,6,14.27
7752,2220,200000,86.09,35,172207,81.66,20,2.25
7753,2377,25000,74.15,4,18541,65.34,1,7.68
7754,1672,101157,71.42,40,72260,59.05,17,3.09
7756,268,21283,70.84,8,15080,59.42,4,1.42
7757,2647,24100,59.3,10,14294,40.99,4,13.3
7758,360,16100,83.39,3,13427,80.1,2,2.53
7759,1014,70342,81.02,17,57006,73.58,10,2.71
7760,1547,66048,63.46,28,41926,49.91,12,3.34
7761,1451,28900,49.53,10,14319,34.12,4,10.29
7762,1423,57233,55.35,26,31692,39.53,10,4.46
7763,3000,60014,81.4,16,48865,76.51,10,6.35
7764,788,60000,80.89,25,48548,68.76,15,2.77
7765,5280,40681,61.76,4,25130,59.64,2,13.0
7767,1087,30100,70.67,16,21281,54.77,9,6.12
7768,6313,70065,64.48,22,45197,55.24,13,10.5
7769,56867,179930,66.83,45,120279,57.49,17,5.31
7770,1077,30062,74.47,14,22392,62.44,7,5.32
7771,494,20013,82.17,3,16448,75.7,1,3.12
7772,5192,26499,56.09,5,14864,52.82,3,22.22
7773,984,39911,56.64,15,22614,42.94,8,5.45
7776,1084,49102,74.83,15,36754,63.72,6,4.71
7777,16608,186606,69.09,31,128971,62.6,13,13.81
7779,374,16105,66.61,7,10729,56.73,4,2.2
7780,43685,810024,75.53,44,611974,73.57,19,10.35
7781,16908,599681,73.72,59,442195,71.42,36,6.71
7782,1124,23213,75.88,9,17615,65.8,6,7.31
7783,1185,62445,91.16,15,56932,89.57,13,2.04
7784,1380,187601,87.55,47,164279,82.23,30,1.81
7785,204,33339,85.58,13,28538,72.06,5,0.94
7786,6399,175954,82.25,32,144754,77.4,18,5.98
7788,7570,79746,70.96,36,56598,57.45,17,9.41
7789,173,21184,71.4,14,15130,42.61,4,0.85
7790,406,18585,70.23,15,13056,32.02,3,2.6
7791,4666,80000,80.09,16,64086,70.07,5,7.85
7792,4581,46662,69.32,14,32355,62.25,8,11.09
7794,1221,28000,81.49,7,22820,71.58,2,7.24
7795,16133,78828,71.97,12,56744,63.01,2,8.44
7796,2293,22963,59.03,5,13560,46.43,1,16.38
7797,701,22245,79.21,11,17626,62.57,5,5.17
7798,705,308692,94.49,49,291724,89.15,24,0.44
7799,12354,159602,78.96,35,126053,70.88,14,7.83
7801,1303,18300,70.43,3,12891,67.37,2,10.4
7803,2123,94413,79.31,31,74904,70.37,17,5.05
7805,3994,33125,70.43,8,23334,65.2,5,9.66
7806,320,27860,74.52,14,20766,58.33,7,1.74
7808,1062,70000,77.96,3,54580,76.94,2,2.96
7810,3282,20250,46.8,6,9480,36.34,3,19.08
7811,1296,33377,71.79,6,23971,65.17,2,6.13
7812,2691,60419,62.16,19,37560,53.98,11,8.09
7813,1727,19196,42.76,8,8212,27.44,3,14.7
7814,1689,45000,77.67,9,34966,71.66,5,6.12
7815,4167,32976,60.72,7,20029,50.32,2,12.36
7816,1061,29278,78.93,6,23115,71.29,2,6.21
7818,3998,167946,90.12,12,151364,88.99,8,3.88
7819,2643,25264,59.12,2,14938,55.4,1,17.71
7820,1996,37768,76.39,12,28862,65.47,6,7.07
7821,9952,121913,80.39,21,98042,74.77,12,7.3
7822,16892,45561,68.19,9,31080,63.73,6,17.47
7823,925,33491,73.2,15,24519,58.62,8,4.15
7824,378,31337,79.83,18,25022,67.15,12,1.61
7825,2261,23114,47.67,10,11022,27.49,3,16.22
7826,128,12000,84.38,9,10127,60.74,4,1.58
7827,2805,139972,78.52,30,109933,71.63,15,3.7
7828,15441,40494,64.41,18,26089,53.79,10,14.42
7829,1057,99388,83.17,44,82670,70.67,24,2.04
7831,73,13401,77.47,9,10385,55.97,4,0.16
7832,2079,580000,92.93,101,539152,87.77,58,0.86
7833,544,43011,73.6,20,31671,57.33,9,2.0
7834,280,16478,74.53,7,12282,60.54,3,3.46
7835,477,46544,71.29,17,33192,57.32,6,1.8
7836,575,51250,71.76,20,36786,63.31,13,1.32
7837,329,22800,74.99,4,17104,67.76,2,2.36
7839,508,15096,75.24,8,11361,55.95,3,3.99
7840,229,34000,89.59,13,30463,76.24,7,1.09
7841,357,24200,77.78,10,18825,66.5,6,2.23
7842,1705,18250,64.66,2,11804,62.3,1,13.0
7843,1079,33440,67.65,9,22627,61.47,6,5.18
7846,457,34412,84.07,8,28936,75.12,3,1.97
7847,551,29000,63.09,14,18301,43.49,5,3.49
7848,1266,33376,73.67,17,24592,54.48,5,3.88
7849,175,11892,95.78,1,11391,95.78,1,1.07
7850,1497,97659,70.5,39,68863,54.36,17,3.43
7851,528,67691,83.67,21,56654,74.32,9,1.49
7853,15400,47555,26.8,13,12751,17.95,4,34.4
7854,852,40300,89.32,16,36004,79.77,11,3.16
7855,16790,277305,75.66,22,209882,72.38,7,10.22
7856,6338,27177,66.33,11,18032,61.08,9,10.62
7857,570,53488,83.61,13,44731,76.02,7,1.56
7858,4045,22237,48.16,10,10713,30.41,2,14.78
7860,152,32000,94.55,11,30258,89.27,9,0.45
7861,3867,64600,77.39,23,50006,66.9,12,4.73
7862,613,40000,86.98,4,34796,84.22,2,1.47
7863,118,30000,98.44,5,29537,96.02,4,0.39
7865,731,18424,72.75,10,13408,42.2,3,7.6
7866,4796,43171,60.94,17,26316,45.84,7,9.41
7867,658,96000,95.55,25,91755,85.52,9,0.77
7868,1053,22240,57.84,10,12869,40.66,4,8.51
7869,433,27241,88.85,4,24205,86.5,3,0.97
7870,2436,18400,78.39,13,14426,49.02,3,1.35
7871,4464,134278,61.51,34,82618,54.87,18,6.64
7872,1258,30000,65.09,3,19530,61.32,1,7.12
7873,2525,149884,85.96,37,128868,76.88,16,2.37
7875,339,20000,96.46,1,19292,96.46,1,1.56
7876,1090,107373,85.94,29,92309,77.24,16,2.11
7877,377,38857,72.66,10,28239,61.47,2,1.62
7878,2991,53537,46.68,19,24997,31.38,5,8.09
7879,3330,40000,61.99,17,24802,47.19,9,11.64
7880,1442,26500,69.92,17,18535,37.76,5,7.73
7881,390,27000,84.29,4,22760,82.42,3,2.52
7882,2114,205282,83.59,47,171623,77.73,30,2.22
7883,1995,60976,71.23,23,43440,59.44,11,2.23
7885,454,29200,76.59,16,22370,57.42,6,2.98
7886,1546,24978,65.61,14,16394,43.44,5,8.13
7887,14088,81720,43.4,34,35484,28.85,14,19.86
7888,540,75235,81.12,40,61041,62.15,18,1.03
7889,189,20781,83.96,16,17452,45.73,4,0.73
7890,419,20800,86.06,12,17905,65.96,6,2.58
7891,187,19430,56.41,7,10962,53.57,6,1.31
7892,5787,46898,75.06,14,35218,63.51,6,7.76
7893,1388,40799,86.34,5,35235,80.01,1,4.06
7894,800,24000,55.14,8,13237,39.84,1,4.22
7895,13014,38790,74.02,7,28720,65.58,1,2.69
7896,569,27900,90.91,7,25366,80.84,2,1.82
7897,204,133617,98.34,2,131411,98.34,2,0.19
7898,3161,30039,69.34,5,20831,64.11,2,6.31
7899,8245,24292,43.65,12,10609,20.58,4,24.34
7901,2240,60000,84.35,13,50620,75.2,4,3.28
7902,1579,200605,90.1,45,180788,85.74,31,1.71
7904,104,15000,92.36,3,13855,89.32,2,1.05
7907,2006,39393,73.96,14,29143,66.72,9,1.98
7909,4848,70593,83.73,15,59121,76.12,7,4.51
7911,1705,40000,66.03,12,26417,49.72,2,6.29
7912,2282,22190,79.36,10,17612,72.33,7,4.87
7913,1170,45139,90.41,7,40817,86.43,4,2.08
7915,1732,40100,86.16,19,34557,70.84,10,1.99
7917,1724,66903,79.45,15,53176,70.58,6,2.66
7918,15039,43100,79.64,5,34329,77.07,3,8.11
7919,595,12700,50.06,4,6358,42.07,2,6.72
7920,3472,593987,89.11,178,529400,80.21,95,1.4
7921,848,40807,83.52,11,34086,75.46,5,2.78
7922,531,66175,95.48,18,63187,94.0,17,0.85
7924,1283,133561,83.38,46,111400,75.84,29,1.63
7925,347,65600,90.08,40,59109,72.75,23,1.14
7926,1031,15002,73.49,4,11027,59.45,1,5.05
7927,525,44700,70.37,29,31461,41.98,7,1.19
7928,2378,41530,73.15,18,30388,59.06,8,4.0
7929,908,21673,81.65,12,17697,61.98,4,3.25
7930,1212,33754,65.63,11,22158,55.75,5,4.59
7931,154,24641,96.22,5,23712,84.9,1,0.39
7933,110,23563,87.5,8,20623,72.71,3,0.66
7935,180,37000,82.71,15,30604,63.46,5,0.4
7936,514,36038,70.66,4,25469,65.51,1,3.1
7939,401,19580,74.62,2,14613,71.08,1,2.83
7942,883,31768,88.26,8,28044,78.28,3,2.44
7943,436,30651,77.82,16,23858,63.0,9,1.48
7944,82,30763,86.17,12,26514,75.04,7,0.26
8002,250,1908,0,0,0,0,0,28.25
8009,627,4375,0,0,0,0,0,21.49
8010,385,6666,46.01,4,3068,20.25,1,9.66
8011,60882,165922,30.87,26,51278,24.87,10,30.07
8012,478,3800,93.02,1,3535,93.02,1,4.85
8014,591,8827,37.88,2,3344,37.88,2,10.86
8015,111,3000,29.54,2,886,0,0,12.06
8016,35558,120137,45.92,53,55177,29.34,20,19.91
8018,75,3449,21.62,1,746,0,0,3.98
8019,98,33891,93.81,3,31801,90.33,1,0.8
8020,109,8263,59.32,4,4902,32.36,1,2.37
8021,81191,147252,47.1,45,69374,38.29,23,29.77
8022,57,3000,70.18,1,2106,70.18,1,3.26
8024,22528,45160,29.89,12,13507,18.86,4,25.42
8026,61,97,0,0,0,0,0,73.87
8027,66012,112903,27.25,32,30784,15.66,11,39.22
8028,66644,184591,51.61,64,95317,39.35,27,24.89
8029,649,78017,75.2,24,58688,62.69,7,1.44
8031,121,4498,25.57,1,1151,25.57,1,4.73
8032,23094,51810,75.96,9,39360,74.21,7,12.78
8033,72840,164630,33.66,45,55444,23.35,18,35.43
8034,21999,56586,18.08,11,10242,8.72,3,32.66
8035,214,6812,43.5,4,2965,17.63,1,5.68
8036,532,7657,20.62,1,1580,20.62,1,10.9
8038,40154,62278,20.4,9,12724,15.0,4,36.53
8039,61134,263868,68.33,69,180353,61.07,38,12.68
8040,30963,96414,51.65,15,49818,44.6,3,20.31
8042,42156,133569,64.43,41,86089,58.94,28,21.53
8043,37891,79907,41.76,16,33375,37.53,10,45.39
8044,27544,204768,61.28,31,125520,55.95,14,14.17
8045,4222,95042,67.04,37,63731,54.56,18,8.16
8046,87441,646165,85.2,91,550721,80.24,40,6.0
8047,1308,41666,82.0,15,34169,71.89,9,3.67
8048,34783,57706,39.17,18,22618,27.99,7,24.4
8049,39332,118280,32.88,22,38914,27.2,11,29.2
8050,57880,205205,43.23,37,88741,36.32,15,27.04
8053,3691,411818,85.44,75,351942,80.37,41,1.93
8054,52138,106233,34.48,15,36641,28.9,4,34.93
8056,11805,389990,60.63,80,236529,53.96,35,5.95
8057,84,6344,67.07,3,4256,67.07,3,2.43
8058,2502,68800,68.91,27,47422,51.58,10,6.36
8059,13487,194080,72.95,16,141629,69.35,5,8.29
8060,273,6084,49.67,2,3023,34.06,1,11.29
8064,81971,184818,44.24,38,81802,37.26,17,33.31
8065,930,4500,37.58,3,1692,0,0,18.21
8066,38111,36642,38.74,13,14204,21.76,4,33.17
8067,7007,20700,81.35,9,16844,56.73,3,6.47
8068,8340,80766,61.67,16,49823,59.01,12,15.76
8069,99604,1154893,76.6,302,884800,68.3,150,8.2
8070,37433,725648,73.2,98,531418,69.49,56,10.94
8071,35365,60084,31.23,11,18776,22.86,3,33.7
8072,12939,80000,60.19,10,48166,57.87,7,20.75
8074,46055,86974,38.55,23,33551,29.43,9,31.35
8076,89065,292214,35.17,65,102831,25.23,22,21.42
8077,1065,21946,82.07,4,18013,76.8,2,2.82
8080,14404,67164,84.11,4,56503,82.53,2,5.96
8081,21670,86172,37.64,24,32442,23.67,4,24.47
8082,4216,106609,71.69,22,76456,62.88,8,4.37
8083,2718,35133,55.84,12,19624,44.04,4,9.54
8084,2926,69514,64.62,21,44936,54.32,9,7.48
8085,36215,139983,40.35,25,56516,30.87,4,18.11
8086,71277,196516,51.42,38,101085,45.01,16,26.48
8087,9861,38669,57.66,21,22300,43.9,11,9.97
8088,54305,60922,18.73,6,11417,18.01,5,52.84
8089,27226,65999,41.63,8,27486,37.91,3,22.22
8091,18442,56970,45.77,22,26085,32.34,10,19.84
8092,20324,57172,61.2,25,34998,41.1,7,11.09
8093,3185,56568,67.55,7,38213,64.0,4,8.01
8094,337,18527,43.02,10,7975,11.96,2,2.77
8095,124,7932,51.28,6,4068,18.09,1,3.8
8096,84317,149343,47.71,33,71268,40.27,17,27.83
8097,13382,63802,73.32,21,46792,62.03,10,6.58
8098,1381,12653,57.47,8,7273,33.15,3,11.11
8099,29335,100073,82.06,19,82145,75.18,8,5.84
8101,18438,52166,82.27,4,42926,80.45,2,8.06
8102,1159,23358,39.54,10,9240,25.07,4,7.12
8103,19421,78437,41.17,25,32306,27.63,8,26.2
8104,45698,104058,33.53,7,34910,30.38,2,33.03
8105,40159,441545,61.18,36,270258,57.66,12,17.11
8106,68,3943,60.82,3,2398,27.88,1,2.19
8107,31855,75000,53.8,20,40366,44.3,10,17.09
8109,6672,82161,53.54,34,44004,34.87,11,12.65
8110,80378,517740,50.71,45,262655,46.96,13,29.39
8111,57905,109102,34.97,26,38169,25.86,9,29.74
8112,108419,565293,46.06,99,260505,41.61,58,25.14
8112A,7084,30000,51.12,13,15343,36.01,7,17.97
8114,10887,76694,49.48,34,37966,33.68,14,16.64
8115,842,70000,86.41,25,60502,78.23,16,2.47
8119,33071,63662,46.45,26,29587,27.24,8,10.67
8121,30703,212994,61.82,39,131702,54.54,15,14.41
8122,1616,402371,93.1,13,374717,92.23,7,0.77
8127,242,5558,7.67,1,427,0,0,7.51
8130,297,47620,70.92,21,33778,59.07,11,0.81
8131,32412,442222,72.12,31,319060,69.36,12,13.83
8147,4960,42132,45.4,14,19141,32.57,6,15.27
8150,148406,704523,61.76,123,435231,56.29,65,24.58
8155,15725,62731,48.86,18,30663,37.95,7,26.4
8157,662,26839,78.64,2,21107,78.64,2,4.87
8162,2691,68702,73.99,26,50850,61.78,13,7.26
8163,74846,280000,45.88,45,128520,39.92,17,24.69
8171,44755,112853,60.93,26,68791,52.0,11,12.74
8172,259,1583,0,0,0,0,0,35.91
8176,37366,71701,32.69,18,23453,21.94,6,23.6
8182,11401,107041,66.84,12,71566,63.78,7,19.21
8183,42029,121251,47.52,16,57641,42.56,6,21.97
8197,637,61748,84.91,4,52437,83.38,2,2.19
8201,12168,62366,57.95,16,36152,45.88,4,17.11
8210,36387,125319,67.89,26,85103,61.08,13,15.82
8213,68644,271242,50.23,82,136301,39.57,35,17.23
8215,67720,320675,52.97,29,169935,49.72,11,20.5
8218,105,1593,0,0,0,0,0,9.2
8222,39618,68574,36.33,13,24931,31.52,7,32.77
8225,380,22380,79.65,4,17828,73.02,2,3.89
8227,31035,39543,26.17,7,10355,18.22,3,44.92
8234,16402,141226,55.52,37,78421,46.72,18,20.52
8240,37030,100004,54.46,22,54481,48.06,11,20.47
8249,35856,137824,57.04,17,78651,53.51,9,23.85
8255,25691,101961,51.9,18,52928,46.7,9,22.91
8261,73231,118878,50.5,23,60050,43.16,8,34.2
8264,497,2583,0,0,0,0,0,34.52
8271,64704,129615,45.17,25,58571,39.09,12,30.78
8272,1632,18998,38.04,6,7231,25.15,2,11.58
8276,125,3507,48.36,2,1697,33.84,1,10.33
8277,41552,91629,20.33,12,18642,14.89,3,29.99
8279,1983,27101,62.22,6,16870,52.51,2,9.81
8281,415,29267,44.49,8,13025,34.88,3,2.37
8284,2398,47342,63.07,19,29871,46.81,8,7.38
8286,157,441,0,0,0,0,0,76.5
8287,11820,24267,70.24,1,17046,70.24,1,20.81
8289,30848,68334,42.84,16,29292,33.63,5,27.0
8291,1910,17478,71.89,3,12566,71.89,3,13.35
8297,174,15000,92.95,1,13943,92.95,1,1.78
8298,402,25632,81.25,2,20828,81.25,2,2.35
8299,189214,221365,43.38,61,96091,34.76,30,30.41
8325,204,1513,0,0,0,0,0,33.84
8329,3172,280578,90.89,36,255055,87.28,22,2.81
8341,18804,130000,49.43,17,64285,46.58,11,24.06
8342,1083,33537,72.31,9,24253,66.27,6,4.6
8345,810,60008,83.67,15,50226,73.22,6,2.3
8349,7683,208821,71.23,37,148775,66.98,23,6.57
8349A,1272,10000,10.25,2,1025,0,0,19.83
8351,1051,50000,80.5,9,40256,70.91,2,3.55
8354,14148,78532,63.72,29,50068,49.55,11,11.47
8358,145917,252588,41.5,64,104882,32.77,27,38.62
8359,5998,136500,83.34,26,113780,79.49,18,4.63
8367,3533,92172,70.71,33,65191,61.43,18,7.04
8374,13142,112250,72.15,12,81005,68.57,6,17.4
8375,114,7356,77.08,6,5671,40.34,2,1.96
8380,882,7123,19.38,2,1381,0,0,31.96
8382,10352,292589,66.02,81,193222,56.93,42,6.41
8383,56141,113760,56.41,31,64199,48.99,18,22.08
8390,31063,96116,47.72,22,45894,41.57,12,16.32
8401,11959,70669,63.04,22,44564,54.47,13,9.51
8403,36724,137640,38.62,23,53189,32.26,9,20.09
8404,15909,419934,78.53,65,329840,73.22,29,4.3
8409,25794,32000,48.59,9,15553,38.58,4,14.58
8410,2047,36589,56.94,11,20841,50.7,7,10.86
8411,10886,218404,81.75,32,178601,79.16,24,5.58
8415,8828,1031500,92.93,131,958742,89.66,78,1.76
8416,2054,28211,77.11,7,21756,77.11,7,9.01
8419,1377,30000,53.22,11,15971,40.55,4,14.2
8421,6442,54817,63.98,17,35084,59.48,13,14.15
8422,152078,1359292,37.71,135,512900,34.09,53,26.69
8423,6353,41714,63.8,14,26621,54.7,8,13.19
8424,3026,36054,60.55,7,21840,50.7,2,15.64
8426,2709,50242,74.8,6,37591,70.26,3,9.09
8429,45202,185747,42.16,26,78354,38.35,13,17.9
8431,44952,48778,23.68,10,11561,16.67,5,32.81
8432,3129,38398,61.71,4,23708,56.47,1,12.62
8433,3142,54506,67.54,17,36825,60.43,10,9.79
8435,22359,35200,41.13,13,14485,20.64,2,29.12
8436,43753,117729,39.17,34,46141,30.49,16,26.22
8437,32341,47014,41.88,19,19697,28.07,7,16.14
8438,2856,69943,79.23,23,55427,65.16,9,6.21
8440,55708,50255,32.56,7,16371,29.05,4,36.71
8442,2024,70170,71.61,24,50270,61.41,13,5.39
8443,46624,66800,69.02,23,46122,61.1,15,15.91
8444,1699,125105,85.94,33,107542,77.61,15,2.13
8446,7691,52914,50.29,14,26621,42.81,7,23.9
8450,10311,51310,58.33,14,29933,56.66,13,23.01
8454,38243,264975,81.52,20,216063,79.69,11,10.4
8455,731,25219,89.9,3,22675,87.77,2,4.52
8458,554,35850,73.63,25,26403,48.85,11,2.5
8462,6211,80387,66.44,22,53420,58.97,12,10.11
8463,3577,150000,82.18,28,123294,76.78,15,4.65
8464,3932,293020,86.9,91,254706,77.89,48,1.08
8465,232,8100,58.22,4,4717,41.56,2,3.39
8466,2147,79446,77.6,28,61660,67.47,13,4.89
8467,1673,48374,82.0,21,39675,73.87,14,4.39
8472,1038,17736,63.04,3,11182,55.75,1,5.36
8473,14882,185008,68.55,21,126868,65.39,12,12.0
8476,6492,167498,71.39,53,119613,61.6,26,7.17
8477,10981,80171,82.58,6,66223,80.68,4,5.59
8478,11004,93972,75.66,12,71103,75.66,12,13.14
8479,375,20055,62.09,7,12455,41.51,1,2.41
8481,2535,66602,66.45,24,44266,53.62,10,7.0
8482,1041,107444,95.19,18,102295,90.26,11,1.16
8485,61,1568,96.18,2,1508,0,0,2.98
8487,19444,26535,55.85,9,14823,45.96,5,11.73
8488,879,73500,87.12,18,64041,80.32,10,2.02
8489,29876,59949,57.07,14,34226,48.0,6,14.65
8490,1100,23760,45.34,12,10776,29.07,4,8.22
8491,1306,7292,9.23,1,674,0,0,22.3
8492,250,33300,92.97,12,30963,88.34,10,1.47
8495,860,127275,92.56,7,117828,90.32,3,1.61
8496,292,35675,87.43,12,31195,84.71,10,1.5
8499,2186,41166,79.84,12,32871,72.65,7,6.38
8707,6317,2566,0,0,0,0,0,43.85
8708,20478,194565,43.71,31,85066,36.66,11,17.08
8710,6845,115478,28.87,29,33362,18.1,11,13.05
8712,6936,807994,76.09,266,615010,63.73,113,1.25
8718,18070,97053,35.33,20,34310,28.26,10,24.05
8719,6766,656417,86.77,136,569741,79.45,63,1.98
8720,8597,89517,56.83,19,50890,47.25,5,13.3
8721,2242,3966,0,0,0,0,0,38.57
8722,5797,52652,62.7,15,33025,56.87,10,12.32
8723,23392,104515,50.63,31,52935,41.3,15,19.31
8724,8397,20269,40.62,6,8236,33.58,4,33.16
8725,12500,112176,32.33,23,36282,25.25,10,22.08
8905,21207,119440,92.47,26,110472,88.78,19,2.39
8906,2926,44037,55.46,15,24431,49.92,11,9.63
8908,15081,315333,89.1,47,281025,85.98,30,3.0
8916,41445,150384,66.23,47,99625,59.65,31,10.07
8916A,280,249,0,0,0,0,0,93.55
8917,1721,162652,82.83,69,134757,65.8,24,0.93
8921,1154,46592,85.56,24,39873,63.01,8,1.37
8923,5143,30376,82.32,10,25009,74.55,6,3.79
8924,17050,83800,38.28,21,32096,29.73,9,29.17
8925,19600,365243,41.22,123,150604,27.44,42,8.79
8926,61690,830282,57.12,125,474470,52.14,57,13.87
8927,25803,419068,83.4,111,349568,74.4,50,3.29
8928,4382,50854,49.16,13,25013,35.67,2,16.36
8929,11760,50581,45.67,10,23110,39.18,5,26.23
8930,5360,81809,69.05,35,56505,56.97,18,11.44
8931,19168,122255,81.48,14,99644,78.55,8,4.68
8932,9476,357963,80.32,78,287596,75.47,51,4.16
8933,42913,326724,52.72,43,172298,47.6,14,14.65
8934,504,7973,94.77,1,7556,94.77,1,1.41
8935,37928,113495,50.79,25,57650,42.46,11,12.69
8936,76114,248078,31.23,55,77533,22.66,23,30.82
8937,3266,431680,90.84,53,392217,88.07,34,1.47
8938,12409,156986,57.22,59,89857,44.83,29,13.02
8940,9353,67491,71.01,24,47939,62.74,16,13.61
8941,2206,34972,67.16,20,23493,46.47,9,6.09
8942,13231,198842,50.94,60,101335,41.18,29,13.35
8996,33789,93597,51.05,51,47799,32.51,21,11.07
8999,393,36000,62.85,28,22630,20.5,3,1.32
9103,21392,205532,11.98,31,24667,4.83,7,27.61
910322,7459,21365,27.9,5,5963,25.77,4,39.3
9105,122768,1639649,25.75,372,422510,15.62,98,18.71
910861,2746,34017,37.58,13,12790,23.11,5,16.56
9110,1753,54498,43.79,25,23875,21.55,6,7.69
911608,2187,34222,30.73,13,10522,9.84,2,15.51
911611,3111,88290,41.32,27,36505,28.83,11,9.24
911613,1402,11111,5.98,1,665,0,0,28.41
911622,1523,30000,52.04,9,15613,42.16,4,12.96
911868,6201,140000,35.99,38,50419,24.83,12,12.21
912000,6819,159294,34.94,47,55683,23.93,16,10.48
9136,4652,134342,67.83,33,91154,62.65,22,8.67
916665,366,816,0,0,0,0,0,57.85
9801,83425,395846,69.32,40,274476,66.05,20,17.1
9802,12038,200992,64.82,61,130318,56.02,31,10.59
9902,45183,98050,56.83,22,55757,50.28,11,17.35
9904,106590,2946787,68.3,447,2013235,63.47,215,7.9
9905,17249,305000,73.95,42,225592,71.92,31,8.27
9906,8288,90376,78.8,24,71230,75.01,18,9.29
9907,56055,1579145,74.15,178,1171110,70.09,75,6.74
9908,16436,516358,80.63,110,416445,74.83,64,5.52
9910,24052,987483,89.08,92,879748,86.99,58,4.06
9911,31157,222390,67.59,56,150358,60.84,34,15.33
9912,61832,53793,62.06,18,33388,55.0,12,15.69
9914,65680,298984,66.97,89,200273,55.38,41,12.11
9917,56244,451197,76.67,94,346020,70.93,54,8.67
9918,25249,180537,84.97,50,153426,77.11,25,2.42
9919,63639,195363,46.07,30,90042,42.03,18,27.81
9921,28829,392065,69.3,120,271744,59.33,61,11.09
9922,10422,216031,69.33,59,149806,59.03,25,7.16
9924,13049,150762,61.31,44,92455,53.46,26,16.27
9925,18832,387490,70.3,96,272512,62.86,49,9.02
9926,4261,179504,83.81,52,150470,73.65,23,2.45
9927,13921,120000,58.89,18,70704,52.67,7,17.83
9928,7170,70725,75.08,15,53115,67.16,6,7.45
9929,3764,101280,88.07,19,89216,83.94,11,2.5
9930,12208,248540,77.7,17,193146,76.77,12,8.08
9931,7887,120369,78.03,26,93950,73.39,17,3.67
9933,51611,944437,62.52,163,590615,56.28,70,9.66
9934,13544,411017,67.73,86,278467,60.2,34,6.95
9935,57589,177839,62.88,71,111850,49.78,34,6.92
9936,11637,104764,29.04,22,30454,20.07,7,20.06
9937,15836,309043,89.26,69,275895,82.54,34,1.94
9938,49770,297964,54.51,81,162502,46.81,43,15.38
9939,27665,295786,63.11,91,186745,53.78,49,13.87
9940,17157,736846,81.73,73,602408,78.08,24,4.51
9941,43420,575636,70.88,61,408117,67.33,29,12.57
9941A,3682,100000,81.98,23,81996,74.62,11,5.83
9942,9622,83161,52.85,26,43969,39.14,8,18.67
9943,15988,125172,71.1,13,89019,69.48,10,16.14
9944,10484,105908,78.66,43,83336,66.13,20,8.42
9945,103440,2844225,65.6,346,1866461,61.5,148,8.29
9946,13960,326554,81.4,37,265875,78.51,20,4.7
9948,73,211,0,0,0,0,0,65.68
9949,11093,44861,72.97,20,32745,51.32,6,11.51
9950,3684,167716,83.57,26,140179,80.07,15,4.65
9951,23914,73300,47.39,21,34742,39.55,11,22.3
9953,518,4382,0,0,0,0,0,18.02
9955,15139,104425,61.51,21,64247,55.34,10,19.57
9957,12821,3220414,96.04,72,3093246,95.49,42,0.97
9958,57353,246897,52.38,61,129354,43.33,23,23.8
9960,9581,33592,77.75,17,26125,56.78,6,5.99
9961,321,69099,93.39,16,64543,89.73,13,0.78
9962,29053,90220,46.65,26,42108,40.01,16,17.86
9965,68,776,0,0,0,0,0,21.58
YFU6,53,23060,88.2,10,20342,79.27,6,0.13
YHU4,551,232690,95.45,8,222125,94.53,4,0.54
YJS2,8992,115112,78.86,19,90793,74.07,11,3.39
YY0005,98,445,0,0,0,0,0,50.55
YY0008,55,203,0,0,0,0,0,79.3
YY0024,72,260,0,0,0,0,0,71.15
YY0027,62473,70315,12.96,10,9123,8.21,4,66.27
YY0028,33892,247269,39.73,58,98321,30.63,24,18.25
YY0029,8304,39020,30.63,8,11958,27.51,6,23.22
YY0030,3002,62727,52.22,25,32769,38.56,10,10.36
YY0031,430,4703,0,0,0,0,0,34.82
YY0032,358,3886,0,0,0,0,0,29.75
YY0033,2497,20320,16.08,3,3270,9.84,1,25.57
YY0034,266,1732,0,0,0,0,0,44.73
YY0035,15288,237128,36.47,50,86522,28.85,21,14.64
YY0036,136,348,0,0,0,0,0,75.85
YY0037,3448,80470,85.39,21,68725,79.57,14,5.58
YY0038,268,2681,26.72,1,716,0,0,23.4
YY0039,12857,250931,81.34,56,204145,76.04,35,5.35
YY0040,9022,73112,44.26,13,32376,37.79,6,16.04
YY0041,13688,279756,79.99,55,223817,74.54,33,7.75
YY0042,20011,70760,14.2,10,10063,10.1,5,36.45
YY0043,9582,40116,6.16,4,2476,0,0,52.54
YY0044,52985,444965,18.95,48,84398,15.27,21,29.35
YY0046,37376,552046,32.32,151,178589,21.09,45,13.42
YY0047,78029,1070097,31.59,284,338288,20.64,96,13.52
YY0048,7706,98781,49.23,27,48662,40.51,14,12.02
YY0049,33738,38915,26.27,7,10234,20.61,4,43.65
YY0050,55769,236292,21.55,50,50972,10.57,10,31.19
YY0051,7671,77637,33.77,17,26233,25.48,6,14.39
YY0052,4533,202305,69.16,68,139963,57.96,32,3.01
YY0053,24702,241605,46.76,45,113048,40.91,23,22.57
YY0054,5672,106933,46.91,29,50182,38.2,14,7.88
YY0055,5309,124278,46.62,56,57955,25.78,18,7.81
YY0056,2184,19785,51.38,8,10169,35.64,3,5.12
YY0057,4854,148068,56.92,40,84313,47.72,19,6.46
YY0058,3340,57743,35.86,18,20718,23.34,7,10.95
YY0059,1060,22565,21.04,6,4749,0,0,8.29
YY0060,683,9827,13.47,2,1325,0,0,14.8
YY0061,6531,53310,22.61,16,12068,8.44,4,19.25
YY0062,18047,320787,23.56,71,75646,13.27,19,16.36
YY0063,8945,20252,2.76,1,561,0,0,54.48
YY0064,5246,97674,63.77,30,62307,52.93,12,6.32
YY0065,17174,219904,28.28,56,62248,16.97,13,15.2
YY0066,19896,331761,30.04,79,99735,19.33,21,13.56
YY0067,6890,153046,29.4,49,45019,17.68,18,11.85
YY0068,28682,405699,23.4,66,95057,15.56,14,17.79
YY0070,22524,322825,33.97,85,109745,20.58,18,16.02
YY0071,14719,80704,18.85,11,15227,15.21,6,30.04
YY0072,2510,27500,18.32,8,5044,0,0,17.27
YY0073,2182,36625,35.78,16,13113,18.52,5,8.93
YY0074,10677,104218,17.67,22,18436,7.53,5,24.68
YY0075,3106,16421,10.31,3,1695,0,0,28.96
YY0076,450,450,0,0,0,0,0,100.0
YY0077,299,754,0,0,0,0,0,78.63
YY0078,330,2412,0,0,0,0,0,27.55
YY0079,79,330,0,0,0,0,0,63.93
YY0080,308,895,0,0,0,0,0,62.39
