stock_no,people,lots,b4_pct,b4_people,b4_lots,b1_pct,b1_people,s10_pct
00400A,133775,1866640,15.02,223,280665,9.66,51,18.57
00401A,18220,259395,23.91,30,62085,20.89,16,19.74
00402A,38434,561127,24.17,72,135739,18.27,17,21.05
00403A,780724,12708519,17.42,1345,2217090,12.35,276,17.25
00404A,27457,416295,19.88,44,82829,16.12,16,20.53
00405A,124591,2588245,22.03,346,570762,15.66,81,13.49
00406A,235679,6239562,23.81,1415,1486787,12.76,267,10.14
00407A,111282,2220739,28.4,293,631362,22.12,63,14.12
00408A,7989,139634,31.24,29,43654,21.29,8,16.68
00409A,45940,1397948,38.28,381,535375,25.06,95,9.54
00410A,9619,153860,34.48,27,53090,28.49,12,16.84
00411A,20346,414076,29.72,76,123127,22.23,24,14.58
0050,3565195,22233000,25.92,925,5769173,24.28,273,26.45
0051,12449,25000,14.19,5,3552,0.0,0,55.09
0052,453974,2542000,20.36,166,518010,18.2,74,35.64
0053,7274,10988,52.57,4,5777,43.29,2,31.35
0055,19247,91154,36.94,15,33691,29.56,3,30.37
0056,1683664,14247034,11.43,742,1632413,9.1,161,25.8
0057,3064,1527,0.0,0,0,0.0,0,35.56
0061,5965,96116,33.01,22,31750,22.57,5,15.27
006201,4861,22946,49.13,8,11277,37.49,3,28.03
006203,3199,10218,74.55,5,7619,51.8,2,9.77
006204,1138,1500,0.0,0,0,0.0,0,45.66
006205,8807,95439,46.21,26,44114,37.0,11,17.24
006206,3066,30778,32.88,7,10125,30.17,6,21.36
006207,1612,21392,16.46,5,3524,4.83,1,16.16
006208,712143,1860540,10.11,58,188346,9.54,39,51.97
00631L,276971,6754848,30.53,1461,2063442,20.39,304,8.77
00632R,66656,2740208,43.89,857,1203169,30.05,235,4.82
00633L,3816,132458,37.82,43,50114,23.16,12,6.59
00634R,744,42756,55.31,14,23659,43.98,7,3.83
00635U,58943,319514,18.47,31,59059,14.75,14,33.49
00636,8150,98825,26.29,20,25991,19.24,7,18.96
00637L,12584,816606,57.26,291,467686,42.27,91,3.51
00638R,481,22948,54.87,8,12597,39.17,2,4.98
00639,5688,100903,28.15,23,28413,18.56,9,12.76
00640L,1190,6419,27.61,2,1773,20.37,1,25.18
00641R,1277,87258,58.55,34,51113,45.13,15,3.06
00642U,7106,54321,43.97,13,23896,34.38,5,23.06
00643,3166,84003,48.9,25,41091,36.37,9,9.89
00645,9612,45497,30.23,12,13759,18.26,4,33.96
00646,115081,647485,44.6,72,288902,40.78,33,24.53
00647L,1488,6416,31.05,1,1993,31.05,1,28.16
00648R,2322,142688,48.03,35,68573,39.1,14,3.35
00650L,2316,103838,49.91,46,51847,37.59,22,4.81
00651R,366,32192,71.03,15,22877,54.42,7,2.32
00652,9304,61035,30.94,14,18898,25.11,7,28.83
00653L,1288,12403,6.13,1,761,0.0,0,21.89
00654R,355,19466,58.48,9,11386,41.2,3,3.82
00655L,2273,64458,32.65,17,21051,22.38,5,8.0
00656R,310,21357,76.3,13,16298,58.99,6,3.19
00657,1607,6569,24.71,2,1623,16.46,1,36.57
00660,1019,6531,16.16,2,1056,0.0,0,20.08
00661,7083,23925,19.99,6,4789,9.91,2,40.73
00662,113564,939529,35.88,102,337214,31.97,34,15.68
00663L,12344,125663,29.0,20,36471,23.15,9,19.45
00664R,9911,907575,59.07,395,536207,40.69,130,2.41
00665L,5124,422465,57.82,161,244337,43.48,64,2.39
00666R,116,12124,85.34,6,10347,74.91,4,1.43
00668,2103,7973,37.33,3,2977,30.21,2,32.97
00669R,2996,192617,45.05,62,86805,32.97,24,3.32
00670L,12102,75645,13.14,9,9959,6.89,2,27.61
00671R,3458,486884,68.97,200,335858,52.09,67,1.29
00673R,15874,1249551,52.83,369,660440,39.97,110,2.44
00674R,1223,14421,48.1,4,6937,42.69,3,15.47
00675L,17908,109286,25.81,12,28228,20.77,5,28.6
00676R,4352,200834,46.67,72,93776,30.58,21,4.02
00678,1907,8948,22.65,4,2027,0.0,0,28.36
00679B,232740,6233692,42.82,704,2670602,37.52,152,8.9
00680L,19261,1455576,53.58,521,780291,38.54,165,2.78
00681R,104,7594,88.75,7,6741,37.92,2,1.55
00682U,254,7644,78.21,4,5979,53.07,2,3.58
00683L,295,11434,70.98,6,8117,62.97,4,4.43
00684R,167,9688,81.21,6,7869,63.65,4,3.07
00685L,168103,5387336,33.78,1408,1820709,21.39,293,7.55
00686R,2050,266276,67.71,106,180350,51.05,38,1.52
00687B,151783,4313880,43.56,561,1879951,37.71,138,8.5
00688L,9155,610115,48.64,213,296871,34.24,72,3.13
00689R,53,6889,86.94,5,5990,73.52,3,0.54
00690,17641,83830,13.0,12,10913,6.98,4,35.41
00692,90515,612780,16.71,33,102585,15.0,16,33.14
00693U,2592,58166,44.74,17,26031,38.5,10,9.73
00694B,2007,31076,67.82,8,21077,63.09,6,11.31
00695B,2277,42686,73.81,9,31519,68.77,6,9.82
00696B,10984,638681,83.33,31,532317,81.87,17,3.96
00697B,6948,69212,20.99,9,14532,19.69,8,21.61
00700,2582,30983,11.62,4,3605,6.34,1,18.75
00701,37607,168891,6.7,10,11333,5.48,6,50.54
00702,1183,6688,54.19,5,3625,30.2,2,27.12
00703,1015,9550,26.47,4,2530,0.0,0,22.9
00706L,6003,121271,31.27,28,37937,20.8,9,10.32
00708L,19635,164073,23.43,26,38480,17.52,11,24.28
00709,2229,14460,34.9,8,5050,7.44,1,24.78
00710B,3706,181261,82.01,9,148659,81.18,6,4.81
00711B,797,871761,99.34,5,866096,99.18,3,0.16
00712,150218,6443511,34.05,1537,2195578,22.34,267,5.05
00713,270943,1713512,22.45,82,384928,21.17,47,31.91
00714,2374,19567,46.89,11,9178,17.42,2,23.82
00715L,3088,50192,58.21,14,29232,48.09,7,7.95
00717,7450,117605,27.06,23,31845,19.12,9,15.85
00719B,15144,324514,31.03,51,100759,24.75,19,10.52
00720B,77352,4074109,65.93,305,2686649,62.6,76,4.46
00722B,13458,1467239,89.63,49,1315419,88.88,30,2.39
00723B,476,1519083,99.72,13,1514949,99.65,11,0.05
00724B,6156,3062775,97.64,32,2990878,97.51,24,0.49
00725B,41088,3749206,82.11,149,3079314,80.59,57,2.64
00726B,1712,1186989,97.99,17,1163331,97.65,10,0.33
00727B,736,57189,89.76,5,51341,87.65,3,2.8
00728,12364,39423,3.34,2,1319,0.0,0,50.03
00730,12809,69044,16.68,8,11526,14.25,5,40.06
00731,8162,20100,15.56,5,3131,0.0,0,57.39
00733,20150,61966,13.51,7,8377,10.66,4,53.59
00734B,520,24979,82.56,2,20626,80.06,1,4.76
00735,31061,112289,23.14,20,26024,17.16,8,37.56
00736,479,6727,77.05,6,5183,46.28,2,8.96
00737,5414,22538,18.05,5,4070,4.88,1,43.75
00738U,32887,253799,20.84,45,52921,13.67,13,25.65
00739,1949,27988,45.39,12,12709,26.85,4,15.87
00740B,6046,2243971,96.71,48,2170604,96.31,33,0.59
00741B,1124,13128,48.98,3,6433,37.85,1,17.9
00746B,1307,2556964,99.59,28,2546820,99.5,23,0.09
00749B,193,1110500,99.75,7,1107810,99.75,7,0.02
00750B,76,148000,99.72,4,147596,99.32,3,0.03
00751B,67001,5251603,75.35,339,3957895,72.56,93,2.92
00752,17051,257716,30.83,30,79540,26.76,13,16.05
00753L,13336,755157,47.12,257,355971,32.7,81,4.09
00754B,472,1307900,99.74,16,1304651,99.71,15,0.06
00755B,1003,296230,97.72,7,289500,97.72,7,0.75
00756B,2319,1335800,97.61,19,1304285,97.31,12,0.35
00757,67390,266994,30.56,29,81643,27.64,16,33.54
00758B,121,5525,90.49,1,5000,90.49,1,2.26
00759B,118,47525,98.89,1,47000,98.89,1,0.17
00760B,619,438020,99.19,7,434500,99.19,7,0.28
00761B,3423,2735089,98.52,29,2695425,98.44,25,0.27
00762,22259,46748,18.55,6,8679,14.59,3,52.09
00763U,3812,40065,50.15,11,20101,45.83,9,17.82
00764B,8186,1553500,94.21,33,1463805,93.71,20,1.32
00768B,1797,793600,97.99,26,777770,97.39,19,0.4
00770,21876,93458,12.61,10,11795,8.03,4,41.83
00771,2064,14225,15.73,2,2239,11.94,1,29.97
00772B,40373,3376790,80.41,146,2715845,78.65,43,2.81
00773B,8821,2603290,95.68,42,2491209,95.28,25,0.8
00775B,182,232100,99.66,7,231330,99.23,6,0.06
00777B,221,2156650,99.93,14,2155360,99.89,13,0.0
00778B,183,1522150,99.94,11,1521496,99.92,10,0.01
00779B,641,1298650,99.57,8,1293237,99.5,7,0.11
00780B,1275,249102,97.44,9,242758,96.93,7,1.2
00781B,751,9336,29.85,3,2788,16.06,1,18.35
00782B,1288,21967,22.99,4,5053,14.08,2,15.08
00783,797,8031,24.0,3,1928,0.0,0,21.66
00785B,240,1063466,99.83,11,1061746,99.7,8,0.02
00786B,1250,19066,30.08,6,5738,15.73,1,16.8
00787B,1000,11306,38.81,5,4391,17.68,1,18.93
00788B,1438,24706,27.36,7,6762,15.4,2,14.38
00789B,355,455600,99.38,11,452790,99.07,9,0.17
00791B,100,281100,99.68,6,280204,99.68,6,0.03
00792B,454,2317615,99.87,15,2314808,99.81,13,0.02
00793B,260,1526,0.0,0,0,0.0,0,31.62
00795B,37183,1550598,56.4,150,874825,52.38,44,5.76
00799B,1653,26036,22.78,7,5938,7.48,1,15.41
00830,178073,864965,25.17,63,217829,22.63,28,33.76
00834B,133,23198,94.36,4,21890,94.36,4,0.81
00836B,433,665541,99.6,12,662967,99.36,9,0.09
00840B,91,59431,99.27,3,59000,99.27,3,0.15
00841B,123,70440,99.46,5,70064,98.66,4,0.2
00842B,1039,23267,43.03,8,10013,30.97,3,10.32
00844B,295,245175,99.31,5,243500,99.05,4,0.26
00845B,219,237051,99.53,4,235959,99.34,3,0.12
00846B,251,74350,98.18,2,73000,98.18,2,0.48
00847B,297,3805,28.74,2,1094,0.0,0,16.21
00848B,152,138066,99.46,3,137333,99.46,3,0.11
00849B,106,485606,99.85,5,484892,99.75,4,0.01
00850,80043,413944,17.71,32,73417,15.2,17,39.2
00851,2102,5525,27.87,1,1540,27.87,1,41.42
00852L,724,6865,33.24,2,2283,21.8,1,19.88
00853B,2341,181634,91.36,12,165980,89.61,6,3.26
00856B,409,6792,64.13,3,4357,44.16,1,9.17
00857B,15551,601768,59.82,69,360088,55.38,22,6.45
00858,18513,117874,18.46,15,21771,14.05,6,29.43
00859B,2170,37011,19.91,6,7374,16.73,4,13.66
00860B,371,2671,0.0,0,0,0.0,0,26.87
00861,17512,68912,6.81,5,4702,5.33,3,51.87
00862B,1496,930881,98.44,12,916481,98.4,11,0.37
00863B,337,517964,99.54,8,515589,99.54,8,0.11
00864B,3905,115222,36.07,23,41590,29.75,11,7.03
00865B,10752,349244,33.06,56,115547,26.69,17,6.2
00867B,215,565150,99.79,10,563974,99.72,9,0.06
00870B,310,564151,99.61,9,562060,99.42,7,0.08
00875,7102,15988,18.56,4,2970,0.0,0,48.79
00876,20979,93524,28.52,10,26687,25.54,5,38.37
00877,13873,171288,18.92,25,32434,13.15,10,20.88
00878,1685601,18857290,10.79,874,2037442,8.67,157,20.33
00881,400097,2966903,16.85,123,500225,15.25,44,30.82
00882,82618,1969849,26.67,384,525625,17.73,92,10.22
00884B,214,75440,98.79,4,74532,98.79,4,0.41
00885,48173,591238,16.24,88,96083,9.93,28,19.24
00886,1170,4451,14.33,1,638,0.0,0,45.36
00887,20428,460351,30.96,112,142580,19.55,27,10.92
00888,91015,627478,12.43,26,78073,11.45,15,35.45
00890B,694,21264,76.15,3,16194,71.45,2,6.87
00891,192975,1855590,12.8,105,237896,10.67,36,25.56
00892,46189,317792,17.27,26,54942,14.36,13,33.62
00893,55575,351884,8.5,21,29992,5.84,6,38.85
00894,28087,147509,13.86,11,20485,11.42,6,39.18
00895,28473,141916,10.18,8,14472,8.68,4,44.01
00896,59958,499380,12.04,24,60201,10.63,11,31.47
00897,9669,131512,22.95,24,30206,15.14,7,20.49
00898,8374,104476,17.77,20,18587,9.77,7,23.77
00899,3531,16135,8.18,2,1321,0.0,0,41.46
00900,126857,1483525,15.18,85,225510,12.67,21,23.28
00901,11369,61349,13.91,10,8541,6.18,2,41.31
00902,17840,226497,18.79,32,42606,13.25,11,21.35
00903,6941,46721,11.87,5,5554,7.97,2,37.03
00904,26509,168112,12.72,18,21438,7.23,6,36.71
00905,43776,358827,8.82,18,31681,7.33,8,30.93
00907,20228,150133,12.33,12,18550,9.86,7,33.27
00908,2711,34416,37.51,8,12917,28.47,4,19.49
00909,25695,104704,15.09,14,15820,9.61,5,43.51
00910,37271,112439,9.64,10,10858,6.54,4,49.59
00911,11704,27903,13.02,4,3636,9.94,2,54.34
00912,9539,59753,13.65,4,8169,10.99,2,37.31
00913,15552,57766,16.18,6,9352,13.4,4,40.87
00915,70720,501983,17.29,36,86911,15.38,19,35.47
00916,18736,98419,16.39,15,16143,10.15,6,41.36
00917,13453,70478,13.09,11,9236,7.4,4,39.46
00918,385775,4761264,11.6,285,552755,8.88,60,20.75
00919,1491644,19352135,10.78,1097,2088861,8.03,172,18.07
00920,6016,20280,26.45,5,5367,13.74,2,43.36
00921,10013,57770,8.25,4,4773,5.79,2,42.56
00922,190199,2202186,32.57,107,717665,30.57,32,20.59
00923,120979,950923,15.92,45,151476,14.4,22,31.87
00924,54731,433603,21.78,25,94496,19.38,11,27.52
00926,9139,102482,56.71,12,58139,52.74,5,19.83
00927,167431,1464897,9.07,84,133086,6.61,24,28.97
00928,6937,46356,32.3,12,14981,24.13,6,31.6
00929,461159,5315139,10.06,229,536063,8.19,55,21.75
00930,23072,160279,8.2,6,13170,6.55,3,37.61
00931B,33517,2247898,76.75,103,1725636,75.11,43,4.01
00932,12812,105783,12.7,9,13464,10.16,5,33.69
00933B,77706,6894458,77.11,472,5318109,73.87,108,2.72
00934,51735,442526,9.82,22,43567,8.49,13,31.18
00935,125727,874504,22.42,59,196282,20.88,34,28.57
00936,21940,191297,10.53,8,20179,9.18,4,31.16
00937B,210846,17361805,60.88,3341,10575178,51.8,691,2.57
00938,6491,104016,47.67,11,49604,44.37,6,18.05
00939,103060,1159976,6.87,51,79985,4.82,14,26.96
00940,309759,5043865,12.23,383,617999,8.58,76,18.32
00941,45862,452291,14.05,36,63622,10.44,11,28.0
00942B,9663,2073959,90.21,64,1871217,89.27,29,1.26
00943,5049,41389,16.97,5,7030,13.73,3,32.47
00944,7791,52581,8.83,5,4652,5.04,2,37.54
00945B,18582,851818,41.94,144,357487,34.79,43,4.97
00946,35356,431246,19.69,31,84983,17.61,14,22.92
00947,44060,283364,21.77,34,61747,16.99,11,32.86
00948B,26175,4295427,82.35,315,3538071,79.16,92,1.44
00949,17116,165928,19.95,25,33143,14.33,10,28.04
00950B,12048,4123809,90.96,144,3751495,89.64,53,0.66
00951,15105,233542,32.57,34,76102,27.65,14,16.85
00952,22512,247775,14.38,27,35694,9.34,9,24.26
00953B,53279,4811175,52.91,1485,2546690,38.52,335,2.11
00954,10470,120747,25.33,18,30611,19.36,7,21.85
00955,35179,480431,31.71,60,152404,27.03,24,18.24
00956,3310,32630,15.98,4,5217,12.92,3,24.55
00957B,3889,188263,50.85,30,95762,43.86,10,5.75
00958B,4291,118771,20.39,23,24240,13.67,8,10.15
00959B,9120,513836,48.47,84,249180,40.76,20,4.28
00960,12829,57995,19.56,7,11352,17.6,5,40.89
00961,59305,1097511,15.9,95,174714,12.04,25,14.52
00962,12864,141920,7.99,14,11373,2.84,2,24.32
00963,5472,128933,29.18,33,37648,19.85,12,9.7
00964,4966,79624,18.8,16,14980,10.84,6,14.86
00965,32863,410992,44.11,43,181352,41.22,23,18.89
00966B,3867,116732,37.21,16,43451,32.86,8,10.4
00967B,2692,181407,69.89,34,126816,61.94,13,4.13
00968B,8169,796511,68.68,103,547155,63.53,37,2.54
00969B,2108,145133,67.45,48,97920,55.83,20,3.9
00970B,5796,392229,60.45,65,237164,53.24,23,4.11
00971,6551,53677,17.23,7,9258,11.88,2,29.63
00972,1605,15172,36.06,3,5472,33.13,2,24.4
009800,19652,311891,30.5,49,95151,25.41,22,16.13
009801,8537,94619,22.48,19,21288,12.35,5,23.67
009802,40192,525495,17.31,47,91041,13.1,14,21.32
009803,31100,287328,13.19,31,37928,9.44,13,27.3
009804,17430,143392,13.12,15,18842,9.23,6,29.79
009805,53931,622316,21.24,69,132361,16.54,21,21.97
009806,1083,11161,45.48,5,5078,19.96,1,20.71
009807,1129,13760,58.16,8,8005,34.31,2,18.79
009808,4189,39011,14.0,5,5472,8.71,2,30.96
009809,2514,33863,39.57,7,13401,35.02,4,20.25
00980A,69580,767230,24.09,61,184955,21.58,27,23.44
00980B,1500,54569,49.27,15,26901,41.25,7,7.28
00980D,3367,100457,38.44,25,38631,29.4,9,7.59
00980T,3099,74918,54.98,9,41204,50.93,4,11.75
009810,1894,19154,35.5,5,6804,24.97,2,22.85
009811,22363,233450,18.0,34,42048,11.31,10,24.86
009812,5818,91882,38.11,23,35039,27.72,7,16.5
009813,22523,314824,23.76,47,74828,17.76,17,20.01
009814,13600,153076,21.45,22,32863,16.23,8,22.83
009815,28981,416670,21.79,59,90896,15.85,19,19.0
009816,935310,12262344,19.33,1552,2373117,13.46,321,19.02
009817,9947,219936,25.14,49,55341,14.45,11,12.93
009818,4728,45652,10.17,4,4649,8.2,2,32.87
009819,50436,598745,12.51,52,75055,8.93,19,24.95
00981A,910714,9031709,21.58,921,1951357,17.04,234,22.4
00981B,16706,1621613,52.83,567,857073,36.69,140,1.84
00981D,8399,530300,46.67,156,247586,33.27,39,3.21
00981T,8273,251261,36.08,75,90708,22.65,20,8.26
009820,32983,973702,39.17,190,381525,29.9,47,9.79
009821,55866,569340,11.89,46,67819,8.35,15,28.34
009822,4802,68056,13.24,10,9023,6.85,3,24.4
009823,33215,328817,16.35,33,53824,11.87,9,29.06
009824,43073,464347,15.01,63,69746,8.78,15,27.8
009825,4381,116208,11.61,19,13507,3.51,3,11.6
009826,61599,858804,26.34,170,226371,17.87,48,17.78
009827,15985,202950,14.02,30,28460,8.07,8,23.67
009828,64270,857545,20.23,88,173718,16.19,30,22.76
009829,13482,338870,46.67,68,158239,38.22,20,10.76
00982A,172284,2132436,14.3,162,305426,10.85,36,21.33
00982B,758,24900,59.69,5,14867,54.15,3,6.84
00982D,2822,78729,36.93,18,29099,30.27,10,9.55
00982T,1856,16597,25.28,6,4199,0.0,0,30.89
00983A,8220,70686,22.09,13,15633,15.4,6,27.42
00983B,788,22153,46.34,7,10268,39.87,4,8.8
00983D,3895,104197,32.75,38,34144,14.37,7,7.31
00984A,62830,625458,14.44,41,90439,11.66,15,26.88
00984B,3390,118933,35.31,27,42010,27.84,12,6.67
00984D,15939,1249557,43.08,420,538462,26.85,103,2.39
00985A,72390,651289,12.98,47,84692,10.01,14,29.62
00985B,9009,925001,66.02,239,610840,54.67,67,2.25
00985D,2486,115232,54.11,32,62381,40.62,8,5.05
00986A,4586,38827,19.72,6,7661,13.18,2,30.57
00986B,388,20762,78.51,6,16302,72.5,4,3.73
00986D,2316,143177,51.92,43,74368,42.31,22,3.8
00987A,15817,139143,15.65,18,21795,10.83,8,31.55
00987B,2150,77327,55.82,26,43182,42.19,10,6.91
00987D,1677,82023,71.53,13,58689,68.99,10,6.15
00988A,221304,3071937,19.8,351,608923,14.71,82,18.37
00988B,5380,161333,30.54,41,49302,19.1,12,8.18
00989A,6364,63617,16.77,7,10674,12.92,4,25.78
00989B,2830,113952,35.25,40,40182,19.28,11,6.5
00990A,117305,2312522,34.24,382,792145,26.37,94,13.34
00990B,3427,98350,38.41,23,37790,28.47,9,10.05
00991A,314177,4138416,21.17,415,876902,16.81,113,19.57
00991B,427,327828,98.59,14,323257,98.05,11,0.24
00992A,176284,2227955,15.96,227,355856,11.27,57,21.5
00992B,416,54114,94.22,15,51000,90.54,12,2.21
00993A,44242,718091,22.16,92,159312,16.72,23,18.08
00994A,25210,259190,26.3,30,68218,21.23,8,23.88
00995A,23099,264535,16.99,27,45001,13.18,10,25.52
00996A,24420,280399,9.98,30,28043,4.3,5,25.26
00997A,63543,1064377,18.04,136,192204,11.96,29,17.28
00998A,28251,346609,23.64,34,82014,20.42,14,21.52
00999A,83502,997517,11.85,83,118292,8.25,24,25.31
01001T,1354,583000,93.35,62,544286,90.03,28,0.5
01002T,3242,1393000,93.68,112,1305259,91.28,61,0.54
01004T,1244,730200,93.97,82,686311,90.31,38,0.31
01007T,1818,720000,92.78,82,668144,89.78,46,0.47
01009T,952,300000,90.24,62,270749,85.48,41,0.64
01010T,843,2308170,98.72,77,2279108,98.17,57,0.04
1101,515487,7523182,54.64,887,4111930,50.55,384,13.13
1101B,7392,200000,94.07,22,188182,91.29,14,2.2
1102,100267,3546563,82.13,335,2913499,79.77,199,5.86
1103,74248,832875,80.32,136,669060,76.66,86,5.79
1104,56197,686682,73.06,108,501786,67.18,43,8.13
1107,3432,10100,99.7,1,10070,99.7,1,0.29
1108,12943,404738,78.5,67,317817,74.73,43,6.46
1109,12048,341159,79.67,70,271900,72.97,36,5.91
1110,5196,572001,94.01,57,537885,91.56,36,0.99
1113O,178,840,0.0,0,0,0.0,0,63.21
1113R,381,2129,0.0,0,0,0.0,0,30.62
1201,87757,506063,62.99,66,318892,58.46,27,12.43
1203,55108,240000,90.95,50,218337,86.77,35,2.94
1204,3511,18354,45.79,6,8407,31.81,2,19.61
1207,46612,464094,77.3,48,358825,75.32,31,9.46
1210,99931,894767,65.24,127,583959,61.15,68,15.01
1212,30346,173914,44.29,45,77058,35.63,20,17.33
1213,6530,56623,81.13,12,45949,77.03,8,7.08
1215,97912,294790,55.99,33,165125,52.12,14,25.26
1216,143320,5682015,89.36,757,5078384,85.9,450,3.97
1217,137307,494513,61.84,129,305881,54.28,70,14.42
1218,82357,499999,67.23,68,336242,62.92,34,11.66
1219,52790,341238,64.21,78,219168,59.69,53,10.6
1220,47341,177078,67.89,47,120245,60.48,27,10.83
1221,18631,94769,34.29,22,32505,25.93,10,21.99
1224,3609,71908,88.36,20,63550,82.38,13,3.38
1225,43916,242268,89.36,39,216523,86.77,28,3.33
1227,53219,915090,66.96,70,612915,64.11,30,12.78
1228,1578,11108,38.0,5,4224,12.2,1,11.97
1229,103012,1831880,65.97,173,1208741,62.93,80,10.0
1231,36287,328300,64.76,27,212624,63.59,19,15.92
1232,16680,159975,73.5,10,117608,72.03,6,12.65
1233,10239,90592,75.97,27,68840,68.54,15,4.76
1234,24047,401871,82.96,135,333482,74.27,80,5.58
1235,2988,188578,96.34,15,181690,95.42,12,1.18
1236,11550,86674,83.82,23,72660,78.93,18,6.88
1238,2037,29933,11.74,4,3516,8.57,2,21.47
1240,3016,46444,69.67,25,32366,49.21,11,7.98
1256,6244,35781,59.9,10,21438,47.11,3,17.81
1259,16079,32390,78.88,9,25557,71.71,6,8.1
1260,1330,102098,76.35,30,77964,70.57,20,2.03
1264,9265,37052,47.19,16,17492,24.84,5,24.44
1268,3493,42224,78.11,17,32982,72.16,12,8.59
1269,725,20882,77.54,7,16195,72.54,5,3.41
1271,2860,77089,74.84,20,57711,64.43,7,5.62
1293,394,17094,74.32,11,12708,42.39,4,3.1
1294,4518,36626,60.22,16,22064,44.0,7,9.85
1295,3222,37600,57.34,15,21566,41.89,7,14.45
1301,278077,6365741,76.85,579,4893255,74.23,314,8.36
1303,270790,7930822,86.76,719,6881727,84.17,396,4.58
1304,98540,1188764,61.57,113,732170,58.34,50,13.49
1305,71811,581050,52.53,66,305408,48.84,27,16.4
1306,6126,44489,21.34,4,9502,19.41,2,23.55
1307,17872,397818,80.22,62,319216,77.07,40,6.61
1308,75392,593744,53.52,64,317866,50.29,32,16.1
1309,78128,397587,47.15,31,187541,44.3,12,21.72
1310,104404,527870,32.01,94,169080,25.31,32,24.24
1312,135858,1506620,61.11,178,921039,57.2,77,13.29
1312A,1262,20000,54.56,12,10916,21.4,2,13.54
1313,60312,1330846,69.1,165,919891,64.58,69,9.14
1314,299337,3784850,42.19,781,1597046,33.65,248,14.32
1315,5729,99099,82.16,44,81444,70.44,24,6.1
1316,60978,401646,41.07,76,165023,33.04,24,17.31
1319,31801,591477,79.91,107,472786,75.63,64,9.03
1321,3958,227228,70.63,93,160523,53.59,34,2.66
1323,14684,91275,70.67,36,64521,61.32,23,8.39
1324,23389,75122,65.67,19,49352,60.81,13,16.64
1325,36251,85281,48.35,10,41248,44.9,5,27.1
1326,176042,5861186,83.65,521,4904181,81.05,273,5.57
1333,15924,74515,51.2,14,38167,43.03,3,10.99
1336,12372,77614,52.5,24,40771,38.52,6,10.88
1337,52255,268955,47.15,54,126874,38.72,17,14.41
1338,55986,83840,45.57,27,38219,34.24,12,18.6
1339,7304,74124,75.32,16,55838,72.5,13,11.2
1340,61507,152923,35.15,27,53789,28.15,7,19.62
1341,9691,52851,83.71,16,44252,75.97,9,2.57
1342,8897,78501,57.88,13,45454,51.25,5,17.48
1343,1200,40514,66.2,22,26829,42.18,7,5.31
1402,87604,5352875,89.18,434,4774630,87.14,256,2.92
1407,161947,440537,35.31,76,155617,28.88,29,29.75
1407A,4913,67818,53.52,9,36304,52.89,8,18.87
1408,70638,351360,20.73,72,72860,12.55,23,29.38
1409,153250,1618409,62.09,207,1005186,58.31,109,14.45
1410,6622,62000,77.09,20,47805,68.41,11,5.29
1413,8431,132112,76.08,26,100532,69.56,13,5.77
1414,26902,198000,88.42,37,175109,82.92,21,4.72
1416,45261,185342,56.6,39,104940,50.58,21,14.31
1417,55426,189942,58.51,50,111168,48.28,20,16.43
1418,30538,56834,71.75,19,40791,58.96,7,5.37
1419,16793,300041,90.97,74,273026,85.55,48,2.11
1423,18121,99648,83.31,29,83042,74.46,15,4.84
1432,256803,108000,54.84,14,59238,53.3,11,29.77
1434,63479,1684665,72.36,163,1219483,69.12,71,7.6
1435,32990,139780,94.87,24,132631,93.04,19,2.18
1436,14328,194152,75.96,36,147520,72.06,24,9.52
1437,8459,201871,79.77,74,161065,67.55,37,4.7
1438,5044,111206,83.25,28,92594,76.99,18,4.83
1439,4320,92000,85.9,31,79038,77.33,19,4.79
1440,93171,1656816,78.56,273,1302002,73.59,141,6.74
1441,13278,61744,63.48,12,39205,58.61,7,20.8
1442,8805,366211,86.71,106,317591,78.74,63,3.41
1443,15677,135343,90.0,40,121845,82.71,23,2.76
1444,59885,995595,64.21,137,639489,60.15,72,10.42
1445,11782,130666,68.69,40,89773,59.31,20,7.52
1446,7975,137710,66.5,29,91598,62.72,19,8.76
1447,41463,910071,70.2,126,639013,66.1,66,9.83
1449,44863,127115,39.32,29,50011,32.29,15,23.01
1450,15108,78803,25.83,14,20375,21.04,8,25.51
1451,16618,198000,63.93,40,126604,56.68,15,10.79
1452,46978,132641,49.82,40,66108,38.92,18,15.03
1453,14037,116640,75.69,18,88302,73.72,14,12.04
1454,13733,129834,81.53,35,105883,77.15,27,6.53
1455,35191,531688,66.57,81,354075,62.44,44,11.83
1456,4572,93720,85.53,15,80185,80.86,8,3.38
1457,16472,316730,75.1,71,237946,68.66,39,6.65
1458,21128,260721,59.8,59,155941,51.08,23,13.66
1459,12343,268972,84.44,61,227191,78.55,35,4.68
1460,23614,694643,72.14,125,501233,65.13,50,6.21
1462,61032,299428,46.45,98,139155,34.51,37,16.05
1463,33344,173268,81.92,42,141989,75.15,20,5.04
1464,63508,425576,61.59,88,262261,54.19,37,9.81
1465,10163,103607,72.13,37,74757,62.37,22,10.15
1466,21655,111157,68.71,35,76405,61.56,23,10.72
1467,17816,233625,67.26,44,157184,59.83,18,10.23
1468,1322,160405,97.77,18,156853,97.04,16,0.39
1469,336,87218,92.35,28,80568,87.63,21,0.17
1470,1192,85767,86.23,34,73981,70.28,13,0.69
1471,56037,150415,22.01,22,33140,17.03,8,29.34
1472,3587,52765,82.58,18,43579,69.43,7,2.57
1473,12572,146154,71.87,31,105070,69.05,24,10.1
1474,16244,129897,59.18,29,76893,53.79,17,13.3
1475,2279,66017,76.27,16,50371,68.98,8,4.26
1476,23710,274367,77.47,78,212614,69.95,44,9.16
1477,30540,246694,59.63,77,147136,49.71,38,16.19
1480,377,416085,98.13,59,408360,94.48,37,0.15
1491,1716,54818,59.65,24,32709,46.3,13,3.37
1492R,86,526,0.0,0,0,0.0,0,36.14
1503,79870,520972,73.43,65,382643,70.9,44,14.39
1504,199576,2376441,70.68,235,1679946,68.05,128,14.17
1506,21276,300389,77.17,46,231878,71.35,16,4.16
1512,19937,98183,54.07,19,53104,47.97,8,9.28
1513,154360,503113,46.16,82,232330,41.51,43,34.72
1514,100771,278571,41.39,56,115366,35.3,28,34.59
1515,24389,181474,48.68,32,88360,40.33,10,21.68
1516,39681,40008,64.82,15,25938,58.33,11,11.89
1517,46061,220000,48.76,31,107327,44.15,14,21.99
1519,86682,347469,73.47,74,255338,68.25,45,13.68
1521,23425,76230,68.06,12,51894,66.44,10,13.22
1522,29827,312898,57.64,50,180402,52.99,26,19.6
1522A,1374,30000,82.41,8,24728,73.53,4,4.17
1524,45141,165310,37.95,19,62765,35.64,12,30.43
1525,3170,73400,89.27,9,65530,86.52,6,5.41
1526,52357,60000,37.24,11,22351,29.94,3,24.01
1527,65194,138571,33.64,20,46629,29.47,11,28.35
1528,92765,191331,30.32,12,58055,28.39,5,39.41
1529,30556,202850,48.84,33,99139,45.43,21,20.19
1530,10968,103108,75.66,15,78029,69.93,6,10.24
1531,12756,182108,64.14,51,116822,54.12,20,9.34
1532,19245,422604,66.68,107,281885,58.58,51,8.32
1533,9927,98547,63.29,35,62390,52.11,18,17.37
1534,4099,67728,47.07,19,31893,35.45,7,13.1
1535,9754,123743,75.83,10,93843,75.41,9,10.98
1536,83469,278960,32.98,50,92065,27.61,24,31.3
1537,15810,82063,51.23,24,42065,43.17,14,24.48
1538,7608,32300,78.45,7,25345,70.77,3,6.67
1539,5226,65370,61.18,11,40001,60.55,10,15.44
1540,41204,85474,35.02,21,29948,24.43,6,31.83
1541,2426,78800,83.76,15,66023,79.46,10,4.71
1557,113,1722,30.57,1,527,0.0,0,13.88
1558,27302,64536,39.95,30,25796,17.42,8,21.99
1560,22601,152007,66.2,66,100668,50.59,28,10.0
1563,15507,169206,46.48,53,78681,37.12,25,12.98
1565,37746,50417,17.58,11,8877,8.4,3,38.43
1568,9601,103087,63.87,30,65858,55.15,16,12.81
1569,24794,144247,55.95,42,80740,46.73,19,12.72
1570,34856,51501,56.32,12,29016,44.49,2,11.13
1580,27751,49339,39.24,15,19368,29.88,8,26.87
1582,66265,144269,30.27,23,43693,25.79,12,34.69
1583,2488,109400,91.25,17,99839,89.51,14,3.0
1584,56116,232471,40.74,34,94789,36.57,18,22.06
1585,934,57700,65.76,33,37958,46.04,13,3.12
1586,11898,129500,72.81,47,94323,61.71,25,8.49
1587,11748,80056,47.31,21,37882,37.92,8,20.14
1589,43144,153136,28.35,30,43458,21.0,11,25.01
1590,7433,200000,73.68,105,147376,52.67,37,1.84
1591,32303,38048,19.45,8,7406,8.04,1,20.89
1592,6278,110978,26.47,25,29390,18.1,8,15.24
1593,3304,39785,50.05,18,19914,35.43,9,14.17
1594,635,33220,82.82,12,27515,75.4,8,3.18
1595,10396,57864,44.27,20,25629,34.44,11,20.73
1597,20107,89262,49.19,31,43927,37.99,16,27.9
1598,10568,179142,60.28,48,108031,52.77,29,11.53
1599,11741,73029,65.01,21,47493,56.87,12,17.02
1601,16632,106257,11.6,13,12339,6.33,3,25.92
1602,273655,385794,12.18,26,47056,9.58,9,58.26
1603,13403,191688,72.74,30,139461,69.61,21,12.44
1604,101645,384200,58.63,74,225367,52.91,37,17.04
1605,242480,4431333,76.23,368,3378492,73.83,196,9.58
1606,77395,769281,15.97,119,122960,9.57,31,24.52
1608,48460,632774,66.57,63,421370,63.45,31,14.96
1609,194328,785262,33.62,111,264144,29.51,59,30.22
1611,87198,322736,52.01,80,167895,43.36,34,20.44
1612,37183,316080,61.67,68,194977,55.17,31,17.04
1613,22763,227418,57.74,67,131351,47.38,28,9.98
1614,5554,269113,83.15,84,223846,75.53,51,2.42
1615,8699,198630,80.66,35,160271,76.77,22,6.7
1616,14568,194149,60.08,26,116698,56.04,15,15.68
1617,11899,169515,76.66,39,130004,70.37,24,10.1
1618,21943,192692,57.84,29,111484,52.94,14,21.13
1623,5840,66000,77.1,13,50893,73.47,9,10.91
1626,9797,149822,69.68,49,104417,60.14,27,8.77
1702,63806,294133,58.01,30,170704,55.04,16,19.6
1707,68878,148137,50.64,49,75048,40.34,25,23.3
1708,84773,249002,40.93,45,101968,35.39,24,32.89
1709,48247,477016,67.99,119,324424,59.91,59,12.11
1710,58695,885703,63.07,134,558759,58.03,63,11.71
1711,98282,547752,45.95,93,251838,40.68,44,24.26
1712,82462,420493,56.34,117,236991,47.51,58,15.05
1713,23498,150952,74.22,29,112058,68.37,13,7.4
1714,104276,991825,54.2,149,537822,49.09,64,15.21
1717,98860,1184245,66.98,232,793469,61.28,122,14.21
1718,185214,1685906,54.0,217,910711,49.2,88,16.34
1720,16042,196566,64.63,30,127080,61.39,18,12.77
1721,67801,184884,38.75,35,71674,32.39,15,27.72
1722,122918,980000,62.72,157,614896,56.9,66,12.65
1723,62810,236904,52.13,37,123568,46.99,15,21.71
1725,3556,181830,94.45,20,171759,93.1,16,2.6
1726,9514,162000,85.67,29,138824,83.56,23,4.85
1727,25857,128020,55.29,25,70809,49.3,12,27.09
1729,4205,180688,91.4,47,165193,85.85,32,3.55
1730,10007,63234,57.3,11,36241,53.73,8,25.23
1731,18375,132915,55.7,15,74052,51.75,7,14.89
1732,38015,42444,46.4,5,19696,44.13,4,28.13
1733,38245,99950,44.35,20,44350,32.14,4,20.11
1734,70234,190197,50.01,41,95162,41.97,17,18.23
1735,8392,99388,78.8,13,78326,77.79,11,9.81
1736,7945,303395,88.27,45,267853,83.23,23,3.39
1737,74598,200000,62.6,26,125224,58.36,11,18.2
1742,11264,92671,80.0,25,74149,72.54,14,4.21
1748,709,14304,39.61,3,5668,36.48,2,16.91
1748R,105,529,0.0,0,0,0.0,0,61.98
1752,8087,100988,63.48,17,64135,58.32,9,15.35
1760,38946,85739,43.01,22,36888,33.89,8,26.21
1762,53821,76918,46.07,16,35449,36.1,5,21.47
1773,16636,300000,74.37,56,223188,68.75,28,7.74
1776,3208,60107,65.82,32,39573,44.15,13,8.87
1777,3352,44592,59.87,9,26705,54.22,5,11.89
1780,2519,109075,78.58,44,85730,62.47,18,4.14
1781,35662,47408,44.08,21,20899,23.54,6,21.67
1783,38006,89698,63.91,19,57341,56.1,7,10.66
1784,34484,53121,28.08,14,14923,18.13,6,25.32
1785,136567,595951,41.89,107,249823,36.4,54,28.71
1786,44841,74828,50.96,24,38143,44.51,16,17.53
1788,7710,44521,49.79,15,22177,40.09,8,23.3
1789,24537,790739,76.98,53,608909,74.77,23,6.19
1794,131,1322,0.0,0,0,0.0,0,16.46
1795,43209,270155,57.57,34,155567,53.15,13,20.4
1796,7583,41460,55.77,12,23132,45.18,5,8.35
1799,18791,248776,66.14,21,164579,64.09,12,10.53
1802,187372,2908061,78.25,179,2276034,76.45,95,11.84
1805,9211,134970,77.79,38,105017,70.41,23,4.68
1806,24540,390404,74.6,59,291318,70.93,36,9.65
1807,7548,114363,47.41,37,54235,38.25,20,12.54
1808,27481,893032,80.71,95,720908,78.64,63,6.58
1809,53931,167042,47.13,30,78763,42.49,17,31.04
1810,23754,302304,62.32,70,188434,56.93,44,17.08
1813,9003,46636,47.73,16,22269,33.67,5,23.38
1814,451,18982,78.82,12,14966,53.7,5,4.45
1815,143258,585459,54.82,97,321061,51.3,65,24.59
1816,900,24515,94.8,2,23242,91.94,1,1.83
1817,4477,72600,64.99,26,47189,58.35,17,11.41
1818,135,11635,75.49,7,8785,63.87,5,1.46
1819,136,38504,86.43,17,33292,70.14,9,0.44
1903,20892,260039,81.28,66,211420,74.9,41,4.05
1904,322258,1108275,68.39,145,758092,63.77,70,12.63
1905,70670,1102835,71.01,71,783423,68.63,27,13.08
1906,12459,151000,74.28,26,112196,70.05,17,10.79
1907,81588,1660371,85.59,217,1421410,82.13,123,5.06
1909,84275,1327686,67.9,170,901628,63.51,74,8.29
1918,30804,241156,20.85,26,50339,17.87,15,31.7
2002,1309244,15734861,53.1,1516,8358420,49.31,482,15.84
2002A,5344,38268,21.77,10,8340,8.37,2,28.07
2006,58263,730214,81.27,158,593581,75.04,90,7.45
2007,27377,530652,76.7,13,407113,75.66,4,8.98
2008,7459,190852,92.61,18,176790,91.29,14,3.11
2009,47289,359622,58.23,20,209482,56.09,8,24.38
2010,34504,647655,69.25,120,448690,64.89,74,10.25
2012,44577,302163,84.01,80,253896,74.58,33,5.03
2013,43729,200000,79.47,24,158983,77.32,17,11.05
2014,172355,1435544,50.79,100,729372,48.15,37,19.66
2015,11604,581599,88.4,153,514215,82.21,93,2.8
2017,40703,446875,61.71,67,275880,57.05,31,12.82
2020,62184,267031,50.58,53,135108,44.18,28,18.47
2022,62107,337168,40.45,32,136467,37.15,14,21.63
2023,100870,1821240,79.41,120,1446566,77.69,67,7.06
2024,50328,97500,83.02,13,80957,80.78,9,6.95
2025,30231,172661,63.4,30,109507,60.3,21,11.23
2027,104584,2584261,77.89,385,2013550,73.66,204,6.89
2028,21244,325715,83.44,39,271833,81.3,28,6.29
2029,14188,321180,71.36,25,229232,67.79,5,8.61
2030,59538,280526,56.49,55,158522,50.53,29,19.81
2031,65069,321146,59.05,62,189715,53.92,35,16.4
2032,12418,130522,59.24,42,77347,49.29,21,17.95
2033,5032,120000,84.82,29,101790,77.07,16,5.0
2034,38504,528996,52.09,103,275612,45.87,48,15.76
2035,20704,350000,96.59,23,338133,96.12,21,0.64
2038,26296,194134,53.62,25,104132,49.59,13,17.16
2049,65348,353792,70.01,116,247759,60.25,58,13.64
2052R,5549,9170,10.19,2,935,0.0,0,49.42
2056,254,105000,93.38,44,98068,85.71,33,0.43
2058,37075,305223,26.04,63,79577,18.56,22,17.04
2059,62351,95297,64.58,31,61562,54.48,15,5.96
2060,135,35739,87.22,4,31173,87.22,4,0.33
2061,11555,57378,48.24,24,27684,30.62,7,15.02
2062,11465,199994,61.71,39,123468,55.46,16,12.7
2063,3384,48101,51.62,18,24835,37.49,7,12.69
2064,1621,69330,83.08,30,57610,72.44,16,4.44
2065,49540,63517,51.84,17,32937,42.92,9,19.22
2066,3078,44450,68.59,19,30499,53.56,8,11.35
2067,2217,45138,56.12,12,25338,49.07,6,10.0
2069,9115,166387,63.86,44,106281,56.11,23,12.11
2070,5179,41783,63.12,19,26382,47.35,8,19.53
2071,954,69046,83.92,24,57957,73.14,12,2.17
2072,10338,192000,74.17,24,142456,71.39,15,8.61
2073,642,27500,75.24,15,20693,51.63,6,3.21
2101,37864,733935,63.81,132,468494,57.51,56,9.11
2102,79323,473329,80.7,63,382109,76.84,35,5.61
2103,80838,825710,60.63,122,500764,56.02,59,11.15
2104,107281,984734,45.88,202,451971,37.78,72,12.27
2105,81345,3241416,80.32,311,2603985,77.33,155,5.76
2106,33162,954890,79.56,162,759958,74.67,83,5.3
2107,47784,303593,64.82,71,196879,60.0,45,13.2
2108,52881,492417,71.06,95,350026,65.34,54,11.29
2109,35129,279349,74.57,71,208388,66.32,34,5.76
2114,5250,77992,65.64,18,51207,59.4,9,10.63
2115,3581,104373,70.52,36,73613,58.78,17,5.6
2201,95157,1070001,63.25,102,677047,59.57,42,14.42
2204,42550,553620,73.39,61,406455,70.45,34,11.81
2206,67583,773676,85.57,104,662153,81.74,61,5.92
2207,13420,557103,89.71,114,499864,83.03,52,1.52
2208,122682,1274539,54.77,152,698205,49.49,42,14.97
2211,25170,417091,79.98,53,333660,76.87,33,7.65
2221,7788,42325,64.24,4,27192,64.24,4,17.21
2227,7424,300000,93.61,12,280855,93.24,10,3.5
2228,9655,79780,56.24,13,44883,53.88,10,20.68
2229,59,1462,41.04,1,600,0.0,0,7.78
2230,11742,68030,46.07,25,31351,34.04,13,15.5
2231,13547,135932,65.85,30,89536,60.93,18,15.06
2233,38589,60289,41.98,11,25316,34.47,4,28.1
2235,1355,35878,83.99,12,30137,76.08,8,6.59
2236,3564,63517,70.89,23,45041,59.75,10,7.69
2237,3252,128886,76.93,22,99181,70.63,8,4.7
2239,2705,117713,80.12,17,94327,78.15,13,4.33
2241,29618,104602,44.73,36,46810,32.48,14,16.95
2243,2743,77374,67.1,36,51934,50.71,15,6.26
2245,499,35640,80.24,12,28603,66.91,5,2.3
2246,2884,42613,68.53,3,29213,65.07,1,9.19
2247,7882,80711,76.68,14,61904,72.7,8,9.78
2248,931,47600,78.29,17,37275,67.57,9,2.9
2249,1360,28160,70.67,13,19907,54.22,6,7.9
2250,9457,36388,51.37,4,18698,48.97,3,21.01
2252,1706,106618,80.95,19,86331,76.14,10,3.29
2254,2744,63908,92.83,18,59336,82.68,9,1.33
2255,1923,60932,80.29,20,48936,71.25,10,4.44
2256,2430,42524,56.4,16,23990,42.51,6,10.23
2258,8957,1751483,93.94,54,1645761,92.85,25,1.11
2301,190181,2316108,80.82,480,1872471,75.07,276,9.27
2302,24138,166303,63.7,21,105985,58.98,9,20.72
2303,1031979,12570094,73.7,1245,9267191,70.94,692,12.88
2305,26153,205661,64.99,24,133697,61.36,11,17.11
2308,590692,2597543,80.95,570,2103088,73.95,274,7.99
2312,198383,1506576,48.62,217,732939,44.16,103,23.9
2313,284034,1233821,60.9,225,751645,55.29,116,24.57
2314,52868,108596,11.56,14,12566,5.51,3,43.39
2316,60939,182741,64.46,45,117811,56.74,21,20.27
2317,1145174,14075746,69.25,1455,9751210,66.54,840,13.18
2318,28522,106003,27.03,15,28676,22.83,7,30.0
2321,14025,16555,71.62,3,11858,67.91,2,16.37
2323O,125777,1089348,46.64,206,508373,39.77,84,17.27
2324,328077,4407147,61.6,615,2715912,57.6,328,16.56
2326,48253,40332,12.72,6,5139,6.53,2,45.7
2327,585575,2058731,68.45,361,1409847,63.74,204,17.69
2328,116916,518346,42.35,63,219600,38.34,30,29.63
2329,127952,658948,50.9,68,335558,47.02,26,25.65
2330,3007088,25932370,87.54,2626,22707598,84.78,1482,5.83
2331,56108,557403,59.07,67,329402,54.6,22,17.75
2332,103162,602163,34.96,105,210611,29.08,43,23.48
2333,87613,277761,29.07,56,80797,20.4,18,32.81
2335,6027,49481,35.58,13,17615,25.39,4,20.03
2337,488320,1986261,40.61,301,806874,35.86,144,33.45
2338,86568,366849,44.97,49,165038,39.85,21,27.55
2340,106343,438623,45.07,66,197784,39.61,28,24.3
2341,23847,6852,86.94,1,5958,86.94,1,8.91
2342,142907,157335,37.53,17,59077,32.41,4,39.04
2344,558369,4720491,68.93,557,3254873,65.43,294,16.6
2345,112028,561118,69.98,214,392749,56.81,98,6.55
2347,39372,1667947,88.95,259,1483896,85.1,156,3.97
2348,25115,159486,69.56,31,110972,65.26,20,13.21
2348A,2607,30000,65.45,6,19637,55.71,2,7.15
2349,142858,693680,28.4,122,197139,21.37,42,26.7
2351,22333,196570,75.73,73,148916,67.07,48,11.18
2352,191692,1580507,48.34,204,764243,43.44,76,19.53
2353,388806,3047854,37.92,379,1156331,33.28,152,25.27
2354,185806,1414485,48.83,124,691039,46.05,63,25.81
2355,76056,397495,41.49,98,165008,33.43,46,29.68
2356,248557,3587475,73.29,392,2629928,70.03,205,13.66
2357,110371,742760,74.53,217,553765,65.01,106,10.03
2358,39722,136623,28.06,17,38351,24.3,8,27.34
2359,64356,171471,45.28,34,77668,38.9,18,35.19
2360,33826,425246,70.36,197,299297,51.76,70,3.01
2361,19311,46544,52.97,6,24657,47.24,2,20.77
2362,31099,622263,81.18,117,505275,76.93,75,7.62
2363,128961,514988,36.25,63,186821,32.07,29,33.81
2364,56025,52389,56.2,11,29451,51.35,7,21.6
2365,98198,221528,23.13,26,51288,19.15,13,44.4
2367,190007,706253,28.71,88,202955,24.98,45,41.44
2368,115443,530595,76.65,128,406811,68.02,55,9.25
2369,127799,380102,30.57,55,116249,25.5,24,37.7
2371,267856,2150835,48.34,284,1040244,43.67,121,19.24
2373,14093,236203,87.29,27,206243,86.23,23,6.86
2374,104228,337992,25.46,41,86149,21.19,18,38.42
2375,77810,108675,24.01,20,26107,14.02,3,55.23
2376,91717,669889,73.46,160,492174,65.3,78,13.19
2377,94268,844856,69.11,195,584056,62.18,105,15.67
2378,17775,141056,33.79,25,47691,26.97,9,20.34
2379,85293,515513,74.7,209,385158,59.78,87,6.58
2380,23611,60000,35.96,8,21583,32.8,5,32.64
2381,2565,119,0.0,0,0,0.0,0,32.56
2382,281817,4107627,84.86,515,3486635,81.17,282,8.04
2383,123085,358321,68.48,139,245478,55.55,63,6.39
2384,157955,2047778,28.02,329,574281,20.93,96,18.89
2385,51394,765721,74.07,163,567248,68.69,99,11.19
2387,16879,195251,58.29,29,113831,52.57,13,17.87
2388,54425,556446,71.08,71,395632,67.52,39,14.49
2390,62140,192619,38.67,24,74525,33.77,9,26.29
2392,65890,512327,49.82,64,255351,45.21,23,23.69
2393,50810,443393,67.24,123,298210,59.72,69,13.7
2395,34838,869447,84.8,206,737424,77.17,97,2.9
2396,56582,1276356,45.53,238,581474,37.15,63,10.87
2397,9029,114489,69.4,17,79488,65.62,11,13.22
2398,38395,412897,36.6,46,151194,32.81,20,19.17
2399,54122,178100,33.49,43,59674,23.26,16,36.4
2401,131306,591995,41.37,100,245027,35.08,40,25.6
2402,81615,307537,39.54,54,121635,34.06,25,32.34
2404,61166,190587,56.8,73,108293,42.15,30,16.81
2405,96653,343427,24.4,46,83892,19.29,17,30.39
2406,116758,350906,23.14,55,81278,16.54,19,38.24
2407,48627,734727,37.9,178,278670,27.91,56,11.9
2408,345301,3450206,83.72,327,2888947,81.04,177,8.22
2409,658732,7547099,50.88,918,3841071,46.41,367,17.67
2410,12536,160000,36.36,51,58220,23.72,16,11.16
2412,296065,7757447,79.77,525,6190086,78.0,297,6.63
2413,28042,127359,54.89,21,69930,50.78,14,25.16
2414,15635,161736,59.69,44,96585,49.81,18,14.08
2415,9222,100000,64.12,26,64128,54.54,12,15.77
2417,61360,157219,41.8,19,65739,39.0,12,32.39
2418,64429,1023106,47.83,137,489500,42.18,39,12.97
2419,37529,321317,64.84,14,208413,62.56,2,17.54
2420,38946,152649,49.1,37,74979,40.0,16,21.01
2421,52784,286944,64.62,101,185490,52.76,45,15.03
2423,6170,145047,75.94,33,110172,69.55,17,6.06
2424,4330,59585,80.85,6,48185,79.18,5,7.41
2425,43968,96499,47.41,21,45774,38.66,7,27.41
2426,107905,300622,49.11,59,147700,44.54,37,26.45
2427,21701,198000,53.61,15,106195,49.79,4,21.14
2428,19201,128113,59.66,29,76443,51.74,13,18.95
2429,27477,86100,48.7,14,41941,43.01,7,23.3
2430,37834,116800,63.51,24,74205,57.11,11,15.19
2431,51365,110927,42.04,15,46655,36.0,4,23.0
2432,1269,61860,78.2,10,48380,72.93,4,4.7
2433,7820,144496,78.94,18,114070,77.73,14,10.26
2434,5936,37000,79.29,4,29341,74.38,1,13.85
2435,8963,74692,32.68,10,24423,28.75,4,21.88
2436,73998,221071,27.74,49,61369,19.06,20,39.84
2438,26519,71196,58.39,21,41582,49.37,12,15.59
2439,71891,248641,28.95,51,72047,21.3,21,35.48
2440,8561,139117,70.34,26,97883,67.61,19,10.21
2441,57765,568846,69.66,88,396416,64.61,42,16.3
2442,50831,347998,54.81,54,190817,48.44,21,11.32
2443,30669,150909,55.25,45,83395,45.97,24,12.9
2444,36512,106570,31.96,22,34070,22.8,6,22.26
2445,6213,48163,15.7,7,7571,12.45,4,26.56
2449,260422,1283882,63.08,284,810094,57.02,159,19.82
2450,17500,258253,76.82,17,198445,75.97,14,11.28
2451,44761,431346,70.97,59,306197,65.64,26,13.35
2453,25384,100000,48.21,15,48235,41.48,5,27.53
2454,618964,1604953,73.45,499,1179021,63.42,239,8.33
2455,68732,188970,52.36,73,98965,38.02,31,21.07
2457,111916,424772,29.28,54,124477,24.5,20,30.54
2458,64178,303880,56.97,80,173174,48.56,41,21.72
2459,15059,105596,52.83,32,55798,41.95,11,14.26
2460,44325,169200,58.5,21,99021,53.76,7,15.65
2461,49997,190294,45.64,57,86897,35.64,25,17.4
2462,26054,150784,56.14,36,84677,50.28,21,16.99
2464,94845,227369,44.47,56,101146,36.05,26,29.41
2465,48443,93946,40.14,18,37726,32.09,5,28.14
2466,5911,173459,87.38,51,151604,81.39,35,4.38
2467,48326,161836,68.92,57,111576,58.6,31,12.98
2468,11621,69961,50.02,2,34998,50.02,2,28.47
2471,36678,47254,24.75,16,11704,6.74,1,41.05
2472,40220,164735,55.48,47,91435,45.21,21,28.27
2474,51100,538821,72.71,85,391922,68.15,50,13.61
2475,226515,6479454,71.18,1102,4613313,64.61,429,6.13
2476,18229,220253,68.53,62,151003,60.25,33,11.23
2477,11707,158573,73.98,41,117352,67.07,23,10.89
2478,59379,144731,56.66,50,82041,46.28,23,24.24
2479,13052,37738,32.51,6,12276,25.73,1,31.6
2480,41624,106360,32.37,36,34456,18.32,11,25.83
2481,102815,382115,57.84,84,221123,51.24,45,27.13
2482,38571,77883,41.08,14,32003,35.02,6,29.18
2483,9979,107890,61.76,26,66651,56.27,16,16.69
2484,85412,159421,31.54,41,50303,22.01,16,42.7
2485,138782,317689,21.31,39,67763,16.97,17,49.27
2486,91495,240775,35.11,50,84559,28.24,23,31.99
2488,40661,79999,52.72,24,42191,44.68,13,17.95
2489,134798,610000,28.83,76,176010,24.8,36,37.26
2490,15410,162904,21.55,30,35143,15.55,12,21.71
2491,13377,82008,73.65,23,60414,67.35,15,11.55
2492,111760,485205,67.92,71,329677,64.39,44,20.59
2493,46540,126797,49.17,32,62367,41.06,17,23.1
2494,10286,41493,81.48,10,33814,73.06,5,9.76
2495,38059,273552,50.69,44,138713,46.54,25,22.52
2496,4288,20055,49.57,9,9946,34.9,4,17.49
2497,11982,130888,65.4,33,85631,57.56,17,15.7
2498,164979,837037,38.82,138,325124,33.27,64,26.78
2499,47811,461172,44.22,81,203993,38.01,35,15.35
2501,44543,1159561,76.5,158,887288,71.5,70,7.52
2504,89843,1180000,75.28,206,888471,70.15,109,7.02
2505,23723,380000,79.8,68,303313,75.54,40,6.26
2506,65242,387000,76.86,74,297552,72.34,45,8.65
2509,16327,224551,69.72,44,156585,63.9,23,9.95
2511,45812,1623326,80.75,297,1311219,75.36,151,3.67
2512,43893,489805,34.24,96,167810,25.07,22,14.72
2514,17642,394729,87.99,49,347428,84.81,29,3.79
2515,140934,1688460,60.58,342,1023317,53.2,136,9.4
2516,48838,226278,73.12,61,165494,65.93,38,6.75
2520,76201,609487,75.18,95,458330,71.54,58,8.41
2521,25281,319351,35.28,57,112767,25.86,11,15.88
2523,14026,227601,44.81,58,102027,36.06,25,12.24
2524,7602,366185,93.18,36,341303,91.73,27,2.39
2525,52505,650266,31.86,172,207239,20.41,50,15.09
2527,7015,270306,81.65,36,220774,77.43,16,4.29
2528,8329,437765,84.04,85,368022,78.99,47,2.83
2530,30784,841256,85.9,141,722854,81.89,90,2.3
2533,14037,152615,38.5,37,58787,26.27,7,17.07
2534,63113,474228,73.0,113,346326,66.19,63,7.62
2535,63456,270794,60.3,61,163333,54.95,34,15.15
2536,8412,332809,77.76,79,258863,69.66,38,4.14
2537,43261,300558,61.35,75,184454,52.63,33,11.81
2538,28639,445025,74.02,132,329504,65.26,70,4.67
2539,21121,1455585,87.3,151,1271009,84.77,87,2.66
2540,17311,944874,91.04,80,860340,89.27,54,2.72
2542,111730,2153084,64.53,222,1389716,61.05,103,10.87
2543,31835,528542,71.66,76,378858,67.59,40,9.13
2545,16362,379735,76.85,44,291898,74.15,26,8.42
2546,53528,146187,63.74,24,93205,59.26,12,13.33
2547,74302,1035095,70.39,187,728825,63.84,80,5.86
2548,41060,335705,48.81,98,163896,38.7,43,19.49
2553,19278,81607,18.95,13,15492,11.19,4,33.8
2566,325,2416,0.0,0,0,0.0,0,31.89
2569,61,11552,83.38,2,9634,74.73,1,0.61
2591,80,817,0.0,0,0,0.0,0,18.25
2592,57,10494,90.43,4,9490,82.1,3,1.35
2596,3218,100000,72.17,29,72188,61.71,14,5.63
2597,13012,310716,81.66,43,253793,78.07,25,5.33
2599,1372,98524,66.13,41,65172,51.87,16,2.08
2601,81127,690379,29.77,91,205637,24.1,29,23.64
2603,268577,2165043,75.43,380,1633715,70.4,208,11.88
2605,104927,585353,55.14,113,322832,49.24,57,19.01
2606,45296,845056,78.49,118,663453,74.96,72,9.42
2607,38619,533571,78.07,88,416618,71.44,36,8.57
2608,51790,467000,76.61,71,357866,71.33,32,10.61
2609,349632,3492104,63.67,335,2224231,60.57,159,19.26
2610,241919,6144989,72.97,540,4485098,70.07,249,9.2
2611,50395,189002,48.87,28,92405,44.15,12,21.56
2612,36461,197485,76.65,16,151403,72.56,4,9.81
2613,39948,148423,56.54,29,83941,49.67,11,21.1
2614,101030,327265,44.29,44,145033,39.56,19,23.47
2615,91697,2806146,89.44,313,2510569,86.51,180,4.59
2616,213289,137282,44.74,17,61436,41.0,9,29.93
2617,27390,417294,65.6,68,273835,60.42,32,13.98
2618,193371,5400444,82.91,671,4477834,79.73,401,6.29
2626,296,2885,0.0,0,0,0.0,0,25.25
2630,23112,209438,63.8,11,133659,61.71,4,20.34
2633,104752,5628293,86.87,291,4890028,85.06,132,4.16
2634,114798,941867,48.8,73,459908,46.3,34,23.36
2636,55025,141835,44.39,34,62993,37.85,19,28.11
2637,23400,746409,83.86,152,626104,78.57,88,4.9
2639,1106,99999,99.01,2,99010,99.01,2,0.48
2640,3458,59265,73.58,25,43622,58.17,11,6.39
2641,79855,330334,28.23,46,93324,23.02,15,28.03
2642,19467,95467,60.38,7,57646,60.38,7,26.8
2643,4255,35000,64.02,9,22409,58.84,7,17.61
2644,2493,82952,80.06,34,66425,74.84,28,4.02
2645,30885,374571,80.92,30,303161,78.08,13,9.9
2646,240848,3008735,65.07,135,1958643,63.42,54,16.14
2701,14677,449968,86.37,36,388719,84.8,25,3.63
2702,12308,156613,73.71,18,115469,72.55,15,9.49
2704,30422,366923,88.71,70,325544,83.75,43,3.14
2705,83094,191313,66.81,42,127829,60.59,23,14.01
2706,15987,499998,85.5,59,427564,81.55,26,3.6
2707,18078,127403,60.9,17,77608,54.67,4,19.75
2712,2005,105000,90.79,19,95351,86.86,13,3.4
2714,3933,1137,0.0,0,0,0.0,0,87.1
2718,2613,87576,88.24,16,77286,88.24,16,3.46
2719,3271,69456,90.67,4,62977,89.18,2,5.15
2720,2751,80000,61.03,27,48837,48.9,12,3.59
2722,4863,143170,87.45,31,125241,82.28,20,4.88
2723,8875,180000,69.82,41,125699,62.32,19,8.78
2724,1037,59656,84.84,10,50618,81.39,6,1.78
2726,2433,37690,65.0,16,24504,49.98,7,8.66
2727,148290,82940,41.58,37,34509,19.14,8,25.78
2729,6134,43041,68.14,13,29331,59.59,8,15.97
2730,2322,37215,86.67,2,32256,86.67,2,2.97
2731,30447,93278,44.07,23,41115,35.04,10,29.1
2732,6042,46519,59.23,19,27558,54.16,14,20.51
2733,567,24598,86.6,9,21305,84.45,8,3.17
2734,28689,57260,38.99,13,22336,31.34,6,24.49
2736,6257,79972,55.95,17,44764,46.33,7,14.15
2738,57,67381,97.88,6,65966,94.86,3,0.02
2739,5336,91526,73.92,20,67680,68.0,12,10.19
2740,2928,16762,72.53,2,12158,72.53,2,2.77
2741,1718,22588,64.85,8,14655,48.86,3,12.07
2743,6696,46815,52.86,8,24755,50.27,6,24.48
2745,5216,33809,51.28,5,17339,51.28,5,24.67
2748,9489,105779,61.51,6,65078,59.44,2,16.75
2749,248,20800,75.15,16,15634,33.27,2,2.43
2750,180,60000,98.53,18,59126,88.06,10,0.13
2751,1555,19846,60.31,1,11970,60.31,1,11.05
2752,2583,26694,63.58,16,16976,40.59,6,9.11
2753,11695,66645,56.51,22,37673,41.6,7,16.72
2754,4337,46907,73.04,6,34267,66.51,1,11.56
2755,3869,47267,66.2,16,31301,58.22,9,10.45
2756,1574,24598,71.11,13,17496,53.58,6,8.39
2758,7431,20486,73.57,13,15075,46.27,6,8.14
2760,169,13000,89.3,6,11611,84.47,5,1.02
2761,671,17337,57.63,9,9996,46.07,6,6.07
2762,6213,112500,85.45,21,96157,80.85,13,5.4
2801,282833,12060197,77.66,1267,9368743,74.1,564,3.88
2807,7180,3162,0.0,0,0,0.0,0,75.76
2811,52198,292500,34.57,65,101178,26.45,27,22.9
2812,249046,6425075,58.91,854,3785865,53.63,271,6.81
2816,10353,223608,80.89,34,180907,75.22,13,4.39
2820,73690,1342960,65.77,161,883571,61.84,69,8.02
2825,9434,12441,5.74,1,714,0.0,0,60.28
2827,30306,129587,36.75,31,47647,29.7,16,20.48
2831,42037,1192602,62.1,167,740952,57.24,70,7.66
2832,19623,253540,69.4,53,176042,63.69,27,7.85
2834,396689,10398326,60.23,1426,6264747,54.59,437,6.52
2836,35395,1858316,85.48,177,1588710,82.58,86,3.2
2836A,2776,40000,39.12,8,15648,33.25,5,7.87
2838,50739,4607829,90.41,268,4166836,88.7,135,1.78
2838A,5960,200000,68.77,42,137598,61.79,22,6.06
2841,60330,960944,57.39,179,551750,50.11,62,7.39
2845,101831,4923425,75.57,627,3721483,70.78,238,3.56
2849,9826,1957609,98.53,59,1929295,98.04,43,0.51
2850,17803,315963,68.12,93,215287,58.05,44,9.51
2851,27319,800389,71.6,123,573210,66.27,54,7.17
2852,21709,301164,66.08,107,199047,52.99,48,7.3
2855,55964,1601414,77.73,239,1244973,72.6,103,5.0
2880,470769,14056135,82.05,1134,11535904,79.57,555,4.06
2881,377271,14007365,86.81,1032,12162981,84.64,531,4.26
2881A,18225,600000,90.59,69,543672,88.07,44,3.32
2881B,18059,666660,94.91,69,632865,91.98,40,1.89
2881C,52943,333330,84.93,52,283173,81.45,32,6.05
2882,398530,14669210,85.94,1256,12609601,83.54,680,4.64
2882A,18439,833300,95.05,84,792200,93.25,61,1.71
2882B,18986,700000,96.02,60,672260,94.28,42,1.65
2883,725855,16974612,69.06,1904,11725326,65.33,859,6.67
2883B,68053,1582142,66.86,393,1058254,57.64,156,6.48
2884,624017,17723510,74.4,2166,13190403,70.29,963,6.42
2885,458166,13864396,83.0,1325,11509216,80.28,714,4.9
2886,458889,14833378,83.33,830,12362724,81.83,469,5.66
2887,715952,25115062,75.55,2967,18976064,71.56,1298,4.69
2887E,12875,500000,85.42,59,427280,83.21,43,3.23
2887F,13014,300000,89.37,33,268175,85.83,19,3.46
2887G,16746,75000,48.16,24,36143,34.87,8,11.31
2887H,20382,219668,70.93,62,155857,63.34,34,6.65
2887I,265287,3096421,73.96,579,2290774,67.11,245,8.49
2887Z1,17928,300000,90.51,28,271581,87.21,14,3.07
2889,227210,3665902,71.52,361,2622407,68.82,201,7.47
2890,453292,14782169,81.34,1592,12026853,78.17,838,4.46
2891,580659,19675933,81.88,1876,16115475,79.06,961,5.06
2891B,24658,333330,95.9,38,319730,93.54,25,2.35
2891C,24066,166660,93.69,22,156169,90.86,16,3.57
2892,435834,14379469,72.38,1688,10410300,68.5,755,5.62
2897,27372,2805358,86.59,360,2429541,82.33,164,2.35
2897B,4813,250000,83.57,61,208952,77.81,37,3.99
2901,13498,73043,79.17,20,57847,71.6,10,7.78
2902,11473,146504,47.86,41,70162,36.81,18,12.62
2903,58852,1416941,79.5,154,1126745,76.5,82,6.44
2904,16774,77834,54.28,9,42262,50.17,4,17.06
2905,26864,1110372,84.26,130,935844,80.84,68,3.58
2906,17527,209117,65.14,35,136264,59.26,14,11.59
2908,10743,509888,92.37,54,471046,90.2,36,2.36
2910,1354,175403,96.61,40,169511,92.95,31,0.46
2911,39528,105126,45.99,20,48367,40.97,10,24.74
2912,75776,1039622,83.52,144,868455,79.08,67,7.96
2913,112966,790000,57.08,141,451142,50.17,52,13.99
2915,57654,1104319,69.86,193,771849,64.09,88,8.28
2916,4609,64627,58.97,18,38119,51.1,11,13.42
2920,974,12427,35.79,1,4449,35.79,1,18.05
2923,5118,1740297,99.53,16,1732422,99.35,11,0.21
2924,466,52036,89.45,9,46554,84.08,5,1.03
2926,2123,47390,74.65,14,35386,65.22,7,5.83
2929,50302,109494,32.74,20,35865,24.98,6,18.21
2936,154,76056,99.52,6,75695,98.55,5,0.22
2937,968,47896,85.43,21,40927,73.56,13,2.15
2938,1431,22840,71.37,8,16304,67.54,6,10.6
2939,7045,45549,76.3,28,34763,53.99,13,4.04
2940,237,25184,58.23,19,14671,17.01,3,1.05
2941,3072,15390,63.86,13,9831,20.62,2,4.56
2942,1641,60000,90.71,10,54436,88.06,7,2.87
2945,3206,67500,83.48,6,56353,83.48,6,7.41
2947,11705,23642,62.81,9,14854,54.68,6,5.13
2948,1080,32000,80.39,15,25731,69.1,9,5.03
2949,2798,30641,81.77,16,25060,61.04,7,4.11
3001,6673,75977,19.57,16,14891,10.83,5,19.43
3002,9080,102000,65.25,21,66570,59.16,11,14.37
3003,15650,155655,60.34,44,93961,53.45,27,18.34
3004,18300,64421,58.77,17,37878,45.72,4,14.94
3005,48435,624809,73.51,120,459407,68.63,71,10.48
3006,72054,298128,53.93,92,160851,43.38,41,22.99
3008,129248,130798,55.45,49,72556,41.01,15,13.68
3010,49670,259437,63.32,77,164302,52.66,34,12.41
3011,48780,129566,36.31,28,47075,27.35,8,18.01
3013,52545,213344,44.13,27,94204,39.43,11,30.35
3014,55511,165954,31.82,39,52831,21.23,12,32.43
3015,16797,187262,63.38,54,118736,54.57,28,16.03
3016,35715,295714,78.4,38,231905,75.77,26,11.62
3017,100389,395439,67.84,146,268358,54.68,59,7.49
3018,36546,75378,64.28,6,48462,62.19,3,18.27
3019,96012,279244,38.8,46,108406,33.34,21,36.47
3020,1634,122695,99.45,1,122032,99.45,1,0.48
3021,8575,94683,70.54,19,66803,65.36,13,13.83
3022,17041,176598,65.83,40,116292,60.74,25,14.12
3023,51674,240069,70.24,101,168668,56.88,49,7.84
3024,57354,277157,50.25,87,139334,36.63,33,14.31
3025,41606,56736,23.23,11,13197,12.38,2,32.19
3026,72822,165890,56.96,80,94519,36.26,26,22.3
3027,47716,129160,43.69,33,56462,33.48,10,23.78
3028,55417,237241,42.73,46,101453,37.88,27,26.39
3029,63715,167005,42.82,37,71528,35.64,17,29.0
3030,36002,236216,57.65,45,136235,51.42,20,18.42
3031,18920,173203,58.62,16,101569,56.79,11,21.25
3032,33048,113286,52.59,28,59606,44.38,11,16.85
3033,96947,524458,38.6,105,202494,31.75,47,24.09
3034,90666,608511,71.49,223,435173,59.49,103,9.95
3035,109143,260550,34.6,41,90212,30.14,21,39.14
3036,84986,1346626,83.53,250,1124981,78.12,136,6.13
3037,254212,1643982,79.16,411,1301786,71.22,203,7.71
3038,49788,157408,41.12,30,64766,33.37,12,24.23
3039,5427,66341,33.29,23,22099,17.71,7,10.35
3040,23481,66225,67.16,15,44483,62.11,9,14.15
3041,69675,142097,26.97,16,38358,23.0,6,37.78
3042,87921,342993,57.85,101,198482,50.28,59,22.29
3043,54663,38976,19.69,7,7679,14.4,3,35.36
3044,32641,525606,80.96,188,425631,70.05,95,5.44
3045,59049,3724991,93.03,378,3466213,90.44,229,2.68
3046,19859,78448,53.66,12,42107,46.74,3,19.88
3047,67383,224770,20.4,30,45885,15.13,9,35.5
3048,80935,269830,47.29,42,127644,40.8,15,27.45
3049,117655,802011,46.68,68,374530,43.21,22,22.26
3050,42043,154984,52.28,34,81035,42.77,11,17.92
3051,66537,167000,34.36,30,57420,25.69,6,25.96
3052,48876,233246,58.68,68,136919,48.06,27,9.01
3053,1488,7958,54.35,6,4327,27.94,2,15.4
3054,3367,80651,87.76,14,70797,84.66,10,3.24
3055,28322,114975,66.73,32,76743,55.99,14,15.21
3056,71559,480555,33.98,74,163384,27.54,24,18.8
3057,37287,67865,34.49,8,23416,32.89,6,30.91
3058,49695,201723,22.08,32,44573,15.63,10,25.59
3059,95166,307668,23.55,44,72514,19.24,22,38.44
3060,69937,137563,21.25,31,29260,13.23,13,31.81
3062,71970,330082,24.12,61,79708,16.19,19,34.9
3064,2927,13011,63.47,3,8260,60.15,2,10.11
3065,1469,183896,83.62,33,153802,78.86,19,2.46
3066,4964,83071,73.62,17,61166,67.14,9,10.17
3067,752,20000,71.33,4,14271,63.62,2,3.53
3069,1424,3000,35.56,1,1067,35.56,1,24.44
3070,172,7275,51.25,5,3730,18.25,1,4.13
3071,11179,110000,58.42,12,64283,55.15,6,20.7
3072,58,373,0.0,0,0,0.0,0,29.78
3073,4132,39511,57.73,20,22820,37.96,9,14.71
3075,431,7782,70.68,4,5500,70.68,4,9.56
3077,90,722,0.0,0,0,0.0,0,34.59
3078,58797,227391,36.73,50,83581,28.5,21,29.06
3079,4363,47639,32.07,12,15289,19.24,3,17.87
3081,77632,101869,47.29,42,48200,28.68,12,17.56
3082,66,455,0.0,0,0,0.0,0,24.02
3083,8747,86487,56.62,9,48987,53.1,4,20.06
3084,225,1873,0.0,0,0,0.0,0,18.99
3085O,2885,69019,89.64,4,61880,87.92,2,2.84
3086,7943,272711,85.65,27,233630,83.01,16,4.65
3087,442,51306,97.95,1,50259,97.95,1,1.41
3088,16238,113011,48.99,29,55388,36.33,7,21.74
3090,71918,287567,61.49,53,176865,54.43,20,23.5
3091,95,179,0.0,0,0,0.0,0,50.23
3092,32035,106649,38.13,24,40687,30.28,10,22.6
3093,7669,145156,76.5,17,111078,71.63,6,10.27
3094,44048,83117,24.05,16,20002,17.62,7,40.9
3095,25362,14680,54.41,4,7989,41.42,1,17.88
3096,666,22786,50.21,7,11443,38.62,3,6.29
3097,638,75086,86.79,15,65180,81.35,9,1.51
3098,76,1395,0.0,0,0,0.0,0,15.12
3099,13799,225174,37.67,68,84871,23.26,16,10.52
3105,108185,423940,62.05,98,263177,56.03,52,20.89
3114,9251,67723,52.52,19,35572,43.37,10,19.19
3115,17816,72198,86.25,10,62280,85.38,9,2.32
3117,1548,22800,54.91,8,12523,42.7,4,12.42
3118,41932,32453,38.03,14,12348,18.62,4,17.39
3122,46108,40772,26.6,10,10853,15.85,4,32.86
3126,2744,48752,44.15,14,21528,31.93,3,5.67
3128,49356,50157,32.08,11,16099,23.75,5,26.33
3130,7367,33191,53.96,9,17915,49.29,6,23.34
3131,32433,30414,46.97,12,14289,35.2,6,16.57
3133,492,27262,63.27,14,17256,46.91,7,3.25
3135,21830,102387,48.04,18,49218,42.31,10,27.43
3137,80,1883,0.0,0,0,0.0,0,7.7
3138,32174,56392,26.07,11,14718,18.98,4,42.56
3141,31869,75461,26.74,26,20195,12.57,8,37.11
3142,5169,203333,51.28,71,104291,38.74,30,5.03
3147,7002,43687,54.52,13,23830,47.6,8,17.26
3149,68749,286234,25.47,53,72966,19.74,25,33.93
3150,5745,44377,53.98,11,23960,46.29,5,7.26
3151,656,4133,36.97,2,1528,26.17,1,17.95
3152,8676,39016,43.76,15,17085,28.24,7,21.9
3158,1772,30699,36.07,11,11081,23.44,5,9.19
3159,483,5840,28.6,2,1671,20.39,1,16.26
3161,179,32583,95.15,17,31010,82.62,10,0.96
3162,13706,154153,62.08,29,95731,55.29,13,13.43
3163,100796,94635,26.26,22,24863,17.0,6,46.42
3164,22649,86010,55.29,35,47578,40.03,15,17.32
3166,98,23374,96.38,2,22532,94.66,1,0.79
3167,26039,91437,56.99,36,52127,46.11,19,14.57
3168,2508,75100,75.47,20,56687,66.9,11,5.98
3169,27281,63307,37.45,13,23718,28.6,4,24.82
3171,2276,33118,76.91,5,25474,71.96,3,8.42
3176,45523,139307,37.27,32,51939,30.58,16,21.05
3177,205,4108,75.32,2,3094,60.86,1,14.54
3178,4557,45050,64.36,10,28998,61.31,7,16.45
3179,110,9847,30.35,4,2989,16.07,1,1.36
3184,3539,63074,55.83,18,35227,47.66,8,13.08
3186,2283,30000,77.49,2,23250,77.49,2,8.98
3188,7361,189088,75.74,44,143267,67.85,19,6.2
3189,107846,526910,76.08,110,401020,70.19,58,11.48
3190,59,14308,74.69,5,10689,71.03,4,0.41
3191,18233,43597,54.41,9,23725,47.61,4,11.77
3194,169,13915,72.84,9,10137,53.34,4,1.06
3202,37700,129345,24.59,20,31836,19.46,8,27.41
3205,31173,67546,66.35,8,44832,61.71,3,10.45
3206,23238,58917,55.19,22,32532,42.7,11,17.43
3207,21382,66422,37.34,21,24817,22.18,6,16.32
3208,107,3025,46.49,1,1406,46.49,1,7.97
3209,58350,247161,41.48,62,102546,33.94,31,20.62
3211,81826,154418,52.12,42,80517,40.62,14,30.21
3213,46777,58686,29.38,16,17250,16.7,4,29.7
3217,15817,90104,41.79,22,37671,31.08,6,27.63
3218,18082,84725,55.63,18,47139,48.78,9,22.88
3219,4317,71781,83.02,12,59605,75.92,4,7.03
3221,48108,104989,26.58,33,27924,10.11,6,40.29
3224,16469,78173,71.95,28,56258,63.53,17,8.36
3226,1226,64431,87.86,25,56621,71.4,8,1.78
3227,57242,151913,38.66,49,58771,25.1,14,31.33
3228,34666,71937,22.96,13,16528,18.83,8,34.73
3229,11455,64263,68.23,3,43858,67.46,2,16.01
3230,19487,86011,54.04,20,46501,46.83,11,16.2
3231,346621,3430052,69.5,565,2384349,65.2,324,15.04
3232,14649,46568,58.25,21,27135,43.97,9,9.83
3234,46460,126475,32.38,28,40974,23.62,9,29.03
3236,64244,105001,33.55,18,35252,29.43,11,39.89
3237,104,1464,0.0,0,0,0.0,0,18.82
3252,2617,50196,79.14,24,39733,66.32,14,6.65
3257,28501,79824,44.24,12,35330,37.1,3,27.01
3258,91865,273368,10.19,23,27934,7.58,10,43.1
3259,3793,72966,70.97,26,51799,62.61,16,7.38
3260,145994,334463,32.52,63,108843,26.35,30,39.17
3264,92929,490170,65.48,128,321024,58.26,70,17.33
3265,13955,136262,69.46,27,94677,60.08,7,13.81
3266,3670,352314,90.48,29,318832,89.14,21,1.79
3267,532,17006,29.65,3,5044,26.96,2,6.43
3268,42684,34721,34.07,10,11833,27.97,6,21.54
3272,9075,61177,50.3,11,30777,45.51,6,19.35
3276,47220,69713,59.65,13,41597,53.94,5,12.39
3279,113,966,0.0,0,0,0.0,0,17.27
3283,146,6655,49.64,5,3305,15.13,1,4.46
3284,21765,108628,69.76,19,75801,66.54,13,9.66
3285,9753,42735,65.29,19,27912,51.8,10,8.86
3287,3789,43970,58.49,11,25731,48.76,4,15.82
3288,11379,16380,48.2,5,7898,36.75,2,19.07
3289,58534,86746,26.29,25,22814,13.09,8,36.99
3290,26392,90215,53.59,32,48356,39.57,13,13.72
3293,97992,281802,58.96,83,166200,48.88,42,20.06
3294,17006,132016,50.81,22,67097,45.96,13,24.8
3296,6959,96724,77.02,32,74511,70.76,23,7.17
3297,9819,36049,50.46,13,18199,36.6,6,29.63
3301,996,124326,79.23,40,98519,70.3,24,2.14
3303,14155,94791,47.87,34,45397,34.79,15,16.86
3304,424,14069,33.55,7,4721,9.88,1,6.53
3305,60419,143810,42.44,26,61042,35.63,10,31.99
3306,29715,50608,48.9,8,24755,43.14,3,25.11
3308,10249,60000,62.01,8,37213,59.25,6,19.54
3310,1708,74948,82.37,32,61748,70.49,19,2.97
3311,38538,100000,61.02,22,61037,53.46,9,17.12
3312,68641,182627,44.5,19,81306,42.6,12,30.37
3313,34086,221134,76.27,21,168688,74.35,14,9.34
3317,62611,90000,28.72,15,25874,22.89,6,43.07
3318,924,52256,56.8,19,29689,41.84,6,3.11
3321,28424,86114,48.0,22,41361,37.66,7,14.3
3322,64918,137582,34.75,26,47840,30.02,14,18.58
3323,69025,99593,20.6,13,20539,15.63,5,43.68
3324,62207,93698,60.25,44,56468,34.27,9,19.17
3325,61044,110169,30.46,33,33577,14.78,6,22.24
3332,1691,48104,87.05,15,41879,77.98,9,2.95
3334,127,24680,91.54,5,22594,89.35,4,1.02
3338,61877,87908,30.99,17,27259,22.58,5,36.5
3339,31197,66568,24.11,15,16062,13.86,3,33.01
3342,762,40910,53.13,17,21746,33.08,5,4.33
3343,869,58780,44.66,10,26267,39.29,5,3.62
3345,101,36301,95.55,2,34688,93.93,1,0.42
3346,39220,121228,27.1,21,32878,20.5,8,28.98
3349,1693,47822,50.33,27,24080,26.39,9,5.73
3350,923,21579,14.05,6,3034,0.0,0,10.93
3354,6984,70112,71.7,6,50275,70.56,5,14.69
3356,14260,68550,34.29,14,23522,27.92,6,29.03
3357,21010,118870,56.94,43,67715,41.41,15,19.5
3360,46651,76402,22.42,11,17145,16.99,4,31.22
3361,389,49553,81.55,18,40421,68.18,8,1.21
3362,31623,147446,59.91,44,88375,49.95,21,21.64
3363,72737,113641,36.76,28,41802,27.84,11,29.74
3364,216,2701,0.0,0,0,0.0,0,18.15
3369,4639,28946,56.22,3,16276,54.42,2,16.17
3372,56721,235324,54.08,27,127318,50.98,15,18.12
3373,35556,47619,26.43,4,12592,25.05,3,32.75
3374,53527,271364,66.76,41,181244,62.02,20,18.78
3376,57705,195780,39.62,58,77634,27.0,18,31.1
3377,241,19653,64.25,12,12631,35.71,2,2.0
3379,29790,38042,28.61,6,10889,24.78,3,36.81
3380,43172,541718,65.36,38,354174,62.77,14,14.35
3383,11619,75000,48.48,18,36370,38.5,6,16.7
3388,15155,85453,38.07,17,32551,29.8,6,29.99
3390,56111,79330,31.15,19,24729,17.95,3,23.42
3391,928,68860,66.0,27,45455,52.44,11,2.73
3394,162,1179,0.0,0,0,0.0,0,26.51
3397,1811,9020,0.0,0,0,0.0,0,46.55
3402,38246,73048,30.47,11,22265,24.52,4,34.83
3404,50,653,0.0,0,0,0.0,0,21.09
3406,32585,112743,63.24,60,71324,40.2,16,11.39
3412,261,8071,84.95,1,6857,84.95,1,3.49
3413,27853,111376,47.67,27,53099,40.91,14,27.01
3414,252,1360,0.0,0,0,0.0,0,39.06
3416,9395,80914,56.14,15,45446,51.53,10,16.13
3419,30608,120480,31.05,24,37439,24.07,10,24.63
3430,33282,33716,33.52,6,11302,33.52,6,33.43
3431,12536,55459,51.35,8,28481,46.69,4,17.57
3432,3495,42230,66.5,13,28088,58.48,8,13.32
3434,9375,35755,47.13,14,16858,33.02,6,20.16
3437,46689,144548,25.42,22,36763,20.62,10,37.3
3438,28320,47166,45.12,2,21285,43.53,1,29.6
3441,38036,40040,26.01,12,10420,11.45,3,47.29
3443,50678,134012,65.42,42,87686,52.75,13,8.11
3444,5028,44997,49.29,17,22188,38.51,10,17.26
3447,5750,77449,59.55,14,46137,51.2,3,15.39
3450,83675,145681,40.26,50,58678,25.42,15,35.39
3455,44866,59851,34.01,28,20359,12.31,6,32.27
3465,4521,42330,68.11,13,28840,58.2,7,6.67
3466,29093,77892,46.19,23,36001,33.92,7,18.6
3467,2790,31107,62.33,11,19393,55.35,7,13.98
3469,191,22448,63.92,14,14353,42.15,6,1.47
3471,503,5000,45.04,3,2253,25.6,1,10.99
3472,1709,76274,58.36,25,44534,43.84,7,4.68
3473,277,23533,76.07,7,17906,67.98,4,1.86
3475,1777,1784,0.0,0,0,0.0,0,46.82
3479,36995,73065,39.82,17,29111,30.24,5,31.71
3481,985576,7989197,37.28,1031,2979378,32.71,418,25.06
3482,527,6521,44.4,4,2896,16.87,1,16.25
3483,52105,99049,22.16,24,21969,13.26,10,40.07
3484,46832,78828,32.73,20,25814,24.74,10,23.75
3485,7128,38501,51.37,18,19790,33.54,7,18.34
3489,2669,90452,81.58,10,73808,79.83,8,4.71
3490,35470,55006,19.21,9,10578,14.06,5,38.32
3491,61603,68805,37.76,27,25994,23.02,10,24.69
3492,2808,35532,47.22,5,16783,41.95,2,16.88
3494,17961,94800,61.82,12,58628,56.76,4,11.37
3496,205,21562,79.91,9,17233,70.66,5,1.93
3497,112,4588,33.29,2,1528,23.86,1,5.4
3498,54650,61273,54.89,18,33639,47.28,10,19.43
3499,41444,54971,44.39,13,24408,41.9,10,23.55
3501,12248,118258,47.36,21,56027,42.49,12,21.37
3502,283,9202,34.17,5,3145,12.4,1,6.87
3504,12963,114060,67.34,23,76829,60.35,9,18.27
3505,160,5429,87.89,1,4772,87.89,1,8.41
3506,606,8573,19.83,3,1701,0.0,0,18.33
3507,278,31800,87.08,12,27699,75.26,7,1.5
3508,67256,108867,48.66,32,52991,37.64,13,25.59
3511,9337,79973,53.67,6,42934,51.13,3,22.19
3512,4783,113072,72.04,30,81488,63.57,15,8.51
3515,13658,123521,68.41,19,84515,61.8,6,13.75
3516,3125,59561,77.95,19,46443,67.71,10,5.44
3517,662,5030,13.89,1,699,0.0,0,23.99
3518,31465,102467,38.49,35,39469,24.5,10,19.42
3519,65051,433985,50.84,48,220723,46.46,18,18.32
3520,49451,83847,50.93,18,42720,42.67,6,14.43
3521,39579,185766,81.64,16,151681,78.79,8,3.64
3522,28067,104096,56.9,27,59247,50.32,15,10.39
3523,7756,64258,83.42,13,53608,78.36,7,4.86
3524,301,20627,66.46,14,13714,39.39,5,2.68
3526,21081,67557,43.69,19,29527,31.34,7,18.51
3527,25022,44445,26.68,10,11868,20.06,5,25.99
3528,5557,66639,68.88,12,45913,62.65,5,12.37
3529,27712,74686,54.08,38,40411,34.51,14,8.66
3530,15862,77476,57.27,13,44379,53.68,8,22.9
3531,1817,61175,80.39,34,49187,60.82,15,4.89
3532,23184,387848,90.84,32,352382,88.43,17,4.42
3533,35890,112535,59.89,46,67415,44.41,18,11.16
3535,43137,79052,27.39,10,21666,24.08,5,38.87
3536,6379,52089,67.9,5,35376,65.12,3,11.35
3537,44972,56243,29.44,10,16566,23.54,5,38.0
3540,59540,84459,22.44,5,18956,21.9,4,34.45
3541,17938,56349,35.98,20,20287,24.84,11,18.68
3543,24778,146263,64.21,47,93937,51.12,16,8.14
3544,578,2444,0.0,0,0,0.0,0,40.71
3545,81799,222411,23.8,34,52984,18.21,13,39.9
3546,34414,61349,34.86,19,21392,22.44,7,27.43
3548,40515,68244,32.84,17,22421,24.35,7,33.51
3549,239,1481,0.0,0,0,0.0,0,29.8
3550,51715,107550,42.48,32,45711,31.43,13,24.9
3551,13989,62275,48.71,22,30348,34.23,8,28.42
3552,55469,97918,36.12,18,35382,32.42,12,31.91
3554,135,15858,87.29,1,13843,87.29,1,1.7
3555,4333,39999,80.55,10,32223,76.17,7,7.25
3556,64159,63703,16.65,5,10614,13.67,2,43.05
3557,20102,84315,61.05,20,51494,53.32,9,12.14
3558,11903,59061,51.04,10,30150,47.07,6,30.35
3560,194,20405,74.02,9,15107,59.92,4,1.64
3563,36986,63961,50.73,21,32457,39.7,8,24.74
3564,6400,60010,59.83,3,35910,58.97,2,18.4
3566,10579,419621,73.96,150,310433,60.69,57,1.15
3567,33620,33954,18.59,7,6322,7.93,2,34.44
3568,186,10061,72.36,5,7282,46.71,2,3.9
3570,2867,17097,54.02,4,9239,45.25,2,22.28
3571,416,3285,0.0,0,0,0.0,0,27.33
3572,330,12054,45.83,4,5526,31.25,2,4.59
3576,209936,1627795,40.88,197,665839,36.49,81,22.45
3577,4665,63966,67.15,25,42971,52.37,11,9.75
3579,6150,9580,74.14,3,7103,65.76,2,15.48
3580,41012,39471,15.79,8,6241,7.21,2,33.75
3581,7300,51006,57.62,14,29393,48.44,7,20.19
3583,32462,83859,59.42,26,49846,47.95,12,21.76
3584,21928,139767,25.47,29,35637,18.44,13,25.69
3585,14732,111679,39.25,12,43864,34.96,4,24.73
3586,88,2458,51.29,2,1261,0.0,0,7.36
3587,30079,71685,31.52,15,22606,21.81,5,37.69
3588,49344,61991,26.86,12,16653,18.58,5,34.12
3591,17285,130387,53.75,34,70112,47.15,20,19.13
3592,37545,75855,35.45,18,26914,25.17,5,33.22
3593,24785,60825,64.32,18,39134,50.01,4,9.5
3594,20209,95957,53.88,28,51722,40.54,9,18.16
3595,25734,40696,31.76,8,12929,28.89,6,29.88
3596,25733,220354,68.65,65,151319,58.93,31,13.44
3597,2050,39236,64.22,11,25202,56.75,7,9.48
3601,691,34887,52.62,9,18366,40.76,3,3.43
3603,678,24844,71.17,10,17686,64.91,7,4.63
3605,46485,177055,65.34,55,115729,57.36,32,18.64
3606,98,16847,77.4,11,13043,43.23,2,0.73
3607,47053,121662,33.5,37,40791,21.48,14,18.8
3609,7436,38419,51.13,16,19649,33.82,4,9.02
3610,1499,40996,78.87,3,32339,76.71,1,6.04
3611,4800,47555,58.26,13,27714,46.87,4,13.37
3613,1140,63436,66.67,28,42304,50.87,13,3.89
3615,43377,68467,29.93,10,20506,24.69,4,41.78
3616,3455,94650,42.66,36,40397,25.84,10,6.41
3617,7194,94762,66.2,38,62758,52.68,16,9.33
3619,164,7626,27.79,3,2120,15.73,1,4.99
3622,24972,151328,58.27,17,88212,55.34,10,17.17
3623,8046,29186,53.64,4,15658,48.24,1,21.11
3624,38781,117341,61.21,21,71835,55.7,11,22.51
3625,41209,114247,49.3,30,56347,38.35,10,18.05
3627,14077,30991,56.06,9,17376,50.03,5,11.94
3628,7342,45000,59.15,5,26624,56.02,3,15.82
3629,1739,32955,86.84,5,28620,83.96,3,3.03
3630,27829,204192,54.37,15,111049,51.09,5,20.0
3631,1676,81821,80.75,16,66076,74.44,7,3.5
3632,31959,40890,17.2,5,7039,15.58,4,45.35
3633,1850,34024,60.69,13,20656,46.15,5,9.47
3634,217,49600,82.97,13,41166,72.48,6,0.7
3635,397,5050,0.0,0,0,0.0,0,15.06
3636,502,6000,87.18,1,5231,87.18,1,4.38
3637,824,29749,77.46,6,23047,71.3,3,4.12
3642,18058,45869,63.43,18,29103,49.54,10,7.54
3643,403,47937,97.95,1,46958,97.95,1,1.03
3644,2574,83300,76.07,31,63389,67.83,19,4.06
3645,66686,136754,36.33,36,49722,27.85,16,34.26
3646,36419,39297,48.83,21,19196,19.97,5,8.49
3647,2940,2802,0.0,0,0,0.0,0,50.0
3649,275,10819,36.51,6,3952,0.0,0,4.85
3651,69,69565,95.9,12,66730,89.61,4,0.15
3652,3446,75098,72.29,13,54292,67.94,7,8.36
3653,35487,147204,70.14,41,103286,64.03,26,4.7
3656,3282,58249,77.46,6,45128,75.19,3,7.08
3659,628,54774,86.52,16,47399,78.88,8,2.15
3661,98317,86350,35.53,42,30695,8.67,6,25.26
3662,22514,183478,53.41,26,98024,48.89,11,17.55
3663,24067,108494,64.8,11,70335,62.0,6,21.21
3664,5772,75945,68.46,7,52001,66.69,4,7.27
3665,52129,199578,62.8,89,125377,44.25,33,8.74
3666,28465,138950,83.41,16,115919,80.33,9,6.0
3669,8174,92920,58.58,9,54453,54.68,3,17.97
3671,53,14500,87.86,7,12743,72.48,3,0.41
3672,21010,40790,56.46,20,23042,40.73,9,9.34
3673,87110,406664,40.7,70,165593,33.35,24,27.77
3674,405,17814,71.06,7,12661,65.86,5,5.17
3675,14010,53058,56.86,4,30173,55.16,2,21.75
3678,1004,26422,52.58,13,13899,35.98,5,6.55
3679,5090,63022,65.87,25,41523,54.01,13,11.83
3680,28139,96991,59.65,44,57863,45.1,23,19.48
3681,339,118704,95.08,6,112879,94.39,5,0.52
3684,6029,30310,62.71,10,19012,56.17,7,13.11
3685,13499,79574,62.42,33,49687,44.02,8,7.57
3686,62520,76495,21.87,14,16745,16.77,7,34.13
3687,36318,30124,37.33,6,11249,32.52,4,36.37
3689,33687,89556,26.93,24,24137,14.42,6,34.92
3690,1355,60356,89.17,6,53832,83.95,1,2.81
3691,13463,91883,59.15,17,54364,53.69,9,19.49
3693,23473,42991,50.33,12,21644,39.99,6,24.37
3694,14094,154891,58.34,19,90393,53.63,7,18.05
3701,47559,236669,76.61,29,181366,73.4,17,12.87
3702,94240,1751374,83.57,343,1463863,78.7,206,5.81
3703,34620,823216,72.16,106,594164,67.97,47,8.18
3704,43201,415445,64.74,83,269028,57.54,35,14.58
3705,26009,266423,69.59,70,185435,62.59,43,9.73
3706,203203,1459934,55.3,139,807454,52.82,80,20.39
3707,87822,402604,49.98,48,201294,46.65,28,28.73
3708,46413,93721,49.95,25,46833,39.12,7,24.25
3709,8507,145569,71.64,18,104327,66.31,6,9.3
3710,23055,177087,26.11,41,46268,16.73,15,19.95
3711,323853,4488390,87.09,796,3909876,81.72,419,5.16
3712,36518,246242,58.36,29,143746,55.11,17,18.18
3713,4167,88099,56.62,31,49898,44.13,11,7.84
3714,153964,737940,44.12,119,325658,38.32,53,24.38
3715,97275,283575,29.71,61,84276,20.86,23,41.58
3716,53585,150579,52.66,34,79313,44.93,14,22.02
3717,52640,226746,37.2,60,84387,26.43,20,23.68
3718,102274,390981,41.43,58,162041,35.69,21,32.84
4102,37580,42373,46.47,12,19696,33.83,4,14.61
4104,44134,188367,45.38,24,85538,40.06,8,24.94
4105,52004,248650,48.1,67,119662,38.83,32,17.34
4106,16042,100912,51.07,17,51547,46.21,8,20.89
4107,13547,69298,61.7,24,42772,51.87,14,12.71
4108,54595,198619,29.03,27,57711,23.57,7,23.03
4109,43601,118737,44.19,29,52485,36.3,13,17.08
4111,46345,59832,42.84,23,25640,33.27,14,16.52
4113,20065,231138,73.87,72,170774,63.49,33,4.8
4114,74321,550430,44.11,117,242891,37.0,49,13.79
4115,993,60000,75.96,16,45587,69.74,10,3.23
4116,4349,44566,54.95,3,24492,54.95,3,17.42
4117,6104,70824,55.11,25,39045,37.83,7,13.8
4118,202,5999,90.11,1,5406,90.11,1,3.21
4119,26574,119509,47.64,14,56946,45.03,9,17.43
4120,7426,86747,71.58,21,62111,63.89,12,8.62
4121,51531,83111,49.57,19,41206,44.47,12,23.36
4123,47225,811858,59.42,170,482527,52.97,85,10.88
4125,218,1934,0.0,0,0,0.0,0,29.72
4126,22425,72600,63.16,24,45863,55.14,15,15.41
4127,26731,45760,71.58,14,32765,65.47,9,9.76
4128,100886,588171,43.27,65,254617,39.27,24,15.71
4129,33989,96438,60.24,33,58105,49.25,13,10.79
4131,3493,39879,77.3,6,30835,72.24,2,5.55
4132,42833,187941,46.63,49,87674,38.33,23,11.76
4133,54033,60554,23.57,11,14281,18.53,5,39.23
4135,511,26465,65.43,14,17322,44.13,5,3.75
4136,95,36147,99.3,4,35897,97.87,3,0.34
4137,7498,82492,51.18,14,42247,44.35,5,15.83
4138,21082,39930,51.42,4,20535,51.42,4,25.1
4139,1127,45010,68.49,22,30838,49.83,10,3.03
4140,473,3039,0.0,0,0,0.0,0,30.87
4142,83652,429508,41.24,90,177222,33.78,37,21.23
4147,47383,273202,52.24,66,142783,43.05,26,13.41
4148,2287,67236,79.18,11,53240,77.77,9,5.75
4150,28445,147218,48.54,51,71484,34.31,15,7.7
4151,642,50026,78.35,13,39203,71.12,7,2.65
4153,5158,58668,76.68,15,45001,72.11,11,8.33
4154,880,38390,77.07,15,29589,67.56,8,2.8
4155,31121,139668,42.61,36,59534,32.54,14,17.29
4156,893,56540,71.9,14,40657,67.54,10,4.14
4157,31674,711834,59.24,118,421820,52.3,36,8.81
4160,34574,26690,29.63,3,7910,25.36,1,33.49
4161,5115,59798,44.6,24,26686,27.0,8,11.13
4162,46958,143678,45.47,23,65368,38.08,7,21.26
4163,24847,50675,69.76,24,35360,57.22,14,8.1
4164,18821,195664,51.09,53,99983,40.73,22,16.52
4166,3753,243035,83.24,28,202335,80.04,15,2.96
4167,56341,331554,43.15,88,143128,34.76,39,13.98
4168,49973,112521,27.32,24,30762,21.17,11,22.16
4169,4358,66432,55.0,23,36543,47.67,14,10.1
4170,6404,43771,58.5,15,25616,45.21,7,9.31
4171,38283,58057,32.71,10,19002,27.65,6,25.23
4172,24457,119576,38.69,24,46280,30.08,8,11.0
4173,30471,74574,43.05,4,32109,40.0,1,21.27
4174,42746,131580,42.91,32,56495,36.21,17,23.46
4175,11343,42323,56.05,7,23724,54.98,6,22.52
4177,2159,62805,59.03,17,37091,48.19,6,7.92
4178,4198,215905,77.78,45,167979,72.41,26,3.63
4181,1737,2128,0.0,0,0,0.0,0,59.35
4183,1174,23800,62.84,13,14961,43.48,5,8.65
4184,644,39183,92.03,1,36064,92.03,1,1.69
4186,4646,90000,45.76,36,41203,26.05,9,9.99
4188,5028,63333,54.15,11,34303,47.92,4,13.04
4190,16486,61267,66.68,12,40861,62.96,9,15.49
4191,2532,100170,63.05,31,63165,48.78,9,5.6
4192,4606,35164,68.45,3,24074,66.6,2,13.52
4193,5426,67616,49.26,25,33321,33.69,6,3.85
4194,3238,145974,76.72,24,112001,73.12,14,5.08
4195,28546,80000,38.38,24,30729,30.04,13,16.13
4197,2323,30181,65.66,21,19821,40.32,7,5.68
4198,2569,24108,82.32,4,19847,78.26,3,5.68
4205,11010,97649,66.36,33,64828,59.0,21,14.71
4207,8430,198538,73.4,53,145768,64.2,22,5.23
4303,37087,132447,20.02,15,26525,14.96,4,29.13
4304,3713,61038,80.97,14,49434,74.64,7,4.67
4305,1686,55014,84.73,26,46626,74.81,19,4.33
4306,89752,676757,57.7,117,390641,51.37,44,10.03
4401,12591,122692,62.47,50,76662,47.12,23,8.7
4402,41602,67992,66.06,14,44924,60.95,8,7.81
4404,7867,112265,35.81,25,40228,26.98,7,14.68
4406,1525,51912,77.93,19,40460,63.62,7,3.4
4408,4010,67628,35.79,14,24218,30.42,8,12.63
4413,1624,31315,69.31,15,21709,52.61,6,4.61
4414,22422,263796,64.15,46,169255,57.43,18,9.07
4415,4358,43577,85.04,11,37066,76.68,5,6.77
4416,2808,73586,67.07,37,49374,49.83,16,7.29
4417,8165,83971,46.01,19,38663,38.35,8,16.01
4419,5120,169163,96.82,7,163825,95.06,3,0.64
4420,8083,40455,59.04,8,23891,54.11,4,23.73
4424,2548,59850,66.59,16,39856,62.32,11,5.49
4426,9491,172677,61.68,32,106542,54.22,12,10.24
4427,966,212542,87.52,55,186041,78.71,24,0.93
4430,8607,56274,64.1,21,36075,53.29,11,15.98
4431,2051,36536,70.89,5,25908,64.19,1,10.72
4432,4903,50589,55.45,12,28055,45.45,4,11.87
4433,10287,61300,56.25,10,34491,52.24,6,17.78
4438,4647,113425,65.86,39,74723,50.12,10,7.33
4439,1297,38215,78.34,14,29945,69.45,9,5.03
4440,3835,67598,57.01,45,38554,28.87,12,12.38
4441,2499,68176,70.09,25,47797,55.46,11,5.02
4442,954,33131,75.65,19,25071,49.35,6,4.24
4502,3817,56703,70.92,16,40219,55.45,3,5.88
4503,7501,78313,63.13,10,49453,60.14,6,15.04
4506,11172,177012,80.63,29,142754,74.01,11,8.15
4510,60792,108978,35.69,18,38930,29.65,6,35.69
4513,44057,143762,57.76,17,83073,53.16,5,15.3
4523,35971,64949,59.97,18,38969,52.02,9,13.15
4526,62115,254826,47.89,60,122096,40.62,31,25.8
4527,4084,68537,66.41,24,45530,60.6,17,10.34
4528,13351,84166,62.32,12,52464,58.69,7,19.09
4529,8765,84549,58.79,14,49717,53.99,6,11.97
4530,7333,35795,71.48,5,25596,64.46,1,5.81
4532,19776,494895,70.14,96,347204,64.75,54,8.16
4533,67906,178434,36.64,21,65391,33.3,11,31.34
4534,18191,86789,40.88,23,35498,29.58,7,20.78
4535,7091,75662,76.87,20,58183,69.7,12,4.69
4536,7049,90820,55.95,39,50840,39.22,15,11.87
4537,2374,78840,82.02,16,64680,77.0,10,4.71
4538,1639,59470,80.75,15,48026,71.9,7,3.73
4540,40949,115187,31.94,21,36803,26.5,12,40.38
4541,43383,72647,42.05,21,30573,32.92,10,25.85
4542,7285,35783,47.49,19,16999,20.72,5,22.06
4543,22404,62761,48.29,16,30313,43.67,10,21.92
4544,1567,60290,67.52,20,40712,49.87,2,1.88
4545,22144,77000,72.19,8,55595,68.81,4,9.23
4546,968,33775,70.58,15,23846,60.44,10,4.51
4547,302,23349,84.76,7,19792,72.34,2,2.65
4549,7326,58142,62.53,14,36361,58.74,10,15.31
4550,3154,37839,56.3,11,21307,49.24,7,14.72
4551,8069,115222,76.91,32,88637,69.49,17,8.25
4552,28628,116000,50.16,21,58209,44.28,8,11.79
4553,510,33020,87.24,14,28811,77.35,8,2.59
4554,2410,30277,53.59,8,16226,50.62,6,12.89
4555,4130,69988,70.4,14,49275,65.67,8,10.48
4556,3335,42303,75.82,12,32082,70.69,9,8.87
4557,27757,47972,43.14,22,20706,27.08,9,11.89
4558,1612,50000,72.71,32,36367,52.03,14,6.23
4559,657,60000,87.86,17,52728,79.9,10,2.04
4560,2503,68097,86.15,11,58671,84.16,9,3.61
4561,8726,58522,58.36,12,34163,52.18,7,24.02
4562,11671,87546,53.29,14,46671,49.95,9,27.73
4563,17642,54950,55.82,13,30679,49.6,7,19.91
4564,48313,232788,39.52,49,92059,32.69,23,21.13
4565,1464,61740,79.87,24,49316,66.05,12,2.45
4566,25147,110412,56.49,26,62399,49.86,15,22.7
4568,1617,32045,68.43,8,21931,62.0,4,7.3
4569,1981,30600,64.24,10,19665,52.36,5,7.36
4570,204,44000,95.06,16,41835,87.84,12,0.56
4571,6616,53017,65.96,21,34976,55.7,11,16.13
4572,3476,40019,64.19,11,25689,61.89,9,9.23
4573,10143,45697,43.28,16,19786,31.02,7,18.12
4575,740,38668,69.19,17,26758,53.88,8,3.02
4576,24411,119802,66.05,31,79153,59.54,19,16.94
4577,6984,49138,61.91,10,30435,55.7,5,21.99
4578,691,20300,97.0,3,19693,92.28,2,1.48
4580,5078,46803,49.29,18,23072,37.71,11,18.56
4581,1643,33899,62.8,15,21291,46.14,8,8.54
4582,2584,75480,55.06,25,41579,43.96,11,7.12
4583,7520,80171,85.81,9,68807,82.18,4,5.15
4584,1079,30002,80.08,13,24029,69.25,9,4.35
4585,19013,105782,76.67,4,81124,75.3,2,16.03
4587,951,33000,88.23,5,29117,88.23,5,3.04
4588,5077,42985,51.31,16,22066,37.4,8,20.46
4589,618,26039,70.57,11,18378,47.63,1,3.92
4590,10010,54838,49.62,21,27222,35.21,9,15.26
4609,1738,47947,76.27,24,36579,64.61,15,3.85
4702,14039,72333,51.02,9,36908,46.49,2,22.85
4703,9140,65750,26.22,7,17257,22.67,3,26.91
4706,2139,79030,83.06,15,65660,77.73,8,2.39
4707,30078,413808,71.11,61,294365,65.86,28,8.07
4711,7615,61056,59.98,10,36632,54.74,5,16.25
4712,3611,18423,45.99,2,8473,43.69,1,17.19
4714,52713,221838,30.36,39,67428,22.19,11,22.05
4716,44501,94427,32.23,25,30448,22.38,10,25.12
4717,999,155,0.0,0,0,0.0,0,99.99
4720,14175,114516,37.7,24,43183,33.35,14,25.4
4721,57048,74986,33.49,15,25121,28.05,7,37.81
4722,15830,104227,58.29,45,60774,39.92,15,13.02
4724,3068,95976,59.5,28,57131,46.41,8,7.45
4726,12629,207042,58.03,41,120177,50.34,14,12.29
4727,349,7278,18.79,3,1368,0.0,0,8.58
4728,16622,54463,83.57,35,45525,65.91,19,2.24
4729,7344,79227,50.54,12,40055,44.71,5,18.72
4730,1062,27868,69.01,12,19233,57.91,7,4.77
4732,1538,49654,67.13,30,33340,47.12,13,6.18
4734,371,10237,14.95,2,1532,0.0,0,6.16
4735,37574,41569,53.37,15,22189,42.94,8,19.46
4736,13588,95374,51.59,19,49226,44.38,8,22.02
4737,10910,77409,63.84,28,49438,49.18,9,5.75
4738,3371,77596,58.75,7,45603,54.05,1,10.64
4739,56924,124704,38.44,25,47951,31.36,9,29.4
4741,13085,34812,49.29,11,17162,40.07,5,15.44
4743,79931,480548,46.19,78,222057,41.34,34,16.99
4744,33419,56948,51.77,25,29498,35.6,11,11.7
4745,3133,66221,61.85,25,40974,51.68,14,7.91
4746,44442,120256,39.77,34,47840,30.83,18,22.22
4747,2209,90922,75.83,38,68965,65.59,22,4.62
4749,62523,94733,32.33,23,30658,22.68,8,34.22
4752,1062,84217,89.77,6,75611,87.17,2,3.02
4754,22981,30283,36.69,6,11112,28.46,3,24.43
4755,8766,100706,68.62,15,69125,64.89,9,11.91
4758,395,29210,92.15,6,26925,84.81,2,1.2
4760,12157,32778,36.48,7,11962,34.79,6,24.66
4762,139,20720,99.67,8,20653,97.29,7,0.25
4763,56037,989147,59.59,113,589670,55.31,44,11.4
4764,10673,91542,73.19,28,67014,65.89,16,12.44
4765,906,32133,55.33,16,17785,39.21,6,5.94
4766,10513,120571,69.79,27,84183,63.04,14,8.7
4767,882,31415,62.75,11,19717,46.86,5,4.62
4768,17383,48200,32.93,15,15882,19.49,4,29.84
4770,9090,79976,68.07,28,54458,59.7,18,11.65
4771,3936,58787,60.71,25,35702,44.42,9,8.99
4772,34260,147682,48.85,27,72178,41.52,9,24.48
4773,228,72709,94.99,14,69091,92.29,11,0.25
4801,783,47201,98.7,2,46594,97.82,1,0.23
4802,296,18854,87.92,2,16579,85.36,1,2.38
4803,5710,59069,57.43,8,33936,55.13,6,14.77
4804,30102,71992,62.0,11,44648,54.88,3,10.12
4806,2700,69924,86.59,5,60557,83.69,2,2.43
4807,14409,48996,68.26,16,33455,63.32,12,9.34
4903,46778,105344,42.55,12,44836,37.89,4,30.54
4904,85109,3607705,93.55,380,3375689,91.02,237,2.53
4905,1985,29260,81.75,18,23926,63.85,10,5.64
4906,90756,451706,28.67,89,129619,22.06,41,29.6
4907,2765,118146,85.78,10,101366,83.76,6,3.29
4908,34012,78217,56.87,25,44488,43.67,11,24.83
4909,63483,93357,25.21,12,23546,22.82,8,41.61
4911,3497,68817,58.14,20,40030,48.05,9,7.74
4912,25043,66953,55.45,26,37148,40.34,9,11.72
4913,475,9667,25.75,3,2490,0.0,0,11.98
4914,225,10000,77.16,5,7717,61.78,2,4.01
4915,34225,471881,60.25,122,284389,52.2,66,15.56
4916,75611,124083,26.18,20,32512,20.87,9,44.47
4919,75849,452398,61.76,46,279486,58.34,21,23.9
4920,107,41779,93.69,6,39149,86.74,1,0.35
4922,4553,44948,25.44,12,11446,11.8,2,17.23
4923,31809,38135,35.91,14,13700,20.17,5,23.77
4924,1531,37164,70.93,18,26369,56.08,9,6.18
4925,5321,71066,50.43,31,35851,32.03,9,12.6
4927,56750,264938,33.21,70,88024,23.54,29,22.98
4929,384,234,0.0,0,0,0.0,0,38.45
4930,33530,80000,63.7,13,50981,58.6,7,17.88
4931,63615,65710,26.2,17,17226,13.58,5,48.44
4932,309,2012,0.0,0,0,0.0,0,39.79
4933,5605,82700,63.47,11,52504,59.87,6,12.38
4934,70318,225000,34.55,23,77783,29.47,6,23.39
4935,7808,128864,61.89,24,79772,57.54,15,13.18
4938,144697,2675709,79.31,410,2122609,74.84,221,9.31
4939,66519,98201,33.06,18,32493,26.56,8,39.15
4942,6613,142368,62.25,39,88643,54.55,21,10.45
4943,21827,126694,64.21,26,81370,53.52,6,14.03
4946,8209,8853,42.58,1,3770,42.58,1,33.85
4949,11044,67945,53.14,28,36116,41.11,13,21.04
4950,6675,57729,73.08,5,42207,68.13,1,5.92
4951,11260,34149,17.66,7,6035,4.48,1,33.45
4952,14559,108816,53.06,11,57757,47.79,2,25.0
4953,34772,73147,44.23,15,32368,37.89,7,24.61
4956,43747,100408,40.26,22,40438,33.83,11,34.18
4958,198185,1133495,73.75,213,836093,67.99,113,13.95
4960,89861,571705,61.6,82,352281,56.53,40,15.25
4961,39915,121254,49.08,34,59523,37.89,14,25.87
4963,445,75455,83.64,9,63121,82.03,7,1.43
4966,31600,78958,32.13,23,25387,19.97,8,30.56
4967,66830,98566,20.5,19,20218,13.0,7,49.58
4968,56466,92210,16.72,15,15438,8.85,3,46.14
4969,11528,190978,55.64,56,106298,44.91,23,6.88
4971,38924,47186,40.93,18,19321,22.09,3,31.85
4972,15301,56889,50.16,21,28547,36.99,10,23.95
4973,49989,65293,22.78,13,14882,14.23,4,44.54
4974,42807,72500,42.23,7,30625,39.73,3,29.01
4975,1022,326577,96.31,11,314557,95.92,8,0.72
4976,44379,141218,30.37,16,42908,25.72,7,34.76
4977,52526,90990,18.83,14,17141,11.4,3,48.29
4978,67,5000,82.32,1,4116,82.32,1,2.2
4979,87141,142943,42.36,49,60574,26.1,13,35.32
4980,2346,45204,58.12,14,26282,50.4,7,10.73
4989,49767,172776,19.73,24,34120,14.52,10,45.31
4990,3276,102699,53.41,32,54862,43.97,17,7.92
4991,61705,121363,48.29,34,58639,36.49,10,29.11
4992,1033,210050,82.09,38,172475,76.9,22,1.01
4994,2133,66383,86.87,30,57683,81.21,23,3.18
4995,4965,42592,67.24,21,28648,52.91,11,7.77
4996,784,99070,77.8,37,77094,65.91,19,0.92
4997,271,14665,42.96,8,6303,17.41,2,3.49
4999,46528,74417,41.32,25,30761,27.29,10,25.9
5006,13996,96944,10.72,8,10394,8.3,3,21.26
5007,4908,294940,87.54,43,258253,84.22,26,1.95
5009,81274,602471,48.79,105,294038,42.91,46,18.08
5011,33816,100674,48.42,30,48759,39.11,14,15.14
5013,9611,133416,85.99,41,114763,81.8,32,3.11
5014,52374,183265,37.75,50,69213,26.84,19,19.67
5015,26560,60639,52.14,19,31630,42.22,9,19.7
5016,2888,49622,65.96,15,32738,59.94,10,10.54
5017,6846,318,0.0,0,0,0.0,0,82.06
5201,13481,38675,57.46,18,22231,40.9,9,10.23
5202,44147,89094,52.85,12,47100,48.62,7,18.22
5203,31864,77343,42.0,15,32495,33.11,5,18.75
5204,1370,6271,18.87,1,1184,18.87,1,20.57
5205,1732,14200,75.7,2,10751,72.67,1,7.68
5206,4253,201093,85.37,35,171693,80.86,19,2.92
5207,2906,15834,38.6,8,6114,14.82,2,12.0
5209,4297,30575,52.28,4,15990,50.37,3,18.27
5210,40700,82178,48.85,20,40157,39.9,8,11.9
5211,7516,32025,47.96,12,15361,40.88,7,23.61
5212,9955,34633,78.4,15,27155,66.94,9,6.14
5213,21106,762149,87.03,83,663419,85.04,57,4.27
5215,5360,64338,53.37,22,34346,42.71,11,15.98
5216,401,17847,82.4,11,14710,57.64,4,2.85
5220,7705,39667,44.71,20,17740,19.67,5,16.69
5221,346,5567,11.31,1,630,0.0,0,15.72
5222,33587,100114,32.91,27,32962,24.3,12,25.36
5223,2722,44550,62.24,12,27738,54.19,7,13.17
5225,8344,79136,44.47,11,35200,37.93,3,20.39
5226,400,23300,52.74,11,12293,31.51,3,4.34
5227,58827,96000,26.51,22,25467,16.92,6,27.65
5228,3715,38056,53.59,12,20399,44.94,6,16.34
5229,129,56189,96.51,13,54237,89.3,6,0.42
5230,29383,56304,27.88,19,15706,10.27,4,29.2
5233,2998,277249,85.35,23,236705,82.42,10,2.36
5234,13164,102716,64.26,18,66029,58.49,8,11.53
5236,6954,60004,62.48,6,37502,60.89,4,16.16
5238,691,67296,83.48,15,56187,78.62,9,2.2
5239,601,24700,30.08,8,7434,16.98,3,5.26
5240,515,26582,55.6,17,14782,30.32,5,2.61
5242,1114,124895,72.33,45,90368,58.63,18,1.89
5243,29979,168529,56.18,28,94704,49.33,10,20.4
5244,9488,68242,48.13,33,32864,28.5,11,17.88
5245,3933,46101,56.98,19,26273,36.99,6,16.6
5246,8408,44974,33.4,12,15028,21.0,3,26.24
5247,509,75000,75.95,12,56970,68.74,5,1.44
5248,1874,24500,59.24,5,14516,56.84,4,15.07
5250,209,39107,97.08,1,37967,97.08,1,1.0
5251,35061,33733,33.49,4,11305,29.21,2,38.21
5253,224,40943,81.05,20,33194,58.2,5,0.96
5254,663,22607,75.42,8,17053,70.07,6,4.96
5256,1875,71602,69.01,24,49433,61.23,15,4.57
5257,809,132750,79.64,27,105735,73.71,13,1.25
5258,25604,110365,51.11,37,56436,39.32,16,16.41
5259,2359,43563,82.07,8,35763,74.45,3,5.68
5262,8072,52699,55.18,24,29090,31.97,5,6.54
5263,26903,78937,54.86,34,43320,41.21,15,12.24
5265,123,1207,0.0,0,0,0.0,0,22.11
5267,1321,25300,62.14,13,15723,46.59,5,8.43
5269,32289,74156,61.45,15,45585,54.74,6,21.37
5271,6696,42526,27.29,10,11612,16.66,2,26.8
5272,45704,55276,23.16,14,12812,10.26,3,36.07
5274,44571,41583,34.31,14,14274,21.66,4,11.55
5275,144,10264,30.86,6,3169,0.0,0,2.11
5276,931,39500,88.33,6,34896,85.29,4,4.14
5278,4230,300000,83.01,70,249076,77.94,45,2.62
5282,278,25006,85.81,10,21463,59.25,1,0.6
5283,27621,101617,62.09,26,63123,54.47,16,18.55
5284,9712,55143,55.91,14,30843,48.43,7,17.71
5285,12019,102041,64.66,37,66003,53.86,20,17.81
5286,910,14745,79.97,6,11795,69.95,4,4.81
5287,10059,60310,57.42,22,34645,45.48,10,21.86
5288,2880,69885,69.36,16,48483,59.09,4,6.79
5289,84292,98343,29.11,26,28645,18.67,8,33.98
5291,5032,41891,47.06,25,19720,18.68,4,19.34
5292,6992,46319,59.6,19,27618,45.58,9,14.19
5294,60,82,0.0,0,0,0.0,0,86.86
5295,157,29140,85.65,15,24968,70.39,8,0.75
5296,467,21501,36.07,7,7760,27.36,4,5.15
5297,8809,37652,17.46,8,6578,10.25,3,35.86
5299,16748,51225,52.94,12,27127,44.69,5,26.27
5301,3416,53929,79.7,9,42991,72.41,3,5.15
5302,12805,159888,50.77,20,81222,45.91,7,16.98
5304,32300,326962,88.1,23,288111,86.33,13,6.18
5306,11905,126001,70.01,23,88236,65.22,12,11.98
5307,35097,423052,41.2,93,174376,32.21,31,16.02
5309,69020,232123,39.05,44,90667,30.06,13,31.51
5310,7086,28944,57.18,15,16554,36.18,5,6.34
5312,5816,60060,55.76,17,33501,50.64,13,13.56
5314,98371,1205960,39.28,138,473914,35.22,53,17.39
5315,50976,106352,30.74,27,32712,21.21,11,22.27
5321,7536,59543,61.72,22,36762,46.49,8,9.78
5324,20815,226379,81.58,46,184711,75.48,24,4.61
5325,20361,55394,33.51,8,18575,27.57,3,38.09
5328,77240,172711,38.42,15,66374,35.44,6,41.38
5336,2955,2217,0.0,0,0,0.0,0,68.84
5340,28574,194894,59.68,32,116357,52.16,7,22.4
5344,6715,79447,75.77,7,60207,73.54,4,10.77
5345,6274,37795,78.88,2,29814,78.88,2,7.03
5346,263348,1366161,37.83,305,517108,28.42,93,20.12
5347,110440,1878502,85.52,255,1606788,81.78,143,7.35
5348,1800,14776,53.12,5,7851,40.79,2,9.37
5351,117845,329024,35.65,69,117375,28.48,30,31.68
5353,6328,75765,54.81,29,41545,37.82,10,13.13
5355,29359,166123,70.81,44,117685,63.26,25,6.89
5356,53278,103040,44.0,23,45356,39.54,16,22.27
5364,7260,63850,70.34,14,44918,61.31,3,5.76
5372,5384,48614,23.72,13,11537,12.56,4,24.38
5376,3801,33700,33.74,8,11373,28.33,4,17.23
5381,27839,207691,55.71,33,115748,48.47,10,18.16
5385,8303,11156,23.9,2,2667,18.19,1,43.86
5386,30238,54121,36.77,8,19908,32.37,4,35.91
5387,141581,45000,91.33,2,41102,90.19,1,7.18
5388,38423,304343,43.77,93,133255,34.12,44,23.73
5392,65737,176562,35.52,19,62748,31.48,8,32.77
5395,2238,1759,0.0,0,0,0.0,0,41.06
5398,41792,49465,58.6,19,29001,46.37,10,7.83
5403,9442,78121,47.1,34,36809,31.22,13,19.12
5410,56829,93599,33.62,19,31490,26.52,9,28.01
5414,5070,68584,59.72,20,40970,48.11,7,10.25
5425,104334,263485,37.97,47,100100,31.81,23,39.11
5426,34988,143800,55.98,22,80525,53.6,17,20.71
5432,5502,20688,54.1,4,11196,51.4,3,26.96
5434,32244,194008,56.14,80,108946,38.53,25,14.22
5438,37789,112537,75.45,11,84921,74.21,8,9.93
5439,36496,92977,34.68,27,32266,23.02,11,32.28
5442,4827,64800,20.66,12,13391,14.62,5,16.16
5443,65822,164747,38.56,19,63563,34.15,7,35.5
5450,11580,122403,80.94,10,99089,79.37,7,5.36
5452,69382,148764,42.48,21,63214,38.79,10,29.74
5455,3408,65502,93.99,25,61570,89.0,20,1.55
5457,17380,196237,51.46,34,101024,45.41,13,17.83
5460,31429,58778,56.91,28,33466,39.09,12,15.09
5464,4512,77197,72.36,31,55877,58.2,14,7.37
5465,7840,147683,72.32,17,106828,68.79,8,10.87
5467,1832,85548,86.4,11,73931,82.8,6,2.83
5468,5926,58923,65.47,12,38590,58.9,7,13.69
5469,36374,486166,73.48,74,357308,69.44,42,11.79
5471,68130,167877,27.2,38,45701,18.19,13,38.66
5473,2481,3030,0.0,0,0,0.0,0,78.09
5474,7713,39757,56.66,8,22534,48.5,4,25.95
5475,61916,127127,23.97,20,30489,19.08,8,46.25
5478,41278,156074,79.21,29,123676,72.95,16,9.66
5481,41947,71403,65.37,21,46690,56.61,12,7.64
5483,148718,641222,61.36,165,393608,54.3,91,21.05
5484,33805,66801,37.95,11,25361,33.96,7,37.57
5487,7082,24223,71.42,15,17305,47.93,7,7.09
5488,41068,91586,46.69,31,42774,34.18,13,16.32
5489,3101,102706,85.4,14,87720,82.62,8,4.05
5490,69647,96152,33.87,24,32596,25.62,10,23.79
5492,1370,71408,98.67,1,70463,98.67,1,1.02
5493,5485,43689,44.76,18,19562,25.01,4,19.03
5497,4829,65286,26.29,14,17179,15.67,4,16.88
5498,69506,193549,35.2,27,68162,29.94,10,37.57
5501,6084,21200,28.1,4,5959,24.3,3,20.12
5505,5915,138832,65.51,47,90978,50.8,15,7.0
5506,7573,152545,66.77,34,101889,58.45,12,6.12
5508,18171,217428,68.97,19,150007,65.85,8,14.34
5511,5967,136000,68.7,42,93456,60.13,22,7.38
5512,77877,766312,61.74,159,473256,54.92,73,8.9
5514,10285,236118,92.32,50,218020,87.6,32,1.18
5515,11326,201600,71.57,57,144330,62.83,28,7.57
5516,1757,51545,70.81,15,36515,60.51,7,4.49
5519,18167,230157,56.96,42,131133,51.16,20,14.86
5520,1217,59975,83.79,23,50264,73.58,12,2.28
5521,62569,492280,60.71,106,298957,53.78,50,9.69
5522,18113,781596,88.45,57,691444,86.26,28,4.33
5523,2539,155001,92.68,31,143702,89.42,23,1.37
5524,3909,58667,30.78,22,18074,11.6,4,16.07
5525,4796,318105,88.41,69,281336,84.12,49,2.11
5529,11343,105769,72.63,18,76835,68.14,10,4.43
5530,11636,420084,83.11,51,349224,79.48,25,4.39
5531,14842,977589,85.5,87,836113,82.77,42,3.15
5532,820,17804,31.03,8,5527,5.88,1,4.85
5533,5517,285245,80.89,77,230801,71.31,33,3.35
5534,23245,315326,67.37,82,212505,58.28,40,12.03
5536,34654,124081,56.85,63,70577,34.63,18,13.08
5538,1287,201203,93.75,21,188656,92.46,17,0.96
5541,86,26427,82.05,10,21689,76.05,7,0.26
5543,1051,46704,73.41,29,34292,50.37,11,2.58
5546,1313,82353,83.96,18,69163,76.11,8,2.43
5547,1398,51000,67.49,15,34436,58.82,8,4.29
5548,2375,63723,65.02,17,41443,58.19,11,5.7
5601,876,64800,79.68,44,51650,47.23,11,1.15
5603,30024,104877,53.74,20,56386,49.69,13,18.89
5604,10868,108783,67.18,46,73094,52.85,21,6.89
5607,16899,370553,76.82,60,284772,70.01,21,6.05
5608,90617,389276,30.24,52,117824,25.23,20,30.33
5609,37752,142884,52.98,47,75735,46.33,31,23.02
5701,51510,143000,54.09,20,77378,49.15,8,16.18
5702,1936,5282,0.0,0,0,0.0,0,45.98
5703,1936,70240,88.29,25,62024,83.83,19,3.36
5704,3351,58862,84.0,23,49454,79.45,19,6.86
5706,28205,83768,38.18,12,31999,34.26,6,31.44
5810,48588,916440,72.92,99,668431,69.03,39,7.69
5859,3556,1450278,96.85,48,1404922,96.14,31,0.49
5863,27155,326606,81.71,45,266933,77.69,25,5.09
5864,15140,504490,68.46,119,345489,60.55,54,5.28
5871,117077,1745650,69.39,365,1211873,63.84,210,10.53
5871A,8047,150000,69.36,48,104061,59.7,25,5.03
5876,49519,4910219,88.88,813,4365138,83.41,374,1.15
5878,1769,25024,72.38,13,18115,54.26,6,11.47
5880,408392,16072960,75.35,1827,12115201,71.42,745,4.36
5901,5001,22907,77.87,2,17837,77.87,2,8.64
5902,2575,94500,85.51,16,80820,81.63,10,3.54
5903,17159,223220,91.42,26,204109,88.19,16,5.32
5904,98869,1064438,78.94,172,840489,75.56,110,11.37
5905,45693,281623,45.96,39,129499,40.55,15,16.32
5906,962,35741,86.25,9,30830,82.46,7,1.8
5907,5463,195531,68.94,28,134857,63.61,12,6.57
6005,118118,2455297,70.48,320,1730998,66.75,169,7.13
6015,72871,417019,50.49,86,210670,43.74,39,11.62
6016,78722,772420,51.3,149,396417,45.0,67,9.58
6020,1891,252353,96.91,10,244589,96.26,8,0.81
6021,4064,312006,91.04,45,284117,87.25,26,1.53
6023,18324,447973,84.23,31,377415,81.34,10,4.83
6024,17242,266683,69.37,29,185045,65.19,10,10.04
6026,43542,396162,51.59,96,204475,42.14,39,10.29
6027,826,155720,95.65,10,148964,93.72,6,0.44
6028,1568,25000,62.4,11,15603,50.64,5,7.93
6035,2285,71468,93.88,20,67109,83.84,9,2.2
6101,3279,116602,88.57,41,103302,78.47,25,3.84
6103,3159,13605,90.69,5,12339,83.83,3,5.46
6104,56239,91129,18.54,16,16911,11.0,5,43.07
6107,5289,87438,40.97,17,35841,34.71,8,13.77
6108,50648,154494,57.37,41,88661,49.06,22,12.72
6109,34227,87825,49.88,32,43829,36.62,15,11.92
6110,2627,29335,18.44,7,5412,7.19,2,14.22
6111,45655,108514,45.78,24,49699,41.71,17,23.82
6112,33923,188357,58.19,12,109640,55.64,5,20.74
6113,8185,52549,53.25,8,27988,52.17,7,20.75
6114,5398,43912,72.79,8,31970,65.48,3,9.28
6115,14253,187662,60.18,29,112982,56.03,17,16.78
6116,364590,2858655,42.64,190,1219508,40.08,73,25.51
6117,14141,93416,54.68,15,51096,48.7,7,24.65
6118,8928,90890,57.11,17,51925,51.7,9,19.16
6120,61693,599000,59.26,74,355054,55.28,34,13.54
6121,19944,184971,66.76,83,123536,48.7,29,11.43
6122,34000,78092,41.38,25,32332,30.29,12,22.14
6123,10355,62089,43.83,21,27229,33.34,9,20.85
6124,8898,182480,93.76,18,171141,92.35,14,4.29
6125,91019,259011,35.39,32,91690,30.73,14,35.26
6126,70060,130747,37.18,22,48636,32.89,13,30.54
6127,76378,108080,18.49,13,19996,15.67,7,52.09
6128,7491,127589,60.54,28,77275,54.75,16,11.37
6129,33284,160574,16.72,13,26883,13.59,5,37.6
6130,29505,49300,64.68,17,31897,49.02,6,7.33
6131,5934,34793,41.19,9,14337,29.63,3,17.01
6132,4747,63778,35.5,25,22649,15.68,5,15.88
6133,21641,117006,53.48,25,62597,49.72,17,21.82
6134,17696,81882,54.84,17,44917,48.44,8,18.35
6135,7550,76189,38.5,12,29338,34.32,6,13.32
6136,44812,115536,47.57,34,54982,34.88,11,18.8
6137,11232,101358,38.83,29,39376,26.71,9,15.26
6138,31168,75634,44.27,19,33494,33.96,8,24.13
6139,60320,235576,62.56,66,147441,52.13,28,18.06
6140,9837,54898,44.84,16,24632,34.47,7,26.83
6141,18436,113354,51.09,39,57931,39.61,20,19.61
6142,43492,330779,59.12,54,195607,51.6,14,10.24
6143,55483,86059,25.14,14,21651,18.89,5,43.0
6144,1458,38274,89.54,3,34272,89.54,3,5.21
6146,20924,101867,55.19,30,56241,41.92,9,15.11
6147,151260,744578,66.66,153,496492,61.49,87,19.89
6148,28054,46604,36.11,8,16834,33.68,6,34.4
6149,3069,31880,39.03,7,12445,35.09,5,15.81
6150,39693,48346,16.33,7,7906,12.01,3,43.19
6151,19098,55257,35.54,19,19651,20.53,6,22.48
6152,40685,167738,28.13,31,47230,21.3,14,24.62
6153,80170,636178,47.18,95,300236,41.69,37,17.52
6154,10586,80080,63.37,21,50763,54.44,10,16.06
6155,16703,88024,53.38,22,47003,48.52,14,29.44
6156,37831,107875,39.82,22,42970,33.95,11,21.68
6158,36240,55029,41.99,16,23120,32.86,9,21.49
6160,50551,68489,39.35,17,26959,29.99,7,25.15
6161,23015,56237,40.92,6,23022,35.28,1,24.31
6162,3798,79759,52.02,24,41505,43.92,13,10.11
6163,46355,148839,44.26,35,65905,37.67,18,24.35
6164,46386,80000,23.7,19,18974,14.68,6,31.29
6165,41325,77753,51.65,28,40176,36.39,10,12.63
6166,14548,218232,74.49,56,162597,66.27,29,8.46
6167,23780,146000,44.53,35,65059,37.51,18,18.03
6168,32675,205762,57.32,27,117990,54.97,18,22.44
6169,40773,23395,31.13,4,7286,26.44,2,29.78
6170,33143,97260,58.38,19,56792,55.44,14,16.88
6171,2444,100000,87.11,23,87139,78.37,10,3.25
6172,1899,30000,91.42,9,27428,85.37,7,5.51
6173,55771,171200,61.47,27,105260,55.99,11,25.13
6174,9290,50000,63.19,14,31598,56.69,8,18.02
6175,22840,150122,59.48,20,89334,55.2,9,25.8
6176,61298,348770,42.46,93,148144,32.71,41,26.78
6177,20153,471891,75.86,126,358079,66.99,62,6.32
6179,49733,181191,44.31,56,80325,31.4,21,16.98
6180,56625,175494,51.02,32,89591,46.57,20,27.2
6181,3938,45626,12.14,6,5546,7.17,2,16.56
6182,243399,639448,27.18,93,173888,22.47,47,45.29
6183,37004,150000,77.48,32,116238,71.08,17,5.62
6184,7796,162128,72.18,29,117045,67.84,18,9.07
6185,46745,149868,49.37,42,74017,37.54,15,14.81
6186,60073,226908,53.39,38,121171,48.77,20,13.46
6187,49161,98263,54.6,50,53666,32.79,15,14.69
6188,67631,278359,42.76,40,119074,37.15,14,30.49
6189,63300,263955,35.65,70,94140,25.03,30,26.94
6190,60679,197371,36.51,47,72088,26.45,15,35.97
6191,89789,529392,56.51,62,299268,51.33,21,22.96
6192,8373,96156,56.08,37,53939,45.45,20,12.95
6193,8864,177807,61.39,38,109197,56.69,25,9.87
6194,4834,48000,56.55,19,27152,37.09,6,14.55
6195,11017,50193,54.24,8,27231,52.4,6,24.75
6196,31361,220330,72.11,46,158929,66.19,25,10.94
6197,51044,126254,44.3,26,55953,35.73,8,31.48
6198,6473,171400,94.59,8,162137,93.58,5,1.43
6199,1908,61760,83.59,22,51636,79.83,18,3.49
6201,5954,89200,69.11,21,61663,61.43,11,11.92
6202,57076,230388,42.01,45,96839,35.25,21,28.35
6203,9968,82401,59.22,16,48810,52.21,6,22.33
6204,22675,23102,29.71,3,6867,25.64,2,43.26
6205,13820,82236,43.37,22,35675,39.45,16,28.44
6206,16065,143062,54.51,44,78025,45.21,21,18.12
6207,70084,93837,18.06,19,16962,7.84,3,58.81
6208,11978,94462,65.51,43,61906,52.1,23,16.99
6209,58304,183054,44.53,50,81561,36.91,30,30.82
6210,3058,35048,54.11,16,18970,36.44,7,16.63
6212,962,102000,91.84,27,93690,86.12,18,0.98
6213,71416,363617,67.49,79,245487,59.47,36,15.19
6214,46227,272243,70.57,50,192164,64.3,24,13.86
6215,55934,82790,32.11,14,26593,26.4,6,41.89
6216,32353,97420,38.35,24,37378,29.9,10,24.41
6217,84924,117210,23.24,25,27262,15.88,11,49.54
6218,27114,64262,51.62,20,33188,38.13,7,20.77
6219,5743,124967,70.27,22,87830,67.27,15,7.12
6220,34571,146463,63.15,52,92525,53.27,28,9.95
6221,32397,168612,74.58,21,125786,72.3,14,7.17
6222,1834,95689,90.07,10,86205,84.51,2,2.08
6223,79215,97981,51.11,36,50093,38.39,14,12.3
6224,41849,85645,41.25,27,35348,29.44,11,22.82
6225,6368,60000,53.94,21,32378,35.44,4,6.13
6226,57810,115535,16.65,13,19253,13.34,6,44.88
6227,6987,76112,72.01,5,54821,67.6,1,12.18
6228,1879,29000,82.46,5,23917,78.04,3,7.29
6229,30473,40361,35.28,5,14242,32.99,4,24.72
6230,7443,86343,87.81,3,75819,87.81,3,7.11
6231,25419,45652,34.0,12,15528,24.87,5,33.34
6232,36837,451136,18.79,60,84893,13.47,18,18.3
6233,61793,80972,28.7,17,23250,18.78,5,34.46
6234,30561,100386,54.71,20,54935,51.33,14,22.48
6235,61003,199906,40.48,23,80973,35.56,7,28.55
6236,914,41654,92.73,4,38631,87.98,1,1.68
6237,72375,79645,18.58,11,14802,12.7,4,43.81
6239,188076,759147,62.32,166,473234,56.76,97,21.88
6240,1019,22867,85.72,10,19609,70.93,5,4.0
6241,6028,45534,56.69,6,25818,52.92,3,12.52
6242,3095,31806,63.71,7,20270,55.47,3,13.62
6243,59478,45269,20.97,6,9498,17.67,3,48.18
6244,94557,387042,31.4,70,121603,25.49,30,30.08
6245,18877,146608,46.53,25,68250,42.21,14,20.33
6246,32771,37851,63.0,7,23851,53.99,1,12.95
6248,32363,99956,48.87,24,48867,43.58,15,16.78
6249,207,2867,14.82,1,425,0.0,0,16.21
6250,1160,18249,70.88,2,12937,67.95,1,6.92
6253,451,5879,0.0,0,0,0.0,0,15.2
6254,518,30882,49.51,13,15294,36.43,6,3.4
6256,455,1829,0.0,0,0,0.0,0,52.29
6257,111314,483912,54.91,148,265791,45.11,72,20.97
6259,9367,28056,44.08,4,12371,41.09,2,22.78
6261,54771,128498,40.33,30,51855,30.7,12,30.73
6262,1343,20451,28.67,5,5866,16.81,1,16.09
6263,10890,62501,44.26,8,27669,40.96,4,25.39
6264,4108,136355,72.23,29,98513,67.54,18,5.44
6265,37385,118172,41.45,14,49013,36.67,5,26.55
6266,45780,153872,38.79,37,59719,31.56,19,19.4
6269,82710,323831,31.15,62,100943,24.04,24,32.78
6270,33593,72146,41.26,16,29779,36.56,10,28.06
6271,63769,209058,49.45,62,103414,39.5,30,27.84
6272,5223,81764,50.65,33,41436,34.8,13,13.44
6274,119017,299497,64.08,97,191965,54.17,50,17.86
6275,36494,80345,29.73,16,23902,23.41,7,34.82
6276,29927,22043,50.92,3,11227,48.78,2,26.53
6277,9871,119471,56.26,42,67237,43.59,17,16.21
6278,39390,292398,68.84,101,201333,57.04,51,15.59
6279,19675,119016,47.5,38,56566,38.87,21,23.17
6280,172,65492,99.95,1,65460,99.95,1,0.04
6281,10275,99173,55.85,36,55404,43.58,16,19.23
6282,161585,856101,40.36,105,345729,36.98,56,31.01
6283,15139,147581,63.22,22,93324,57.38,7,13.8
6284,53896,148980,49.06,15,73113,45.62,6,29.31
6285,90436,483441,63.7,107,308026,57.36,59,20.15
6287,4209,121451,94.0,7,114178,93.08,5,2.42
6289,10246,524,0.0,0,0,0.0,0,54.73
6290,58049,169736,40.73,53,69166,30.37,25,33.69
6291,11837,42000,62.85,5,26398,62.85,5,18.61
6292,6438,46601,48.03,9,22389,39.72,3,25.11
6294,12158,26047,37.3,4,9717,33.46,2,30.98
6295,345,1865,22.6,1,422,0.0,0,20.76
6299,123,25576,98.35,1,25154,98.35,1,0.71
6402,2012,58216,64.01,24,37276,48.9,10,4.06
6403,2578,15332,41.54,1,6369,41.54,1,13.4
6404,9030,24358,67.1,5,16346,63.49,4,9.8
6405,6838,65800,51.2,23,33705,35.24,7,18.98
6406,1072,35647,58.18,5,20744,53.35,2,8.78
6407,5723,75130,37.47,18,28164,30.27,9,18.01
6409,18243,88254,66.38,38,58596,52.03,17,10.94
6411,56099,99508,34.69,33,34548,20.75,10,29.06
6412,23942,400769,77.65,47,311255,73.78,22,10.16
6414,20240,157148,62.88,62,98845,47.89,23,12.68
6415,26455,390363,79.87,160,311838,65.43,67,5.25
6416,22343,73348,50.16,19,36804,38.05,4,17.47
6417,1606,42274,68.39,20,28915,54.11,11,5.0
6418,2300,34522,59.16,11,20428,52.52,7,12.09
6419,27003,13159,39.98,4,5262,32.17,2,24.55
6423,3199,31016,41.06,13,12741,19.62,3,15.45
6425,9899,51384,43.13,15,22176,34.27,7,32.41
6426,20497,38509,44.4,8,17106,38.34,4,26.25
6428,951,17682,91.64,3,16205,89.36,2,2.88
6429,268,9253,38.13,5,3530,11.88,1,6.77
6431,17624,97399,70.88,21,69042,65.28,11,4.15
6432,36363,40152,31.06,11,12480,16.63,3,37.59
6434,9021,463602,85.07,20,394513,83.77,11,4.84
6435,10700,37461,51.67,4,19359,48.42,2,27.2
6437,401,32300,65.14,19,21048,40.87,7,3.08
6438,45504,82206,35.9,24,29532,23.5,9,33.18
6441,35110,53318,45.19,6,24100,41.86,2,23.69
6442,66515,81818,57.83,37,47328,37.03,10,20.85
6443,159905,512797,14.33,34,73531,12.28,15,48.22
6446,77031,422443,56.22,157,237564,41.72,59,11.06
6449,34697,91878,68.16,23,62639,60.87,11,16.19
6451,33784,117854,64.56,16,76114,59.69,5,22.46
6452,11636,100131,39.23,24,39307,30.51,9,23.76
6453,620,3506,0.0,0,0,0.0,0,37.95
6455,563,37095,68.48,16,25409,51.48,8,2.48
6456,30804,337940,60.47,52,204413,56.95,33,17.21
6458,2714,26789,65.25,6,17483,63.74,5,6.17
6461,8742,110325,60.61,20,66888,53.77,5,10.22
6462,46354,91251,30.89,19,28209,21.64,5,36.51
6464,2141,133933,86.68,47,116118,79.89,31,1.74
6465,3285,59074,63.45,13,37493,55.17,6,8.89
6467,6638,52409,28.43,9,14907,21.86,4,20.67
6468,162,11470,98.55,1,11305,98.55,1,1.0
6469,29495,159150,47.08,31,74965,40.78,14,24.2
6470,27263,37694,41.91,2,15802,40.01,1,31.92
6471,358,850,0.0,0,0,0.0,0,61.5
6472,30666,128024,56.41,36,72247,45.09,12,22.36
6473,9735,60000,78.08,27,46860,64.7,15,2.83
6474,1597,52526,67.27,29,35344,44.6,10,4.62
6475,928,34784,73.13,12,25443,56.66,1,4.68
6477,30672,124053,40.24,21,49941,35.94,12,30.36
6479,876,57300,86.79,9,49743,79.32,3,2.03
6481,107,27204,96.01,6,26122,91.6,4,0.8
6482,2034,28634,67.6,8,19358,65.78,7,11.04
6483,17189,66808,43.03,33,28761,18.87,7,5.75
6485,40620,47366,29.68,14,14066,19.64,5,31.59
6486,30391,50893,43.21,5,21995,40.55,3,28.04
6488,108894,528114,79.68,104,420931,73.5,54,8.84
6489,278,28470,62.98,18,17933,36.92,7,1.79
6490,425,38754,70.62,10,27375,64.16,6,2.75
6491,8689,78000,66.53,27,51905,52.18,9,10.35
6492,47191,114904,39.9,29,45861,33.06,16,20.12
6493,1041,30050,80.37,9,24152,80.37,9,6.02
6494,38271,31560,16.95,8,5355,5.22,1,35.09
6495,12150,172031,52.59,39,90506,43.12,13,7.56
6496,10111,47290,65.96,9,31199,62.53,7,19.37
6497,1555,189955,97.19,5,184632,96.46,2,1.68
6498,6741,47476,67.59,18,32095,54.81,8,11.46
6499,7623,96945,42.34,15,41063,36.28,5,14.54
6502,134,8719,90.96,1,7931,90.96,1,0.83
6503,77,12012,80.41,3,9660,80.41,3,1.52
6504,5086,72600,70.97,24,51545,63.18,14,12.12
6505,81755,9525960,96.48,192,9192321,96.02,118,1.32
6506,4205,82361,61.63,40,50779,43.92,16,8.25
6508,14848,86539,63.39,17,54863,61.09,14,21.42
6509,55306,197456,38.23,52,75516,28.63,22,26.79
6510,25240,32929,51.96,8,17115,42.17,3,14.17
6511,642,60000,72.03,24,43229,57.36,9,2.89
6512,6587,25260,36.01,10,9105,17.69,3,20.15
6515,72844,36484,46.19,15,16858,35.07,8,17.65
6516,3674,56337,53.41,15,30099,43.18,5,11.11
6517,22070,30579,22.58,6,6907,17.96,3,40.69
6518,512,33333,84.51,12,28174,74.1,7,2.32
6523,6114,45048,63.08,8,28418,61.69,7,20.64
6525,13490,129047,67.61,25,87268,58.83,7,14.22
6526,18247,167506,81.3,24,136229,76.73,11,7.42
6527,2111,25459,45.97,7,11707,34.68,2,9.32
6529,399,12699,71.81,7,9121,41.45,1,5.3
6530,36855,33750,13.1,4,4425,8.93,2,50.43
6531,42302,163209,66.02,65,107789,52.36,29,10.72
6532,29516,37445,40.45,19,15154,18.46,4,26.69
6533,33571,50660,26.17,11,13265,17.76,4,38.18
6534,1883,102800,84.46,33,86846,76.74,20,2.85
6535,10863,167841,64.07,36,107563,56.07,14,9.75
6536,1138,12305,58.26,2,7170,53.2,1,6.09
6538,37637,39672,53.22,25,21125,21.78,5,16.19
6539,1007,24349,85.23,10,20757,75.51,6,3.84
6540,131,220435,99.05,3,218375,98.57,1,0.11
6541,12006,265216,70.71,43,187580,65.32,18,7.22
6542,881,42001,84.71,14,35593,77.6,10,2.64
6543,12307,63530,66.08,28,41991,49.5,11,1.76
6545,1238,22080,44.15,7,9751,37.79,5,13.39
6546,12423,66848,40.56,13,27133,29.91,1,26.31
6547,49894,347491,36.29,73,126161,28.27,27,17.17
6548,31699,950465,87.29,89,829735,85.19,57,5.91
6549,25426,80122,31.45,28,25217,16.14,6,11.1
6550,24782,464846,74.35,43,345734,71.54,19,8.47
6551,1189,71785,83.69,11,60095,79.32,6,3.11
6552,7594,83000,57.88,6,48052,55.76,3,18.42
6555,4476,119230,69.55,17,82954,64.58,7,8.6
6556,1411,28750,77.52,12,22292,63.74,6,7.66
6558,46648,93789,42.28,11,39676,38.61,6,30.92
6559,1863,23189,52.92,11,12276,31.62,3,16.79
6560,3351,33475,42.26,7,14151,34.31,3,17.83
6561,7219,77958,72.68,12,56670,69.9,8,8.93
6562,11455,118190,52.76,10,62365,50.33,6,15.65
6563,1183,29743,31.48,11,9366,10.33,1,8.0
6564,3651,72134,65.08,11,46965,60.98,7,10.81
6565,1184,27144,39.84,9,10817,28.73,5,8.72
6566,663,32152,84.51,6,27176,79.36,3,3.43
6567,630,102850,88.54,30,91083,80.22,15,1.26
6568,24732,30796,42.11,8,12972,29.94,1,22.87
6569,4133,42821,68.09,9,29160,60.79,3,12.73
6570,8002,37119,43.6,14,16185,29.85,5,23.24
6572,4259,103650,68.83,15,71360,65.0,9,9.72
6573,5854,80499,64.21,15,51709,59.22,8,16.07
6574,2891,21990,77.31,7,17002,75.44,6,8.89
6575,6888,135270,54.4,18,73629,51.06,10,8.89
6576,30164,157579,67.85,37,106958,60.89,20,6.54
6577,3718,60060,74.66,8,44853,68.34,2,10.31
6578,18674,71942,64.58,20,46468,58.88,12,9.67
6579,7658,169451,84.5,16,143223,82.46,10,6.46
6580,3872,112120,57.71,42,64723,43.57,19,8.11
6581,2290,111271,90.04,18,100213,86.88,11,2.87
6582,9154,106174,74.63,13,79264,71.21,8,11.41
6583,310,15947,82.44,9,13150,53.46,2,2.7
6584,15138,71380,72.42,24,51704,62.26,11,13.77
6585,4452,72649,75.7,9,55004,72.27,5,9.86
6586,29149,214010,62.27,35,133317,56.1,13,8.04
6588,41607,34701,23.84,6,8278,18.13,3,35.75
6589,22462,302068,58.2,61,175858,50.43,24,13.81
6590,2404,28696,56.95,13,16345,30.8,3,12.28
6591,44602,41122,25.06,8,10313,20.08,4,31.38
6592,25474,641845,79.47,60,510216,75.38,21,6.92
6592A,3557,50000,85.41,15,42707,75.84,6,6.68
6592B,5075,50000,81.33,17,40676,67.19,8,6.86
6593,34839,31857,46.04,14,14674,29.86,6,30.08
6595,8928,49858,80.39,25,40089,57.1,6,1.32
6596,17144,38000,26.54,6,10090,22.73,3,40.04
6597,923,30042,81.31,7,24432,72.45,3,4.61
6598,36973,102819,52.74,38,54243,37.26,12,10.94
6599,300,21000,76.44,4,16057,71.03,2,2.02
6601,361,44695,86.87,5,38836,84.46,3,1.53
6602,404,1236,0.0,0,0,0.0,0,64.82
6603,25513,167443,52.07,61,87233,38.0,21,14.78
6604,2331,50731,75.89,13,38509,67.55,5,7.62
6605,15617,165816,67.49,42,111929,58.51,19,11.83
6606,9553,110304,70.63,41,77912,61.08,25,6.51
6607,68,9346,81.0,5,7571,76.22,4,1.21
6608,313,60000,96.78,8,58073,93.72,6,0.98
6609,9357,72456,58.91,8,42698,55.85,4,20.4
6610,4535,223579,77.79,19,173955,74.95,7,4.22
6611,459,1467,91.68,1,1345,91.68,1,8.3
6612,2763,52332,65.68,21,34386,48.6,8,8.18
6613,10585,77801,59.45,7,46257,55.52,1,17.27
6614,3966,80661,74.19,6,59855,73.61,5,9.5
6615,5281,21593,51.51,12,11128,35.88,5,22.98
6616,1543,35428,62.18,10,22036,53.92,6,7.59
6617,7115,127506,67.7,27,86345,59.79,11,9.48
6618,34064,104816,28.45,35,29832,15.35,10,14.13
6620,21618,165982,61.26,50,101701,48.49,16,9.91
6621,32164,35501,37.02,10,13153,23.52,3,17.18
6622,914,35301,65.52,14,23137,53.38,8,4.29
6624,851,23061,76.07,9,17545,58.3,3,4.81
6625,10501,57972,49.63,15,28782,44.07,10,22.19
6626,424,8936,77.35,4,6913,59.56,1,5.62
6627,267,28352,77.55,16,21990,65.81,10,1.55
6629,945,38380,84.25,10,32340,80.01,7,3.19
6633,1367,11129,95.66,1,10646,95.66,1,3.98
6634,2232,71289,66.04,25,47093,51.18,9,6.22
6637,3325,26810,59.25,9,15889,53.8,7,19.63
6638,1122,30000,70.5,7,21156,56.74,1,6.7
6639,947,57645,69.18,18,39892,58.08,8,3.64
6640,13672,29168,64.61,3,18851,63.21,2,17.34
6641,1984,36500,60.25,16,21997,49.83,9,9.52
6642,3125,37400,56.43,10,21112,46.24,5,12.94
6643,22825,42620,37.15,7,15841,33.18,4,36.75
6645,6596,60864,43.92,24,26739,26.16,7,10.93
6648,9184,55000,68.03,21,37423,54.02,9,5.92
6649,18377,42000,53.63,19,22533,35.26,6,7.49
6650,484,31090,80.17,17,24929,61.87,8,2.31
6651,3502,34602,50.28,17,17403,32.39,5,13.16
6652,1689,137000,79.07,38,108355,69.5,16,2.81
6653,281,6000,95.45,1,5727,95.45,1,1.16
6654,3368,40963,79.16,12,32432,71.17,6,3.59
6655,977,80572,86.17,24,69448,76.49,12,1.14
6656,66,12228,90.33,4,11047,82.4,3,0.71
6657,15804,88808,35.42,27,31475,21.74,7,15.91
6658,11113,38370,46.23,13,17745,35.14,6,19.62
6659,1113,85883,80.96,23,69554,72.07,10,2.45
6660,250,42627,89.84,16,38307,75.44,7,0.95
6661,1282,23304,66.11,5,15409,61.92,3,9.23
6662,4655,25612,47.68,10,12214,40.19,7,7.98
6664,16653,61152,55.16,24,33741,36.54,11,23.54
6665,1825,45350,65.83,8,29858,59.37,4,8.3
6666,2168,47388,78.82,9,37357,77.96,8,7.03
6667,13127,53479,49.76,11,26623,44.14,6,25.2
6668,14640,107116,54.56,14,58459,51.33,8,20.88
6669,197197,211603,60.82,47,128737,52.91,21,15.79
6670,6041,139387,78.65,65,109649,65.7,36,5.02
6671,1376,60750,75.18,36,45685,56.6,17,4.41
6672,51888,82312,43.02,27,35423,30.67,12,32.18
6673,3094,26660,30.46,4,8127,25.31,2,27.92
6674,1853,68222,83.71,10,57124,79.85,6,5.5
6676,4329,169685,61.54,43,104452,55.04,25,5.91
6677,1907,56039,63.97,13,35856,57.04,6,7.17
6679,7063,54975,53.52,18,29437,43.7,9,15.44
6680,925,25071,71.59,10,17954,63.66,7,4.16
6682,11170,152106,52.75,25,80253,47.36,12,13.71
6683,35093,27553,20.58,5,5674,11.24,1,34.18
6684,23693,44559,36.91,6,16454,31.51,2,33.47
6688,197,19000,73.88,12,14039,49.8,5,1.74
6689,10090,68000,48.39,25,32921,33.92,10,24.97
6690,5733,30000,59.68,3,17904,59.68,3,21.58
6691,17746,133547,69.78,46,93220,58.36,23,9.45
6692,2093,58844,71.74,16,42227,61.9,6,5.29
6693,7998,45720,40.08,11,18332,31.39,4,21.39
6695,22430,107018,51.71,20,55356,45.81,9,20.71
6696,32761,838140,62.64,245,525157,51.59,93,5.94
6697,2212,27323,66.8,6,18258,61.11,3,14.46
6698,35984,66390,38.31,14,25444,31.06,6,25.4
6699,762,48819,85.49,16,41744,75.24,9,1.78
6701,758,365682,97.98,3,358306,97.98,3,0.34
6702,11474,758660,79.73,98,605055,75.46,45,2.87
6703,23341,36607,50.72,13,18575,38.41,6,20.63
6704,3579,105949,44.81,34,47502,32.35,10,7.8
6705,651,18005,73.6,10,13254,54.99,4,5.1
6706,48718,78549,27.31,21,21471,15.4,6,37.32
6707,1477,59003,80.07,15,47251,71.73,7,4.86
6708,2749,29009,50.61,11,14689,42.81,7,14.51
6709,1953,69380,64.24,22,44577,53.12,8,6.04
6712,28940,100489,39.83,23,40049,29.99,7,19.64
6713,885,29477,60.25,15,17768,37.76,4,7.02
6715,5700,74274,75.85,24,56351,64.86,10,6.26
6716,3717,30242,34.96,11,10579,22.14,4,16.13
6717,427,24937,75.04,13,18714,56.28,6,3.44
6719,26462,105521,48.96,14,51677,43.05,4,27.21
6720,1350,30270,58.14,20,17602,25.38,5,5.8
6721,1638,24500,50.55,9,12388,37.77,3,9.75
6722,2595,88400,76.79,17,67896,74.1,13,5.54
6723,1228,30039,58.69,12,17637,42.18,4,7.35
6724,1841,7100,62.32,2,4425,62.32,2,16.12
6725,6386,37130,63.18,9,23464,58.66,7,18.69
6727,41271,26884,25.66,12,6902,0.0,0,28.81
6728,2877,30120,63.32,9,19077,59.01,7,13.09
6729,1459,27661,47.9,11,13253,31.19,4,9.14
6730,986,36319,74.36,20,27012,60.56,12,4.29
6731,186,54554,99.44,1,54249,99.44,1,0.44
6732,9359,48913,49.39,4,24160,46.31,1,26.56
6733,7269,134316,48.74,26,65494,40.25,7,11.6
6734,2171,40623,59.52,15,24185,46.05,5,9.94
6735,5136,46182,48.58,16,22442,35.59,6,17.47
6736,850,2596,93.39,1,2424,93.39,1,3.5
6737,1354,60050,80.91,23,48593,76.48,20,4.56
6738,530,36714,67.2,24,24680,46.5,12,2.26
6739,11285,23392,57.35,9,13417,48.11,5,20.0
6741,6783,120578,69.4,37,83704,57.82,16,9.43
6742,41120,71268,35.58,21,25380,25.94,9,26.45
6743,8716,150000,65.09,29,97673,58.55,14,10.75
6744,416,15400,65.84,7,10141,52.96,3,4.41
6748,7020,71683,35.08,20,25160,26.65,10,14.82
6750,1829,44707,59.23,22,26485,40.28,8,7.83
6751,2384,22200,64.83,4,14396,56.93,1,15.91
6752,3798,38258,47.68,19,18246,21.07,4,11.29
6753,17135,117300,57.63,22,67626,50.48,10,19.23
6754,2195,66000,83.07,9,54836,81.35,7,5.2
6755,1230,39823,53.73,16,21402,40.99,7,5.71
6756,8263,69990,62.25,8,43574,58.12,2,17.1
6757,134159,459530,74.78,29,343715,72.31,11,12.67
6758,251,13471,81.83,3,11025,74.89,1,2.7
6761,12873,34956,39.04,9,13652,29.93,3,29.14
6762,900,36930,77.6,18,28664,61.86,9,3.19
6763,17953,184039,61.52,21,113249,57.3,9,18.49
6764,255,38203,98.27,2,37543,98.27,2,0.6
6767,1464,39184,59.35,10,23263,51.86,4,7.34
6768,7115,200095,81.79,36,163709,76.52,18,6.25
6770,647317,4719251,49.18,568,2321185,44.76,222,23.3
6771,1742,31180,43.78,17,13658,18.13,4,10.49
6775,4171,109500,62.7,26,68674,56.48,15,7.1
6776,7426,91581,66.72,14,61130,61.35,6,15.38
6780,237,16470,83.48,12,13753,53.41,4,1.48
6781,28741,85419,70.5,9,60236,67.6,4,16.37
6782,6268,63000,52.83,25,33298,35.38,8,9.55
6784,890,19077,51.19,9,9768,30.34,3,8.58
6785,4474,66800,60.86,19,40664,54.43,12,9.55
6786,17450,30838,9.03,5,2786,0.0,0,28.26
6787,19593,81007,24.75,24,20065,9.91,4,20.29
6788,27920,38740,22.91,9,8888,14.25,3,40.71
6789,52679,318299,72.26,24,230089,68.3,4,14.08
6790,11087,267129,78.57,24,209961,75.34,10,7.94
6791,1954,20847,74.29,9,15494,56.02,3,11.36
6792,3972,47875,53.89,7,25808,48.08,3,15.31
6793,23696,75600,39.1,27,29580,22.4,7,11.19
6794,1182,63637,78.94,23,50246,67.05,11,3.27
6796,3009,40234,47.42,13,19082,33.96,4,12.03
6797,26759,30732,48.87,12,15025,29.99,4,18.47
6798,5875,19572,73.39,10,14370,55.68,4,1.74
6799,30089,43652,33.31,10,14544,21.07,2,29.86
6803,14700,72794,56.36,5,41032,54.28,2,24.7
6804,2151,47500,64.75,23,30767,49.05,12,7.33
6805,17153,68554,63.8,27,43742,50.29,11,6.95
6806,30962,274643,60.24,14,165490,58.45,4,17.68
6807,967,54000,81.41,15,43972,73.55,8,2.56
6808,2186,77840,54.35,19,42324,44.25,6,5.9
6810,25166,49448,35.38,14,17498,21.39,3,10.08
6811,5172,41449,66.38,4,27521,61.89,1,13.2
6812,7427,30585,40.99,11,12541,26.29,3,16.16
6813,633,23388,62.5,10,14623,48.86,5,6.95
6814,733,41874,82.91,14,34727,73.55,8,3.38
6815,8304,39706,67.19,21,26688,49.84,11,6.23
6816,431,12180,70.99,3,8648,61.98,1,5.19
6817,1095,18417,54.89,1,10110,54.89,1,10.58
6818,1365,25503,66.52,6,16967,55.93,2,10.14
6819,1233,33974,55.49,13,18858,40.71,6,6.57
6820,1519,22253,71.58,5,15929,71.58,5,8.02
6821,3900,36017,51.72,14,18635,39.52,7,18.78
6823,2486,33234,58.89,6,19576,54.97,4,11.61
6825,665,39339,75.64,15,29765,66.71,9,2.73
6826,7037,85540,74.62,17,63852,66.6,8,7.83
6827,1595,79294,61.67,27,48916,47.45,10,4.23
6829,11669,59169,66.79,5,39529,63.0,1,18.34
6830,27278,54817,28.78,18,15788,16.17,6,37.38
6831,12852,67500,57.15,31,38586,36.32,8,14.99
6832,3565,26411,86.13,3,22751,82.84,1,4.04
6833,896,57977,85.79,10,49751,79.3,4,2.88
6834,11096,88471,63.58,37,56272,46.29,14,17.22
6835,2093,66172,78.74,27,52122,68.83,15,5.73
6837,1001,32824,59.15,18,19423,41.11,9,6.89
6838,6701,150977,61.8,29,93350,54.11,10,9.17
6839,892,82020,80.74,29,66241,74.43,20,1.76
6840,2005,31882,55.1,14,17571,37.21,5,9.4
6841,11892,95223,47.79,29,45521,37.27,13,22.71
6842,2210,24288,39.36,7,9564,31.72,4,14.99
6843,1222,33304,76.75,16,25565,55.9,7,6.7
6844,3347,37428,63.45,10,23752,55.96,5,7.75
6846,1461,27066,66.78,7,18078,64.19,6,8.44
6847,657,14230,55.89,8,7956,19.67,2,8.6
6848,522,14273,52.95,8,7560,29.84,2,5.34
6849,6170,41918,47.9,12,20085,37.37,5,19.17
6850,923,33089,60.74,18,20101,41.06,8,4.35
6854,6119,117679,65.08,32,76610,54.65,13,9.3
6855,1985,23250,61.34,13,14265,41.79,6,5.73
6856,938,28200,83.77,8,23629,74.41,4,4.68
6857,420,15226,94.62,1,14408,94.62,1,2.07
6858,329,27220,89.89,9,24470,82.2,5,2.19
6859,2450,41603,64.5,15,26841,55.88,9,8.49
6861,14619,41599,48.55,1,20200,48.55,1,25.79
6862,6172,50000,69.87,7,34938,68.92,6,15.34
6863,4442,74888,75.45,10,56517,72.27,6,8.4
6864,4216,37890,37.04,19,14043,12.22,3,7.25
6865,1373,15841,50.87,7,8061,36.45,3,12.31
6867,820,24500,86.5,7,21196,78.62,4,4.3
6868,487,25043,55.37,14,13874,27.27,3,2.97
6869,20309,137830,55.21,40,76124,45.93,20,20.9
6870,2374,29499,75.88,14,22389,56.35,5,5.91
6872,2894,70751,57.43,28,40649,42.75,11,8.36
6873,11505,142649,61.65,42,87969,54.04,23,12.9
6874,2877,22000,53.61,9,11797,39.58,4,18.54
6875,4857,129183,59.88,35,77384,51.16,17,7.63
6876,20244,70529,31.12,23,21968,16.73,6,7.97
6877,3245,47167,73.2,26,34537,58.78,15,8.13
6878,1093,72641,88.93,14,64610,84.69,9,2.66
6879,349,26459,89.17,8,23597,80.25,4,1.55
6881,947,15000,57.92,4,8691,49.96,2,5.45
6882,808,23199,59.44,14,13795,31.51,4,7.06
6883,689,76274,87.72,28,66908,80.38,18,1.76
6884,1313,18390,73.01,3,13428,69.21,2,8.74
6885,22515,133099,36.0,40,47947,23.32,11,13.94
6886,14387,34991,91.21,6,31920,88.01,4,1.62
6887,854,74206,91.81,20,68139,82.02,8,1.7
6890,7454,250297,92.25,18,230931,91.98,17,3.61
6891,5700,200642,76.81,30,154166,73.54,19,5.98
6892,2572,94015,57.23,42,53829,36.89,12,5.63
6894,2705,23857,60.91,11,14533,55.0,8,10.25
6895,2855,34100,61.05,9,20820,50.97,4,11.8
6898,1572,29016,59.19,10,17179,45.84,2,9.11
6899,1948,42398,80.03,19,33939,61.27,7,7.51
6901,24159,854025,82.24,46,702587,80.13,16,5.08
6902,7435,35550,67.34,16,23950,54.96,8,7.64
6903,9612,66676,68.08,16,45402,65.51,13,15.63
6904,591,18500,79.9,8,14783,64.36,2,3.07
6906,3314,33537,57.94,13,19438,47.84,7,15.52
6907,7028,62562,64.45,6,40329,62.26,3,14.43
6908,2089,37180,77.83,3,28942,76.46,2,10.98
6909,12833,67488,37.82,26,25539,20.81,8,22.9
6910,1583,30521,57.09,8,17429,49.59,4,9.61
6911,924,22000,61.89,11,13620,44.33,5,6.62
6912,2018,165000,79.35,29,130948,73.11,11,2.66
6913,4226,43849,55.22,17,24220,42.24,9,12.11
6914,4710,79471,72.9,19,57944,67.97,12,8.42
6915,1115,35300,88.44,11,31221,84.8,9,5.3
6916,2063,67500,78.99,18,53328,72.68,12,5.61
6917,2612,55272,42.29,22,23382,26.62,8,10.2
6918,2007,34571,50.16,18,17349,27.67,5,9.88
6919,66963,1560449,72.56,324,1132616,66.25,164,7.7
6920,12072,207219,62.76,39,130114,56.01,16,11.05
6921,883,32262,77.54,11,25019,74.71,9,5.04
6922,2820,27155,62.87,9,17076,56.65,6,10.8
6923,3437,90439,69.83,37,63171,55.35,17,6.29
6924,582,20624,82.21,6,16958,73.08,3,3.84
6925,3335,20000,58.02,8,11608,41.69,2,23.37
6926,684,49800,80.76,25,40223,60.92,9,2.56
6927,1311,38236,67.9,14,25968,52.74,5,6.76
6928,4272,86000,79.69,11,68544,76.07,6,9.18
6929,1526,45090,89.6,6,40404,86.91,4,4.79
6930,121,90000,98.17,3,88361,97.06,2,0.13
6931,3380,66152,70.6,41,46720,49.73,18,7.87
6932,5224,432963,80.34,80,347933,74.34,37,2.85
6933,5829,42575,61.95,7,26379,59.62,6,14.39
6934,1542,36130,64.88,15,23446,57.46,11,6.57
6935,575,37410,82.34,13,30804,72.81,7,2.81
6936,3752,72804,76.2,20,55488,64.77,9,8.15
6937,8265,67655,62.8,24,42500,53.93,14,13.8
6938,700,12570,67.01,6,8424,54.14,3,6.3
6939,659,35384,63.07,11,22322,56.07,8,3.26
6940,9289,320513,54.05,110,173321,39.55,34,6.9
6944,16485,99694,56.78,46,56636,36.3,14,10.79
6945,5298,97785,63.74,27,62342,54.09,12,9.38
6946,1889,323800,93.88,34,304043,90.81,18,1.07
6947,5595,106126,70.05,30,74363,59.76,13,9.21
6949,9036,1311601,92.67,178,1215669,89.26,106,1.28
6950,457,172926,95.74,27,165579,89.66,10,0.35
6951,4516,52000,66.23,4,34444,63.9,2,9.38
6952,2396,68345,86.97,18,59445,80.04,13,5.23
6953,3198,30015,63.56,6,19079,56.2,3,11.94
6955,522,30381,63.35,13,19251,49.64,6,2.07
6957,2309,57431,71.45,27,41046,52.77,11,4.87
6958,3447,421454,94.15,28,396886,93.51,23,1.27
6958A,1306,40000,83.86,7,33545,83.86,7,5.64
6959,4006,39167,40.76,12,15970,33.17,7,15.48
6961,3735,26834,44.32,6,11897,33.34,1,17.1
6962,32197,492397,52.21,79,257158,45.77,27,13.88
6963,209,17250,87.88,3,15160,85.28,2,1.32
6965,2301,156336,92.65,19,144866,91.17,15,2.4
6967,1649,30404,65.44,16,19901,39.25,4,7.76
6968,3499,50436,60.0,19,30270,43.26,7,9.88
6969,1757,43857,53.25,15,23365,40.67,6,8.66
6971,1620,38668,73.78,16,28538,61.37,8,8.13
6972,354,22935,83.82,9,19226,63.73,1,2.43
6973,910,40803,67.77,20,27658,41.45,4,4.31
6976,5983,583127,80.59,111,470038,73.8,45,2.47
6977,1918,16794,44.76,10,7519,15.91,2,14.35
6979,433,12000,59.53,4,7145,39.6,1,4.54
6980,2336,30000,77.06,6,23125,72.36,4,9.88
6982,2739,40752,64.14,14,26147,53.7,7,12.62
6983,3205,18020,43.49,9,7840,16.01,2,16.26
6984,340,19239,56.57,14,10886,27.71,4,2.42
6986,1898,52134,50.95,21,26572,36.71,9,6.64
6987,1085,224468,90.78,34,203816,87.19,21,0.99
6988,484,47600,77.58,20,36936,64.97,11,1.82
6990,5539,64454,81.67,18,52653,75.66,13,10.39
6992,449,25699,72.81,19,18717,43.25,8,2.87
6994,7131,74162,42.93,18,31851,35.39,9,20.19
6995,3702,27000,45.64,13,12327,28.93,5,7.44
6996,2487,42090,60.27,4,25375,55.68,1,8.5
6997,749,22100,82.26,3,18181,77.74,2,4.97
6999,258,23116,77.32,16,17878,57.3,8,1.36
7402,21085,35281,34.35,9,12123,26.96,4,32.41
7415,2743,30200,61.47,19,18572,31.85,5,7.38
7418,258,27554,96.12,6,26489,85.31,1,0.46
7419,4694,40000,49.26,15,19716,39.37,9,20.0
7421,537,525,0.0,0,0,0.0,0,53.65
7422,241,23272,82.41,3,19182,78.42,1,1.52
7427,5195,54026,30.88,19,16696,19.64,8,19.3
7443,346,22000,82.47,11,18147,73.22,7,2.34
7452,109,2000,87.89,1,1758,87.89,1,4.86
7455,267,25500,82.76,8,21108,73.88,4,1.48
7507,1111,102100,78.24,31,79912,70.2,18,2.25
7516,24240,19309,36.63,7,7075,14.79,1,23.47
7530,3351,46500,53.88,13,25062,46.0,8,15.39
7547,2126,33963,73.11,10,24834,66.12,7,10.44
7551,436,12100,56.65,5,6857,42.93,2,6.02
7555,418,33325,89.52,5,29834,88.22,4,1.61
7556,2566,29206,64.35,10,18799,54.55,5,8.83
7558,803,18621,52.29,12,9739,22.43,3,8.67
7561,736,30085,60.63,7,18244,55.15,4,3.08
7562,286,23228,76.41,10,17751,63.05,5,1.53
7566,7895,159773,66.95,50,107004,55.04,22,4.34
7575,558,30000,53.15,16,15952,32.69,7,2.94
7578,1751,60073,64.57,27,38808,44.44,8,5.72
7583,460,24595,88.25,13,21714,72.97,7,2.62
7584,971,16463,71.29,7,11739,51.83,2,8.8
7590,2491,122379,82.0,31,100363,77.3,22,4.58
7595,828,50465,72.13,27,36414,45.91,8,3.47
7607,678,36653,71.98,13,26389,62.37,6,2.27
7610,23045,58830,49.44,19,29103,37.11,7,21.34
7631,1292,20142,70.44,10,14192,52.35,4,8.87
7642,2083,30150,78.7,9,23731,77.02,8,9.91
7669,3694,22000,32.75,12,7208,4.94,1,13.45
7686,1824,50110,87.06,9,43633,86.03,8,2.56
7689,7744,58507,84.52,8,49458,81.71,5,7.23
7702,351,66000,92.73,10,61207,87.94,5,0.82
7703,4255,34745,59.2,9,20581,46.66,2,15.93
7704,1612,33770,59.62,14,20140,42.11,4,7.58
7705,13916,66067,68.85,10,45495,61.81,3,11.65
7706,239,10000,91.29,1,9129,91.29,1,3.38
7707,3272,45700,46.37,11,21198,39.74,6,10.46
7708,3036,25500,63.6,2,16219,61.96,1,12.24
7709,2715,39103,79.43,8,31065,77.39,7,9.71
7710,661,63906,96.79,12,61864,89.53,4,0.95
7711,9460,71700,61.94,13,44426,52.68,4,12.88
7712,4739,32562,53.59,15,17456,35.55,5,16.83
7713,763,45480,84.76,14,38561,78.28,9,2.33
7714,2962,21000,66.63,8,13996,47.95,2,15.92
7715,2123,32894,55.89,12,18389,39.6,4,12.49
7716,543,22500,82.6,9,18590,66.14,3,3.93
7717,10127,24832,50.27,10,12487,35.38,4,22.83
7718,1030,46356,78.07,18,36205,65.88,9,3.24
7719,16159,36000,21.98,8,7918,11.33,2,28.12
7721,3429,55370,60.74,17,33646,52.74,10,10.97
7722,20464,71658,84.96,4,60892,83.62,3,9.48
7723,4455,49620,56.43,19,28012,47.21,12,14.26
7724,304,35381,84.41,12,29871,71.15,5,1.54
7725,296,48327,84.26,10,40726,79.67,6,0.85
7726,181,20304,87.24,6,17717,80.37,4,1.22
7728,3550,13854,57.12,4,7916,45.73,2,15.52
7729,17814,80682,58.44,33,47167,43.89,15,9.09
7730,1220,36797,69.54,17,25591,60.63,11,5.2
7731,8924,521981,71.8,90,374902,67.37,53,4.48
7732,874,64680,88.72,20,57395,82.77,14,1.9
7734,13770,28000,71.73,11,20089,67.31,9,10.54
7735,2757,43331,92.92,8,40270,87.5,5,2.73
7736,1564,76000,84.26,22,64051,76.74,13,3.48
7737,373,29759,77.82,14,23165,56.78,5,1.8
7738,1650,27356,57.63,17,15769,28.51,5,7.01
7740,2914,60000,64.55,23,38740,53.18,12,7.77
7742,7183,66561,68.95,5,45902,65.0,1,15.53
7743,875,36483,75.3,23,27482,56.48,13,3.79
7744,2375,32077,75.49,14,24222,61.84,8,6.69
7745,545,17950,71.12,7,12768,56.71,3,7.4
7747,941,30169,79.96,6,24125,78.63,5,2.42
7748,208,14500,68.37,8,9916,50.07,4,2.44
7749,8069,46486,45.73,18,21266,28.12,5,17.11
7750,11517,71843,75.16,33,54007,61.59,16,5.58
7751,10198,26889,46.58,11,12529,36.95,6,12.45
7752,2188,200000,86.17,36,172375,81.99,21,2.23
7753,2366,25000,74.15,4,18541,65.34,1,7.69
7754,1988,101722,69.35,39,70562,55.81,15,3.72
7756,261,21283,70.8,8,15071,59.42,4,1.43
7757,2602,24100,59.28,10,14290,40.98,4,13.08
7758,383,16100,83.34,3,13420,80.05,2,2.6
7759,1204,70342,79.72,17,56093,71.69,9,3.29
7760,1464,64548,64.74,30,41804,47.99,11,3.23
7761,1555,28900,46.68,9,13497,30.57,3,10.55
7762,1435,58091,55.35,26,32161,39.54,10,3.91
7763,3168,60014,82.08,17,49269,76.51,10,6.46
7764,785,60000,81.33,26,48817,68.84,15,2.82
7765,6194,40681,59.34,3,24140,56.68,1,14.56
7767,1062,30100,71.7,16,21586,55.77,9,5.77
7768,6670,70065,64.6,21,45277,56.09,13,10.6
7769,72426,179930,66.35,42,119409,57.11,16,6.13
7770,1074,30062,74.24,14,22322,62.44,7,5.55
7771,525,20013,80.03,2,16017,75.64,1,3.25
7772,5386,26499,54.43,4,14424,52.82,3,23.51
7773,986,39911,57.67,16,23025,42.82,8,5.53
7776,1093,49102,74.35,15,36519,63.72,6,4.69
7777,17878,202606,63.72,29,129139,59.36,15,14.67
7779,368,16105,66.95,7,10783,56.73,4,2.15
7780,42969,810024,75.43,44,611136,73.4,19,10.13
7781,17716,649681,72.71,83,472425,68.75,40,6.05
7782,1105,23213,76.11,9,17670,65.8,6,7.23
7783,1182,62445,91.81,16,57338,89.52,13,2.05
7784,1519,187601,87.16,47,163549,81.88,30,2.08
7785,226,33339,85.54,13,28526,72.06,5,1.04
7786,6347,175954,82.64,32,145434,77.93,18,6.01
7788,8732,79746,69.7,34,55596,56.17,16,9.51
7789,177,21184,71.33,14,15115,42.63,4,0.88
7790,397,18585,70.29,15,13067,32.02,3,2.59
7791,4625,80000,80.07,16,64076,70.07,5,7.85
7792,4081,46662,71.51,16,33377,61.9,8,8.21
7794,1236,28000,81.49,7,22820,71.58,2,7.37
7795,16779,78828,70.01,8,55195,64.99,3,9.33
7796,2379,22963,56.55,5,12990,45.19,1,17.23
7797,688,22245,79.44,11,17675,62.79,5,4.94
7798,783,354126,94.82,65,335889,88.62,32,0.32
7799,12339,159738,79.25,39,126631,69.0,12,7.52
7801,1254,18300,69.64,5,12747,66.58,4,10.26
7803,2071,94413,79.35,31,74942,70.37,17,4.85
7805,4675,39750,73.1,11,29068,68.0,7,10.16
7806,393,29253,76.92,16,22505,58.07,7,1.85
7808,1101,70000,77.96,3,54580,76.94,2,3.1
7810,3169,20250,46.8,6,9480,36.34,3,17.17
7811,1225,33377,73.51,7,24544,65.17,2,5.82
7812,3100,64399,58.28,20,37541,49.95,12,8.61
7813,1805,19404,42.31,8,8212,27.14,3,14.87
7814,1547,45000,77.63,9,34948,71.66,5,5.67
7815,4153,32976,61.69,8,20350,50.32,2,12.29
7816,1121,29278,79.43,6,23261,71.86,2,6.23
7818,3833,164946,89.96,12,148396,88.8,8,3.82
7819,2624,25264,59.16,2,14948,55.4,1,18.01
7820,1893,37768,76.97,12,29079,66.05,6,6.61
7821,9876,122353,78.25,22,95759,71.88,11,7.78
7822,16677,45561,68.18,9,31076,63.73,6,17.25
7823,1002,33491,72.12,15,24159,61.87,10,4.33
7824,381,31337,79.94,18,25057,67.26,12,1.63
7825,4111,25614,40.25,9,10317,24.81,3,26.57
7826,126,12000,84.38,9,10127,60.74,4,1.54
7827,2653,140887,79.47,30,111993,74.08,17,3.41
7828,15384,40532,64.72,18,26240,53.41,10,14.09
7829,1092,99388,82.75,43,82264,70.69,24,2.11
7831,71,13401,74.55,8,9993,56.06,4,0.1
7832,2267,580000,92.77,101,538260,87.62,58,0.98
7833,574,43011,73.56,20,31651,57.16,9,2.26
7834,259,16478,75.03,7,12364,61.04,3,2.94
7835,590,46544,69.32,18,32270,55.33,6,2.41
7836,588,49500,70.88,20,35091,61.33,12,1.4
7837,331,22800,74.88,4,17077,67.76,2,2.43
7839,471,15096,72.5,7,10946,55.95,3,3.83
7840,229,34000,89.5,13,30435,76.24,7,1.06
7841,354,24200,77.75,10,18819,66.61,6,2.23
7842,1576,18250,69.18,3,12629,62.3,1,11.59
7843,1083,33440,67.64,9,22626,61.47,6,5.13
7846,764,34412,82.49,7,28392,75.12,3,3.23
7847,545,29000,62.97,14,18268,43.49,5,3.44
7848,1578,33376,72.44,18,24184,51.35,5,5.26
7849,174,11892,95.78,1,11391,95.78,1,1.23
7850,1689,97659,70.68,40,69046,53.58,17,3.82
7851,556,67691,82.6,20,55925,73.91,9,1.64
7853,14041,48247,28.96,13,13976,21.31,5,31.39
7854,846,40300,89.32,16,36004,79.77,11,3.23
7855,13540,277305,76.23,17,211442,73.53,6,9.12
7856,14899,33000,59.82,14,19747,50.3,9,13.43
7857,634,53488,83.37,13,44602,75.8,7,1.9
7858,4081,22237,48.4,10,10766,30.41,2,15.48
7860,145,32000,94.64,11,30287,89.37,9,0.42
7861,4324,64600,77.21,23,49893,66.89,12,4.82
7862,599,40000,87.8,4,35121,84.22,2,1.37
7863,118,30000,98.42,5,29530,96.02,4,0.33
7865,876,25124,61.85,13,15545,35.32,4,6.76
7866,4801,43171,61.45,17,26535,45.7,7,9.71
7867,717,96000,95.08,25,91296,83.91,8,0.92
7868,1086,22240,57.39,10,12769,40.21,4,8.89
7869,459,27241,88.55,4,24125,86.19,3,1.01
7870,2425,18400,76.07,12,14000,49.17,3,1.44
7871,6809,134278,53.96,33,72479,47.3,17,9.29
7872,1202,30000,64.96,3,19492,61.22,1,6.95
7873,3456,149884,84.68,36,126949,75.23,14,3.16
7875,341,20000,96.46,1,19292,96.46,1,1.58
7876,1977,107998,82.08,28,88669,74.21,15,3.5
7877,386,38857,72.0,12,27985,57.48,2,1.64
7878,3556,56137,47.25,24,26538,27.56,5,8.59
7879,3180,40000,62.01,17,24812,49.57,10,11.44
7880,1425,26500,66.42,16,17604,34.52,5,7.99
7881,424,27000,84.01,6,22687,78.55,4,2.71
7882,2200,205282,83.25,46,170944,78.44,32,2.35
7883,2128,60976,71.25,24,43461,58.49,11,2.47
7885,460,29200,76.53,16,22350,57.39,6,3.05
7886,1579,24978,65.17,14,16282,43.03,5,8.69
7887,13955,81720,42.35,32,34620,28.89,14,19.9
7888,546,75851,80.96,40,61422,61.91,18,1.02
7889,201,20781,83.87,16,17434,45.61,4,0.91
7890,416,20800,86.06,12,17905,65.96,6,2.46
7891,189,19430,56.47,7,10974,53.58,6,1.34
7892,5972,47198,75.01,15,35411,62.98,6,8.17
7893,1352,40799,86.15,5,35154,80.01,1,4.15
7894,963,24000,54.22,8,13017,38.9,1,4.88
7895,13117,38790,73.04,6,28340,65.58,1,2.7
7896,630,27900,86.61,5,24169,80.81,2,1.97
7897,203,133617,98.36,2,131434,98.36,2,0.18
7898,3173,30039,68.99,6,20728,63.78,3,6.56
7899,8593,24292,41.8,13,10161,10.92,2,26.08
7901,2256,60000,84.18,13,50515,75.03,4,3.3
7902,1730,200605,89.31,43,179206,85.65,31,1.93
7904,99,15000,92.51,4,13878,85.92,2,0.98
7907,2200,39393,75.24,17,29647,65.41,11,2.1
7909,4713,70593,83.29,14,58809,77.56,8,4.43
7911,1912,40000,61.69,12,24679,48.27,4,7.2
7912,2203,22205,79.28,10,17610,72.27,7,5.17
7913,1219,45139,89.36,6,40342,86.34,4,2.29
7914,94,52848,94.66,4,50031,93.58,3,0.23
7915,1875,40100,85.86,19,34437,70.58,10,2.29
7917,2256,66903,79.99,16,53527,69.97,6,3.44
7918,14900,43100,78.31,5,33758,75.61,3,8.48
7919,607,12700,50.06,4,6358,42.07,2,7.45
7920,3626,593987,88.45,181,525483,79.01,93,1.5
7921,811,40807,84.03,11,34293,75.97,5,2.69
7922,510,66175,95.56,18,63241,94.08,17,0.8
7924,2416,133561,81.04,46,108269,74.04,31,2.54
7925,369,65600,89.57,40,58771,72.22,23,1.2
7926,1561,15002,69.66,3,10452,59.45,1,7.1
7927,610,44700,70.01,29,31300,41.67,7,1.46
7928,2602,41530,71.77,18,29817,55.81,7,4.94
7929,1052,21673,76.16,10,16509,61.79,4,4.26
7930,2135,33754,67.3,12,22721,58.84,6,7.22
7931,157,24641,96.2,5,23705,84.9,1,0.42
7932,3624,50000,57.59,20,28807,40.0,5,6.95
7933,113,23563,86.56,8,20401,72.02,3,0.56
7934,2408,26029,53.91,15,14036,26.81,4,7.67
7935,207,37000,82.86,16,30660,63.62,6,0.65
7936,666,36038,67.65,3,24383,63.93,1,3.99
7939,463,19580,76.72,3,15024,71.08,1,3.28
7942,3467,31768,80.51,5,25585,74.01,2,6.24
7943,565,30651,73.44,18,22519,56.97,10,2.47
7944,246,30763,85.72,13,26374,72.44,7,1.15
7945,335,11543,71.77,5,8285,58.3,2,3.43
7947,1526,60363,81.4,19,49155,74.37,12,1.55
7949,321,60000,97.39,1,58439,97.39,1,0.75
7950,256,12900,81.59,3,10526,73.84,2,2.82
7951,1814,25925,75.82,5,19659,68.84,2,5.87
8002,250,1908,0.0,0,0,0.0,0,28.25
8009,626,4361,0.0,0,0,0.0,0,21.56
8010,385,6666,46.01,4,3068,20.25,1,9.66
8011,60595,165922,31.71,28,52647,24.43,9,29.65
8012,478,3800,93.02,1,3535,93.02,1,4.85
8014,591,8827,37.88,2,3344,37.88,2,10.86
8015,111,3000,29.54,2,886,0.0,0,12.06
8016,35653,120137,44.92,52,53987,29.45,21,20.33
8018,75,3449,21.62,1,746,0.0,0,3.98
8019,98,33891,93.81,3,31801,90.33,1,0.8
8020,108,8263,59.32,4,4902,32.36,1,2.28
8021,79839,147330,50.47,49,74394,38.69,23,29.4
8022,57,3000,70.18,1,2106,70.18,1,3.26
8024,22523,45160,29.88,12,13502,18.86,4,25.47
8026,61,97,0.0,0,0,0.0,0,73.87
8027,65802,113130,27.02,31,30581,15.85,11,39.67
8028,75385,184870,46.8,54,86539,35.92,21,29.88
8029,648,78017,75.2,24,58688,62.69,7,1.44
8031,121,4498,25.57,1,1151,25.57,1,4.73
8032,23330,51810,75.96,9,39360,74.21,7,12.93
8033,78695,164630,26.62,35,43880,17.85,13,40.44
8034,21949,56586,18.53,12,10498,8.72,3,32.33
8035,213,6705,44.2,4,2965,17.91,1,5.78
8036,532,7657,20.62,1,1580,20.62,1,10.9
8038,39966,62278,21.24,10,13242,15.02,4,35.6
8039,91741,263928,57.3,60,151251,49.3,26,23.07
8040,32850,96414,49.0,10,47269,44.68,3,23.17
8042,44967,133916,63.49,40,85053,57.14,26,23.61
8043,37098,79907,40.78,15,32589,37.54,10,45.99
8044,27356,204768,60.73,30,124385,56.09,14,14.09
8045,4221,95042,66.49,36,63219,55.75,19,8.1
8046,85988,646165,85.67,92,553710,81.23,46,5.63
8047,1271,41666,83.25,15,34692,75.43,10,3.67
8048,35191,59437,40.29,19,23954,28.31,7,22.8
8049,39250,118280,33.76,24,39956,27.21,11,29.15
8050,56354,205205,44.03,41,90405,36.19,15,26.0
8053,3691,411818,85.44,75,351942,80.37,41,1.93
8054,52260,108733,34.5,17,37529,28.4,4,34.23
8056,11788,389990,60.66,79,236664,53.99,34,5.94
8057,84,6344,67.07,3,4256,67.07,3,2.43
8058,2596,68800,67.3,27,46310,49.98,10,6.74
8059,7478,116466,71.56,10,83370,67.57,2,10.07
8060,272,6083,49.68,2,3023,34.07,1,11.29
8064,81771,184818,47.1,44,87099,39.86,22,32.48
8065,928,4500,37.58,3,1692,0.0,0,18.18
8066,38036,36642,38.11,13,13974,20.04,3,32.79
8067,6987,20700,81.35,9,16844,56.73,3,6.59
8068,8270,80766,61.97,18,50058,58.58,13,15.73
8069,108351,1155193,73.62,290,850771,65.13,139,10.01
8070,35982,725648,74.03,103,537306,69.83,57,10.53
8071,35025,60084,32.74,13,19687,22.86,3,32.7
8072,12842,80000,60.25,10,48211,57.87,7,20.67
8074,45621,86974,38.42,22,33427,29.56,9,31.55
8076,89210,292214,34.11,63,99708,25.75,24,21.7
8077,1061,21946,82.07,4,18013,76.8,2,2.97
8080,14317,67164,84.75,5,56930,82.53,2,5.77
8081,21481,86172,37.85,24,32635,23.97,4,24.65
8082,4212,106609,71.71,22,76470,62.9,8,4.36
8083,2706,35133,51.85,9,18222,44.13,4,9.35
8084,4874,69514,55.17,18,38358,45.03,5,12.96
8085,35853,139983,41.53,28,58167,30.13,3,17.09
8086,74524,196516,49.79,35,97876,44.69,18,28.62
8087,9833,38646,56.59,21,21878,40.26,10,10.07
8088,53933,60922,16.98,6,10360,14.73,4,52.43
8089,27177,65999,41.0,7,27064,38.0,3,21.82
8091,18960,57606,44.36,22,25567,31.75,10,21.05
8092,20461,57172,60.89,25,34826,41.11,7,11.1
8093,3207,56568,67.55,7,38213,64.0,4,8.21
8094,337,18527,43.02,10,7975,11.96,2,2.77
8095,123,7930,51.29,6,4068,18.1,1,3.77
8096,84914,149343,40.61,28,60673,34.49,14,31.79
8097,13311,60302,72.72,20,43861,60.28,9,7.0
8098,1675,13235,56.33,8,7456,33.03,3,11.96
8099,29181,100073,81.68,18,81764,76.62,9,5.78
8101,18390,52166,81.41,3,42478,80.45,2,7.95
8102,1138,23358,38.9,10,9089,24.43,4,7.08
8103,20871,78437,44.5,28,34926,29.46,8,25.4
8104,44902,104058,34.44,9,35863,30.38,2,31.71
8105,36336,441545,63.23,43,279276,59.64,19,14.68
8106,68,3943,60.82,3,2398,27.88,1,2.19
8107,31762,75000,53.94,20,40469,44.42,10,16.9
8109,6960,82161,53.83,35,44247,34.8,11,12.98
8110,82203,517740,49.01,42,253902,45.58,13,30.05
8111,60338,109102,36.52,27,39856,26.77,9,31.89
8112,118460,565883,34.84,82,197288,30.94,44,30.48
8112A,6947,30000,50.72,13,15223,36.01,7,17.6
8114,11765,107944,62.32,33,67295,51.94,14,13.8
8115,842,70000,86.41,25,60502,78.23,16,2.47
8119,33042,63662,46.68,26,29735,27.54,8,10.35
8121,31232,212994,59.83,35,127491,53.35,13,15.05
8122,1617,402371,93.1,13,374717,92.23,7,0.77
8127,242,5558,7.67,1,427,0.0,0,7.51
8130,297,47620,70.92,21,33778,59.07,11,0.81
8131,31895,442222,71.65,29,316902,69.01,10,13.65
8147,5238,42297,44.02,13,18622,32.52,6,16.04
8150,119495,704523,72.01,153,507438,64.69,75,16.34
8155,17272,63021,43.63,13,27512,35.5,6,29.0
8157,662,13419,78.63,2,10553,73.65,1,6.63
8162,2620,68702,74.56,27,51243,61.79,13,6.95
8163,74599,280000,45.0,46,126087,39.45,18,24.82
8171,44533,112853,61.15,27,69039,52.34,12,12.6
8172,258,1579,0.0,0,0,0.0,0,35.73
8176,34729,71701,33.53,19,24056,22.26,6,23.22
8182,10813,107041,67.06,13,71789,63.78,7,18.02
8197,637,61748,84.91,4,52437,83.38,2,2.19
8201,12134,62366,59.75,17,37280,47.67,5,16.72
8210,52986,125619,60.26,24,75717,54.42,12,24.73
8213,68341,271242,51.17,82,138876,40.92,37,16.81
8215,67663,320675,53.7,31,172252,50.43,12,20.45
8218,105,1593,0.0,0,0,0.0,0,9.2
8222,39515,68574,35.45,12,24320,31.52,7,33.05
8225,380,22380,79.65,4,17828,73.02,2,3.89
8227,28683,39543,37.98,14,15021,21.8,4,29.77
8234,16509,141226,53.98,34,76255,46.67,18,21.11
8240,37971,100004,54.05,21,54066,48.06,11,22.24
8249,35475,137824,57.68,17,79525,53.61,9,23.45
8255,24997,101979,51.12,16,52154,46.82,9,22.49
8261,75504,118878,44.05,19,52391,36.38,4,39.37
8264,496,2577,0.0,0,0,0.0,0,34.39
8271,66763,129615,39.87,23,51696,34.2,11,35.08
8272,1635,18998,38.04,6,7231,25.15,2,11.45
8276,124,2320,21.96,1,510,0.0,0,15.62
8277,12736,39500,16.88,3,6671,16.88,3,39.33
8279,2124,27101,60.23,5,16330,52.51,2,11.13
8281,415,29267,44.49,8,13025,34.88,3,2.37
8284,2291,47303,64.4,19,30474,48.12,8,6.92
8286,157,441,0.0,0,0,0.0,0,76.5
8287,11817,24267,70.24,1,17046,70.24,1,20.81
8289,30653,68334,43.89,17,30010,33.76,5,26.47
8291,1816,17478,71.89,3,12566,71.89,3,12.98
8297,174,15000,92.95,1,13943,92.95,1,1.78
8298,377,25632,81.42,3,20870,81.42,3,2.14
8299,204420,221439,38.5,61,85298,28.17,25,32.2
8325,204,1513,0.0,0,0,0.0,0,33.84
8329,3148,280578,91.02,36,255421,87.41,22,2.79
8341,18631,130000,49.03,16,63753,46.62,11,23.94
8342,1091,33537,72.33,9,24262,66.31,6,4.66
8345,808,60008,83.41,15,50068,73.22,6,2.34
8349,7581,208821,71.13,37,148588,66.89,22,6.49
8349A,1259,10000,10.25,2,1025,0.0,0,19.83
8351,1048,29000,76.32,3,22136,74.92,2,4.7
8354,14682,78532,65.58,32,51520,49.56,11,11.1
8358,163741,252588,37.89,62,95765,29.35,27,41.74
8359,5985,136500,83.36,26,113810,79.51,18,4.62
8367,3478,92172,70.65,33,65148,61.38,18,6.92
8374,13077,112585,71.03,10,79997,68.36,6,17.66
8375,114,7356,77.08,6,5671,40.34,2,1.96
8380,880,7121,19.46,2,1386,0.0,0,31.87
8382,10344,292574,66.04,81,193262,56.95,42,6.4
8383,56295,113760,53.03,30,60360,43.91,14,23.13
8390,31587,96116,43.95,19,42253,38.5,10,17.73
8401,11875,70669,63.21,22,44686,54.54,13,9.45
8403,36544,137640,38.05,21,52407,32.26,9,20.03
8404,15661,419934,78.8,66,330958,73.77,31,4.21
8409,25649,32000,48.88,9,15647,38.8,4,14.31
8410,2071,36589,56.94,11,20841,50.7,7,11.16
8411,10690,221139,81.96,33,181283,79.38,25,5.47
8415,8778,1031500,93.1,138,960454,89.45,78,1.76
8416,2087,28211,77.13,7,21762,77.13,7,9.09
8419,1376,30000,53.22,11,15972,40.55,4,14.2
8421,6680,63817,64.52,19,41187,58.46,13,12.43
8422,148559,1359891,37.98,131,516756,34.41,51,26.04
8423,6256,41714,62.67,13,26148,54.59,8,13.06
8424,3001,36054,60.6,7,21858,50.7,2,15.36
8426,2639,50242,75.82,7,38106,70.26,3,8.78
8429,45030,185747,42.24,27,78517,38.12,13,17.62
8431,44307,48778,32.02,16,15633,18.68,5,27.64
8432,3182,38398,61.54,4,23639,56.47,1,12.63
8433,3127,54506,66.8,16,36423,60.43,10,9.74
8435,22338,35200,41.03,13,14450,20.64,2,29.39
8436,46057,117729,34.87,30,41069,27.08,14,30.13
8437,32536,47014,41.85,19,19683,28.08,7,15.87
8438,3108,69943,77.92,21,54518,66.69,10,6.7
8440,55753,50255,31.76,6,15967,29.05,4,36.07
8442,1987,70177,71.68,24,50317,61.45,13,5.18
8443,46504,66800,69.7,23,46574,60.37,14,15.79
8444,1678,125105,85.89,33,107478,77.61,15,2.11
8446,7676,52914,51.42,15,27220,43.01,7,24.07
8450,10184,51310,58.33,14,29933,56.66,13,22.91
8454,37733,264975,81.78,21,216731,79.33,10,10.46
8455,705,25219,89.9,3,22675,87.77,2,4.38
8458,548,35850,73.63,24,26403,51.58,11,2.35
8462,6241,80387,65.03,19,52292,59.04,11,10.57
8463,3540,150000,82.36,29,123575,76.84,15,4.58
8464,3886,293020,87.05,91,255126,77.81,48,1.04
8465,232,8100,58.22,4,4717,41.56,2,3.39
8466,2124,79446,77.12,27,61275,67.53,13,4.87
8467,1662,48374,81.99,21,39670,73.86,14,4.45
8472,1034,17736,63.04,3,11182,55.75,1,5.47
8473,14962,208354,69.44,21,144718,66.72,12,11.11
8476,6229,167544,72.64,55,121732,62.35,26,6.8
8477,10861,84171,83.52,5,70312,81.6,3,5.07
8478,10820,93972,75.66,12,71103,75.66,12,12.93
8479,375,20055,62.09,7,12455,41.51,1,2.41
8481,2497,66602,66.52,24,44317,53.64,10,6.97
8482,1034,107444,95.14,18,102247,90.26,11,1.15
8485,61,1568,96.18,2,1508,0.0,0,2.98
8487,19464,26535,55.94,9,14847,46.05,5,11.85
8488,905,73500,86.8,18,63809,80.22,10,2.1
8489,29859,59949,56.84,14,34087,46.07,5,14.86
8490,1099,23760,45.75,12,10876,29.07,4,8.22
8491,1286,2900,0.0,0,0,0.0,0,35.33
8492,250,33300,92.97,12,30963,88.34,10,1.47
8495,855,127275,92.59,6,117860,91.06,3,1.6
8496,292,35675,87.43,12,31195,84.71,10,1.5
8499,2138,41166,79.86,12,32881,72.65,7,6.31
8707,6304,2565,0.0,0,0,0.0,0,43.83
8708,20434,194211,43.78,31,85066,36.72,11,17.06
8710,6836,115478,29.02,29,33534,18.25,11,13.04
8712,6932,807919,76.16,266,615487,63.8,113,1.25
8718,18041,96990,35.44,20,34391,28.36,10,24.01
8719,6758,656397,86.8,136,569886,79.48,63,1.98
8720,8584,89511,56.97,19,51009,47.39,5,13.29
8721,2239,3966,0.0,0,0,0.0,0,38.39
8722,5790,52605,62.76,15,33025,56.92,10,12.32
8723,23374,104515,50.84,31,53157,42.32,16,19.3
8724,8384,20228,40.7,6,8236,33.65,4,33.18
8725,12486,112120,32.37,23,36314,25.29,10,22.07
8905,21563,119440,92.62,26,110649,89.62,20,2.4
8906,2895,44037,56.54,16,24908,49.92,11,9.44
8908,15584,315333,89.05,46,280870,85.98,30,2.94
8916,41360,148613,66.06,46,98213,60.0,31,10.03
8916A,272,236,0.0,0,0,0.0,0,93.21
8917,1711,162652,82.64,69,134442,66.25,25,0.91
8921,1149,46592,85.56,24,39873,63.01,8,1.4
8923,5117,30376,82.32,10,25009,74.55,6,3.83
8924,16931,83800,38.86,22,32587,29.73,9,28.91
8925,19583,365243,41.33,123,151002,27.55,42,8.78
8926,61720,830282,57.21,129,475146,51.81,55,13.94
8927,25573,419068,83.74,112,351034,74.91,51,3.24
8928,4312,50854,49.08,13,24972,35.67,2,16.01
8929,11626,50581,45.67,10,23110,39.18,5,26.13
8930,5284,81809,68.33,34,55922,57.81,19,11.36
8931,18878,122255,82.02,16,100295,78.92,9,4.37
8932,9949,357963,79.28,78,283862,74.37,52,4.52
8933,42630,326724,52.83,43,172697,47.69,14,14.48
8934,504,7973,94.77,1,7556,94.77,1,1.41
8935,38034,113495,51.03,26,57939,41.44,10,12.11
8936,74889,248078,31.74,55,78813,23.58,22,29.93
8937,3336,441680,91.01,53,402099,88.46,35,1.45
8938,12230,156986,57.75,60,90686,45.63,31,12.76
8940,9266,67491,70.74,24,47750,62.43,16,13.7
8941,2192,34972,66.78,20,23361,44.39,8,6.06
8942,13127,198842,50.9,59,101265,42.29,31,13.33
8996,36845,93627,50.79,50,47570,29.41,18,11.99
8999,392,36000,63.91,29,23013,18.91,3,1.35
9103,21349,205532,11.36,32,23393,3.75,6,27.65
910322,7305,20765,28.54,5,5930,21.62,3,39.82
9105,110308,1563812,28.04,372,438675,17.54,102,17.46
910861,2694,33329,37.38,13,12468,20.29,4,16.41
9110,1744,54498,43.71,25,23832,21.55,6,7.65
911608,2145,34222,31.56,13,10807,13.44,3,15.01
911611,3110,88290,41.32,27,36505,28.83,11,9.24
911613,1401,11111,5.99,1,666,0.0,0,28.4
911622,1489,30000,52.91,9,15873,42.56,4,12.63
911868,6124,140000,36.97,38,51782,25.81,12,12.11
912000,6770,159294,35.08,50,55915,23.3,17,10.43
9136,4473,131645,67.75,33,89209,61.39,19,8.52
916665,366,816,0.0,0,0,0.0,0,57.85
9801,83315,395846,69.35,40,274607,66.08,20,17.07
9802,12185,200992,62.96,56,126566,54.13,28,10.85
9902,45091,98050,57.59,23,56486,51.35,12,17.36
9904,105874,2946787,67.98,468,2003662,62.81,216,7.85
9905,17057,305000,74.01,43,225786,71.92,31,8.15
9906,8171,90376,78.75,24,71184,74.98,18,9.11
9907,55291,1579145,74.53,186,1177357,70.29,77,6.61
9908,16330,516358,80.43,109,415431,74.75,64,5.47
9910,24271,987483,88.59,87,875002,86.85,58,4.18
9911,31240,222332,66.86,55,148683,60.96,34,15.65
9912,61696,53793,62.94,18,33862,56.81,13,15.18
9914,67103,298984,65.06,87,194604,54.68,41,13.33
9917,56508,451197,76.93,98,347225,70.35,52,8.73
9918,25051,180537,85.09,50,153645,77.24,25,2.34
9919,63438,195363,45.68,28,89285,42.39,18,27.72
9921,28473,392065,69.4,125,272187,59.59,66,11.06
9922,10414,215980,69.34,59,149806,59.04,25,7.15
9924,12987,150762,61.18,45,92259,52.66,25,16.3
9925,19388,387490,67.7,91,262389,60.81,47,9.63
9926,4216,179504,83.81,52,150468,73.65,23,2.42
9927,14317,120000,58.7,18,70467,52.67,7,18.7
9928,7102,70725,75.21,15,53204,67.19,6,7.48
9929,3777,101280,88.12,20,89273,83.94,12,2.59
9930,12290,248540,77.64,17,193006,76.45,11,8.2
9931,7787,120369,78.0,26,93919,73.37,17,3.54
9933,54660,962445,63.37,166,610029,57.6,75,8.86
9934,13512,411017,66.51,83,273418,59.15,33,6.93
9935,57669,177839,61.4,64,109222,50.03,33,6.97
9936,11622,104505,29.12,22,30454,20.12,7,20.07
9937,15706,309043,89.21,69,275757,82.18,33,1.93
9938,50047,297964,52.86,81,157550,44.42,40,15.59
9939,27727,295786,62.56,93,185099,52.19,48,14.1
9940,17043,736846,81.46,71,600325,77.89,23,4.48
9941,44467,587149,69.74,64,409541,65.95,28,12.48
9941A,3648,100000,82.12,23,82138,75.69,12,5.76
9942,9611,83161,51.17,23,42569,39.07,8,18.76
9943,15906,125172,71.04,13,88941,69.48,10,16.05
9944,10365,105908,79.2,44,83911,66.16,20,8.32
9945,100841,2844225,66.45,356,1890282,62.07,149,8.04
9946,13931,326554,81.74,39,266985,78.31,20,4.73
9948,73,203,0.0,0,0,0.0,0,70.38
9949,10979,44861,73.41,16,32940,58.15,5,11.34
9950,3585,167716,83.86,25,140686,80.98,16,4.5
9951,24379,73300,46.8,17,34315,41.17,9,22.28
9953,518,4382,0.0,0,0,0.0,0,18.02
9955,15159,104425,61.45,21,64188,55.34,10,19.84
9957,12735,3220414,96.03,71,3092969,95.5,42,0.96
9958,59669,266897,48.82,56,130375,42.11,25,24.26
9960,9416,33592,78.14,18,26259,54.23,6,5.08
9961,321,69099,93.39,16,64543,89.73,13,0.78
9962,28858,90220,46.74,26,42187,40.1,16,17.57
9965,68,776,0.0,0,0,0.0,0,21.58
YFU6,53,23060,88.01,10,20299,79.08,6,0.13
YHP6,82,44587,98.74,1,44027,98.74,1,0.21
YHU4,549,232690,95.39,6,221996,94.83,3,0.54
YJS2,8993,115112,78.86,19,90793,74.07,11,3.4
YMB6,3468,49794,81.48,5,40577,78.63,3,7.56
YY0005,98,445,0.0,0,0,0.0,0,50.55
YY0008,55,203,0.0,0,0,0.0,0,79.3
YY0024,71,259,0.0,0,0,0.0,0,71.03
YY0027,62337,69437,12.41,9,8630,8.31,4,66.93
YY0028,33843,247216,39.85,58,98574,30.74,24,18.21
YY0029,8295,39013,30.71,8,11986,27.59,6,23.16
YY0030,3000,62718,52.22,25,32769,38.56,10,10.35
YY0031,430,4703,0.0,0,0,0.0,0,34.82
YY0032,358,3886,0.0,0,0,0.0,0,29.75
YY0033,2493,20290,18.11,4,3677,9.85,1,25.61
YY0034,266,1732,0.0,0,0,0.0,0,44.73
YY0035,15272,236890,36.51,50,86522,28.88,21,14.63
YY0036,135,347,0.0,0,0,0.0,0,75.78
YY0037,3440,80462,85.4,21,68725,79.58,14,5.56
YY0038,268,2681,26.72,1,716,0.0,0,23.4
YY0039,12836,250819,81.42,56,204251,76.5,36,5.35
YY0040,9006,73015,44.31,13,32376,37.84,6,16.03
YY0041,13671,279716,80.0,55,223817,74.55,33,7.75
YY0042,19991,70744,14.34,10,10160,10.24,5,36.43
YY0043,9567,40110,6.35,4,2555,0.0,0,52.48
YY0044,52917,444749,19.15,48,85252,15.47,21,29.33
YY0046,37323,547178,31.81,150,174163,20.47,44,13.53
YY0047,77937,1068521,31.58,283,337581,20.67,96,13.53
YY0048,7698,98781,49.38,27,48805,40.66,14,12.0
YY0049,33683,38915,26.39,7,10282,20.73,4,43.57
YY0050,55691,236285,21.63,50,51157,10.65,10,31.15
YY0051,7657,77631,33.8,17,26253,25.51,6,14.37
YY0052,4524,202293,69.17,68,139970,57.97,32,3.0
YY0053,24668,241570,46.84,45,113230,40.99,23,22.54
YY0054,5664,106913,46.93,29,50194,38.22,14,7.85
YY0055,5300,122831,46.13,54,56675,26.09,18,7.89
YY0056,2183,19785,51.38,8,10169,35.64,3,5.11
YY0057,4849,148068,56.96,40,84371,47.76,19,6.45
YY0058,3334,57674,36.12,18,20840,23.58,7,10.94
YY0059,1059,22565,21.48,6,4849,0.0,0,8.29
YY0060,683,9827,13.47,2,1325,0.0,0,14.8
YY0061,6524,53277,22.69,16,12096,8.5,4,19.24
YY0062,18023,320733,23.67,71,75979,13.37,19,16.34
YY0063,8933,20251,2.86,1,580,0.0,0,54.43
YY0064,5241,97671,63.78,30,62311,52.94,12,6.32
YY0065,17148,219899,28.37,56,62436,17.06,13,15.19
YY0066,19873,331754,30.14,79,100064,19.43,21,13.54
YY0067,6879,153001,29.73,49,45509,18.0,18,11.84
YY0068,28652,405639,23.47,66,95290,15.62,14,17.77
YY0070,22507,322640,34.01,85,109797,20.61,18,16.01
YY0071,14695,80697,18.89,11,15257,15.25,6,30.02
YY0072,2508,27455,18.36,8,5044,0.0,0,17.3
YY0073,2179,36625,35.94,16,13168,18.68,5,8.92
YY0074,10665,104211,17.75,22,18512,7.61,5,24.65
YY0075,3102,16416,10.31,3,1695,0.0,0,28.93
YY0076,450,450,0.0,0,0,0.0,0,100.0
YY0077,297,750,0.0,0,0,0.0,0,78.52
YY0078,329,2407,0.0,0,0,0.0,0,27.4
YY0079,79,330,0.0,0,0,0.0,0,63.93
YY0080,307,894,0.0,0,0,0.0,0,62.35
