stock_no,people,lots,b4_pct,b4_people,b4_lots,b1_pct,b1_people,s10_pct
00400A,135729,1773140,13.16,188,233845,8.36,45,20.88
00401A,17685,240895,26.06,25,62793,23.34,14,21.47
00402A,53436,777127,17.51,115,136250,10.19,20,21.39
00403A,994018,15500019,15.89,1742,2466141,10.38,343,18.37
00404A,23866,335795,20.81,31,69941,17.32,11,22.65
00405A,150815,2821745,13.78,402,389261,6.95,89,15.34
00406A,40799,745062,13.43,107,100152,6.51,20,16.98
00407A,157843,2553239,15.86,366,405544,8.72,72,18.1
0050,3311850,20870000,27.79,870,5802876,26.08,246,26.15
0051,13725,24500,14.06,5,3447,0,0,55.8
0052,468426,2572000,19.17,155,493708,17.05,66,36.57
0053,6038,5488,18.93,1,1039,18.93,1,46.61
0055,12216,90154,46.2,18,41665,38.5,5,25.6
0056,1603515,13770534,11.99,691,1654611,9.72,148,25.8
0057,2870,1527,0,0,0,0,0,27.76
0061,6189,97616,32.6,22,31841,21.99,5,15.66
006201,3358,20446,49.21,7,10064,35.57,2,29.62
006203,1180,10218,77.01,5,7871,48.19,1,9.05
006204,1133,1500,0,0,0,0,0,45.09
006205,9033,95939,45.7,28,43861,33.49,8,17.71
006206,3253,27778,19.65,4,5463,10.84,1,25.22
006207,1590,20892,17.63,7,3685,0,0,17.25
006208,703621,1829540,10.49,59,192185,9.75,37,52.1
00631L,317522,6541848,28.28,1357,1850909,18.81,304,10.87
00632R,61592,2419208,45.06,778,1090381,30.39,208,4.97
00633L,3670,118958,33.94,40,40399,20.34,13,6.97
00634R,787,47256,54.98,13,25997,44.26,6,3.59
00635U,58332,303514,18.6,28,56513,15.53,14,34.05
00636,8375,98825,22.55,20,22300,15.29,7,19.53
00637L,11785,765106,57.58,280,440730,42.38,93,3.47
00638R,534,24448,52.14,10,12753,33.36,2,5.15
00639,5785,98403,27.1,27,26690,15.64,9,13.36
00640L,1324,7419,29.2,3,2168,16.31,1,25.41
00641R,1334,76758,49.87,31,38301,36.72,14,3.59
00642U,11315,105321,36.63,16,38590,31.42,7,22.49
00643,3240,72503,37.77,19,27395,24.74,5,11.67
00645,10038,43997,24.57,10,10817,14.88,3,36.78
00646,107612,562485,39.83,62,224222,35.67,25,26.04
00647L,1587,6416,26.7,1,1713,26.7,1,28.66
00648R,2409,140688,45.14,39,63543,32.99,12,3.58
00650L,2716,137838,50.17,57,69170,34.89,22,4.25
00651R,399,32192,70.63,16,22742,49.83,6,2.77
00652,9793,66035,32.23,15,21292,27.04,8,27.76
00653L,1334,15403,17.65,3,2720,10.25,1,18.42
00654R,383,19466,51.14,8,9957,33.85,2,4.4
00655L,2228,58458,29.48,21,17235,12.95,4,8.51
00656R,329,20357,72.66,12,14796,47.65,4,3.3
00657,1671,6584,19.06,1,1255,19.06,1,37.64
00660,1062,7531,32.21,4,2426,0,0,17.67
00661,7303,23425,18.0,5,4221,5.48,1,42.17
00662,105752,863529,37.76,85,326188,34.08,28,15.54
00663L,16552,145663,22.92,21,33419,18.09,10,22.44
00664R,6818,785575,59.75,369,469545,40.83,130,1.56
00665L,5958,564465,61.78,201,348911,48.0,77,2.03
00666R,116,14624,83.59,5,12225,83.59,5,1.37
00668,2008,7483,25.29,2,1893,15.79,1,32.72
00669R,3221,205117,45.73,63,93850,34.49,25,3.37
00670L,12365,74145,11.92,9,8852,4.71,1,28.03
00671R,3684,540384,69.05,215,373216,52.01,70,1.22
00673R,8930,476551,46.09,162,219746,31.07,48,3.79
00674R,1462,15421,39.29,4,6060,39.29,4,18.84
00675L,19920,107286,18.72,12,20103,13.83,4,31.69
00676R,4216,172834,41.34,59,71493,25.59,19,4.67
00678,1861,8448,22.06,4,1864,0,0,29.62
00679B,240337,6602692,44.31,690,2927197,39.48,153,8.71
00680L,19945,1505076,53.34,534,802939,38.03,158,2.74
00681R,103,7594,91.31,5,6936,75.76,3,1.83
00682U,272,7644,76.98,4,5885,51.67,2,4.08
00683L,343,11434,65.07,6,7441,52.59,3,5.23
00684R,184,9688,80.21,6,7773,63.17,4,3.57
00685L,164360,3972836,29.46,1129,1171171,16.09,248,10.47
00686R,1818,191776,60.5,84,116063,41.21,27,1.94
00687B,159961,4860635,46.78,578,2274710,41.43,140,7.95
00688L,9636,639615,47.61,221,304700,32.64,69,3.12
00689R,57,6889,87.66,5,6040,62.49,2,0.54
00690,14056,80830,12.08,12,9781,4.98,3,36.25
00692,90954,614280,17.52,33,107647,15.61,16,33.35
00693U,3657,86166,39.26,26,33852,29.7,12,9.79
00694B,1997,39576,75.39,9,29841,70.77,6,8.84
00695B,2281,39686,74.7,9,29650,69.6,6,10.52
00696B,11169,659181,84.1,29,554459,82.92,17,3.88
00697B,6615,64712,23.74,13,15373,18.03,7,22.04
00700,2748,34983,11.32,5,3964,4.31,1,17.54
00701,38423,173891,8.9,13,15510,6.59,6,49.96
00702,1174,6688,49.51,5,3312,15.25,1,26.11
00703,1071,9550,21.35,3,2039,0,0,24.37
00706L,7003,157771,30.27,40,47789,19.38,12,9.39
00708L,16289,124073,21.01,24,26088,12.53,7,25.79
00709,2435,15460,36.85,9,5700,7.45,1,24.12
00710B,3718,180761,82.21,10,148615,80.78,5,4.83
00711B,799,872261,99.35,5,866677,99.29,4,0.16
00712,138281,5259511,32.49,1196,1710306,21.35,207,5.9
00713,274178,1742012,23.41,79,408212,22.29,49,31.85
00714,2530,21067,44.08,11,9290,18.15,3,23.84
00715L,8372,127192,36.13,22,45974,32.0,14,14.02
00717,7780,126605,29.83,32,37803,19.87,10,15.46
00719B,14291,551014,61.02,56,336353,56.53,16,6.05
00720B,80087,4033109,65.0,313,2622558,61.56,76,4.65
00722B,13804,1457739,89.82,42,1309408,89.21,27,2.5
00723B,457,1520583,99.77,15,1517384,99.68,12,0.05
00724B,6352,3026775,97.61,34,2954949,97.41,23,0.52
00725B,42240,3749206,82.14,164,3080172,80.46,60,2.75
00726B,1780,1193989,97.96,21,1169886,97.64,14,0.33
00727B,711,56689,89.83,5,50925,88.95,4,2.77
00728,9577,38923,3.22,2,1255,0,0,50.21
00730,13422,71044,17.86,10,12699,13.86,5,40.84
00731,8542,22100,19.9,5,4405,11.08,2,55.58
00733,21359,66466,17.59,9,11698,14.42,5,51.72
00734B,534,25979,85.03,3,22092,82.63,2,4.64
00735,32215,107789,16.22,15,17496,11.67,6,41.48
00736,516,6227,69.16,5,4307,46.04,2,9.81
00737,5559,22538,12.46,4,2812,4.88,1,45.45
00738U,34664,246799,18.06,37,44641,12.41,14,27.61
00739,1996,25988,39.17,10,10181,18.71,2,17.26
00740B,6052,2163971,96.81,46,2095262,96.27,28,0.6
00741B,1193,13628,46.35,2,6317,46.35,2,18.15
00746B,1344,2538464,99.57,27,2527990,99.45,21,0.09
00749B,199,1104500,99.78,7,1102241,99.75,6,0.03
00750B,75,148000,99.59,4,147410,99.32,3,0.04
00751B,68438,5120603,74.89,321,3835682,72.26,92,3.08
00752,17831,290216,35.48,38,103035,30.94,15,14.98
00753L,11317,771157,52.1,265,401909,37.26,80,3.08
00754B,452,1247900,99.7,14,1244170,99.7,14,0.06
00755B,1045,280230,97.88,9,274329,97.59,7,0.83
00756B,2331,1406800,97.8,19,1376068,97.43,11,0.35
00757,72190,279994,30.85,30,86417,28.25,17,33.79
00758B,121,5525,90.49,1,5000,90.49,1,2.14
00759B,116,47525,98.89,1,47000,98.89,1,0.15
00760B,647,435020,99.15,6,431350,99.15,6,0.29
00761B,3509,2734089,98.55,31,2694985,98.45,26,0.28
00762,23137,48248,20.0,7,9661,14.97,3,51.51
00763U,5312,49565,46.6,15,23111,40.08,10,22.53
00764B,8732,1559000,93.79,33,1462676,93.3,19,1.4
00768B,1674,764600,98.37,30,752265,97.73,23,0.38
00770,18504,79458,11.92,10,9494,7.01,4,41.96
00771,2098,14225,15.71,2,2236,11.94,1,30.64
00772B,41610,3372290,80.33,142,2709411,78.56,42,2.9
00773B,9161,2549790,95.5,42,2435648,95.13,26,0.84
00775B,180,232100,99.85,8,231790,99.23,6,0.06
00777B,212,2024150,99.92,14,2022860,99.88,13,0
00778B,184,1505650,99.94,12,1504941,99.89,10,0.01
00779B,667,1297150,99.59,9,1291924,99.52,8,0.1
00780B,1318,268102,97.58,10,261656,96.99,8,1.18
00781B,676,8336,37.49,4,3126,17.99,1,18.04
00782B,1245,19467,19.94,4,3885,7.17,1,16.31
00783,820,7031,7.29,1,513,0,0,25.43
00785B,240,1082966,99.87,12,1081632,99.75,9,0.02
00786B,1346,21566,32.39,6,6988,20.45,2,16.09
00787B,1045,12306,39.08,6,4811,16.25,1,17.73
00788B,1533,25206,25.12,8,6336,7.93,1,15.17
00789B,364,455600,99.38,11,452790,99.07,9,0.18
00791B,95,279600,99.72,7,278847,99.5,6,0.02
00792B,449,2277115,99.85,15,2274066,99.78,13,0.02
00793B,422,3026,0,0,0,0,0,27.36
00795B,38801,1598598,56.44,151,902645,52.51,45,5.86
00799B,1680,25536,20.22,4,5166,16.31,3,16.65
00830,173571,756465,22.51,59,170392,19.65,24,36.42
00834B,139,23198,96.09,5,22293,94.36,4,1.01
00836B,433,611541,99.58,13,609098,99.14,9,0.11
00840B,90,59431,99.27,3,59000,99.27,3,0.15
00841B,117,70440,98.66,4,69500,98.66,4,0.22
00842B,809,15767,52.24,5,8237,45.88,3,11.43
00844B,311,222175,98.95,4,219860,98.95,4,0.31
00845B,222,237551,99.54,4,236486,99.13,3,0.12
00846B,267,74350,98.18,2,73000,98.18,2,0.52
00847B,412,8305,58.77,3,4882,42.14,1,10.49
00848B,158,136066,99.21,2,135000,99.21,2,0.13
00849B,108,486106,99.7,5,484705,99.6,4,0.01
00850,80812,415444,17.63,31,73309,15.45,18,39.48
00851,2205,5525,27.87,1,1540,27.87,1,43.34
00852L,485,8365,64.67,3,5411,46.41,1,8.85
00853B,2373,182634,91.45,11,167033,90.37,7,3.25
00856B,423,6792,64.15,3,4358,44.16,1,8.98
00857B,16579,544268,52.27,69,284631,47.56,25,7.61
00858,19734,117374,16.44,15,19319,12.21,6,30.72
00859B,1480,31511,31.01,5,9775,29.13,4,10.66
00860B,356,3171,20.0,1,634,0,0,20.8
00861,19615,68412,4.42,4,3038,1.83,1,53.65
00862B,1561,886381,98.34,12,871747,98.24,10,0.41
00863B,343,576964,99.63,8,574848,99.63,8,0.11
00864B,3512,105722,35.36,21,37401,27.45,8,6.96
00865B,8701,279244,30.05,46,83984,22.73,12,6.06
00867B,206,504650,99.82,10,503751,99.82,10,0.06
00870B,317,564151,99.6,8,561969,99.4,6,0.08
00875,3568,13488,16.19,3,2187,0,0,49.41
00876,22056,75024,12.55,9,9433,9.01,4,46.88
00877,12327,152788,20.0,29,30576,11.87,10,20.33
00878,1607966,18343790,11.56,858,2125295,9.41,147,20.19
00881,317952,2373403,13.97,104,332095,12.52,43,31.76
00882,85995,2044849,26.4,408,540405,16.9,86,10.23
00884B,213,75440,98.74,4,74498,97.42,3,0.41
00885,50308,618238,17.61,89,109040,11.78,31,18.98
00886,1217,4451,11.03,1,491,0,0,46.0
00887,19324,403851,30.77,102,124362,19.66,29,11.76
00888,69299,452478,10.57,22,47939,9.3,12,37.04
00890B,718,18764,73.19,3,13737,63.95,1,8.19
00891,173664,1653090,12.42,97,205738,10.14,32,26.44
00892,42328,293292,15.91,24,46719,13.55,14,33.88
00893,58834,364884,8.77,22,32075,6.39,8,38.71
00894,25723,148509,14.7,12,21845,11.54,6,38.32
00895,30123,149416,10.35,8,15484,8.55,4,43.8
00896,49456,392880,9.84,28,38723,7.05,10,32.78
00897,10418,144012,19.01,27,27400,10.59,7,20.63
00898,10444,145476,17.97,27,26162,9.88,9,21.89
00899,4087,16135,5.03,1,812,0,0,46.01
00900,136017,1652025,15.57,95,257525,13.08,25,22.37
00901,12302,63349,12.87,11,8160,4.87,3,41.16
00902,18493,226497,17.85,29,40482,13.23,12,21.95
00903,7372,50221,11.19,3,5625,9.6,2,36.65
00904,25312,167112,13.44,20,22483,6.83,5,35.82
00905,43655,345827,7.99,18,27680,6.49,8,31.93
00907,20650,162133,13.17,13,21390,11.23,8,31.91
00908,2820,35416,35.86,8,12707,23.83,3,19.26
00909,28033,108204,12.41,9,13442,9.24,4,45.81
00910,43557,130439,14.23,11,18587,11.81,5,47.83
00911,12226,22403,10.91,4,2448,0,0,57.54
00912,8411,59253,19.74,7,11701,17.21,4,33.26
00913,10206,40766,7.26,3,2962,3.82,1,46.37
00915,74742,528483,16.7,35,88400,14.79,18,35.62
00916,23064,133419,14.68,17,19612,9.71,7,39.07
00917,12093,62478,14.74,11,9218,5.91,2,40.2
00918,274598,3529264,13.35,193,471630,11.15,56,20.38
00919,1357662,18075635,11.38,1015,2059338,8.63,146,17.82
00920,7527,20280,19.3,4,3916,12.69,2,49.07
00921,9103,55270,11.46,6,6342,7.4,3,40.62
00922,189128,2091186,30.77,102,643959,28.77,32,21.67
00923,106326,850923,16.43,40,140043,15.18,22,31.89
00924,56433,443103,23.7,29,105126,21.27,13,27.41
00926,9595,89482,47.63,12,42639,43.32,6,23.61
00927,122864,1083897,9.85,77,107083,6.63,21,28.95
00928,6310,36356,23.77,6,8644,22.59,5,35.98
00929,412428,4549139,9.84,185,448304,8.06,44,22.91
00930,19610,134279,9.24,7,12428,7.36,4,37.65
00931B,35128,2115898,74.22,104,1570835,72.36,40,4.47
00932,14072,123283,13.62,9,16815,11.76,6,31.91
00933B,79720,6468958,76.08,403,4923520,73.16,94,3.02
00934,48263,410026,8.96,25,36825,6.8,10,31.89
00935,117402,764004,19.29,54,147539,17.13,25,30.76
00936,23453,207297,9.32,9,19355,8.3,6,30.88
00937B,214783,17183305,61.28,3016,10534678,52.74,570,2.7
00938,6415,93516,39.83,9,37257,39.83,9,20.39
00939,104910,1201976,7.4,51,89257,5.51,16,26.78
00940,330920,5531365,12.5,438,692153,8.69,84,17.93
00941,49235,445291,9.9,37,44116,6.07,9,29.55
00942B,10172,2012959,89.51,66,1802347,88.46,29,1.37
00943,4117,41889,35.3,5,14796,32.26,3,26.23
00944,8031,55581,12.17,8,6776,7.42,3,36.83
00945B,19155,818818,39.76,132,325798,31.94,32,5.45
00946,37576,470246,19.03,34,89614,16.7,14,22.51
00947,38802,274364,22.07,31,60611,17.48,13,32.24
00948B,27286,4012927,80.7,310,3239371,77.31,89,1.62
00949,18210,177928,20.78,25,37016,16.34,12,27.79
00950B,12649,4015309,90.54,144,3636326,89.16,52,0.72
00951,15819,207042,23.63,36,48977,16.56,12,19.87
00952,22881,243775,11.96,26,29203,6.8,8,25.3
00953B,49112,4290675,52.47,1269,2252611,38.71,296,2.27
00954,10915,112747,21.68,19,24469,14.98,7,24.28
00955,43764,593431,23.84,74,141653,18.95,27,18.63
00956,3357,34130,19.2,6,6560,12.84,3,24.41
00957B,4098,197263,51.8,31,102236,45.23,12,5.93
00958B,4498,127771,24.38,24,31169,17.12,8,10.05
00959B,9558,516836,48.75,76,252058,42.1,22,4.56
00960,10048,64995,12.54,5,8155,12.54,5,39.24
00961,24088,303511,7.49,26,22792,3.41,5,21.61
00962,5716,54420,24.06,9,13103,19.48,6,27.22
00963,4414,97933,32.6,22,31948,26.65,12,10.75
00964,4131,68124,22.89,15,15606,14.35,6,14.37
00965,36646,444992,41.38,46,184236,38.68,26,19.41
00966B,4004,120232,37.89,20,45590,31.66,9,10.54
00967B,2657,182407,70.46,33,128546,62.73,12,4.08
00968B,8417,729011,65.49,90,477608,61.11,39,2.91
00969B,2146,162133,71.71,46,116308,61.53,20,3.61
00970B,5986,380229,59.63,56,226797,53.54,22,4.46
00971,7252,60177,18.46,10,11121,12.1,4,29.09
00972,1755,19172,35.78,3,6863,33.67,2,21.03
009800,20518,289891,23.52,46,68227,18.57,21,18.07
009801,8485,97619,23.92,18,23373,17.22,8,22.56
009802,40661,533995,13.39,54,71579,8.57,15,21.59
009803,18000,166328,13.97,18,23260,10.73,10,26.5
009804,16700,129392,6.05,11,7842,1.09,1,31.48
009805,55547,643816,22.91,74,147577,17.93,21,22.33
009806,1133,14661,59.32,6,8699,52.04,4,16.7
009807,1244,14760,56.47,8,8337,37.08,3,19.73
009808,4405,40511,9.87,4,4004,7.06,2,31.44
009809,2603,30363,27.46,9,8342,13.66,2,23.65
00980A,70874,703730,16.31,49,114936,14.25,23,26.13
00980B,1551,53569,46.12,15,24711,36.78,6,7.65
00980D,3300,98457,40.23,23,39625,31.89,10,7.67
00980T,3465,71918,45.57,10,32779,39.5,3,13.87
009810,1953,19154,26.84,4,5143,19.84,2,23.63
009811,24372,255950,19.68,37,50412,13.75,13,24.66
009812,6249,100382,37.28,23,37438,29.62,10,16.33
009813,25977,366824,22.43,53,82362,16.72,18,19.92
009814,12929,149576,17.81,20,26676,13.89,10,22.86
009815,33088,493670,22.09,70,109105,15.75,19,18.63
009816,894799,10496844,15.99,1146,1680290,10.81,237,21.8
009817,10943,248436,27.38,60,68078,17.15,15,12.63
009818,5714,55152,5.66,2,3127,4.2,1,33.03
009819,59918,688745,12.87,60,88825,9.25,21,26.09
00981A,980043,9153709,19.22,928,1761070,14.64,233,23.54
00981B,15333,1417613,53.19,504,754325,36.84,121,2.02
00981D,8859,549800,47.41,164,260757,33.14,36,3.27
00981T,7315,195261,33.96,54,66346,19.62,11,9.77
009820,43271,1357702,40.02,267,543598,30.22,60,9.29
009821,74781,743840,12.43,65,92717,8.88,22,29.59
009822,7260,112056,12.48,13,14002,7.54,4,23.34
009823,35104,359317,13.71,35,49307,8.87,8,29.5
009824,56288,721347,17.45,89,126010,11.47,19,24.05
00982A,178803,2147936,15.0,162,322415,11.52,34,21.84
00982B,775,28400,65.11,6,18493,63.35,5,6.35
00982D,2787,73729,37.5,22,27659,26.69,9,9.97
00982T,1828,18597,34.3,6,6382,21.88,3,28.1
00983A,10489,106686,22.65,17,24188,17.64,8,24.24
00983B,853,30153,62.15,9,18744,53.12,4,6.88
00983D,4039,102197,31.66,32,32387,16.33,7,7.68
00984A,60826,538958,12.7,40,68529,9.39,13,29.86
00984B,3801,133933,38.07,32,51014,28.6,10,6.85
00984D,8267,524057,41.75,167,218898,27.19,46,3.53
00985A,48942,468289,14.91,40,69937,11.68,14,27.14
00985B,8197,613001,57.57,144,352960,48.03,48,3.34
00985D,1589,77732,66.78,17,51928,57.64,7,4.94
00986A,5055,42327,17.79,7,7537,7.65,1,31.37
00986B,404,24762,83.9,8,20777,77.42,5,3.79
00986D,2386,157177,50.0,44,78613,40.73,23,3.43
00987A,19077,170643,15.16,15,25874,12.13,7,31.08
00987B,2340,71327,51.34,20,36635,38.72,8,8.68
00988A,240394,3057937,19.73,378,603806,13.99,88,19.65
00988B,3992,95333,20.23,17,19304,13.68,8,11.14
00989A,7193,76117,20.94,8,15960,19.43,6,24.75
00989B,1577,55952,50.19,11,28093,41.97,5,9.07
00990A,125242,2356522,34.47,415,812578,25.79,95,13.86
00990B,4829,122850,24.92,25,30643,13.64,7,11.89
00991A,309754,3764416,18.53,426,698336,13.62,114,21.14
00992A,190477,2347455,18.1,228,425287,13.66,59,22.04
00993A,51599,788591,16.27,102,128482,10.52,24,19.1
00994A,32013,296690,16.85,32,50100,12.36,10,26.49
00995A,27119,297535,13.35,27,39754,9.61,9,26.33
00996A,25924,321899,17.68,41,56966,11.82,9,23.28
00997A,74413,1272377,21.78,156,277328,15.81,32,17.06
00998A,15885,208109,37.31,23,77657,34.96,14,20.05
00999A,103484,1230017,12.87,98,158515,9.3,25,25.77
01001T,1375,583000,93.18,60,543310,90.09,28,0.5
01002T,3292,1393000,93.6,112,1304261,91.21,61,0.54
01004T,1238,730200,94.09,82,687149,90.45,38,0.31
01007T,1821,720000,92.82,82,668527,89.59,45,0.47
01009T,957,300000,90.28,60,270879,85.97,41,0.63
01010T,861,2308170,98.72,81,2279069,97.99,56,0.05
1101,515153,7523182,54.98,923,4137988,50.83,416,13.15
1101B,7455,200000,94.14,22,188313,91.33,14,2.15
1102,102990,3546563,81.85,334,2903618,79.72,209,6.02
1103,74171,832875,80.3,136,669012,76.7,87,5.87
1104,55857,686682,72.83,108,500279,67.05,42,8.26
1107,3436,10100,99.7,1,10070,99.7,1,0.29
1108,12846,404738,80.21,76,324741,75.32,44,6.35
1109,12084,341159,79.33,70,270708,72.84,36,5.9
1110,5245,572001,93.9,57,537224,91.46,36,1.0
1113O,178,840,0,0,0,0,0,63.21
1113R,382,2129,0,0,0,0,0,30.66
1201,87935,506063,63.5,63,321413,59.49,28,12.51
1203,55468,240000,91.08,51,218632,86.72,35,3.0
1204,3520,18375,45.74,6,8407,31.77,2,19.64
1207,46720,464094,77.24,48,358575,75.26,31,9.48
1210,99469,894767,65.48,133,585992,61.18,70,14.65
1212,30422,174164,44.23,45,77058,35.58,20,17.36
1213,6604,56623,81.6,12,46217,75.28,7,7.26
1215,96671,294790,59.15,39,174422,54.39,18,23.61
1216,146021,5682015,89.39,767,5080227,85.82,447,4.05
1217,138937,494513,60.6,127,299776,53.22,70,14.88
1218,82817,499999,67.88,71,339453,63.56,35,11.55
1219,53251,341238,62.64,80,213828,57.57,52,10.92
1220,47222,177078,67.57,46,119682,60.42,27,10.65
1221,18672,95162,34.14,22,32505,25.82,10,21.96
1224,3619,71910,88.35,20,63542,82.37,13,3.39
1225,43029,242268,89.83,39,217677,87.46,29,3.24
1227,54305,915090,67.3,76,615997,64.26,30,12.97
1228,1583,11130,37.93,5,4224,12.17,1,11.98
1229,102599,1795961,65.29,160,1172955,62.45,76,10.66
1231,35393,298454,64.61,26,192858,62.83,17,16.78
1232,17173,159975,73.57,10,117707,72.12,6,13.2
1233,10233,90592,75.28,27,68218,67.85,15,4.91
1234,24442,401871,83.17,137,334324,74.27,80,5.7
1235,2966,188578,96.41,16,181828,95.23,12,1.12
1236,11873,86674,82.87,23,71849,77.96,18,7.17
1238,2043,29948,11.73,4,3516,8.56,2,21.52
1240,3041,44232,69.65,25,30812,49.12,11,8.22
1256,6287,35775,59.91,10,21440,47.12,3,17.58
1259,16437,32390,76.89,9,24909,71.31,6,9.25
1260,1334,102098,75.9,29,77514,70.63,20,2.09
1264,9097,37052,47.27,16,17524,24.84,5,23.9
1268,3369,42224,78.11,17,32982,72.16,12,8.48
1269,664,20902,77.74,7,16253,72.74,5,2.81
1271,2998,60389,66.93,18,40423,55.45,7,7.59
1293,404,17094,74.29,11,12702,42.36,4,3.13
1294,4489,30572,56.74,13,17352,41.28,6,11.55
1295,3133,34475,56.48,14,19480,44.93,8,15.69
1301,305903,6365741,74.22,557,4726423,71.62,295,9.52
1303,237294,7930822,86.87,675,6891124,84.5,377,4.5
1304,101185,1188764,61.57,110,732154,58.38,48,13.91
1305,72832,581050,51.77,62,300909,47.81,23,16.95
1306,6139,44573,21.31,4,9502,19.38,2,23.6
1307,17925,397818,81.59,63,324655,78.23,42,6.57
1308,76937,593744,52.69,63,312949,49.33,29,16.76
1309,79168,397587,46.63,33,185498,42.84,8,22.33
1310,108163,527870,29.92,83,158069,24.03,29,25.89
1312,131636,1106620,50.98,154,564428,45.94,65,17.03
1312A,1276,20000,54.29,12,10862,21.4,2,13.52
1313,63848,1330846,67.98,160,904956,63.78,68,9.83
1314,308427,3784850,42.19,747,1597860,34.0,239,14.79
1315,5951,99099,80.7,42,79987,70.24,25,6.55
1316,61119,375946,38.94,87,146468,28.12,22,18.74
1319,33916,591477,80.06,103,473674,76.07,60,9.62
1321,4050,227228,70.13,92,159391,53.85,35,2.74
1323,13316,91275,70.41,36,64281,60.99,23,8.71
1324,23573,75122,66.66,21,50099,59.28,12,16.61
1325,36064,85281,47.72,9,40706,44.79,5,27.32
1326,186273,5861186,82.54,493,4838845,80.1,263,6.11
1333,15938,74515,51.19,14,38157,43.03,3,11.0
1336,11685,77614,51.08,23,39660,38.21,6,11.42
1337,52454,268955,48.06,57,129309,39.84,19,14.7
1338,55797,83840,42.49,24,35640,31.35,10,19.22
1339,7342,74124,74.54,15,55256,72.42,13,11.22
1340,61933,152923,34.86,24,53339,28.99,8,20.04
1341,9804,52851,83.7,16,44242,75.97,9,2.59
1342,8702,78001,59.73,15,46601,51.58,5,16.69
1343,1238,40514,66.04,22,26763,42.13,7,5.71
1402,90854,5352875,88.7,430,4748635,86.67,258,3.05
1407,162370,441217,35.25,76,155617,28.84,29,29.78
1407A,4928,67910,53.45,9,36304,52.82,8,18.89
1408,70831,352417,20.66,72,72860,12.51,23,29.38
1409,149676,1618409,65.93,213,1067302,62.47,123,13.37
1410,6672,62000,76.25,19,47285,68.23,11,5.42
1413,8534,132112,75.83,26,100213,69.31,13,5.8
1414,26561,198000,88.11,37,174485,82.71,22,4.77
1416,46011,185342,54.25,38,100582,49.07,22,14.85
1417,55677,189942,58.24,51,110664,48.19,20,16.72
1418,30696,56834,71.46,19,40621,58.96,7,5.42
1419,17075,300041,90.75,72,272331,85.54,48,2.19
1423,18283,99648,83.04,26,82777,76.27,16,4.93
1432,256632,108000,54.86,16,59258,53.37,13,30.28
1434,64155,1684665,72.06,171,1214488,68.46,68,7.7
1435,33318,139780,94.87,24,132622,93.06,19,2.26
1436,14235,194152,76.93,42,149413,73.42,31,9.24
1437,8678,201871,79.58,75,160690,66.83,36,4.87
1438,5083,111206,83.1,29,92430,76.37,18,5.02
1439,4451,92000,84.77,31,78003,74.68,17,5.07
1440,95669,1656816,77.93,266,1291539,73.12,140,7.09
1441,14883,71744,65.0,15,46655,58.35,7,19.79
1442,9036,366211,86.53,107,316991,78.43,64,3.49
1443,15770,135343,89.9,40,121695,81.1,21,2.79
1444,63500,995595,63.94,133,636803,59.84,70,11.16
1445,11984,130666,68.83,40,89961,59.09,20,7.75
1446,8041,137710,65.66,28,90449,62.61,20,8.8
1447,45886,910071,69.88,124,636057,65.82,67,10.83
1449,46172,127115,38.35,27,48767,31.46,14,24.94
1450,15154,79204,25.71,14,20375,20.94,8,25.45
1451,16955,198000,63.19,39,125166,56.63,15,11.04
1452,47202,132641,48.55,40,64417,37.7,18,15.47
1453,14208,113243,75.59,18,85620,73.67,14,12.49
1454,13837,129834,81.72,35,106124,77.54,27,6.49
1455,35608,531688,66.45,75,353417,62.89,43,11.96
1456,4612,93720,85.48,15,80131,80.56,8,3.45
1457,16771,316730,74.53,70,236107,68.1,38,6.81
1458,21181,260762,59.73,59,155795,51.01,23,13.68
1459,13990,358629,85.74,78,307548,79.48,42,4.49
1460,24749,694643,71.96,125,500066,65.11,51,6.56
1462,61236,300750,46.47,99,139820,34.36,37,16.05
1463,33502,173268,81.15,41,140648,74.63,20,5.23
1464,63446,425576,61.59,86,262194,54.37,38,10.06
1465,10306,103607,72.78,38,75431,62.37,22,10.14
1466,21917,111157,69.19,36,76931,61.77,23,10.7
1467,18359,233625,66.13,41,154563,59.3,17,10.68
1468,1329,160405,97.56,18,156512,96.81,16,0.42
1469,336,87218,92.35,28,80568,87.63,21,0.17
1470,1226,85767,87.27,36,74860,70.24,13,0.76
1471,56752,150415,22.8,25,34314,16.86,8,30.28
1472,3672,52488,81.01,17,42533,69.81,7,2.83
1473,12715,146154,71.64,30,104735,69.23,24,9.95
1474,16550,129897,59.38,32,77153,52.89,17,13.61
1475,2321,66017,76.28,16,50373,68.99,8,4.48
1476,19613,274367,80.44,78,220775,74.04,50,6.63
1477,29289,246694,63.43,85,156537,52.88,44,14.82
1480,361,416085,98.22,60,408718,94.46,37,0.16
1491,1720,54818,59.65,25,32708,44.24,12,3.37
1492R,86,526,0,0,0,0,0,36.14
1503,80532,520972,73.59,66,383523,71.09,44,14.15
1504,213756,2376441,69.65,225,1655796,66.76,115,15.31
1506,21489,300389,77.15,45,231812,71.33,15,4.3
1512,20063,98183,53.89,19,52928,47.81,8,9.56
1513,167578,503113,43.17,73,217263,38.98,39,38.1
1514,98958,273108,44.76,60,122306,37.55,29,34.27
1515,23459,181474,52.07,41,94529,42.29,13,19.93
1516,44905,40008,64.74,15,25907,58.69,11,11.53
1517,46285,220000,48.82,31,107444,44.11,14,22.08
1519,87640,315881,72.63,75,229493,66.23,42,14.42
1521,23591,76230,68.08,12,51912,66.46,10,13.61
1522,30806,312898,57.72,52,180714,52.39,24,20.18
1522A,1475,30000,89.08,10,26728,81.87,7,4.69
1524,46280,165310,38.55,22,63748,35.27,12,31.93
1525,3281,73400,88.19,8,64738,86.25,6,5.64
1526,52167,60000,37.02,11,22221,29.94,3,23.72
1527,64730,138571,32.04,21,44430,27.89,11,29.36
1528,92556,191331,29.3,9,56091,27.74,4,39.55
1529,27589,155095,47.1,25,73067,41.96,12,24.81
1530,10861,94594,75.93,15,71840,70.06,6,11.28
1531,12915,182108,64.09,53,116737,54.04,21,9.32
1532,19827,422604,66.33,108,280374,58.77,54,8.63
1533,9968,98547,63.28,35,62375,52.11,18,17.27
1534,4107,67738,46.91,19,31793,35.29,7,13.13
1535,9960,123743,75.48,10,93416,75.07,9,11.16
1536,85945,278960,32.34,47,90261,27.12,24,32.76
1537,15524,82063,52.25,26,42895,42.7,14,23.57
1538,7637,32300,78.45,7,25345,70.77,3,6.64
1539,5404,65370,61.19,12,40008,58.44,9,16.32
1540,39983,85474,35.61,22,30458,23.47,6,31.15
1541,2480,78800,83.75,15,66013,79.45,10,4.84
1557,114,1733,30.38,1,527,0,0,13.79
1558,28318,64536,34.7,30,22407,10.2,5,24.97
1560,23800,150289,66.19,68,99507,48.78,28,11.83
1563,43237,225608,48.13,74,108624,34.86,26,12.03
1565,37361,50417,18.16,12,9164,8.33,3,38.25
1568,9622,103087,65.37,32,67408,56.52,17,12.66
1569,24280,144247,51.61,34,74474,43.53,14,14.88
1570,34903,51501,55.78,13,28737,42.94,2,11.83
1580,27354,49339,40.17,15,19829,29.88,8,25.72
1582,67225,144269,30.4,23,43884,26.3,13,35.66
1583,2510,109400,91.25,17,99839,89.51,14,3.01
1584,56403,232471,41.08,37,95514,36.53,19,22.24
1585,937,57700,65.29,32,37687,45.66,12,3.12
1586,11514,106849,71.59,42,76518,60.25,22,9.75
1587,12251,80056,46.51,21,37247,37.81,8,21.18
1589,43147,153136,28.36,30,43474,21.01,11,24.98
1590,6571,200000,72.99,102,146014,53.32,37,1.75
1591,32073,38048,21.76,10,8286,8.54,1,22.1
1592,6284,110978,26.43,25,29351,18.1,8,15.25
1593,3333,39785,50.04,18,19910,35.42,9,14.01
1594,681,33220,82.82,12,27515,75.4,8,3.54
1595,9433,55725,45.55,21,25400,33.75,11,18.93
1597,18913,89262,51.41,33,45903,38.32,15,26.33
1598,10790,179142,59.84,47,107250,53.0,29,11.8
1599,11999,73029,64.74,20,47300,57.22,12,17.27
1601,16668,106274,11.51,13,12250,6.24,3,25.99
1602,274383,387046,12.14,26,47056,9.55,9,58.29
1603,13729,191688,72.8,32,139600,69.15,20,12.86
1604,102061,384200,58.26,70,223953,52.82,36,17.31
1605,271757,4431333,72.88,361,3230756,70.49,189,11.22
1606,77594,770306,15.82,120,122015,9.43,32,24.56
1608,53192,632774,64.28,59,406908,60.43,20,16.66
1609,199932,785262,32.46,109,255061,29.06,62,31.38
1611,86945,322736,53.8,80,173686,45.77,37,20.24
1612,38562,316080,60.54,63,191398,54.41,30,17.99
1613,22771,227418,57.73,67,131330,47.37,28,9.98
1614,4230,269113,82.75,83,222739,75.35,51,2.23
1615,8608,196664,80.27,34,157889,76.84,22,6.78
1616,15072,194149,60.52,29,117543,55.77,15,16.13
1617,11647,169515,76.48,39,129686,70.1,23,9.56
1618,22871,192692,57.71,29,111235,53.74,15,22.13
1623,6335,66000,76.3,13,50364,72.6,8,11.85
1626,10034,149822,69.72,50,104498,60.09,27,8.86
1702,64278,294133,57.03,29,167792,53.76,14,20.2
1707,68076,148137,53.41,52,79142,41.48,26,21.72
1708,85007,249002,42.8,47,106630,38.03,28,31.84
1709,43880,477016,63.96,119,305242,54.86,50,11.63
1710,61535,885703,62.69,133,555482,57.46,58,12.4
1711,101913,547752,43.44,80,238090,38.65,36,25.83
1712,82254,420493,57.28,126,240925,47.18,59,14.73
1713,23616,150952,73.95,31,111650,66.6,11,7.27
1714,107465,991825,55.86,145,554285,50.84,62,15.56
1717,99231,1172245,66.53,225,780083,60.67,116,15.1
1718,198763,1685906,53.0,202,893784,48.68,79,17.62
1720,15267,178696,65.83,33,117662,59.52,15,14.07
1721,68748,184884,38.24,34,70750,31.57,14,28.71
1722,122180,980000,65.74,156,644411,60.22,70,12.01
1723,63348,236904,51.69,36,122501,46.24,14,22.32
1725,3778,181830,94.18,19,171274,93.07,16,2.81
1726,9593,162000,85.7,27,138847,83.87,22,4.89
1727,23730,128020,56.43,23,72266,52.03,14,25.79
1729,4209,180688,91.39,47,165189,85.84,32,3.55
1730,10221,63234,57.3,11,36241,53.73,8,25.7
1731,18653,132915,55.99,19,74444,51.39,9,15.41
1732,38127,42444,46.4,5,19696,44.13,4,29.01
1733,38718,99950,40.75,15,40743,32.43,5,21.64
1734,70619,190197,50.18,48,95476,41.3,19,18.5
1735,8473,99388,78.39,12,77912,77.79,11,9.8
1736,8087,303395,88.21,44,267690,83.26,22,3.53
1737,74717,200000,63.81,28,127656,59.32,13,17.87
1742,11444,92671,80.84,27,74932,71.96,14,4.45
1748,710,14304,39.26,3,5618,36.13,2,16.91
1748R,105,529,0,0,0,0,0,61.98
1752,8323,100988,64.03,20,64691,57.63,11,15.82
1760,38888,85739,42.29,21,36271,33.86,8,25.95
1762,54071,76918,46.24,17,35583,36.1,5,21.79
1773,15943,300000,75.25,59,225803,68.86,28,7.4
1776,3371,60107,65.78,32,39549,44.12,13,9.13
1777,3402,44592,59.59,9,26581,51.64,4,12.17
1780,3042,109075,76.18,42,83116,61.8,19,4.93
1781,35643,47408,44.44,22,21077,25.75,7,22.16
1783,38277,89698,63.97,20,57393,55.61,7,10.55
1784,34493,53121,29.18,15,15510,18.13,6,25.59
1785,125444,595980,46.85,113,279324,40.91,56,24.77
1786,44600,74828,51.88,26,38835,43.73,16,17.6
1788,7816,44521,50.04,15,22286,40.1,8,23.47
1789,25012,790739,76.94,55,608613,74.49,22,6.3
1794,131,1322,0,0,0,0,0,16.46
1795,40980,266874,58.2,33,155394,53.24,11,21.75
1796,7650,41460,55.75,12,23121,45.18,5,8.61
1799,5776,124690,68.13,9,84965,66.48,5,8.17
1802,203377,2908061,77.44,172,2252647,75.61,90,12.47
1805,9553,134970,77.4,37,104502,70.34,22,5.1
1806,24875,390404,74.49,60,290915,70.67,35,9.73
1807,7562,114400,47.35,37,54177,38.19,20,12.55
1808,28695,893032,79.66,93,711542,77.59,63,6.87
1809,55298,167042,47.43,30,79253,42.5,17,31.37
1810,19812,302304,67.31,75,203547,62.41,51,13.68
1813,9137,46636,47.72,16,22266,33.67,5,23.31
1814,452,18982,74.93,11,14225,57.36,6,4.45
1815,179674,585479,34.08,71,199615,30.92,43,38.72
1816,901,24515,94.8,2,23242,91.94,1,1.83
1817,4611,72600,65.17,26,47322,58.41,17,11.54
1818,135,11635,75.49,7,8785,63.87,5,1.46
1819,136,33504,84.42,17,28292,65.69,9,0.51
1903,21154,260039,81.01,65,210702,74.87,41,4.17
1904,331353,1108275,66.72,138,739742,62.31,65,13.56
1905,74476,1102835,71.47,72,788453,68.99,27,13.66
1906,12686,151000,74.49,26,112507,70.25,17,10.94
1907,85251,1660371,84.57,213,1404544,80.95,118,5.5
1909,84288,1327686,67.41,166,895082,63.06,72,8.58
1918,30892,241406,20.57,26,49711,17.59,15,31.78
2002,1354171,15734861,51.72,1526,8140755,47.94,483,16.52
2002A,5392,38268,22.5,10,8618,11.45,3,28.45
2006,63509,730214,79.34,152,579465,73.89,91,8.96
2007,27925,530652,76.66,13,406928,75.66,4,9.16
2008,7619,190852,92.4,18,176372,91.07,14,3.26
2009,49476,359622,56.58,14,203577,55.25,6,25.57
2010,35620,647655,68.42,118,443198,64.21,72,10.76
2012,44590,302163,84.07,80,254102,74.59,33,5.02
2013,44260,200000,79.48,25,158992,76.59,16,11.35
2014,176050,1435544,49.47,96,710505,46.63,30,20.3
2015,12029,581599,88.03,152,512137,81.73,92,2.96
2017,41191,446875,62.17,68,277929,57.89,34,12.94
2020,60178,267031,50.28,51,134331,44.75,29,17.18
2022,62789,337168,39.97,31,134843,36.74,14,22.25
2023,103161,1841240,78.89,115,1452943,77.34,66,7.2
2024,50541,97500,83.0,13,80935,80.77,9,6.98
2025,30417,172661,62.49,30,107940,59.09,20,11.63
2027,120119,2584261,73.95,378,1911706,69.84,202,8.43
2028,21696,325715,83.5,40,272012,81.21,28,6.53
2029,14565,321180,71.2,21,228745,68.39,6,8.89
2030,57220,280526,47.95,42,134595,44.17,25,20.47
2031,66816,321146,55.69,58,178885,50.66,32,17.69
2032,12303,130522,58.99,43,77007,48.49,20,18.05
2033,4977,80695,74.13,30,59835,61.4,16,8.34
2034,39205,528996,48.92,99,258901,42.73,43,16.24
2035,20842,350000,96.7,23,338495,96.23,21,0.64
2038,24700,194134,53.76,26,104397,49.48,13,17.31
2049,68499,353792,68.56,103,242630,60.68,56,14.79
2052R,5567,9170,10.19,2,935,0,0,49.58
2056,252,105000,94.01,45,98739,86.08,33,0.43
2058,37183,305362,25.86,63,79058,18.38,22,17.08
2059,19526,95297,66.44,31,63326,56.35,16,4.78
2060,135,35739,87.22,4,31173,87.22,4,0.33
2061,11016,57378,54.07,29,31034,31.73,8,12.51
2062,11558,199994,61.98,39,124000,55.49,16,12.83
2063,3384,48101,53.45,19,25722,37.47,7,12.88
2064,1642,69330,83.04,30,57585,72.44,16,4.53
2065,49399,63517,52.7,18,33488,42.11,8,19.31
2066,3084,44450,69.7,20,30990,53.56,8,10.94
2067,2259,45138,56.5,12,25510,49.07,6,10.29
2069,9515,166387,61.95,43,103109,52.2,18,13.02
2070,5905,41783,56.92,15,23791,47.35,8,22.76
2071,993,69046,83.66,23,57776,72.61,11,2.41
2072,9624,192000,75.28,27,144587,72.09,16,7.8
2073,627,27500,75.18,15,20678,51.57,6,3.3
2101,36877,733935,65.27,138,479227,59.0,63,8.64
2102,79328,473329,80.77,67,382391,76.45,35,5.64
2103,84931,825710,56.54,118,466971,51.8,52,12.45
2104,108488,984734,45.04,201,443767,36.58,66,12.51
2105,82638,3241416,80.84,303,2621072,78.24,162,5.87
2106,33345,954890,79.79,160,762138,75.17,86,5.28
2107,47917,303593,63.08,73,191563,57.36,43,13.91
2108,54353,492417,69.96,95,344632,64.5,54,11.96
2109,35099,279349,74.57,71,208372,66.65,35,5.84
2114,5396,77992,65.74,19,51284,58.9,9,10.98
2115,3797,104373,70.39,36,73488,58.7,17,6.16
2201,92196,1070001,63.96,109,684607,59.94,43,13.55
2204,40332,553620,74.97,61,415210,72.18,36,11.51
2206,69496,773676,84.36,102,652792,80.7,61,6.41
2207,15306,557103,89.23,112,497202,82.81,52,1.85
2208,123778,1274539,55.58,146,708620,50.62,44,15.15
2211,23675,417091,82.47,54,344007,79.13,34,6.65
2221,3485,42325,64.71,4,27392,64.71,4,14.62
2227,7670,300000,93.51,11,280532,93.27,10,3.65
2228,10019,79780,56.79,14,45321,53.88,10,21.22
2229,59,1462,41.04,1,600,0,0,7.78
2230,10435,68030,46.09,27,31363,29.65,11,16.7
2231,14258,135932,65.84,28,89521,62.62,19,15.35
2233,37497,60289,49.75,19,30014,34.18,4,23.31
2235,1374,35878,83.81,12,30076,76.02,8,6.58
2236,3118,63459,72.64,22,46108,62.6,11,6.15
2237,2085,121773,80.84,21,98461,74.82,8,3.35
2239,2770,117713,80.07,17,94259,77.26,12,4.47
2241,28668,104602,45.11,35,47199,32.42,13,16.64
2243,3048,77374,69.27,35,53606,53.72,16,7.19
2245,494,32400,77.75,10,25197,66.91,5,2.71
2246,2881,42613,68.53,3,29213,65.07,1,9.14
2247,8240,80711,76.68,14,61904,72.7,8,10.11
2248,953,47600,79.34,16,37777,71.79,11,3.06
2249,1168,25538,71.37,14,18234,54.36,6,6.77
2250,9239,36388,51.12,4,18605,48.97,3,21.28
2252,1906,106618,80.0,19,85316,74.25,9,3.8
2254,2653,63908,92.89,15,59373,87.89,10,1.41
2255,1964,60932,79.17,18,48250,73.38,11,4.49
2256,2315,39024,57.76,15,22546,42.62,5,11.17
2258,9189,1751267,93.8,54,1643135,92.62,23,1.16
2301,218996,2316108,78.28,433,1813440,73.46,262,11.64
2302,24349,166303,60.7,16,100987,56.69,6,21.38
2303,915108,12576985,76.78,1211,9658921,74.15,690,11.11
2305,21270,205661,68.77,28,141480,64.17,13,13.62
2308,556345,2597543,81.62,577,2120756,74.63,286,7.35
2312,212937,1505964,47.22,205,711476,42.83,97,25.52
2313,307476,1191821,56.2,202,670064,50.69,102,28.54
2314,53478,106126,9.72,15,10332,3.31,3,45.6
2316,58976,182741,67.25,48,122913,59.78,25,18.5
2317,1183589,14073424,68.81,1436,9687205,66.11,821,13.65
2318,28581,106036,26.94,15,28584,22.74,7,30.05
2321,14726,30272,71.01,3,21501,67.91,2,14.45
2323,136199,1089348,46.3,197,504602,39.84,79,17.75
2324,343324,4407147,62.38,589,2749564,58.58,320,17.27
2326,48336,40340,12.63,6,5106,6.45,2,45.79
2327,453052,2071465,73.38,364,1520354,68.63,208,13.44
2328,121361,518346,40.2,55,208461,36.24,25,31.3
2329,130660,658948,51.83,72,341639,47.85,30,25.98
2330,2912529,25932370,87.74,2611,22761839,85.01,1478,5.68
2331,57854,557403,58.18,61,324371,54.17,21,18.38
2332,93023,602170,44.68,117,269134,38.89,55,18.95
2333,87784,277761,28.95,56,80477,20.28,18,32.88
2335,6035,49505,35.56,13,17615,25.37,4,20.03
2337,480362,1981861,45.64,306,904745,41.04,154,30.98
2338,81030,366849,48.79,57,179018,43.76,28,24.79
2340,110974,438623,38.53,56,169100,33.86,22,27.37
2341,23875,6852,86.94,1,5957,86.94,1,8.92
2342,143283,157475,39.38,18,62037,34.45,6,37.18
2344,540883,4515993,69.89,471,3157289,66.93,256,16.39
2345,72445,561118,71.19,224,399558,57.2,100,4.42
2347,39883,1667947,89.15,260,1487345,85.42,161,4.05
2348,24916,151899,68.84,29,104585,65.52,20,14.45
2348A,2703,30000,65.81,6,19748,55.71,2,7.32
2349,144942,693680,29.25,115,203028,22.6,41,27.17
2351,26191,194329,72.64,78,141199,60.51,43,13.19
2352,195099,1580507,49.3,213,779528,44.24,83,19.72
2353,401295,3047854,37.89,350,1155800,33.88,148,26.07
2354,198802,1414485,44.92,116,635628,42.32,55,28.21
2355,80901,397495,39.16,100,155734,31.08,47,31.42
2356,266521,3587475,73.39,376,2633449,70.25,196,14.21
2357,129020,742760,72.44,212,538174,62.5,99,12.42
2358,39769,136623,27.69,17,37848,23.45,7,27.37
2359,64382,171471,45.92,33,78768,39.01,16,34.86
2360,34041,425246,70.93,188,301748,53.9,74,3.16
2361,19326,46544,52.93,6,24642,47.2,2,20.72
2362,33748,622263,79.35,111,493851,75.6,73,8.65
2363,129923,514988,37.49,68,193189,32.7,31,33.21
2364,56431,52389,55.02,10,28829,51.35,7,22.76
2365,99801,221528,23.73,32,52623,18.5,13,45.47
2367,201454,706253,27.12,85,191674,23.61,44,43.31
2368,88227,524235,78.54,131,411802,70.05,60,7.41
2369,125546,380102,38.13,56,144990,33.97,32,34.17
2371,275565,2150835,46.85,286,1008179,42.02,117,20.02
2373,14317,236203,87.25,28,206114,86.13,24,7.02
2374,105697,336570,27.74,45,93435,23.02,21,37.99
2375,77828,108675,29.94,23,32550,21.44,9,50.2
2376,107040,669889,69.31,158,464414,62.11,81,16.21
2377,114755,844856,63.27,166,534637,57.2,86,20.07
2378,17798,141166,33.7,25,47608,26.89,9,20.34
2379,88370,515513,74.31,208,383141,59.53,86,6.63
2380,22776,60000,36.41,9,21857,32.74,5,32.62
2381,2568,119,0,0,0,0,0,32.57
2382,265820,3862627,85.66,501,3309504,81.8,268,7.73
2383,98604,358321,69.13,131,247761,57.16,61,5.72
2384,158009,2047778,28.01,329,573742,20.95,96,18.9
2385,50719,765721,74.89,176,573529,68.65,100,10.87
2387,16927,195251,58.19,30,113655,51.88,13,17.76
2388,58767,555956,68.41,72,380413,64.56,40,15.92
2390,61970,192619,39.84,28,76788,33.54,8,26.76
2392,67965,512327,48.16,58,246876,43.96,21,24.47
2393,50542,443393,68.64,130,304423,60.62,72,13.5
2395,33171,869046,85.49,204,743156,77.94,94,3.13
2396,56614,1276356,45.5,239,581139,37.06,63,10.89
2397,9350,114489,69.67,17,79795,66.51,11,13.93
2398,38477,413118,36.51,47,150886,32.59,20,19.21
2399,54677,178100,33.85,39,60315,25.8,18,36.24
2401,132365,591995,42.96,96,254455,37.45,42,25.42
2402,84835,307537,37.92,45,116660,33.86,25,33.89
2404,65842,190587,53.11,70,101251,39.19,29,18.0
2405,98197,343427,23.65,43,81310,19.0,16,31.43
2406,112059,350906,34.17,58,119950,28.64,30,33.11
2407,48731,734918,37.8,178,277953,27.81,56,11.92
2408,365774,3450206,82.32,263,2840935,80.24,145,9.59
2409,662540,7547099,48.45,889,3657702,43.91,329,18.33
2410,12559,160015,36.32,51,58155,23.68,16,11.18
2412,299773,7757447,79.66,513,6180754,77.89,294,6.75
2413,25962,127359,58.94,30,75093,51.45,15,22.94
2414,15663,161736,59.96,48,97003,48.53,18,14.02
2415,9224,90000,63.4,20,57074,58.55,12,17.29
2417,61517,157219,42.46,20,66771,39.59,13,32.07
2418,64545,1023603,47.75,137,488895,42.1,39,12.99
2419,38231,321317,64.88,14,208529,63.0,3,17.97
2420,38342,152649,50.63,40,77299,41.25,17,20.1
2421,61973,286944,57.24,96,164287,46.14,41,21.02
2423,6387,145047,75.43,32,109421,69.51,17,6.34
2424,4352,59585,81.01,6,48275,79.34,5,7.34
2425,39966,96499,49.46,26,47747,37.36,7,27.37
2426,103451,300622,45.4,59,136550,40.65,35,26.76
2427,22052,198000,53.82,16,106587,49.81,4,21.5
2428,16124,128113,64.22,39,82298,50.83,13,15.09
2429,26859,85500,52.44,19,44857,43.4,7,21.82
2430,38236,116800,63.32,24,73980,55.81,10,15.63
2431,52139,110927,42.26,17,46889,34.92,3,24.01
2432,1286,61860,76.66,8,47430,72.89,4,4.74
2433,7990,144496,79.0,18,114165,77.84,14,10.47
2434,5134,37000,79.84,4,29543,77.32,2,10.3
2435,8978,74737,32.29,10,24149,28.37,4,21.89
2436,72317,207048,28.78,46,59646,20.84,20,40.22
2438,26149,71196,58.41,21,41596,49.4,12,15.56
2439,71241,253645,34.32,56,87118,26.57,24,33.46
2440,8794,139117,70.35,27,97901,66.87,19,10.4
2441,59072,568846,69.59,88,395961,64.5,43,16.46
2442,48491,325232,57.42,63,186814,49.99,24,11.62
2443,30675,150909,55.24,45,83392,45.96,24,12.89
2444,36133,101570,28.3,22,28755,18.06,5,22.63
2445,6219,48174,15.69,7,7566,12.44,4,26.58
2449,216973,1222745,67.02,277,819930,60.47,149,17.64
2450,17480,258253,77.21,19,199454,75.97,14,11.19
2451,43681,431346,72.44,66,312483,67.8,33,13.12
2453,25851,100000,45.87,13,45889,40.29,4,28.91
2454,608088,1603895,74.71,482,1198705,64.61,222,8.07
2455,72265,187297,49.43,76,92612,34.9,33,25.86
2457,113148,424772,30.78,54,130795,26.16,23,30.86
2458,60245,303880,60.8,94,184821,50.54,46,19.03
2459,15326,105596,52.99,32,55985,42.01,11,14.54
2460,45088,169200,59.61,22,100904,54.73,8,15.97
2461,50654,191888,46.01,59,88308,35.59,27,18.3
2462,26355,150784,55.96,35,84405,50.3,21,17.15
2464,96691,217446,41.03,47,89259,34.13,22,34.68
2465,48597,93946,36.46,14,34272,30.71,4,29.4
2466,4211,173459,89.93,52,156025,83.87,37,3.08
2467,49239,161467,68.44,55,110552,59.93,32,13.43
2468,10980,69961,50.64,3,35437,50.02,2,27.86
2471,36669,47254,25.13,16,11883,6.74,1,41.13
2472,37716,164735,59.31,50,97744,47.88,21,24.09
2474,60772,538821,68.48,94,369106,64.03,60,16.17
2475,226861,6479454,71.12,1104,4609533,64.54,430,6.14
2476,20381,219302,66.28,65,145385,58.13,36,12.65
2477,9745,158573,73.19,39,116095,66.97,23,10.79
2478,54913,144731,64.21,51,92955,56.01,29,18.2
2479,13083,37738,32.36,6,12220,25.58,1,31.68
2480,42355,106360,30.72,33,32700,18.24,11,26.9
2481,83049,382115,67.22,88,256929,60.82,53,19.32
2482,38649,77883,41.27,14,32159,35.02,6,29.66
2483,9157,107890,64.66,26,69784,60.95,19,14.08
2484,86003,159421,29.41,36,46925,21.88,18,42.35
2485,143969,317689,20.24,34,64343,16.83,16,50.29
2486,82174,240636,39.29,49,94602,33.7,27,27.64
2488,40528,79999,52.89,25,42322,45.53,15,18.34
2489,132858,610000,30.62,79,186943,26.88,41,36.04
2490,15443,163207,21.31,30,34803,15.32,12,21.72
2491,13054,82008,74.34,24,60976,66.45,15,10.77
2492,83701,485205,73.57,72,357067,69.45,40,15.91
2493,44342,126797,55.67,37,70625,45.16,18,20.19
2494,10298,41493,81.47,10,33811,73.05,5,9.77
2495,39399,273552,50.25,44,137525,44.94,22,23.51
2496,4222,19100,49.57,9,9470,35.07,4,18.08
2497,11315,130888,70.17,40,91872,58.96,18,14.15
2498,165430,836097,39.33,141,328986,33.82,66,26.68
2499,47868,461172,44.14,81,203631,37.93,35,15.38
2501,44730,1159561,77.64,157,900595,72.96,74,7.47
2504,89763,1180000,75.27,207,888408,70.07,110,7.11
2505,24032,380000,79.66,66,302797,75.67,40,6.34
2506,65915,387000,76.89,77,297652,71.86,46,8.8
2509,16811,224551,69.79,46,156757,63.87,24,10.31
2511,46938,1623326,80.19,298,1301922,74.58,148,3.83
2512,43989,490540,34.19,96,167810,25.03,22,14.75
2514,17835,394729,87.98,51,347378,84.58,30,3.76
2515,139710,1607904,61.52,297,989321,54.36,115,9.94
2516,49335,226278,71.93,63,162794,63.37,36,7.19
2520,79442,609487,71.91,100,438363,67.96,60,9.67
2521,25341,319743,35.24,57,112767,25.83,11,15.89
2523,14066,228372,44.65,58,102027,35.94,25,12.22
2524,7761,365984,93.04,36,340562,91.73,28,2.44
2525,52623,650757,31.69,172,206320,20.25,50,15.11
2527,8356,270306,80.24,34,216958,75.28,12,5.44
2528,8431,435996,84.03,83,366421,79.36,49,2.9
2530,31198,841256,85.67,140,720831,81.72,89,2.34
2533,14066,153042,38.27,37,58593,26.07,7,17.09
2534,63432,474228,71.81,112,340633,64.62,59,7.85
2535,63427,270794,61.89,66,167667,55.67,35,14.82
2536,8979,332809,76.87,79,255870,68.31,36,4.62
2537,44348,300558,58.75,68,176609,51.62,32,13.03
2538,28639,445025,75.19,132,334710,66.66,71,4.59
2539,19781,1193103,86.92,123,1037320,84.36,72,2.99
2540,17684,944874,91.11,84,861071,89.09,54,2.79
2542,112414,2153084,62.81,244,1352709,59.13,112,10.9
2543,33070,528542,71.13,73,376079,66.86,37,9.49
2545,16791,379735,76.37,42,290075,73.57,25,8.63
2546,53431,130524,62.45,20,81528,58.78,11,14.69
2547,75112,1035095,70.38,186,728729,63.87,82,5.96
2548,39060,319719,50.87,106,162744,38.61,44,18.93
2553,19321,81658,18.71,13,15301,10.95,4,33.85
2566,325,2416,0,0,0,0,0,31.89
2569,61,11552,83.38,2,9634,74.73,1,0.61
2591,80,817,0,0,0,0,0,18.25
2592,57,10494,90.43,4,9490,82.1,3,1.35
2596,3330,100000,72.36,29,72385,61.79,14,5.92
2597,13452,310716,81.46,41,253143,78.18,25,5.43
2599,1385,98524,65.95,41,64989,51.71,16,2.14
2601,108218,824776,33.01,111,272459,27.62,40,21.85
2603,319711,2165043,70.17,344,1519778,65.26,182,15.63
2605,107217,585353,52.79,92,309149,48.67,50,20.1
2606,53690,845056,74.69,109,631338,71.95,71,11.83
2607,40024,533571,76.92,85,410500,70.39,33,9.09
2608,52220,467000,76.79,69,358690,71.75,33,10.7
2609,393966,3492104,55.67,320,1944677,52.79,156,22.79
2610,248954,6144989,72.61,501,4463298,69.89,232,9.52
2611,50704,189002,46.95,24,88780,43.24,12,22.21
2612,37880,197485,73.54,17,145256,68.35,2,11.37
2613,40025,148423,56.27,29,83567,49.46,11,20.88
2614,101268,327265,47.36,42,155048,43.14,20,23.14
2615,120375,2806146,85.1,270,2388527,82.57,156,7.17
2616,214743,137282,44.82,17,61555,41.0,9,30.21
2617,29083,417294,62.61,59,261350,58.21,27,15.21
2618,217926,5400444,79.5,601,4294354,76.33,330,7.49
2626,297,2890,0,0,0,0,0,25.38
2630,22566,209438,65.4,15,136997,62.04,5,19.43
2633,107374,5628293,86.34,305,4860342,84.49,139,4.31
2634,106352,941867,51.22,70,482648,48.96,36,21.86
2636,56156,141835,41.39,32,58723,34.8,17,29.65
2637,28119,746409,81.83,141,610934,76.9,82,6.41
2639,1106,99999,99.01,2,99010,99.01,2,0.48
2640,3431,59265,73.53,25,43594,58.31,11,6.07
2641,80606,330334,28.66,45,94753,23.6,15,28.94
2642,19902,95467,60.38,7,57646,60.38,7,27.28
2643,4279,35000,65.24,10,22837,58.64,7,17.61
2644,2551,82952,79.61,32,66043,75.4,27,4.0
2645,19616,374571,86.57,41,324339,82.46,19,5.72
2646,243729,3008735,65.08,134,1958735,63.33,49,16.43
2701,14934,449968,86.27,37,388251,84.45,24,3.71
2702,12485,156613,73.69,18,115425,72.53,15,9.56
2704,30734,366923,88.48,72,324704,83.36,43,3.22
2705,83168,191313,66.31,43,126914,59.75,23,14.32
2706,16315,499998,85.23,57,426214,81.54,26,3.68
2707,18280,127403,61.58,19,78466,54.75,4,19.9
2712,2048,105000,90.8,19,95361,86.86,13,3.47
2714,3942,1138,0,0,0,0,0,87.11
2718,2593,87576,88.24,16,77286,88.24,16,3.5
2719,3338,69182,91.02,4,62977,89.53,2,5.21
2720,2752,80000,61.03,27,48837,48.9,12,3.59
2722,5026,143170,87.43,31,125204,82.36,20,5.04
2723,9650,180000,68.61,38,123527,60.84,17,9.65
2724,1029,59656,83.61,10,49880,79.45,5,1.72
2726,2513,37922,65.26,16,24756,49.52,7,8.95
2727,150265,82940,36.24,31,30069,17.98,8,27.55
2729,6292,43041,66.38,13,28577,57.11,7,16.41
2730,2322,37215,86.67,2,32256,86.67,2,2.97
2731,31002,93278,41.94,20,39155,33.73,9,29.71
2732,6174,46519,58.72,19,27318,53.51,14,20.94
2733,699,24598,77.26,8,19008,75.11,7,4.71
2734,28758,57260,37.34,12,21391,31.34,6,25.44
2736,6430,79972,55.95,17,44764,46.33,7,14.61
2738,57,67381,97.88,6,65966,94.86,3,0.02
2739,5692,91526,73.48,20,67277,67.94,12,11.14
2740,2903,16762,72.53,2,12158,72.53,2,2.82
2741,1737,22588,65.08,8,14705,53.92,4,12.61
2743,6821,46815,52.86,8,24755,50.27,6,24.19
2745,5031,33809,53.0,6,17921,51.29,5,23.34
2748,9798,105779,61.31,6,64877,58.44,1,17.31
2749,248,20800,75.15,16,15634,33.27,2,2.43
2750,180,60000,98.53,18,59126,88.06,10,0.13
2751,1566,19824,60.38,1,11970,60.38,1,11.22
2752,2575,26694,63.69,16,17006,40.7,6,8.84
2753,12012,66645,54.68,19,36451,43.66,8,17.67
2754,4435,46907,73.08,6,34286,66.51,1,11.46
2755,3364,37540,63.52,12,23853,59.36,9,10.43
2756,1651,24598,73.25,14,18023,53.58,6,8.96
2758,7488,20486,73.57,13,15075,46.27,6,8.23
2760,172,13000,88.34,6,11486,84.01,5,1.03
2761,682,17337,57.71,9,10010,46.15,6,6.02
2762,6095,112500,85.92,22,96682,80.91,13,5.16
2801,269078,11766046,77.43,1294,9113769,73.72,577,3.9
2807,7197,3172,0,0,0,0,0,75.83
2811,52316,292500,34.41,66,100708,26.29,28,22.95
2812,244023,6021626,59.15,758,3562877,54.03,234,7.3
2816,11010,223608,80.08,33,179120,74.81,13,4.99
2820,73779,1342960,66.35,150,891353,62.49,61,8.01
2825,9458,12561,5.68,1,714,0,0,59.95
2827,30323,129587,36.74,31,47634,29.69,16,20.5
2831,42128,1192786,62.01,167,739906,57.15,70,7.68
2832,19436,253540,69.13,48,175351,62.88,22,7.72
2834,378714,9718062,61.34,1381,5963534,55.75,476,6.69
2836,35163,1839917,85.31,178,1569853,82.31,84,3.3
2836A,2835,40000,38.17,8,15272,30.5,4,7.86
2838,47665,4340552,90.77,251,3940717,89.08,129,1.78
2838A,6016,200000,68.88,43,137805,62.52,24,6.05
2841,60355,960944,57.39,179,551719,50.11,62,7.39
2845,101330,4865285,74.66,635,3633445,69.82,244,3.79
2849,10007,1957609,98.48,58,1928176,97.98,42,0.53
2850,18135,315963,67.81,93,214310,57.44,42,9.76
2851,28227,800389,71.09,115,569242,66.35,52,7.59
2852,22282,301164,65.49,106,197272,53.18,51,7.72
2855,61227,1601414,76.01,245,1217754,70.79,107,5.75
2867,67581,5899501,85.63,607,5053078,82.26,274,2.34
2880,476141,13916965,81.43,1127,11335592,79.0,563,4.18
2881,389480,14007365,86.33,997,12095642,84.17,497,4.49
2881A,18483,600000,90.55,68,543412,88.1,44,3.33
2881B,18351,666660,94.9,69,632715,92.0,40,1.9
2881C,54224,333330,84.84,52,282856,80.96,31,6.19
2882,412165,14669210,85.54,1223,12552202,83.19,664,4.85
2882A,18786,833300,94.85,80,790576,93.33,61,1.73
2882B,19285,700000,95.94,59,671703,94.39,43,1.68
2883,736875,16974847,67.7,1947,11495776,63.82,850,6.82
2883B,70024,1582142,65.44,393,1035785,55.75,147,6.71
2884,593185,16174000,72.51,2060,11729776,68.07,888,6.94
2885,448785,13331150,83.12,1231,11084525,80.56,678,5.01
2886,460252,14833378,83.04,816,12319050,81.56,464,5.7
2887,705081,24866399,74.82,3000,18608737,70.68,1287,4.94
2887E,12837,500000,86.7,58,433634,84.77,44,3.12
2887F,13221,300000,89.7,33,269164,85.8,18,3.44
2887G,17257,75000,46.29,23,34738,33.86,8,11.67
2887H,21050,219668,70.16,61,154190,62.41,33,7.0
2887I,273855,3096421,72.84,567,2256343,65.95,230,8.81
2887Z1,18506,300000,89.84,28,269604,86.95,14,3.27
2889,219613,3633563,73.84,355,2683663,71.2,202,7.46
2890,449178,14492322,80.89,1569,11725874,77.67,821,4.65
2891,573381,19676898,82.24,1836,16184308,79.47,948,4.98
2891B,25020,333330,95.89,38,319698,93.54,25,2.37
2891C,24451,166660,93.84,22,156420,91.01,16,3.66
2892,444923,14379469,71.32,1694,10258575,67.39,748,5.75
2897,28696,2805358,85.62,362,2402693,81.41,171,2.5
2897B,5026,250000,83.41,59,208559,78.08,37,4.32
2901,13760,73043,79.19,20,57867,71.64,10,7.92
2902,11495,146889,47.66,41,70032,35.95,17,12.61
2903,58979,1416941,79.91,157,1132393,76.6,80,6.39
2904,17034,77834,54.26,9,42244,50.17,4,17.28
2905,27773,1110372,84.02,130,933177,80.37,65,3.73
2906,17948,209117,64.76,35,135477,59.53,15,11.87
2908,11107,509888,92.06,54,469493,89.69,33,2.46
2910,1344,175403,96.77,40,169763,93.17,31,0.46
2911,39790,105126,46.03,20,48412,40.9,10,25.25
2912,72141,1039622,84.72,144,880974,80.21,67,7.36
2913,114094,790000,57.33,144,452973,50.4,53,14.29
2915,60491,1104319,68.42,191,755734,62.39,81,8.92
2916,4667,64627,58.17,17,37601,50.93,11,13.33
2920,977,12448,35.74,1,4449,35.74,1,18.19
2923,5261,1740297,99.51,15,1731971,99.4,11,0.21
2924,463,52036,89.58,9,46623,84.08,5,1.0
2926,2155,47390,74.48,14,35305,64.85,7,5.97
2929,50615,109494,30.99,17,33950,24.92,6,18.9
2936,155,76056,99.51,6,75691,98.55,5,0.23
2937,943,43542,84.54,20,36821,71.58,12,2.26
2938,723,20140,80.64,4,16242,78.56,3,6.03
2939,7106,45549,75.94,27,34598,58.1,15,3.95
2940,241,25184,56.4,18,14209,12.88,2,1.15
2941,3080,15390,66.47,14,10233,20.62,2,4.62
2942,1636,60000,90.71,10,54436,88.06,7,2.89
2945,3121,67500,83.48,6,56353,83.48,6,7.32
2947,11495,21493,63.28,9,13604,55.2,6,5.14
2948,1071,31000,80.36,15,24914,69.03,9,5.28
2949,2838,30641,82.72,15,25353,67.67,9,4.33
3001,6685,76012,19.44,16,14799,10.7,5,19.45
3002,9383,102000,64.73,20,66037,59.21,11,14.89
3003,17431,155655,58.36,43,90873,51.22,25,20.49
3004,17906,64386,59.72,17,38468,48.02,5,13.45
3005,53410,624570,70.86,113,442685,65.85,64,12.08
3006,72608,298128,51.84,82,154629,42.34,37,24.93
3008,114740,130798,53.69,48,70249,37.61,12,15.13
3010,50475,259437,62.73,75,162817,52.72,33,13.05
3011,48869,129601,37.1,29,48107,28.58,10,18.57
3013,48517,205139,45.86,29,94131,40.61,12,31.35
3014,51315,165979,34.32,41,56991,23.95,14,29.55
3015,17468,187262,64.13,54,120115,55.1,28,16.26
3016,40087,290815,71.54,37,208098,67.22,18,16.56
3017,143647,392725,65.29,137,256515,52.18,53,10.32
3018,36804,75378,64.28,6,48462,62.19,3,17.94
3019,95946,279244,38.93,50,108787,32.3,20,36.43
3020,1637,122696,99.45,1,122032,99.45,1,0.48
3021,8599,94890,70.47,19,66891,65.24,13,13.84
3022,18089,176598,63.53,45,112238,55.63,23,15.56
3023,53243,240069,68.54,100,164613,55.4,48,8.31
3024,58049,277157,48.28,82,133875,36.21,32,15.31
3025,41183,56736,23.62,11,13414,12.38,2,31.81
3026,59581,165890,56.78,71,94224,41.28,33,19.65
3027,47600,129960,42.85,30,55705,33.93,10,24.34
3028,54195,237241,45.85,48,108836,40.95,29,24.75
3029,65800,167005,40.63,34,67887,34.29,16,32.08
3030,37482,236216,56.86,45,134347,50.67,21,18.87
3031,17464,173203,60.6,17,105005,58.04,11,19.73
3032,33451,113286,51.42,26,58267,43.9,11,18.21
3033,98491,516985,42.47,105,219609,36.2,51,24.12
3034,99101,608511,70.46,202,428854,59.34,98,11.44
3035,116316,260550,31.06,38,80954,24.8,14,43.16
3036,75814,1270596,85.87,228,1091300,81.0,128,5.33
3037,381947,1591323,74.34,368,1183440,67.08,183,12.36
3038,49962,157408,42.66,34,67166,33.27,12,24.49
3039,5432,66387,33.19,23,22045,17.62,7,10.36
3040,16460,66225,69.06,16,45743,64.56,10,11.56
3041,69601,140224,27.19,16,38148,22.35,6,38.44
3042,92406,342993,57.27,97,196501,48.61,48,23.3
3043,54672,38976,19.06,7,7434,14.41,3,36.37
3044,37366,525606,80.01,180,420656,69.73,92,6.51
3045,61513,3723431,92.62,357,3449575,90.35,224,2.87
3046,20710,78448,53.24,12,41782,45.4,2,21.42
3047,68247,224762,20.57,30,46277,15.45,9,36.38
3048,81143,269830,50.7,46,136863,45.1,21,26.41
3049,120267,802011,46.87,70,376010,43.05,21,22.88
3050,42313,154984,52.53,34,81451,43.72,12,18.59
3051,67483,167000,34.57,30,57751,25.02,5,26.74
3052,49131,233246,57.05,63,133130,48.17,28,9.15
3053,1492,7959,54.35,6,4327,27.94,2,15.43
3054,3505,80651,87.84,13,70866,85.16,10,3.59
3055,25702,114975,70.0,30,80514,63.19,19,12.81
3056,71969,480555,32.97,72,158535,26.82,24,19.43
3057,37298,67865,33.94,8,23047,30.99,5,31.13
3058,50140,201723,22.57,32,45586,16.72,12,26.03
3059,97050,307702,24.52,48,75512,19.87,25,38.62
3060,69791,137563,25.62,29,35265,19.2,15,31.04
3062,73945,330092,24.27,58,80152,16.82,19,35.83
3064,2963,13011,63.47,3,8260,60.15,2,10.22
3065,1476,183911,83.6,33,153771,78.84,19,2.48
3066,5194,83071,71.76,14,59620,67.79,9,10.77
3067,763,20000,71.34,4,14273,63.63,2,3.59
3069,1426,3000,35.56,1,1067,35.56,1,24.45
3070,172,7275,51.25,5,3730,18.25,1,4.13
3071,11219,110000,58.95,13,64872,56.08,7,20.15
3072,58,373,0,0,0,0,0,29.78
3073,4367,39511,55.14,18,21798,37.71,9,16.09
3075,431,7782,70.68,4,5500,70.68,4,9.56
3077,90,722,0,0,0,0,0,34.59
3078,59369,227391,38.53,55,87661,29.59,23,29.16
3079,4373,47640,32.01,12,15257,19.24,3,17.9
3081,67852,92517,47.27,32,43753,35.33,15,18.81
3082,66,455,0,0,0,0,0,24.02
3083,8993,86487,56.24,8,48656,53.1,4,20.52
3084,226,1873,0,0,0,0,0,19.01
3085,3032,69019,89.64,4,61880,87.92,2,2.92
3086,8022,272711,85.77,27,233981,83.2,16,4.71
3087,444,51311,97.94,1,50259,97.94,1,1.42
3088,15426,111071,50.53,27,56152,40.22,9,20.65
3090,59186,287567,69.19,66,199001,62.28,32,16.22
3091,96,186,0,0,0,0,0,52.26
3092,32193,106649,37.69,23,40208,29.22,9,22.57
3093,8095,145156,77.64,18,112711,72.08,6,10.19
3094,41595,83117,19.47,14,16197,13.16,5,40.94
3095,25326,10000,33.06,4,3307,14.01,1,27.09
3096,670,23118,49.48,7,11443,38.06,3,6.2
3097,647,75086,86.93,15,65289,81.35,9,1.56
3098,76,1395,0,0,0,0,0,15.12
3099,13823,225194,37.56,68,84641,23.15,16,10.53
3105,140284,423940,51.78,90,219582,46.67,54,29.29
3114,7919,65130,51.83,18,33764,43.23,10,19.33
3115,17912,72198,86.25,10,62280,85.38,9,2.43
3117,1461,22800,55.96,8,12763,42.59,4,11.62
3118,41683,32453,36.96,14,12000,15.06,3,17.97
3122,45995,40772,26.76,10,10918,15.9,4,34.49
3126,2746,48752,44.04,14,21476,31.82,3,5.69
3128,48884,47317,30.05,9,14229,23.78,5,28.86
3130,7108,33191,60.03,10,19929,55.29,7,21.52
3131,23304,29904,47.76,11,14288,36.92,6,11.32
3133,493,27262,63.27,14,17256,46.91,7,3.25
3135,18461,97159,50.52,19,49104,43.09,9,26.63
3137,80,1883,0,0,0,0,0,7.7
3138,32231,56396,27.82,12,15699,18.99,4,42.26
3141,33456,75461,15.55,16,11755,5.21,3,42.34
3142,5175,203398,51.24,71,104265,38.71,30,5.04
3147,7399,43687,57.0,14,24912,49.95,9,17.43
3149,62584,226234,23.56,43,53337,16.93,18,36.93
3150,5779,44377,55.12,12,24470,46.27,5,7.41
3151,657,8265,45.63,3,3772,26.17,1,12.0
3152,8419,39016,43.54,15,16997,28.02,7,21.58
3158,1743,30661,37.41,12,11474,23.39,5,9.11
3159,483,5840,28.6,2,1671,20.39,1,16.26
3161,179,32583,94.26,16,30722,82.62,10,0.96
3162,14657,154341,61.75,27,95327,57.75,16,14.46
3163,87538,80541,33.35,26,26870,21.48,9,40.54
3164,22888,86010,55.08,35,47389,39.97,15,17.57
3166,98,23374,96.38,2,22532,94.66,1,0.79
3167,23135,90308,60.68,36,54827,49.43,18,14.41
3168,2571,75100,75.29,20,56556,66.82,11,6.08
3169,27470,63307,35.2,10,22292,30.19,5,26.57
3171,2321,33118,76.93,5,25481,71.98,3,8.65
3176,46227,139307,35.12,29,48952,28.56,14,22.25
3177,206,4124,75.01,2,3094,60.61,1,14.47
3178,4329,45050,65.75,11,29626,61.31,7,16.07
3179,110,9847,30.35,4,2989,16.07,1,1.36
3184,3253,63074,58.15,19,36685,50.15,9,11.98
3186,2285,30000,77.49,2,23249,77.49,2,8.98
3188,7506,189088,75.61,43,143004,68.44,20,6.35
3189,140586,526916,72.95,110,384528,66.66,57,15.36
3190,59,14308,74.69,5,10689,71.03,4,0.41
3191,18428,43597,53.54,9,23349,46.8,4,12.71
3202,37705,129345,24.59,21,31836,19.46,9,27.44
3205,31597,67546,66.33,8,44819,61.71,3,11.0
3206,23363,58917,54.04,21,31859,42.4,11,17.78
3207,21076,66422,41.15,26,27340,23.94,8,16.56
3208,107,3025,46.49,1,1406,46.49,1,7.97
3209,54680,235391,47.23,63,111218,38.44,30,18.83
3211,76788,154387,53.45,51,82543,42.46,24,27.78
3213,47054,58686,30.79,17,18082,16.7,4,30.03
3217,14814,90104,47.09,28,42447,30.28,5,24.22
3218,18391,84725,56.64,19,48002,50.39,10,23.08
3219,4044,71781,81.42,8,58460,77.36,4,7.46
3221,49943,105062,26.48,33,27843,10.58,6,42.09
3224,16640,78173,71.73,28,56092,63.34,17,8.56
3226,1298,64431,86.59,25,55808,70.05,8,2.11
3227,55624,151938,44.31,52,67363,31.27,18,28.74
3228,35192,71937,24.44,14,17590,19.71,8,35.73
3229,9918,64263,70.03,4,45008,69.02,3,12.32
3230,19498,86011,53.77,22,46268,45.31,10,16.44
3231,411757,3180412,61.51,500,1957053,57.3,279,20.45
3232,14719,46568,58.24,21,27126,43.66,9,9.85
3234,39651,111475,33.03,27,36839,23.61,10,28.52
3236,65596,105001,30.97,18,32534,26.44,10,40.22
3237,105,1499,0,0,0,0,0,18.39
3252,2693,50196,78.62,22,39474,68.52,14,6.98
3257,29656,79824,44.16,11,35264,37.1,3,28.16
3258,92074,273906,10.18,23,27934,7.57,10,43.14
3259,3925,72966,70.42,25,51404,62.76,16,7.73
3260,148353,334454,29.84,57,99855,25.01,31,39.31
3264,72974,490170,71.64,120,351217,65.07,67,12.06
3265,17526,136262,64.73,23,88233,57.53,6,18.25
3266,3842,352314,90.33,28,318319,89.14,21,1.91
3267,534,17066,29.55,3,5044,26.87,2,6.44
3268,42751,34721,32.59,9,11320,28.18,6,23.26
3272,9249,61177,50.79,11,31079,45.96,6,19.75
3276,47055,69713,58.81,13,41010,52.05,4,12.8
3279,113,966,0,0,0,0,0,17.27
3283,149,6673,49.5,5,3305,15.08,1,4.48
3284,22355,108482,70.23,20,76203,67.63,15,10.34
3285,10046,42735,64.64,19,27634,51.24,10,9.7
3287,4116,43970,58.35,11,25664,48.76,4,17.48
3288,11445,16380,48.2,5,7898,36.75,2,19.72
3289,59906,86746,26.29,25,22826,12.59,8,38.2
3290,25962,90215,57.99,34,52337,45.46,16,12.98
3293,107978,281802,53.78,70,151607,44.9,33,22.2
3294,16913,132016,53.2,26,70269,47.87,15,24.31
3296,7256,96724,76.96,31,74462,71.51,23,7.72
3297,9869,36049,50.44,13,18192,36.6,6,28.95
3301,997,124326,79.23,40,98518,70.3,24,2.14
3303,14229,94091,48.09,32,45271,36.8,16,17.26
3304,424,14069,33.55,7,4721,9.88,1,6.53
3305,59632,144723,47.85,31,69283,38.62,11,29.35
3306,29868,50608,48.23,7,24419,43.14,3,25.96
3308,10583,60000,61.62,8,36977,58.86,6,20.39
3310,1752,74948,82.17,32,61599,69.86,19,3.2
3311,39456,100000,56.7,19,56727,50.3,8,19.39
3312,69377,182627,45.35,21,82846,42.57,12,30.57
3313,34340,221134,75.96,20,167990,74.23,14,9.45
3317,63464,90000,30.17,17,27169,24.35,7,42.15
3318,925,52256,56.8,19,29689,41.84,6,3.13
3321,28356,86114,47.38,21,40831,37.36,7,14.64
3322,65075,137582,36.9,27,50782,31.51,14,18.9
3323,69858,99593,22.08,15,22000,15.46,5,44.81
3324,87297,93077,43.7,29,40699,27.02,6,33.8
3325,61655,110169,30.35,33,33458,14.71,6,22.95
3332,1743,48104,86.89,15,41808,77.9,9,3.08
3334,126,24680,91.54,5,22594,89.35,4,1.02
3338,62452,87908,30.91,17,27180,23.78,6,37.48
3339,31457,66568,24.16,13,16094,16.56,5,33.8
3342,762,40910,53.13,17,21746,33.08,5,4.33
3343,870,58794,44.65,10,26267,39.28,5,3.62
3345,101,36301,95.55,2,34688,93.93,1,0.42
3346,39537,121228,25.89,18,31415,20.5,8,29.54
3349,1765,46072,47.38,25,21841,22.25,7,6.49
3350,927,21687,13.98,6,3034,0,0,10.9
3354,6559,70112,72.4,7,50764,70.67,5,13.89
3356,36168,79942,32.44,15,25954,26.27,7,29.41
3357,21857,117627,58.08,45,68337,41.65,15,19.09
3360,47128,76402,25.89,14,19800,17.76,4,32.39
3361,389,49553,81.55,18,40421,68.18,8,1.21
3362,31144,147445,59.43,45,87656,49.45,22,22.2
3363,69833,113641,41.16,32,46800,31.08,14,27.6
3364,216,2701,0,0,0,0,0,18.15
3369,4642,28946,56.18,3,16264,54.38,2,16.23
3372,53471,175324,47.71,26,83685,44.34,16,22.51
3373,35482,47619,26.25,4,12506,24.87,3,32.64
3374,47403,271364,63.57,39,172549,60.31,23,20.65
3376,52100,195780,44.2,59,86573,34.39,25,26.76
3377,241,19653,64.25,12,12631,35.71,2,2.0
3379,30119,38042,28.49,6,10842,24.78,3,37.26
3380,42118,541718,67.08,38,363517,64.55,16,13.65
3383,11635,75000,48.43,18,36336,38.5,6,16.72
3388,12385,77957,40.89,17,31889,30.79,5,27.58
3390,56718,79330,31.1,19,24687,19.49,4,24.55
3391,929,68860,66.03,27,45483,51.03,10,2.73
3394,163,1180,0,0,0,0,0,26.58
3397,1817,9043,0,0,0,0,0,46.56
3402,38912,73048,31.65,11,23134,25.97,5,35.71
3404,50,653,0,0,0,0,0,21.09
3406,34977,112743,55.91,51,63059,36.91,17,16.86
3412,261,8071,84.95,1,6857,84.95,1,3.49
3413,25153,110924,49.09,28,54464,43.05,17,22.97
3414,252,1360,0,0,0,0,0,39.06
3416,9286,80547,56.63,16,45635,51.5,10,15.77
3419,30817,120480,32.27,28,38912,23.47,10,25.05
3426,921,26400,63.05,10,16651,48.61,4,5.17
3430,33420,33716,33.44,6,11275,33.44,6,34.22
3431,12548,55459,51.29,8,28452,46.69,4,17.62
3432,3558,42230,66.5,13,28088,58.48,8,13.41
3434,8205,35755,44.28,13,15838,30.2,5,22.66
3437,47320,144548,24.77,21,35834,20.19,9,38.63
3438,28085,47166,45.12,2,21285,43.53,1,30.07
3441,30569,40040,27.77,12,11129,14.62,4,39.03
3443,64163,134012,64.68,40,86707,53.2,12,9.89
3444,5101,44997,48.8,17,21966,38.12,10,17.78
3447,5966,77449,58.92,13,45650,51.2,3,15.52
3450,71224,145681,47.63,49,69419,36.76,23,28.78
3455,44517,59851,29.3,22,17553,12.9,6,34.56
3465,4173,35330,67.4,12,23818,54.67,5,6.99
3466,27586,77892,46.65,26,36353,34.43,10,16.86
3467,2037,31107,61.15,10,19027,55.71,7,11.55
3469,191,22448,63.92,14,14353,42.15,6,1.47
3471,503,5000,45.04,3,2253,25.6,1,10.99
3472,1711,76274,57.36,24,43771,43.84,7,4.68
3473,258,22715,77.32,6,17569,68.92,3,1.56
3475,1780,1784,0,0,0,0,0,46.82
3479,36428,72632,42.64,17,30983,32.76,5,30.45
3481,970015,7989197,41.25,1047,3296831,36.66,432,23.56
3482,527,6521,44.4,4,2896,16.87,1,16.25
3483,53037,99049,21.88,24,21684,13.03,10,41.39
3484,47767,78828,30.75,21,24248,21.87,10,25.42
3485,7744,38501,52.21,19,20110,33.53,7,18.47
3489,3249,90452,73.32,17,66347,66.59,8,6.8
3490,34691,55006,16.27,8,8957,12.07,4,38.03
3491,74336,68805,33.63,28,23158,14.68,7,29.11
3492,2817,35532,48.45,6,17216,44.69,3,16.67
3494,18088,94800,61.33,12,58162,56.39,4,11.59
3496,210,22159,77.75,9,17233,68.76,5,1.91
3497,112,4588,33.29,2,1528,23.86,1,5.4
3498,56371,61273,49.16,15,30133,43.94,9,26.61
3499,40965,54971,43.24,12,23775,41.67,10,23.94
3501,12467,118258,48.17,22,56989,43.47,13,21.33
3502,283,9202,34.17,5,3145,12.4,1,6.87
3504,12999,114060,64.59,18,73693,60.02,9,19.02
3505,160,5429,87.89,1,4772,87.89,1,8.41
3506,606,8573,19.83,3,1701,0,0,18.33
3507,279,31800,87.08,12,27699,75.26,7,1.53
3508,68157,104312,44.05,30,45971,34.21,13,28.17
3511,10038,79973,54.19,7,43349,51.13,3,23.35
3512,4924,113072,71.57,30,80948,63.84,16,8.77
3515,13901,123544,71.09,20,87847,65.61,9,13.75
3516,3283,59561,76.92,18,45821,68.12,10,5.67
3517,666,5037,13.87,1,699,0,0,24.1
3518,29729,102467,37.51,30,38451,26.45,12,16.84
3519,65120,433985,50.72,48,220178,46.34,18,18.35
3520,48639,68847,37.49,14,25825,28.63,4,20.35
3521,39954,185766,81.46,16,151374,78.11,7,3.76
3522,28207,104096,57.36,27,59722,51.16,16,10.4
3523,7880,64258,83.37,13,53583,78.36,7,5.13
3524,301,20627,66.46,14,13714,39.39,5,2.68
3526,20589,66992,48.38,22,32417,33.72,8,17.21
3527,25162,44445,26.73,10,11887,20.06,5,26.08
3528,5655,66639,68.32,11,45541,62.68,5,11.92
3529,22657,74686,50.43,32,37682,32.55,12,8.31
3530,15889,77476,57.34,13,44427,53.68,8,22.65
3531,1849,61175,80.32,34,49152,60.76,15,4.96
3532,17199,387848,90.97,31,352914,88.06,14,4.08
3533,20629,112535,64.16,52,72239,46.64,21,6.15
3535,44678,79052,25.01,9,19784,22.23,5,41.02
3536,6381,52089,67.89,5,35374,65.11,3,11.35
3537,45121,56243,30.21,11,17004,23.54,5,37.94
3540,58655,72459,22.17,6,16076,21.58,5,38.27
3541,17903,56349,35.74,20,20153,24.78,11,19.09
3543,25158,110263,47.85,43,52792,32.31,15,12.6
3544,580,2469,0,0,0,0,0,40.42
3545,82601,222456,25.2,38,56088,19.24,15,40.35
3546,34456,58427,33.2,17,19405,23.07,7,29.76
3548,40699,67744,33.25,18,22535,22.91,6,33.91
3549,239,1481,0,0,0,0,0,29.8
3550,51838,107550,44.51,30,47895,33.88,13,24.91
3551,13362,62275,50.45,24,31431,34.24,8,27.12
3552,55140,97918,37.28,20,36527,32.42,12,31.65
3554,135,15858,87.29,1,13843,87.29,1,1.7
3555,4566,39999,79.4,8,31762,77.74,7,7.9
3556,64966,63703,15.82,4,10084,13.67,2,44.57
3557,20301,84315,60.55,19,51067,53.32,9,12.29
3558,12260,59061,51.03,10,30144,47.07,6,31.03
3560,194,20405,74.02,9,15107,59.92,4,1.64
3563,38024,63961,50.98,23,32625,36.83,7,25.31
3564,6530,59123,60.06,2,35513,60.06,2,19.32
3566,10583,419621,73.96,150,310433,60.69,57,1.15
3567,33823,33954,18.83,7,6403,7.93,2,35.29
3568,187,10063,72.35,5,7282,46.7,2,3.92
3570,2908,17097,53.9,4,9218,45.21,2,22.47
3571,417,3302,0,0,0,0,0,27.18
3572,331,11817,40.53,4,4792,25.66,2,4.69
3576,224361,1627795,35.38,183,576237,31.07,67,24.81
3577,4123,63966,67.36,26,43100,50.03,10,8.73
3579,6150,9580,74.12,3,7102,65.74,2,15.49
3580,41960,39471,12.02,6,4750,7.1,2,38.85
3581,7321,51006,57.9,15,29545,45.35,6,19.4
3583,30304,83858,60.7,26,50916,50.98,14,20.7
3584,21962,139767,25.22,29,35276,18.19,13,25.75
3585,15632,111679,40.4,14,45155,34.96,4,25.14
3586,88,2458,51.29,2,1261,0,0,7.36
3587,25968,71685,33.67,17,24144,21.81,5,36.23
3588,49714,61993,29.48,15,18291,18.42,5,34.41
3591,52605,145387,54.58,35,79383,49.81,24,19.66
3592,36592,75855,37.11,21,28170,22.29,4,31.24
3593,24569,60825,64.09,18,38999,50.01,4,9.51
3594,19797,95948,54.82,28,52611,43.11,11,16.59
3595,19711,33913,31.79,8,10789,23.33,4,26.22
3596,21951,220354,74.47,76,164135,61.96,32,9.55
3597,2328,39236,64.32,11,25242,56.92,7,11.15
3601,688,34887,52.62,9,18366,40.76,3,3.43
3603,701,24844,70.84,10,17602,64.91,7,4.71
3605,44625,175455,55.8,49,97949,48.45,28,21.22
3606,98,16847,77.4,11,13043,43.23,2,0.73
3607,47096,121662,32.85,35,39987,21.25,14,19.55
3609,7587,38419,52.73,18,20267,31.57,4,9.46
3610,1500,54015,79.65,4,43027,76.71,1,5.1
3611,4813,47555,58.21,13,27691,46.79,4,13.22
3613,1140,63436,66.67,28,42304,50.87,13,3.89
3615,44071,68467,29.58,9,20270,24.59,3,43.26
3616,3447,94650,42.55,35,40291,26.06,10,6.39
3617,7413,94766,68.3,41,64744,52.62,16,10.0
3619,164,7626,27.79,3,2120,15.73,1,4.99
3622,24790,151328,59.33,22,89793,53.67,9,16.5
3623,8453,29186,51.89,3,15148,48.24,1,23.7
3624,38620,117341,61.35,21,72011,56.97,13,22.99
3625,48394,114247,44.53,25,50903,37.41,12,20.71
3627,14082,30991,56.06,9,17376,50.03,5,11.97
3628,7660,45000,59.15,5,26624,56.02,3,16.91
3629,1740,32955,86.89,5,28637,84.01,3,3.06
3630,28346,204192,53.92,14,110150,51.09,5,20.37
3631,1850,81821,80.43,15,65823,74.99,7,4.2
3632,37346,40890,17.2,5,7037,15.58,4,45.98
3633,1933,34024,60.72,13,20666,46.15,5,10.27
3634,218,49600,82.97,13,41166,72.48,6,0.7
3635,399,5051,0,0,0,0,0,15.08
3636,503,6000,87.18,1,5231,87.18,1,4.38
3637,820,29749,77.46,6,23047,71.3,3,4.1
3642,18065,45869,63.39,18,29086,49.5,10,7.54
3643,403,47937,97.95,1,46958,97.95,1,1.03
3644,1841,83300,79.25,34,66042,70.0,20,2.8
3645,62431,136754,45.03,44,61604,35.89,22,28.21
3646,36396,39297,48.98,21,19253,19.91,5,8.95
3647,2945,2802,0,0,0,0,0,50.05
3649,275,10819,36.51,6,3952,0,0,4.85
3651,69,69565,95.9,12,66730,89.61,4,0.15
3652,3523,75098,71.57,12,53758,67.58,7,8.9
3653,64100,146733,69.0,42,101269,59.7,20,7.33
3656,3283,58249,77.46,6,45124,75.19,3,7.09
3659,635,54124,87.48,15,47355,80.8,8,1.98
3661,77495,86215,39.02,40,33650,13.22,7,20.24
3662,22523,183478,53.41,26,98010,48.89,11,17.55
3663,24334,108494,65.02,9,70553,64.27,7,20.48
3664,5804,71945,67.02,7,48227,65.15,4,7.71
3665,62259,195078,58.76,80,114645,42.61,31,10.53
3666,28708,138950,82.96,16,115291,79.83,9,6.36
3669,8080,92920,59.62,10,55409,54.68,3,17.86
3671,53,14500,87.86,7,12743,72.48,3,0.41
3672,21132,40790,55.45,20,22629,37.58,8,9.74
3673,85830,406664,42.66,69,173557,36.84,32,27.08
3674,405,17814,71.06,7,12661,65.86,5,5.17
3675,13137,53058,60.62,7,32173,55.16,2,18.31
3678,1048,26422,51.84,13,13702,35.23,5,7.03
3679,5063,63022,65.87,25,41523,54.01,13,11.94
3680,28237,96205,56.73,42,54587,43.01,22,21.38
3681,342,118704,95.07,6,112868,94.38,5,0.55
3684,6264,30305,61.44,10,18626,53.11,6,14.32
3685,12712,79574,59.81,28,47612,44.86,8,8.46
3686,62537,76495,21.65,14,16577,16.57,7,34.91
3687,36183,30124,37.33,6,11249,32.52,4,36.16
3688,3476,99176,67.87,11,67330,65.63,7,6.38
3689,33813,89509,30.52,28,27334,17.09,8,34.18
3690,1358,60356,89.17,6,53829,83.95,1,2.86
3691,13749,91883,57.85,15,53172,53.5,9,19.9
3693,28589,42991,43.92,11,18889,33.58,4,33.04
3694,13597,154929,59.9,21,92847,55.35,8,16.87
3701,49543,236669,73.2,22,173294,70.71,13,14.92
3702,93179,1741616,83.99,339,1463178,78.96,198,5.71
3703,35082,823216,72.44,108,596491,68.07,49,8.23
3704,43204,415445,65.86,82,273696,59.51,39,14.54
3705,26870,266423,68.71,72,183093,60.91,42,10.26
3706,204861,1327212,52.95,128,702949,49.6,61,23.37
3707,93116,400602,47.28,42,189497,44.66,26,30.95
3708,46312,92742,51.02,25,47344,40.34,9,24.07
3709,7307,125569,72.97,21,91658,66.83,8,9.4
3710,47953,287251,31.93,78,91785,21.83,27,16.22
3711,342631,4470572,86.96,792,3888776,81.72,421,5.47
3712,30129,246242,55.98,23,137871,53.76,15,19.07
3713,4249,88099,56.19,31,49511,43.77,11,8.01
3714,164008,737940,41.08,123,303288,35.28,52,25.94
3715,96862,283575,31.82,63,90283,23.24,25,40.33
3716,53675,149766,53.96,34,80851,46.69,15,22.1
3717,50072,210948,40.79,57,86098,31.63,24,22.7
4102,37685,42373,45.86,12,19436,33.12,4,14.82
4104,45020,188367,45.35,24,85459,40.06,8,25.37
4105,52354,248650,48.92,71,121680,39.04,33,17.74
4106,16506,100912,50.94,17,51418,46.22,8,21.78
4107,13534,69298,61.81,24,42842,51.98,14,12.41
4108,54905,198619,30.13,28,59872,23.57,7,22.99
4109,43730,118737,43.21,26,51329,35.95,11,17.64
4111,46463,59832,43.45,25,26008,32.19,14,16.62
4113,20282,231138,74.75,76,172823,63.47,33,4.93
4114,74036,510176,43.24,104,220695,36.99,49,14.96
4115,978,60000,75.66,16,45406,69.44,10,3.18
4116,4564,44566,54.95,3,24492,54.95,3,18.68
4117,6283,70824,53.47,24,37882,37.83,7,14.35
4118,202,29993,90.11,1,27027,90.11,1,1.25
4119,27254,119509,46.85,15,56000,43.94,9,18.29
4120,7698,86747,70.69,20,61338,63.8,12,9.15
4121,51545,83111,50.07,20,41623,44.27,12,23.74
4123,47022,769546,57.83,169,445260,50.65,80,11.95
4125,218,1934,0,0,0,0,0,29.72
4126,22620,72600,63.07,25,45806,53.74,14,15.52
4127,26683,45760,73.7,18,33735,58.58,7,7.57
4128,101167,588171,43.88,67,258204,39.89,27,16.05
4129,34177,96438,59.47,36,57380,46.93,14,10.95
4130,43208,137888,65.15,17,89848,61.97,9,12.58
4131,3535,39879,76.11,5,30361,72.24,2,5.57
4132,42832,187941,46.63,49,87674,38.33,23,11.76
4133,54340,60554,22.84,10,13841,18.53,5,40.11
4135,511,26465,65.43,14,17322,44.13,5,3.75
4136,95,36147,99.3,4,35897,97.87,3,0.34
4137,7581,82492,53.32,15,43998,45.46,5,15.58
4138,21332,39930,51.42,4,20535,51.42,4,25.55
4139,1185,45010,67.91,22,30579,48.01,9,3.34
4140,473,3039,0,0,0,0,0,30.87
4142,84841,429508,40.23,86,172905,33.29,37,21.93
4147,47683,273202,52.99,68,144820,43.98,29,13.61
4148,2317,67236,79.56,11,53496,78.16,9,5.92
4150,31327,147218,42.09,54,61976,27.14,15,9.58
4151,642,50026,78.35,13,39203,71.12,7,2.65
4153,5284,58668,76.43,15,44850,71.91,11,8.69
4154,901,38390,76.98,16,29560,65.87,8,2.91
4155,35473,144684,44.67,38,64675,34.75,15,16.83
4156,895,56540,71.87,14,40643,67.51,10,4.15
4157,32220,711834,58.87,115,419156,52.43,37,9.02
4160,34572,26690,29.63,3,7910,25.36,1,32.97
4161,5215,59808,44.91,25,26867,26.76,8,11.41
4162,47396,145678,45.63,21,66498,40.84,10,21.72
4163,25308,50680,70.39,22,35687,62.54,15,9.63
4164,19092,195311,51.09,54,99814,41.71,24,16.67
4166,3951,243035,82.5,26,200545,79.18,13,3.08
4167,56009,310444,41.75,75,129667,34.05,34,16.27
4168,50313,112521,26.85,24,30241,20.1,10,22.78
4169,4183,66432,53.87,22,35789,45.97,13,9.46
4170,6516,43771,58.1,15,25439,42.63,6,9.41
4171,37843,58057,32.91,10,19117,27.71,6,25.45
4172,24371,119576,39.32,26,47044,30.01,8,11.15
4173,30322,74574,43.53,5,32474,40.0,1,20.94
4174,42611,131580,41.59,31,54752,35.57,18,24.08
4175,11558,42323,56.05,7,23724,54.98,6,23.14
4177,2160,62805,59.03,17,37091,48.19,6,7.92
4178,4649,215867,77.95,46,168320,72.42,26,4.01
4181,1742,2131,0,0,0,0,0,59.4
4183,1199,23800,62.19,13,14805,42.78,5,8.8
4184,644,39183,92.03,1,36064,92.03,1,1.69
4186,4730,90000,45.83,35,41272,25.95,9,10.15
4188,4701,63333,54.3,12,34397,47.92,4,11.95
4190,16760,61446,66.04,12,40587,62.33,9,15.81
4191,2529,100170,63.05,31,63165,48.78,9,5.6
4192,4671,35164,68.1,3,23953,66.6,2,13.64
4193,5426,67616,49.22,25,33296,33.69,6,3.85
4194,3314,145974,77.0,25,112421,73.12,14,5.19
4195,28568,80000,37.84,22,30288,30.37,13,16.57
4197,2282,30181,65.7,21,19833,40.26,7,5.49
4198,2693,24108,81.08,4,19549,77.02,3,6.51
4205,11039,97649,65.93,32,64412,58.94,21,14.52
4207,8742,198538,72.28,52,143546,63.57,23,5.5
4303,35805,94605,18.97,9,17973,13.76,2,35.9
4304,3543,61038,81.92,15,50017,74.64,7,3.88
4305,1710,55014,84.73,26,46626,74.81,19,4.34
4306,90678,676757,57.5,111,389314,51.94,46,10.17
4401,12754,122692,62.15,50,76284,46.89,23,8.96
4402,41318,67992,66.35,17,45126,60.67,10,8.04
4404,7881,112286,35.72,25,40130,26.89,7,14.69
4406,1573,51912,75.67,20,39292,60.35,7,3.6
4408,4015,67628,35.74,14,24181,30.37,8,12.66
4413,1661,31315,69.29,15,21704,52.59,6,4.75
4414,22993,263796,63.78,47,168288,56.62,17,9.33
4415,4362,43577,85.04,11,37066,76.68,5,6.77
4416,2323,73586,75.01,35,55218,62.2,19,5.59
4417,8494,83971,46.21,20,38832,37.07,7,16.97
4419,5212,169163,96.84,7,163853,95.08,3,0.68
4420,8185,40455,59.14,8,23931,54.11,4,23.44
4424,2556,59856,66.58,16,39856,62.31,11,5.5
4426,9732,172677,61.44,31,106134,54.1,12,10.43
4427,967,212542,87.41,55,185828,78.71,24,0.93
4430,8693,56274,63.3,20,35626,53.29,11,16.15
4431,2151,36536,67.6,4,24703,62.21,1,11.36
4432,4982,50589,55.24,12,27950,45.45,4,12.08
4433,10173,61300,57.06,11,34991,52.24,6,16.43
4438,4574,113425,66.37,39,75298,50.12,10,7.04
4439,1217,38115,78.47,14,29912,69.76,9,5.01
4440,3960,67598,56.45,44,38165,28.48,11,12.92
4441,2264,68176,73.23,30,49941,58.9,13,4.92
4442,899,32341,77.13,20,24953,42.79,4,4.23
4502,3901,57470,69.48,14,39935,56.32,3,5.94
4503,7382,78313,64.29,12,50356,59.81,6,14.35
4506,11393,177012,80.21,28,142012,74.77,12,8.26
4510,60373,108978,36.99,20,40351,30.61,7,35.69
4513,44352,143762,56.9,15,81832,53.35,5,15.44
4523,35782,64949,59.63,18,38739,51.82,9,13.79
4526,60278,254826,51.48,65,131246,43.82,36,23.9
4527,4503,76152,66.64,25,50757,61.69,18,10.14
4528,13597,84166,62.84,13,52906,60.34,9,19.15
4529,8850,84549,58.72,14,49675,52.78,5,12.07
4530,7312,35795,71.65,5,25654,64.46,1,6.06
4532,20100,494895,70.58,90,349353,65.96,56,8.15
4533,68739,158434,30.02,25,47598,23.99,9,35.64
4534,20158,86789,41.99,24,36459,31.57,8,21.13
4535,7185,75662,77.42,21,58599,69.66,12,4.83
4536,7551,90820,56.0,43,50870,37.17,14,12.82
4537,2176,78840,82.0,16,64659,76.98,10,4.38
4538,1698,59470,80.42,15,47836,71.63,7,3.9
4540,41253,115187,32.07,22,36961,26.44,12,41.04
4541,43750,67647,40.34,19,27305,31.68,10,27.42
4542,5573,35269,54.23,24,19133,20.95,5,17.29
4543,22288,59772,47.3,14,28279,42.25,9,24.07
4544,1585,60290,67.46,20,40685,49.87,2,1.91
4545,21635,77000,72.88,8,56126,70.61,5,9.59
4546,1306,33775,59.23,11,20014,48.74,5,6.27
4547,302,23349,84.76,7,19792,72.34,2,2.65
4549,7567,57002,61.64,13,35142,58.74,10,17.14
4550,3247,37839,55.76,11,21107,49.01,7,15.12
4551,4780,115222,82.73,31,95340,77.04,21,4.65
4552,28535,116000,50.85,21,58997,44.47,8,11.98
4553,483,33020,86.87,14,28689,76.83,8,2.43
4554,2419,26327,52.18,7,13739,50.62,6,14.78
4555,4217,69988,71.04,15,49732,65.67,8,10.49
4556,2909,42303,74.96,11,31712,72.9,10,8.96
4557,27533,47972,43.09,20,20686,28.53,8,12.44
4558,1604,50000,73.96,33,36985,50.06,13,6.24
4559,687,60000,87.91,17,52762,79.9,10,2.15
4560,2439,68097,86.19,12,58707,83.6,9,3.33
4561,8825,58522,58.19,12,34066,52.04,7,24.65
4562,12219,87546,52.3,12,45798,50.01,9,28.61
4563,6567,54950,54.26,11,29826,49.6,7,21.89
4564,47784,232788,41.88,52,97539,35.19,26,19.79
4565,1440,61740,79.92,24,49351,66.05,12,2.43
4566,25808,110091,53.07,21,58434,50.64,16,25.41
4568,1616,31730,68.94,8,21878,59.34,3,7.41
4569,2063,30600,66.34,11,20305,52.36,5,7.7
4570,199,44000,95.01,16,41811,87.52,12,0.6
4571,6621,53017,66.2,21,35108,55.56,11,15.97
4572,3536,40019,64.17,11,25680,61.89,9,9.67
4573,10663,41697,41.83,14,17444,28.38,5,24.9
4575,776,38668,68.69,17,26572,53.7,8,3.26
4576,25789,119802,65.32,28,78274,59.32,18,18.94
4577,7403,49138,60.57,9,29769,56.0,5,23.24
4578,691,20300,97.0,3,19693,92.28,2,1.48
4580,5076,46803,49.19,17,23030,37.61,10,18.34
4581,1662,33899,62.95,15,21344,46.35,8,8.8
4582,2634,75480,56.48,26,42648,45.32,12,7.38
4583,6984,80171,86.98,10,69748,81.83,4,4.54
4584,1062,30002,80.09,13,24034,69.26,9,4.42
4585,18722,104609,76.7,3,80246,76.14,2,16.23
4587,993,33000,88.23,5,29118,88.23,5,3.15
4588,5280,42985,50.28,15,21618,37.45,8,21.36
4589,605,25968,70.5,12,18312,45.36,1,3.61
4590,10090,54838,49.75,20,27286,36.41,9,15.49
4609,1749,47947,75.94,25,36423,63.41,15,3.86
4702,14277,72333,51.12,9,36982,46.49,2,22.93
4703,9151,65750,26.09,7,17167,22.54,3,26.95
4706,2148,79030,82.63,15,65319,77.15,8,2.47
4707,28612,403715,71.24,58,287651,66.07,27,8.68
4711,7569,61056,60.0,10,36643,53.42,4,15.76
4712,3612,18423,45.99,2,8473,43.69,1,17.23
4714,51598,178088,21.21,21,37795,15.78,5,27.68
4716,43934,94427,35.88,29,33892,24.42,11,23.05
4717,1001,155,0,0,0,0,0,99.98
4720,14138,114516,39.51,25,45266,35.41,16,25.26
4721,57344,74986,37.35,19,28012,28.03,7,37.79
4722,13592,103986,61.5,48,63978,47.19,22,10.21
4724,3101,95976,59.01,27,56663,46.34,8,7.6
4726,12921,207042,57.87,41,119852,50.29,14,12.62
4727,349,7278,18.79,3,1368,0,0,8.58
4728,16858,54463,84.5,36,46036,64.13,18,2.33
4729,7439,79227,50.96,11,40385,46.46,6,18.53
4730,1063,27868,69.84,13,19466,57.91,7,4.79
4732,1589,49644,66.48,30,33011,46.51,13,6.44
4734,371,10237,14.95,2,1532,0,0,6.16
4735,37684,41569,53.36,15,22187,42.93,8,19.45
4736,14135,95374,50.8,17,48473,44.87,8,23.33
4737,10980,77398,61.75,26,47801,48.83,9,5.95
4738,3581,77596,58.39,7,45323,54.05,1,11.45
4739,56029,124700,42.71,33,53269,31.71,10,26.44
4741,12347,34812,45.9,9,15983,40.07,5,17.13
4743,80460,480533,46.91,74,225516,42.58,36,17.01
4744,33419,56948,51.53,25,29352,35.21,11,12.89
4745,3135,69706,64.85,25,45217,57.13,16,7.51
4746,43178,120256,43.08,40,51828,32.3,19,20.72
4747,2117,45461,66.03,23,30028,50.19,11,6.35
4749,58544,92733,35.55,26,32978,23.92,9,32.04
4752,1065,84397,89.58,6,75611,86.99,2,3.03
4754,23059,30283,36.69,6,11112,28.46,3,24.07
4755,8383,100706,69.81,18,70326,64.77,9,11.29
4758,396,29217,92.13,6,26925,84.79,2,1.23
4760,11268,32218,39.47,9,12721,34.77,6,24.43
4762,139,20720,99.67,8,20653,97.29,7,0.25
4763,56132,989147,59.77,108,591422,55.74,44,11.35
4764,7032,85542,75.99,32,65018,63.96,16,7.97
4765,922,32133,55.11,16,17715,39.21,6,5.94
4766,11167,120571,69.94,29,84353,61.85,13,9.39
4767,904,31415,64.05,12,20128,46.88,5,4.89
4768,16428,47488,34.13,16,16221,19.49,4,30.06
4770,9977,79976,62.89,22,50311,59.51,18,15.07
4771,4161,58761,59.58,23,35019,45.5,9,9.55
4772,33484,147682,49.67,27,73390,41.86,9,24.45
4773,228,72709,94.99,14,69091,92.29,11,0.25
4801,785,47201,98.7,2,46594,97.82,1,0.23
4802,296,18854,87.92,2,16579,85.36,1,2.38
4803,5716,59069,57.43,8,33936,55.13,6,14.81
4804,30106,71992,62.0,11,44648,54.88,3,10.09
4806,17985,99947,88.89,10,88854,85.88,4,2.13
4807,14586,48996,68.72,16,33674,63.34,12,9.59
4903,46764,105344,42.55,13,44838,36.69,2,31.69
4904,88704,3607705,93.24,375,3364576,90.64,229,2.68
4905,2008,29260,81.67,18,23903,63.71,10,5.92
4906,93187,451846,29.53,84,133526,24.02,42,30.57
4907,2934,118146,84.95,8,100389,83.76,6,3.56
4908,33992,78217,52.78,19,41302,44.3,10,26.68
4909,64011,93357,26.61,14,24868,22.09,7,41.98
4911,3481,63720,57.57,19,36691,46.73,8,8.31
4912,25990,66993,51.31,25,34384,36.97,7,14.99
4913,475,9667,25.75,3,2490,0,0,11.98
4914,226,10000,77.04,5,7705,61.66,2,4.01
4915,31767,471881,63.48,128,299619,55.2,69,14.23
4916,75109,124083,30.75,23,38184,26.61,13,42.29
4919,74775,452398,62.61,48,283319,58.77,20,23.37
4920,107,41779,93.69,6,39149,86.74,1,0.35
4922,4560,44958,25.44,12,11446,11.8,2,17.24
4923,30649,37269,35.99,14,13420,23.44,6,20.06
4924,1410,37164,70.95,18,26378,56.64,10,5.84
4925,5337,70952,48.35,31,34317,30.88,10,12.66
4927,61679,264938,23.94,60,63493,14.99,20,27.99
4929,384,234,0,0,0,0,0,38.45
4930,33790,80000,63.63,13,50922,58.75,7,17.89
4931,59125,65566,36.02,22,23629,21.12,6,38.9
4932,311,2020,0,0,0,0,0,40.02
4933,5811,82663,63.74,12,52704,59.63,6,12.88
4934,70508,225000,35.34,23,79565,30.44,7,23.77
4935,8140,128864,62.63,25,80745,56.84,14,13.78
4938,159244,2682044,77.6,411,2081623,73.11,219,10.52
4939,63980,98201,31.89,18,31330,24.62,6,36.14
4942,6611,142368,62.56,41,89088,54.52,22,10.45
4943,22100,126694,63.97,26,81058,53.36,6,14.36
4946,8351,8853,42.58,1,3770,42.58,1,37.4
4949,10922,67752,52.16,27,35355,41.06,13,20.6
4950,6643,57729,72.65,5,41950,68.13,1,6.19
4951,11503,34149,19.41,8,6636,4.48,1,34.2
4952,15460,108816,52.85,10,57526,48.76,3,26.18
4953,34586,73147,47.52,19,34775,37.67,7,24.16
4956,42309,100408,38.11,19,38289,32.39,9,33.23
4958,205944,1109326,72.7,234,806627,66.36,121,14.78
4960,90889,571705,61.86,86,353708,57.02,45,15.82
4961,42002,121254,44.57,33,54076,33.41,12,29.25
4963,445,75455,83.64,9,63121,82.03,7,1.43
4966,29972,78958,38.45,30,30383,23.07,10,26.14
4967,66733,97424,20.41,21,19909,11.69,7,50.77
4968,56788,92210,20.33,19,18757,10.55,4,46.52
4969,11534,190978,55.64,56,106290,44.91,23,6.89
4971,34789,39986,34.04,20,13619,7.02,2,30.66
4972,15606,56889,49.5,21,28169,36.39,10,24.48
4973,50344,65293,23.59,12,15413,15.98,4,42.82
4974,43131,72500,41.71,6,30253,39.73,3,29.78
4975,1025,326577,96.31,11,314557,95.92,8,0.73
4976,44998,141351,29.24,15,41367,25.16,6,35.71
4977,48033,82690,19.01,12,15734,10.73,2,48.5
4978,67,5000,82.32,1,4116,82.32,1,2.2
4979,90979,142802,38.01,36,54299,27.81,14,39.79
4980,2382,45204,58.12,14,26282,50.4,7,10.84
4989,38110,137776,33.85,29,46656,29.03,18,41.0
4990,3287,102734,53.4,32,54862,43.96,17,7.95
4991,56836,121086,53.58,36,64908,41.31,13,24.69
4992,1034,210050,82.08,38,172445,76.89,22,1.01
4994,2202,66383,86.06,30,57151,79.0,22,3.25
4995,5131,42592,66.66,21,28401,51.55,11,8.53
4996,784,99070,77.8,37,77094,65.91,19,0.92
4997,272,14665,42.96,8,6303,17.41,2,3.49
4999,46309,74417,41.11,25,30603,27.29,10,26.03
5006,14040,97063,10.2,8,9910,7.79,3,21.32
5007,4922,294940,87.8,44,259020,84.72,28,1.99
5009,82391,602471,48.36,99,291506,43.9,51,18.49
5011,33791,100674,49.47,32,49835,37.3,14,14.91
5013,9032,133416,86.98,43,116074,80.89,31,2.35
5014,52348,183265,37.43,50,68635,27.38,21,20.03
5015,26675,60639,51.92,19,31497,42.13,9,20.16
5016,2750,49622,65.97,15,32747,59.95,10,10.3
5017,6871,321,0,0,0,0,0,82.2
5201,13652,38675,56.68,18,21923,33.72,6,10.58
5202,43913,89094,53.15,12,47360,48.76,7,17.67
5203,31606,79343,46.16,20,36641,34.82,6,18.19
5204,1378,6412,18.46,1,1184,18.46,1,20.3
5205,1748,13500,74.44,2,10051,71.26,1,7.93
5206,3637,171518,85.31,31,146347,80.21,16,2.99
5207,2910,15834,38.6,8,6114,14.82,2,12.01
5209,4246,28567,55.53,4,15867,53.48,3,18.87
5210,39240,82178,44.13,17,36280,36.03,6,13.22
5211,7619,32025,47.93,12,15352,40.85,7,23.82
5212,10032,34633,79.71,16,27608,67.03,9,6.32
5213,21360,721334,86.15,80,621603,84.23,56,4.5
5215,5449,64338,53.13,22,34193,42.71,11,16.28
5216,401,17847,82.4,11,14710,57.64,4,2.85
5220,7712,39667,43.55,19,17284,19.61,5,16.87
5221,347,5573,11.3,1,630,0,0,15.82
5222,33234,91119,32.21,24,29359,22.67,10,27.09
5223,2800,44550,62.08,12,27665,54.12,7,13.49
5225,8455,79136,46.74,13,37005,39.3,4,20.39
5226,400,23300,52.74,11,12293,31.51,3,4.34
5227,58716,68000,16.26,6,11069,12.78,2,37.67
5228,3743,38056,53.85,12,20499,44.94,6,16.28
5229,129,58238,96.46,13,56185,89.33,6,0.41
5230,29908,56304,24.67,17,13898,10.27,4,31.79
5233,3000,277249,85.35,23,236705,82.42,10,2.36
5234,11272,102716,65.24,19,67026,59.53,9,9.47
5236,6706,60004,63.64,7,38202,60.89,4,14.9
5238,692,67296,83.45,15,56167,78.59,9,2.2
5239,601,24700,30.08,8,7434,16.98,3,5.26
5240,514,26582,53.83,16,14312,30.32,5,2.66
5242,1115,124895,72.3,45,90323,58.6,18,1.89
5243,31514,168529,56.87,30,95860,50.05,12,21.38
5244,9883,68242,46.44,30,31703,28.99,11,19.34
5245,3926,45127,57.84,18,26112,40.73,7,16.39
5246,8998,44823,35.25,11,15805,27.04,4,26.95
5247,511,75000,75.92,12,56951,68.74,5,1.47
5248,1943,24500,58.73,5,14393,56.84,4,15.02
5250,209,39107,97.08,1,37967,97.08,1,1.0
5251,35430,33733,33.43,4,11284,29.21,2,39.32
5253,224,40943,81.05,20,33194,58.2,5,0.96
5254,668,22607,75.77,8,17132,70.42,6,4.91
5256,1873,71602,69.68,25,49908,61.23,15,4.55
5257,809,132750,79.64,27,105735,73.71,13,1.25
5258,25674,110365,50.7,40,55978,37.16,15,16.34
5259,2365,43563,82.06,8,35757,74.45,3,5.69
5262,8008,52699,54.3,23,28625,31.97,5,6.02
5263,26650,73937,56.19,31,41557,43.85,15,12.4
5265,123,1207,0,0,0,0,0,22.11
5267,1338,25300,62.14,13,15723,46.59,5,8.55
5269,36931,74157,58.82,12,43633,54.24,6,24.51
5271,8475,63472,29.47,13,18716,20.52,4,24.51
5272,45690,55276,23.88,15,13210,10.26,3,36.38
5274,56012,37803,33.72,13,12758,18.74,3,12.65
5275,144,10264,30.86,6,3169,0,0,2.11
5276,948,39500,88.18,6,34840,85.29,4,4.19
5278,4415,300000,82.52,69,247621,77.49,45,2.7
5282,278,25006,85.81,10,21463,59.25,1,0.6
5283,27617,87601,61.08,24,53512,52.56,14,20.34
5284,9457,52893,58.19,15,30784,49.46,7,18.14
5285,13154,102041,62.61,36,63906,49.58,17,19.47
5286,910,14745,79.97,6,11795,69.95,4,4.81
5287,9843,60311,59.22,22,35730,47.07,10,21.12
5288,3069,69699,69.19,15,48237,59.84,4,7.27
5289,65514,96365,36.11,30,34815,23.29,10,27.41
5291,5140,39891,47.59,24,18997,16.39,3,21.56
5292,7061,42108,51.7,16,21781,39.96,8,15.46
5294,60,82,0,0,0,0,0,86.86
5295,156,29140,86.34,15,25168,71.08,8,0.75
5296,469,21595,35.92,7,7760,27.24,4,5.13
5297,8779,37652,19.39,9,7309,10.71,3,36.02
5299,17389,50889,51.17,10,26049,44.98,5,26.81
5301,4042,65890,80.71,11,53195,73.56,4,4.95
5302,13278,159888,52.02,21,83206,47.22,8,17.5
5304,32311,326962,88.1,23,288108,86.33,13,6.18
5306,12258,126001,69.59,24,87699,64.41,11,12.54
5307,35144,423129,41.16,93,174223,32.17,31,16.03
5309,71772,230967,37.38,40,86385,29.8,13,33.95
5310,7177,28944,58.56,15,16956,38.38,5,6.35
5312,5867,60060,55.62,17,33414,50.71,13,13.69
5314,54799,292000,41.27,38,120600,37.45,19,29.23
5315,51182,106352,32.22,29,34292,22.5,12,22.43
5321,8057,53180,58.01,22,30856,42.01,8,13.08
5324,21264,226379,79.7,48,180470,73.5,25,4.92
5325,20414,55494,33.46,8,18575,27.52,3,38.12
5328,76814,172711,41.79,21,72231,36.93,8,37.68
5336,2960,2221,0,0,0,0,0,68.9
5340,26804,194894,60.9,32,118722,53.43,8,20.81
5344,6817,79447,75.59,7,60066,73.54,4,10.76
5345,6419,37795,78.88,2,29814,78.88,2,7.31
5346,263569,1366161,37.67,307,514810,27.96,88,20.13
5347,103702,1879568,85.53,263,1608052,81.94,157,7.08
5348,1850,14776,56.32,6,8324,40.79,2,9.83
5351,114059,328650,34.8,59,114423,28.66,28,31.94
5353,6572,75765,54.87,29,41587,37.82,10,13.64
5355,32604,166123,70.37,44,116938,62.63,25,7.14
5356,53042,103040,44.04,23,45400,39.58,16,22.46
5364,7400,63850,70.15,14,44801,61.31,3,5.98
5371,104049,390981,45.16,52,176646,42.15,32,31.69
5372,5395,48618,23.55,13,11456,12.39,4,24.41
5376,3811,33732,33.69,9,11370,23.82,3,17.22
5381,27171,207691,55.3,31,114877,48.1,9,18.83
5385,8315,11156,23.82,2,2658,18.19,1,43.93
5386,27813,36081,36.98,7,13350,28.28,2,35.99
5387,141664,45000,91.32,2,41101,90.18,1,7.18
5388,34115,304343,50.83,104,154741,40.04,49,20.07
5392,67169,176562,35.57,22,62842,29.88,6,33.12
5395,2242,1759,0,0,0,0,0,41.07
5398,41199,49465,57.79,19,28591,43.77,9,7.78
5403,9627,78176,47.8,35,37387,31.07,13,19.15
5410,56710,93130,37.64,23,35069,29.27,11,27.3
5414,5081,68584,59.71,20,40961,48.1,7,10.26
5425,100683,263485,44.99,48,118567,40.22,28,33.94
5426,35932,143800,56.23,24,80876,52.77,16,21.62
5432,5579,20688,54.1,4,11196,51.4,3,28.78
5434,30680,194008,54.17,73,105121,38.48,26,14.34
5438,38006,112537,75.44,11,84913,74.25,8,9.96
5439,34246,92977,46.32,30,43083,37.07,18,27.32
5442,4830,64865,20.62,12,13387,14.59,5,16.15
5443,66527,164747,40.24,22,66334,34.68,7,35.44
5450,11664,122403,80.82,11,98950,78.42,6,5.46
5452,69815,148764,42.52,22,63272,38.55,10,29.61
5455,3470,65502,93.99,25,61570,89.0,20,1.65
5457,17302,196429,53.29,31,104726,48.84,17,17.12
5460,31687,58778,56.25,29,33073,37.33,12,16.13
5464,4656,71071,72.46,26,51506,59.18,13,8.03
5465,7934,147683,71.92,16,106237,68.79,8,11.24
5467,1836,85552,86.4,11,73931,82.8,6,2.84
5468,6187,58923,64.88,13,38242,59.13,8,13.84
5469,37464,486166,72.64,82,353221,67.16,40,12.09
5471,66828,167877,30.54,43,51310,22.01,18,36.97
5473,2489,3039,0,0,0,0,0,78.16
5474,8129,39757,56.66,8,22534,48.5,4,26.78
5475,51946,127127,40.42,26,51420,33.94,12,33.39
5478,41081,156074,79.58,30,124246,73.09,16,9.49
5481,42328,71403,65.36,23,46687,54.74,11,8.0
5483,126867,641222,63.03,161,404316,55.37,83,18.73
5484,34137,66801,37.96,11,25368,34.09,7,37.89
5487,7160,24223,71.12,15,17233,47.68,7,7.37
5488,40742,91586,44.45,28,40723,36.62,15,15.58
5489,3180,102706,84.99,13,87295,82.63,8,4.22
5490,70090,96152,34.69,24,33375,26.83,11,24.69
5492,1375,71415,98.66,1,70463,98.66,1,1.03
5493,5687,43689,43.84,17,19164,24.88,4,19.61
5497,4840,65328,26.12,14,17079,15.5,4,16.92
5498,71048,193549,33.2,20,64306,29.67,9,38.58
5501,6093,21200,28.1,4,5959,24.3,3,20.14
5505,5927,138832,65.6,47,91106,50.89,15,7.02
5506,7580,152545,66.77,34,101882,58.45,12,6.12
5508,18794,217428,68.98,19,150033,65.91,8,14.63
5511,5913,113440,65.5,37,74331,55.17,18,8.81
5512,78775,766312,61.56,157,471825,54.49,70,9.16
5514,10414,236118,92.42,51,218255,87.52,32,1.2
5515,12027,201600,69.68,56,140503,62.15,30,8.33
5516,1826,51545,69.45,14,35807,60.51,7,4.77
5519,17493,219197,57.69,44,126511,51.35,20,16.61
5520,1224,59975,83.75,23,50242,73.58,12,2.2
5521,63817,492280,57.82,96,284698,51.93,50,10.35
5522,17930,781596,88.76,56,693883,86.75,30,4.24
5523,2605,155001,92.08,31,142765,88.82,23,1.42
5524,3913,58669,30.77,22,18069,11.6,4,16.08
5525,4714,318105,88.3,69,280962,84.12,49,2.02
5529,11342,101837,73.85,19,75232,68.33,10,5.14
5530,12448,420084,82.55,49,346886,79.43,27,4.74
5531,14910,977589,86.09,86,841812,83.36,40,3.17
5532,821,17804,31.03,8,5527,5.88,1,4.86
5533,5708,285245,80.14,77,228650,71.18,35,3.51
5534,22754,315326,69.46,85,219047,60.48,43,11.52
5536,26974,124081,58.22,63,72263,37.53,19,10.82
5538,1313,201203,94.08,21,189337,93.06,18,0.97
5541,86,26427,82.05,10,21689,76.05,7,0.26
5543,1083,46704,72.77,29,34000,46.24,9,2.78
5546,1321,82353,84.71,18,69785,77.98,9,2.49
5547,1381,45288,65.82,13,29820,54.69,6,5.17
5548,2361,58529,64.61,17,37834,58.65,12,6.19
5601,868,64800,79.47,44,51514,47.23,11,1.17
5603,29882,104877,54.7,22,57382,49.65,13,18.42
5604,11030,108783,67.08,44,72986,53.81,21,7.1
5607,17700,370553,75.41,59,279527,68.83,21,6.39
5608,90015,389276,28.6,52,111393,22.95,17,30.4
5609,38133,142884,52.38,46,74871,46.71,32,23.44
5701,51860,143000,53.55,19,76601,48.98,8,16.81
5702,1937,5294,0,0,0,0,0,45.88
5703,1983,70240,88.29,25,62024,83.83,19,3.57
5704,3539,58862,83.83,23,49356,79.45,19,7.2
5706,28490,84911,38.75,13,32914,35.26,7,31.39
5810,48666,916440,72.87,99,667962,68.98,39,7.71
5859,3602,1450278,96.81,47,1404419,96.14,31,0.51
5863,27024,320202,81.44,44,260827,77.09,23,5.17
5864,13954,454496,68.34,106,310675,59.38,43,5.74
5871,115406,1711421,69.3,359,1186168,63.41,199,10.66
5871A,8198,150000,68.94,45,103440,60.84,26,5.06
5876,54239,4861603,86.85,824,4223295,81.21,373,1.67
5878,1807,25024,71.87,12,17989,59.78,7,11.64
5880,413594,15680937,73.75,1802,11568507,69.74,731,4.76
5901,5003,22907,77.87,2,17837,77.87,2,8.64
5902,2601,94500,85.24,16,80567,81.33,10,3.59
5903,17439,223220,91.42,25,204109,88.64,16,5.38
5904,29132,106444,69.18,48,73655,51.74,18,8.64
5905,46082,281623,46.93,43,132222,40.7,16,16.52
5906,980,35741,86.27,9,30838,82.48,7,1.9
5907,5561,195531,69.43,28,135786,65.0,13,6.67
6005,112372,2170908,72.74,271,1579395,69.35,152,8.15
6015,73332,403665,50.3,88,203131,43.41,41,12.18
6016,77372,686596,51.69,146,355042,44.33,61,10.8
6020,1944,252353,96.62,10,243862,95.97,8,0.86
6021,4207,312231,90.38,47,282236,86.45,27,1.61
6023,14400,319976,86.49,24,276800,84.31,12,4.66
6024,16988,249938,68.83,30,172100,64.8,11,10.88
6026,43942,396162,49.79,89,197338,41.2,36,10.84
6027,827,155720,95.28,9,148395,93.8,6,0.47
6028,1679,25000,64.45,12,16117,50.64,5,9.38
6035,2285,71440,93.92,20,67109,83.88,9,2.22
6101,3558,116589,87.12,39,101601,77.88,24,4.24
6103,3153,13605,91.1,5,12395,83.83,3,4.28
6104,56566,91129,20.76,18,18943,13.6,7,43.28
6107,5297,87438,40.85,17,35734,34.59,8,13.79
6108,60555,154494,52.52,43,81170,41.71,18,15.46
6109,34059,87825,50.29,33,44179,38.45,18,12.38
6110,2635,29375,18.41,7,5412,7.18,2,14.26
6111,45560,108511,44.51,24,48320,40.24,17,24.65
6112,34361,188357,58.88,14,110949,56.3,6,21.13
6113,8306,52549,52.17,7,27418,52.17,7,20.78
6114,5422,43912,74.05,9,32522,65.48,3,8.9
6115,14259,187662,61.39,30,115246,56.68,17,16.58
6116,385172,2858655,42.18,186,1206670,39.8,75,26.67
6117,14472,92587,53.37,13,49426,49.06,7,25.08
6118,9177,90890,56.93,16,51757,51.7,9,19.67
6120,59852,599000,60.83,75,364487,56.57,33,12.59
6121,18081,184971,68.71,85,127123,50.87,33,10.09
6122,35726,78092,30.79,20,24062,20.52,8,27.9
6123,10457,62089,43.16,20,26811,33.39,9,21.03
6124,9046,182480,93.71,18,171041,92.3,14,4.39
6125,91603,259011,36.2,34,93820,31.67,16,35.32
6126,71359,130058,37.17,24,48361,31.82,14,32.87
6127,75295,108080,22.17,18,23973,16.85,8,48.22
6128,7589,127589,59.36,26,75774,54.36,16,11.54
6129,75853,180944,17.18,14,31129,14.44,6,37.68
6130,29393,46300,61.94,14,28682,49.8,7,8.02
6131,5937,34793,41.17,9,14331,29.61,3,17.04
6132,4752,64126,35.3,25,22649,15.59,5,15.8
6133,23180,117006,46.45,19,54374,42.92,12,24.78
6134,17916,81882,55.12,18,45157,47.89,8,18.98
6135,7561,76189,38.41,12,29269,34.23,6,13.35
6136,45532,115536,44.89,33,51890,33.94,13,20.29
6137,11244,101363,38.74,29,39284,26.62,9,15.27
6138,29844,75636,47.64,26,36048,30.67,6,21.0
6139,42113,235576,69.04,78,162697,57.63,36,12.46
6140,9937,54898,46.54,17,25561,34.47,7,26.85
6141,16234,113354,51.7,39,58631,42.01,21,17.29
6142,48926,330779,58.88,56,194784,51.26,15,10.45
6143,55125,86059,30.35,20,26126,18.88,5,41.12
6144,1500,38274,89.55,3,34277,89.55,3,5.42
6146,20774,101867,56.48,32,57565,42.55,10,14.2
6147,159116,744594,65.39,143,487060,60.06,81,21.46
6148,27838,46604,37.08,9,17285,33.68,6,33.72
6149,3074,31880,39.03,7,12445,35.09,5,15.83
6150,40286,48346,17.04,8,8248,11.78,3,45.41
6151,19237,55257,35.66,18,19720,20.53,6,23.38
6152,41575,167738,24.56,31,41228,16.85,10,27.05
6153,80943,636178,48.48,99,308520,42.67,38,17.63
6154,10810,80080,63.27,21,50676,54.44,10,16.31
6155,16282,88024,54.86,22,48308,49.4,14,27.38
6156,38947,107875,40.34,23,43538,31.99,9,23.59
6158,36471,55698,42.59,15,23726,34.34,9,21.61
6160,45170,68489,38.5,16,26376,29.69,7,25.63
6161,23354,56237,39.38,5,22157,35.28,1,25.77
6162,3805,79768,51.98,24,41474,43.88,13,10.13
6163,47240,148839,44.47,34,66230,37.27,17,25.14
6164,46474,80000,26.14,22,20927,15.3,6,31.43
6165,41332,77753,48.29,25,37560,35.95,11,13.3
6166,11960,217779,77.54,58,168918,69.25,30,7.01
6167,29074,146000,43.32,33,63274,35.74,16,18.96
6168,34908,205762,47.97,23,98750,45.4,15,26.58
6169,40843,23395,30.58,4,7157,26.44,2,30.37
6170,33381,97260,56.29,20,54775,52.58,14,17.82
6171,2382,100000,87.64,23,87652,79.36,11,2.98
6172,1899,30000,91.42,9,27428,85.37,7,5.51
6173,54093,171200,66.19,28,113341,59.61,11,21.35
6174,10001,50000,62.51,13,31260,56.79,8,19.33
6175,24236,150122,60.39,23,90688,55.94,10,25.33
6176,72981,465027,48.49,136,225546,38.89,65,24.74
6177,21280,471891,75.1,126,354438,66.51,64,6.8
6179,49983,177325,42.16,49,74786,32.8,21,18.39
6180,57812,175494,49.61,29,87099,45.86,19,28.0
6181,3947,45630,11.86,6,5419,6.89,2,16.59
6182,182887,632505,43.19,120,273329,38.02,69,30.88
6183,37385,150000,77.43,32,116169,71.06,17,5.77
6184,7725,162128,72.4,30,117409,67.84,18,8.83
6185,46514,149868,52.85,48,79237,39.94,16,14.24
6186,57582,194908,52.46,35,102292,46.54,16,13.4
6187,62894,98263,50.93,44,50062,33.08,16,21.38
6188,69366,278359,42.9,39,119449,36.42,11,31.02
6189,64522,263919,34.22,69,90375,23.5,29,28.09
6190,60854,195376,36.89,43,72111,29.41,19,35.7
6191,81904,499303,59.58,54,297629,56.19,28,21.86
6192,8172,96156,57.22,38,55041,45.57,20,12.23
6193,8876,177808,61.36,38,109140,56.66,25,9.89
6194,4957,48000,54.9,19,26359,38.45,7,15.02
6195,11374,50193,53.24,7,26729,52.4,6,25.83
6196,31496,220330,71.94,44,158570,66.31,25,11.88
6197,48637,123897,46.31,25,57406,39.44,11,28.94
6198,6555,171400,94.21,8,161523,92.89,4,1.45
6199,1908,61760,83.29,22,51452,77.01,16,4.07
6201,5904,89200,69.11,21,61661,61.43,11,11.7
6202,58553,230388,40.19,47,92626,33.1,21,29.69
6203,10068,82401,59.2,16,48786,52.21,6,22.43
6204,22270,23102,29.71,3,6867,25.64,2,45.03
6205,13218,82236,45.71,25,37596,40.78,17,27.49
6206,16852,143062,52.58,43,75258,43.21,20,19.55
6207,69293,92534,19.8,18,18337,12.17,6,57.2
6208,13177,94462,63.56,42,60052,50.94,23,18.68
6209,60109,181937,40.37,46,73468,33.33,27,33.64
6210,3099,35048,54.11,16,18968,36.44,7,17.15
6212,984,102000,91.79,27,93643,86.12,18,1.01
6213,68957,363597,65.25,75,237331,58.55,38,18.03
6214,57010,272243,55.12,69,150132,45.51,29,21.75
6215,56291,82790,33.39,13,27652,30.51,9,41.38
6216,32386,97296,39.67,27,38618,29.91,10,24.42
6217,84070,117210,29.9,29,35073,19.79,12,44.82
6218,28527,64262,47.75,18,30704,37.46,7,27.65
6219,5884,124967,69.23,21,86520,66.41,14,7.32
6220,34651,146463,63.39,52,92871,52.92,27,10.05
6221,31428,168607,74.97,22,126450,71.82,13,6.95
6222,1860,95689,90.09,11,86223,84.51,3,2.12
6223,51458,97981,49.64,32,48660,38.94,14,10.0
6224,43846,85645,38.58,25,33053,25.73,9,26.64
6225,5572,27800,65.08,7,18097,55.2,2,7.24
6226,50220,115535,31.87,28,36834,23.18,11,33.32
6227,7568,76112,72.89,8,55483,69.06,2,13.58
6228,1898,26000,80.44,5,20917,75.5,3,8.35
6229,30562,40361,36.44,6,14713,32.8,4,25.21
6230,7564,86343,87.81,3,75819,87.81,3,7.22
6231,25523,45652,32.89,10,15027,26.2,5,33.33
6232,36921,451527,18.66,60,84344,13.34,18,18.33
6233,62118,81022,28.4,19,23033,18.43,6,35.79
6234,31589,100386,54.67,21,54902,49.62,13,23.53
6235,62213,199906,40.52,23,81047,36.41,9,29.6
6236,909,41654,92.69,4,38614,87.98,1,1.64
6237,72537,79645,19.16,11,15270,13.97,5,44.02
6239,174552,759147,66.95,183,508407,60.35,100,18.92
6240,1074,22867,82.71,9,18920,70.93,5,4.76
6241,29340,48700,46.68,9,22746,38.75,3,15.04
6242,3179,31806,63.68,7,20258,55.47,3,13.66
6243,59137,45269,23.2,7,10508,17.67,2,46.01
6244,95803,387042,33.38,67,129265,27.8,30,30.35
6245,20441,146608,44.96,25,65950,39.56,12,22.42
6246,32644,37851,62.99,7,23847,53.99,1,13.21
6248,32340,99956,48.97,24,48971,43.68,15,16.88
6249,207,2867,14.82,1,425,0,0,16.21
6250,1161,18249,70.88,2,12937,67.95,1,6.96
6253,453,5879,0,0,0,0,0,15.31
6254,518,30882,49.51,13,15294,36.43,6,3.4
6256,457,1843,0,0,0,0,0,52.65
6257,111205,483912,52.38,146,253593,42.12,66,22.33
6259,9499,28056,44.94,4,12612,41.09,2,21.56
6261,55836,128498,37.88,27,48705,29.72,12,31.53
6262,1344,20451,28.67,5,5866,16.81,1,16.1
6263,11689,62501,43.35,7,27100,40.96,4,27.2
6264,4208,136355,71.67,28,97757,67.3,18,5.6
6265,39126,118172,44.65,15,52782,40.1,6,27.58
6266,45865,153872,38.39,36,59096,31.0,18,19.58
6269,81606,323831,31.19,66,101094,24.21,27,32.35
6270,34457,72146,41.72,17,30109,36.56,10,30.11
6271,63461,209058,53.27,64,111391,45.03,37,26.53
6272,5000,81764,51.36,33,42006,36.1,14,12.63
6274,98468,299336,66.28,100,198451,55.0,49,15.24
6275,36787,80345,29.73,16,23894,23.41,7,35.47
6276,29649,22043,48.91,5,10783,48.91,5,27.49
6277,10360,119471,55.56,40,66409,43.67,17,17.64
6278,44621,292398,63.04,90,184350,53.57,47,20.84
6279,20939,119016,44.99,35,53562,35.55,18,24.68
6280,172,65492,99.95,1,65460,99.95,1,0.04
6281,10380,99173,55.82,37,55382,43.58,17,19.12
6282,161192,856101,45.88,119,392874,42.29,66,28.71
6283,15450,148981,63.05,21,93965,57.78,7,14.03
6284,53867,148980,49.52,20,73815,43.53,5,28.1
6285,96577,483664,63.31,111,306285,56.96,61,21.1
6287,4210,121451,94.0,7,114178,93.08,5,2.42
6289,10249,524,0,0,0,0,0,54.73
6290,60653,169652,39.97,49,67840,29.31,22,35.52
6291,10155,42000,64.04,6,26898,62.85,5,14.98
6292,7321,46601,45.71,7,21308,39.7,3,28.64
6294,12219,26047,37.16,4,9679,33.46,2,31.79
6295,350,1915,22.01,1,422,0,0,20.7
6299,123,25576,98.35,1,25154,98.35,1,0.71
6402,2016,58255,63.97,24,37276,48.87,10,4.06
6403,2577,15332,41.54,1,6369,41.54,1,13.4
6404,9034,24358,67.09,5,16343,63.48,4,9.82
6405,6824,65800,52.31,23,34432,38.13,9,18.36
6406,1073,35647,58.18,5,20744,53.35,2,8.78
6407,6297,75130,35.97,17,27034,28.07,8,19.58
6409,16010,88254,66.59,39,58789,50.7,17,9.58
6411,56520,99514,35.67,33,35512,21.93,11,28.98
6412,23932,400769,79.51,52,318760,75.82,29,9.54
6414,16230,152356,65.57,60,99926,50.89,23,11.28
6415,26295,389537,78.93,151,307515,66.01,67,4.8
6416,22730,73348,46.45,17,34085,35.61,4,19.97
6417,1523,42274,66.82,19,28259,52.17,10,4.8
6418,2477,34522,56.94,10,19666,52.17,7,13.49
6419,27617,13159,38.82,4,5109,32.17,2,28.95
6423,3439,31016,39.54,12,12270,21.94,4,16.7
6425,9574,51382,42.86,14,22034,34.09,7,31.14
6426,19547,38509,41.64,6,16041,34.93,3,29.08
6428,1300,17682,91.64,3,16205,89.36,2,3.59
6429,270,9348,37.74,5,3530,11.76,1,6.76
6431,17772,97399,70.09,19,68278,65.31,11,4.4
6432,36867,39681,33.89,13,13457,16.84,3,37.69
6434,9508,463602,84.95,21,393939,83.61,11,5.03
6435,9864,37461,55.59,7,20833,48.38,2,21.84
6437,403,32300,65.0,19,21003,40.87,7,3.09
6438,46827,82206,33.25,21,27355,24.22,10,35.68
6441,34869,53318,45.26,6,24138,41.86,2,24.17
6442,69645,80406,56.31,35,45294,36.33,11,21.97
6443,163202,512797,16.79,41,86167,14.1,16,48.07
6446,47300,381610,57.64,144,220020,43.64,57,9.56
6449,31266,91886,73.84,26,67864,64.58,12,11.91
6451,31100,114726,70.56,17,80966,64.41,7,18.49
6452,11651,100131,39.16,24,39234,30.44,9,23.8
6453,622,3516,0,0,0,0,0,38.12
6455,564,37095,68.47,16,25404,51.47,8,2.5
6456,38529,337940,47.53,42,160681,44.36,23,23.41
6458,2714,26789,65.25,6,17483,63.74,5,6.17
6461,27551,178352,63.32,32,112956,53.95,6,8.62
6462,47222,91251,30.04,18,27427,21.12,5,37.52
6464,2171,128782,85.52,42,110161,77.76,26,1.91
6465,2603,47074,68.61,6,32309,65.09,3,8.37
6467,4251,52409,36.41,17,19095,21.73,4,15.17
6468,162,12074,98.62,1,11909,98.62,1,0.94
6469,29166,150094,47.5,29,71331,41.5,14,24.93
6470,27099,37694,40.01,1,15083,40.01,1,32.4
6471,360,853,0,0,0,0,0,61.63
6472,32698,128004,55.33,33,70846,45.04,11,24.19
6473,9771,40000,69.21,23,27691,51.73,12,4.1
6474,1620,52526,67.62,29,35524,44.6,10,4.95
6475,930,34784,73.13,12,25443,56.66,1,4.69
6477,27949,123787,44.67,28,55328,37.88,14,26.09
6479,877,57300,86.32,9,49474,79.32,3,2.03
6481,107,27204,96.01,6,26122,91.6,4,0.8
6482,2030,28634,67.6,8,19358,65.78,7,11.34
6483,16740,66808,45.83,37,30636,18.76,7,5.7
6485,41184,47366,25.36,10,12019,19.1,5,33.21
6486,30221,50893,42.92,5,21849,40.3,3,28.78
6488,56736,478114,80.92,110,387049,72.7,52,6.35
6489,279,28470,62.98,18,17933,36.92,7,1.79
6490,425,38754,70.62,10,27375,64.16,6,2.75
6491,11020,78000,64.13,23,50035,53.85,10,13.69
6492,45806,89904,30.68,19,27601,26.31,12,24.03
6493,1117,30050,80.37,9,24152,80.37,9,6.41
6494,38416,31560,14.96,7,4727,5.22,1,35.98
6495,12155,172031,52.59,39,90506,43.12,13,7.57
6496,10270,47290,65.96,9,31199,62.53,7,19.6
6497,1559,189955,97.19,5,184632,96.46,2,1.69
6498,6618,47165,69.91,17,32982,56.59,8,10.26
6499,7943,96945,42.46,14,41172,36.23,4,15.06
6502,134,8719,90.96,1,7931,90.96,1,0.83
6503,77,12012,80.41,3,9660,80.41,3,1.52
6504,5182,72600,69.83,22,50711,64.34,15,12.34
6505,100368,9525960,95.01,175,9052958,94.56,101,1.92
6506,4369,82361,61.17,39,50397,45.64,17,8.7
6508,15460,86539,61.0,15,52806,59.66,13,22.55
6509,56933,197325,38.5,48,76009,29.39,22,28.14
6510,17475,32929,52.18,9,17190,37.38,2,11.28
6511,642,60000,72.03,24,43229,57.36,9,2.89
6512,6720,25260,36.06,10,9118,17.69,3,20.33
6515,37195,36445,49.38,15,18003,36.85,8,9.87
6516,3661,56337,53.8,15,30324,43.35,5,11.16
6517,22568,30579,19.8,4,6057,17.96,3,44.78
6518,528,33333,84.41,12,28141,74.1,7,2.41
6523,6168,45048,63.08,8,28418,61.69,7,20.33
6525,12064,129047,69.57,32,89818,57.09,5,11.93
6526,20958,167506,78.36,15,131293,76.11,9,9.14
6527,2203,25459,42.3,7,10772,27.99,1,9.93
6529,399,12699,71.81,7,9121,41.45,1,5.3
6530,34896,33750,16.93,6,5722,8.93,2,44.82
6531,45418,163163,64.71,60,105614,52.92,28,11.78
6532,30386,37445,33.11,14,12406,18.46,4,35.16
6533,32666,50651,21.94,8,11123,16.37,3,43.28
6534,1988,102800,82.91,34,85259,75.23,21,3.11
6535,10874,167841,64.66,37,108553,57.33,16,9.4
6536,1204,26324,74.24,9,19549,58.26,2,4.24
6538,39022,38108,32.99,16,12580,10.83,3,30.12
6539,1005,24349,85.23,10,20757,75.51,6,3.89
6540,131,220435,99.05,3,218375,98.57,1,0.11
6541,12167,265092,71.68,46,190084,65.23,17,7.12
6542,906,42001,84.7,14,35586,77.61,10,2.69
6543,12300,55855,66.59,26,37209,49.52,10,1.97
6545,1238,22080,44.15,7,9751,37.79,5,13.39
6546,12457,66848,41.19,14,27547,29.91,1,25.79
6547,50673,329354,35.48,62,116898,28.33,22,18.91
6548,30487,950465,87.88,96,835544,85.5,60,5.41
6549,25478,80122,29.64,25,23765,16.14,6,11.51
6550,25681,894793,77.11,79,690113,73.91,31,6.2
6551,1188,71785,83.69,11,60095,79.32,6,3.11
6552,7769,83000,58.38,7,48467,55.76,3,18.62
6555,4659,119230,69.48,17,82868,64.58,7,8.87
6556,1354,28750,78.62,12,22609,67.5,7,7.42
6558,47425,93789,40.8,9,38276,38.61,6,31.9
6559,1981,23189,52.92,11,12276,31.62,3,17.74
6560,3362,32475,39.39,6,12796,32.29,3,18.7
6561,7222,77958,73.09,12,56993,70.23,8,8.87
6562,11454,118190,52.76,9,62365,50.33,5,15.65
6563,1149,29743,30.51,11,9081,10.33,1,7.71
6564,3737,72134,64.39,11,46470,59.48,6,11.09
6565,1235,27144,41.27,10,11207,28.36,5,9.04
6566,663,32152,84.51,6,27176,79.36,3,3.43
6567,630,102850,88.54,30,91083,80.22,15,1.26
6568,24784,30800,40.46,7,12465,29.94,1,22.94
6569,3897,39071,67.64,8,26435,61.23,3,12.62
6570,8288,37119,43.41,14,16120,29.74,5,23.77
6572,4356,103650,69.18,16,71731,64.92,9,9.86
6573,6134,80499,62.95,13,50687,59.34,8,15.9
6574,3241,21990,78.57,7,17280,75.53,6,9.3
6575,6889,135270,54.36,18,73566,51.02,10,8.89
6576,30499,157579,66.57,37,104926,58.89,19,6.84
6577,3580,60060,74.85,8,44967,70.03,3,10.29
6578,18890,71942,63.04,20,45367,55.73,10,10.26
6579,7278,169451,85.95,19,145673,83.34,11,5.94
6580,3928,112120,58.11,42,65181,45.71,21,8.14
6581,2306,111271,90.19,18,100374,86.86,11,2.85
6582,9310,106174,74.26,12,78861,71.21,8,11.69
6583,321,15947,82.44,9,13150,53.46,2,2.85
6584,10127,71293,76.36,27,54454,64.15,12,9.61
6585,4210,72252,79.05,11,57123,72.67,5,9.05
6586,29526,214010,61.68,33,132051,55.64,12,8.28
6588,37784,34701,25.48,7,8848,18.13,3,32.79
6589,23615,307076,57.42,60,176397,49.18,20,14.46
6590,2258,24964,56.98,13,14229,30.04,3,13.19
6591,44534,41122,26.75,9,11010,20.08,4,31.9
6592,25219,623150,79.55,60,495823,75.77,23,7.3
6592A,3657,50000,85.41,15,42707,75.84,6,6.7
6592B,5220,50000,81.28,17,40648,67.19,8,7.01
6593,34347,31857,43.15,13,13752,29.79,6,29.72
6595,9050,49858,80.21,19,39997,64.12,5,1.4
6596,16996,38000,26.8,6,10190,22.73,3,41.6
6597,985,30042,80.64,7,24234,72.45,3,4.92
6598,37124,102819,52.05,35,53532,39.98,14,11.89
6599,287,21000,76.44,4,16057,71.03,2,1.92
6601,361,44695,86.87,5,38836,84.46,3,1.53
6602,404,1236,0,0,0,0,0,64.82
6603,25254,167443,51.23,55,85807,39.55,23,14.88
6604,859,43731,86.2,9,37704,79.79,4,3.22
6605,16649,165816,66.28,38,109942,59.16,20,12.98
6606,9874,110304,71.05,42,78387,60.43,24,7.06
6607,68,9346,81.0,5,7571,76.22,4,1.21
6608,313,60000,96.78,8,58073,93.72,6,0.98
6609,9465,72456,56.97,6,41281,55.52,4,20.78
6610,2900,205579,83.56,13,171816,81.18,6,3.18
6611,459,1467,91.68,1,1345,91.68,1,8.3
6612,2791,47515,63.8,20,30320,44.47,6,9.01
6613,9246,77801,60.23,7,46869,56.92,2,15.29
6614,4064,80661,74.42,6,60043,73.84,5,9.73
6615,5183,21593,51.5,12,11125,35.88,5,22.87
6616,1584,35478,62.52,11,22184,53.85,6,7.89
6617,7086,127506,67.57,27,86191,59.79,11,9.51
6618,37027,104816,30.87,30,32377,21.57,12,13.83
6620,20012,169982,60.27,46,102481,48.64,13,9.08
6621,32092,35501,36.73,10,13047,23.52,3,17.68
6622,952,35301,63.56,13,22445,52.95,8,4.5
6624,847,22579,76.5,8,17276,59.54,3,4.73
6625,10459,57972,48.87,14,28337,44.07,10,23.03
6626,424,8936,77.35,4,6913,59.56,1,5.62
6627,267,28352,77.55,16,21990,65.81,10,1.55
6629,953,38380,85.09,11,32662,79.92,7,2.99
6633,1367,11129,95.66,1,10646,95.66,1,3.98
6634,2222,71289,66.45,25,47386,51.45,9,6.15
6637,3214,26810,60.83,10,16314,53.8,7,18.61
6638,1148,30000,70.18,7,21060,56.74,1,6.84
6639,905,57645,72.9,18,42034,62.43,9,3.35
6640,14075,28912,65.67,3,18991,63.77,2,17.59
6641,2036,36500,59.33,15,21661,49.83,9,9.85
6642,3607,37400,54.87,9,20527,46.24,5,15.66
6643,22893,42090,36.33,6,15297,33.83,4,36.63
6645,6644,60864,43.57,24,26535,26.17,7,10.94
6648,9237,50000,64.71,21,32369,49.42,9,6.72
6649,18460,42000,52.47,18,22046,32.85,5,7.46
6650,493,31090,80.17,17,24926,61.87,8,2.41
6651,3673,34602,52.19,18,18062,32.57,5,13.82
6652,1689,137000,79.07,38,108355,69.5,16,2.81
6653,282,6000,95.45,1,5727,95.45,1,1.16
6654,3508,40963,78.2,11,32038,71.18,6,4.13
6655,981,80572,86.16,24,69440,76.47,12,1.21
6656,66,12228,90.33,4,11047,82.4,3,0.71
6657,15551,88808,34.75,25,30877,20.92,6,15.96
6658,11121,36370,42.8,12,15569,31.38,5,21.89
6659,1046,85883,81.92,22,70378,72.83,9,2.24
6661,1308,23304,65.87,6,15352,61.68,4,9.43
6662,4680,25612,47.62,10,12200,40.13,7,7.9
6664,16799,61151,55.66,24,34048,36.54,11,23.1
6665,1821,45350,65.84,8,29863,59.39,4,8.32
6666,2254,47388,78.88,9,37383,78.02,8,7.33
6667,13449,49279,50.32,10,24805,43.57,5,29.11
6668,14026,107116,53.85,13,57700,51.67,8,20.72
6669,104954,186921,63.5,45,118743,53.44,15,8.9
6670,6650,139387,78.33,67,109205,64.21,35,5.5
6671,1383,60750,75.0,36,45581,56.63,17,4.43
6672,53882,81664,34.04,26,27814,20.63,9,40.57
6673,3241,26650,30.6,4,8156,25.43,2,28.45
6674,1790,68551,84.74,9,58103,81.38,6,5.35
6676,4365,169679,62.54,44,106167,55.39,24,5.9
6677,1898,56039,64.02,13,35881,57.04,6,7.22
6679,6082,54975,58.08,19,31943,48.64,10,12.43
6680,931,23954,72.75,10,17432,64.51,7,4.79
6682,11159,147106,52.76,22,77661,47.34,10,14.58
6683,28914,27557,23.78,7,6555,11.24,1,26.84
6684,24238,44559,33.89,4,15105,31.51,2,35.24
6688,197,19000,73.88,12,14039,49.8,5,1.74
6689,10142,68000,48.11,24,32729,35.56,11,25.35
6690,5338,30000,59.89,3,17967,59.89,3,21.74
6691,14283,121487,70.1,46,85190,55.5,19,8.91
6692,2167,58844,71.45,16,42058,61.58,6,5.49
6693,5350,45720,48.45,17,22160,31.39,4,14.23
6695,17184,106990,50.76,19,54323,45.15,10,21.52
6696,11045,82920,42.65,30,35384,28.65,11,15.47
6697,2230,27323,66.79,6,18252,61.11,3,14.23
6698,35652,66390,39.24,15,26063,31.08,6,25.64
6699,762,48819,85.49,16,41744,75.24,9,1.78
6701,758,365682,97.98,3,358306,97.98,3,0.34
6702,11486,758660,79.69,98,604778,75.42,45,2.88
6703,23200,32984,51.56,13,17013,39.15,6,22.01
6704,3575,95949,39.65,32,38064,26.85,9,8.6
6705,633,18005,74.4,10,13398,54.99,4,5.05
6706,48385,78549,28.58,21,22463,18.27,8,37.76
6707,1550,59003,80.15,15,47301,71.31,7,4.97
6708,2341,29009,52.06,12,15108,42.81,7,13.22
6709,1982,59380,59.6,21,35405,45.7,6,7.22
6712,28669,101764,43.29,27,44073,33.26,10,19.38
6713,885,29477,60.25,15,17768,37.76,4,7.02
6715,4170,68274,80.27,23,54813,69.73,11,4.95
6716,3585,30242,35.85,12,10846,22.07,4,16.87
6717,427,24937,75.04,13,18714,56.28,6,3.44
6719,27872,105517,52.22,19,55114,44.41,5,26.5
6720,1370,30226,57.87,20,17500,28.86,6,6.07
6721,1491,22500,49.83,8,11213,35.65,2,9.92
6722,2633,88400,76.31,14,67472,74.08,11,5.71
6723,1143,30039,58.67,12,17631,42.18,4,7.05
6724,1841,7100,62.32,2,4425,62.32,2,16.12
6725,6439,37130,64.52,10,23965,58.66,7,17.87
6727,41256,26884,26.32,9,7081,9.4,1,29.13
6728,2921,30120,63.32,9,19075,59.01,7,13.33
6729,1554,27661,47.91,11,13255,31.18,4,9.61
6730,990,36298,73.99,20,26865,60.59,12,4.23
6731,186,54554,99.44,1,54249,99.44,1,0.44
6732,9366,48913,50.42,5,24667,46.31,1,26.22
6733,7391,134316,48.73,26,65472,40.25,7,11.76
6734,2173,40623,59.39,15,24136,46.08,5,9.82
6735,5487,46182,48.66,16,22479,35.59,6,17.83
6736,850,2596,93.39,1,2424,93.39,1,3.5
6737,1396,60050,80.63,23,48426,74.71,19,4.71
6738,579,36714,64.4,25,23651,41.42,11,2.64
6739,11363,23392,59.32,10,13877,48.11,5,19.58
6741,6847,120578,70.36,38,84871,58.56,17,9.31
6742,41613,71268,34.81,20,24819,25.92,9,28.03
6743,9243,150000,63.13,28,94719,57.08,14,11.8
6744,424,15400,64.26,6,9898,52.96,3,4.48
6748,5227,71218,36.97,20,26348,29.72,11,12.44
6750,1899,44707,58.01,21,25944,40.28,8,8.34
6751,2463,22200,62.5,3,13879,56.93,1,16.39
6752,3714,37144,47.6,19,17688,21.04,4,11.68
6753,15946,117254,62.69,28,73521,54.8,14,17.0
6754,2264,66000,83.1,9,54852,81.35,7,5.34
6755,1253,39823,53.61,16,21352,40.84,7,6.01
6756,8761,69990,61.62,8,43139,57.45,2,18.15
6757,138384,459530,76.21,29,350283,73.97,13,12.5
6758,237,13471,81.83,3,11025,74.89,1,2.81
6761,12313,34956,39.76,9,13905,26.98,2,27.47
6762,887,35172,77.86,18,27393,61.88,9,3.17
6763,18591,184039,61.58,21,113363,57.3,9,18.9
6764,280,38203,97.22,2,37142,97.22,2,0.78
6767,1470,39184,59.27,10,23231,51.86,4,7.4
6768,7185,200095,83.29,34,166717,79.49,21,6.19
6770,669151,4714195,47.86,500,2256866,43.94,191,24.31
6771,1843,31180,40.86,16,12745,18.13,4,11.74
6775,4534,109500,62.44,22,68395,57.09,13,7.83
6776,7891,91581,66.19,13,60637,61.35,6,16.07
6780,244,16470,83.75,12,13797,52.7,4,1.64
6781,30220,85419,70.05,7,59854,67.73,4,17.5
6782,7359,63000,47.37,22,29861,31.18,6,12.48
6784,935,19077,49.24,9,9399,30.2,3,9.31
6785,4496,66800,61.96,20,41405,54.88,12,9.24
6786,17352,30838,9.02,5,2785,0,0,28.1
6787,19694,81007,24.67,24,20009,9.58,4,20.49
6788,28665,38740,24.14,10,9362,14.22,3,40.26
6789,55457,318299,73.41,27,233750,69.46,7,14.23
6790,11167,267129,78.48,23,209699,75.36,10,7.85
6791,2028,20847,74.21,9,15477,56.02,3,11.55
6792,4097,47875,53.89,7,25808,48.08,3,15.61
6793,23545,75600,38.04,26,28769,22.4,6,11.91
6794,1141,63637,79.12,22,50359,66.41,10,2.97
6796,3098,40234,47.32,12,19044,35.45,4,12.31
6797,26626,30732,48.5,12,14912,29.99,4,18.7
6798,5936,19572,70.49,9,13802,55.15,4,2.17
6799,29551,43712,33.62,10,14705,21.04,2,30.06
6803,14656,72794,55.72,4,40567,54.28,2,24.6
6804,2359,47500,62.44,22,29671,47.15,11,7.83
6805,29192,68554,59.33,26,40682,45.22,10,14.45
6806,30981,274643,59.93,15,164626,58.14,5,17.69
6807,986,54000,83.42,17,45060,73.55,8,2.61
6808,2295,77840,51.39,20,40010,38.78,4,6.2
6810,25059,49448,36.08,15,17849,21.41,3,10.42
6811,5672,41449,65.22,4,27038,61.99,1,15.4
6812,6791,30603,40.94,11,12535,26.32,3,16.21
6813,633,23388,61.22,9,14323,48.86,5,6.95
6814,728,41874,82.55,14,34575,73.54,8,3.3
6815,8435,39706,67.21,21,26693,49.84,11,6.67
6816,440,12180,70.99,3,8648,61.98,1,5.39
6817,1114,18417,54.89,1,10110,54.89,1,10.38
6818,1473,25503,66.75,5,17027,59.85,2,10.83
6819,1413,33974,57.08,13,19400,45.72,7,7.65
6820,1618,22253,73.6,5,16380,73.6,5,8.28
6821,4336,35737,48.76,12,17428,38.75,7,21.02
6823,2525,30534,56.04,6,17118,51.98,4,12.6
6825,578,33651,73.37,11,24692,61.71,5,3.0
6826,7324,85540,75.19,18,64327,68.09,9,8.13
6827,1484,79330,62.4,25,49521,49.17,9,3.81
6829,11818,59169,67.39,5,39878,63.0,1,18.35
6830,24817,54579,33.42,20,18251,15.59,5,33.79
6831,9135,67500,62.56,31,42244,43.26,11,9.21
6832,3600,26411,84.52,2,22325,82.86,1,4.32
6833,892,49977,84.96,8,42471,79.9,4,3.29
6834,8697,88471,61.49,34,54420,45.34,13,14.73
6835,2208,66172,78.37,27,51875,68.44,15,6.19
6837,1001,32824,59.15,18,19423,41.11,9,6.89
6838,6914,150977,61.44,27,92796,55.34,11,9.48
6839,936,82020,80.2,29,65793,73.85,20,1.88
6840,2412,30767,53.64,12,16511,38.83,5,12.77
6841,12211,95223,47.7,28,45439,37.04,13,22.85
6842,2213,23130,40.29,8,9324,24.83,3,16.55
6843,1250,33304,76.67,16,25540,55.83,7,6.88
6844,3374,37428,63.45,10,23752,55.96,5,7.83
6846,1491,27066,66.71,7,18058,64.12,6,8.55
6847,622,14230,55.82,8,7946,19.6,2,7.42
6848,492,14273,52.95,8,7560,29.84,2,4.98
6849,6163,41918,51.73,12,21693,42.34,6,18.71
6850,930,33089,60.27,18,19951,41.05,8,4.46
6854,6320,117679,64.91,34,76405,53.73,13,9.55
6855,2017,23250,61.35,13,14269,41.79,6,5.73
6856,967,28200,82.93,8,23392,74.28,4,4.87
6857,417,15226,94.62,1,14408,94.62,1,2.11
6858,340,27220,89.89,9,24470,82.2,5,2.16
6859,2555,41589,64.54,15,26851,56.08,9,8.67
6861,12330,41599,56.82,6,23642,52.16,2,19.58
6862,6665,50000,69.72,7,34864,68.8,6,15.17
6863,4662,74888,75.48,10,56540,72.27,6,8.92
6864,4196,37875,36.71,19,13908,12.23,3,7.22
6865,1419,15841,50.46,7,7996,36.04,3,12.92
6867,948,35000,87.48,8,30623,82.29,5,4.23
6868,498,25043,55.36,13,13868,31.27,3,3.06
6869,21473,137830,54.5,38,75141,44.59,18,21.92
6870,2419,23655,71.36,11,16882,57.88,5,7.36
6872,2533,70751,58.04,28,41073,43.48,11,7.46
6873,11901,142649,61.86,45,88260,52.45,22,13.13
6874,2825,22000,53.53,9,11779,39.58,4,18.41
6875,4810,129183,61.42,36,79368,52.59,18,7.42
6876,20222,71091,32.98,25,23460,17.19,7,7.59
6877,3498,46967,73.33,26,34445,56.55,14,8.9
6878,1050,72641,88.7,14,64444,84.38,9,2.69
6879,358,26459,89.17,8,23597,80.25,4,1.6
6881,898,15000,57.92,4,8691,49.96,2,4.95
6882,832,23199,58.85,14,13657,31.49,4,7.28
6883,738,76274,87.58,28,66826,79.92,18,1.91
6884,1353,18390,73.19,3,13462,69.39,2,8.74
6885,22157,133019,36.68,40,48815,22.52,10,14.1
6886,14441,31810,90.03,5,28642,84.94,3,1.81
6887,867,74176,91.87,20,68167,82.11,8,1.75
6890,7403,250296,92.97,21,232748,91.89,17,3.4
6891,6161,200642,77.17,30,154875,73.93,19,6.46
6892,2557,94015,57.89,43,54442,37.95,13,5.58
6894,2701,23800,61.05,11,14532,55.13,8,9.59
6895,3039,34100,61.24,9,20886,51.16,4,12.59
6898,1563,29016,59.2,10,17181,45.85,2,8.87
6899,2097,42398,80.1,19,33973,65.96,9,7.79
6901,23165,853360,83.79,46,715219,81.58,16,4.77
6902,6927,35530,71.24,15,25320,58.03,7,5.78
6903,9530,66676,70.28,19,46867,64.17,12,14.91
6904,606,18500,79.9,8,14783,64.36,2,3.14
6906,3413,33537,57.74,13,19371,47.64,7,16.17
6907,4639,62525,70.36,11,44000,64.14,4,10.08
6908,1200,37180,86.39,2,32122,86.39,2,4.71
6909,12867,67448,38.63,25,26067,21.53,8,22.74
6910,1633,30521,56.88,8,17365,49.38,4,10.2
6911,960,22000,60.04,10,13214,44.33,5,7.04
6912,2014,144000,76.97,28,110862,68.61,8,3.12
6913,4400,43849,54.08,16,23720,42.3,9,13.1
6914,4313,66226,71.75,17,47528,66.66,11,8.86
6915,1162,35300,88.45,11,31224,84.81,9,5.5
6916,2143,67500,78.96,18,53313,72.69,12,5.76
6917,2354,55272,45.2,23,24997,29.11,9,9.44
6918,2050,34571,49.97,18,17285,27.83,5,9.99
6919,62915,1557268,74.3,352,1157333,67.28,177,6.85
6920,13046,207219,63.97,36,132594,57.52,15,11.7
6921,924,32062,78.09,11,25039,75.24,9,5.31
6922,3566,27155,62.97,9,17102,56.75,6,14.94
6923,3543,91488,69.68,38,63764,54.92,17,6.46
6924,604,20624,80.24,5,16552,73.08,3,4.45
6925,3115,20000,60.37,9,12076,41.69,2,22.1
6926,701,49800,80.71,25,40203,60.93,9,2.58
6927,1354,38279,68.09,14,26069,52.89,5,7.19
6928,4374,86000,79.2,10,68125,76.07,6,9.34
6929,1586,45090,89.53,6,40375,86.91,4,4.96
6931,3283,66152,69.72,39,46131,49.96,18,7.44
6932,5171,432596,80.93,80,350206,75.17,38,2.85
6933,5754,42418,61.51,6,26092,61.51,6,18.6
6934,1762,36130,65.85,15,23795,55.26,10,8.06
6935,568,37410,84.95,15,31788,73.19,7,2.74
6936,3770,72804,75.99,20,55335,64.74,9,8.01
6937,9204,67655,62.08,23,42015,54.38,14,15.83
6938,697,12570,67.47,6,8482,54.14,3,6.48
6939,642,35399,64.33,12,22778,56.05,8,3.09
6940,9302,312180,53.88,111,168247,37.94,32,7.07
6944,13873,76688,50.94,33,39073,34.38,12,11.4
6945,6008,97204,62.84,26,61111,53.57,12,10.6
6946,1929,323800,93.86,33,303985,90.92,18,1.1
6947,3435,94333,73.42,27,69269,63.47,13,6.23
6949,1948,65580,73.26,28,48059,61.71,16,3.05
6951,4497,46000,66.21,4,30461,63.9,2,10.5
6952,2506,68345,86.68,18,59247,79.75,13,5.66
6953,3180,30015,63.56,6,19079,56.2,3,12.4
6955,503,24801,60.3,11,14955,49.64,6,2.41
6957,2007,55513,71.34,25,39620,55.66,12,4.99
6958,3486,401289,94.13,28,377812,92.75,20,1.38
6958A,1418,40000,83.86,7,33545,83.86,7,6.43
6959,4165,39167,40.62,12,15916,33.17,7,15.74
6961,3927,26834,42.79,5,11488,33.34,1,17.94
6962,32731,492397,53.49,77,263474,48.01,34,14.01
6963,206,15972,87.28,3,13941,84.68,2,1.37
6965,2453,156336,92.33,19,144370,90.85,15,2.51
6967,1238,24904,75.65,15,18844,47.92,4,8.06
6968,3524,49447,58.75,18,29059,44.18,7,10.12
6969,1214,43857,59.52,15,26114,47.46,7,5.21
6971,1564,38668,73.78,16,28538,61.37,8,8.05
6972,373,22935,83.82,9,19226,63.73,1,2.55
6973,840,40803,67.33,20,27485,41.35,4,3.87
6976,5982,582620,80.54,104,469353,74.53,46,2.47
6977,1786,14000,42.79,9,5992,15.91,2,14.08
6979,420,12000,59.53,4,7145,39.6,1,4.2
6980,2452,30000,77.66,6,23301,72.41,4,10.27
6982,2806,40752,64.98,15,26489,53.38,7,12.91
6983,3667,18020,44.17,9,7963,16.01,2,18.27
6984,343,19239,56.61,14,10895,27.7,4,2.51
6986,2102,52134,48.92,21,25513,34.07,8,7.15
6987,1229,224468,90.06,34,202203,85.96,20,1.17
6988,446,47600,78.27,20,37266,66.53,12,1.58
6990,2963,63291,90.35,18,57196,86.71,15,6.07
6994,6786,74162,48.64,23,36086,37.9,11,18.27
6995,3729,25331,44.06,12,11166,21.07,3,8.25
6996,2361,41998,59.59,4,25031,55.8,1,7.83
6997,754,22100,82.26,3,18181,77.74,2,4.96
6999,245,22015,77.52,16,17071,57.39,8,1.46
7402,19965,35281,37.79,11,13339,26.96,4,28.7
7415,2028,26498,60.57,13,16057,36.97,4,5.14
7418,259,27554,96.1,6,26483,85.31,1,0.54
7419,4898,40000,49.55,15,19825,39.16,9,20.14
7421,537,525,0,0,0,0,0,53.65
7427,4946,54026,30.77,19,16632,19.64,8,18.79
7443,371,22000,82.43,12,18139,69.57,7,2.66
7452,114,4000,87.89,1,3516,87.89,1,3.42
7455,252,25500,82.5,8,21041,73.6,4,1.43
7507,1136,102100,77.84,30,79491,70.25,18,2.25
7516,24056,19309,36.67,7,7085,14.81,1,23.33
7530,3571,46500,55.14,15,25651,45.69,8,16.3
7547,2113,33956,73.12,10,24834,66.13,7,10.34
7551,452,12100,56.55,5,6844,42.93,2,6.36
7555,418,28325,87.67,5,24834,86.14,4,1.91
7556,2618,27715,64.63,10,17914,54.79,5,10.39
7558,830,18621,52.8,12,9835,22.96,3,8.84
7561,741,30085,60.63,7,18244,55.15,4,3.1
7562,262,22564,78.98,11,17827,63.64,5,1.56
7566,7950,139773,62.32,43,87137,51.84,19,5.04
7575,625,30000,55.69,20,16714,26.04,6,3.41
7578,1771,60073,64.51,28,38763,44.4,9,5.67
7583,446,24575,88.81,13,21830,73.03,7,2.44
7584,973,16463,71.67,7,11801,53.0,2,9.08
7590,2691,122379,82.63,32,101135,78.27,23,4.82
7595,837,50465,71.22,26,35948,45.91,8,3.55
7607,677,35553,71.15,13,25302,61.38,6,2.34
7610,13846,48585,48.33,17,23496,36.93,7,20.52
7631,1403,20142,74.59,11,15027,53.94,4,9.02
7642,2162,30150,80.03,9,24131,78.35,8,10.3
7669,3726,22000,32.65,12,7188,4.94,1,13.54
7689,5772,53164,91.8,8,48812,88.39,5,3.15
7702,362,66000,92.48,10,61047,86.38,4,0.85
7703,4281,34745,57.75,8,20076,46.66,2,15.78
7704,1764,33770,59.37,13,20056,43.12,4,8.54
7705,12975,66067,68.85,10,45499,61.81,3,11.55
7706,239,10000,91.29,1,9129,91.29,1,3.49
7707,3408,45700,45.78,10,20925,40.04,6,10.87
7708,3008,25500,63.59,2,16218,61.96,1,12.22
7709,2468,39103,79.45,8,31072,77.41,7,8.94
7710,222,63906,99.26,3,63436,99.26,3,0.19
7711,10071,71700,61.79,12,44320,54.67,5,15.41
7712,4375,32562,52.54,14,17113,35.55,5,16.05
7713,789,45479,84.6,14,38483,78.12,9,2.59
7714,2236,21000,66.65,8,14001,47.95,2,12.82
7715,2216,32756,56.17,12,18407,39.76,4,12.92
7716,558,22500,82.74,9,18622,65.93,3,4.36
7717,9220,24832,55.7,11,13836,35.38,4,21.8
7718,1039,46356,78.55,18,36425,67.85,10,3.31
7719,15793,36000,21.02,7,7573,11.27,2,28.37
7721,3746,55370,60.69,17,33608,52.04,10,11.85
7722,20398,68000,84.95,4,57767,83.93,3,9.55
7723,4336,49620,56.5,19,28044,48.43,13,13.97
7724,282,35381,84.25,12,29819,68.11,4,1.47
7725,292,48327,83.72,10,40465,79.13,6,0.87
7726,186,20304,87.13,6,17694,80.26,4,1.31
7728,3402,13854,57.12,4,7916,47.18,2,14.77
7729,16714,80597,57.01,31,45965,44.17,16,7.66
7730,1129,36797,70.22,16,25845,60.92,10,4.82
7731,9382,521981,72.42,92,378123,67.66,52,4.77
7732,893,64680,87.31,14,56478,85.01,11,2.02
7734,11339,28000,74.7,12,20921,67.13,9,8.37
7735,2479,43331,94.33,6,40879,88.44,3,2.47
7736,1632,76000,83.94,22,63814,76.73,13,3.72
7737,370,29759,78.31,13,23311,60.14,5,1.85
7738,1628,27356,57.82,17,15823,32.18,6,7.15
7740,2512,53200,65.46,21,34837,54.76,11,8.56
7742,7906,66485,69.06,5,45934,65.07,1,16.26
7743,959,36483,74.73,23,27274,57.39,13,4.32
7744,2850,32077,78.71,16,25250,58.61,7,7.72
7745,530,17950,71.23,7,12789,56.76,3,7.47
7747,926,27426,77.82,4,21345,70.7,2,2.68
7748,206,14500,70.44,8,10216,58.43,5,2.19
7749,8051,46486,49.19,21,22879,29.01,5,16.47
7750,10698,71843,76.93,36,55276,61.59,16,5.14
7751,11157,26889,47.15,11,12684,36.95,6,14.1
7752,2278,200000,86.12,35,172300,81.68,20,2.32
7753,2410,25000,74.15,4,18541,65.34,1,7.9
7754,1685,101142,72.08,41,72921,59.54,17,3.09
7756,266,21283,70.86,8,15085,59.42,4,1.37
7757,2685,24100,57.91,9,13960,43.47,4,13.55
7758,370,16100,83.23,3,13401,79.99,2,2.73
7759,1014,70068,81.46,17,57093,73.99,10,2.71
7760,1607,66048,62.58,31,41339,46.74,12,3.52
7761,1451,28900,51.49,11,14887,33.99,4,10.23
7762,1418,57233,54.67,25,31295,39.56,10,4.42
7763,3180,60014,81.43,16,48879,76.51,10,6.78
7764,785,60000,81.16,25,48711,70.54,16,2.76
7765,5346,40681,60.77,3,24724,59.66,2,13.3
7767,1033,30100,72.04,17,21689,54.77,9,6.22
7768,6529,70065,64.4,22,45136,55.15,13,10.85
7769,58929,179930,67.55,49,121569,57.37,17,5.49
7770,1082,30062,74.47,14,22392,62.44,7,5.48
7771,479,20013,82.23,3,16459,75.77,1,3.25
7772,5624,26499,56.09,5,14864,52.82,3,23.75
7773,993,39911,56.8,15,22681,43.08,8,5.59
7776,1105,49102,75.12,15,36899,63.72,6,4.71
7777,14036,182500,69.28,28,126468,63.67,14,15.88
7779,384,16105,66.15,7,10654,56.73,4,2.27
7780,44252,810024,75.6,46,612485,73.7,21,10.56
7781,17351,599681,74.2,59,445101,71.82,36,6.86
7782,1134,23213,75.87,9,17613,65.8,6,7.35
7783,1256,62445,91.19,15,56948,89.6,13,2.23
7784,1340,187601,88.71,46,166444,84.17,31,1.76
7785,204,33339,85.59,13,28540,72.06,5,0.93
7786,6583,175954,82.17,34,144600,76.23,17,6.26
7788,7806,79746,69.74,33,55638,57.12,15,10.17
7789,176,21184,71.39,14,15128,42.6,4,0.91
7790,400,17700,70.24,15,12435,32.02,3,3.22
7791,4657,80000,80.21,16,64182,70.07,5,7.8
7792,4420,46662,70.95,15,33117,62.1,8,10.59
7794,1285,28000,81.49,7,22820,71.58,2,7.72
7795,15165,78828,77.81,17,61355,66.55,4,7.55
7796,2338,22963,59.52,5,13672,46.92,1,16.2
7797,713,22245,78.88,11,17552,62.26,5,5.47
7798,684,308692,94.51,48,291808,89.41,24,0.42
7799,12433,158270,79.26,34,125486,71.57,14,7.89
7801,1326,18300,70.43,3,12891,67.37,2,10.41
7803,2176,94413,78.25,29,73896,70.37,17,5.1
7805,4128,33125,70.56,8,23374,65.33,5,9.95
7806,316,27860,74.62,14,20793,58.33,7,1.75
7808,1055,70000,77.96,3,54583,76.94,2,2.93
7810,3481,20250,46.8,6,9480,36.34,3,19.8
7811,1332,33377,71.79,6,23971,65.17,2,6.39
7812,2730,60419,61.37,18,37088,53.92,11,8.11
7813,1734,19196,42.76,8,8212,27.44,3,14.35
7814,895,40000,85.23,8,34099,80.62,5,3.73
7815,4196,32976,60.89,7,20086,50.32,2,12.19
7816,1103,29278,78.9,6,23105,71.26,2,6.52
7818,4419,167946,89.4,12,150160,88.17,8,4.29
7819,2708,25264,59.09,2,14930,55.4,1,18.25
7820,2100,37768,76.15,12,28765,65.32,6,7.37
7821,10097,121913,80.96,20,98732,75.15,10,7.35
7822,17212,45561,68.19,9,31080,63.73,6,17.72
7823,895,33491,73.43,15,24594,58.6,8,3.92
7824,377,31337,79.71,18,24985,67.03,12,1.59
7825,2292,23114,45.97,9,10629,27.49,3,16.05
7826,133,12000,84.38,9,10127,60.74,4,1.52
7827,2915,139972,77.04,30,107853,70.16,15,3.82
7828,15727,40494,63.35,17,25659,53.85,10,15.25
7829,1063,99388,83.1,43,82613,71.18,24,2.02
7831,74,13401,77.45,9,10382,55.97,4,0.2
7832,2086,580000,92.95,101,539299,87.58,57,0.87
7833,550,43011,73.67,20,31698,57.5,9,2.03
7834,284,16478,74.62,7,12298,60.54,3,3.17
7836,570,51250,72.09,20,36956,63.44,13,1.37
7837,313,22800,75.04,4,17115,67.76,2,2.38
7839,580,15096,75.46,8,11393,55.95,3,4.68
7840,227,34000,89.63,13,30477,76.24,7,1.12
7841,350,24200,77.77,10,18823,66.49,6,2.36
7842,1740,18250,64.66,2,11804,62.3,1,13.22
7843,1088,33440,67.65,9,22627,61.47,6,5.45
7846,415,34412,85.57,9,29451,75.12,3,2.0
7847,551,29000,63.07,14,18296,43.49,5,3.54
7848,1191,29800,67.2,12,20032,51.52,4,4.34
7849,182,11892,95.78,1,11391,95.78,1,1.1
7850,1473,97659,71.76,41,70101,55.68,18,3.33
7851,521,67691,83.79,21,56730,74.41,9,1.48
7853,15703,47555,25.97,12,12354,17.95,4,34.75
7854,909,40300,89.47,16,36064,79.77,11,3.14
7855,312,192528,99.3,3,191198,99.3,3,0.17
7856,5963,27177,67.97,12,18479,61.1,9,10.23
7857,555,53488,83.66,13,44761,76.07,7,1.49
7858,4130,22237,45.7,9,10167,30.41,2,14.85
7860,159,32000,94.54,11,30259,89.26,9,0.49
7861,3811,64600,77.38,23,50000,66.91,12,4.45
7862,624,40000,87.07,4,34831,84.22,2,1.6
7863,112,30000,98.53,5,29564,96.02,4,0.33
7865,730,18424,73.14,10,13479,47.85,4,7.4
7866,4895,43171,61.74,16,26660,48.45,7,9.68
7867,638,96000,95.52,25,91714,85.57,9,0.76
7868,1068,22240,60.11,11,13376,40.66,4,8.52
7869,419,27241,88.9,4,24219,86.5,3,0.92
7870,2448,18400,78.39,13,14426,49.01,3,1.31
7871,3890,134278,65.2,31,87582,59.45,18,6.11
7872,1262,30000,65.36,3,19611,61.59,1,7.07
7873,2486,149884,86.2,36,129230,76.24,14,2.1
7875,348,20000,96.46,1,19292,96.46,1,1.62
7876,1062,107262,86.03,29,92306,77.38,16,2.05
7877,378,38857,73.73,11,28654,61.47,2,1.76
7878,2862,53537,46.96,19,25150,31.35,5,7.43
7879,3516,40000,62.06,17,24832,45.79,8,12.02
7880,1493,26500,70.23,17,18616,38.23,5,7.93
7881,362,27000,84.44,4,22799,82.57,3,2.3
7882,2101,205282,83.47,46,171383,77.99,30,2.26
7883,1918,60976,71.32,23,43500,59.54,11,2.22
7885,472,29200,76.7,16,22401,57.49,6,3.09
7886,1605,24978,65.77,14,16433,43.6,5,8.34
7887,14229,81720,43.02,34,35172,27.47,13,19.71
7888,543,75235,80.69,39,60726,62.13,17,1.03
7889,175,20781,83.94,16,17448,45.73,4,0.72
7890,428,20800,86.06,12,17905,65.96,6,2.79
7891,187,19430,56.3,7,10941,53.45,6,1.29
7892,5697,46898,75.39,14,35371,63.51,6,7.37
7893,1438,40799,86.36,5,35242,80.01,1,4.07
7894,762,24000,65.94,9,15832,48.89,1,3.27
7895,12948,38790,74.1,7,28753,65.6,1,2.62
7896,602,27900,90.9,6,25367,83.02,2,1.91
7897,203,133617,98.33,2,131396,98.33,2,0.19
7898,3253,30039,69.34,5,20834,64.19,2,6.06
7899,8464,24292,43.03,11,10458,23.98,4,24.14
7901,2271,60000,84.66,13,50803,75.49,4,3.39
7902,1575,200605,90.44,46,181457,85.79,31,1.72
7904,100,15000,92.35,3,13854,89.32,2,1.14
7907,1806,39393,74.4,14,29315,67.16,9,2.1
7909,4927,70593,83.84,15,59201,76.12,7,4.59
7911,1587,40000,68.22,13,27291,50.31,2,5.72
7912,2513,22190,79.32,10,17603,72.33,7,5.25
7913,1220,45139,90.48,6,40845,86.43,3,2.11
7915,1771,40100,86.18,19,34568,70.81,10,1.82
7918,15372,43100,79.1,5,34096,77.07,3,8.57
7919,595,12700,50.06,4,6358,42.07,2,6.93
7920,3298,593987,90.34,176,536704,81.9,97,1.33
7921,863,40807,84.78,12,34604,75.24,5,2.74
7922,526,66175,95.42,18,63152,93.94,17,0.79
7924,1132,133561,84.02,43,112247,76.85,27,1.4
7926,1022,15002,73.49,4,11027,59.45,1,4.9
7927,480,44700,72.92,24,32598,48.87,5,0.99
7928,2176,41530,74.9,19,31116,59.24,8,3.2
7929,927,21500,83.01,12,17852,62.59,4,3.26
7931,178,24641,96.7,5,23832,84.9,1,0.4
8002,250,1908,0,0,0,0,0,28.25
8009,627,4375,0,0,0,0,0,21.49
8010,385,6666,46.01,4,3068,20.25,1,9.66
8011,61042,165922,31.0,26,51472,24.77,10,30.29
8012,478,3800,93.02,1,3535,93.02,1,4.85
8014,592,8827,37.85,2,3342,37.85,2,10.89
8015,111,3000,29.54,2,886,0,0,12.06
8016,36441,120137,46.56,55,55971,28.25,19,20.17
8018,75,3449,21.62,1,746,0,0,3.98
8019,98,33891,93.81,3,31801,90.33,1,0.8
8020,109,8263,59.32,4,4902,32.36,1,2.37
8021,81864,147088,48.03,48,70664,37.85,23,29.48
8022,57,3000,70.18,1,2106,70.18,1,3.26
8024,22678,45160,29.94,12,13528,18.86,4,26.28
8026,61,97,0,0,0,0,0,73.87
8027,66099,112878,27.39,34,30948,15.71,12,38.87
8028,65544,183955,51.65,68,95035,38.5,28,24.31
8029,656,78017,75.2,25,58688,62.69,8,1.45
8031,121,4498,25.57,1,1151,25.57,1,4.73
8032,22924,51810,76.07,9,39415,74.32,7,12.82
8033,63986,164630,41.55,43,68446,33.45,22,28.97
8034,22127,56586,18.76,12,10630,8.72,3,33.15
8035,214,6812,43.5,4,2965,17.63,1,5.68
8036,534,7662,20.61,1,1580,20.61,1,10.95
8038,40308,62278,20.76,10,12946,15.0,4,37.06
8039,71012,263804,58.29,63,153843,50.2,29,19.83
8040,31811,96414,51.09,14,49276,44.6,3,21.08
8042,40600,131990,68.07,43,89878,59.48,26,18.6
8043,37265,79907,43.41,13,34697,41.34,10,42.89
8044,27794,204768,61.34,33,125666,54.79,12,14.45
8045,4205,95042,66.96,36,63658,55.62,19,8.16
8046,85801,646165,85.59,88,553183,81.35,44,5.91
8047,1340,41666,80.72,14,33639,73.89,10,3.67
8048,34767,57706,41.39,20,23898,28.0,7,24.02
8049,39302,118280,33.31,24,39414,27.15,11,29.1
8050,56332,205205,42.92,36,88111,36.57,16,26.35
8053,3692,411818,85.44,75,351941,80.37,41,1.93
8054,52314,106233,36.96,18,39275,30.09,5,33.95
8056,11814,389990,60.57,80,236299,53.9,35,5.95
8057,84,6344,67.07,3,4256,67.07,3,2.43
8058,2515,68800,69.7,27,47971,52.28,10,6.28
8059,14065,194080,72.97,16,141652,69.36,5,8.4
8060,273,6084,49.67,2,3023,34.06,1,11.29
8064,82967,184818,44.26,38,81841,37.38,18,32.76
8065,930,4500,37.58,3,1692,0,0,18.21
8066,38135,36642,38.74,13,14203,21.76,4,33.13
8067,7013,20700,81.35,9,16844,56.73,3,6.46
8068,8390,80766,62.13,16,50203,58.06,11,15.88
8069,96368,1154678,77.32,311,893172,68.81,155,7.73
8070,38551,725648,74.03,100,537333,70.27,59,11.12
8071,35481,60084,32.84,12,19747,24.53,4,32.61
8072,13114,80000,60.52,10,48428,57.87,7,20.92
8074,46796,86974,38.78,23,33753,29.46,9,32.17
8076,88968,292214,34.49,62,100855,25.33,22,21.57
8077,1077,21946,82.25,4,18053,76.98,2,2.83
8080,14473,67164,84.11,4,56503,82.53,2,6.16
8081,20730,86172,40.24,26,34690,25.9,5,22.54
8082,4216,106609,71.69,22,76456,62.88,8,4.37
8083,2669,35133,55.39,12,19465,43.69,4,9.48
8084,2947,69514,64.78,20,45047,55.41,9,7.58
8085,36140,139983,40.67,25,56976,30.93,4,18.28
8086,70378,196516,54.33,42,106790,47.37,17,24.97
8087,9879,38669,57.7,21,22319,43.94,11,10.14
8088,54449,60922,19.98,6,12183,18.05,4,52.15
8089,27269,65999,41.1,7,27136,37.87,3,22.81
8091,18575,56325,47.35,23,26681,32.18,10,20.28
8092,20180,57172,60.41,24,34551,41.1,7,11.1
8093,3249,56568,67.55,7,38213,64.0,4,8.18
8094,337,18527,43.02,10,7975,11.96,2,2.77
8095,124,7932,51.28,6,4068,18.09,1,3.8
8096,77489,149343,56.96,35,85089,52.71,25,21.06
8097,13437,63802,72.59,21,46324,60.5,9,6.74
8098,1467,12653,57.75,8,7309,33.15,3,11.21
8099,29334,100073,82.69,21,82771,75.39,9,5.89
8101,18473,52166,82.32,4,42949,80.45,2,8.1
8102,1133,23358,39.62,10,9258,25.15,4,7.12
8103,19123,78437,46.74,32,36677,29.18,9,24.51
8104,46000,104058,34.88,10,36311,30.38,2,33.04
8105,40414,441545,61.48,32,271581,58.62,12,17.6
8106,68,3943,60.82,3,2398,27.88,1,2.19
8107,31891,75000,53.79,19,40362,45.64,10,17.23
8109,6898,82161,54.07,35,44445,34.87,11,12.78
8110,80373,517740,52.45,43,271664,49.64,19,29.09
8111,56545,109102,36.04,27,39338,25.38,8,28.36
8112,117963,525293,35.67,79,187498,31.36,42,33.53
8112A,7135,30000,52.2,13,15664,36.01,7,18.07
8114,11214,76488,47.77,32,36557,33.78,14,17.69
8115,842,70000,86.41,25,60502,78.23,16,2.47
8119,33058,63662,46.07,26,29346,26.96,8,10.93
8121,31301,212994,61.29,37,130583,55.61,16,14.39
8122,1616,402371,93.1,13,374717,92.23,7,0.77
8127,243,5561,7.67,1,427,0,0,7.57
8130,297,47620,70.92,21,33778,59.07,11,0.81
8131,30757,442222,73.62,30,325650,71.3,13,12.68
8147,5137,41817,46.41,14,19416,32.87,6,15.53
8150,118934,704523,72.27,141,509284,66.28,76,16.75
8155,16074,62368,47.45,16,29607,37.49,7,26.41
8157,662,26839,78.64,2,21107,78.64,2,4.87
8162,2844,68702,74.56,26,51244,62.05,13,7.22
8163,75345,280000,46.5,46,130283,41.09,19,24.83
8171,44872,112853,61.02,27,68884,52.22,12,13.01
8172,263,1603,0,0,0,0,0,36.72
8176,37586,71701,32.49,18,23305,21.73,6,23.75
8182,11837,107041,67.07,12,71810,64.97,8,19.01
8183,42034,121251,47.49,15,57613,43.46,7,21.85
8197,637,61748,84.91,4,52437,83.38,2,2.19
8201,12241,62366,57.77,16,36037,45.88,4,17.43
8210,31760,125319,70.35,28,88185,62.61,13,13.77
8213,68231,271242,50.85,81,137970,41.22,38,16.91
8215,68273,320675,53.25,29,170807,50.76,14,20.71
8218,105,1593,0,0,0,0,0,9.2
8222,39663,68574,39.67,17,27222,31.52,7,32.75
8225,380,22380,79.65,4,17828,73.02,2,3.89
8227,30375,39543,28.15,8,11139,18.22,3,41.89
8234,17041,141226,54.24,35,76626,46.74,18,21.19
8240,37624,100004,53.69,21,53714,47.02,10,21.46
8249,36258,137824,57.65,18,79474,53.54,9,24.21
8255,27046,101939,52.6,18,53632,47.62,9,23.47
8261,74187,118878,53.04,24,63083,43.96,9,33.5
8264,497,2583,0,0,0,0,0,34.52
8271,64328,129614,42.41,26,54977,36.32,11,32.15
8272,1641,18998,38.05,6,7232,25.15,2,11.43
8276,126,3537,47.96,2,1697,33.56,1,10.23
8277,44228,91629,19.65,12,18018,13.48,2,30.63
8279,1980,27101,62.22,6,16870,52.51,2,9.99
8281,415,29267,44.49,8,13025,34.88,3,2.37
8284,2483,47342,62.87,19,29774,44.64,7,7.8
8286,157,441,0,0,0,0,0,76.5
8287,11822,24267,70.24,1,17046,70.24,1,20.81
8289,31549,68334,42.99,16,29390,33.82,5,28.47
8291,1946,17478,71.9,3,12567,71.9,3,13.25
8297,174,15000,92.95,1,13943,92.95,1,1.78
8298,407,25632,81.25,2,20828,81.25,2,2.34
8299,182658,221165,45.05,69,99662,33.98,29,28.67
8325,205,1526,0,0,0,0,0,33.53
8329,3197,280578,90.78,36,254770,87.17,22,2.84
8341,19105,130000,48.97,16,63689,46.48,11,24.42
8342,1087,33537,72.9,10,24452,65.61,6,4.56
8345,770,52000,82.22,13,42762,71.53,5,2.58
8349,7731,208821,71.09,37,148488,66.9,23,6.63
8349A,1274,10000,10.25,2,1025,0,0,19.79
8351,1051,50000,80.5,9,40256,70.91,2,3.54
8354,13403,78532,64.56,31,50722,46.74,9,11.95
8358,126426,252588,52.65,63,133011,44.25,31,29.58
8359,5935,136500,83.39,26,113850,79.54,18,4.58
8367,3540,92172,70.63,33,65123,61.38,18,7.05
8374,13502,112250,71.69,11,80487,68.57,6,17.61
8375,114,7356,77.08,6,5671,40.34,2,1.96
8380,882,7123,19.38,2,1381,0,0,31.96
8382,10360,292598,65.98,81,193086,56.89,42,6.41
8383,56282,113760,51.82,29,58981,44.86,16,24.0
8390,30807,96116,49.86,23,47938,43.11,13,15.51
8401,12018,70669,62.79,22,44391,54.31,13,9.62
8403,36800,137640,38.51,23,53013,32.25,9,20.11
8404,16064,419934,78.68,66,330454,73.47,30,4.39
8409,25824,32000,48.52,9,15530,38.58,4,14.65
8410,2065,36589,59.11,12,21636,51.12,7,10.95
8411,11050,218404,81.69,32,178451,79.09,24,5.72
8415,9558,1031500,92.59,132,955161,89.34,78,1.96
8416,2071,28211,77.11,7,21756,77.11,7,8.98
8419,1377,30000,53.22,11,15971,40.55,4,14.2
8421,6397,54817,63.55,16,34843,59.0,12,14.01
8422,155070,1358891,37.44,127,508959,34.07,53,27.21
8423,6369,41714,63.05,13,26304,54.89,8,13.15
8424,3029,36054,60.57,7,21846,50.7,2,15.67
8426,2775,50242,73.53,5,36951,70.26,3,9.47
8429,45348,185747,41.86,26,77770,37.99,13,18.12
8431,44817,48778,23.48,10,11461,15.38,4,34.09
8432,3135,38398,61.5,4,23627,56.47,1,12.61
8433,3182,54506,66.77,16,36405,60.42,10,9.94
8435,22414,35200,41.13,13,14489,20.64,2,29.22
8436,43375,117729,38.81,36,45724,28.76,15,26.54
8437,32118,47014,40.83,18,19202,28.02,7,16.59
8438,2561,69943,83.63,23,58506,71.28,12,4.99
8440,55690,50255,31.76,6,15967,29.05,4,37.37
8442,1997,70170,71.45,24,50149,61.4,13,5.32
8443,46711,66800,69.84,25,46666,59.39,14,16.12
8444,1709,111167,84.19,33,93613,74.8,15,2.43
8446,7705,52914,50.19,14,26564,42.86,7,23.86
8450,10359,51310,58.33,14,29933,56.66,13,23.01
8454,38950,264975,81.11,17,214984,79.83,11,10.59
8455,756,25219,89.9,3,22675,87.77,2,4.78
8458,559,35850,72.45,24,25981,48.85,11,2.53
8462,6614,80387,65.79,21,52909,58.78,12,11.43
8463,3599,150000,81.81,27,122733,76.69,15,4.66
8464,4235,293020,87.08,91,255231,77.82,47,1.27
8465,232,8100,58.22,4,4717,41.56,2,3.39
8466,2221,79826,77.29,28,61714,67.17,13,4.97
8467,1666,48374,82.01,21,39679,73.88,14,4.36
8472,1043,17736,63.04,3,11182,55.75,1,5.62
8473,15104,182509,69.13,19,126200,66.23,11,12.24
8476,6858,166226,71.69,51,119207,63.12,27,7.84
8477,11052,64171,78.19,5,50182,75.87,3,7.2
8478,10983,93972,76.66,14,72046,75.66,12,12.96
8479,375,20055,62.09,7,12455,41.51,1,2.41
8481,2544,66602,66.43,24,44256,53.61,10,7.13
8482,1049,107444,95.18,18,102290,90.26,11,1.17
8485,61,1568,96.18,2,1508,0,0,2.98
8487,19482,26535,55.76,9,14800,45.91,5,12.3
8488,881,73500,87.1,18,64031,80.3,10,2.03
8489,29894,59949,57.02,14,34191,46.05,5,14.69
8490,1101,23760,45.34,12,10776,29.07,4,8.22
8491,1306,7292,9.23,1,674,0,0,22.3
8492,250,33300,92.97,12,30963,88.34,10,1.47
8495,897,127275,92.0,7,117116,89.76,3,1.69
8496,292,35675,87.43,12,31195,84.71,10,1.5
8499,2209,41166,79.8,12,32857,72.65,7,6.15
8707,6328,2569,0,0,0,0,0,43.95
8708,20511,194763,43.66,31,85066,36.62,11,17.08
8710,6849,115492,28.87,29,33362,18.1,11,13.06
8712,6941,808019,76.09,266,615008,63.73,113,1.25
8718,18089,97070,35.25,20,34241,27.19,9,24.06
8719,6771,656425,86.77,136,569735,79.45,63,1.99
8720,8602,89518,56.82,19,50876,47.24,5,13.31
8721,2244,3966,0,0,0,0,0,38.59
8722,5802,52665,62.69,15,33025,56.86,10,12.34
8723,23406,104515,50.61,31,52914,41.3,15,19.31
8724,8401,20290,40.57,6,8236,33.55,4,33.17
8725,12510,112191,32.14,23,36074,25.06,10,22.08
8905,19301,119440,92.47,26,110472,88.78,19,2.31
8906,2946,44037,55.46,15,24431,49.92,11,9.74
8908,14321,315333,88.95,46,280532,85.98,30,3.05
8916,41172,150377,66.96,48,100721,60.87,33,9.76
8916A,280,249,0,0,0,0,0,93.55
8917,1757,162652,82.82,69,134751,65.81,24,0.94
8921,1159,46592,85.56,24,39873,63.01,8,1.37
8923,5160,30376,82.29,10,24999,74.55,6,3.81
8924,17158,83800,38.36,21,32151,29.85,9,29.25
8925,19613,365243,41.2,123,150534,27.42,42,8.8
8926,58573,830282,60.39,136,501620,54.9,60,12.73
8927,25978,419068,83.31,113,349181,74.09,50,3.35
8928,4446,50854,49.13,13,25000,35.67,2,16.71
8929,11793,50581,45.67,10,23110,39.18,5,26.16
8930,5536,81809,67.72,34,55417,56.78,18,11.93
8931,19283,122255,81.23,14,99339,77.51,7,4.7
8932,9973,357963,80.4,80,287863,75.55,52,4.38
8933,43089,326724,52.82,44,172649,47.56,14,14.77
8934,504,7973,94.77,1,7556,94.77,1,1.41
8935,37466,113495,51.81,27,58826,42.52,11,12.52
8936,77151,248078,32.37,58,80328,23.4,24,31.31
8937,3336,431680,90.74,52,391765,87.98,33,1.51
8938,12561,156986,56.66,58,88976,45.08,30,13.1
8940,9386,67491,70.88,24,47848,62.74,16,13.42
8941,2222,34972,67.13,20,23482,46.44,9,6.35
8942,13382,198842,51.02,61,101461,41.71,30,13.64
8996,32191,93502,51.47,45,48150,33.32,18,9.96
8999,388,36000,62.99,28,22681,20.5,3,1.35
9103,21530,205532,11.46,32,23613,3.29,5,27.74
910322,7647,21365,25.15,5,5375,20.71,3,40.59
9105,130967,1655367,23.41,355,387899,13.9,96,19.93
910861,2755,33727,35.07,11,11836,23.28,5,16.61
9110,1766,54498,43.95,25,23962,21.72,6,7.76
911608,2219,34222,29.64,13,10148,9.79,2,15.87
911611,3111,88290,41.32,27,36505,28.83,11,9.24
911613,1404,11111,5.9,1,656,0,0,28.48
911622,1537,30000,51.75,9,15530,42.11,4,12.99
911868,6249,140000,35.66,39,49945,23.38,11,12.29
912000,6925,159294,34.11,46,54358,22.56,14,10.67
9136,4764,137052,67.52,34,92567,62.23,23,8.71
916665,366,816,0,0,0,0,0,57.85
9801,83500,395846,69.3,40,274421,66.03,20,17.12
9802,12210,200992,64.58,60,129837,56.03,31,10.71
9902,45284,98050,56.19,21,55097,50.3,11,17.66
9904,105593,2946787,69.5,431,2048751,65.2,226,7.87
9905,17489,305000,73.69,40,224781,72.27,32,8.45
9906,8430,90376,78.67,24,71116,74.88,18,9.57
9907,55793,1579145,75.01,182,1184909,70.61,71,6.67
9908,16591,516358,80.58,111,416220,74.23,62,5.57
9910,24863,987483,88.71,94,876151,86.57,57,4.25
9911,30865,222390,68.38,57,152111,61.71,35,14.87
9912,61931,54171,62.34,19,33781,55.39,13,15.84
9914,66448,298984,66.01,82,197423,56.33,42,12.95
9917,56454,451197,76.98,96,347455,71.11,54,8.81
9918,25398,180537,84.58,49,152762,77.04,25,2.54
9919,63645,195363,46.16,29,90222,43.11,20,27.79
9921,31351,392065,64.98,114,254833,55.62,58,12.75
9922,10431,216059,69.32,59,149806,59.02,25,7.16
9924,13011,150762,62.08,46,93629,53.62,26,16.04
9925,19213,387490,68.72,88,266330,61.67,45,9.44
9926,4300,179504,83.86,52,150570,73.65,23,2.49
9927,14018,120000,58.88,18,70691,52.67,7,17.9
9928,7217,70725,74.46,14,52676,67.16,6,7.56
9929,3789,101280,88.08,20,89224,83.97,12,2.52
9930,12178,248540,77.85,16,193531,77.09,12,8.07
9931,7962,120369,77.98,28,93891,72.99,18,3.74
9933,52945,945509,61.86,165,585106,55.62,68,9.95
9934,14042,411017,66.69,88,274161,58.56,32,7.3
9935,57838,177839,61.99,71,110282,49.53,34,7.4
9936,11640,105159,28.94,22,30454,20.0,7,19.98
9937,15871,309043,89.26,69,275930,82.55,34,1.96
9938,49928,297964,53.83,83,160466,45.3,42,15.42
9939,30260,295786,61.11,94,180809,50.96,48,15.65
9940,17466,736846,81.37,70,599822,77.93,23,4.6
9941,44549,575636,70.5,60,405920,67.26,31,12.82
9941A,3709,100000,81.98,23,81996,74.62,11,5.84
9942,9764,83161,51.79,25,43081,38.57,8,18.92
9943,15774,125172,71.09,13,88998,69.48,10,16.15
9944,10574,105908,78.73,43,83406,66.14,20,8.59
9945,106085,2844225,64.53,333,1836303,60.44,136,8.54
9946,14067,326554,81.73,39,266976,78.46,20,4.75
9948,73,211,0,0,0,0,0,65.68
9949,11157,44861,73.09,22,32801,51.67,8,11.65
9950,3771,167716,83.3,26,139737,79.53,15,4.78
9951,23633,73300,46.8,20,34310,39.55,11,22.55
9953,520,4384,0,0,0,0,0,18.07
9955,15103,104436,61.69,21,64441,55.3,10,19.27
9957,13014,3220414,96.03,72,3092823,95.48,42,0.99
9958,57223,246897,53.15,61,131287,43.85,22,23.3
9960,9670,33592,76.23,15,25614,60.11,7,6.2
9961,321,69099,93.39,16,64543,89.73,13,0.78
9962,29117,90220,47.07,27,42489,39.97,16,18.13
9965,68,776,0,0,0,0,0,21.58
YFU6,53,23060,88.2,10,20342,79.27,6,0.13
YHU4,552,232690,95.44,8,222109,94.69,4,0.54
YJL5,121,19580,97.31,2,19055,97.31,2,1.15
YJS2,8994,115112,78.86,19,90793,74.07,11,3.39
YY0005,98,445,0,0,0,0,0,50.55
YY0008,55,203,0,0,0,0,0,79.3
YY0024,72,260,0,0,0,0,0,71.15
YY0027,62569,70399,12.95,10,9123,8.2,4,66.29
YY0028,33922,247293,39.72,58,98299,30.62,24,18.25
YY0029,8309,39020,30.63,8,11955,27.51,6,23.22
YY0030,3005,62727,52.21,25,32763,38.56,10,10.37
YY0031,430,4703,0,0,0,0,0,34.82
YY0032,358,3886,0,0,0,0,0,29.75
YY0033,2498,20320,16.08,3,3270,9.84,1,25.57
YY0034,266,1732,0,0,0,0,0,44.73
YY0035,15307,237408,36.42,50,86522,28.81,21,14.64
YY0036,136,348,0,0,0,0,0,75.85
YY0037,3451,80470,85.39,21,68725,79.57,14,5.59
YY0038,268,2681,26.72,1,716,0,0,23.4
YY0039,12873,251292,81.21,56,204133,75.93,35,5.34
YY0040,9033,73160,44.24,13,32376,37.77,6,16.03
YY0041,13700,279796,79.97,55,223817,74.52,33,7.75
YY0042,20032,70820,14.14,10,10032,10.04,5,36.49
YY0043,9592,40148,6.12,4,2463,0,0,52.55
YY0044,53015,445017,18.9,48,84213,15.22,21,29.36
YY0046,37398,552051,32.31,152,178544,21.08,46,13.43
YY0047,78093,1070740,31.57,284,338288,20.62,96,13.53
YY0048,7715,98824,49.21,27,48653,40.49,14,12.02
YY0049,33775,38916,26.16,7,10191,20.5,4,43.68
YY0050,55815,236327,21.52,50,50900,10.54,10,31.22
YY0051,7678,77637,33.75,17,26218,25.46,6,14.42
YY0052,4535,202305,69.06,68,139753,57.86,32,3.01
YY0053,24714,241622,46.75,45,113020,40.9,23,22.58
YY0054,5673,106933,46.91,29,50181,38.2,14,7.88
YY0055,5311,124278,46.61,56,57953,25.77,18,7.81
YY0056,2185,19785,51.38,8,10169,35.64,3,5.12
YY0057,4854,148088,56.91,40,84313,47.71,19,6.46
YY0058,3344,57761,35.85,18,20716,23.33,7,10.95
YY0059,1060,22565,21.04,6,4749,0,0,8.29
YY0060,683,9827,13.47,2,1325,0,0,14.8
YY0061,6535,53312,22.61,16,12064,8.44,4,19.26
YY0062,18059,320854,23.53,71,75562,13.24,19,16.37
YY0063,8956,20255,2.65,1,538,0,0,54.49
YY0064,5252,97705,63.74,30,62302,52.91,12,6.32
YY0065,17187,219907,28.27,56,62218,16.96,13,15.2
YY0066,19912,331816,30.0,79,99608,19.29,21,13.57
YY0067,6894,153056,29.28,49,44844,17.56,18,11.87
YY0068,28704,405818,23.32,66,94736,15.48,14,17.79
YY0070,22540,322847,33.94,85,109662,20.55,18,16.03
YY0071,14733,80722,18.84,11,15216,15.2,6,30.05
YY0072,2510,27500,18.32,8,5044,0,0,17.27
YY0073,2184,36644,35.76,16,13112,18.51,5,8.92
YY0074,10688,104250,17.59,22,18353,7.45,5,24.68
YY0075,3110,16424,9.66,3,1588,0,0,29.02
YY0076,450,450,0,0,0,0,0,100.0
YY0077,299,754,0,0,0,0,0,78.63
YY0078,330,2412,0,0,0,0,0,27.55
YY0079,79,330,0,0,0,0,0,63.93
YY0080,308,895,0,0,0,0,0,62.39
