stock_no,people,lots,b4_pct,b4_people,b4_lots,b1_pct,b1_people,s10_pct
00400A,133512,1900640,16.01,209,304776,11.05,49,18.42
00401A,17364,224895,19.72,30,44368,15.95,16,22.04
00402A,47445,710127,20.27,103,144136,12.76,17,20.63
00403A,935765,15588519,15.93,1762,2487244,10.4,329,16.81
00404A,23694,343295,18.68,35,64189,14.93,13,21.75
00405A,152398,3185745,18.49,452,589905,11.77,100,13.29
00406A,135240,3474062,21.57,793,749931,10.18,143,10.5
00407A,134475,2632739,24.42,363,643201,17.82,74,14.42
00408A,8362,147634,30.62,37,45231,18.31,9,16.68
00409A,47460,1827448,39.13,495,715456,25.87,124,7.59
00410A,7768,156360,36.17,29,56585,29.59,13,14.27
00411A,22501,654576,31.63,109,207128,23.58,26,10.44
0050,3537377,22325000,26.48,917,5915628,24.84,268,26.28
0051,12607,24500,12.83,5,3145,0,0,56.0
0052,458312,2568000,19.92,163,512140,17.73,69,35.87
0053,6617,9988,55.62,5,5556,41.57,2,29.17
0055,14603,84654,43.32,17,36684,35.07,4,27.29
0056,1651203,14068534,11.54,720,1626755,9.22,153,25.69
0057,3625,1527,0,0,0,0,0,36.39
0061,6042,96116,32.9,22,31637,22.32,5,15.47
006201,5608,22946,46.64,7,10709,32.68,2,28.69
006203,3806,10218,74.49,5,7613,59.82,3,10.26
006204,1148,1500,0,0,0,0,0,46.22
006205,8839,93439,45.35,26,42397,32.89,7,17.77
006206,3098,26778,20.85,4,5587,11.23,1,24.78
006207,1608,20892,14.22,5,2975,0,0,16.7
006208,713654,1860540,10.2,58,190083,9.62,39,52.02
00631L,314938,7297848,29.19,1505,2132092,19.47,308,9.54
00632R,65277,2757208,47.01,853,1296860,32.99,226,4.7
00633L,3615,117458,33.95,37,39901,20.79,12,7.03
00634R,767,42756,53.54,14,22903,42.19,7,3.95
00635U,57152,308514,20.17,32,62327,16.83,16,32.89
00636,8227,93825,21.09,19,19800,13.91,6,19.99
00637L,11784,745106,56.96,277,424567,41.78,92,3.61
00638R,510,22948,52.63,8,12084,36.98,2,5.23
00639,5711,95903,25.49,22,24456,14.86,7,13.45
00640L,1240,6419,28.18,3,1810,0,0,26.98
00641R,1310,91258,57.79,33,52750,45.1,15,3.02
00642U,7957,67321,42.48,13,28614,34.64,5,21.54
00643,3183,72503,40.35,21,29270,25.52,5,11.45
00645,9785,42997,23.98,10,10319,11.98,2,36.45
00646,112575,614985,43.0,72,264604,38.98,31,24.98
00647L,1521,6416,30.47,1,1955,30.47,1,28.54
00648R,2392,142688,46.54,39,66435,35.64,13,3.47
00650L,2156,96338,50.4,39,48588,38.37,19,4.69
00651R,392,32192,69.81,16,22479,51.93,7,2.47
00652,9354,61035,31.03,15,18946,21.84,5,28.87
00653L,1233,12903,13.33,1,1720,13.33,1,19.65
00654R,374,19466,55.03,9,10716,37.74,3,4.33
00655L,2194,57958,29.22,20,16942,15.02,5,8.42
00656R,316,20357,74.71,14,15212,44.86,4,3.23
00657,1657,6084,10.07,1,613,0,0,40.56
00660,1042,7031,27.26,3,1917,0,0,18.9
00661,7239,23425,17.37,5,4073,6.68,1,42.59
00662,109435,910529,37.27,95,339524,33.4,31,15.51
00663L,14734,150163,28.1,21,42220,23.93,12,19.73
00664R,9939,884575,58.85,398,520747,39.46,124,2.52
00665L,4889,403965,58.25,150,235380,43.96,59,2.38
00666R,130,12124,80.98,7,9821,68.09,5,1.75
00668,2018,7483,32.48,2,2431,32.48,2,32.62
00669R,3157,205117,46.33,63,95073,34.97,24,3.32
00670L,12487,77145,13.07,9,10097,8.23,3,27.7
00671R,3548,520884,69.64,206,362873,53.35,70,1.24
00673R,13225,777051,45.51,235,353853,32.4,73,3.5
00674R,1323,14421,45.46,4,6557,40.22,3,17.6
00675L,19175,109786,20.87,12,22927,16.32,5,30.42
00676R,4385,195834,46.0,74,90114,29.58,22,4.22
00678,1855,8448,17.73,3,1498,0,0,29.4
00679B,234567,6242692,42.74,691,2669550,37.6,148,8.99
00680L,19274,1458076,53.88,512,785905,38.91,156,2.76
00681R,98,7594,91.68,6,6963,84.9,5,1.48
00682U,259,7644,77.88,4,5954,52.28,2,3.69
00683L,323,11434,67.39,6,7706,59.25,4,4.79
00684R,169,9688,81.2,6,7867,73.73,5,3.2
00685L,195726,5782336,31.43,1524,1819345,18.87,311,8.43
00686R,2104,263776,67.53,115,178148,48.92,39,1.56
00687B,153029,4267380,42.74,554,1824844,36.9,139,8.66
00688L,9183,625115,49.89,211,312002,35.75,71,3.07
00689R,51,6889,87.38,5,6020,73.97,3,0.41
00690,17536,83830,12.73,13,10693,6.29,4,36.17
00692,91694,613780,16.65,34,102358,14.8,17,33.27
00693U,3105,71666,40.47,19,29010,34.44,11,9.93
00694B,1988,27576,63.86,8,17614,53.79,4,12.47
00695B,2233,40186,75.14,9,30200,68.89,5,10.08
00696B,10905,618681,83.5,28,516688,82.46,18,4.04
00697B,6640,65212,23.54,11,15364,19.62,7,21.99
00700,2605,31983,13.63,7,4368,3.83,1,18.2
00701,38065,169891,6.69,11,11400,4.29,4,50.97
00702,1150,6688,55.32,5,3700,31.28,2,25.51
00703,1019,9550,23.42,3,2238,0,0,22.78
00706L,6203,131271,31.38,30,41210,22.88,12,9.91
00708L,17236,147573,28.24,27,41711,20.59,9,22.48
00709,2258,14960,38.57,9,5773,14.13,2,23.38
00710B,3650,179761,82.02,8,147447,81.23,5,4.78
00711B,797,871761,99.33,5,866083,99.18,3,0.16
00712,138636,5205011,31.94,1192,1663683,20.73,205,5.99
00713,268868,1687512,22.34,77,377226,21.11,45,32.11
00714,2388,20067,46.23,12,9281,10.16,1,23.26
00715L,4435,81192,53.0,16,43046,48.92,11,9.3
00717,7545,119605,27.03,25,32351,17.79,8,15.8
00719B,14593,308514,30.2,49,93252,23.61,18,10.86
00720B,78207,4037109,65.62,300,2650488,62.36,75,4.55
00722B,13545,1462239,89.86,48,1314157,89.12,29,2.43
00723B,471,1520583,99.71,13,1516400,99.65,11,0.05
00724B,6236,3022775,97.61,32,2950936,97.45,23,0.5
00725B,41519,3690706,81.91,157,3023470,80.24,57,2.73
00726B,1731,1187489,97.97,17,1163572,97.61,10,0.32
00727B,728,57189,89.22,5,51029,87.48,3,2.77
00728,9814,39923,5.3,2,2120,4.1,1,48.68
00730,13106,69044,15.69,8,10839,12.12,4,41.06
00731,8255,20100,12.51,4,2517,0,0,58.24
00733,20820,64466,14.27,6,9200,12.81,4,52.8
00734B,528,24979,82.53,2,20619,80.06,1,4.8
00735,33092,120289,20.27,21,24412,14.06,8,39.64
00736,491,6727,74.32,6,5000,41.64,2,9.16
00737,5446,22538,15.06,4,3398,9.39,2,43.6
00738U,32865,240799,18.14,41,43733,10.99,11,26.71
00739,1960,25488,39.76,9,10138,23.42,3,17.54
00740B,6038,2188971,96.64,46,2115910,96.22,31,0.61
00741B,1136,13128,49.51,3,6502,37.85,1,17.85
00746B,1329,2550464,99.57,28,2540030,99.45,21,0.09
00749B,194,1110500,99.75,7,1107810,99.75,7,0.02
00750B,75,148000,99.73,4,147617,99.32,3,0.04
00751B,67236,5228103,75.59,326,3953159,72.97,93,2.96
00752,17288,256216,30.51,31,78221,25.95,12,16.38
00753L,10379,665657,49.73,241,331166,34.97,80,3.32
00754B,461,1303900,99.75,14,1300670,99.75,14,0.06
00755B,1011,280230,97.59,7,273500,97.59,7,0.81
00756B,2343,1299300,97.6,19,1268267,97.3,12,0.37
00757,68519,266994,30.47,30,81434,27.15,15,33.71
00758B,126,5525,90.49,1,5000,90.49,1,2.33
00759B,122,47525,98.89,1,47000,98.89,1,0.18
00760B,628,435020,99.15,6,431365,99.15,6,0.28
00761B,3463,2735089,98.52,31,2695436,98.4,25,0.28
00762,22748,46748,17.26,5,8075,14.6,3,52.75
00763U,3960,41065,50.83,12,20881,45.49,9,18.57
00764B,8295,1545000,94.12,31,1454411,93.78,21,1.33
00768B,1743,791600,98.27,28,778053,97.81,22,0.38
00770,18461,79958,12.36,9,9901,6.53,3,41.54
00771,2069,14225,15.17,2,2159,11.94,1,30.18
00772B,40862,3370790,80.43,144,2711697,78.67,43,2.84
00773B,8965,2595790,95.62,42,2482569,95.29,27,0.82
00775B,183,232100,99.66,7,231330,99.23,6,0.06
00777B,219,2076650,99.92,14,2075360,99.88,13,0.01
00778B,184,1522150,99.92,10,1521080,99.92,10,0.01
00779B,637,1297650,99.6,9,1292579,99.46,7,0.1
00780B,1296,246102,97.37,9,239645,96.85,7,1.24
00781B,701,8336,29.24,3,2438,17.99,1,19.04
00782B,1260,20467,23.31,4,4775,14.66,2,15.79
00783,808,7031,10.16,1,715,0,0,25.51
00785B,242,1063466,99.83,11,1061721,99.7,8,0.02
00786B,1295,19566,28.82,6,5641,15.33,1,16.96
00787B,1008,11806,41.03,5,4846,16.94,1,17.79
00788B,1469,24706,26.15,7,6465,14.25,2,14.75
00789B,355,455600,99.38,11,452790,99.07,9,0.17
00791B,100,281100,99.68,6,280204,99.68,6,0.02
00792B,445,2317615,99.87,15,2314771,99.81,13,0.02
00793B,289,2526,24.2,1,612,0,0,21.58
00795B,37475,1525598,55.46,141,846184,51.65,43,5.92
00799B,1670,26036,24.78,7,6455,8.79,1,15.81
00830,182611,845965,20.58,58,174240,18.3,26,35.99
00834B,136,23198,94.36,4,21890,94.36,4,0.88
00836B,422,631041,99.53,12,628105,99.25,9,0.1
00840B,91,59431,99.27,3,59000,99.27,3,0.16
00841B,121,70440,99.43,5,70047,98.66,4,0.2
00842B,964,20767,44.24,6,9190,34.69,3,10.53
00844B,298,213175,99.21,5,211503,98.91,4,0.31
00845B,225,237051,99.57,4,236061,99.34,3,0.12
00846B,261,74350,98.18,2,73000,98.18,2,0.5
00847B,395,4305,31.21,2,1344,0,0,20.06
00848B,153,136066,99.51,3,135410,99.21,2,0.11
00849B,105,486106,99.83,6,485335,99.63,4,0.01
00850,80526,416944,17.93,32,74859,15.65,18,39.14
00851,2148,5525,27.87,1,1540,27.87,1,42.06
00852L,497,8365,68.29,3,5714,51.49,1,9.05
00853B,2330,178134,91.01,10,162160,89.53,5,3.3
00856B,413,6792,56.77,2,3857,44.16,1,9.55
00857B,15814,601268,59.35,67,357031,55.08,23,6.58
00858,19134,117874,15.18,13,17911,11.09,5,30.11
00859B,1788,30011,19.76,6,5934,12.52,2,13.43
00860B,363,2671,0,0,0,0,0,25.41
00861,19070,69912,6.15,4,4307,3.62,2,52.78
00862B,1508,879381,98.3,11,864558,98.21,9,0.39
00863B,334,511964,99.59,9,509877,99.42,7,0.11
00864B,3769,109722,34.28,21,37639,28.66,11,7.28
00865B,9999,308744,30.26,50,93464,23.4,13,6.52
00867B,212,565150,99.79,10,563996,99.72,9,0.06
00870B,314,564151,99.61,9,561975,99.43,7,0.09
00875,6879,14988,20.3,4,3045,0,0,49.31
00876,23299,94524,27.3,11,25815,23.92,5,39.96
00877,13951,163788,15.92,26,26119,9.35,10,21.65
00878,1665576,18848290,11.25,879,2121180,9.09,153,20.21
00881,406726,2974903,15.27,129,455254,13.62,46,31.65
00882,83339,1974849,26.61,390,525994,17.45,89,10.26
00884B,211,75440,98.76,4,74512,98.76,4,0.41
00885,48814,602238,17.53,88,105751,11.66,31,19.12
00886,1183,4451,13.5,1,601,0,0,45.43
00887,20469,447351,31.04,117,138971,18.82,29,11.25
00888,94619,656478,10.3,31,67708,9.09,16,35.32
00890B,700,18264,73.39,3,13406,65.7,1,8.24
00891,192047,1920590,13.68,111,263240,11.38,36,25.13
00892,46755,323792,16.86,27,54660,14.05,14,33.9
00893,57176,358384,8.48,21,30468,5.82,6,38.76
00894,26485,148009,12.22,10,18109,10.3,6,39.89
00895,29184,143916,9.28,7,13372,7.93,4,44.42
00896,52196,411880,7.94,22,32775,6.06,9,32.82
00897,10182,128512,17.12,24,22023,7.79,5,22.24
00898,8791,116976,20.84,26,24400,10.36,7,22.54
00899,3701,16135,5.63,1,909,0,0,42.84
00900,130232,1547525,15.3,86,237055,12.9,22,22.91
00901,11796,62349,13.3,10,8303,5.54,2,41.07
00902,18062,223997,17.17,28,38500,13.24,13,21.85
00903,7122,47221,10.69,5,5059,6.61,2,37.68
00904,24517,158112,12.33,18,19524,6.04,5,36.38
00905,44634,359827,7.76,19,27973,5.84,7,31.35
00907,20115,148133,11.45,13,16995,7.86,5,33.58
00908,2730,34416,37.35,9,12865,24.18,3,19.38
00909,27003,106704,11.62,10,12413,8.44,4,45.18
00910,39044,115439,9.67,10,11194,4.94,2,49.93
00911,13551,32403,16.37,6,5310,7.11,1,56.1
00912,8329,58253,21.66,8,12627,17.35,4,33.17
00913,12120,59266,21.49,8,12747,19.38,6,39.29
00915,72068,509983,16.57,36,84606,14.53,18,35.59
00916,19980,105919,15.05,16,15948,8.87,6,41.16
00917,12384,61478,13.56,10,8350,6.85,3,40.55
00918,286367,3614764,11.78,214,426517,9.13,50,20.39
00919,1385997,18274135,11.09,1041,2030292,8.32,160,17.8
00920,6537,20280,22.22,5,4510,16.49,3,45.55
00921,9372,54770,8.24,4,4522,5.7,2,41.57
00922,187557,2137686,31.44,108,672432,29.33,32,20.96
00923,125447,952923,14.42,46,137625,13.04,24,33.07
00924,55298,435103,22.28,27,97028,20.18,13,27.51
00926,9258,103982,56.66,12,58934,52.3,5,19.68
00927,142179,1363897,12.56,82,171572,10.21,29,27.02
00928,7271,43856,19.76,10,8675,8.14,2,35.34
00929,446647,5051639,9.24,220,467907,7.24,46,22.23
00930,19280,126279,6.2,7,7861,4.51,4,39.27
00931B,33808,2249898,76.72,103,1726467,75.02,41,4.04
00932,13360,111783,11.78,9,13194,9.02,5,33.33
00933B,78587,6520958,76.01,458,4957425,72.68,102,2.93
00934,48885,424526,11.52,23,48960,9.9,12,30.78
00935,123221,891004,24.63,55,219734,23.13,31,28.16
00936,22372,193797,10.17,9,19750,8.53,4,31.31
00937B,212777,17152805,60.66,3207,10407755,51.8,666,2.63
00938,6317,99516,45.5,9,45287,43.97,7,18.45
00939,102598,1165476,7.1,49,82999,5.2,15,26.85
00940,316934,5214865,12.26,392,640444,8.67,80,18.15
00941,47617,455791,13.23,36,60358,9.87,13,28.44
00942B,9923,2024959,89.72,68,1817239,88.68,31,1.33
00943,4094,40389,32.8,5,13253,28.67,3,26.95
00944,7876,53581,10.4,6,5579,7.83,3,37.35
00945B,18624,821318,40.53,135,333022,33.37,38,5.21
00946,36008,443246,19.08,32,84694,16.88,13,22.74
00947,39222,282364,21.22,31,59983,17.64,16,31.8
00948B,26586,3988427,80.92,315,3228040,77.51,92,1.57
00949,17432,167428,20.24,27,33928,14.21,10,28.29
00950B,12274,4111809,90.91,149,3739025,89.53,53,0.68
00951,15947,235542,27.64,35,65146,22.44,14,17.72
00952,22749,247775,13.43,27,33304,8.17,8,24.64
00953B,51229,4570175,53.05,1392,2425094,39.14,329,2.2
00954,11301,124747,21.53,18,26871,14.99,6,22.92
00955,36858,503931,31.19,67,157239,26.18,25,18.31
00956,3218,33130,22.01,6,7296,12.07,2,23.57
00957B,3980,188263,50.53,30,95163,43.04,9,5.92
00958B,4355,121771,21.71,24,26456,15.01,9,10.17
00959B,9285,510336,48.42,82,247196,40.77,20,4.44
00960,12213,59495,18.91,8,11260,16.27,5,39.42
00961,49090,784011,7.82,81,61488,2.51,11,16.99
00962,6972,58920,10.22,6,6035,3.9,1,30.54
00963,4963,114933,28.24,21,32487,22.85,12,9.96
00964,4148,65124,20.58,13,13407,12.64,5,14.61
00965,33618,403992,41.48,42,167651,38.4,22,19.67
00966B,3920,116732,36.63,18,42780,30.93,8,10.6
00967B,2659,181407,70.54,34,127994,62.72,13,4.09
00968B,8241,794011,68.71,102,545710,63.43,35,2.6
00969B,2103,148133,68.95,45,102169,58.37,19,3.86
00970B,5901,391229,60.48,61,236701,53.66,22,4.21
00971,6746,55177,16.62,8,9179,11.47,3,29.75
00972,1625,15672,38.49,4,6034,33.12,2,23.6
009800,20008,295391,26.55,49,78480,20.93,20,17.37
009801,8874,95119,19.9,18,18947,9.06,3,24.58
009802,40087,601495,26.19,57,157667,22.14,19,18.64
009803,21348,190328,11.24,16,21408,9.51,10,27.34
009804,18367,151892,10.88,15,16546,6.83,5,29.86
009805,55409,613816,19.36,72,118951,14.4,22,22.93
009806,1100,13661,58.09,6,7938,43.02,3,17.65
009807,1186,14260,57.71,8,8231,32.31,2,19.63
009808,4328,39511,10.89,4,4309,7.46,2,31.42
009809,2505,30363,33.5,7,10176,28.56,4,22.44
00980A,71862,806230,25.37,55,204664,23.17,25,23.07
00980B,1514,53569,47.01,14,25194,38.98,6,7.44
00980D,3404,101957,39.4,25,40183,31.19,10,7.59
00980T,3213,74918,53.77,11,40293,47.83,3,12.35
009810,1950,19154,33.72,5,6461,24.62,2,23.32
009811,23092,236950,17.21,37,40825,10.12,10,25.12
009812,5912,92882,36.83,22,34230,26.52,7,16.71
009813,23683,331824,23.72,49,78785,18.17,18,20.03
009814,13739,152576,20.76,20,31717,15.57,7,23.1
009815,29929,431170,21.09,58,91041,15.25,18,19.21
009816,911950,11994344,20.14,1466,2417446,14.35,285,19.13
009817,10215,223436,24.81,50,55468,15.11,12,13.19
009818,5073,46152,3.96,2,1833,2.26,1,34.83
009819,52223,601245,11.45,55,68905,7.35,18,25.79
00981A,971812,9491209,19.81,967,1882864,15.26,247,22.86
00981B,16527,1540113,51.92,530,800055,36.05,131,1.96
00981D,8649,518800,44.43,159,230559,30.26,38,3.38
00981T,8278,248761,36.1,70,89841,24.1,21,8.39
009820,38172,1135702,38.16,227,433652,28.75,54,9.75
009821,55696,519840,10.53,43,54873,7.3,15,30.75
009822,5807,84556,10.37,11,8790,3.53,2,24.3
009823,34420,351317,17.37,36,61116,12.96,9,28.5
009824,49300,558847,14.82,74,82923,8.18,15,26.56
009825,4663,126208,10.87,20,13751,1.91,2,11.59
009826,57858,741804,26.01,152,193071,16.49,33,19.38
009827,13679,213450,20.03,30,42796,14.79,10,19.83
009828,32903,479045,27.69,53,132714,22.65,15,21.74
009829,12585,309370,45.9,56,142066,39.72,23,11.43
00982A,180867,2244936,13.65,168,306976,10.16,35,21.29
00982B,768,25900,62.32,6,16145,53.69,3,6.73
00982D,2805,76729,35.86,20,27530,28.24,10,9.61
00982T,1687,16597,33.53,6,5567,17.5,2,28.59
00983A,9135,83686,23.05,14,19311,17.21,6,26.58
00983B,792,24653,56.09,8,13832,46.85,4,7.9
00983D,3978,104197,30.45,38,31744,10.38,5,7.41
00984A,62948,637958,15.88,43,101407,13.27,17,26.19
00984B,3548,123433,35.51,27,43852,28.92,12,6.93
00984D,14352,1126057,45.27,399,510069,28.61,100,2.5
00985A,45892,451789,16.58,38,75008,13.89,18,26.28
00985B,8554,674501,57.4,188,387300,45.25,55,3.03
00985D,2291,102232,55.45,23,56696,45.47,9,5.31
00986A,4774,39327,16.76,6,6598,9.74,2,31.7
00986B,400,20762,79.24,6,16454,73.58,4,4.06
00986D,2362,148677,51.7,42,76895,42.5,21,3.68
00987A,17579,155643,14.12,17,22001,9.96,7,31.19
00987B,2129,72827,54.5,25,39702,39.89,9,7.49
00987D,1643,95023,74.59,13,70890,71.97,10,5.36
00988A,236902,3261437,18.55,371,605413,13.4,89,18.4
00988B,5374,161333,28.85,41,46564,17.46,12,8.19
00989A,6805,66617,15.4,8,10270,9.97,3,26.48
00989B,2269,81952,34.03,26,27907,19.91,8,7.44
00990A,123906,2430522,33.89,401,824461,26.13,101,13.4
00990B,3115,84350,40.78,15,34410,34.41,7,11.09
00991A,338368,4496416,19.85,464,893675,15.31,123,19.35
00991B,389,227328,98.23,13,223328,97.54,10,0.35
00992A,178676,2283455,17.76,231,405963,13.05,58,21.22
00993A,47380,756591,20.18,99,152834,14.41,23,18.31
00994A,29352,281690,18.36,31,51737,13.5,8,25.72
00995A,24656,273035,14.25,28,38966,10.04,9,26.49
00996A,23139,294899,20.6,36,60792,14.92,9,22.66
00997A,69512,1150377,16.24,154,187115,9.72,30,17.43
00998A,17726,232609,36.96,26,86032,33.6,12,19.56
00999A,85161,990017,10.61,80,105338,6.57,18,26.07
01001T,1360,583000,93.29,61,544027,90.1,28,0.51
01002T,3256,1393000,93.68,112,1305410,91.28,61,0.54
01004T,1242,730200,94.01,82,686668,90.36,38,0.31
01007T,1826,720000,92.76,81,668090,89.7,45,0.48
01009T,954,300000,90.2,61,270643,85.54,41,0.64
01010T,857,2308170,98.75,81,2279540,98.04,55,0.05
1101,510517,7523182,55.47,856,4174613,51.55,372,12.96
1101B,7416,200000,94.08,22,188203,91.27,14,2.17
1102,102450,3546563,81.71,336,2898825,79.31,196,6.02
1103,74304,832875,80.31,135,669087,76.68,86,5.81
1104,56063,686682,73.52,111,504919,67.73,45,8.13
1107,3434,10100,99.7,1,10070,99.7,1,0.29
1108,12974,404738,78.68,68,318521,74.85,43,6.45
1109,12087,341159,79.87,72,272545,72.92,36,5.91
1110,5175,572001,94.17,60,538781,91.42,36,0.97
1113O,178,840,0,0,0,0,0,63.21
1113R,381,2129,0,0,0,0,0,30.62
1201,87774,506063,63.69,64,322419,59.24,26,12.34
1203,55208,240000,90.93,50,218285,86.76,35,2.94
1204,3516,18368,45.75,6,8407,31.78,2,19.61
1207,46660,464094,77.28,48,358764,75.3,31,9.48
1210,100351,894767,64.94,130,581144,60.51,66,15.07
1212,30375,174100,44.24,45,77058,35.59,20,17.33
1213,6567,56623,81.87,13,46369,77.04,8,7.13
1215,97702,294790,56.21,32,165767,52.4,15,24.79
1216,141638,5682015,89.67,760,5095646,86.21,458,3.87
1217,137861,494513,61.56,130,304545,54.15,71,14.55
1218,82686,499999,67.33,69,336746,63.14,35,11.71
1219,52948,341238,64.2,77,219162,59.44,52,10.64
1220,47367,177078,67.66,46,119838,60.48,27,10.85
1221,18646,94975,34.2,22,32505,25.87,10,21.97
1224,3611,71910,88.36,20,63549,82.38,13,3.39
1225,43807,242268,89.5,39,216873,87.13,29,3.37
1227,53416,915090,67.2,73,615121,64.27,30,12.75
1228,1580,11109,38.0,5,4224,12.2,1,11.98
1229,103339,1831880,65.93,174,1208106,63.01,84,9.95
1231,36363,328300,64.94,28,213221,63.62,19,15.65
1232,16840,159975,73.76,11,118014,72.04,6,12.69
1233,10267,90592,75.73,27,68634,68.31,15,4.79
1234,24161,401871,83.05,136,333886,74.29,80,5.57
1235,2926,188578,96.36,15,181727,95.42,12,1.1
1236,11662,86674,83.51,23,72404,78.62,18,6.94
1238,2040,29945,11.73,4,3516,8.56,2,21.51
1240,3034,44232,69.69,25,30832,49.16,11,8.26
1256,6298,35781,59.9,10,21440,47.11,3,17.98
1259,16234,32390,78.32,9,25375,71.15,6,8.52
1260,1306,102098,76.38,30,77992,70.6,20,2.03
1264,9255,37052,47.22,16,17503,24.84,5,24.34
1268,3432,42224,78.11,17,32982,72.16,12,8.63
1269,729,20882,77.54,7,16195,72.54,5,3.48
1271,2903,77089,74.1,19,57148,64.42,7,5.76
1293,400,17094,74.31,11,12705,42.38,4,3.17
1294,4555,36626,60.04,16,22000,43.82,7,10.13
1295,3321,37600,57.92,15,21787,44.91,8,14.85
1301,291601,6365741,75.65,581,4817171,72.84,299,8.85
1303,278311,7930822,86.46,703,6858030,83.93,387,4.9
1304,99798,1188764,60.95,112,724786,57.65,48,13.73
1305,72429,581050,51.73,62,300717,48.13,25,16.69
1306,6131,44503,21.34,4,9502,19.41,2,23.57
1307,18125,397818,80.2,62,319097,77.28,41,6.78
1308,76113,593744,52.82,64,313722,49.62,32,16.38
1309,79024,397587,46.48,31,184860,42.57,7,22.21
1310,105621,527870,30.22,90,159618,23.6,31,24.77
1312,140925,1506620,59.64,170,898965,55.79,74,14.12
1312A,1267,20000,54.45,12,10893,21.4,2,13.56
1313,61793,1330846,68.4,165,910480,63.88,68,9.46
1314,304861,3784850,40.87,785,1547943,32.28,248,14.63
1315,5839,99099,81.1,42,80387,71.05,25,6.37
1316,61292,401646,41.88,83,168269,32.61,22,17.57
1319,32008,591477,80.23,106,474609,75.96,63,9.02
1321,3984,227228,70.73,94,160759,53.34,34,2.66
1323,14369,91275,70.54,36,64414,61.19,23,8.45
1324,23429,75122,66.23,20,49771,60.76,13,16.54
1325,36160,85281,47.81,9,40784,44.85,5,27.08
1326,183050,5861186,83.08,519,4869888,80.52,278,5.82
1333,15927,74515,51.19,14,38163,43.03,3,10.99
1336,12342,77614,51.84,23,40252,38.46,6,11.34
1337,52430,268955,47.71,56,128388,39.09,18,14.52
1338,55994,83840,44.15,25,37036,34.3,12,18.78
1339,7303,74124,75.19,16,55749,72.36,13,11.13
1340,61764,152923,34.63,25,52989,28.15,7,19.86
1341,9728,52851,83.7,16,44244,75.97,9,2.55
1342,8688,78001,58.72,14,45821,51.58,5,17.1
1343,1211,40514,66.18,22,26819,42.18,7,5.47
1402,87696,5352875,89.26,428,4778744,87.28,257,2.9
1407,162092,440826,35.28,76,155617,28.86,29,29.75
1407A,4919,67841,53.5,9,36304,52.87,8,18.89
1408,70694,351651,20.7,72,72860,12.54,23,29.39
1409,154418,1618409,61.85,212,1001209,58.18,114,14.54
1410,6642,62000,77.0,20,47752,68.33,11,5.34
1413,8464,132112,76.04,26,100483,69.52,13,5.79
1414,26819,198000,88.56,37,175385,82.96,21,4.7
1416,45373,185342,56.2,39,104183,50.04,21,14.33
1417,55565,189942,58.38,51,110915,48.23,20,16.47
1418,30598,56834,71.54,19,40667,58.94,7,5.41
1419,16898,300041,90.54,71,271730,85.53,48,2.12
1423,18146,99648,83.34,29,83075,74.49,15,4.86
1432,257381,108000,54.5,13,58876,53.51,11,29.94
1434,64333,1684665,72.0,162,1213443,68.77,70,7.72
1435,33117,139780,94.87,24,132617,93.05,19,2.22
1436,14432,194152,76.38,38,148348,72.25,25,9.52
1437,8533,201871,79.36,73,160241,67.2,36,4.75
1438,5040,111206,82.95,28,92259,76.68,18,4.9
1439,4352,92000,85.64,31,78807,77.07,19,4.85
1440,93794,1656816,78.44,270,1299945,73.58,142,6.82
1441,14570,71744,65.0,15,46655,58.35,7,19.73
1442,8539,366211,87.33,108,319862,79.11,64,3.19
1443,15717,135343,89.95,40,121763,82.66,23,2.77
1444,60891,995595,64.1,138,638361,59.91,72,10.63
1445,11856,130666,69.06,41,90268,60.07,21,7.66
1446,8040,137710,66.29,30,91308,62.62,20,8.85
1447,42819,910071,70.08,129,638037,65.87,66,10.17
1449,45367,127115,38.48,27,48930,32.53,15,23.76
1450,15119,78812,25.83,14,20375,21.04,8,25.53
1451,16719,198000,63.73,40,126206,56.67,15,10.84
1452,47071,132641,49.44,40,65615,38.56,18,15.16
1453,14038,113243,75.67,18,85716,73.7,14,12.3
1454,13799,129834,81.67,35,106052,77.44,27,6.52
1455,34775,531688,67.04,80,356543,62.98,44,11.59
1456,4541,93720,85.77,15,80399,80.93,8,3.31
1457,16573,316730,74.95,71,237452,68.55,39,6.68
1458,21146,260750,59.79,59,155928,51.07,23,13.66
1459,12307,268972,84.15,61,226397,78.09,35,4.81
1460,23918,694643,71.95,123,499959,65.22,51,6.29
1462,61106,299821,46.4,98,139155,34.47,37,16.05
1463,33442,173268,81.79,42,141750,75.03,20,5.11
1464,63452,425576,61.85,89,263304,54.47,38,9.9
1465,10198,103607,72.84,39,75482,62.38,22,10.02
1466,21758,111157,69.19,35,76931,62.08,23,10.79
1467,17901,233625,67.26,45,157167,59.72,18,10.27
1468,1333,160405,97.55,18,156506,96.81,16,0.4
1469,336,87218,92.35,28,80568,87.63,21,0.17
1470,1205,85767,86.72,35,74388,70.27,13,0.72
1471,56398,150415,21.92,22,32982,16.94,8,29.79
1472,3584,52488,82.55,18,43342,69.84,7,2.55
1473,12568,146154,71.81,30,104988,69.22,24,9.9
1474,16317,129897,58.88,30,76499,53.22,17,13.33
1475,2305,66017,76.28,16,50378,68.99,8,4.35
1476,20707,274367,80.29,79,220347,72.77,45,7.24
1477,30710,246694,59.2,76,146100,49.71,39,16.26
1480,367,416085,98.13,59,408347,94.48,37,0.15
1491,1716,54818,59.65,24,32709,46.3,13,3.37
1492R,86,526,0,0,0,0,0,36.14
1503,80035,520972,73.2,63,381438,70.66,43,14.32
1504,202258,2376441,70.58,237,1677656,67.75,123,14.34
1506,21347,300389,77.17,46,231881,71.35,16,4.21
1512,20021,98183,54.04,19,53063,47.95,8,9.45
1513,157948,503113,44.85,78,225756,40.02,40,35.75
1514,103646,278571,41.0,60,114275,33.22,25,35.35
1515,24702,181474,48.57,32,88170,40.31,10,21.7
1516,45049,40008,64.82,15,25938,58.69,11,11.93
1517,46262,220000,48.69,30,107153,44.56,15,22.19
1519,88670,347469,73.65,77,255992,67.86,45,13.66
1521,23452,76230,68.06,12,51894,66.44,10,13.31
1522,30246,312898,57.68,50,180527,52.44,24,19.87
1522A,1399,30000,87.74,10,26328,80.53,7,4.13
1524,45590,165310,38.55,21,63766,35.46,12,31.0
1525,3205,73400,89.37,9,65604,86.62,6,5.5
1526,52412,60000,37.99,12,22800,29.94,3,24.18
1527,64394,138571,33.39,22,46300,28.8,11,28.57
1528,90658,191331,30.67,13,58725,28.78,6,37.84
1529,28728,155095,45.48,21,70585,41.96,12,25.46
1530,10749,94594,75.47,14,71400,70.06,6,11.1
1531,12852,182108,63.96,52,116508,54.06,21,9.38
1532,19441,422604,66.44,105,280875,58.85,52,8.41
1533,9969,98547,63.26,35,62361,52.11,18,17.46
1534,4103,67733,46.92,19,31799,35.3,7,13.12
1535,9864,123743,75.69,10,93669,75.27,9,11.1
1536,83626,278960,34.06,53,95088,28.61,27,31.06
1537,15824,82063,51.48,25,42268,42.91,14,24.44
1538,7617,32300,78.45,7,25345,70.77,3,6.68
1539,5283,65370,61.11,11,39954,60.48,10,15.72
1540,41217,85474,35.14,22,30039,23.2,5,31.92
1541,2440,78800,83.76,15,66023,79.46,10,4.75
1557,113,1722,30.57,1,527,0,0,13.88
1558,27688,64536,38.15,30,24637,14.62,7,23.23
1560,24908,151765,64.54,65,97975,48.87,28,11.83
1563O,35623,225608,49.66,70,112099,37.82,27,11.3
1565,37562,50417,16.8,10,8477,10.41,4,38.06
1568,9680,103087,64.93,31,66959,56.17,17,12.99
1569,24392,144247,51.76,35,74685,43.89,15,14.35
1570,34897,51501,55.14,11,28409,44.49,2,11.48
1580,27714,49339,38.65,14,19078,29.88,8,26.47
1582,66636,144269,30.81,25,44494,25.76,12,35.2
1583,2518,109400,91.25,17,99839,89.51,14,3.02
1584,56232,232471,40.98,35,95322,36.61,18,22.14
1585,934,57700,65.76,33,37958,46.04,13,3.11
1586,12102,129500,72.57,49,94016,60.6,24,8.63
1587,11911,80056,46.32,20,37095,37.9,8,20.47
1589,43144,153136,28.35,30,43458,21.0,11,25.0
1590,6181,200000,72.48,103,145008,52.35,37,1.65
1591,32261,38048,20.38,9,7761,8.04,1,21.19
1592,6281,110978,26.44,25,29357,18.1,8,15.25
1593,3318,39785,50.05,18,19914,35.43,9,14.01
1594,654,33220,82.82,12,27515,75.4,8,3.35
1595,9372,57725,48.78,22,28165,34.66,11,17.84
1597,20352,89262,49.73,33,44411,36.81,15,27.75
1598,10619,179142,60.3,48,108072,53.01,29,11.57
1599,11822,73029,65.11,21,47561,56.98,12,17.02
1601,16647,106265,11.57,13,12314,6.3,3,25.94
1602,273930,386218,12.17,26,47056,9.57,9,58.27
1603,13495,191688,72.79,30,139549,68.93,20,12.58
1604,101888,384200,58.35,73,224264,52.34,35,17.19
1605,250600,4431333,75.34,369,3339022,72.92,195,10.02
1606,77457,769477,15.91,119,122613,9.52,31,24.54
1608,49249,632774,66.28,60,419571,63.17,29,15.18
1609,196855,785262,32.4,110,254609,28.75,61,30.88
1611,87155,322736,52.98,80,171023,44.51,35,20.32
1612,37737,316080,61.02,65,192926,55.45,33,17.46
1613,22766,227418,57.74,67,131341,47.38,28,9.99
1614,4215,269113,82.92,83,223198,75.51,51,2.22
1615,8733,198630,80.69,35,160330,76.85,22,6.58
1616,14732,194149,59.61,25,115774,55.94,15,15.82
1617,11842,169515,75.58,38,128148,69.12,22,10.15
1618,22263,192692,57.48,28,110791,52.89,14,21.43
1623,6013,66000,77.09,13,50889,73.47,9,11.11
1626,9906,149822,69.23,48,103756,60.15,27,8.84
1702,64122,294133,57.78,30,170017,54.85,16,19.83
1707,68633,148137,52.71,52,78115,41.37,26,22.55
1708,86543,249002,39.24,42,97753,33.51,20,34.31
1709,41229,477016,70.95,128,338575,61.78,59,9.61
1710,59929,885703,62.02,133,549567,56.89,62,12.06
1711,97864,547752,45.01,91,246665,39.9,43,24.39
1712,82452,420493,56.5,117,237645,47.34,57,14.92
1713,23539,150952,74.36,30,112256,68.3,13,7.3
1714,107936,991825,52.91,145,524865,47.68,58,16.13
1717,94580,1184245,69.04,240,817860,63.44,133,13.21
1718,192917,1685906,51.42,220,867275,46.35,82,17.43
1720,16118,196566,65.04,31,127865,61.49,18,12.78
1721,67761,184884,37.64,33,69627,31.59,14,28.07
1722,122362,980000,64.29,155,630298,58.83,69,12.33
1723,62507,236904,52.86,39,125285,46.96,15,21.34
1725,3631,181830,94.44,20,171739,93.1,16,2.72
1726,9505,162000,85.45,28,138462,83.59,23,4.85
1727,20812,128020,59.02,29,75584,51.19,13,21.71
1729,4208,180688,91.39,47,165190,85.84,32,3.55
1730,10093,63234,57.3,11,36241,53.73,8,25.42
1731,18458,132915,55.69,15,74028,51.75,7,15.0
1732,38048,42444,46.4,5,19696,44.13,4,28.65
1733,38277,99950,43.51,19,43517,31.79,4,20.22
1734,70525,190197,49.24,41,93693,41.06,17,18.5
1735,8401,99388,78.4,12,77927,77.8,11,9.75
1736,7929,303395,88.27,44,267873,83.22,23,3.34
1737,74705,200000,62.72,25,125499,59.17,13,18.08
1742,11315,92671,80.77,27,74871,72.66,15,4.27
1748,709,14304,39.61,3,5668,36.48,2,16.91
1748R,105,529,0,0,0,0,0,61.98
1752,8165,100988,64.22,20,64874,59.53,13,15.56
1760,39002,85739,43.07,22,36943,33.88,8,26.12
1762,53939,76918,46.29,17,35627,36.1,5,21.57
1773,17086,300000,73.72,54,221242,68.33,27,7.94
1776,3263,60107,65.81,32,39567,44.14,13,9.03
1777,3340,44592,59.79,9,26669,54.14,5,11.86
1780,2674,109075,78.05,44,85152,62.78,19,4.4
1781,35724,47408,44.86,22,21274,23.54,6,21.84
1783,38086,89698,63.91,19,57341,56.1,7,10.57
1784,34507,53121,28.8,15,15307,18.13,6,25.28
1785,132377,595980,43.12,109,257081,36.97,51,27.62
1786,44785,74828,51.34,24,38428,45.87,17,17.35
1788,7735,44521,49.79,15,22176,40.09,8,23.31
1789,24707,790739,76.98,54,608866,74.61,22,6.23
1794,131,1322,0,0,0,0,0,16.46
1795,41147,266738,57.18,30,152579,52.48,10,22.11
1796,7606,41460,55.76,12,23129,45.18,5,8.46
1799,18949,248776,66.26,22,164896,64.06,12,10.56
1802,201768,2908061,76.37,174,2221562,74.46,83,12.9
1805,9314,134970,77.45,38,104562,70.39,23,4.81
1806,24667,390404,74.76,61,291896,70.88,36,9.67
1807,7554,114399,47.38,37,54215,38.22,20,12.55
1808,27581,893032,80.82,96,721987,78.8,64,6.55
1809,53860,167042,47.96,31,80148,43.77,19,30.98
1810,24888,302304,61.85,69,187004,56.31,43,17.76
1813,9068,46636,47.73,16,22269,33.67,5,23.31
1814,451,18982,78.82,12,14966,53.7,5,4.45
1815,141069,585459,55.55,90,325304,52.01,59,24.75
1816,900,24515,94.8,2,23242,91.94,1,1.83
1817,4534,72600,65.0,26,47193,58.36,17,11.59
1818,135,11635,75.49,7,8785,63.87,5,1.46
1819,136,33504,84.42,17,28292,65.69,9,0.51
1903,20913,260039,81.28,66,211397,74.91,41,4.06
1904,324553,1108275,68.28,146,757043,63.98,74,12.76
1905,71496,1102835,71.7,70,790944,69.43,28,13.16
1906,12504,151000,74.41,26,112391,70.17,17,10.77
1907,82009,1660371,85.44,210,1418853,82.04,120,5.08
1909,84515,1327686,68.37,164,907941,64.34,73,8.3
1918,30836,241252,20.8,26,50242,17.82,15,31.74
2002,1318318,15734861,53.1,1489,8359110,49.4,472,15.98
2002A,5377,38268,21.79,10,8344,8.37,2,28.34
2006,59274,730214,80.92,156,591080,74.95,92,7.65
2007,27606,530652,76.78,14,407533,75.66,4,9.03
2008,7495,190852,92.56,18,176685,91.23,14,3.16
2009,47178,359622,58.49,18,210434,56.77,9,24.16
2010,34741,647655,69.32,119,449116,65.19,74,10.34
2012,44602,302163,83.85,79,253403,74.58,33,4.99
2013,43893,200000,79.39,24,158825,77.23,17,11.12
2014,173605,1435544,50.77,103,729020,47.85,35,19.9
2015,11686,581599,88.11,151,512536,82.09,93,2.83
2017,41046,446875,61.55,66,275101,57.19,32,12.98
2020,59777,267031,50.78,53,135645,44.61,29,16.85
2022,62394,337168,40.54,33,136767,37.06,14,21.83
2023,101778,1821240,79.25,120,1443780,77.46,65,7.13
2024,50433,97500,83.02,13,80957,80.78,9,6.93
2025,30265,172661,63.43,31,109553,59.37,19,11.31
2027,104172,2584261,78.32,367,2024636,74.38,201,6.78
2028,21435,325715,83.43,39,271813,81.27,28,6.37
2029,14155,321180,72.08,28,231559,68.12,6,8.58
2030,55488,280526,53.94,50,151379,49.6,31,18.48
2031,65492,321146,58.42,61,187658,53.7,36,16.61
2032,12160,130522,59.6,43,77827,48.92,20,17.84
2033,4640,80695,77.61,29,62642,65.37,15,7.17
2034,38202,528996,50.48,106,267075,43.6,44,15.82
2035,20771,350000,96.59,23,338122,96.12,21,0.64
2038,25999,194134,54.24,28,105338,49.48,13,17.17
2049,65223,353792,70.62,116,249901,60.14,56,13.6
2052R,5554,9170,10.19,2,935,0,0,49.43
2056,254,105000,93.38,44,98068,85.71,33,0.43
2058,37113,305323,25.96,63,79349,18.48,22,17.06
2059,39552,95297,66.07,34,62982,54.2,15,5.48
2060,135,35739,87.22,4,31173,87.22,4,0.33
2061,11580,57378,48.95,25,28098,31.13,7,15.54
2062,11461,199994,62.19,42,124430,55.39,16,12.62
2063,3386,48101,52.71,19,25362,37.55,7,12.72
2064,1625,69330,83.08,30,57607,72.44,16,4.46
2065,49521,63517,52.24,17,33193,43.49,9,19.18
2066,3114,44450,68.77,19,30575,53.56,8,11.35
2067,2240,45138,56.54,12,25528,49.07,6,10.11
2069,9108,166387,63.38,46,105492,53.73,20,12.44
2070,5293,41783,62.63,19,26178,47.35,8,19.95
2071,913,69046,85.15,25,58805,73.65,12,1.98
2072,10169,192000,74.71,26,143479,71.32,15,8.28
2073,645,27500,75.21,15,20686,51.6,6,3.26
2101,36973,733935,64.89,133,476399,59.02,60,8.75
2102,79290,473329,81.57,65,386232,77.76,37,5.55
2103,82364,825710,59.11,122,488224,54.44,56,11.57
2104,107856,984734,44.97,198,443088,37.24,73,12.4
2105,81063,3241416,80.72,315,2617496,77.81,160,5.74
2106,33111,954890,79.92,158,763303,75.16,82,5.26
2107,47973,303593,64.26,72,195160,58.92,44,13.41
2108,53183,492417,71.1,96,350194,65.16,53,11.37
2109,35153,279349,74.67,71,208666,66.68,35,5.75
2114,5327,77992,65.36,18,50991,59.11,9,10.78
2115,3654,104373,70.88,37,74010,58.75,17,5.79
2201,93709,1070001,63.98,109,684775,60.17,46,13.84
2204,42392,553620,74.0,64,409762,71.11,38,11.72
2206,68099,773676,85.27,102,659893,81.55,60,6.01
2207,13601,557103,89.81,115,500407,83.13,53,1.52
2208,123827,1274539,54.82,146,699024,49.84,42,15.16
2211,24690,417091,81.14,59,338524,77.47,35,7.27
2221,3544,42325,68.24,7,28890,64.24,4,12.63
2227,7510,300000,93.51,11,280532,93.27,10,3.54
2228,9816,79780,55.88,13,44589,53.88,10,20.82
2229,59,1462,41.04,1,600,0,0,7.78
2230,11385,68030,46.44,26,31610,33.48,13,15.86
2231,13741,135932,65.63,29,89238,61.74,19,15.18
2233,38642,60289,41.67,11,25134,34.6,4,27.37
2235,1366,35878,83.9,12,30107,76.08,8,6.66
2236,3254,63517,73.1,23,46438,63.82,13,6.62
2237,3431,128938,77.27,23,99662,70.6,8,4.87
2239,2722,117713,80.0,17,94183,77.27,12,4.34
2241,28917,104602,41.98,32,43930,31.77,13,16.28
2243,2865,77374,68.49,36,53004,55.26,17,6.6
2245,501,35640,80.21,12,28592,66.91,5,2.29
2246,2884,42613,68.53,3,29213,65.07,1,9.19
2247,7992,80711,76.68,14,61904,72.7,8,9.87
2248,945,47600,77.66,16,36978,67.57,9,3.04
2249,1254,25538,70.75,13,18075,54.36,6,7.66
2250,9465,36388,51.37,4,18698,48.97,3,21.05
2252,1796,106618,80.7,19,86048,75.88,10,3.53
2254,2644,63908,93.6,16,59827,87.66,10,1.4
2255,1930,60932,80.15,20,48848,71.33,10,4.4
2256,2290,39024,58.26,16,22744,42.12,5,10.6
2258,8931,1751425,93.87,53,1644352,92.82,25,1.11
2301,176016,2316108,81.7,468,1892672,76.12,274,8.6
2302,25049,166303,61.15,18,101730,56.69,6,22.27
2303,1026687,12570094,73.62,1188,9256889,70.92,656,12.92
2305,23669,205661,63.17,26,129959,58.07,9,16.36
2308,614342,2597543,80.65,567,2095468,73.75,277,8.31
2312,201519,1506180,48.85,213,736092,44.41,103,24.14
2313,285477,1233821,61.54,219,759539,56.39,118,24.28
2314,53186,108596,11.49,14,12501,5.51,3,43.96
2316,61459,182741,64.4,44,117721,56.55,21,20.48
2317,1147432,14075746,69.36,1435,9765299,66.7,828,13.16
2318,28540,106030,27.0,15,28642,22.8,7,30.02
2321,14542,30272,71.34,3,21599,71.34,3,14.16
2323,130888,1089348,46.24,213,503895,39.07,84,17.54
2324,314864,4407147,65.16,618,2872511,61.1,328,15.45
2326,48285,40335,12.69,6,5130,6.51,2,45.73
2327,633516,2058731,66.53,349,1370090,62.09,200,19.42
2328,118910,518346,40.95,61,212312,36.75,27,30.46
2329,129442,658948,50.2,68,330875,46.26,25,26.06
2330,3058627,25932370,87.49,2631,22692595,84.74,1485,5.9
2331,56836,557403,58.91,68,328449,54.26,22,18.03
2332,104704,602170,34.43,100,207486,29.34,45,23.96
2333,87671,277761,29.02,56,80672,20.35,18,32.84
2335,6028,49483,35.58,13,17615,25.39,4,20.04
2337,498364,1986261,40.14,294,797888,35.56,142,33.9
2338,81398,366849,46.46,53,170473,41.14,24,25.4
2340,109821,438623,38.29,57,168036,33.5,22,27.03
2341,23858,6852,86.94,1,5957,86.94,1,8.91
2342,141943,157335,37.39,13,58858,33.73,5,37.91
2344,579356,4720491,67.97,525,3209452,64.57,273,17.36
2345,86931,561118,71.13,225,399213,56.64,97,5.12
2347,40022,1667947,88.77,254,1481007,85.1,156,4.13
2348,24478,151899,68.98,28,104800,65.41,20,14.1
2348A,2668,30000,65.86,6,19763,55.71,2,7.16
2349,143488,693680,29.01,122,201427,21.97,41,26.8
2351,20760,195459,76.44,74,149447,67.18,46,10.18
2352,194185,1580507,47.95,204,758220,43.15,78,19.86
2353,392510,3047854,37.82,363,1153168,33.65,156,25.49
2354,186968,1414485,49.33,132,698107,46.39,67,25.84
2355,76733,397495,40.8,98,162256,32.87,45,29.91
2356,244607,3587475,74.51,392,2673846,71.33,206,13.14
2357,111067,742760,75.03,220,557544,65.49,109,10.09
2358,39741,136623,27.99,17,38254,24.23,8,27.36
2359,62711,171471,48.48,39,83168,41.04,20,32.78
2360,33312,425246,70.83,190,301305,53.14,71,3.13
2361,19312,46544,52.96,6,24656,47.23,2,20.72
2362,31530,622263,80.96,113,503943,77.36,77,7.76
2363,129871,514988,34.71,60,178844,30.74,28,34.42
2364,56048,52389,57.48,12,30121,51.35,7,21.61
2365,98748,221528,23.72,28,52587,19.9,14,44.45
2367,191497,706253,28.64,90,202410,24.72,44,41.59
2368,99460,530595,77.58,129,411742,69.03,58,8.07
2369,127476,380102,31.76,53,120815,27.47,27,37.2
2371,270783,2150835,47.59,285,1024143,42.8,117,19.55
2373,14188,236203,87.27,27,206176,86.21,23,6.91
2374,105199,337992,26.14,41,88418,22.33,20,38.48
2375,78303,108675,24.45,20,26597,14.98,4,54.96
2376,95845,669889,71.91,161,481876,64.59,83,13.81
2377,100582,844856,67.38,185,569514,60.77,97,16.89
2378,17782,141056,33.75,25,47636,26.93,9,20.35
2379,86506,515513,73.65,200,379808,59.87,88,6.71
2380,23375,60000,35.86,8,21521,32.78,5,32.22
2381,2565,119,0,0,0,0,0,32.56
2382,279995,4107627,85.07,512,3495358,81.53,287,7.91
2383,103611,358321,68.34,136,244970,55.68,61,5.92
2384,157981,2047778,28.02,329,574143,20.93,96,18.9
2385,51454,765721,74.08,173,567401,68.31,103,11.12
2387,16991,195251,58.23,30,113735,52.54,13,17.93
2388,53581,556440,71.74,75,399302,67.79,40,14.08
2390,62181,192619,38.82,24,74824,34.01,9,26.45
2392,65672,512327,50.88,60,260763,46.96,26,23.44
2393,51018,443393,67.71,127,300303,59.89,71,13.83
2395,34829,869176,85.11,207,740008,77.46,96,3.0
2396,56597,1276356,45.52,239,581390,37.08,63,10.88
2397,9206,114489,69.21,17,79244,65.23,11,13.5
2398,38422,412999,36.57,47,151094,32.65,20,19.17
2399,54149,178100,32.34,38,57622,23.76,15,36.39
2401,131516,591995,41.61,96,246437,35.88,41,25.53
2402,82950,307537,37.88,50,116572,32.71,23,33.29
2404,69466,190587,53.17,70,101397,38.97,27,19.18
2405,97173,343427,24.39,44,83846,19.59,17,30.71
2406,116758,350906,24.11,56,84723,17.36,21,38.18
2407,48669,734818,37.87,178,278465,27.88,56,11.9
2408,364731,3450206,82.69,320,2853963,80.15,173,9.0
2409,652092,7547099,47.37,907,3576508,42.74,331,18.2
2410,12544,160007,36.35,51,58208,23.71,16,11.17
2412,306254,7757447,79.09,519,6136796,77.33,296,6.87
2413,25539,127359,57.96,26,73846,52.84,16,22.97
2414,15748,161736,59.42,44,96130,49.63,18,14.24
2415,8868,90000,63.7,20,57341,58.53,12,16.89
2417,61538,157219,41.88,19,65870,39.63,13,32.05
2418,64465,1023136,47.8,137,489242,42.15,39,12.99
2419,38228,321317,64.78,15,208194,62.6,2,18.03
2420,39095,152649,48.34,37,73822,39.32,15,21.26
2421,53786,286944,64.35,98,184724,53.42,46,15.5
2423,6205,145047,75.89,33,110104,69.54,17,6.06
2424,4336,59585,80.85,6,48185,79.18,5,7.43
2425,44216,96499,46.64,21,45023,37.84,7,28.67
2426,104667,300622,49.65,58,149309,45.68,39,25.18
2427,21815,198000,53.6,15,106158,49.75,4,21.35
2428,19356,128113,59.37,28,76090,51.77,13,19.02
2429,27528,85500,48.39,14,41386,42.61,7,23.68
2430,38040,116800,63.27,24,73937,56.86,11,15.42
2431,51716,110927,42.29,16,46935,35.99,4,23.38
2432,1264,61860,77.47,9,47931,72.93,4,4.62
2433,7882,144496,78.97,18,114125,77.79,14,10.31
2434,5908,37000,78.19,3,28934,74.38,1,13.65
2435,8968,74736,32.62,10,24391,28.7,4,21.86
2436,75996,220789,26.05,44,57544,18.99,21,41.87
2438,26461,71196,58.54,21,41689,49.52,12,15.52
2439,71973,248645,30.74,55,76470,21.99,20,35.49
2440,8702,139117,70.28,26,97785,67.57,19,10.39
2441,60547,568846,68.57,88,390222,63.33,40,17.22
2442,49695,325232,55.4,55,180250,48.77,22,12.69
2443,30670,150909,55.25,45,83395,45.97,24,12.9
2444,36070,101570,27.48,21,27940,18.1,5,22.39
2445,6214,48163,15.7,7,7570,12.45,4,26.56
2449,270972,1283882,60.77,269,780567,54.97,148,21.13
2450,17543,258253,76.82,17,198445,75.97,14,11.31
2451,44643,431346,71.34,66,307804,64.75,24,13.01
2453,25422,100000,47.9,15,47922,41.41,5,27.89
2454,604089,1603895,73.61,504,1180939,63.17,234,8.34
2455,62838,188114,57.11,80,107463,41.01,33,18.82
2457,112599,424772,29.35,55,124744,23.94,19,30.81
2458,63577,303880,57.39,84,174482,49.02,43,21.26
2459,15096,105596,53.32,33,56324,41.95,11,14.21
2460,44676,169200,58.1,20,98329,53.63,7,15.93
2461,50125,191888,45.46,54,87270,37.11,27,17.4
2462,26190,150784,55.99,36,84472,50.31,21,17.09
2464,79198,218869,55.67,53,121890,48.46,26,22.49
2465,47965,93946,44.69,23,41991,33.0,6,26.34
2466,5419,173459,87.15,49,151198,81.25,33,4.53
2467,46206,161794,69.94,56,113199,59.48,31,12.0
2468,10644,69961,51.69,4,36171,50.02,2,27.52
2471,36761,47254,24.4,16,11541,6.74,1,41.59
2472,37878,164735,57.95,49,95513,47.04,21,26.43
2474,53477,538821,71.26,90,384041,66.45,52,14.26
2475,226634,6479454,71.16,1102,4612151,64.59,429,6.13
2476,19231,220145,67.87,61,149453,59.23,32,11.81
2477,11515,158573,73.45,40,116516,66.98,23,11.01
2478,59304,144731,56.6,50,81934,45.43,22,24.03
2479,13061,37738,32.42,6,12241,25.64,1,31.63
2480,42036,106360,31.48,35,33496,18.16,11,26.5
2481,94014,382115,61.28,78,234233,56.39,52,24.08
2482,38630,77883,40.59,13,31624,35.02,6,29.42
2483,9696,107890,62.59,28,67553,55.93,16,15.87
2484,90495,159421,22.77,32,36328,14.48,11,49.21
2485,137689,317689,23.36,38,74257,20.04,19,47.77
2486,87965,240767,39.41,55,94939,31.91,27,29.25
2488,40634,79999,52.52,24,42022,44.48,13,17.87
2489,134515,610000,30.25,78,184582,26.17,37,36.59
2490,15419,162918,21.41,30,34909,15.41,12,21.72
2491,13309,82008,76.79,28,62988,67.62,16,10.93
2492,122196,485205,62.58,64,303698,59.07,38,24.88
2493,47102,126797,49.99,34,63411,40.37,15,23.93
2494,10287,41493,81.48,10,33814,73.06,5,9.76
2495,38354,273552,50.46,46,138096,44.73,21,23.05
2496,4237,19100,49.57,9,9470,35.07,4,18.82
2497,11968,130888,65.79,33,86143,58.48,18,15.65
2498,163474,836439,39.61,142,331516,34.29,70,26.32
2499,47829,461172,44.18,81,203823,37.97,35,15.36
2501,44174,1159561,77.47,156,898574,73.02,76,7.4
2504,90036,1180000,75.07,204,885924,70.01,109,7.08
2505,23864,380000,79.95,69,303870,75.61,40,6.32
2506,65503,387000,77.14,76,298634,71.68,44,8.7
2509,16436,224551,69.83,45,156865,63.89,23,10.0
2511,46156,1623326,80.61,293,1308894,75.24,150,3.73
2512,43922,489989,34.23,96,167810,25.06,22,14.73
2514,17738,394729,88.06,51,347681,84.83,31,3.78
2515,139670,1607904,60.33,315,970446,52.95,122,10.05
2516,49121,226278,72.77,62,164698,65.39,38,7.04
2520,77215,609487,74.41,100,453691,70.01,57,8.81
2521,25304,319557,35.26,57,112767,25.85,11,15.89
2523,14042,228178,44.7,58,102027,35.97,25,12.22
2524,7602,365984,93.22,37,341243,91.6,27,2.37
2525,52541,650658,31.79,172,206957,20.35,50,15.1
2527,7690,270306,80.72,34,218240,75.6,12,4.83
2528,8337,435996,84.48,88,368392,79.04,48,2.86
2530,31040,841256,85.94,145,723204,81.67,89,2.36
2533,14046,152965,38.32,37,58633,26.11,7,17.04
2534,63204,474228,72.75,112,345051,66.02,62,7.65
2535,63426,270794,60.9,65,164976,54.44,33,14.98
2536,8382,332809,78.3,82,260666,69.7,39,4.13
2537,43444,300558,60.77,72,182701,53.32,36,11.99
2538,28734,445025,74.09,129,329809,65.75,69,4.72
2539,20489,1193103,86.82,124,1036003,84.23,72,3.15
2540,17783,944874,91.03,81,860267,89.07,53,2.81
2542,102983,2153084,66.39,233,1429690,63.06,114,9.8
2543,32374,528542,71.3,73,377017,67.61,40,9.26
2545,16502,379735,76.53,41,290708,73.94,25,8.48
2546,53266,130524,62.76,20,81939,58.93,11,14.1
2547,74486,1035095,70.79,189,732957,64.11,82,5.86
2548,40722,335705,49.62,99,166597,38.68,42,19.04
2553,19292,81611,18.9,13,15446,11.14,4,33.83
2566,325,2416,0,0,0,0,0,31.89
2569,61,11552,83.38,2,9634,74.73,1,0.61
2591,80,817,0,0,0,0,0,18.25
2592,57,10494,90.43,4,9490,82.1,3,1.35
2596,3255,100000,72.34,29,72363,61.8,14,5.75
2597,13119,310716,81.42,41,253042,78.11,25,5.28
2599,1377,98524,66.04,41,65076,51.78,16,2.09
2601,112592,824776,31.63,102,260962,26.33,33,23.09
2603,271873,2165043,75.5,371,1635137,70.44,200,11.97
2605,106893,585353,54.16,111,317147,48.41,55,19.68
2606,46335,845056,78.93,119,667140,75.15,69,9.63
2607,39103,533571,77.93,91,415957,70.91,34,8.73
2608,52021,467000,76.49,68,357272,71.76,34,10.65
2609,367509,3492104,61.77,297,2157506,59.12,145,20.32
2610,244152,6144989,73.07,548,4491441,70.19,261,9.28
2611,50754,189002,48.22,27,91177,44.1,12,22.15
2612,37034,197485,75.82,16,149777,71.36,3,10.3
2613,40306,148423,55.88,28,82983,49.49,11,21.46
2614,100869,327265,46.8,45,153245,41.71,19,23.01
2615,93018,2806146,89.62,284,2515554,87.14,172,4.58
2616,213886,137282,44.75,17,61456,41.0,9,29.96
2617,28464,417294,63.96,62,266986,58.75,26,14.65
2618,197013,5400444,82.49,663,4456063,79.36,396,6.44
2626,296,2885,0,0,0,0,0,25.25
2630,23510,209438,64.19,13,134481,61.65,4,20.4
2633,104624,5628293,86.91,293,4892667,85.17,139,4.16
2634,115380,941867,49.5,70,466478,47.32,36,23.1
2636,55537,141835,43.88,35,62267,36.39,18,28.58
2637,24860,746409,83.68,146,624740,78.53,84,5.25
2639,1106,99999,99.01,2,99010,99.01,2,0.48
2640,3490,59265,73.8,25,43747,58.31,11,6.31
2641,80418,330334,28.91,49,95566,23.28,15,28.44
2642,19635,95467,60.38,7,57646,60.38,7,27.03
2643,4295,35000,63.97,9,22393,58.79,7,17.66
2644,2503,82952,80.41,35,66712,73.44,27,3.99
2645,31191,374571,80.93,30,303214,78.22,14,9.82
2646,241552,3008735,65.51,139,1972009,63.72,53,16.17
2701,14772,449968,86.32,36,388533,84.55,24,3.65
2702,12380,156613,73.71,18,115464,72.55,15,9.48
2704,30538,366923,88.72,70,325609,83.72,43,3.14
2705,83220,191313,66.61,43,127478,59.98,23,14.01
2706,16097,499998,85.32,57,426688,81.57,26,3.63
2707,18027,127403,60.9,17,77618,54.75,4,19.59
2712,2014,105000,90.8,19,95352,86.86,13,3.4
2714,3937,1138,0,0,0,0,0,87.11
2718,2657,87576,88.24,16,77286,88.24,16,3.55
2719,3303,69456,90.67,4,62977,89.18,2,5.2
2720,2751,80000,61.03,27,48837,48.9,12,3.59
2722,4950,143170,87.18,31,124855,82.43,21,4.96
2723,9082,180000,69.66,40,125423,61.75,18,8.93
2724,1026,59656,84.77,10,50580,81.32,6,1.79
2726,2460,37922,65.23,16,24748,50.04,7,8.75
2727,148917,82940,38.2,33,31697,18.72,8,25.94
2729,6249,43041,67.77,13,29171,59.22,8,16.23
2730,2322,37215,86.67,2,32256,86.67,2,2.97
2731,30752,93278,42.59,21,39746,33.74,9,29.63
2732,6082,46519,59.07,19,27482,54.11,14,20.6
2733,684,24598,77.51,8,19069,75.36,7,4.55
2734,28717,57260,38.94,13,22307,31.34,6,24.85
2736,6326,79972,55.95,17,44764,46.33,7,14.29
2738,57,67381,97.88,6,65966,94.86,3,0.02
2739,5380,91526,73.83,20,67590,69.12,13,10.27
2740,2929,16762,72.53,2,12158,72.53,2,2.83
2741,1733,22588,64.85,8,14655,48.86,3,12.22
2743,6730,46815,53.74,9,25166,50.27,6,24.35
2745,5252,33809,51.28,5,17339,51.28,5,24.82
2748,9631,105779,61.37,6,64936,58.44,1,17.05
2749,248,20800,75.15,16,15634,33.27,2,2.43
2750,180,60000,98.53,18,59126,88.06,10,0.13
2751,1566,19844,60.32,1,11970,60.32,1,11.44
2752,2597,26694,63.69,16,17006,40.7,6,9.04
2753,11744,66645,54.64,19,36429,43.68,8,16.69
2754,4384,46907,73.08,6,34285,66.51,1,11.77
2755,3810,46890,66.74,16,31298,58.69,9,10.31
2756,1632,24598,71.57,13,17610,53.58,6,8.78
2758,7445,20486,73.57,13,15075,46.27,6,8.08
2760,170,13000,88.69,6,11531,84.01,5,1.06
2761,668,17337,57.63,9,9996,46.07,6,6.0
2762,6088,112500,85.89,22,96651,80.89,13,5.2
2801,275336,12060197,77.89,1312,9394829,74.17,575,3.71
2807,7185,3164,0,0,0,0,0,75.78
2811,52241,292500,34.5,66,100957,26.38,28,22.93
2812,245514,6021626,58.75,765,3538968,53.75,249,7.36
2816,10568,223608,81.0,36,181178,75.55,14,4.56
2820,73760,1342960,65.8,149,883883,61.97,63,8.01
2825,9443,12541,5.69,1,714,0,0,59.89
2827,30312,129587,36.75,31,47642,29.7,16,20.49
2831,42072,1192646,62.06,167,740439,57.2,70,7.68
2832,19539,253540,69.31,52,175774,62.88,25,7.69
2834,394528,10398326,60.46,1432,6288689,54.8,439,6.4
2836,35575,1858316,85.55,174,1590085,82.75,86,3.21
2836A,2796,40000,38.95,8,15580,33.25,5,7.92
2838,49006,4340552,90.52,257,3929695,88.67,125,1.86
2838A,6008,200000,68.71,42,137469,62.33,23,6.08
2841,60338,960944,57.39,179,551742,50.11,62,7.38
2845,99677,4865285,75.62,610,3679620,70.93,236,3.72
2849,9937,1957609,98.44,57,1927528,97.98,42,0.53
2850,17839,315963,67.82,92,214322,57.61,43,9.5
2851,27649,800389,71.37,123,571425,66.21,54,7.3
2852,21704,301164,66.85,107,201404,54.96,53,7.22
2855,59294,1601414,76.62,238,1227322,71.71,107,5.47
2880,474586,14056135,81.97,1124,11524052,79.58,564,4.08
2881,377369,14007365,86.72,1020,12151989,84.5,512,4.3
2881A,18352,600000,90.5,68,543112,88.06,44,3.33
2881B,18182,666660,94.89,69,632691,91.99,40,1.9
2881C,53394,333330,84.94,52,283196,81.47,32,6.09
2882,399261,14669210,85.93,1249,12607022,83.54,679,4.65
2882A,18579,833300,94.94,83,791254,93.24,61,1.71
2882B,19106,700000,95.98,60,671983,94.25,42,1.67
2883,720114,16974847,69.04,1912,11723898,65.27,849,6.57
2883B,68866,1582142,66.2,397,1047714,56.38,149,6.57
2884,622736,17723510,74.4,2181,13189391,70.17,947,6.42
2885,453679,13331150,82.8,1275,11040650,80.09,692,5.08
2886,458010,14833378,83.38,818,12371590,81.86,455,5.64
2887,711363,25115062,75.58,2974,18985064,71.52,1281,4.61
2887E,12863,500000,86.01,59,430167,83.95,44,3.19
2887F,13083,300000,89.49,33,268546,85.92,19,3.46
2887G,16910,75000,47.31,23,35501,36.07,9,11.28
2887H,20581,219668,70.58,61,155087,63.43,35,6.72
2887I,268015,3096421,73.7,577,2282749,66.83,241,8.59
2887Z1,18096,300000,89.77,25,269353,87.42,15,3.12
2889,221011,3633563,72.57,355,2637990,69.92,201,7.63
2890,452996,14782169,81.1,1590,11989554,77.96,841,4.45
2891,582155,19675933,81.88,1872,16115504,79.07,961,5.08
2891B,24769,333330,95.9,38,319712,93.54,25,2.36
2891C,24199,166660,93.69,22,156169,90.86,16,3.6
2892,438601,14379469,72.02,1699,10359556,68.07,750,5.66
2897,27599,2805358,86.47,349,2426142,82.43,166,2.38
2897B,4888,250000,83.33,60,208353,77.81,37,4.08
2901,13655,73043,79.14,20,57823,71.6,10,7.87
2902,11481,146889,47.71,41,70111,36.68,18,12.59
2903,58504,1416941,80.04,164,1134418,76.6,84,6.34
2904,16884,77834,54.26,9,42244,50.17,4,17.2
2905,27155,1110372,84.44,129,937823,81.24,69,3.63
2906,17677,209117,65.18,36,136336,59.16,14,11.69
2908,10858,509888,92.13,54,469862,89.87,35,2.37
2910,1368,175403,96.62,40,169527,92.96,31,0.46
2911,39746,105126,45.97,20,48353,40.99,10,25.04
2912,73804,1039622,84.26,148,876288,79.76,72,7.58
2913,113459,790000,57.47,146,454148,50.13,52,14.1
2915,58532,1104319,69.65,190,769346,63.84,85,8.45
2916,4637,64627,58.94,18,38104,51.08,11,13.45
2920,975,12436,35.77,1,4449,35.77,1,18.11
2923,5118,1740297,99.53,16,1732439,99.38,11,0.2
2924,456,52036,89.54,9,46602,84.08,5,0.98
2926,2138,47390,74.59,14,35352,65.15,7,5.88
2929,50463,109494,31.94,19,34997,24.94,6,18.42
2936,155,76056,99.51,6,75691,98.55,5,0.23
2937,950,43542,84.56,20,36826,71.58,12,2.31
2938,777,20140,79.98,7,16109,77.9,6,6.36
2939,7054,45549,76.14,27,34689,56.13,14,3.94
2940,236,25184,56.47,18,14228,16.9,3,1.07
2941,3073,15390,66.47,14,10233,20.62,2,4.59
2942,1642,60000,90.71,10,54436,88.06,7,2.89
2945,3104,67500,83.48,6,56353,83.48,6,7.35
2947,11682,23642,62.78,9,14847,54.68,6,5.02
2948,1091,32000,80.33,15,25712,69.07,9,4.95
2949,2811,30641,81.77,16,25060,61.04,7,4.17
3001,6676,76007,19.55,16,14883,10.81,5,19.43
3002,9085,102000,64.9,20,66209,59.21,11,14.27
3003,15449,155655,61.45,46,95679,53.99,28,17.78
3004,18069,64401,59.08,17,38058,47.42,5,14.05
3005,49643,624740,73.01,121,456206,68.06,70,10.79
3006,63040,298128,58.48,88,174395,48.75,42,19.44
3008,97312,130798,57.12,55,74731,37.91,11,11.95
3010,49975,259437,63.06,79,163685,52.17,34,12.59
3011,48905,129601,35.65,26,46233,28.5,9,18.2
3013,48244,205139,45.69,29,93755,40.25,12,31.98
3014,54285,165954,31.13,40,51696,20.65,12,32.52
3015,17189,187262,63.53,55,118990,54.38,28,16.29
3016,40586,290986,70.15,33,204208,66.48,17,17.46
3017,98720,394402,68.66,148,270914,55.14,59,7.49
3018,36667,75378,64.28,6,48462,62.19,3,18.2
3019,95205,279244,40.87,49,114167,34.14,19,35.01
3020,1634,122695,99.45,1,122032,99.45,1,0.48
3021,8303,94683,70.62,19,66886,65.36,13,13.5
3022,17476,176598,65.72,42,116096,59.37,24,14.49
3023,51662,240069,69.42,102,166734,56.17,49,7.75
3024,57305,277157,50.93,90,141224,37.06,33,14.23
3025,41542,56736,23.22,11,13187,12.38,2,32.51
3026,73973,165890,55.01,73,91285,38.45,28,23.17
3027,47698,129160,42.55,30,54980,33.49,10,23.93
3028,54893,237241,43.57,49,103432,38.46,28,25.83
3029,63158,167005,42.28,35,70648,35.98,18,29.31
3030,35665,236216,58.49,50,138205,51.44,21,18.15
3031,17302,173203,59.95,19,103864,56.77,11,19.89
3032,33190,113286,52.04,26,58977,44.47,11,17.18
3033,96740,524141,40.88,104,214405,34.53,51,23.61
3034,92048,608511,71.55,215,435497,60.53,105,10.19
3035,114457,260550,29.42,38,76714,22.95,12,42.87
3036,85346,1271316,82.77,228,1052573,77.86,129,6.64
3037,313070,1643689,77.69,403,1277377,69.95,200,9.15
3038,49845,157408,41.87,32,65947,33.27,12,24.23
3039,5429,66353,33.28,23,22099,17.71,7,10.37
3040,22941,66225,67.9,16,44974,63.62,10,13.04
3041,69967,140224,25.38,15,35610,20.91,5,38.63
3042,95609,342993,53.73,96,184346,45.28,50,26.08
3043,54723,38976,19.7,7,7684,14.4,3,35.77
3044,35264,525606,79.63,185,418705,69.11,96,6.31
3045,61231,3723431,92.67,376,3450995,90.09,228,2.82
3046,19901,78448,55.57,14,43609,46.74,3,19.52
3047,67654,224767,20.0,28,44997,15.35,9,35.65
3048,81385,269830,48.69,49,131434,41.46,16,27.36
3049,119711,802011,46.64,69,374203,43.15,23,22.82
3050,42193,154984,50.85,30,78841,42.91,11,18.21
3051,66783,167000,33.9,28,56650,25.8,6,26.19
3052,48991,233246,58.07,66,135463,47.97,27,9.04
3053,1490,7959,54.35,6,4327,27.94,2,15.42
3054,3435,80651,87.89,13,70906,85.16,10,3.42
3055,27125,114975,64.64,29,74355,58.04,16,14.99
3056,71811,480555,33.4,71,160617,27.38,25,19.08
3057,37308,67865,34.48,8,23414,32.89,6,30.84
3058,49904,201723,21.95,32,44332,15.15,9,25.8
3059,96007,307668,24.34,47,74959,19.23,21,38.47
3060,70160,137563,20.55,29,28298,12.31,12,32.19
3062,72585,330082,23.46,60,77501,15.78,18,35.22
3064,2940,13011,63.47,3,8260,60.15,2,10.12
3065,1471,183896,83.62,33,153793,78.86,19,2.46
3066,5348,83071,71.21,13,59171,68.89,10,11.34
3067,759,20000,71.33,4,14271,63.62,2,3.52
3069,1424,3000,35.56,1,1067,35.56,1,24.44
3070,172,7275,51.25,5,3730,18.25,1,4.13
3071,11178,110000,58.22,11,64059,56.2,7,20.54
3072,58,373,0,0,0,0,0,29.78
3073,4184,39511,57.4,20,22689,37.71,9,14.9
3075,431,7782,70.68,4,5500,70.68,4,9.56
3077,90,722,0,0,0,0,0,34.59
3078,59616,227391,36.59,51,83236,28.11,21,29.86
3079,4366,47640,32.06,12,15285,19.24,3,17.88
3081,65723,101769,48.93,40,49810,33.53,16,15.65
3082,66,455,0,0,0,0,0,24.02
3083,8848,86487,56.17,8,48595,53.1,4,20.23
3084,225,1873,0,0,0,0,0,18.99
3085,2924,69019,89.64,4,61880,87.92,2,2.87
3086,8058,272711,85.25,25,232556,83.02,16,4.72
3087,443,51306,97.95,1,50259,97.95,1,1.41
3088,16826,113011,48.27,28,54565,37.34,8,22.53
3090,72532,287567,61.03,50,175530,54.87,21,23.49
3091,95,179,0,0,0,0,0,50.23
3092,32138,106649,37.83,23,40364,30.26,10,22.68
3093,7897,145156,76.53,17,111110,71.66,6,10.4
3094,42608,83117,16.81,10,13983,12.98,5,42.56
3095,25368,14680,54.41,4,7989,41.42,1,17.87
3096,667,22830,50.1,7,11443,38.54,3,6.27
3097,631,75086,86.94,15,65294,81.35,9,1.49
3098,76,1395,0,0,0,0,0,15.12
3099,13804,225176,37.62,68,84775,23.21,16,10.52
3105,137776,423940,52.78,92,223818,46.54,49,28.7
3114,7958,65130,51.81,19,33762,41.15,9,20.53
3115,17871,72198,86.25,10,62280,85.38,9,2.37
3117,1487,22800,56.43,8,12867,42.7,4,11.59
3118,41897,32453,37.46,14,12163,18.23,4,17.57
3122,46125,40772,26.58,10,10844,15.84,4,33.45
3126,2745,48752,44.06,14,21486,31.84,3,5.67
3128,49086,47317,31.15,10,14750,23.78,5,29.11
3130,7405,33191,55.92,10,18567,49.24,6,23.1
3131,29981,30232,48.67,13,14721,31.96,5,15.42
3133,492,27262,63.27,14,17256,46.91,7,3.25
3135,20309,97413,47.94,17,46716,42.5,10,29.45
3137,80,1883,0,0,0,0,0,7.7
3138,31663,56392,29.09,14,16415,18.98,4,41.43
3141,31182,75461,31.75,27,23969,17.58,9,34.56
3142,5170,203338,51.28,71,104291,38.74,30,5.04
3147,7456,43687,55.21,13,24128,47.6,8,18.77
3149,67866,286234,25.85,56,74044,19.53,26,33.41
3150,5745,44377,54.87,12,24357,46.28,5,7.4
3151,656,4133,36.97,2,1528,26.17,1,17.95
3152,8886,39016,43.75,15,17082,28.23,7,22.39
3158,1759,30676,36.06,11,11067,23.42,5,9.3
3159,483,5840,28.6,2,1671,20.39,1,16.26
3161,179,32583,95.15,17,31010,82.62,10,0.96
3162,14819,154341,60.99,28,94148,55.14,13,15.06
3163,100185,94635,28.54,24,27019,18.91,7,43.68
3164,22784,86010,55.25,35,47537,40.02,15,17.46
3166,98,23374,96.38,2,22532,94.66,1,0.79
3167,28551,90853,53.3,34,48446,40.62,15,17.75
3168,2548,75100,75.44,20,56664,66.9,11,6.1
3169,27734,63307,36.43,12,23070,30.16,5,26.26
3171,2299,33118,76.93,5,25480,71.98,3,8.4
3176,45776,139307,36.71,32,51154,27.83,13,21.45
3177,205,4108,75.32,2,3094,60.86,1,14.54
3178,4259,45050,65.78,11,29641,61.31,7,15.53
3179,110,9847,30.35,4,2989,16.07,1,1.36
3184,3108,63074,57.41,18,36217,50.09,9,11.55
3186,2283,30000,77.49,2,23250,77.49,2,8.98
3188,7396,189088,75.59,43,142958,68.43,20,6.18
3189,144881,526910,71.44,101,376542,65.91,54,15.79
3190,59,14308,74.69,5,10689,71.03,4,0.41
3191,18292,43597,54.35,9,23699,47.58,4,12.07
3194,155,13915,79.29,8,11035,62.73,4,0.99
3202,37698,129345,24.59,20,31836,19.46,8,27.42
3205,31314,67546,66.31,8,44809,61.71,3,10.59
3206,23309,58917,55.03,22,32440,42.66,11,17.75
3207,21280,66422,38.57,22,25628,24.27,7,16.48
3208,107,3025,46.49,1,1406,46.49,1,7.97
3209,56661,235391,42.58,61,100282,33.41,28,21.82
3211,81439,154415,50.21,44,77584,38.94,15,30.15
3213,46604,58686,29.23,16,17167,18.5,5,28.83
3217,15965,90104,41.64,22,37541,28.78,4,27.33
3218,18035,84725,55.88,18,47365,49.12,9,22.55
3219,3729,71781,79.82,7,57301,76.57,4,6.39
3221,48846,104989,24.87,31,26124,9.11,5,41.89
3224,16530,78173,71.86,28,56186,63.45,17,8.4
3226,1244,64431,87.31,25,56270,70.77,8,1.86
3227,56438,151913,40.07,50,60900,26.75,15,30.15
3228,34526,71937,24.3,14,17491,19.57,8,34.44
3229,10328,64263,70.13,5,45080,67.46,2,12.87
3230,19612,86011,53.81,20,46304,46.39,11,16.34
3231,330074,3180052,69.42,529,2208098,65.26,314,15.21
3232,14679,46568,58.37,21,27192,43.9,9,9.9
3234,40706,111475,36.21,26,40383,27.69,10,26.84
3236,64906,105001,30.03,16,31537,26.45,10,41.56
3237,105,1499,0,0,0,0,0,18.39
3252,2648,50196,78.9,23,39617,67.89,14,6.8
3257,28806,79824,43.64,11,34856,37.1,3,27.33
3258,91945,273510,10.19,23,27934,7.58,10,43.13
3259,3862,72966,71.01,26,51827,62.66,16,7.56
3260,139367,334463,35.18,70,117734,28.56,34,36.3
3264,73515,490170,71.84,125,352251,64.67,67,12.35
3265,16793,136262,66.8,22,91040,59.49,6,17.11
3266,3697,352314,90.46,29,318776,89.14,21,1.83
3267,534,17066,29.55,3,5044,26.87,2,6.44
3268,42774,34721,34.51,10,11984,28.42,6,22.45
3272,9134,61177,50.31,11,30784,45.54,6,19.5
3276,47179,69713,58.54,12,40818,53.68,5,12.43
3279,113,966,0,0,0,0,0,17.27
3283,147,6656,49.63,5,3305,15.12,1,4.47
3284,21934,108628,70.04,20,76110,66.75,14,9.79
3285,9852,42735,65.16,19,27856,51.67,10,9.15
3287,3896,43970,58.64,11,25796,48.76,4,16.45
3288,11427,16380,48.2,5,7898,36.75,2,19.85
3289,59133,86746,26.69,26,23161,13.12,8,37.91
3290,26031,90215,54.74,32,49409,42.32,15,13.11
3293,109319,281802,55.41,79,156188,46.19,40,22.58
3294,16562,132016,51.76,23,68358,46.88,14,24.28
3296,7076,96724,76.67,32,74174,70.61,23,7.37
3297,9788,36049,50.45,13,18198,36.6,6,29.43
3301,996,124326,79.23,40,98519,70.3,24,2.14
3303,14218,94091,48.17,33,45341,36.51,16,17.07
3304,424,14069,33.55,7,4721,9.88,1,6.53
3305,60937,143775,42.98,27,61819,35.87,10,31.99
3306,29877,50608,48.8,8,24706,43.14,3,25.86
3308,10425,60000,61.78,8,37074,59.02,6,19.96
3310,1727,74948,82.14,32,61576,70.04,19,3.05
3311,39171,100000,58.38,20,58409,51.95,9,18.85
3312,69062,182627,44.81,19,81865,42.72,12,30.66
3313,34234,221134,76.01,20,168106,74.35,14,9.4
3317,62106,90000,31.97,19,28782,24.14,7,42.28
3318,925,52256,56.8,19,29689,41.84,6,3.13
3321,28362,86114,47.51,21,40938,37.66,7,14.48
3322,65105,138562,35.29,27,48920,29.92,14,18.76
3323,69400,99593,20.58,13,20525,14.44,4,44.35
3324,61819,93236,58.94,40,54967,37.03,9,19.54
3325,61263,110169,30.42,33,33531,14.78,6,22.49
3332,1710,48104,86.99,15,41854,77.97,9,2.95
3334,126,24680,91.54,5,22594,89.35,4,1.02
3338,62150,87908,30.17,16,26540,22.59,5,37.12
3339,31146,66568,26.9,16,17920,15.78,4,33.1
3342,762,40910,53.13,17,21746,33.08,5,4.33
3343,869,58780,44.66,10,26267,39.29,5,3.62
3345,101,36301,95.55,2,34688,93.93,1,0.42
3346,39406,121228,26.29,19,31901,20.5,8,29.47
3349,1676,46072,47.82,26,22043,20.74,7,5.92
3350,924,21585,14.05,6,3034,0,0,10.95
3354,6580,70112,71.7,6,50275,70.56,5,14.24
3356,31451,80542,35.59,16,28677,28.84,7,27.44
3357,21485,117984,56.67,43,66884,41.17,15,19.97
3360,46967,76402,22.39,11,17122,16.99,4,32.13
3361,389,49553,81.55,18,40421,68.18,8,1.21
3362,30260,147446,61.16,47,90217,50.48,22,20.29
3363,67676,113641,40.89,33,46489,30.23,13,26.49
3364,216,2701,0,0,0,0,0,18.15
3369,4637,28946,56.22,3,16276,54.42,2,16.18
3372,57594,235324,53.58,26,126134,50.79,15,18.7
3373,35579,47619,26.25,4,12506,24.87,3,32.98
3374,47575,271364,66.76,41,181251,62.2,22,17.88
3376,51073,195780,46.77,66,91603,34.88,27,25.23
3377,241,19653,64.25,12,12631,35.71,2,2.0
3379,29907,38042,27.4,5,10429,24.78,3,37.16
3380,43058,541718,65.38,35,354297,63.08,14,14.3
3383,11621,75000,48.48,18,36370,38.5,6,16.7
3388,15406,85162,38.4,18,32713,29.59,6,29.96
3390,56368,79330,31.59,20,25076,17.95,3,23.87
3391,928,68860,66.0,27,45455,52.44,11,2.73
3394,162,1179,0,0,0,0,0,26.51
3397,1814,9025,0,0,0,0,0,46.57
3402,38807,73048,30.02,10,21949,24.52,4,36.15
3404,50,653,0,0,0,0,0,21.09
3406,29700,112743,60.07,50,67749,44.1,21,10.54
3412,261,8071,84.95,1,6857,84.95,1,3.49
3413,27853,111359,47.11,27,52487,40.46,14,27.14
3414,252,1360,0,0,0,0,0,39.06
3416,9160,80817,58.49,19,47279,51.45,10,15.5
3419,30610,120480,32.1,26,38708,24.06,10,24.69
3430,33413,33716,33.47,6,11286,33.47,6,34.23
3431,12538,55459,51.35,8,28481,46.69,4,17.57
3432,3498,42230,66.5,13,28088,58.48,8,13.43
3434,9217,35755,46.85,14,16758,30.22,5,20.95
3437,46618,144548,25.55,22,36968,20.14,9,37.38
3438,28357,47166,45.12,2,21285,43.53,1,29.97
3441,34077,40040,24.5,10,9813,14.29,4,43.7
3443,50229,134012,64.48,41,86444,51.59,12,8.53
3444,4996,44997,49.28,17,22182,38.51,10,17.07
3447,5780,77449,58.92,13,45650,51.2,3,15.45
3450,70732,145681,48.93,52,71313,36.3,23,26.94
3455,44645,59851,30.11,22,18038,14.91,7,33.38
3465,4636,42330,67.91,13,28753,58.2,7,6.98
3466,28874,77892,45.73,24,35638,34.13,9,18.21
3467,2018,31107,62.59,11,19475,55.59,7,11.39
3469,191,22448,63.92,14,14353,42.15,6,1.47
3471,503,5000,45.04,3,2253,25.6,1,10.99
3472,1709,76274,58.36,25,44534,43.84,7,4.68
3473,269,23424,76.24,7,17862,68.11,4,1.75
3475,1777,1784,0,0,0,0,0,46.82
3479,37612,73037,40.37,18,29494,30.27,5,33.26
3481,1010912,7989197,36.67,1055,2931595,32.0,424,25.57
3482,527,6521,44.4,4,2896,16.87,1,16.25
3483,52736,99049,21.59,23,21409,12.2,9,41.16
3484,47190,78828,32.29,21,25459,23.85,10,24.3
3485,7474,38501,51.34,18,19777,33.54,7,18.84
3489,2725,90452,82.11,11,74294,79.83,8,4.87
3490,34045,55006,27.51,17,15145,14.04,5,32.45
3491,68153,68805,36.81,29,25341,21.51,10,27.12
3492,2869,35532,47.56,5,16903,41.95,2,17.4
3494,18037,94800,61.76,12,58561,56.75,4,11.5
3496,205,21562,79.91,9,17233,70.66,5,1.93
3497,112,4588,33.29,2,1528,23.86,1,5.4
3498,53788,61273,56.92,16,34889,51.74,11,17.75
3499,41342,54971,44.23,13,24317,41.91,10,23.56
3501,12267,118258,47.36,21,56022,42.49,12,21.23
3502,283,9202,34.17,5,3145,12.4,1,6.87
3504,13148,114060,66.83,20,76250,61.47,10,18.27
3505,160,5429,87.89,1,4772,87.89,1,8.41
3506,606,8573,19.83,3,1701,0,0,18.33
3507,278,31800,87.08,12,27699,75.26,7,1.5
3508,67609,108867,47.45,30,51682,37.37,13,26.07
3511,9489,79973,53.79,6,43029,51.13,3,22.51
3512,4833,113072,72.15,30,81606,64.36,16,8.63
3515,13644,123521,68.96,20,85198,61.8,6,13.61
3516,3185,59561,77.9,19,46416,69.39,11,5.62
3517,663,5031,13.89,1,699,0,0,24.01
3518,30131,102467,35.52,27,36426,26.24,12,17.73
3519,65075,433985,50.82,48,220637,46.44,18,18.33
3520,48072,68847,40.59,17,27957,28.63,4,17.67
3521,39743,185766,81.66,16,151723,78.83,8,3.69
3522,28100,104096,56.84,27,59197,50.3,15,10.48
3523,7801,64258,83.39,13,53597,78.36,7,4.89
3524,301,20627,66.46,14,13714,39.39,5,2.68
3526,20799,67466,44.41,21,29974,27.8,5,17.9
3527,25077,44445,26.54,10,11808,20.06,5,26.29
3528,5580,66639,69.33,13,46210,62.45,5,12.26
3529,26327,74686,54.57,38,40769,35.39,15,8.94
3530,15994,77476,57.45,13,44516,53.68,8,23.15
3531,1826,61175,80.36,34,49172,60.8,15,4.93
3532,26178,387848,89.65,26,347775,87.8,14,5.49
3533,36849,112535,60.92,50,68585,43.77,19,11.67
3535,43311,79052,26.65,8,21081,24.2,5,39.48
3536,6379,52089,67.9,5,35376,65.12,3,11.35
3537,45289,56243,29.45,10,16571,23.54,5,38.99
3540,59817,84459,23.84,7,20139,21.9,4,35.15
3541,17917,56349,35.85,20,20212,24.83,11,18.74
3543,24710,110263,50.54,45,55750,34.22,16,10.78
3544,578,2444,0,0,0,0,0,40.71
3545,82103,222411,25.3,40,56309,18.1,12,39.95
3546,34641,61349,34.51,18,21183,23.07,7,27.71
3548,40689,67744,32.54,16,22060,24.66,7,33.76
3549,239,1481,0,0,0,0,0,29.8
3550,51715,107550,43.42,31,46722,33.46,14,25.18
3551,13240,62275,50.59,24,31518,34.23,8,27.07
3552,55160,97918,38.2,21,37427,32.42,12,31.22
3554,135,15858,87.29,1,13843,87.29,1,1.7
3555,4320,39999,80.47,9,32193,77.74,7,7.23
3556,64547,63703,16.52,5,10534,13.67,2,44.1
3557,20154,84315,60.55,19,51067,53.32,9,12.13
3558,12186,59061,51.04,10,30150,47.07,6,30.85
3560,194,20405,74.02,9,15107,59.92,4,1.64
3563,36938,63961,50.74,22,32465,39.45,8,24.6
3564,6409,59123,60.64,3,35860,59.96,2,18.93
3566,10580,419621,73.96,150,310433,60.69,57,1.15
3567,33682,33954,18.59,7,6322,7.93,2,34.72
3568,187,10063,72.35,5,7282,46.7,2,3.92
3570,2932,17097,53.99,4,9234,45.25,2,22.8
3571,416,3285,0,0,0,0,0,27.33
3572,330,11817,44.74,4,5290,29.87,2,4.69
3576,214208,1627795,39.03,196,635490,34.47,74,23.16
3577,4990,63966,65.85,24,42128,50.17,10,10.36
3579,6151,9580,74.14,3,7103,65.76,2,15.48
3580,41518,39471,13.63,7,5386,7.21,2,36.64
3581,7247,51006,59.4,15,30307,48.55,7,19.87
3583,29922,83859,62.18,28,52160,51.49,14,20.21
3584,21937,139767,25.44,29,35584,18.41,13,25.71
3585,14785,111679,39.66,13,44314,34.96,4,24.8
3586,88,2458,51.29,2,1261,0,0,7.36
3587,29789,71685,31.37,14,22494,21.81,5,36.88
3588,49362,61991,28.14,13,17452,18.57,5,33.9
3591,45523,145387,54.47,37,79225,47.78,20,18.76
3592,36869,75855,38.06,22,28882,24.83,5,32.55
3593,24757,60825,64.14,18,39033,50.01,4,9.43
3594,20547,95948,54.03,27,51871,42.2,10,18.18
3595,22511,40696,31.74,8,12923,28.88,6,26.13
3596,24746,220354,69.97,68,154231,58.77,29,12.49
3597,2189,39236,64.47,11,25300,56.92,7,10.44
3601,687,34887,52.62,9,18366,40.76,3,3.43
3603,683,24844,71.13,10,17676,64.91,7,4.67
3605,44457,176504,64.61,56,114081,55.86,32,17.8
3606,98,16847,77.4,11,13043,43.23,2,0.73
3607,47076,121662,32.41,34,39450,21.61,14,19.1
3609,7526,38419,50.99,17,19598,31.56,4,9.68
3610,1500,54015,79.65,4,43027,76.71,1,5.1
3611,4791,47555,58.19,13,27679,46.79,4,13.28
3613,1140,63436,66.67,28,42304,50.87,13,3.89
3615,43115,68467,31.14,12,21324,24.66,4,41.55
3616,3450,94650,43.02,36,40737,26.06,10,6.41
3617,7360,94766,66.46,38,63009,52.67,16,9.57
3619,164,7626,27.79,3,2120,15.73,1,4.99
3622,25084,151328,59.29,20,89754,55.24,10,17.24
3623,8331,29186,52.11,3,15210,48.24,1,23.23
3624,42064,117341,53.37,20,62640,46.8,7,30.23
3625,44691,114247,48.38,32,55292,37.35,11,18.81
3627,14081,30991,56.06,9,17376,50.03,5,11.97
3628,7472,45000,59.15,5,26624,56.02,3,16.65
3629,1744,32955,86.89,5,28637,84.01,3,3.03
3630,27722,204192,54.44,15,111196,51.66,6,19.94
3631,1703,81821,80.14,15,65581,74.44,7,3.84
3632,34585,40890,17.2,5,7039,15.58,4,45.88
3633,1876,34024,60.69,13,20656,46.15,5,9.73
3634,218,49600,82.97,13,41166,72.48,6,0.7
3635,397,5050,0,0,0,0,0,15.06
3636,502,6000,87.18,1,5231,87.18,1,4.38
3637,824,29749,77.46,6,23047,71.3,3,4.12
3642,18060,45869,63.39,18,29086,49.5,10,7.54
3643,403,47937,97.95,1,46958,97.95,1,1.03
3644,2034,83300,77.48,32,64556,69.56,20,3.31
3645,64250,136754,40.46,42,55345,30.34,19,31.07
3646,36476,39297,48.95,21,19246,19.97,5,8.65
3647,2941,2802,0,0,0,0,0,50.01
3649,275,10819,36.51,6,3952,0,0,4.85
3651,69,69565,95.9,12,66730,89.61,4,0.15
3652,3540,75098,72.27,13,54283,67.94,7,8.72
3653,35459,146733,71.33,44,104681,62.91,24,4.76
3656,3282,58249,77.46,6,45128,75.19,3,7.08
3659,686,54774,86.02,16,47127,78.57,8,2.28
3661,83116,86305,37.51,40,32384,13.2,8,22.55
3662,22520,183478,53.41,26,98022,48.89,11,17.55
3663,24172,108494,64.86,11,70386,62.83,7,21.29
3664,5801,75945,68.46,7,52001,66.69,4,7.28
3665,50869,199578,61.62,85,123051,44.76,34,8.61
3666,28601,138950,83.41,16,115926,80.2,9,6.08
3669,8084,92920,58.15,8,54047,54.68,3,17.67
3671,53,14500,87.86,7,12743,72.48,3,0.41
3672,21025,40790,55.91,20,22817,40.16,9,9.22
3673,83948,406664,41.72,68,169740,36.36,34,26.8
3674,405,17814,71.06,7,12661,65.86,5,5.17
3675,14267,53058,58.05,5,30804,55.16,2,22.4
3678,1023,26422,52.48,13,13871,35.88,5,6.75
3679,5077,63022,65.87,25,41523,54.01,13,11.96
3680,28745,96384,56.58,42,54563,41.88,21,21.35
3681,341,118704,95.08,6,112879,94.39,5,0.55
3684,6162,30310,61.14,10,18537,52.87,6,13.53
3685,13383,79574,61.85,31,49232,44.68,8,7.75
3686,62534,76495,21.7,14,16608,16.77,7,34.21
3687,36386,30124,37.33,6,11249,32.52,4,36.65
3688,3476,99176,67.87,11,67330,65.63,7,6.38
3689,34538,89529,25.77,23,23094,14.12,6,36.2
3690,1356,60356,89.17,6,53832,83.95,1,2.84
3691,13296,91883,58.63,15,53888,53.89,9,19.37
3693,24416,42991,48.68,12,20939,36.48,5,25.77
3694,14414,154891,57.94,18,89778,53.58,7,18.3
3701,49167,236669,72.8,21,172320,70.7,13,14.75
3702,100794,1751374,82.14,343,1438830,76.99,199,6.59
3703,34803,823216,72.06,105,593448,68.06,49,8.23
3704,41465,415445,66.04,83,274465,59.52,39,13.59
3705,26359,266423,69.12,71,184226,61.99,43,9.96
3706,187890,1327212,57.75,135,766631,54.9,76,20.85
3707,91078,401125,45.29,41,181695,41.98,21,31.46
3708,46407,95158,49.74,23,47354,40.64,8,23.79
3709,8583,145569,71.52,17,104144,66.3,6,9.31
3710,44074,287251,32.78,81,94235,22.1,27,15.72
3711,376890,4486351,86.14,789,3865167,80.89,419,5.98
3712,29320,246242,57.8,26,142363,55.6,18,18.42
3713,4176,88099,56.38,31,49685,43.92,11,7.86
3714,159126,737940,43.2,124,318933,37.7,56,24.74
3715,98259,283575,28.31,54,80318,20.56,22,42.63
3716,53690,150579,52.88,35,79673,43.89,13,22.01
3717,49750,211642,36.71,51,77731,27.24,19,22.59
3718,105028,390981,43.24,57,169145,38.41,27,32.88
4102,37637,42373,46.47,12,19701,33.7,4,14.71
4104,44430,188367,45.39,24,85544,40.06,8,25.13
4105,52231,248650,48.29,69,120116,38.62,32,17.58
4106,16183,100912,50.92,17,51398,46.12,8,21.04
4107,13560,69298,61.66,24,42747,51.84,14,12.58
4108,54802,198619,29.1,27,57815,23.57,7,23.08
4109,43708,118737,43.89,27,52129,36.13,11,17.37
4111,46451,59832,42.58,23,25490,33.03,14,16.72
4113,20144,231138,74.15,74,171449,62.62,32,4.78
4114,74559,550430,44.18,116,243315,37.25,50,13.8
4115,945,60000,75.96,16,45589,69.74,10,2.98
4116,4400,44566,54.95,3,24492,54.95,3,17.68
4117,6176,70824,54.74,25,38786,37.83,7,14.01
4118,202,29993,90.11,1,27027,90.11,1,1.25
4119,26816,119509,47.29,14,56536,44.68,9,17.67
4120,7482,86747,71.48,21,62034,63.88,12,8.65
4121,51577,83111,49.69,19,41317,44.45,12,23.52
4123,46558,769546,58.14,160,447633,51.72,81,11.86
4125,218,1934,0,0,0,0,0,29.72
4126,22547,72600,62.79,24,45597,54.79,15,15.53
4127,26488,45760,74.49,16,34099,65.41,9,7.64
4128,101390,588171,43.55,67,256249,39.52,25,15.9
4129,34162,96438,59.21,32,57116,48.46,13,11.05
4131,3501,39879,76.13,5,30367,72.24,2,5.47
4132,42834,187941,46.63,49,87674,38.33,23,11.76
4133,54264,60554,23.57,11,14280,18.53,5,39.76
4135,511,26465,65.43,14,17322,44.13,5,3.75
4136,95,36147,99.3,4,35897,97.87,3,0.34
4137,7540,82492,51.26,14,42302,44.46,5,15.8
4138,21164,39930,51.42,4,20535,51.42,4,25.43
4139,1145,45010,69.71,23,31390,48.01,9,3.1
4140,473,3039,0,0,0,0,0,30.87
4142,84151,429508,40.22,85,172823,33.07,36,21.45
4147,47519,273202,52.42,66,143239,44.49,30,13.53
4148,2271,67236,79.45,11,53422,78.04,9,5.66
4150,28444,147218,48.54,51,71484,34.31,15,7.7
4151,642,50026,78.35,13,39203,71.12,7,2.65
4153,5189,58668,76.67,15,44988,72.1,11,8.43
4154,882,38390,76.61,15,29414,67.1,8,2.78
4155,35388,139684,43.59,39,60918,32.51,14,17.28
4156,895,56540,71.87,14,40643,67.51,10,4.15
4157,31765,711834,59.23,116,421799,52.51,36,8.86
4160,34566,26690,29.63,3,7910,25.36,1,33.13
4161,5149,59798,45.18,25,27028,26.91,8,11.15
4162,47066,143678,45.38,23,65217,39.02,8,21.45
4163,24914,50680,70.26,23,35621,59.87,14,8.18
4164,19016,195311,50.8,54,99280,40.49,22,16.73
4166,3796,243035,82.71,26,201069,79.18,13,3.0
4167,56451,331554,42.35,85,140503,34.09,38,13.96
4168,50111,112521,27.34,25,30789,20.04,10,22.32
4169,4393,66432,54.16,22,35997,46.07,13,10.21
4170,6417,43771,58.48,15,25606,45.21,7,9.33
4171,38219,58057,32.72,10,19007,27.66,6,25.32
4172,24457,119576,39.07,25,46747,30.08,8,10.92
4173,30505,74574,43.63,5,32550,40.0,1,21.41
4174,42950,131580,40.76,30,53648,33.68,16,23.75
4175,11425,42323,56.05,7,23724,54.98,6,22.69
4177,2160,62805,59.03,17,37091,48.19,6,7.92
4178,4276,215905,77.77,45,167969,72.41,26,3.71
4181,1737,2128,0,0,0,0,0,59.35
4183,1184,23800,62.62,13,14910,43.24,5,8.78
4184,644,39183,92.03,1,36064,92.03,1,1.69
4186,4690,90000,45.92,36,41353,26.0,9,10.05
4188,5078,63333,53.87,11,34126,47.92,4,13.17
4190,16593,61267,66.58,12,40798,62.86,9,15.66
4191,2532,100170,63.05,31,63165,48.78,9,5.6
4192,4631,35164,68.29,3,24017,66.6,2,13.66
4193,5426,67616,49.22,25,33296,33.69,6,3.85
4194,3287,145974,76.72,24,112001,73.12,14,5.17
4195,28578,80000,38.69,24,30974,28.66,12,16.09
4197,2253,30181,65.9,21,19894,40.26,7,5.25
4198,2631,24108,81.99,4,19768,77.93,3,5.92
4205,11042,97649,66.37,33,64842,58.94,21,14.61
4207,8489,198538,73.32,53,145593,63.75,22,5.22
4303,36490,94605,19.53,12,18501,12.45,1,36.98
4304,3602,61038,81.88,15,49989,74.64,7,4.05
4305,1696,55014,84.73,26,46626,74.81,19,4.31
4306,90011,676757,57.93,110,392138,52.47,46,10.02
4401,12652,122692,62.18,50,76310,46.87,23,8.85
4402,41555,67992,66.0,15,44884,60.91,9,7.86
4404,7870,112265,35.81,25,40227,26.98,7,14.68
4406,1537,51912,76.59,20,39766,61.15,7,3.46
4408,4012,67628,35.74,14,24185,30.37,8,12.66
4413,1657,31315,69.31,15,21709,52.61,6,4.61
4414,22757,263796,64.25,47,169530,56.87,17,9.13
4415,4359,43577,85.04,11,37066,76.68,5,6.77
4416,2621,73586,70.32,35,51762,57.47,19,6.47
4417,8350,83971,45.94,19,38603,37.12,7,16.64
4419,5186,169163,96.83,7,163832,95.07,3,0.68
4420,8046,40455,60.17,9,24347,54.11,4,22.88
4424,2551,59852,66.59,16,39856,62.32,11,5.5
4426,9572,172677,61.88,33,106890,54.19,12,10.32
4427,966,212542,87.52,55,186041,78.71,24,0.93
4430,8655,56274,64.1,21,36075,53.29,11,16.07
4431,2082,36536,70.24,5,25668,63.54,1,11.04
4432,4918,50589,55.39,12,28027,45.45,4,11.83
4433,10205,61300,57.09,11,35011,52.24,6,16.97
4438,4653,113425,65.78,39,74626,50.12,10,7.32
4439,1347,38215,78.27,14,29921,69.41,9,5.09
4440,3875,67598,56.83,45,38433,27.25,11,12.5
4441,2478,68176,70.48,25,48061,58.67,13,5.04
4442,972,32856,75.96,19,24964,45.0,5,4.48
4502,3845,57470,70.67,16,40624,56.04,3,5.81
4503,7660,78313,62.8,10,49201,59.8,6,15.4
4506,11118,177012,80.69,29,142875,74.12,11,8.11
4510,61139,108978,36.32,18,39610,30.64,7,35.75
4513,44324,143762,57.58,16,82787,53.35,5,15.64
4523,35913,64949,59.92,18,38936,52.0,9,13.18
4526,62094,254826,47.79,60,121843,40.47,30,25.78
4527,4418,76152,67.43,26,51363,61.87,18,9.97
4528,13454,84166,62.31,12,52461,58.69,7,19.1
4529,8823,84549,58.8,14,49728,54.0,6,12.14
4530,7304,35795,72.93,6,26112,64.46,1,5.81
4532,20149,494895,69.93,93,346215,64.81,54,8.3
4533,68466,178434,36.84,21,65763,33.42,11,31.79
4534,20147,86789,40.52,23,35186,29.58,7,21.36
4535,7130,75662,77.44,21,58613,69.7,12,4.71
4536,7097,90820,56.67,42,51476,38.34,15,12.01
4537,2308,78840,82.02,16,64679,77.0,10,4.59
4538,1651,59470,80.63,15,47960,71.79,7,3.74
4540,41685,115187,30.97,19,35694,26.62,12,41.17
4541,43438,67647,40.19,22,27197,27.63,8,27.45
4542,6855,35783,48.99,20,17538,20.72,5,21.13
4543,22249,59772,46.99,14,28095,42.0,9,23.72
4544,1570,60290,67.5,20,40704,49.87,2,1.86
4545,22131,77000,72.59,8,55908,69.18,4,9.34
4546,968,33775,70.58,15,23846,60.44,10,4.51
4547,302,23349,84.76,7,19792,72.34,2,2.65
4549,7268,57002,62.53,14,35648,58.74,10,16.42
4550,3176,37839,56.09,11,21232,49.24,7,14.91
4551,6132,115222,79.17,33,91248,71.56,18,6.37
4552,28609,116000,50.01,21,58027,44.22,8,11.98
4553,457,33020,87.09,14,28762,77.2,8,2.28
4554,2376,26327,52.18,7,13739,50.62,6,14.53
4555,4085,69988,69.94,13,48963,65.67,8,10.11
4556,3367,42303,75.15,11,31795,70.79,9,10.52
4557,27743,47972,42.93,22,20605,26.87,9,12.02
4558,1615,50000,72.8,32,36413,52.11,14,6.21
4559,669,60000,87.86,17,52728,79.9,10,2.07
4560,2520,68097,86.42,12,58868,83.92,9,3.64
4561,8912,58522,58.35,12,34161,52.18,7,24.61
4562,11926,87546,52.12,12,45639,49.87,9,28.22
4563,17600,54950,54.26,11,29826,49.6,7,21.41
4564,48822,232788,40.09,50,93360,33.89,26,21.44
4565,1446,61740,79.87,24,49322,66.0,12,2.46
4566,25821,110389,53.85,24,59466,49.39,15,24.46
4568,1603,32045,68.39,8,21920,61.96,4,7.33
4569,1974,30600,66.16,11,20253,52.36,5,7.32
4570,204,44000,95.06,16,41833,87.78,12,0.58
4571,6683,53017,66.11,21,35058,55.65,11,16.02
4572,3450,40019,64.18,11,25684,61.89,9,9.25
4573,10009,45697,40.99,15,18743,28.7,6,19.22
4575,745,38668,69.12,17,26734,53.86,8,3.13
4576,23814,119802,67.75,32,81176,59.69,19,16.61
4577,7137,49138,61.36,10,30157,55.74,5,22.61
4578,691,20300,97.0,3,19693,92.28,2,1.48
4580,5126,46803,49.23,18,23050,35.52,10,18.77
4581,1666,33899,62.76,15,21279,46.16,8,8.69
4582,2645,75480,54.99,25,41517,43.94,11,7.26
4583,7347,80171,86.48,10,69354,82.14,4,4.83
4584,1077,30002,80.08,13,24029,69.25,9,4.31
4585,18951,105777,75.85,3,80246,75.3,2,16.52
4587,948,33000,88.23,5,29117,88.23,5,3.03
4588,5200,42985,50.29,15,21627,37.42,8,21.08
4589,623,26039,70.33,12,18319,45.23,1,3.91
4590,10129,54838,49.79,21,27310,33.18,8,15.75
4609,1742,47947,76.27,24,36579,64.61,15,3.93
4702,14115,72333,50.98,9,36884,46.49,2,22.85
4703,9142,65750,26.18,7,17231,22.63,3,26.92
4706,2125,79030,82.6,15,65293,77.21,8,2.44
4707,28548,403715,71.44,60,288463,66.8,30,8.69
4711,7468,61056,60.0,10,36643,53.42,4,15.59
4712,3611,18423,45.99,2,8473,43.69,1,17.19
4714,53332,221838,29.06,35,64512,22.79,12,22.42
4716,44448,94427,33.18,25,31351,24.72,12,25.09
4717,999,155,0,0,0,0,0,99.99
4720,13595,114516,37.9,24,43418,33.29,14,24.55
4721,57508,74986,33.31,14,24996,28.03,7,38.8
4722,14704,104223,58.65,42,61136,44.9,19,12.02
4724,3049,95976,59.5,28,57125,46.39,8,7.47
4726,12739,207042,58.0,41,120120,50.29,14,12.39
4727,349,7278,18.79,3,1368,0,0,8.58
4728,16713,54463,84.47,36,46020,65.91,19,2.27
4729,7355,79227,49.85,11,39515,44.63,5,18.66
4730,1062,27868,69.86,13,19471,57.91,7,4.77
4732,1558,49654,66.95,30,33247,46.94,13,6.3
4734,371,10237,14.95,2,1532,0,0,6.16
4735,37666,41569,53.37,15,22189,42.94,8,19.6
4736,13704,95374,51.09,18,48753,44.55,8,22.22
4737,10950,77403,62.35,26,48275,49.17,9,5.87
4738,3420,77596,58.63,7,45507,54.05,1,10.76
4739,56889,124702,38.77,26,48378,30.15,8,29.1
4741,13000,34812,49.12,11,17107,40.07,5,15.63
4743,80640,480533,45.49,73,218674,40.78,32,17.27
4744,33376,56948,51.77,25,29496,35.64,11,11.88
4745,3158,66221,61.76,24,40913,52.96,14,7.88
4746,44142,120256,39.99,36,48116,31.51,19,22.16
4747,2173,90922,76.26,39,69351,65.44,22,4.47
4749,61104,94733,33.62,25,31868,23.91,9,33.03
4752,1063,84219,89.77,6,75611,87.17,2,3.03
4754,23022,30283,36.69,6,11112,28.46,3,24.49
4755,8667,100706,68.74,15,69247,64.95,9,11.94
4758,396,29217,92.13,6,26925,84.79,2,1.23
4760,11081,32146,36.7,7,11801,34.99,6,24.58
4762,139,20720,99.67,8,20653,97.29,7,0.25
4763,54253,989147,61.21,118,605593,56.8,48,10.83
4764,8799,85542,75.05,27,64211,66.54,14,10.81
4765,910,32133,55.3,16,17775,39.21,6,6.0
4766,10914,120571,69.98,28,84394,63.05,14,9.11
4767,902,31415,62.75,11,19715,46.86,5,4.74
4768,15889,47488,35.05,17,16654,19.49,4,29.77
4770,9454,79976,64.15,24,51324,59.7,18,13.67
4771,3921,58787,59.88,24,35207,44.82,9,8.88
4772,33441,147682,48.93,26,72292,41.79,9,24.51
4773,228,72709,94.99,14,69091,92.29,11,0.25
4801,783,47201,98.7,2,46594,97.82,1,0.23
4802,296,18854,87.92,2,16579,85.36,1,2.38
4803,5711,59069,57.43,8,33936,55.13,6,14.77
4804,30104,71992,62.0,11,44648,54.88,3,10.12
4806,15323,99947,89.08,10,89046,85.88,4,2.07
4807,14405,48996,68.2,16,33425,63.32,12,9.02
4903,46281,105344,43.1,14,45415,37.79,4,30.64
4904,86550,3607705,93.45,381,3371931,90.82,233,2.57
4905,1984,29260,81.68,18,23906,63.78,10,5.71
4906,93438,451846,26.53,84,119979,20.12,38,31.19
4907,2793,118146,85.43,9,100957,83.76,6,3.31
4908,34358,78217,55.94,24,43775,43.59,10,25.94
4909,63730,93357,25.31,12,23647,23.25,8,41.8
4911,3511,68817,58.16,20,40038,48.05,9,7.85
4912,25822,66953,51.52,24,34509,38.72,8,13.97
4913,475,9667,25.75,3,2490,0,0,11.98
4914,226,10000,77.04,5,7705,61.66,2,4.01
4915,33781,471881,59.45,122,280602,51.05,62,15.76
4916,76378,124083,24.85,18,30864,20.05,8,46.28
4919,71612,452398,62.62,44,283392,58.86,19,23.3
4920,107,41779,93.69,6,39149,86.74,1,0.35
4922,4558,44957,25.44,12,11446,11.8,2,17.24
4923,30561,37419,38.11,15,14267,23.39,6,19.64
4924,1450,37164,70.99,20,26392,50.84,8,5.99
4925,5226,71066,50.16,31,35665,32.62,10,12.45
4927,59805,264938,26.92,70,71399,16.68,25,26.32
4929,384,234,0,0,0,0,0,38.45
4930,33649,80000,63.64,13,50929,58.71,7,17.88
4931,61509,65566,32.11,20,21057,19.96,7,43.7
4932,309,2012,0,0,0,0,0,39.79
4933,5668,82676,63.89,12,52832,59.79,6,12.53
4934,70544,225000,34.78,23,78288,30.07,7,23.73
4935,7883,128864,62.48,25,80535,57.73,15,13.37
4938,146309,2675709,79.43,402,2125868,74.99,217,9.41
4939,63727,98201,41.46,23,40730,33.84,10,32.2
4942,6648,142368,62.4,40,88852,54.24,21,10.53
4943,21947,126694,64.07,26,81194,53.44,6,14.21
4946,8273,8853,42.58,1,3770,42.58,1,35.36
4949,11331,67908,52.24,27,35483,41.26,13,21.76
4950,6670,57729,73.05,5,42188,68.13,1,6.01
4951,11154,34149,20.0,8,6836,4.48,1,33.09
4952,14761,108816,52.49,9,57139,47.79,2,25.3
4953,34416,73147,47.11,18,34471,37.89,7,23.53
4956,42721,100408,39.34,20,39516,34.52,11,34.08
4958,221680,1117534,70.95,219,793026,65.2,119,16.32
4960,89881,571705,62.3,86,356241,57.29,44,15.3
4961,41547,121254,45.81,32,55574,34.66,12,28.11
4963,445,75455,83.64,9,63121,82.03,7,1.43
4966,32590,78958,31.3,22,24733,19.05,8,31.19
4967,68489,98566,19.92,19,19655,12.61,7,50.62
4968,56663,92210,16.67,15,15392,8.85,3,46.41
4969,11532,190978,55.64,56,106296,44.91,23,6.88
4971,37740,47186,44.4,22,20959,21.98,3,28.67
4972,15427,56889,49.93,21,28417,36.77,10,24.23
4973,50572,65293,22.65,12,14804,15.35,4,44.73
4974,43028,72500,41.62,6,30187,39.73,3,29.6
4975,1024,326577,96.31,11,314557,95.92,8,0.73
4976,44869,141218,30.87,17,43617,25.83,7,35.19
4977,49345,82690,19.2,15,15896,8.43,1,50.26
4978,67,5000,82.32,1,4116,82.32,1,2.2
4979,84752,142880,43.94,53,62805,25.96,13,32.89
4980,2362,45204,58.12,14,26282,50.4,7,10.87
4989,51589,172776,17.88,23,30927,12.19,7,47.53
4990,3280,102711,53.4,32,54862,43.96,17,7.93
4991,62370,121355,48.44,29,58815,41.33,14,29.02
4992,1033,210050,82.09,38,172475,76.9,22,1.01
4994,2149,66383,86.22,30,57248,80.51,23,3.18
4995,5018,42592,67.58,22,28793,52.29,11,7.81
4996,784,99070,77.8,37,77094,65.91,19,0.92
4997,271,14665,42.96,8,6303,17.41,2,3.49
4999,46565,74417,41.28,25,30733,27.29,10,25.93
5006,14010,96946,10.62,8,10302,8.2,3,21.27
5007,4904,294940,87.71,44,258763,84.32,27,1.95
5009,80878,602471,49.72,106,299573,43.91,47,17.85
5011,33771,100674,48.45,31,48804,38.59,14,15.02
5013,9012,133416,87.46,44,116709,81.83,32,2.39
5014,52421,183265,37.87,51,69433,26.83,19,19.79
5015,26582,60639,52.02,19,31556,42.19,9,19.83
5016,2639,49622,65.97,15,32744,59.95,10,9.77
5017,6855,319,0,0,0,0,0,82.1
5201,13543,38675,56.6,18,21896,38.17,8,10.14
5202,43848,89094,53.43,13,47619,48.66,7,17.45
5203,31907,77343,43.05,17,33310,33.11,5,19.06
5204,1373,6274,18.86,1,1184,18.86,1,20.62
5205,1728,13500,74.44,2,10051,71.26,1,7.9
5206,3813,180093,85.73,34,154410,80.51,17,2.87
5207,2907,15834,38.6,8,6114,14.82,2,12.0
5209,4239,29495,54.21,4,15990,52.22,3,18.71
5210,39200,82178,47.73,19,39245,39.87,8,12.37
5211,7577,32025,47.96,12,15361,40.88,7,23.76
5212,9981,34633,79.57,16,27560,66.95,9,6.21
5213,21170,721334,86.24,82,622214,84.16,56,4.48
5215,5370,64338,53.34,22,34326,42.71,11,15.93
5216,401,17847,82.4,11,14710,57.64,4,2.85
5220,7644,39667,44.63,20,17711,19.62,5,16.62
5221,347,5573,11.3,1,630,0,0,15.82
5222,33261,91125,31.93,24,29123,21.17,9,27.34
5223,2748,44550,62.22,12,27727,54.17,7,13.25
5225,8388,79136,45.56,12,36065,39.27,4,20.43
5226,400,23300,52.74,11,12293,31.51,3,4.34
5227,58906,96000,28.84,25,27694,18.02,7,27.61
5228,3602,38056,55.31,13,21054,44.94,6,16.74
5229,129,56189,96.51,13,54237,89.3,6,0.42
5230,29684,56304,26.0,18,14651,10.27,4,30.59
5233,2998,277249,85.35,23,236705,82.42,10,2.36
5234,11722,102716,64.96,19,66749,58.56,8,10.31
5236,6847,60004,61.79,5,37084,60.89,4,15.58
5238,691,67296,83.48,15,56187,78.62,9,2.2
5239,601,24700,30.08,8,7434,16.98,3,5.26
5240,520,26582,53.83,16,14312,30.32,5,2.69
5242,1115,124895,72.3,45,90323,58.6,18,1.89
5243,30215,168529,57.4,29,96766,50.46,12,20.52
5244,9551,68242,47.22,31,32246,28.7,11,18.4
5245,3860,45127,57.78,18,26086,40.63,7,16.4
5246,8872,44974,33.72,10,15169,26.94,4,28.0
5247,510,75000,75.94,12,56961,68.74,5,1.45
5248,1878,24500,58.92,5,14440,56.84,4,14.79
5250,209,39107,97.08,1,37967,97.08,1,1.0
5251,35339,33733,33.48,4,11301,29.21,2,39.15
5253,224,40943,81.05,20,33194,58.2,5,0.96
5254,696,22607,75.67,8,17109,70.32,6,5.19
5256,1874,71602,69.01,24,49433,61.23,15,4.55
5257,809,132750,79.64,27,105735,73.71,13,1.25
5258,25496,110365,51.6,39,56973,37.47,14,16.16
5259,2363,43563,82.07,8,35760,74.45,3,5.69
5262,8082,52699,55.98,25,29511,31.97,5,6.54
5263,26815,78937,55.29,34,43661,42.65,16,11.83
5265,123,1207,0,0,0,0,0,22.11
5267,1394,25300,62.14,13,15723,46.59,5,8.67
5269,34151,74156,59.47,12,44111,54.6,6,22.45
5271,8235,63472,29.49,13,18732,20.52,4,23.86
5272,45802,55276,23.91,15,13224,10.26,3,36.36
5274,39925,41583,35.03,14,14569,22.0,4,11.32
5275,144,10264,30.86,6,3169,0,0,2.11
5276,938,39500,88.33,6,34896,85.29,4,4.17
5278,4239,300000,82.92,70,248796,77.85,45,2.59
5282,278,25006,85.81,10,21463,59.25,1,0.6
5283,27566,87601,60.94,22,53395,53.93,13,19.8
5284,9082,52893,57.76,14,30556,49.64,7,17.61
5285,12291,102041,63.06,34,64369,51.62,18,18.73
5286O,910,14745,79.97,6,11795,69.95,4,4.81
5287,10024,60311,58.08,22,35042,45.94,10,21.9
5288,2901,69699,69.36,15,48358,59.82,4,6.94
5289,76209,96415,29.76,24,28704,21.36,10,32.08
5291,5288,41891,43.92,22,18406,18.68,4,20.15
5292,7186,46319,57.17,19,26490,43.45,9,14.85
5294,60,82,0,0,0,0,0,86.86
5295,157,29140,85.65,15,24968,70.39,8,0.75
5296,468,21581,35.94,7,7760,27.26,4,5.13
5297,8910,37652,18.86,9,7105,10.3,3,35.94
5299,17091,51187,51.01,10,26119,44.72,5,27.29
5301,3951,65890,80.1,10,52789,73.93,4,4.9
5302,12957,159888,51.03,22,81639,45.18,6,17.22
5304,32304,326962,88.1,23,288109,86.33,13,6.18
5306,11994,126001,69.71,23,87858,64.41,11,12.1
5307,35113,423054,41.19,93,174326,32.2,31,16.02
5309,70990,231685,34.12,35,79099,27.61,11,34.15
5310,7124,28944,56.97,15,16497,36.66,5,6.34
5312,5870,60060,55.73,17,33481,50.64,13,13.61
5314,57900,292000,39.48,36,115347,35.65,17,31.07
5315,51102,106352,31.22,28,33229,21.19,11,22.37
5321,7529,59543,61.23,22,36474,46.35,8,9.74
5324,20999,226379,80.65,46,182608,74.57,24,4.71
5325,20376,55454,33.48,8,18575,27.54,3,38.07
5328,78036,172711,40.37,18,69749,36.34,7,41.05
5336,2955,2217,0,0,0,0,0,68.84
5340,27518,194894,59.87,32,116729,52.38,7,21.77
5344,6708,79447,75.59,7,60065,73.54,4,10.64
5345,6317,37795,78.88,2,29814,78.88,2,7.12
5346,263427,1366161,37.72,304,515695,28.24,91,20.13
5347,126356,1878340,83.04,243,1560038,79.48,137,9.06
5348,1820,14776,53.12,5,7851,40.79,2,9.42
5351,112293,328825,41.18,63,135493,34.99,30,28.76
5353,6376,75765,55.41,30,42004,37.82,10,13.29
5355,32440,166123,70.65,44,117405,63.61,26,7.08
5356,53298,103040,44.03,23,45388,39.57,16,22.32
5364,7307,63850,70.29,14,44894,61.31,3,5.8
5372,5387,48614,23.67,13,11509,12.51,4,24.39
5376,3801,33700,33.74,8,11373,28.33,4,17.23
5381,27736,207691,55.98,32,116314,48.3,9,18.28
5385,8308,11156,23.88,2,2665,18.19,1,43.87
5386,30073,54121,36.95,8,20006,32.37,4,35.24
5387,141621,45000,91.32,2,41102,90.18,1,7.18
5388,38078,304343,45.89,97,139742,36.03,47,22.96
5392,66022,176562,36.57,21,64604,31.86,8,32.31
5395,2239,1759,0,0,0,0,0,41.06
5398,41680,49465,58.38,20,28888,44.19,9,7.83
5403,9478,78176,47.09,34,36832,31.23,13,19.1
5410,56837,93518,34.3,19,32098,26.94,9,28.17
5414,5071,68584,59.72,20,40970,48.11,7,10.25
5425,107737,263485,33.93,40,89435,28.41,19,41.57
5426,35561,143800,55.71,22,80132,52.77,16,21.37
5432,5521,20688,54.1,4,11196,51.4,3,28.27
5434,32483,194008,54.52,74,105812,39.02,27,14.43
5438,37860,112537,75.2,10,84641,74.38,8,9.92
5439,35546,92977,37.49,32,34879,21.57,10,30.93
5442,4828,64815,20.65,12,13391,14.61,5,16.16
5443,66132,164747,40.39,25,66583,34.35,7,35.83
5450,11663,122403,81.35,11,99588,79.37,7,5.44
5452,69181,148764,42.46,21,63180,38.61,10,29.56
5455,3420,65502,93.99,25,61570,89.0,20,1.54
5457,17232,196429,51.91,31,102000,47.27,16,17.34
5460,31525,58778,57.03,30,33535,37.19,12,15.41
5464,4441,76233,72.21,28,55062,58.52,13,7.19
5465,7770,147683,72.24,17,106705,68.79,8,11.02
5467,1834,85548,86.4,11,73931,82.8,6,2.83
5468,5921,58923,66.45,13,39165,60.8,8,13.62
5469,36722,486166,72.36,75,351829,67.98,41,12.08
5471,68514,167877,28.03,39,47087,19.23,14,38.56
5473,2483,3035,0,0,0,0,0,78.12
5474,7911,39757,56.66,8,22534,48.5,4,26.62
5475,60367,127127,26.93,21,34254,21.7,8,44.0
5478,41267,156074,79.15,29,123582,72.9,16,9.68
5481,42161,71403,64.68,23,46197,54.47,11,7.86
5483,156172,641222,58.18,156,373184,50.79,81,23.44
5484,33830,66801,37.96,11,25367,34.0,7,37.4
5487,7117,24223,71.41,15,17301,47.79,7,7.36
5488,41239,91586,46.15,31,42280,34.12,13,16.79
5489,3154,102706,85.34,14,87668,82.62,8,4.09
5490,69645,96152,35.31,26,33960,27.77,12,23.59
5492,1371,71414,98.66,1,70463,98.66,1,1.03
5493,5598,43689,44.83,18,19592,24.96,4,19.51
5497,4831,65286,26.21,14,17126,15.59,4,16.88
5498,69819,193549,34.83,25,67452,30.04,10,37.58
5501,6087,21200,28.1,4,5959,24.3,3,20.12
5505,5921,138832,65.49,47,90955,50.78,15,7.0
5506,7576,152545,66.77,34,101885,58.45,12,6.12
5508,18330,217428,69.14,20,150352,66.32,9,14.33
5511,6033,136000,68.65,44,93390,58.84,21,7.37
5512,78228,766312,61.76,158,473380,54.78,72,9.0
5514,10348,236118,92.49,51,218408,87.58,32,1.18
5515,11418,201600,71.4,58,143989,63.41,31,7.6
5516,1771,51545,70.82,15,36515,60.51,7,4.5
5519,18258,230157,57.32,43,131980,51.16,20,14.78
5520,1225,59975,83.79,23,50264,73.58,12,2.26
5521,63054,492280,59.26,103,291822,52.34,46,9.89
5522,17860,781596,88.55,60,692238,85.86,27,4.22
5523,2560,155001,92.46,31,143358,89.2,23,1.37
5524,3909,58667,30.78,22,18074,11.6,4,16.07
5525,4802,318105,88.42,69,281313,84.16,49,2.08
5529,11394,105769,73.31,19,77566,67.84,10,4.61
5530,11713,420084,82.91,49,348325,79.39,25,4.42
5531,14829,977589,85.9,82,840014,83.41,41,3.13
5532,820,17804,31.03,8,5527,5.88,1,4.85
5533,5562,285245,80.85,79,230711,70.96,33,3.38
5534,22820,315326,69.1,86,217937,59.29,41,11.67
5536,32516,124081,55.95,60,69448,35.73,19,13.36
5538,1298,201203,93.7,21,188561,92.42,17,0.95
5541,86,26427,82.05,10,21689,76.05,7,0.26
5543,1053,46704,72.37,28,33806,50.28,11,2.51
5546,1334,82353,84.55,18,69646,77.74,9,2.51
5547,1352,45288,65.82,13,29820,54.69,6,5.01
5548,2358,58529,65.46,18,38323,58.59,12,6.16
5601,864,64800,79.73,44,51679,47.23,11,1.15
5603,30021,104877,54.1,21,56748,49.82,13,18.69
5604,10926,108783,67.18,46,73094,52.82,21,6.94
5607,17089,370553,77.03,61,285485,70.7,23,5.97
5608,91779,389276,30.19,56,117638,24.8,21,30.92
5609,37885,142884,52.6,46,75180,46.25,31,23.02
5701,51663,143000,54.17,20,77484,49.23,8,16.41
5702,1936,5282,0,0,0,0,0,45.98
5703,1946,70240,88.29,25,62024,83.83,19,3.39
5704,3388,58862,83.91,23,49399,79.45,19,6.91
5706,28310,83768,38.53,13,32286,34.28,6,31.51
5810,48624,916440,72.9,99,668254,69.01,39,7.69
5859,3580,1450278,96.82,47,1404433,96.14,31,0.51
5863,27111,320202,81.45,44,260854,77.08,23,5.18
5864,14954,504490,68.47,116,345542,60.88,54,5.13
5871,114829,1745650,70.4,370,1229198,64.47,202,10.05
5871A,8131,150000,68.72,46,103094,59.68,25,5.06
5876,51034,4910219,88.36,822,4339818,82.8,374,1.24
5878,1791,25024,72.36,13,18111,54.25,6,11.61
5880,406057,15680937,74.91,1762,11750052,71.06,728,4.6
5901,5002,22907,77.87,2,17837,77.87,2,8.64
5902,2583,94500,85.18,16,80516,81.31,10,3.57
5903,17381,223220,91.42,26,204109,88.19,16,5.39
5904,100344,1064438,79.39,184,845211,75.13,108,11.11
5905,45785,281623,46.54,42,131100,40.56,15,16.28
5906,964,35741,86.27,9,30837,82.48,7,1.85
5907,5497,195531,69.06,28,135076,64.34,13,6.61
6005,115849,2170908,70.19,285,1524102,66.36,152,8.71
6015,72997,416856,51.05,88,212893,44.2,41,11.61
6016,79557,772420,51.28,149,396219,44.95,66,9.74
6020,1890,252353,96.9,10,244550,96.25,8,0.8
6021,4146,312231,90.46,47,282501,86.46,27,1.57
6023,15547,447973,87.78,22,393332,86.17,9,3.82
6024,17502,266683,69.61,31,185682,65.21,11,9.89
6026,43945,396162,50.57,92,200418,41.23,35,10.66
6027,825,155720,95.72,10,149086,93.81,6,0.46
6028,1601,25000,64.68,12,16175,50.64,5,8.08
6035,2290,71468,93.89,20,67109,83.85,9,2.18
6101,3415,116602,88.08,40,102716,78.14,24,4.09
6103,3167,13605,90.69,5,12339,83.83,3,5.17
6104,55981,91129,19.54,16,17817,12.41,6,42.15
6107,5293,87438,40.95,17,35825,34.69,8,13.79
6108,53496,154494,56.09,41,86688,50.08,26,13.22
6109,34317,87825,48.96,31,43015,36.53,16,11.98
6110,2629,29362,18.42,7,5412,7.18,2,14.21
6111,45767,108514,45.7,25,49606,40.59,16,24.11
6112,33370,188357,59.0,13,111161,56.28,6,20.23
6113,8275,52549,53.23,8,27976,52.17,7,20.92
6114,5407,43912,72.79,8,31970,65.48,3,9.03
6115,14306,187662,60.33,29,113251,56.09,17,16.79
6116,368424,2858655,42.67,196,1220635,40.23,81,25.72
6117,14025,92587,54.67,14,50638,50.3,8,24.51
6118,8931,90890,56.66,16,51518,51.7,9,19.09
6120,59760,599000,59.77,79,358157,55.11,32,12.56
6121,19204,184971,67.2,82,124328,50.03,31,10.77
6122,35385,78092,31.99,20,25002,22.28,9,27.1
6123,10350,62089,43.25,20,26865,33.39,9,20.78
6124,8947,182480,93.74,18,171106,92.33,14,4.33
6125,91899,259011,35.09,31,90941,30.62,14,35.77
6126,70602,130219,36.41,21,47435,32.36,13,31.71
6127,74342,108080,21.44,16,23193,16.83,8,49.22
6128,7510,127589,60.09,27,76699,54.66,16,11.41
6129,68388,180944,17.12,15,31004,14.12,6,36.55
6130,29439,46300,62.39,16,28894,45.8,6,7.58
6131,5935,34793,41.19,9,14337,29.63,3,17.01
6132,4749,63791,35.49,25,22649,15.67,5,15.88
6133,22219,117006,48.77,21,57083,44.12,13,23.56
6134,17779,81882,55.14,18,45166,48.49,8,18.6
6135,7554,76189,38.45,12,29302,34.27,6,13.33
6136,45098,115536,47.04,33,54360,35.08,12,19.21
6137,11234,101358,38.83,29,39376,26.71,9,15.26
6138,30905,75634,47.4,24,35863,33.95,8,23.44
6139,53333,235576,63.64,71,149966,52.58,28,16.66
6140,9716,54898,45.48,16,24980,34.47,7,26.31
6141,17160,113354,52.38,36,59391,42.35,21,17.74
6142,48777,330779,58.79,53,194497,51.47,14,10.43
6143,55719,86059,26.55,17,22865,17.65,4,42.87
6144,1468,38274,89.54,3,34272,89.54,3,5.27
6146,20847,101867,55.55,31,56613,41.73,9,14.77
6147,155687,744578,64.62,135,481299,59.9,76,21.69
6148,27755,46604,36.06,8,16811,33.68,6,33.63
6149,3070,31880,39.03,7,12445,35.09,5,15.81
6150,40007,48346,16.13,7,7804,12.01,3,44.52
6151,19116,55257,36.63,19,20245,22.5,7,22.51
6152,40959,167738,24.37,30,40910,15.91,9,25.8
6153,80859,636178,46.57,96,296453,40.79,35,17.79
6154,10676,80080,63.35,21,50752,54.44,10,16.18
6155,16208,88024,52.16,19,45927,48.72,14,29.06
6156,38231,107875,39.63,22,42766,32.85,10,22.36
6158,36340,55029,42.33,16,23307,33.11,9,21.62
6160,45113,68489,38.76,16,26553,29.99,7,25.34
6161,23071,56237,41.45,7,23323,35.28,1,24.66
6162,3799,79759,52.0,24,41487,43.9,13,10.11
6163,46507,148839,44.31,34,65972,35.97,15,24.39
6164,46399,80000,23.56,18,18865,14.87,6,31.19
6165,41321,77753,51.48,28,40052,38.13,12,12.68
6166,15617,218113,74.84,56,163279,66.29,29,9.13
6167,27794,146000,43.51,33,63541,35.79,16,18.48
6168,35265,205762,46.81,25,96352,43.62,13,27.22
6169,40810,23395,31.03,4,7261,26.44,2,29.81
6170,33305,97260,58.25,20,56669,54.42,14,17.24
6171,2342,100000,87.53,23,87541,78.37,10,2.94
6172,1899,30000,91.42,9,27428,85.37,7,5.51
6173,56192,171200,64.01,30,109620,56.27,11,23.31
6174,9685,50000,63.03,14,31518,56.73,8,19.72
6175,22619,150122,61.23,24,91943,56.03,10,25.23
6176,61883,348770,43.11,101,150436,32.46,41,26.83
6177,20085,471891,76.51,126,361173,67.95,66,6.22
6179,49425,178470,42.95,51,76675,32.46,21,17.37
6180,57313,175494,50.88,32,89334,46.42,20,27.72
6181,3939,45627,12.14,6,5546,7.17,2,16.56
6182,245713,638094,24.49,78,156420,21.15,45,46.98
6183,37182,150000,77.45,32,116188,71.06,17,5.64
6184,7658,162128,72.15,29,117006,67.84,18,8.8
6185,46726,149868,50.59,45,75856,37.78,15,14.53
6186,58706,194908,51.64,32,100694,47.13,16,14.71
6187,51474,98263,54.11,46,53186,32.73,14,15.83
6188,68520,278359,42.36,39,117988,36.49,13,30.84
6189,63801,263955,35.08,69,92662,24.45,29,27.35
6190,60351,196850,35.27,41,69457,27.2,16,36.21
6191,81260,499303,57.66,53,287996,53.02,19,22.49
6192,8231,96156,56.3,37,54153,45.6,20,12.73
6193,8870,177807,61.38,38,109174,56.68,25,9.87
6194,4835,48000,56.52,19,27138,39.38,7,14.55
6195,11135,50193,53.24,7,26729,52.4,6,25.12
6196,32746,220330,71.47,44,157520,66.37,26,11.97
6197,51885,126034,44.21,25,55740,36.64,9,32.1
6198,6512,171400,94.57,8,162125,93.57,5,1.47
6199,1945,61760,81.6,21,50406,78.14,17,4.21
6201,5953,89200,69.11,21,61661,61.43,11,11.91
6202,57060,230388,41.03,44,94565,34.34,21,28.48
6203,10071,82401,59.22,16,48809,52.21,6,22.53
6204,22650,23102,29.71,3,6867,25.64,2,43.74
6205,12764,82236,45.34,24,37299,39.45,16,26.52
6206,16552,143062,54.69,44,78269,45.17,22,18.31
6207,68741,93488,16.28,14,15239,10.32,5,59.13
6208,12273,94462,65.44,43,61837,52.16,23,17.43
6209,61797,182299,38.54,45,70302,30.56,24,34.65
6210,3073,35048,54.11,16,18970,36.44,7,16.8
6212,967,102000,91.81,27,93668,86.12,18,0.99
6213,67077,363617,67.71,72,246287,61.31,38,15.77
6214,48230,272243,65.46,60,178269,58.26,31,15.41
6215,56249,82790,32.7,14,27091,26.4,6,42.38
6216,32437,97417,38.83,25,37843,29.96,10,24.67
6217,84531,117210,25.6,25,30035,18.69,13,47.4
6218,27730,64262,53.1,22,34138,39.2,8,23.02
6219,5793,124967,69.85,21,87315,67.28,15,7.19
6220,34545,146463,63.55,53,93122,53.49,28,9.92
6221,32109,168612,74.49,20,125638,72.39,14,7.05
6222,1831,95689,90.08,10,86216,84.51,2,2.1
6223,77072,97981,49.91,33,48924,38.8,14,12.2
6224,42661,85645,39.44,27,33785,25.81,9,24.44
6225,5494,27800,71.28,7,19820,62.15,2,7.58
6226,52952,115535,26.99,23,31201,20.59,11,37.01
6227,7940,76112,70.39,5,53591,67.6,1,14.74
6228,1859,26000,80.44,5,20917,75.5,3,8.06
6229,30501,40361,35.09,5,14164,32.8,4,24.78
6230,7476,86343,87.81,3,75819,87.81,3,7.09
6231,25501,45652,32.75,11,14956,25.38,5,33.72
6232,36864,451238,18.76,60,84770,13.44,18,18.31
6233,62085,80972,28.47,18,23066,18.72,6,35.33
6234,30861,100386,54.31,19,54538,50.21,13,23.04
6235,61263,199906,40.64,24,81278,35.33,7,28.75
6236,913,41654,92.72,4,38628,87.98,1,1.69
6237,72329,79645,18.67,11,14878,12.7,4,43.58
6239,186034,759147,62.19,169,472219,56.08,94,21.98
6240,1002,22867,85.96,10,19663,70.93,5,3.91
6241,5343,45534,56.69,6,25818,52.92,3,12.58
6242,3120,31806,63.69,7,20261,55.47,3,13.62
6243,59615,45269,20.73,6,9390,17.67,3,48.28
6244,94491,387042,32.47,70,125743,26.53,31,29.81
6245,19952,146608,43.86,24,64338,38.91,12,22.13
6246,32811,37851,62.99,7,23847,53.99,1,13.08
6248,32413,99956,48.94,24,48942,43.65,15,17.0
6249,207,2867,14.82,1,425,0,0,16.21
6250,1161,18249,70.88,2,12937,67.95,1,6.96
6253,452,5879,0,0,0,0,0,15.2
6254,518,30882,49.51,13,15294,36.43,6,3.4
6256,456,1833,0,0,0,0,0,52.39
6257,122413,483912,45.93,140,222359,36.16,64,26.54
6259,9797,28056,42.82,3,12017,41.09,2,25.36
6261,54968,128498,39.38,29,50637,30.69,12,30.81
6262,1343,20451,28.67,5,5866,16.81,1,16.09
6263,11062,62501,44.26,8,27669,40.96,4,25.98
6264,4145,136355,71.77,28,97900,67.43,18,5.49
6265,36542,118172,48.29,23,57090,39.45,8,23.67
6266,45796,153872,38.77,37,59675,30.96,18,19.42
6269,82356,323831,32.68,62,105923,26.15,27,32.04
6270,33867,72146,41.0,16,29599,36.56,10,29.0
6271,66467,209058,48.12,56,100654,40.43,32,29.75
6272,5144,81764,50.95,33,41679,34.8,13,13.22
6274,115682,299493,64.14,94,192145,53.31,47,17.62
6275,36802,80345,29.58,16,23777,23.41,7,35.48
6276,29862,22043,50.97,3,11238,48.83,2,26.7
6277,9918,119471,57.61,43,68837,44.89,18,16.22
6278,43400,292398,62.55,92,182991,51.2,43,20.09
6279,19606,119016,47.77,38,56866,37.89,20,22.89
6280,172,65492,99.95,1,65460,99.95,1,0.04
6281,10335,99173,56.28,37,55831,43.58,16,19.2
6282,163459,856101,40.89,111,350159,37.01,57,30.97
6283,15250,147581,62.78,21,92689,57.42,7,13.89
6284,53952,148980,48.87,16,72824,45.15,6,29.22
6285,90908,483441,63.25,107,305888,56.82,58,20.32
6287,4210,121451,94.0,7,114178,93.08,5,2.42
6289,10246,524,0,0,0,0,0,54.73
6290,60421,169656,37.68,51,63953,25.58,20,36.56
6291,10620,42000,63.81,6,26802,62.85,5,16.04
6292,7015,46601,46.86,8,21843,39.72,3,27.35
6294,12169,26047,37.29,4,9713,33.46,2,31.29
6295,348,1888,22.33,1,422,0,0,21.02
6299,123,25576,98.35,1,25154,98.35,1,0.71
6402,2013,58218,64.01,24,37276,48.9,10,4.06
6403,2578,15332,41.54,1,6369,41.54,1,13.4
6404,9031,24358,67.09,5,16343,63.48,4,9.82
6405,6673,65800,52.43,24,34513,37.62,8,18.7
6406,1073,35647,58.18,5,20744,53.35,2,8.78
6407,5872,75130,37.35,18,28071,30.11,9,18.31
6409,17566,88254,66.6,38,58798,52.85,18,10.42
6411,56271,99508,34.84,33,34692,21.84,11,29.15
6412,23779,400769,78.41,48,314282,74.32,22,9.93
6414,20243,157148,62.81,56,98747,50.09,23,12.49
6415,27671,390109,79.08,159,308515,65.34,69,5.48
6416,22466,73348,47.84,17,35112,37.1,4,18.62
6417,1545,42274,67.86,20,28697,54.35,11,4.83
6418,2384,34522,57.38,10,19816,52.61,7,12.68
6419,27233,13159,40.08,4,5275,32.17,2,26.6
6423,3320,31016,40.18,12,12466,22.66,4,16.17
6425,9559,51382,42.7,14,21952,34.27,7,31.82
6426,18577,38509,45.11,8,17380,39.05,4,23.15
6428,1083,17682,91.64,3,16205,89.36,2,3.47
6429,269,9258,38.12,5,3530,11.88,1,6.83
6431,17657,97399,70.39,20,68574,65.41,11,4.08
6432,36383,40152,31.05,11,12476,16.62,3,37.82
6434,9091,463602,85.18,21,394973,83.74,11,4.83
6435,10555,37461,51.57,4,19323,48.32,2,26.85
6437,403,32300,65.0,19,21003,40.87,7,3.09
6438,46174,82206,34.29,23,28208,21.77,8,34.66
6441,34967,53318,45.19,6,24100,41.86,2,23.51
6442,66195,81818,55.38,34,45327,36.71,10,20.41
6443,158729,512797,16.45,43,84490,13.61,17,47.2
6446,63788,422443,56.82,159,240107,42.57,62,9.98
6449,31827,91878,72.12,24,66286,64.92,12,13.65
6451,33798,117762,66.01,17,77751,60.96,6,21.8
6452,11639,100131,39.22,24,39295,30.5,9,23.77
6453,621,3516,0,0,0,0,0,38.12
6455,563,37095,68.48,16,25409,51.48,8,2.48
6456,35665,337940,50.57,48,170928,46.81,28,21.78
6458,2714,26789,65.25,6,17483,63.74,5,6.17
6461O,22232,178352,63.72,32,113663,54.75,7,8.29
6462,46757,91251,30.61,19,27958,21.47,5,37.03
6464,2126,128782,85.87,41,110612,78.22,26,1.83
6465,3250,59074,66.22,12,39127,58.26,5,8.42
6467,4665,52409,34.03,15,17843,21.96,4,16.12
6468,162,12074,98.62,1,11909,98.62,1,0.94
6469,29769,159124,47.52,31,75633,40.86,14,24.07
6470,27252,37694,41.32,2,15579,40.01,1,32.29
6471,359,851,0,0,0,0,0,61.54
6472,31481,128024,56.81,35,72759,45.76,12,22.91
6473,9765,60000,77.04,26,46238,64.3,15,2.83
6474,1627,52526,67.26,29,35340,44.6,10,4.7
6475,928,34784,73.13,12,25443,56.66,1,4.68
6477,30418,124053,40.87,20,50720,37.47,13,30.02
6479,876,57300,86.79,9,49743,79.32,3,2.03
6481,107,27204,96.01,6,26122,91.6,4,0.8
6482,2060,28634,67.6,8,19358,65.78,7,11.25
6483,17081,66808,43.7,34,29208,18.76,7,5.7
6485,41070,47366,25.57,10,12120,19.1,5,33.66
6486,30484,50893,43.1,5,21938,40.45,3,28.39
6488,110133,478114,77.68,99,371475,70.6,46,9.74
6489,278,28470,62.98,18,17933,36.92,7,1.79
6490,425,38754,70.62,10,27375,64.16,6,2.75
6491,9508,78000,65.2,26,50869,52.03,9,11.85
6492,47377,114904,39.16,25,45019,33.98,16,20.45
6493,1069,30050,80.37,9,24152,80.37,9,6.28
6494,38336,31560,16.79,8,5304,5.22,1,35.33
6495,12152,172031,52.59,39,90506,43.12,13,7.56
6496,10177,47290,65.96,9,31199,62.53,7,19.54
6497,1557,189955,97.19,5,184632,96.46,2,1.68
6498,6761,47476,67.98,18,32284,55.16,8,11.24
6499,7790,96945,41.66,14,40407,34.97,3,14.93
6502,134,8719,90.96,1,7931,90.96,1,0.83
6503,77,12012,80.41,3,9660,80.41,3,1.52
6504,5132,72600,70.66,23,51313,64.47,15,12.17
6505,95597,9525960,95.66,187,9113823,95.18,106,1.68
6506,4304,82361,60.9,39,50172,45.31,17,8.55
6508,15103,86539,61.93,16,53607,59.74,13,21.82
6509,56031,197434,37.2,49,73496,29.06,24,27.53
6510,16938,32929,54.57,10,17972,47.08,5,10.87
6511,642,60000,72.03,24,43229,57.36,9,2.89
6512,6650,25260,36.03,10,9109,17.69,3,20.14
6515,44107,36480,49.47,16,18052,36.0,8,11.2
6516,3708,56337,52.71,14,29702,43.18,5,11.14
6517,22170,30579,19.69,4,6025,17.96,3,40.89
6518,520,33333,84.46,12,28159,74.1,7,2.34
6523,6141,45048,63.08,8,28418,61.69,7,20.38
6525,13559,129047,67.47,25,87088,58.92,7,13.91
6526,21094,167506,78.72,16,131905,76.25,9,9.26
6527,2141,25459,44.28,7,11275,33.45,2,9.35
6529,399,12699,71.81,7,9121,41.45,1,5.3
6530,35939,33750,15.53,5,5246,8.93,2,47.35
6531,47051,163180,63.82,60,104163,52.08,29,12.2
6532,29684,37445,35.57,16,13327,18.46,4,29.76
6533,34281,50651,20.75,7,10518,16.11,3,44.71
6534,1932,102800,83.83,32,86201,76.77,20,2.98
6535,10867,167841,64.23,36,107848,55.92,14,9.64
6536,1186,26324,74.27,9,19555,58.26,2,4.17
6538,36744,39759,47.07,21,18724,23.68,6,16.78
6539,1010,24349,85.23,10,20757,75.51,6,3.84
6540,131,220435,99.05,3,218375,98.57,1,0.11
6541,12037,265216,70.79,42,187795,65.61,18,7.11
6542,884,42001,84.71,14,35590,77.61,10,2.62
6543,12314,61855,66.94,29,41417,50.33,12,1.94
6545,1238,22080,44.15,7,9751,37.79,5,13.39
6546,12546,66848,40.76,14,27266,29.91,1,26.5
6547,49633,341180,36.35,68,124094,29.25,27,17.34
6548,29186,950465,87.65,93,833262,85.31,57,5.47
6549,25481,80122,31.32,28,25106,16.14,6,11.15
6550,25619,894793,76.63,78,685877,73.23,28,6.25
6551,1188,71785,83.69,11,60095,79.32,6,3.11
6552,7679,83000,58.37,7,48457,55.76,3,18.48
6555,4559,119230,69.51,17,82907,64.58,7,8.74
6556,1417,28750,77.42,12,22267,63.6,6,7.73
6558,47025,93789,41.76,11,39184,38.61,6,31.28
6559,1913,23189,52.92,11,12276,31.62,3,17.06
6560,3338,32475,40.51,7,13161,32.29,3,18.33
6561,7111,77958,73.03,12,56947,70.18,8,8.73
6562,11455,118190,52.76,10,62365,50.33,6,15.65
6563,1129,29743,32.88,12,9786,10.33,1,7.6
6564,3682,72134,64.94,11,46860,59.59,6,10.87
6565,1187,27144,40.02,9,10867,28.73,5,8.79
6566,663,32152,84.51,6,27176,79.36,3,3.43
6567,630,102850,88.54,30,91083,80.22,15,1.26
6568,24755,30800,41.92,8,12915,29.94,1,22.99
6569,4184,42821,68.07,9,29154,60.79,3,12.87
6570,8006,37119,44.8,15,16635,29.79,5,22.41
6572,4266,103650,69.17,16,71720,64.95,9,9.6
6573,5984,80499,64.22,15,51711,59.24,8,16.34
6574,2925,21990,79.53,8,17491,75.44,6,8.81
6575,6887,135270,54.4,18,73629,51.06,10,8.89
6576,30236,157579,67.6,37,106536,60.55,20,6.53
6577,3767,60060,74.0,7,44453,68.34,2,10.39
6578,18718,71942,63.98,20,46047,55.87,10,9.63
6579,7926,169451,84.19,15,142684,82.48,10,6.7
6580,3877,112120,57.81,42,64837,44.55,20,8.06
6581,2298,111271,90.05,18,100222,86.88,11,2.85
6582,9166,106174,74.26,12,78861,71.21,8,11.48
6583,313,15947,82.44,9,13150,53.46,2,2.74
6584,14092,71382,74.54,26,53220,62.71,11,12.51
6585,4352,72485,76.07,9,55155,72.43,5,9.5
6586,29328,214010,62.28,35,133332,56.11,13,8.17
6588,39185,34701,22.66,5,7869,18.13,3,35.29
6589,22868,307076,58.11,58,178507,50.66,23,13.94
6590,2256,24952,56.91,13,14208,29.33,3,13.21
6591,44596,41122,25.61,8,10542,20.08,4,31.54
6592,25172,641845,79.97,63,513409,75.74,23,6.76
6592A,3600,50000,85.41,15,42707,75.84,6,6.66
6592B,5128,50000,81.33,17,40676,67.19,8,6.98
6593,34701,31857,46.14,14,14704,29.83,6,29.64
6595,8947,49858,80.57,25,40180,57.3,6,1.35
6596,17220,38000,26.8,6,10188,22.73,3,40.52
6597,929,30042,81.12,7,24378,72.45,3,4.75
6598,37025,102819,52.76,39,54268,37.27,12,11.16
6599,295,21000,76.44,4,16057,71.03,2,1.93
6601,361,44695,86.87,5,38836,84.46,3,1.53
6602,404,1236,0,0,0,0,0,64.82
6603,24231,167443,54.48,62,91243,40.06,23,13.42
6604,897,43731,84.5,10,36962,78.59,5,3.62
6605,15786,165816,67.32,41,111646,58.86,19,12.04
6606,9543,110304,70.64,41,77940,60.92,25,6.48
6607,68,9346,81.0,5,7571,76.22,4,1.21
6608,313,60000,96.78,8,58073,93.72,6,0.98
6609,9500,72456,58.53,8,42420,55.74,4,20.7
6610,3462,205579,81.49,10,167581,79.52,4,3.68
6611,459,1467,91.68,1,1345,91.68,1,8.3
6612,2755,47515,64.89,20,30838,44.61,6,8.95
6613,11075,77801,59.44,7,46255,55.52,1,18.17
6614,3988,80661,74.22,6,59878,73.64,5,9.58
6615,5211,21593,51.51,12,11128,35.88,5,22.69
6616,1555,35428,62.05,10,21989,53.92,6,7.68
6617,6998,127506,67.76,27,86435,59.79,11,9.3
6618,37272,104816,29.2,29,30626,20.28,12,14.04
6620,19824,169982,60.59,47,103029,49.68,15,8.72
6621,32186,35501,36.81,10,13078,23.52,3,17.48
6622,922,35301,65.29,14,23055,53.33,8,4.35
6624,848,22579,74.14,8,16745,59.54,3,4.75
6625,10469,57972,49.58,15,28752,44.07,10,21.97
6626,424,8936,77.35,4,6913,59.56,1,5.62
6627,267,28352,77.55,16,21990,65.81,10,1.55
6629,956,38380,84.01,10,32250,79.95,7,3.12
6633,1367,11129,95.66,1,10646,95.66,1,3.98
6634,2213,71289,66.24,25,47233,51.26,9,6.13
6637,3381,26810,59.22,9,15881,53.8,7,20.06
6638,1137,30000,70.49,7,21153,56.74,1,6.75
6639,907,57645,71.82,18,41410,60.31,8,3.4
6640,13383,28912,65.67,3,18991,63.77,2,16.48
6641,1992,36500,60.24,16,21993,49.83,9,9.53
6642,3257,37400,58.79,12,21995,46.24,5,13.65
6643,22910,42090,36.33,6,15298,33.83,4,37.18
6645,6618,60864,43.68,24,26592,26.16,7,11.01
6648,9208,50000,64.82,21,32423,49.42,9,6.58
6649,18422,42000,52.33,18,21990,32.85,5,7.58
6650,484,31090,80.17,17,24927,61.87,8,2.28
6651,3488,34602,51.76,18,17914,32.47,5,13.06
6652,1689,137000,79.07,38,108355,69.5,16,2.81
6653,282,6000,95.45,1,5727,95.45,1,1.16
6654,3442,40963,79.49,12,32568,71.17,6,3.8
6655,971,80572,86.15,24,69439,76.46,12,1.19
6656,66,12228,90.33,4,11047,82.4,3,0.71
6657,15550,88808,34.91,25,31021,22.1,7,15.66
6658,10997,36370,43.01,12,15653,31.43,5,21.21
6659,1026,85883,81.57,24,70073,71.84,10,2.25
6661,1288,23304,66.03,6,15390,61.84,4,9.33
6662,4681,25612,47.66,10,12210,40.17,7,8.02
6664,17023,61151,54.89,24,33581,36.54,11,23.7
6665,1828,45350,65.83,8,29857,59.37,4,8.35
6666,2205,47388,78.82,9,37357,77.96,8,7.16
6667,13095,49279,50.95,10,25114,46.21,6,29.04
6668,14670,107116,54.12,13,57977,51.43,8,21.42
6669,138488,187493,62.38,44,117006,53.25,16,10.58
6670,6056,139387,78.16,64,108976,65.52,36,4.91
6671,1388,60750,75.17,36,45676,56.63,17,4.45
6672,55285,82312,30.39,23,25031,20.08,10,43.07
6673,3109,26660,30.57,4,8156,25.42,2,28.09
6674,1786,68551,84.27,9,57774,81.38,6,5.32
6676,4389,169685,61.57,43,104528,55.12,25,5.97
6677,1909,56039,63.98,13,35861,57.04,6,7.23
6679,6540,54975,54.92,18,30210,44.25,9,13.95
6680,917,23954,72.68,10,17416,64.58,7,4.56
6682,11222,152106,53.09,25,80779,47.72,12,13.67
6683,30423,27557,21.85,6,6025,11.24,1,29.32
6684,23847,44559,36.38,6,16214,31.51,2,34.24
6688,197,19000,73.88,12,14039,49.8,5,1.74
6689,9884,68000,48.28,24,32841,35.72,11,25.06
6690,5212,30000,59.88,3,17965,59.88,3,20.94
6691,17948,121487,67.6,44,82136,54.26,18,11.28
6692,2120,58844,71.73,16,42222,61.89,6,5.38
6693,6439,45720,42.51,12,19445,31.39,4,17.81
6695,22602,107000,49.36,16,52840,44.77,9,21.48
6696,19818,829240,64.83,254,537708,53.22,95,4.02
6697,2194,27323,66.79,6,18252,61.11,3,14.0
6698,35832,66390,38.38,14,25491,31.08,6,25.28
6699,762,48819,85.49,16,41744,75.24,9,1.78
6701,758,365682,97.98,3,358306,97.98,3,0.34
6702,11480,758660,79.7,98,604793,75.43,45,2.87
6703,23343,36257,51.24,13,18586,38.72,6,20.69
6704,3590,105949,45.05,35,47761,32.45,10,7.73
6705,668,18005,73.53,10,13242,54.99,4,5.35
6706,48670,78549,25.04,19,19686,15.4,6,38.16
6707,1468,59003,80.07,15,47251,71.73,7,4.84
6708,2287,29009,52.06,12,15108,42.81,7,12.79
6709,1950,69380,64.25,22,44584,53.09,8,6.0
6712,29116,100489,39.69,23,39907,30.84,8,20.03
6713,885,29477,60.25,15,17768,37.76,4,7.02
6715,5908,68274,78.32,22,53489,67.67,10,7.96
6716,3160,30242,33.77,10,10218,22.92,4,13.91
6717,427,24937,75.04,13,18714,56.28,6,3.44
6719,26989,105521,48.18,12,50870,43.05,4,27.46
6720,1365,30226,58.05,20,17550,25.5,5,6.07
6721,1634,24500,50.55,9,12388,37.77,3,9.66
6722,2552,88400,76.79,16,67896,74.1,12,5.52
6723,1230,30039,58.68,12,17634,42.18,4,7.23
6724,1841,7100,62.32,2,4425,62.32,2,16.12
6725,6455,37130,64.52,10,23965,58.66,7,18.62
6727,39956,26884,23.55,9,6336,6.56,1,25.21
6728,2908,30120,63.32,9,19077,59.01,7,13.56
6729,1507,27661,47.9,11,13253,31.19,4,9.53
6730,1004,36317,74.28,20,26983,60.56,12,4.22
6731,186,54554,99.44,1,54249,99.44,1,0.44
6732,9577,48913,49.44,4,24187,46.31,1,26.77
6733,7337,134316,48.68,26,65412,40.25,7,11.73
6734,2118,40623,59.57,15,24206,46.05,5,9.44
6735,5265,46182,49.49,17,22861,35.59,6,17.69
6736,850,2596,93.39,1,2424,93.39,1,3.5
6737,1382,60050,80.78,23,48511,74.71,19,4.62
6738,537,36714,67.1,24,24642,46.4,12,2.32
6739,10976,23392,57.4,9,13430,48.11,5,19.57
6741,6818,120578,69.94,38,84347,58.17,16,9.41
6742,41325,71268,35.18,20,25089,25.94,9,27.49
6743,9185,150000,63.37,28,95085,57.38,14,11.66
6744,419,15400,65.84,7,10141,52.96,3,4.49
6748,7088,71683,35.13,20,25195,26.69,10,15.26
6750,1845,44707,58.98,22,26371,40.28,8,7.88
6751,2420,22200,64.63,4,14352,56.93,1,16.28
6752,3683,37144,47.77,19,17749,21.07,4,11.61
6753,16887,117300,59.61,25,69954,50.48,10,18.68
6754,2201,66000,83.1,9,54851,81.35,7,5.19
6755,1246,39823,53.73,16,21402,40.99,7,5.96
6756,8278,69990,62.53,8,43783,58.11,2,17.0
6757,135094,459530,75.19,29,345556,73.06,13,12.51
6758,244,13471,81.83,3,11025,74.89,1,2.69
6761,12887,34956,39.32,9,13749,29.93,3,28.86
6762,918,36930,77.6,18,28664,61.86,9,3.11
6763,18168,184039,61.32,20,112876,57.3,9,18.69
6764,255,38203,98.27,2,37543,98.27,2,0.6
6767,1469,39184,59.25,10,23225,51.86,4,7.44
6768,7112,200095,81.7,35,163531,76.09,16,6.24
6770,692685,4715360,45.09,540,2127085,40.7,197,25.36
6771,1773,31180,42.63,17,13298,18.13,4,10.72
6775,4213,109500,62.15,24,68077,56.78,15,7.25
6776,7519,91581,66.66,14,61074,61.35,6,15.46
6780,238,16470,83.3,12,13723,53.25,4,1.53
6781,28051,85419,70.2,8,59977,67.78,4,15.8
6782,6294,63000,52.6,24,33145,35.71,8,9.4
6784,898,19077,51.19,9,9768,30.34,3,8.73
6785,4468,66800,60.99,19,40752,54.58,12,9.42
6786,17420,30838,9.05,5,2793,0,0,28.05
6787,19727,81007,24.86,24,20147,9.73,4,20.38
6788,27927,38740,24.27,10,9415,14.22,3,40.1
6789,54058,318299,72.43,23,230583,69.11,6,14.3
6790,11136,267129,78.54,24,209884,75.32,10,7.92
6791,1975,20847,74.23,9,15481,56.02,3,11.62
6792,3999,47875,53.89,7,25808,48.08,3,15.49
6793,23770,75600,38.96,27,29475,22.4,7,11.57
6794,1142,63637,78.78,23,50145,66.04,11,3.02
6796,3028,40234,47.42,13,19082,33.96,4,12.2
6797,26749,30732,48.76,12,14991,29.99,4,18.66
6798,5884,19572,73.3,10,14351,55.68,4,1.75
6799,30145,43652,32.23,9,14077,21.07,2,31.45
6803,14743,72794,56.34,5,41019,54.28,2,24.57
6804,2216,47500,63.82,23,30326,47.17,11,7.49
6805,19522,68554,63.76,25,43720,52.48,12,8.03
6806,30968,274643,59.98,14,164774,58.19,4,17.68
6807,974,54000,81.42,15,43976,73.55,8,2.59
6808,2208,77840,54.11,19,42140,42.85,5,5.9
6810,25169,49448,35.36,14,17492,21.39,3,10.21
6811,5294,41449,65.46,3,27138,61.99,1,14.05
6812,7306,30603,41.02,11,12558,26.33,3,15.75
6813,633,23388,62.5,10,14623,48.86,5,6.95
6814,728,41874,82.81,14,34682,73.55,8,3.31
6815,8328,39706,67.2,21,26690,49.84,11,6.37
6816,432,12180,70.99,3,8648,61.98,1,5.21
6817,1095,18417,54.89,1,10110,54.89,1,10.27
6818,1397,25503,66.53,6,16972,55.94,2,10.31
6819,1339,33974,56.25,13,19118,44.88,7,7.45
6820,1535,22253,73.6,5,16380,73.6,5,7.85
6821,4005,35767,50.49,13,18064,39.34,7,19.35
6823,2519,30534,55.23,6,16871,51.08,4,12.9
6825,581,33651,73.37,11,24692,61.71,5,3.06
6826,7068,85540,74.75,17,63959,68.07,9,7.82
6827,1469,79294,62.61,26,49670,49.26,10,3.75
6829,10228,59169,67.85,6,40157,63.0,1,14.9
6830,25994,54726,30.76,18,16840,17.67,6,35.59
6831,11210,67500,57.06,29,38528,38.01,9,11.97
6832,3577,26411,86.1,3,22742,82.84,1,4.2
6833,878,49977,84.96,8,42471,79.9,4,3.28
6834,12200,88471,56.3,28,49826,44.95,13,21.38
6835,2115,66172,78.77,27,52133,68.84,15,5.95
6837,1001,32824,59.15,18,19423,41.11,9,6.89
6838,6790,150977,61.48,28,92859,54.15,10,9.24
6839,908,82020,80.54,29,66078,74.23,20,1.81
6840,1960,31492,53.5,13,16856,37.77,5,8.95
6841,12060,95223,47.61,29,45350,37.03,13,23.01
6842,2161,23130,39.36,7,9110,27.41,3,16.51
6843,1218,33304,76.73,16,25559,55.88,7,6.71
6844,3342,37428,63.45,10,23752,55.96,5,7.84
6846,1474,27066,66.78,7,18078,64.19,6,8.48
6847,637,14230,55.89,8,7956,19.67,2,8.07
6848,531,14273,52.95,8,7560,29.84,2,5.45
6849,6087,41918,48.99,12,20549,39.9,6,19.16
6850,930,33089,60.56,18,20044,41.06,8,4.42
6854,6152,117679,65.08,32,76608,54.65,13,9.37
6855,1994,23250,61.33,13,14264,41.79,6,5.77
6856,943,28200,83.57,8,23572,74.28,4,4.72
6857,417,15226,94.62,1,14408,94.62,1,2.12
6858,338,27220,89.89,9,24470,82.2,5,2.29
6859,2506,41603,64.47,15,26830,55.88,9,8.66
6861,12376,41599,53.06,4,22074,51.02,2,20.69
6862,6439,50000,69.8,7,34907,68.86,6,16.18
6863,4446,74888,75.65,10,56669,72.27,6,8.27
6864,4174,37875,37.12,19,14070,12.23,3,7.13
6865,1394,15841,50.68,7,8031,36.26,3,12.49
6867,811,24500,86.42,7,21175,78.62,4,4.41
6868,490,25043,55.35,14,13868,27.27,3,3.02
6869,20904,137830,54.95,40,75762,45.77,20,21.47
6870,2466,28708,75.8,14,21767,60.37,6,6.33
6872,2554,70751,58.06,28,41096,43.48,11,7.49
6873,11742,142649,61.53,42,87807,53.85,23,13.16
6874,2868,22000,53.6,9,11796,39.58,4,18.69
6875,4750,129183,60.81,35,78586,52.6,18,7.34
6876,20190,70696,31.8,24,22497,18.13,7,7.68
6877,3226,46967,74.31,27,34906,54.62,13,8.2
6878,1116,72641,88.93,14,64610,84.69,9,2.76
6879,351,26459,89.17,8,23597,80.25,4,1.58
6881,958,15000,57.92,4,8691,49.96,2,5.48
6882,820,23199,59.07,14,13708,31.49,4,7.28
6883,689,76274,87.72,28,66908,80.38,18,1.76
6884,1312,18390,73.01,3,13428,69.21,2,8.74
6885,22499,133099,36.54,40,48658,22.44,10,14.02
6886,14403,31810,90.03,5,28642,84.94,3,1.79
6887,868,74206,91.81,20,68141,82.02,8,1.64
6890,7223,250297,92.4,19,231298,91.97,17,3.38
6891,5757,200642,77.13,30,154818,73.86,19,6.07
6892,2544,94015,57.67,43,54242,36.89,12,5.57
6894,2728,23813,61.02,11,14533,55.1,8,10.13
6895,2903,34100,61.08,9,20833,51.02,4,12.04
6898,1563,29016,59.19,10,17179,45.84,2,9.12
6899,1996,42398,80.05,19,33945,61.25,7,7.63
6901,23824,853950,82.55,46,705122,80.53,17,4.99
6902,6826,35550,70.46,15,25058,59.04,8,5.32
6903,9682,66676,68.69,17,45807,65.51,13,15.7
6904,598,18500,79.9,8,14783,64.36,2,3.1
6906,3336,33537,57.86,13,19409,47.76,7,15.94
6907,6848,62562,65.55,7,41016,62.26,3,14.5
6908,1185,37180,86.39,2,32122,86.39,2,4.62
6909,12756,67488,38.06,25,25693,20.95,8,23.05
6910,1596,30521,56.97,8,17392,49.47,4,9.77
6911,943,22000,61.88,11,13619,44.33,5,6.76
6912,2011,144000,77.09,28,111053,69.43,9,3.04
6913,3899,43849,56.83,18,24930,42.27,9,10.69
6914,4535,66226,72.13,17,47779,67.03,11,9.38
6915,1137,35300,88.44,11,31221,84.8,9,5.34
6916,2067,67500,78.98,18,53326,72.7,12,5.6
6917,2373,55272,44.04,22,24356,29.12,9,9.29
6918,2016,34571,49.11,17,16987,27.97,5,10.01
6919,64919,1557559,74.03,318,1153397,67.92,163,7.28
6920,12239,207219,63.62,35,131874,57.97,16,11.25
6921,874,32062,78.02,11,25019,75.17,9,5.07
6922,3124,27155,62.9,9,17082,56.68,6,11.65
6923,3512,90439,69.67,37,63034,54.72,16,6.4
6924,564,20624,82.21,6,16958,73.08,3,4.0
6925,2976,20000,60.48,9,12100,41.69,2,21.58
6926,695,49800,80.71,25,40201,60.92,9,2.56
6927,1303,38279,68.0,14,26040,52.85,5,6.62
6928,4372,86000,79.69,11,68544,76.07,6,9.3
6929,1548,45090,89.57,6,40392,86.91,4,4.82
6931,3334,66152,70.01,40,46325,49.76,18,7.63
6932,5168,432596,80.6,80,348809,74.6,37,2.82
6933,4667,42486,66.52,10,28276,60.57,6,12.35
6934,1611,36130,66.03,15,23859,55.15,10,6.98
6935,572,37410,82.35,13,30808,72.81,7,2.76
6936,3790,72804,76.2,20,55483,64.78,9,8.18
6937,8423,67655,63.74,25,43138,54.26,14,14.04
6938,661,12570,67.45,6,8481,54.14,3,6.09
6939,657,35399,64.35,12,22784,56.09,8,3.28
6940,9240,320513,54.73,110,175498,40.03,34,6.85
6944,17170,99694,54.6,43,54455,37.19,15,11.68
6945,6057,97589,62.79,27,61301,52.33,11,10.27
6946,1899,323800,93.9,34,304108,90.83,18,1.09
6947,5759,106126,70.17,31,74494,59.82,14,9.37
6949O,2357,65580,74.15,31,48647,60.78,16,3.36
6950,436,172926,96.03,26,166116,90.29,10,0.31
6951,4632,52000,66.23,4,34444,63.9,2,9.35
6952,2454,68345,86.86,18,59374,79.93,13,5.38
6953,3071,30015,63.56,6,19079,56.2,3,11.85
6955,510,24801,60.3,11,14955,49.64,6,2.38
6957,1864,55750,73.19,27,40813,54.36,11,4.44
6958,3410,401289,94.15,28,377924,93.02,21,1.37
6958A,1341,40000,83.86,7,33545,83.86,7,5.92
6959,3998,39167,40.78,12,15980,33.17,7,15.66
6961,3795,26834,44.42,6,11925,33.34,1,17.27
6962,33160,492397,52.39,77,258064,46.06,28,14.34
6963,207,15972,87.88,3,14037,85.28,2,1.42
6965,2357,156336,92.42,19,144509,90.94,15,2.42
6967,1328,24904,75.65,15,18844,47.92,4,8.65
6968,3528,49447,57.79,17,28584,44.13,7,10.23
6969,1734,43857,54.12,15,23749,40.67,6,8.44
6971,1596,38668,73.78,16,28538,61.37,8,8.16
6972,361,22935,83.82,9,19226,63.73,1,2.51
6973,866,40803,67.46,20,27538,41.45,4,4.07
6976,5966,582867,80.56,109,469600,73.67,43,2.5
6977,1865,14000,39.09,8,5474,15.91,2,14.98
6979,435,12000,59.53,4,7145,39.6,1,4.31
6980,2307,30000,77.66,6,23301,72.41,4,9.73
6982,2761,40752,63.98,14,26082,53.49,7,12.66
6983,3417,18020,43.49,9,7840,16.01,2,17.57
6984,343,19239,56.57,14,10886,27.71,4,2.42
6986,1969,52134,49.19,20,25657,36.49,9,6.81
6987,1183,224468,90.25,34,202648,86.63,21,1.1
6988,453,47600,77.85,20,37062,64.74,11,1.62
6990,5586,64099,83.79,17,53724,79.09,13,9.73
6992,456,25699,72.77,19,18703,43.38,8,2.74
6994,6775,74162,46.26,21,34326,38.04,11,18.57
6995,3720,27000,45.64,13,12328,28.93,5,7.44
6996,2397,41987,60.13,4,25252,55.82,1,8.02
6997,749,22100,82.26,3,18181,77.74,2,4.94
6999,254,22015,77.36,16,17037,57.31,8,1.51
7402,21038,35281,34.35,9,12123,26.96,4,32.42
7415,2449,30200,61.67,18,18631,33.05,5,5.94
7418,259,27554,96.14,6,26493,85.31,1,0.45
7419,4705,40000,49.56,15,19831,39.22,9,19.78
7421,537,525,0,0,0,0,0,53.65
7422,243,23272,82.46,3,19192,78.47,1,1.64
7427,5123,54026,31.2,19,16863,19.64,8,18.82
7443,349,22000,82.47,11,18147,73.22,7,2.4
7452,109,2000,87.89,1,1758,87.89,1,4.86
7455,268,25500,82.74,8,21105,73.86,4,1.5
7507,1113,102100,78.23,31,79897,70.21,18,2.24
7516,24233,19309,36.59,7,7069,14.79,1,23.52
7530,3397,46500,54.72,14,25454,45.98,8,15.64
7547,2012,33963,73.11,10,24834,66.12,7,9.9
7551,443,12100,56.65,5,6857,42.93,2,6.13
7555,418,28325,87.67,5,24834,86.14,4,1.91
7556,2684,29191,64.38,10,18799,54.58,5,9.58
7558,817,18621,52.39,12,9758,22.55,3,8.76
7561,751,30085,60.63,7,18244,55.15,4,3.22
7562,268,22779,76.4,10,17406,63.04,5,1.63
7566,7903,139773,62.74,44,87715,51.94,19,4.96
7575,559,30000,52.1,16,15635,32.69,7,2.94
7578,1755,60073,64.55,27,38797,44.43,8,5.61
7583,457,24595,88.28,13,21721,72.97,7,2.5
7584,976,16463,71.21,6,11727,56.38,2,8.97
7590,2549,122379,82.44,32,100912,77.3,22,4.62
7595,829,50465,72.21,27,36452,45.91,8,3.48
7607,679,36653,70.92,12,25998,62.54,6,2.29
7610,20931,58614,50.12,19,29385,39.86,8,19.69
7631,1239,20142,71.83,10,14471,52.88,4,8.08
7642,2051,30150,80.03,9,24131,78.35,8,9.53
7669,3664,22000,32.75,12,7210,4.94,1,13.25
7686,952,50110,92.06,14,46139,85.61,8,1.85
7689,7688,58507,84.52,8,49458,81.71,5,7.29
7702,358,66000,92.66,10,61164,87.95,5,0.83
7703,4409,34745,58.77,9,20431,46.66,2,16.66
7704,1619,33770,59.63,14,20142,42.11,4,7.72
7705,13707,66067,68.85,10,45495,61.81,3,11.6
7706,239,10000,91.29,1,9129,91.29,1,3.44
7707,3297,45700,46.54,11,21280,39.9,6,10.56
7708,2997,25500,63.59,2,16218,61.96,1,12.19
7709,2411,39103,79.43,8,31066,77.39,7,9.11
7710,303,63906,99.08,3,63326,97.54,2,0.36
7711,8482,71700,62.93,13,45139,54.74,5,12.01
7712,4536,32562,53.6,15,17459,35.55,5,16.75
7713,773,45479,84.76,14,38561,78.28,9,2.4
7714,2855,21000,66.63,8,13996,47.95,2,16.07
7715,2106,32756,56.05,12,18369,39.76,4,12.26
7716,552,22500,82.51,9,18570,66.05,3,4.16
7717,9010,24832,54.4,11,13514,35.38,4,20.86
7718,1036,46356,78.41,18,36357,67.84,10,3.26
7719,16081,36000,20.71,7,7463,11.29,2,28.14
7721,3498,55370,60.81,17,33678,52.76,10,11.29
7722,20156,68216,85.0,4,57988,83.66,3,9.63
7723,4388,49620,56.45,19,28018,47.23,12,14.17
7724,296,35381,84.31,12,29835,70.83,5,1.55
7725,298,48327,83.73,10,40471,79.14,6,0.86
7726,182,20304,87.24,6,17716,80.37,4,1.23
7728,3265,13854,57.12,4,7916,45.73,2,14.71
7729,16772,80682,56.77,31,45823,42.36,15,7.99
7730,1183,36797,69.83,16,25702,60.64,10,5.1
7731,9070,521981,72.09,91,376420,67.46,52,4.56
7732,883,64680,88.89,20,57513,81.82,13,1.92
7734,13308,28000,71.73,11,20089,67.31,9,10.15
7735,2724,43331,93.07,8,40331,87.51,5,2.67
7736,1569,76000,84.69,23,64380,76.73,13,3.57
7737,368,29759,78.04,14,23228,56.78,5,1.74
7738,1684,27356,57.8,17,15819,32.18,6,7.2
7740,2624,53200,64.84,22,34507,52.28,11,8.84
7742,7343,66561,68.98,5,45922,65.0,1,15.64
7743,930,36483,74.69,23,27260,57.39,13,4.36
7744,2534,32077,75.69,14,24288,61.64,8,6.8
7745,545,17950,71.13,7,12770,56.71,3,7.54
7747,947,30169,79.87,6,24097,76.58,4,2.44
7748,212,14500,69.41,8,10066,57.4,5,2.31
7749,7869,46486,47.81,20,22236,29.0,5,16.58
7750,10611,71843,75.05,33,53927,61.59,16,5.13
7751,10275,26889,47.08,11,12664,36.95,6,12.84
7752,2210,200000,86.09,35,172231,81.67,20,2.25
7753,2381,25000,74.15,4,18541,65.34,1,7.8
7754,1698,101157,71.62,41,72469,57.78,16,3.13
7756,266,21283,70.82,8,15075,59.42,4,1.41
7757,2636,24100,59.3,10,14293,40.98,4,13.32
7758,373,16100,83.4,3,13429,80.09,2,2.52
7759,1014,70342,81.0,17,56989,73.56,10,2.64
7760,1517,66048,64.83,29,42831,51.28,13,3.26
7761,1444,28900,49.31,10,14258,34.16,4,10.39
7762,1439,58091,55.34,26,32155,39.54,10,3.92
7763,2955,60014,82.08,17,49269,76.51,10,6.21
7764,783,60000,81.54,26,48933,68.92,15,2.76
7765,5272,40681,60.71,3,24701,59.6,2,13.07
7767,1094,30100,71.09,16,21404,55.18,9,5.96
7768,6526,70065,63.99,21,44853,55.74,13,10.62
7769,64407,179930,66.67,45,119993,57.0,16,5.59
7770,1079,30062,74.26,14,22327,62.44,7,5.45
7771,510,20013,82.13,3,16439,75.7,1,3.06
7772,5111,26499,56.09,5,14864,52.82,3,21.82
7773,988,39911,56.39,15,22514,42.8,8,5.49
7776,1070,49102,74.66,15,36670,63.72,6,4.68
7777,17187,186606,66.89,27,124854,62.13,13,15.03
7779,370,16105,66.86,7,10768,56.73,4,2.13
7780,43632,810024,75.45,43,611416,73.52,19,10.31
7781,16886,599681,73.66,61,441854,71.22,36,6.67
7782,1112,23213,76.0,9,17644,65.8,6,7.26
7783,1173,62445,91.77,16,57312,89.52,13,2.03
7784,1426,187601,87.52,47,164227,82.2,30,1.85
7785,208,33339,85.59,13,28541,72.06,5,1.04
7786,6449,175954,82.08,31,144463,77.57,18,6.09
7788,7023,79746,72.09,37,57509,57.13,16,7.97
7789,175,21184,71.39,14,15127,42.62,4,0.92
7790,401,18585,70.29,15,13067,32.02,3,2.58
7791,4670,80000,80.08,16,64081,70.07,5,7.92
7792,4214,46662,69.52,14,32444,62.15,8,9.57
7794,1223,28000,81.49,7,22820,71.58,2,7.34
7795,16252,78828,70.5,11,55591,63.01,2,8.81
7796,2293,22963,58.53,5,13444,45.93,1,16.57
7797,697,22245,79.28,11,17641,62.68,5,5.05
7798,734,324126,94.72,51,307054,89.77,26,0.32
7799,12453,159738,78.81,35,125922,70.68,14,7.95
7801,1284,18300,70.43,3,12891,67.37,2,10.35
7803,2101,94413,79.31,31,74906,70.37,17,4.99
7805,4499,33125,70.43,7,23334,68.65,6,10.7
7806,332,29253,77.28,16,22607,58.33,7,1.64
7808,1074,70000,77.96,3,54580,76.94,2,3.0
7810,3273,20250,46.8,6,9480,36.34,3,18.79
7811,1265,33377,73.07,7,24397,65.17,2,6.05
7812,2726,60419,61.32,20,37057,53.23,12,8.2
7813,1803,19216,42.72,8,8212,27.41,3,15.18
7814,1620,45000,77.63,9,34943,71.66,5,5.92
7815,4210,32976,60.58,7,19983,50.32,2,12.51
7816,1158,29278,79.02,6,23143,71.45,2,6.48
7818,3952,167946,90.12,12,151368,88.99,8,3.89
7819,2689,25264,59.14,2,14942,55.4,1,18.2
7820,1939,37768,76.79,12,29009,65.88,6,6.81
7821,9894,121913,80.71,22,98428,74.74,12,7.26
7822,16798,45561,68.19,9,31080,63.73,6,17.36
7823,931,33491,72.6,14,24319,62.24,9,4.14
7824,380,31337,79.87,18,25035,67.19,12,1.58
7825,2848,23114,46.42,10,10735,27.49,3,20.09
7826,126,12000,84.38,9,10127,60.74,4,1.54
7827,2791,139975,79.19,30,110867,73.77,17,3.64
7828,15266,40532,65.33,19,26483,53.66,10,14.34
7829,1050,99388,82.8,43,82320,70.72,24,2.01
7831,73,13401,74.55,8,9993,56.06,4,0.1
7832,2153,580000,92.77,100,538220,87.69,58,0.9
7833,539,43011,73.63,20,31676,57.31,9,2.05
7834,259,16478,75.03,7,12364,61.04,3,2.94
7835,560,46544,70.05,18,32614,55.45,6,2.13
7836,580,49500,71.09,20,35199,61.53,12,1.4
7837,332,22800,74.93,4,17089,67.76,2,2.47
7839,492,15096,75.19,8,11353,55.95,3,3.96
7840,230,34000,89.57,13,30457,76.24,7,1.12
7841,356,24200,77.78,10,18825,66.5,6,2.21
7842,1643,18250,68.56,3,12517,62.3,1,11.83
7843,1081,33440,67.65,9,22627,61.47,6,5.22
7846,461,34412,84.06,8,28934,75.12,3,2.16
7847,544,29000,63.09,14,18301,43.49,5,3.37
7848,1279,33376,73.5,17,24535,51.35,4,4.01
7849,175,11892,95.78,1,11391,95.78,1,1.1
7850,1498,97659,70.63,39,68989,54.36,17,3.42
7851,531,67691,83.63,21,56623,74.33,9,1.54
7853,15419,47555,26.82,13,12760,17.95,4,34.45
7854,837,40300,89.32,16,36004,79.77,11,3.19
7855,14579,277305,75.86,18,210401,73.06,6,9.47
7856,6211,27177,67.63,12,18385,61.08,9,10.01
7857,616,53488,83.55,13,44701,75.96,7,1.75
7858,4086,22237,48.54,10,10797,30.41,2,15.46
7860,151,32000,94.53,11,30253,89.27,9,0.45
7861,3900,64600,77.33,23,49972,66.89,12,4.83
7862,614,40000,86.98,4,34796,84.22,2,1.44
7863,120,30000,98.43,5,29533,96.02,4,0.35
7865,733,25124,79.84,11,20066,57.61,4,5.67
7866,4833,43171,61.26,17,26457,45.8,7,9.55
7867,678,96000,95.59,26,91788,83.92,8,0.82
7868,1073,22240,57.39,10,12768,40.21,4,8.77
7869,451,27241,88.84,4,24203,86.5,3,1.02
7870,2428,18400,76.19,12,14022,49.06,3,1.41
7871,5793,134278,57.29,33,76957,50.32,17,8.08
7872,1233,30000,65.08,3,19526,61.32,1,7.02
7873,2929,149884,85.52,37,128208,76.08,15,2.67
7875,334,20000,96.46,1,19292,96.46,1,1.54
7876,1114,107408,85.57,30,91932,76.6,16,2.17
7877,386,38857,70.55,10,27417,59.22,2,1.67
7878,3027,56137,48.04,25,26979,27.67,5,7.9
7879,3261,40000,61.79,17,24722,46.93,9,11.63
7880,1453,26500,68.41,16,18133,37.84,5,8.1
7881,397,27000,84.26,6,22752,82.39,5,2.51
7882,2156,205282,83.5,47,171443,78.12,31,2.29
7883,2011,60976,71.21,24,43437,58.45,11,2.23
7885,455,29200,76.58,16,22366,57.42,6,2.98
7886,1550,24978,65.56,14,16379,43.42,5,8.31
7887,14000,81720,43.33,34,35424,28.84,14,19.73
7888,543,75235,81.24,40,61138,62.14,18,1.03
7889,191,20781,83.84,16,17427,45.61,4,0.76
7890,421,20800,86.06,12,17905,65.96,6,2.58
7891,187,19430,56.42,7,10963,53.57,6,1.35
7892,5915,46898,74.85,14,35116,63.51,6,7.87
7893,1365,40799,86.23,5,35186,80.01,1,4.16
7894,869,24000,54.28,8,13031,38.97,1,4.49
7895,13074,38790,74.09,7,28745,65.58,1,2.68
7896,588,27900,86.64,5,24176,80.84,2,1.92
7897,201,133617,98.36,2,131427,98.36,2,0.18
7898,3159,30039,69.27,6,20813,64.02,3,6.43
7899,8355,24292,42.34,12,10289,11.82,2,24.81
7901,2239,60000,84.27,13,50573,75.12,4,3.31
7902,1645,200605,90.01,45,180622,85.72,31,1.81
7904,101,15000,92.42,3,13865,89.32,2,0.96
7907,2104,39393,75.23,17,29637,64.93,11,1.99
7909,4848,70593,83.76,15,59139,76.12,7,4.58
7911,1779,40000,66.05,14,26424,49.09,3,6.58
7912,2253,22190,79.36,10,17612,72.33,7,4.96
7913,1157,45139,90.42,7,40821,86.43,4,2.16
7914,84,52848,98.5,4,52061,97.42,3,0.21
7915,1702,40100,86.17,19,34559,70.86,10,1.98
7917,1974,66903,79.17,15,52979,70.43,6,2.91
7918,14932,43100,79.69,5,34351,77.07,3,7.93
7919,601,12700,50.06,4,6358,42.07,2,7.09
7920,3463,593987,89.04,178,529013,80.17,95,1.4
7921,831,40807,83.76,11,34187,75.7,5,2.73
7922,528,66175,95.5,18,63205,94.02,17,0.86
7924,1554,133561,82.22,46,109845,75.02,30,1.94
7925,361,65600,89.64,40,58825,72.31,23,1.19
7926,1463,15002,73.49,4,11027,59.45,1,6.62
7927,563,44700,70.25,29,31411,41.87,7,1.29
7928,2453,41530,72.93,18,30293,58.89,8,4.3
7929,955,21673,81.72,12,17713,61.91,4,3.47
7930,1896,33754,67.12,12,22663,55.75,5,6.56
7931,158,24641,96.21,5,23707,84.9,1,0.39
7932,1440,50000,61.14,22,30576,42.35,6,3.7
7933,109,23563,87.22,8,20558,72.45,3,0.6
7934,205,26029,70.22,10,18282,55.7,4,1.83
7935,195,37000,83.02,16,30721,63.81,6,0.5
7936,674,36038,67.94,3,24491,64.22,1,4.01
7939,423,19580,74.62,2,14613,71.08,1,3.15
7942,1781,31768,86.38,8,27448,78.05,3,4.67
7943,525,30651,73.11,17,22413,58.17,10,2.22
7944,225,30763,85.79,12,26395,75.04,7,1.07
7945,286,11543,74.79,4,8635,61.55,1,2.69
8002,250,1908,0,0,0,0,0,28.25
8009,627,4375,0,0,0,0,0,21.49
8010,385,6666,46.01,4,3068,20.25,1,9.66
8011,60804,165922,31.05,26,51561,24.93,10,29.87
8012,478,3800,93.02,1,3535,93.02,1,4.85
8014,591,8827,37.88,2,3344,37.88,2,10.86
8015,111,3000,29.54,2,886,0,0,12.06
8016,35928,120137,45.6,52,54814,30.71,22,20.31
8018,75,3449,21.62,1,746,0,0,3.98
8019,98,33891,93.81,3,31801,90.33,1,0.8
8020,109,8263,59.32,4,4902,32.36,1,2.37
8021,88320,147313,43.44,48,64026,30.9,20,34.52
8022,57,3000,70.18,1,2106,70.18,1,3.26
8024,22520,45160,29.89,12,13507,18.86,4,25.43
8026,61,97,0,0,0,0,0,73.87
8027,66218,113129,25.97,31,29399,14.61,10,39.93
8028,69579,184761,48.63,58,89898,38.2,27,27.66
8029,648,78017,75.2,24,58688,62.69,7,1.44
8031,121,4498,25.57,1,1151,25.57,1,4.73
8032,23239,51810,75.96,9,39360,74.21,7,12.87
8033,78536,164630,28.04,39,46185,18.49,13,39.52
8034,22002,56586,17.17,10,9728,8.72,3,32.46
8035,213,6705,44.2,4,2965,17.91,1,5.78
8036,532,7657,20.62,1,1580,20.62,1,10.9
8038,40082,62278,21.18,10,13201,15.02,4,36.15
8039,75345,263868,63.61,59,167899,57.97,33,17.14
8040,31517,96414,49.98,12,48211,44.68,3,21.39
8042,43373,133855,63.63,40,85199,58.2,27,23.42
8043,37942,79907,40.1,14,32044,37.54,10,46.44
8044,27496,204768,60.79,30,124531,56.31,15,14.17
8045,4233,95042,66.27,36,63001,54.51,18,8.18
8046,115843,646165,83.64,88,540552,79.08,41,7.48
8047,1302,41666,82.16,15,34237,71.94,9,3.7
8048,34881,57706,39.49,18,22800,28.09,7,24.38
8049,39390,118280,32.98,22,39034,27.21,11,29.31
8050,57299,205205,42.83,36,87925,36.28,15,26.86
8053,3692,411818,85.44,76,351942,80.37,42,1.93
8054,52402,108733,34.86,16,37926,28.9,4,34.08
8056,11801,389990,60.63,80,236539,53.96,35,5.95
8057,84,6344,67.07,3,4256,67.07,3,2.43
8058,2548,68800,68.74,27,47313,51.54,10,6.45
8059,13178,194080,72.98,16,141681,69.35,5,8.29
8060,273,6084,49.67,2,3023,34.06,1,11.29
8064,81899,184818,43.91,39,81192,36.8,18,33.54
8065,929,4500,37.58,3,1692,0,0,18.21
8066,38111,36642,38.04,12,13944,23.13,4,32.98
8067,7004,20700,81.35,9,16844,56.73,3,6.67
8068,8272,80766,61.53,16,49710,58.84,12,15.82
8069,103976,1155037,75.22,295,869019,66.83,144,9.07
8070,37111,725648,73.6,104,534246,69.19,56,10.85
8071,35212,60084,31.77,12,19105,22.86,3,33.08
8072,12878,80000,60.24,10,48202,57.87,7,20.65
8074,45916,86974,38.26,22,33296,29.64,9,31.56
8076,89223,292214,34.45,65,100743,25.65,24,21.6
8077,1070,21946,82.07,4,18013,76.8,2,2.98
8080,14385,67164,84.73,5,56922,82.53,2,5.84
8081,21757,86172,36.23,21,31241,23.72,4,24.83
8082,4212,106609,71.71,22,76470,62.9,8,4.36
8083,2734,35133,56.29,13,19784,44.04,4,9.56
8084,3069,69514,61.93,22,43056,50.4,8,7.97
8085,36031,139983,40.95,27,57359,30.13,3,17.45
8086,77062,196516,45.73,36,89883,39.46,13,31.46
8087,9862,38646,57.72,21,22311,43.95,11,10.06
8088,54317,60922,17.81,6,10856,17.09,5,53.39
8089,27224,65999,40.9,7,27002,37.91,3,22.1
8091,18589,57012,45.66,22,26041,32.32,10,20.18
8092,20402,57172,61.08,25,34933,41.1,7,11.05
8093,3240,56568,67.55,7,38213,64.0,4,8.27
8094,337,18527,43.02,10,7975,11.96,2,2.77
8095,123,7930,51.29,6,4068,18.1,1,3.77
8096,84525,149343,45.18,30,67490,38.64,15,29.58
8097,13348,60302,72.69,21,43847,60.68,10,6.98
8098,1362,12653,57.36,8,7259,33.15,3,11.12
8099,29264,100073,82.13,19,82204,76.43,9,5.82
8101,18403,52166,81.4,3,42468,80.45,2,8.06
8102,1168,23358,39.54,10,9239,25.07,4,7.21
8103,19069,78437,49.05,30,38487,32.82,10,22.33
8104,45402,104058,33.49,7,34872,30.38,2,32.54
8105,36236,441545,63.73,41,281466,60.48,19,14.78
8106,68,3943,60.82,3,2398,27.88,1,2.19
8107,31836,75000,53.8,20,40364,44.3,10,17.04
8109,7181,82161,53.49,34,43969,34.87,11,13.47
8110,79983,517740,50.56,42,261881,47.47,16,29.4
8111,59759,109102,38.43,29,41945,26.66,9,30.91
8112,113108,565883,40.56,93,229629,36.39,55,27.51
8112A,7036,30000,50.72,13,15223,36.01,7,17.85
8114,11420,76781,47.17,32,36230,33.54,14,18.1
8115,842,70000,86.41,25,60502,78.23,16,2.47
8119,33096,63662,46.49,26,29613,27.3,8,10.61
8121,30696,212994,61.16,38,130324,54.33,15,14.61
8122,1616,402371,93.1,13,374717,92.23,7,0.77
8127,242,5558,7.67,1,427,0,0,7.51
8130,297,47620,70.92,21,33778,59.07,11,0.81
8131,32418,442222,71.2,27,315017,68.91,10,13.94
8147,4927,42266,45.34,14,19171,32.54,6,15.29
8150,145396,704523,61.62,146,434263,54.37,68,24.13
8155,16552,62854,47.83,17,30072,37.34,7,27.0
8157,662,26839,78.64,2,21107,78.64,2,4.87
8162,2614,68702,74.78,27,51397,61.78,13,7.05
8163,74772,280000,45.42,43,127227,40.21,18,24.71
8171,44713,112853,61.15,27,69042,51.08,10,12.68
8172,259,1583,0,0,0,0,0,35.91
8176,37290,71701,33.34,19,23922,22.04,6,23.48
8182,11226,107041,66.63,12,71328,63.78,7,18.95
8183,39864,121251,47.71,17,57873,42.24,6,22.05
8197,637,61748,84.91,4,52437,83.38,2,2.19
8201,12122,62366,58.06,16,36226,45.88,4,16.92
8210,39620,125319,66.66,28,83553,58.76,13,17.69
8213,68611,271242,50.66,84,137464,39.31,35,17.16
8215,67508,320675,53.05,28,170205,50.5,13,20.29
8218,105,1593,0,0,0,0,0,9.2
8222,39593,68574,36.43,13,24998,31.52,7,32.73
8225,380,22380,79.65,4,17828,73.02,2,3.89
8227,30528,39543,26.17,7,10355,18.22,3,42.94
8234,16523,141226,55.14,37,77903,46.71,18,20.9
8240,37263,100004,53.45,20,53477,48.06,11,20.9
8249,35753,137824,57.59,18,79404,53.51,9,23.74
8255,25409,101973,51.62,17,52649,46.77,9,22.76
8261,77211,118878,42.47,14,50500,37.8,5,40.3
8264,496,2577,0,0,0,0,0,34.39
8271,66106,129615,42.72,24,55401,36.82,12,32.64
8272,1645,18998,38.04,6,7231,25.15,2,11.31
8276,125,3507,48.36,2,1697,33.84,1,10.33
8277,39795,91629,20.99,12,19250,15.45,3,29.27
8279,2120,27101,60.22,5,16329,52.51,2,11.25
8281,415,29267,44.49,8,13025,34.88,3,2.37
8284,2338,47303,64.4,19,30474,48.12,8,7.06
8286,157,441,0,0,0,0,0,76.5
8287,11819,24267,70.24,1,17046,70.24,1,20.81
8289,30553,68334,42.87,16,29310,33.59,5,26.39
8291,1901,17478,71.89,3,12566,71.89,3,13.42
8297,174,15000,92.95,1,13943,92.95,1,1.78
8298,386,25632,81.52,3,20897,81.52,3,2.27
8299,208654,221386,39.21,66,86846,27.3,23,32.67
8325,204,1513,0,0,0,0,0,33.84
8329,3155,280578,90.96,36,255253,87.35,22,2.79
8341,18769,130000,49.11,16,63862,46.61,11,24.04
8342,1083,33537,72.32,9,24258,66.29,6,4.58
8345,785,60008,83.65,15,50212,73.22,6,2.25
8349,7661,208821,71.23,37,148773,67.05,23,6.58
8349A,1268,10000,10.25,2,1025,0,0,19.66
8351,1051,50000,80.5,9,40256,70.91,2,3.55
8354,14381,78532,64.88,31,50970,49.41,11,11.26
8358,153273,252588,38.73,60,97874,30.45,27,40.0
8359,6017,136500,83.34,26,113780,79.49,18,4.63
8367,3518,92172,70.66,33,65150,61.38,18,7.05
8374,13214,112250,71.62,11,80412,68.57,6,17.73
8375,114,7356,77.08,6,5671,40.34,2,1.96
8380,882,7123,19.38,2,1381,0,0,31.96
8382,10348,292574,66.03,81,193228,56.94,42,6.41
8383,57227,113760,52.54,30,59790,43.41,14,24.62
8390,31243,96116,47.17,22,45362,41.37,12,16.58
8401,11942,70669,63.13,22,44625,54.49,13,9.57
8403,36688,137640,38.03,21,52373,32.26,9,20.13
8404,15764,419934,78.87,67,331293,72.97,28,4.25
8409,25750,32000,48.7,9,15586,38.68,4,14.55
8410,2060,36589,56.93,11,20835,50.7,7,11.01
8411,10815,218404,81.84,32,178803,79.25,24,5.56
8415,8766,1031500,93.07,135,960167,89.62,78,1.75
8416,2079,28211,77.13,7,21760,77.13,7,9.06
8419,1377,30000,53.22,11,15971,40.55,4,14.2
8421,6498,63817,69.41,18,44302,65.54,14,12.12
8422,150223,1359473,38.35,135,521582,34.55,54,26.32
8423,6316,41714,63.67,14,26564,54.64,8,13.21
8424,3019,36054,60.56,7,21845,50.7,2,15.5
8426,2687,50242,74.85,6,37616,70.26,3,9.0
8429,45176,185747,42.16,26,78368,38.3,13,17.79
8431,44596,48778,28.51,13,13916,16.09,4,29.45
8432,3140,38398,61.52,4,23632,56.47,1,12.67
8433,3127,54506,67.54,17,36825,60.43,10,9.76
8435,22361,35200,41.14,13,14486,20.64,2,29.22
8436,45634,117729,37.16,32,43761,28.2,14,28.67
8437,32452,47014,41.89,19,19702,28.08,7,15.92
8438,2804,69943,77.63,20,54306,65.15,9,6.04
8440,55733,50255,32.72,7,16451,29.05,4,36.44
8442,1994,70170,71.68,24,50312,61.42,13,5.23
8443,46621,66800,69.27,24,46284,59.3,14,15.89
8444,1692,125105,85.93,33,107537,77.61,15,2.11
8446,7707,52914,51.17,15,27086,42.81,7,24.09
8450,10264,51310,58.33,14,29933,56.66,13,23.02
8454,38164,264975,81.22,18,215295,79.32,10,10.49
8455,726,25219,89.9,3,22675,87.77,2,4.45
8458,552,35850,73.63,25,26403,48.85,11,2.4
8462,6164,80387,66.14,21,53191,58.89,11,10.16
8463,3571,150000,82.21,28,123342,76.81,15,4.62
8464,3840,293020,87.12,92,255340,78.08,49,1.0
8465,232,8100,58.22,4,4717,41.56,2,3.39
8466,2146,79446,77.08,27,61246,67.48,13,4.86
8467,1678,48374,82.0,21,39675,73.87,14,4.49
8472,1017,17736,63.04,3,11182,55.75,1,5.4
8473,14768,185237,68.11,19,126184,66.34,13,11.94
8476,6405,167514,71.2,52,119309,61.76,26,7.08
8477,10938,84171,83.49,5,70281,81.6,3,5.3
8478,10976,93972,75.66,12,71103,75.66,12,13.14
8479,375,20055,62.09,7,12455,41.51,1,2.41
8481,2519,66602,66.5,24,44302,53.62,10,6.99
8482,1041,107444,95.21,18,102318,90.26,11,1.15
8485,61,1568,96.18,2,1508,0,0,2.98
8487,19463,26535,55.91,9,14838,46.02,5,11.79
8488,882,73500,87.17,18,64077,80.37,10,2.04
8489,29868,59949,56.61,14,33952,46.06,5,14.69
8490,1100,23760,45.34,12,10776,29.07,4,8.22
8491,1286,2900,0,0,0,0,0,35.33
8492,250,33300,92.97,12,30963,88.34,10,1.47
8495,855,127275,92.59,6,117860,91.06,3,1.6
8496,292,35675,87.43,12,31195,84.71,10,1.5
8499,2177,41166,79.88,12,32887,72.65,7,6.31
8707,6312,2565,0,0,0,0,0,43.84
8708,20456,194482,43.72,31,85066,36.67,11,17.05
8710,6842,115478,28.89,29,33390,18.12,11,13.04
8712,6933,807919,76.11,266,615151,63.75,113,1.25
8718,18058,97036,35.39,20,34362,28.32,10,24.03
8719,6764,656412,86.77,136,569741,79.45,63,1.98
8720,8590,89517,56.85,19,50902,47.27,5,13.29
8721,2240,3966,0,0,0,0,0,38.42
8722,5795,52649,62.7,15,33025,56.87,10,12.32
8723,23384,104515,50.7,31,53009,41.3,15,19.31
8724,8392,20234,40.69,6,8236,33.64,4,33.2
8725,12493,112135,32.36,23,36305,25.28,10,22.07
8905,21494,119440,92.47,26,110472,88.78,19,2.4
8906,2903,44037,55.46,15,24431,49.92,11,9.48
8908,15335,315333,88.97,46,280612,85.98,30,2.97
8916,41448,150387,66.36,47,99822,59.84,31,10.06
8916A,278,245,0,0,0,0,0,93.46
8917,1722,162652,82.65,69,134462,65.61,24,0.93
8921,1152,46592,85.56,24,39873,63.01,8,1.41
8923,5138,30376,82.32,10,25009,74.55,6,3.82
8924,16958,83800,38.79,22,32523,29.73,9,28.98
8925,19593,365243,41.31,123,150925,27.53,42,8.79
8926,61311,830282,57.23,130,475334,51.85,56,13.87
8927,25705,419068,83.56,111,350281,74.81,51,3.25
8928,4362,50854,49.21,13,25038,35.67,2,16.1
8929,11707,50581,45.67,10,23110,39.18,5,26.14
8930,5313,81809,69.08,35,56526,56.81,18,11.4
8931,19075,122255,81.41,14,99543,78.45,8,4.6
8932,10296,357963,79.29,76,283924,74.25,50,4.64
8933,42795,326724,52.97,44,173151,47.69,14,14.58
8934,504,7973,94.77,1,7556,94.77,1,1.41
8935,38022,113495,50.87,25,57749,42.46,11,12.45
8936,75975,248078,30.34,53,75317,22.3,22,30.75
8937,3264,431680,90.85,53,392320,88.09,34,1.43
8938,12343,156986,57.34,59,90033,45.5,30,12.93
8940,9338,67491,70.82,24,47810,62.55,16,13.76
8941,2213,34972,67.23,20,23514,46.52,9,6.08
8942,13121,198842,51.29,62,102014,40.98,29,13.31
8996,38671,93627,48.04,49,44997,26.42,16,13.12
8999,392,36000,63.47,29,22855,18.94,3,1.3
9103,21258,205532,12.42,33,25586,4.84,7,27.48
910322,7333,20765,29.54,5,6137,27.35,4,39.6
9105,118083,1627523,27.13,373,442091,16.93,100,18.08
910861,2745,34267,37.48,13,12852,23.23,5,16.41
9110,1746,54498,43.83,25,23899,21.62,6,7.67
911608,2176,34222,30.84,13,10561,12.75,3,15.33
911611,3111,88290,41.32,27,36505,28.83,11,9.24
911613,1401,11111,5.99,1,666,0,0,28.4
911622,1513,30000,52.27,9,15681,42.16,4,12.87
911868,6180,140000,36.08,37,50531,25.14,12,12.22
912000,6790,159294,34.43,50,54898,22.83,17,10.45
9136,4594,132306,67.42,33,89229,61.49,20,8.68
916665,366,816,0,0,0,0,0,57.85
9801,83384,395846,69.33,40,274542,66.06,20,17.09
9802,12049,200992,64.74,62,130163,55.08,29,10.58
9902,45170,98050,56.96,22,55865,50.28,11,17.36
9904,106952,2946787,68.1,453,2006964,63.1,215,7.94
9905,17195,305000,74.22,44,226428,71.92,31,8.26
9906,8207,90376,78.77,24,71209,74.99,18,9.17
9907,55478,1579145,74.57,183,1177924,70.43,77,6.62
9908,16434,516358,80.5,110,415790,74.7,64,5.52
9910,24369,987483,88.76,91,876737,86.7,57,4.15
9911,31080,222332,67.78,57,150717,61.16,34,15.34
9912,61823,53793,62.43,18,33585,54.95,12,15.58
9914,66078,298984,66.58,90,199111,54.65,40,12.42
9917,56372,451197,76.77,96,346522,70.53,52,8.71
9918,25172,180537,85.01,50,153516,77.15,25,2.39
9919,63565,195363,46.05,29,90024,42.42,18,27.81
9921,28351,392065,69.26,123,271670,59.31,64,10.88
9922,10418,215987,69.34,59,149806,59.04,25,7.16
9924,13033,150762,61.08,45,92116,52.66,25,16.27
9925,19265,387490,68.68,91,266178,61.73,48,9.43
9926,4233,179504,83.81,52,150474,73.65,23,2.44
9927,13988,120000,58.89,18,70704,52.67,7,17.9
9928,7130,70725,75.18,15,53181,67.16,6,7.43
9929,3762,101280,88.05,19,89204,83.92,11,2.51
9930,12211,248540,77.72,17,193191,76.39,11,8.09
9931,7842,120369,78.03,26,93958,73.39,17,3.63
9933,50978,944437,62.56,162,591081,56.43,69,9.53
9934,13449,411017,67.35,84,276917,59.74,33,6.84
9935,57621,177839,62.66,70,111470,49.82,34,6.9
9936,11632,104750,29.04,22,30454,20.07,7,20.05
9937,15760,309043,89.26,69,275905,82.54,34,1.93
9938,49720,297964,54.1,80,161252,46.11,42,15.3
9939,27794,295786,63.03,91,186493,54.07,51,14.02
9940,17088,736846,81.63,73,601590,77.93,23,4.47
9941,43627,575636,70.42,61,405436,67.06,29,12.65
9941A,3676,100000,82.12,23,82138,75.69,12,5.81
9942,9658,83161,52.36,25,43558,39.14,8,18.82
9943,16009,125172,71.1,13,89019,69.48,10,16.18
9944,10432,105908,78.8,43,83477,66.15,20,8.4
9945,102178,2844225,66.03,350,1878923,61.89,149,8.16
9946,14048,326554,81.6,38,266518,78.51,20,4.75
9948,73,211,0,0,0,0,0,65.68
9949,11067,44861,72.94,17,32729,54.92,5,11.41
9950,3642,167716,83.74,26,140473,80.07,15,4.56
9951,24156,73300,46.51,20,34107,39.26,11,22.51
9953,518,4382,0,0,0,0,0,18.02
9955,15131,104425,61.63,22,64377,55.34,10,19.64
9957,12779,3220414,96.05,73,3093808,95.49,42,0.96
9958,58883,246897,47.33,48,116891,41.22,22,26.12
9960,9554,33592,77.75,17,26125,56.78,6,5.95
9961,321,69099,93.39,16,64543,89.73,13,0.78
9962,28937,90220,47.13,27,42539,40.04,16,17.76
9965,68,776,0,0,0,0,0,21.58
YFU6,53,23060,88.01,10,20299,79.08,6,0.13
YHU4,551,232690,95.34,7,221875,94.42,3,0.54
YJS2,8992,115112,78.86,19,90793,74.07,11,3.39
YY0005,98,445,0,0,0,0,0,50.55
YY0008,55,203,0,0,0,0,0,79.3
YY0024,72,260,0,0,0,0,0,71.15
YY0027,62418,70214,12.98,10,9123,8.22,4,66.28
YY0028,33871,247255,39.81,58,98519,30.71,24,18.23
YY0029,8299,39013,30.67,8,11969,27.55,6,23.18
YY0030,3001,62719,52.22,25,32769,38.56,10,10.35
YY0031,430,4703,0,0,0,0,0,34.82
YY0032,358,3886,0,0,0,0,0,29.75
YY0033,2495,20320,18.08,4,3677,9.84,1,25.57
YY0034,266,1732,0,0,0,0,0,44.73
YY0035,15279,236916,36.5,50,86522,28.87,21,14.64
YY0036,135,347,0,0,0,0,0,75.78
YY0037,3445,80466,85.39,21,68725,79.57,14,5.58
YY0038,268,2681,26.72,1,716,0,0,23.4
YY0039,12846,250849,81.37,56,204148,76.07,35,5.35
YY0040,9015,73072,44.28,13,32376,37.81,6,16.04
YY0041,13682,279729,79.99,55,223817,74.54,33,7.75
YY0042,19999,70751,14.33,10,10156,10.23,5,36.44
YY0043,9575,40116,6.32,4,2541,0,0,52.52
YY0044,52951,444779,19.02,48,84680,15.34,21,29.34
YY0046,37351,551994,32.35,151,178715,21.12,45,13.42
YY0047,77993,1069861,31.6,284,338288,20.64,96,13.52
YY0048,7702,98781,49.37,27,48793,40.65,14,12.01
YY0049,33717,38915,26.31,7,10250,20.65,4,43.61
YY0050,55736,236288,21.58,50,51049,10.6,10,31.17
YY0051,7661,77631,33.78,17,26236,25.49,6,14.37
YY0052,4529,202295,69.16,68,139963,57.96,32,3.01
YY0053,24688,241585,46.78,45,113074,40.93,23,22.56
YY0054,5669,106923,46.92,29,50186,38.21,14,7.87
YY0055,5306,124119,46.68,56,57956,25.81,18,7.82
YY0056,2183,19785,51.38,8,10169,35.64,3,5.11
YY0057,4853,148068,56.93,40,84325,47.73,19,6.46
YY0058,3339,57743,35.86,18,20720,23.34,7,10.95
YY0059,1059,22565,21.48,6,4849,0,0,8.29
YY0060,683,9827,13.47,2,1325,0,0,14.8
YY0061,6529,53277,22.65,16,12073,8.46,4,19.24
YY0062,18035,320746,23.64,71,75883,13.34,19,16.35
YY0063,8936,20252,2.86,1,579,0,0,54.44
YY0064,5244,97674,63.77,30,62309,52.93,12,6.32
YY0065,17163,219902,28.3,56,62291,16.99,13,15.19
YY0066,19884,331761,30.12,79,99996,19.41,21,13.55
YY0067,6885,153045,29.6,49,45330,17.88,18,11.85
YY0068,28669,405688,23.43,66,95132,15.58,14,17.77
YY0070,22517,322817,33.98,85,109784,20.59,18,16.0
YY0071,14710,80704,18.86,11,15234,15.22,6,30.03
YY0072,2509,27500,18.32,8,5044,0,0,17.27
YY0073,2182,36625,35.78,16,13113,18.52,5,8.93
YY0074,10671,104211,17.69,22,18449,7.55,5,24.66
YY0075,3105,16421,10.31,3,1695,0,0,28.96
YY0076,450,450,0,0,0,0,0,100.0
YY0077,299,754,0,0,0,0,0,78.63
YY0078,329,2407,0,0,0,0,0,27.4
YY0079,79,330,0,0,0,0,0,63.93
YY0080,308,895,0,0,0,0,0,62.39
