stock_no,people,lots,b4_pct,b4_people,b4_lots,b1_pct,b1_people,s10_pct
00400A,134113,1899640,16.76,204,318669,11.85,47,18.43
00401A,17651,237895,22.76,32,54187,18.58,16,20.93
00402A,46693,706127,21.16,102,149508,13.83,19,20.37
00403A,912848,15200019,16.69,1685,2538912,11.25,320,16.84
00404A,27340,354295,10.64,39,37767,5.75,10,24.41
00405A,149164,3126245,19.39,425,606752,12.97,97,13.29
00406A,146820,3746062,22.64,841,848647,11.28,144,10.61
00407A,131958,2584239,24.92,355,644497,18.36,73,14.42
00408A,8286,147634,30.71,33,45367,20.76,10,16.46
00409A,48947,1848448,41.2,488,761851,28.35,123,7.67
00410A,9062,156360,32.87,29,51431,26.0,12,16.06
00411A,21615,594076,30.8,108,183057,22.15,26,10.95
0050,3532472,22057500,26.04,909,5748750,24.4,266,26.46
0051,12572,24500,11.07,4,2715,0.0,0,55.92
0052,453291,2560000,20.81,158,533133,18.71,69,35.51
0053,6702,9988,51.88,4,5182,42.6,2,29.7
0055,15577,84654,41.78,17,35380,33.59,4,28.11
0056,1653244,14058034,11.58,724,1631480,9.27,156,25.71
0057,3541,1527,0.0,0,0,0.0,0,36.58
0061,6025,96116,33.03,22,31769,22.44,5,15.46
006201,5444,22946,48.49,8,11134,32.68,2,28.28
006203,3841,10218,74.49,5,7613,59.82,3,10.06
006204,1141,1500,0.0,0,0,0.0,0,45.32
006205,8818,93439,45.68,26,42703,33.03,7,17.72
006206,3100,26778,21.22,4,5685,11.22,1,24.74
006207,1611,20892,13.53,5,2829,0.0,0,16.66
006208,712984,1860540,10.4,58,193995,9.86,40,51.94
00631L,298582,7043848,30.14,1471,2124032,20.33,305,9.26
00632R,66586,2807208,46.41,875,1303272,32.17,226,4.72
00633L,3609,118458,34.45,37,40845,20.64,11,6.96
00634R,765,42756,53.57,14,22917,42.22,7,4.02
00635U,57044,308514,20.32,33,62778,16.72,16,32.8
00636,8196,93825,21.13,19,19851,13.96,6,19.97
00637L,11790,743606,56.79,276,422514,41.83,93,3.61
00638R,505,22948,52.83,8,12131,37.18,2,5.12
00639,5699,95903,25.04,21,24032,15.2,7,13.45
00640L,1306,6419,26.51,3,1703,0.0,0,28.65
00641R,1296,90258,58.24,32,52585,46.54,15,3.01
00642U,7375,60821,42.37,12,25777,32.72,4,21.51
00643,3174,72503,40.42,21,29321,25.59,5,11.42
00645,9788,42997,24.31,10,10457,12.01,2,36.45
00646,113862,632985,44.03,72,278926,40.06,31,24.61
00647L,1529,6416,30.66,1,1967,30.66,1,29.01
00648R,2376,142688,46.85,39,66881,35.67,12,3.45
00650L,2208,96338,49.27,40,47482,38.42,21,4.86
00651R,385,32192,69.07,15,22244,52.66,7,2.49
00652,9331,61035,30.66,14,18726,23.29,6,28.72
00653L,1255,12903,10.44,1,1348,10.44,1,20.21
00654R,373,19466,55.98,9,10900,38.69,3,4.18
00655L,2197,57958,28.8,19,16701,15.79,5,8.52
00656R,318,20357,75.79,14,15434,45.94,4,3.32
00657,1645,6084,9.73,1,592,0.0,0,40.11
00660,1032,6531,16.18,2,1057,0.0,0,20.25
00661,7234,23425,17.28,5,4052,6.62,1,42.48
00662,109655,915529,37.65,99,344935,33.57,31,15.45
00663L,13951,142163,28.51,21,40561,22.95,10,19.45
00664R,10149,884575,57.95,409,512677,38.45,132,2.57
00665L,5012,403965,57.4,153,231967,43.08,61,2.46
00666R,123,12124,79.21,6,9604,73.66,5,1.55
00668,2041,7483,31.96,2,2392,31.96,2,33.36
00669R,3125,200117,45.4,62,90900,33.89,24,3.36
00670L,12387,77145,13.19,8,10188,7.75,2,27.53
00671R,3570,507884,68.62,209,348611,51.75,71,1.27
00673R,14992,920551,44.14,297,406583,29.96,89,3.26
00674R,1312,14421,46.3,4,6677,40.96,3,17.2
00675L,18760,111286,23.0,12,25634,18.57,5,29.58
00676R,4412,200834,47.29,78,95031,31.19,24,4.16
00678,1864,8948,27.77,5,2485,0.0,0,28.0
00679B,233652,6200692,42.69,696,2648156,37.48,151,9.01
00680L,19138,1438576,53.67,506,772271,38.49,152,2.78
00681R,97,7594,90.51,6,6875,70.57,4,1.35
00682U,261,7644,77.86,4,5953,52.28,2,3.7
00683L,324,11434,67.46,6,7714,59.45,4,4.84
00684R,168,9688,81.21,6,7868,73.74,5,3.19
00685L,184453,5514336,32.18,1468,1775236,19.53,306,8.27
00686R,2126,266276,66.49,117,177068,48.56,42,1.57
00687B,152658,4239880,42.37,557,1797202,36.51,141,8.69
00688L,9113,616115,49.48,208,304976,35.37,71,3.1
00690,17133,83830,13.73,13,11534,7.26,4,35.69
00692,91311,613280,16.87,33,103552,15.22,18,33.21
00693U,2953,68666,41.86,19,28752,34.6,10,9.57
00694B,1993,27576,63.33,7,17467,56.87,5,12.59
00695B,2246,40186,73.81,8,29665,68.89,5,10.22
00696B,10952,617681,83.23,28,514147,82.31,19,4.08
00697B,6675,65712,23.34,11,15352,19.49,7,21.9
00700,2588,31483,11.64,5,3668,5.03,1,18.55
00701,37830,168891,6.73,12,11376,4.6,5,50.89
00702,1147,6688,55.07,5,3684,31.03,2,25.61
00703,1013,9550,26.59,4,2541,0.0,0,22.7
00706L,6126,126271,32.89,31,41557,23.08,11,10.0
00708L,17309,152573,29.68,29,45311,22.36,11,21.87
00709,2248,14460,36.29,9,5251,7.44,1,24.36
00710B,3681,179761,81.79,7,147034,81.24,5,4.79
00711B,794,871761,99.33,5,866081,99.18,3,0.15
00712,140494,5370011,32.23,1230,1731763,21.1,220,5.86
00713,268864,1687012,22.48,77,379401,21.29,46,32.09
00714,2380,20067,46.48,12,9330,10.16,1,23.1
00715L,3962,75192,57.88,16,43540,53.08,11,8.56
00717,7526,119605,27.56,26,32987,17.79,8,15.77
00719B,14736,311014,30.24,52,94105,22.97,17,10.77
00720B,77848,4027609,65.76,301,2648862,62.46,75,4.54
00722B,13489,1461739,89.91,49,1314406,89.14,29,2.41
00723B,468,1520583,99.74,14,1516832,99.65,11,0.05
00724B,6225,3023775,97.63,32,2952265,97.48,24,0.5
00725B,41316,3687206,82.01,154,3024176,80.37,56,2.72
00726B,1725,1187489,97.99,17,1163786,97.61,10,0.32
00727B,725,57189,90.0,6,51475,87.51,3,2.79
00728,9853,39423,3.9,2,1540,2.78,1,49.41
00730,13069,69044,16.27,9,11248,12.09,4,41.05
00731,8212,20100,12.92,4,2600,0.0,0,57.71
00733,20719,62966,13.14,6,8283,10.34,3,53.91
00734B,528,24979,82.55,2,20623,80.06,1,4.77
00735,31803,119789,22.74,20,27256,17.24,9,37.77
00736,491,6727,72.84,6,4900,41.61,2,9.02
00737,5464,22538,15.21,4,3431,9.54,2,43.98
00738U,32423,240299,19.63,43,47226,12.48,12,26.32
00739,1955,24988,38.44,9,9609,19.57,2,17.9
00740B,6006,2190971,96.68,46,2118510,96.24,31,0.59
00741B,1137,13128,49.42,3,6491,37.85,1,17.85
00746B,1327,2550464,99.56,27,2539783,99.4,20,0.1
00749B,193,1110500,99.75,7,1107810,99.75,7,0.02
00750B,75,148000,99.73,4,147617,99.32,3,0.04
00751B,67107,5226103,75.59,326,3951348,72.95,93,2.95
00752,17242,257216,30.68,31,78989,26.51,13,16.28
00753L,10443,664657,49.39,245,328346,33.96,78,3.33
00754B,458,1303900,99.75,14,1300670,99.75,14,0.06
00755B,1006,280230,97.59,7,273500,97.59,7,0.8
00756B,2327,1315300,97.62,19,1284227,97.17,10,0.36
00757,68382,267994,30.74,30,82422,27.64,16,33.64
00758B,126,5525,90.49,1,5000,90.49,1,2.37
00759B,122,47525,98.89,1,47000,98.89,1,0.17
00760B,625,435020,99.16,6,431372,99.16,6,0.28
00761B,3443,2735089,98.54,29,2695472,98.47,26,0.28
00762,22574,46748,18.21,6,8524,14.39,3,52.44
00763U,3777,41065,53.29,12,21889,47.74,9,17.48
00764B,8289,1543500,94.06,31,1452115,93.72,21,1.33
00768B,1745,791100,98.23,27,777232,97.84,22,0.38
00770,19438,83958,12.55,8,10549,9.89,5,41.68
00771,2065,14225,15.23,2,2167,11.94,1,30.11
00772B,40659,3361790,80.47,142,2705534,78.74,43,2.83
00773B,8920,2593790,95.63,42,2480823,95.24,25,0.81
00775B,183,232100,99.66,7,231330,99.23,6,0.06
00777B,221,2076650,99.92,14,2075360,99.88,13,0.01
00778B,184,1522150,99.94,11,1521483,99.92,10,0.02
00779B,638,1297650,99.6,9,1292568,99.46,7,0.1
00780B,1292,246102,97.39,9,239698,96.87,7,1.24
00781B,722,8336,24.16,2,2015,17.99,1,19.45
00782B,1257,20467,22.45,4,4599,14.51,2,15.76
00783,808,7031,10.28,1,723,0.0,0,25.72
00785B,241,1063466,99.83,11,1061784,99.7,8,0.02
00786B,1290,19566,28.9,6,5656,15.33,1,16.86
00787B,1010,11806,41.3,5,4877,16.94,1,17.8
00788B,1464,24706,26.72,7,6604,14.8,2,14.64
00789B,355,455600,99.38,11,452790,99.07,9,0.17
00791B,100,281100,99.68,6,280204,99.68,6,0.02
00792B,444,2317615,99.87,15,2314774,99.81,13,0.02
00793B,279,2026,23.2,1,470,0.0,0,25.21
00795B,37334,1514598,55.28,140,837570,51.36,41,5.94
00799B,1666,26036,25.48,8,6636,12.4,2,15.73
00830,182141,861465,21.89,62,188800,19.3,26,35.25
00834B,135,23198,94.36,4,21890,94.36,4,0.87
00836B,424,631041,99.6,13,628578,99.25,9,0.1
00840B,92,59431,99.27,3,59000,99.27,3,0.16
00841B,121,70440,99.43,5,70047,98.66,4,0.2
00842B,984,21267,42.36,6,9012,33.87,3,10.85
00844B,300,213175,99.21,5,211504,98.91,4,0.31
00845B,222,237051,99.59,4,236105,99.34,3,0.12
00846B,257,74350,98.18,2,73000,98.18,2,0.48
00847B,334,3805,24.23,1,922,0.0,0,18.73
00848B,153,136066,99.53,3,135436,99.21,2,0.11
00849B,107,486106,99.84,6,485399,99.63,4,0.01
00850,80364,416444,18.06,32,75301,15.78,18,39.08
00851,2127,5525,27.87,1,1540,27.87,1,41.94
00852L,531,8365,61.11,2,5113,49.84,1,10.12
00853B,2322,178134,91.04,10,162197,89.53,5,3.3
00856B,408,6792,58.39,2,3967,44.16,1,9.11
00857B,15732,601768,59.63,68,359024,55.2,22,6.53
00858,19033,117874,15.29,13,18043,11.05,5,30.05
00859B,1890,33011,24.33,8,8035,16.79,3,13.14
00860B,365,2671,0.0,0,0,0.0,0,25.57
00861,18909,69412,5.68,4,3952,3.81,2,53.01
00862B,1498,879381,98.29,10,864368,98.24,9,0.39
00863B,334,511964,99.5,8,509431,99.42,7,0.11
00864B,3802,108722,34.39,24,37421,26.53,10,7.43
00865B,10166,315744,30.24,55,95560,22.82,13,6.48
00867B,213,565150,99.72,9,563570,99.72,9,0.06
00870B,313,564151,99.61,9,561973,99.43,7,0.09
00875,6757,14988,17.94,3,2691,7.75,1,49.23
00876,22997,94524,27.14,10,25670,24.03,5,39.69
00877,13769,163788,17.49,28,28662,10.41,10,21.33
00878,1665885,18794290,11.26,863,2119239,9.15,153,20.24
00881,404648,2973403,16.02,125,476642,14.47,46,31.38
00882,83209,1974849,26.77,387,528882,17.76,91,10.26
00884B,212,75440,98.77,4,74515,98.77,4,0.41
00885,48298,593238,17.29,88,102694,11.45,32,19.19
00886,1182,4451,13.23,1,589,0.0,0,45.73
00887,20573,452351,30.61,116,138522,18.6,29,11.18
00888,92674,644478,11.81,29,76213,10.71,16,35.17
00890B,700,18264,73.57,3,13439,65.7,1,8.16
00891,189355,1897090,14.57,105,277014,12.39,34,25.04
00892,46132,323292,17.96,27,58112,15.26,14,33.35
00893,56942,357384,8.53,21,30545,6.0,7,38.76
00894,26321,147509,12.98,11,19178,11.76,8,39.79
00895,29008,143916,10.16,8,14652,8.25,4,44.15
00896,56283,450380,7.7,23,34716,6.17,11,32.58
00897,10097,136012,22.47,25,30589,13.77,6,20.83
00898,8689,115476,21.41,26,24751,11.82,8,22.58
00899,3661,16135,5.67,1,916,0.0,0,42.42
00900,129481,1526525,14.97,86,228897,12.54,22,23.11
00901,11708,62349,13.56,10,8472,5.26,2,40.91
00902,18003,222997,17.07,29,38099,12.58,12,21.88
00903,7093,46721,10.38,5,4859,4.48,1,37.88
00904,24219,157112,13.34,19,20985,6.68,5,36.16
00905,44486,359827,7.92,19,28545,5.97,7,31.28
00907,20098,148133,11.64,13,17287,8.48,6,33.55
00908,2725,34416,37.16,9,12793,24.12,3,19.29
00909,25993,103704,14.47,12,15022,9.97,4,44.19
00910,38778,113939,8.73,10,9977,4.35,2,50.34
00911,13318,32403,15.24,4,4941,11.81,2,55.46
00912,8288,58253,22.12,8,12891,19.04,5,32.91
00913,11802,57766,21.95,6,12683,20.78,5,38.54
00915,71585,506483,16.88,37,85606,14.82,19,35.59
00916,19662,103419,14.38,15,14895,8.55,6,41.43
00917,12566,61478,12.27,11,7558,3.41,2,41.14
00918,316757,3914764,11.08,235,434545,8.42,54,20.83
00919,1419036,18555135,10.87,1068,2020391,8.07,166,17.95
00920,6426,20280,23.05,5,4679,12.01,2,45.21
00921,9713,55270,6.88,4,3811,2.46,1,42.74
00922,187084,2137686,31.57,108,675368,29.53,34,20.9
00923,124194,952923,15.17,45,144841,13.79,23,32.69
00924,55349,435103,22.21,26,96701,20.19,13,27.58
00926,9259,103982,56.63,12,58904,52.95,6,19.68
00927,141148,1357397,13.26,81,180238,10.87,28,26.92
00928,7214,43856,22.22,11,9753,8.29,2,34.9
00929,452958,5158139,9.6,228,496456,7.62,50,22.09
00930,20237,130779,6.01,7,7889,3.76,3,39.86
00931B,33719,2245398,76.77,101,1724149,75.11,41,4.04
00932,13239,109283,10.81,9,11840,8.39,5,33.79
00933B,78315,6517958,76.06,455,4959209,72.81,105,2.92
00934,49166,426526,11.58,24,49490,10.11,13,30.78
00935,122532,876004,23.82,54,208855,22.25,30,28.4
00936,22259,192797,9.97,7,19244,9.02,4,31.27
00937B,212023,17076305,60.64,3228,10357730,51.7,669,2.64
00938,6380,100016,46.11,9,46129,44.66,7,18.48
00939,102561,1163476,7.14,49,83332,5.24,15,26.87
00940,315230,5174865,12.27,389,635795,8.68,80,18.19
00941,47314,454791,13.32,35,60655,9.9,12,28.37
00942B,9843,2034459,89.84,67,1827915,88.83,31,1.31
00943,4174,40389,30.93,5,12498,26.7,3,27.49
00944,7853,53081,9.38,6,4986,5.26,2,37.66
00945B,18686,831318,40.9,137,340214,33.83,39,5.15
00946,35937,441246,19.25,31,84972,16.94,12,22.76
00947,38457,277364,23.24,33,64514,19.13,15,31.57
00948B,26474,3982427,80.95,313,3224827,77.65,96,1.57
00949,17426,167428,20.22,27,33880,14.1,10,28.28
00950B,12214,4111309,90.93,146,3739344,89.6,53,0.68
00951,15751,234042,28.56,35,66886,23.59,15,17.58
00952,22843,247775,13.22,27,32804,8.19,9,24.71
00953B,51498,4602175,52.98,1392,2439203,38.99,321,2.18
00954,11105,123747,22.44,18,27788,15.83,6,22.66
00955,36017,490931,31.47,64,154576,26.66,25,18.3
00956,3223,33130,21.66,6,7181,11.93,2,23.62
00957B,3962,188263,50.54,30,95170,43.0,9,5.9
00958B,4329,120271,21.36,24,25709,14.38,9,10.21
00959B,9233,510336,48.46,82,247368,40.89,20,4.41
00960,13032,58495,18.1,7,10592,16.25,5,40.71
00961,54256,904011,8.96,96,81220,3.92,19,16.22
00962,8796,87920,15.3,11,13473,9.7,4,26.41
00963,5049,115433,27.36,22,31604,21.15,11,10.17
00964,4371,66624,19.51,14,13008,10.16,4,15.32
00965,33579,431492,45.72,43,197370,42.92,23,18.34
00966B,3899,117732,37.41,18,44073,30.75,7,10.43
00967B,2664,181407,70.49,34,127900,62.52,13,4.09
00968B,8221,793511,68.65,101,544913,63.51,35,2.59
00969B,2102,147633,68.2,44,100704,57.79,19,3.84
00970B,5889,391229,60.15,60,235384,53.8,23,4.21
00971,6718,55177,17.56,9,9699,11.54,3,29.56
00972,1635,15172,33.11,2,5024,33.11,2,24.39
009800,19914,304391,28.47,49,86744,23.35,21,16.77
009801,8777,95119,20.58,18,19591,10.69,4,24.25
009802,41568,568495,20.72,52,117951,16.9,18,20.36
009803,26013,224828,9.45,20,21288,6.08,7,29.05
009804,18121,148392,10.72,15,15928,6.32,5,30.19
009805,55201,613816,20.15,71,123811,15.43,23,22.72
009806,1087,13661,58.27,6,7962,42.96,3,17.44
009807,1178,14260,57.94,8,8265,32.45,2,19.36
009808,4286,39011,10.48,4,4091,6.49,2,31.6
009809,2489,31863,37.29,7,11886,32.6,4,21.2
00980A,71283,798730,25.52,54,204048,23.45,25,23.11
00980B,1512,53569,46.97,14,25169,38.86,6,7.44
00980D,3404,98957,37.6,25,37233,28.61,9,7.8
00980T,3199,74918,53.53,9,40120,48.62,3,12.29
009810,1944,19154,33.87,5,6489,24.56,2,23.33
009811,23002,234450,16.69,38,39169,9.76,11,25.28
009812,5908,92382,36.9,22,34109,27.55,8,16.6
009813,23512,329324,23.67,48,78019,18.2,18,19.99
009814,13853,152576,19.93,19,30432,15.33,7,23.29
009815,29794,428170,21.71,59,93064,15.74,18,19.11
009816,910780,11958844,20.17,1456,2414129,14.49,295,19.1
009817,10159,221936,24.74,49,54936,14.97,12,13.23
009818,4977,46152,6.23,3,2880,5.24,2,34.23
009819,51806,605745,12.86,56,78023,8.93,20,25.37
00981A,964292,9497709,20.68,950,1965736,16.24,244,22.65
00981B,16702,1540613,51.06,543,786991,34.98,136,1.97
00981D,8617,518800,44.35,158,230189,30.23,38,3.36
00981T,8280,251261,35.77,67,89916,23.88,20,8.29
009820,37587,1121202,38.2,222,428514,28.93,54,9.73
009821,54839,516340,11.27,42,58308,7.91,14,30.45
009822,5063,73556,14.47,10,10664,8.51,3,24.1
009823,34124,350817,17.37,34,60984,13.21,9,28.14
009824,47492,532347,15.01,71,79977,8.72,16,26.75
009825,4464,120208,13.1,20,15774,4.71,4,11.55
009826,59485,766804,24.55,151,188491,15.62,37,19.2
009827,15267,202950,14.25,32,28946,7.03,6,22.91
009828,53754,681545,20.18,64,137679,16.32,21,24.74
009829,12704,300870,44.73,67,134656,36.85,26,11.43
00982A,179609,2231436,14.15,168,316308,10.66,35,21.27
00982B,776,25900,60.87,6,15768,53.35,3,6.8
00982D,2808,76729,36.16,21,27753,27.94,10,9.59
00982T,1791,16597,24.8,5,4118,12.74,2,29.97
00983A,9025,81686,22.89,14,18713,17.52,7,26.78
00983B,788,24653,55.9,8,13784,46.66,4,7.9
00983D,3977,104197,29.41,37,30663,10.13,5,7.44
00984A,62491,631958,15.86,43,100374,13.21,17,26.26
00984B,3509,123433,36.35,27,44902,29.7,12,6.76
00984D,14616,1141057,44.89,403,512379,28.06,98,2.46
00985A,45868,454289,17.0,39,77338,14.42,19,26.12
00985B,8660,721501,59.11,197,426608,47.19,57,2.81
00985D,2364,107232,56.93,26,61077,46.65,10,5.23
00986A,4729,39827,18.58,6,7402,10.62,2,30.99
00986B,396,20762,79.24,6,16454,73.58,4,3.98
00986D,2365,145677,51.23,42,74653,41.78,21,3.78
00987A,17413,155143,15.53,17,24134,11.67,8,31.01
00987B,2122,71327,54.33,25,38761,39.46,9,7.6
00987D,1666,95023,74.88,13,71165,72.26,10,5.45
00988A,233882,3215937,18.63,369,599703,13.37,85,18.46
00988B,5439,161333,28.97,41,46768,16.54,10,8.31
00989A,6761,67117,15.76,8,10591,11.63,4,26.04
00989B,2476,98452,37.07,28,36515,25.65,11,6.81
00990A,122589,2410522,34.18,404,824394,26.29,101,13.35
00990B,3166,88850,40.97,17,36406,34.4,8,10.58
00991A,336229,4481916,20.63,451,925323,16.2,119,19.3
00991B,396,259328,98.34,13,255071,97.44,9,0.29
00992A,178523,2274455,17.6,228,401029,12.89,54,21.3
00993A,46873,753591,20.88,97,157484,15.27,23,18.2
00994A,28709,271690,18.33,33,49852,13.31,9,26.01
00995A,24332,273035,15.62,28,42689,11.97,11,26.1
00996A,22715,289399,20.99,32,60798,16.15,9,22.68
00997A,68575,1148377,17.16,154,197325,10.61,30,17.19
00998A,20356,260109,35.43,28,92205,32.37,14,19.91
00999A,86511,1002017,10.18,83,102277,6.29,21,26.07
01001T,1359,583000,93.28,61,543893,90.06,28,0.5
01002T,3255,1393000,93.68,112,1305229,91.28,61,0.53
01004T,1244,730200,93.97,82,686409,90.32,38,0.32
01007T,1822,720000,92.81,82,668406,89.68,45,0.48
01009T,953,300000,90.2,61,270651,85.55,41,0.63
01010T,853,2308170,98.73,80,2279415,98.08,56,0.04
1101,510770,7523182,55.25,858,4158261,51.36,377,12.98
1101B,7414,200000,94.06,22,188157,91.25,14,2.19
1102,101857,3546563,81.79,331,2901056,79.55,200,5.97
1103,74273,832875,80.27,134,668664,76.66,86,5.8
1104,56014,686682,73.48,112,504688,67.69,46,8.13
1107,3432,10100,99.7,1,10070,99.7,1,0.29
1108,12970,404738,78.57,67,318119,74.87,43,6.47
1109,12073,341159,79.76,71,272188,72.94,36,5.92
1110,5160,572001,94.2,60,538910,91.43,36,0.96
1113O,178,840,0.0,0,0,0.0,0,63.21
1113R,381,2129,0.0,0,0,0.0,0,30.62
1201,87665,506063,63.83,66,323137,59.24,26,12.32
1203,55165,240000,90.93,50,218292,86.76,35,2.93
1204,3515,18368,45.75,6,8407,31.78,2,19.61
1207,46650,464094,77.29,48,358798,75.31,31,9.47
1210,100041,894767,65.09,131,582621,60.64,66,15.0
1212,30367,174064,44.25,45,77058,35.6,20,17.33
1213,6552,56623,81.89,13,46382,77.04,8,7.11
1215,97484,294790,56.45,32,166462,52.78,15,24.7
1216,141728,5682015,89.63,759,5094063,86.21,457,3.88
1217,137718,494513,61.7,130,305282,54.1,70,14.52
1218,82622,499999,67.17,65,335977,63.47,36,11.71
1219,52880,341238,64.15,77,218990,59.09,51,10.6
1220,47371,177078,67.88,47,120244,60.48,27,10.85
1221,18644,94974,34.2,22,32505,25.87,10,21.97
1224,3611,71910,88.36,20,63549,82.38,13,3.39
1225,43815,242268,89.43,39,216692,86.7,28,3.33
1227,53355,915090,67.23,74,615408,64.23,30,12.75
1228,1579,11108,38.0,5,4224,12.2,1,11.97
1229,103101,1831880,66.13,175,1211743,63.18,84,9.93
1231,36254,328300,64.84,27,212908,63.66,19,15.72
1232,16787,159975,73.51,10,117607,72.04,6,12.67
1233,10252,90592,75.8,27,68696,68.38,15,4.78
1234,24106,401871,83.04,136,333819,74.28,80,5.56
1235,2915,188578,96.36,15,181720,95.42,12,1.09
1236,11615,86674,83.61,23,72479,78.72,18,6.9
1238,2040,29945,11.73,4,3516,8.56,2,21.51
1240,3029,44232,69.69,25,30832,49.16,11,8.26
1256,6307,35781,59.9,10,21440,47.11,3,18.04
1259,16201,32390,78.49,9,25430,71.32,6,8.41
1260,1297,102098,76.37,30,77991,70.59,20,2.04
1264,9284,37052,47.19,16,17492,24.84,5,24.38
1268,3520,42224,78.11,17,32982,72.16,12,8.8
1269,727,20882,77.54,7,16195,72.54,5,3.46
1271,2901,77089,74.1,19,57146,64.42,7,5.71
1293,397,17094,74.31,11,12705,42.38,4,3.18
1294,4544,36626,60.21,16,22061,43.99,7,10.03
1295,3300,37600,57.92,15,21787,44.91,8,14.77
1301,292737,6365741,75.47,583,4805651,72.66,299,8.9
1303,272285,7930822,86.55,712,6866043,83.99,392,4.77
1304,99631,1188764,60.92,110,724518,57.68,47,13.69
1305,72339,581050,51.66,61,300298,48.23,25,16.68
1306,6129,44498,21.34,4,9502,19.41,2,23.55
1307,18057,397818,80.27,63,319413,77.28,41,6.71
1308,75961,593744,52.92,64,314287,49.59,31,16.33
1309,78684,397587,46.72,31,185858,43.66,11,22.02
1310,105360,527870,30.57,89,161496,24.69,34,24.67
1312,139748,1506620,60.27,183,908412,56.22,79,13.93
1312A,1270,20000,54.44,12,10891,21.4,2,13.56
1313,61653,1330846,68.48,167,911613,63.77,66,9.41
1314,303610,3784850,41.12,786,1557170,32.43,244,14.55
1315,5830,99099,81.66,43,80941,71.05,25,6.35
1316,61175,401646,41.88,81,168258,32.75,22,17.48
1319,32011,591477,80.09,104,473779,75.95,62,9.06
1321,3969,227228,70.58,93,160407,53.35,34,2.67
1323,14401,91275,70.58,36,64442,61.22,23,8.44
1324,23406,75122,66.27,20,49795,60.81,13,16.54
1325,36140,85281,48.32,10,41213,44.85,5,26.96
1326,181788,5861186,83.18,519,4876205,80.62,278,5.78
1333,15926,74515,51.19,14,38163,43.03,3,10.99
1336,12344,77614,51.83,23,40238,38.47,6,11.19
1337,52381,268955,47.42,55,127569,39.06,18,14.52
1338,55976,83840,44.09,25,36987,34.24,12,18.71
1339,7282,74124,75.17,16,55729,72.38,13,11.06
1340,61699,152923,34.64,25,52998,28.15,7,19.8
1341,9709,52851,83.71,16,44247,75.97,9,2.57
1342,8693,78001,58.58,14,45709,51.58,5,17.19
1343,1211,40514,66.17,22,26817,42.18,7,5.46
1402,87763,5352875,89.21,435,4776706,87.23,262,2.91
1407,162061,440686,35.29,76,155617,28.87,29,29.76
1407A,4916,67828,53.51,9,36304,52.88,8,18.87
1408,70685,351609,20.7,72,72860,12.54,23,29.39
1409,156542,1618409,61.46,208,995002,57.85,113,14.78
1410,6631,62000,77.03,20,47773,68.36,11,5.3
1413,8462,132112,76.05,26,100494,69.53,13,5.77
1414,26829,198000,88.72,38,175689,82.87,21,4.72
1416,45310,185342,56.22,39,104237,50.62,22,14.3
1417,55523,189942,58.39,51,110949,48.23,20,16.47
1418,30580,56834,71.58,19,40690,58.95,7,5.42
1419,16834,300041,90.8,73,272526,85.53,48,2.11
1423,18140,99648,83.33,29,83063,74.48,15,4.85
1432,257248,108000,54.5,13,58871,53.51,11,29.83
1434,64143,1684665,72.04,162,1214060,68.74,70,7.7
1435,33070,139780,94.87,24,132618,93.05,19,2.18
1436,14395,194152,76.19,37,147972,72.24,25,9.48
1437,8514,201871,79.4,73,160317,67.23,36,4.76
1438,5046,111206,83.0,28,92318,76.74,18,4.87
1439,4338,92000,85.71,31,78868,77.14,19,4.83
1440,93715,1656816,78.38,272,1298953,73.54,142,6.82
1441,14475,71744,65.0,15,46655,58.35,7,19.67
1442,8489,366211,87.48,109,320449,78.84,63,3.15
1443,15699,135343,89.95,40,121777,82.66,23,2.77
1444,60613,995595,64.14,137,638711,59.94,71,10.57
1445,11838,130666,69.02,41,90213,60.01,21,7.67
1446,8017,137710,66.29,29,91307,62.62,19,8.8
1447,42441,910071,70.14,128,638506,65.96,66,10.07
1449,45226,127115,38.45,27,48897,32.51,15,23.63
1450,15114,78811,25.83,14,20375,21.04,8,25.53
1451,16692,198000,63.72,40,126222,56.67,15,10.85
1452,47023,132641,49.65,40,65881,38.78,18,15.13
1453,14011,113243,75.67,18,85716,73.7,14,12.27
1454,13787,129834,81.61,35,105975,77.31,27,6.49
1455,34722,531688,67.08,78,356736,63.49,46,11.57
1456,4642,93720,85.43,15,80073,80.58,8,3.61
1457,16551,316730,74.96,71,237474,68.54,39,6.67
1458,21143,260748,59.79,59,155932,51.07,23,13.66
1459,12267,268972,84.03,60,226088,78.19,35,4.76
1460,23852,694643,71.97,123,500051,65.22,51,6.28
1462,61088,299802,46.4,98,139155,34.47,37,16.05
1463,33420,173268,81.73,42,141649,74.96,20,5.1
1464,63447,425576,61.86,89,263340,54.47,38,9.87
1465,10179,103607,72.53,38,75171,62.37,22,10.06
1466,21731,111157,68.86,34,76554,62.08,23,10.74
1467,17872,233625,67.29,45,157253,59.73,18,10.24
1468,1322,160405,97.55,18,156489,96.81,16,0.39
1469,336,87218,92.35,28,80568,87.63,21,0.17
1470,1196,85767,86.72,35,74389,70.27,13,0.71
1471,56283,150415,22.24,23,33483,16.96,8,29.61
1472,3581,52765,82.12,18,43342,69.47,7,2.5
1473,12548,146154,72.25,31,105616,69.35,24,9.89
1474,16293,129897,58.92,30,76551,53.26,17,13.32
1475,2290,66017,76.29,16,50381,69.0,8,4.32
1476,21947,274367,79.08,80,217046,71.5,44,8.07
1477,30750,246694,59.63,76,147142,50.12,39,16.2
1480,369,416085,98.12,59,408337,94.47,37,0.16
1491,1716,54818,59.65,24,32709,46.3,13,3.37
1492R,86,526,0.0,0,0,0.0,0,36.14
1503,79507,520972,73.63,67,383635,70.92,44,14.18
1504,201307,2376441,70.64,238,1679088,67.85,126,14.27
1506,21315,300389,77.29,47,232210,71.35,16,4.18
1512,19998,98183,54.04,19,53063,47.95,8,9.41
1513,156624,503113,45.61,81,229600,40.94,43,35.31
1514,102231,278571,41.02,58,114327,33.42,25,35.06
1515,24671,181474,48.76,33,88503,40.31,10,21.88
1516,45028,40008,64.82,15,25938,58.69,11,11.89
1517,46208,220000,48.7,30,107189,44.55,15,22.18
1519,86142,347469,73.84,77,256644,68.16,46,13.37
1521,23437,76230,68.06,12,51894,66.44,10,13.31
1522,30139,312898,57.75,51,180745,52.47,24,19.78
1522A,1391,30000,87.74,10,26328,80.53,7,4.19
1524,45483,165310,38.65,21,63916,36.17,13,30.92
1525,3181,73400,89.38,9,65615,86.63,6,5.49
1526,52378,60000,38.0,12,22804,29.94,3,24.02
1527,64329,138571,33.55,22,46522,28.97,11,28.51
1528,91246,191331,29.56,10,56589,27.74,4,38.49
1529,28749,155095,45.52,21,70629,42.04,12,25.44
1530,10732,94594,75.93,15,71835,70.06,6,11.05
1531,12810,182108,64.08,52,116725,54.13,21,9.33
1532,19373,422604,66.5,106,281052,58.8,52,8.37
1533,9966,98547,63.25,35,62346,52.11,18,17.45
1534,4103,67733,46.92,19,31799,35.3,7,13.12
1535,9846,123743,75.73,10,93719,75.31,9,11.09
1536,83768,278960,33.63,53,93869,27.64,25,31.26
1537,15834,82063,51.04,24,41902,43.01,14,24.52
1538,7615,32300,78.45,7,25345,70.77,3,6.67
1539,5269,65370,61.14,11,39972,60.51,10,15.67
1540,41200,85474,34.77,21,29740,23.2,5,31.87
1541,2429,78800,83.76,15,66023,79.46,10,4.72
1557,113,1722,30.57,1,527,0.0,0,13.88
1558,27594,64536,38.61,30,24927,16.36,8,23.0
1560,24323,151879,64.69,65,98271,49.14,28,11.66
1563,14656,169206,46.25,53,78281,36.49,24,13.13
1565,37566,50417,16.88,10,8517,10.49,4,38.1
1568,9662,103087,64.96,31,66993,57.12,18,12.93
1569,24358,144247,50.89,33,73430,43.16,14,14.24
1570,34887,51501,55.26,11,28470,44.49,2,11.35
1580,27753,49339,38.61,14,19058,29.88,8,26.83
1582,66525,144269,30.87,25,44569,25.75,12,35.12
1583,2509,109400,91.25,17,99839,89.51,14,3.01
1584,56163,232471,41.06,35,95483,36.73,18,22.08
1585,934,57700,65.76,33,37958,46.04,13,3.11
1586,12036,129500,73.02,51,94602,60.51,24,8.55
1587,11869,80056,46.46,20,37213,37.9,8,20.43
1589,43145,153136,28.35,30,43458,21.0,11,25.0
1590,6469,200000,72.86,102,145747,53.13,38,1.71
1591,32343,38048,20.4,9,7765,8.04,1,21.66
1592,6278,110978,26.47,25,29390,18.1,8,15.24
1593,3307,39785,50.05,18,19914,35.43,9,14.03
1594,651,33220,82.82,12,27515,75.4,8,3.3
1595,9336,57725,48.53,22,28026,36.45,12,17.92
1597,20120,89262,50.87,34,45432,36.93,15,27.18
1598,10594,179142,60.65,49,108704,53.47,30,11.5
1599,11798,73029,65.1,21,47556,56.97,12,17.02
1601,16642,106264,11.58,13,12320,6.31,3,25.93
1602,273874,386139,12.17,26,47056,9.57,9,58.26
1603,13496,191688,72.7,30,139369,69.46,21,12.61
1604,101780,384200,58.56,74,225035,52.61,36,17.13
1605,249747,4431333,75.35,366,3339579,72.96,194,9.99
1606,77440,769418,15.94,119,122745,9.54,31,24.54
1608,49182,632774,66.32,61,419782,63.07,28,15.16
1609,196405,785262,32.62,110,256249,28.6,59,30.73
1611,87095,322736,52.88,80,170734,44.32,34,20.33
1612,37559,316080,61.1,65,193183,55.49,33,17.34
1613,22766,227418,57.74,67,131348,47.38,28,9.98
1614,4563,269113,83.16,84,223845,75.53,51,2.26
1615,8711,198630,80.72,35,160376,76.86,22,6.56
1616,14699,194149,59.98,26,116507,56.59,16,15.8
1617,11838,169515,75.3,37,127687,69.12,22,10.09
1618,22151,192692,57.78,29,111366,53.47,15,21.35
1623,5866,66000,77.09,13,50887,73.47,9,10.79
1626,9879,149822,69.5,49,104150,60.15,27,8.81
1702,64049,294133,57.9,31,170382,54.85,16,19.78
1707,68594,148137,52.61,54,77979,40.66,25,22.49
1708,86438,249002,38.81,40,96697,33.5,20,34.36
1709,41065,477016,71.41,126,340712,62.84,61,9.45
1710,59700,885703,62.24,133,551358,56.93,60,11.99
1711,97820,547752,44.87,93,245864,39.6,43,24.46
1712,82389,420493,56.38,116,237110,47.64,58,14.91
1713,23570,150952,74.3,30,112195,67.62,12,7.37
1714,107302,991825,52.82,146,524005,47.62,59,16.05
1717,98958,1184245,67.44,239,798925,61.51,126,14.11
1718,192123,1685906,51.83,217,874253,46.9,83,17.33
1720,16073,196566,65.0,31,127814,61.48,18,12.74
1721,67928,184884,37.65,33,69652,31.59,14,28.2
1722,122523,980000,64.0,153,627442,58.63,68,12.43
1723,62617,236904,52.5,38,124438,47.01,15,21.55
1725,3611,181830,94.44,20,171742,93.1,16,2.67
1726,9500,162000,85.43,28,138419,83.57,23,4.83
1727,21265,128020,58.17,30,74475,50.27,13,22.52
1729,4208,180688,91.39,47,165190,85.84,32,3.55
1730,10059,63234,57.3,11,36241,53.73,8,25.35
1731,18432,132915,55.69,15,74028,51.75,7,14.96
1732,38032,42444,46.4,5,19696,44.13,4,28.5
1733,38240,99950,44.4,21,44399,31.9,4,20.17
1734,70466,190197,49.51,41,94208,41.32,17,18.43
1735,8370,99388,78.41,12,77935,77.81,11,9.7
1736,7870,303395,88.4,45,268240,83.2,23,3.31
1737,74653,200000,62.26,23,124559,59.21,13,18.15
1742,11299,92671,80.8,27,74896,72.71,15,4.26
1748,709,14304,39.61,3,5668,36.48,2,16.91
1748R,105,529,0.0,0,0,0.0,0,61.98
1752,8140,100988,64.27,21,64925,58.87,13,15.52
1760,38986,85739,42.98,22,36868,33.89,8,26.18
1762,53914,76918,46.24,17,35585,36.1,5,21.53
1773,17018,300000,73.8,54,221449,68.34,27,7.93
1776,3247,60107,66.86,33,40196,44.14,13,9.0
1777,3328,44592,59.84,9,26691,54.19,5,11.74
1780,2634,109075,78.25,44,85374,62.96,19,4.32
1781,35695,47408,44.88,22,21283,23.54,6,21.8
1783,38072,89698,63.91,19,57341,56.1,7,10.68
1784,34531,53121,28.82,15,15317,18.13,6,25.5
1785,132621,595951,42.8,107,255146,36.85,52,27.82
1786,44820,74828,51.18,24,38307,44.4,16,17.5
1788,7747,44521,49.79,15,22176,40.09,8,23.3
1789,24671,790739,76.99,54,608888,74.73,23,6.23
1794,131,1322,0.0,0,0,0.0,0,16.46
1795,41124,266738,57.15,30,152495,52.5,10,22.17
1796,7600,41460,55.76,12,23129,45.18,5,8.47
1799,18925,248776,66.26,22,164908,64.06,12,10.56
1802,200834,2908061,76.35,170,2221282,74.45,82,12.86
1805,9289,134970,77.47,38,104588,70.4,23,4.76
1806,24620,390404,74.78,61,292001,70.89,36,9.66
1807,7551,114399,47.39,37,54223,38.23,20,12.55
1808,27578,893032,80.82,94,721897,78.99,65,6.55
1809,53665,167042,47.98,31,80175,43.23,18,30.8
1810,24574,302304,61.82,70,186960,56.32,43,17.61
1813,9050,46636,47.73,16,22269,33.67,5,23.38
1814,451,18982,78.82,12,14966,53.7,5,4.45
1815,139815,585459,56.97,96,333614,52.93,59,23.74
1816,900,24515,94.8,2,23242,91.94,1,1.83
1817,4509,72600,64.99,26,47189,58.35,17,11.54
1818,135,11635,75.49,7,8785,63.87,5,1.46
1819,136,33504,84.42,17,28292,65.69,9,0.51
1903,20875,260039,81.23,66,211295,74.89,41,4.05
1904,323929,1108275,68.41,145,758342,64.06,73,12.71
1905,71258,1102835,71.61,70,789939,69.23,27,13.13
1906,12487,151000,74.38,26,112337,70.14,17,10.76
1907,81942,1660371,85.44,209,1418978,82.12,121,5.08
1909,84408,1327686,68.36,169,907769,64.11,74,8.29
1918,30822,241215,20.82,26,50296,17.84,15,31.72
2002,1314824,15734861,53.22,1488,8377111,49.51,472,15.92
2002A,5367,38268,21.78,10,8342,8.37,2,28.32
2006,59198,730214,80.88,157,590710,74.97,92,7.67
2007,27530,530652,76.79,14,407617,75.66,4,9.03
2008,7482,190852,92.56,18,176678,91.23,14,3.15
2009,47592,359622,58.35,19,209908,56.32,8,24.38
2010,34695,647655,69.33,121,449118,65.08,75,10.31
2012,44592,302163,83.85,79,253403,74.58,33,5.0
2013,43824,200000,79.47,24,158975,77.31,17,11.07
2014,173313,1435544,50.76,102,728874,47.93,36,19.85
2015,11668,581599,88.24,152,513248,82.13,93,2.82
2017,40965,446875,61.52,66,274995,56.97,31,12.94
2020,59742,267031,50.93,53,136064,44.69,29,16.84
2022,62304,337168,40.45,32,136449,37.12,14,21.77
2023,101322,1821240,79.37,118,1445989,77.72,67,7.08
2024,50397,97500,83.02,13,80957,80.78,9,6.93
2025,30247,172661,63.25,31,109256,59.37,19,11.31
2027,105092,2584261,77.99,376,2015765,73.85,202,6.89
2028,21363,325715,83.45,39,271869,81.29,28,6.36
2029,14131,321180,71.78,27,230614,67.72,5,8.57
2030,55205,280526,53.96,52,151459,48.89,30,18.2
2031,65448,321146,58.43,61,187722,53.45,35,16.63
2032,12137,130522,59.29,42,77419,48.96,20,17.81
2033,4540,80695,78.19,29,63108,66.08,15,6.88
2034,38024,528996,50.64,106,268037,43.98,46,15.75
2035,20753,350000,96.57,23,338057,96.1,21,0.64
2038,26053,194134,53.99,27,104856,49.48,13,17.12
2049,63529,353792,71.34,116,252423,60.81,57,12.91
2052R,5552,9170,10.19,2,935,0.0,0,49.43
2056,254,105000,93.38,44,98068,85.71,33,0.43
2058,37105,305301,25.97,63,79376,18.49,22,17.05
2059,48931,95297,65.71,33,62632,54.16,15,5.68
2060,135,35739,87.22,4,31173,87.22,4,0.33
2061,11739,57378,47.6,24,27316,30.42,7,16.29
2062,11500,199994,61.64,39,123318,55.4,16,12.69
2063,3384,48101,52.69,19,25353,37.55,7,12.64
2064,1622,69330,83.08,30,57608,72.44,16,4.44
2065,49495,63517,51.98,17,33030,44.29,10,19.1
2066,3115,44450,68.74,19,30561,53.56,8,11.26
2067,2236,45138,56.54,12,25528,49.07,6,10.11
2069,9162,166387,64.19,48,106839,53.69,20,12.27
2070,5281,41783,62.99,19,26328,47.35,8,19.85
2071,907,69046,85.14,25,58804,73.64,12,1.99
2072,10290,192000,74.28,25,142657,71.29,15,8.45
2073,645,27500,75.22,15,20687,51.61,6,3.27
2101,37065,733935,64.71,132,475109,58.53,58,8.8
2102,79244,473329,81.84,66,387445,77.97,37,5.53
2103,82498,825710,58.77,119,485426,54.23,56,11.64
2104,107852,984734,45.01,197,443410,37.2,71,12.4
2105,81112,3241416,80.68,318,2615721,77.7,159,5.75
2106,33152,954890,79.83,161,762510,74.89,82,5.28
2107,47906,303593,64.39,72,195526,59.05,44,13.36
2108,53112,492417,71.01,95,349762,65.4,54,11.34
2109,35122,279349,74.66,71,208607,66.68,35,5.73
2114,5324,77992,65.4,18,51022,59.15,9,10.75
2115,3628,104373,70.86,37,73991,58.77,17,5.68
2201,94559,1070001,63.61,102,680744,60.36,49,14.11
2204,42411,553620,73.76,62,408491,71.06,38,11.71
2206,67926,773676,85.44,103,661261,81.65,60,5.98
2207,13383,557103,89.83,114,500504,83.42,54,1.49
2208,123606,1274539,54.8,145,698711,49.73,41,15.12
2211,24641,417091,81.19,59,338734,77.52,35,7.26
2221,3853,42325,66.58,6,28184,64.24,4,12.4
2227,7485,300000,93.51,11,280532,93.27,10,3.54
2228,9757,79780,55.86,13,44573,53.88,10,20.71
2229,59,1462,41.04,1,600,0.0,0,7.78
2230,11483,68030,46.39,26,31580,33.48,13,15.81
2231,13710,135932,65.29,28,88763,60.99,18,15.19
2233,38575,60289,42.57,12,25672,34.51,4,27.49
2235,1368,35878,83.99,12,30137,76.08,8,6.64
2236,3252,63517,73.48,23,46677,65.81,14,6.62
2237,3318,128886,76.88,22,99116,70.63,8,4.77
2239,2712,117713,80.06,17,94263,77.27,12,4.32
2241,28881,104602,42.04,32,43991,31.82,13,16.15
2243,2844,77374,67.9,35,52548,55.31,17,6.62
2245,500,35640,80.22,12,28596,66.91,5,2.27
2246,2884,42613,68.53,3,29213,65.07,1,9.19
2247,7957,80711,76.68,14,61904,72.7,8,9.84
2248,931,47600,77.46,16,36886,67.57,9,2.98
2249,1256,25538,70.79,13,18085,54.36,6,7.73
2250,9448,36388,51.37,4,18698,48.97,3,20.96
2252,1743,106618,80.8,19,86160,75.98,10,3.4
2254,2667,63908,93.34,16,59670,88.0,11,1.48
2255,1936,60932,80.19,20,48883,71.33,10,4.51
2256,2301,39024,58.16,16,22704,42.12,5,10.66
2258,8948,1751425,93.91,54,1645189,92.83,25,1.11
2301,184443,2316108,81.26,473,1882506,75.57,273,9.07
2302,24941,166303,61.14,18,101730,56.69,6,22.16
2303,998796,12570094,74.37,1227,9350623,71.57,674,12.45
2305,22848,205661,65.02,27,133755,60.75,12,15.05
2308,631595,2597543,80.39,565,2088708,73.44,273,8.62
2312,201024,1506180,48.77,214,734916,44.44,105,24.11
2313,294773,1233821,59.59,214,735394,54.44,115,25.65
2314,53102,108596,11.5,14,12502,5.51,3,43.78
2316,61176,182741,64.49,44,117884,56.89,21,20.32
2317,1143217,14075746,69.46,1441,9778622,66.77,829,13.11
2318,28535,106029,27.0,15,28650,22.8,7,30.0
2321,14519,30272,71.37,3,21606,71.37,3,14.13
2323,129938,1089348,45.91,210,500312,38.7,82,17.54
2324,316973,4407147,64.58,618,2847111,60.47,328,15.6
2326,48280,40335,12.69,6,5131,6.51,2,45.73
2327,614451,2058731,67.71,347,1394517,63.29,199,18.41
2328,118625,518346,40.98,60,212554,37.19,29,30.37
2329,129221,658948,50.06,64,330018,46.32,25,26.02
2330,3019610,25932370,87.57,2628,22713791,84.82,1485,5.84
2331,56698,557403,58.82,67,327962,54.13,21,17.99
2332,104428,602163,34.07,98,205280,29.23,45,23.92
2333,87658,277761,29.03,56,80698,20.36,18,32.84
2335,6028,49483,35.58,13,17615,25.39,4,20.04
2337,493383,1986261,40.84,295,811651,36.37,147,33.4
2338,81420,366849,47.11,54,172888,41.78,25,25.33
2340,109800,438623,38.05,56,166955,33.34,22,27.07
2341,23860,6852,86.94,1,5957,86.94,1,8.91
2342,142128,157335,36.6,12,57622,33.35,5,38.17
2344,550101,4720491,69.7,547,3290860,66.09,279,16.14
2345,95441,561118,70.61,223,396321,56.6,99,5.57
2347,41187,1667947,88.69,256,1479730,84.99,158,4.17
2348,25362,159486,69.39,30,110692,65.26,20,13.1
2348A,2652,30000,65.86,6,19763,55.71,2,7.11
2349,143413,693680,28.74,122,199514,21.87,42,26.81
2351,20127,195534,77.33,77,151249,67.41,47,9.8
2352,193492,1580507,48.14,203,761083,43.39,78,19.75
2353,392335,3047854,37.76,369,1151417,33.37,151,25.51
2354,187008,1414485,49.35,128,698332,46.61,67,25.79
2355,76325,397495,40.98,97,162960,33.9,49,29.69
2356,247312,3587475,73.96,390,2654030,70.79,207,13.38
2357,111422,742760,75.24,219,559002,65.37,104,10.01
2358,39736,136623,28.0,17,38260,24.24,8,27.36
2359,63288,171471,47.94,39,82239,40.57,20,33.56
2360,32091,425246,70.38,189,299335,52.78,70,3.01
2361,19313,46544,52.96,6,24656,47.23,2,20.72
2362,31370,622263,81.16,114,505150,77.21,75,7.71
2363,130157,514988,34.64,61,178485,30.61,27,34.47
2364,56119,52389,56.96,12,29848,51.35,7,21.93
2365,98589,221528,23.42,26,51924,20.0,14,44.45
2367,190370,706253,28.71,87,202869,25.08,45,41.35
2368,105596,530595,77.02,126,408757,68.59,56,8.54
2369,127337,380102,31.52,54,119880,27.02,27,37.31
2371,269832,2150835,47.78,285,1028088,43.02,118,19.45
2373,14163,236203,87.27,27,206176,86.21,23,6.89
2374,105227,337992,25.6,39,86586,21.91,19,38.69
2375,78068,108675,23.3,17,25334,15.29,4,54.94
2376,95265,669889,72.34,160,484741,64.57,80,13.7
2377,100333,844856,67.62,190,571493,60.84,100,16.66
2378,17780,141056,33.79,25,47687,26.97,9,20.35
2379,87708,515513,73.96,208,381366,59.42,88,6.85
2380,23403,60000,35.87,8,21527,32.78,5,32.33
2381,2565,119,0.0,0,0,0.0,0,32.56
2382,279882,4107627,85.1,512,3496575,81.56,287,7.88
2383,106916,358321,67.88,132,243270,55.93,62,6.04
2384,157974,2047778,28.02,329,574157,20.93,96,18.89
2385,51725,765721,74.36,178,569506,68.04,101,11.2
2387,16955,195251,58.17,29,113621,52.58,13,17.92
2388,53363,556441,72.33,75,402576,68.3,40,13.94
2390,62169,192619,38.94,24,75042,34.0,9,26.46
2392,65618,512327,50.77,63,260165,46.44,24,23.43
2393,51244,443393,67.15,124,297817,59.53,70,14.04
2395,36591,869187,84.89,207,738052,77.23,95,3.1
2396,56596,1276356,45.52,238,581390,37.14,63,10.88
2397,9216,114489,69.11,17,79148,64.34,10,13.66
2398,38417,412989,36.58,47,151133,32.66,20,19.17
2399,54777,178100,30.53,33,54406,23.77,15,37.44
2401,131369,591995,41.59,99,246332,35.66,41,25.52
2402,82815,307537,37.72,49,116051,32.64,23,33.32
2404,69281,190587,53.37,70,101742,38.67,27,19.12
2405,97035,343427,24.81,48,85264,19.5,17,30.63
2406,116167,350906,24.49,58,85971,17.21,21,37.85
2407,48661,734805,37.89,178,278552,27.9,56,11.9
2408,345732,3450206,83.72,324,2889602,81.03,172,8.27
2409,613156,7547099,51.92,900,3920182,47.4,339,16.62
2410,12542,160001,36.35,51,58208,23.71,16,11.17
2412,304310,7757447,79.24,519,6148334,77.53,302,6.81
2413,27215,127359,56.68,25,72212,50.54,13,24.61
2414,15722,161736,59.53,44,96322,49.68,18,14.19
2415,8852,90000,63.64,20,57282,58.53,12,16.77
2417,61685,157219,42.04,20,66132,39.0,12,32.52
2418,64456,1023130,47.81,137,489370,42.16,39,12.99
2419,38130,321317,64.72,15,207997,62.24,1,18.04
2420,39086,152649,48.54,37,74121,39.33,15,21.28
2421,54474,286944,64.26,102,184421,52.8,46,15.76
2423,6185,145047,75.91,33,110126,69.54,17,6.06
2424,4328,59585,80.85,6,48185,79.18,5,7.46
2425,44161,96499,47.15,21,45524,38.46,7,28.16
2426,110869,300622,46.02,56,138395,40.98,34,28.37
2427,21707,198000,53.69,15,106366,49.75,4,21.19
2428,19263,128113,59.79,29,76620,51.75,13,19.0
2429,27478,85500,48.39,14,41386,42.61,7,23.53
2430,37991,116800,63.33,24,74013,56.92,11,15.34
2431,51632,110927,42.37,16,47011,36.0,4,23.25
2432,1259,61860,77.54,9,47973,72.93,4,4.62
2433,7867,144496,78.98,18,114139,77.79,14,10.28
2434,5980,37000,78.19,3,28934,74.38,1,13.89
2435,8965,74722,32.66,10,24423,28.74,4,21.87
2436,75973,221025,26.71,47,59079,18.38,20,41.53
2438,26475,71196,58.54,21,41689,49.52,12,15.71
2439,71958,248641,29.76,52,74058,21.67,20,35.49
2440,8652,139117,70.28,26,97794,67.57,19,10.32
2441,60673,568846,68.41,86,389223,63.05,38,17.27
2442,49980,325232,54.51,51,177368,48.73,22,12.99
2443,30669,150909,55.25,45,83395,45.97,24,12.9
2444,36096,101570,27.12,20,27557,18.16,5,22.46
2445,6213,48163,15.7,7,7571,12.45,4,26.56
2449,270368,1283882,60.96,273,782912,54.89,148,21.06
2450,17534,258253,76.82,17,198445,75.97,14,11.32
2451,45354,431346,71.02,63,306407,65.31,26,13.33
2453,25353,100000,48.09,15,48102,41.48,5,27.71
2454,570374,1603879,73.84,498,1184523,63.76,237,8.01
2455,62353,188173,57.47,79,108186,40.72,31,18.38
2457,112441,424772,29.32,55,124663,24.17,20,30.72
2458,63565,303880,57.5,83,174752,48.84,42,21.43
2459,15079,105596,53.31,33,56315,41.95,11,14.18
2460,44655,169200,58.12,20,98373,53.65,7,15.98
2461,50003,191888,45.63,53,87598,37.11,26,17.28
2462,26126,150784,55.75,35,84105,50.31,21,17.03
2464,85807,218869,50.79,54,111234,43.68,28,26.27
2465,48807,93946,41.82,20,39304,31.83,5,28.11
2466,5250,173459,87.45,51,151723,81.04,33,4.41
2467,46838,161810,69.39,56,112319,58.65,30,12.25
2468,10592,69961,51.57,4,36084,50.02,2,27.39
2471,36709,47254,24.53,16,11599,6.74,1,41.48
2472,38027,164735,57.69,48,95077,48.51,24,26.33
2474,52914,538821,71.64,89,386105,66.98,53,14.13
2475,226607,6479454,71.17,1102,4612654,64.6,429,6.13
2476,19314,220145,67.8,61,149281,59.95,33,11.9
2477,11634,158573,73.48,40,116541,66.99,23,11.02
2478,58907,144731,58.05,53,84043,46.36,23,23.5
2479,13055,37738,32.47,6,12261,25.69,1,31.61
2480,41985,106360,31.83,36,33874,18.13,11,26.47
2481,107095,382115,55.25,72,211212,50.81,46,29.21
2482,38617,77883,40.6,13,31628,35.02,6,29.38
2483,9512,107890,63.57,29,68599,56.07,16,15.65
2484,90373,159421,22.81,31,36397,14.83,11,49.83
2485,137128,317689,23.49,38,74656,19.98,19,47.67
2486,89839,240767,37.89,53,91277,30.74,26,30.5
2488,40625,79999,52.68,24,42155,44.64,13,17.89
2489,134250,610000,29.68,79,181162,25.27,35,36.83
2490,15417,162918,21.41,30,34910,15.41,12,21.72
2491,13328,82008,75.23,27,61714,66.38,15,11.19
2492,114592,485205,66.11,69,320817,62.7,44,21.96
2493,46871,126797,49.69,33,63029,40.35,15,23.76
2494,10286,41493,81.48,10,33814,73.06,5,9.76
2495,38182,273552,50.67,45,138666,46.01,24,22.87
2496,4233,19100,49.57,9,9470,35.07,4,18.74
2497,11968,130888,65.38,32,85613,57.71,17,15.65
2498,163982,836440,39.03,139,326630,33.71,67,26.5
2499,47824,461172,44.19,81,203845,37.98,35,15.36
2501,44125,1159561,77.48,157,898593,72.83,74,7.4
2504,89935,1180000,75.16,204,887056,70.17,110,7.05
2505,23795,380000,79.96,67,303933,75.96,40,6.27
2506,65407,387000,77.28,77,299145,71.77,44,8.67
2509,16399,224551,69.65,44,156462,63.89,23,9.98
2511,46017,1623326,80.69,292,1310101,75.4,151,3.7
2512,43916,489972,34.23,96,167810,25.06,22,14.73
2514,17709,394729,88.12,49,347913,85.09,30,3.77
2515,139489,1607904,60.25,322,969022,52.59,122,10.06
2516,49039,226278,73.07,63,165373,65.53,38,6.94
2520,76945,609487,74.56,96,454525,70.72,58,8.66
2521,25299,319534,35.26,57,112767,25.85,11,15.89
2523,14039,228037,44.72,58,102027,35.99,25,12.23
2524,7570,365984,93.22,37,341241,91.6,27,2.34
2525,52529,650658,31.81,172,207055,20.37,50,15.08
2527,7623,270306,80.99,35,218954,76.05,13,4.75
2528,8319,437765,84.7,88,370841,79.55,50,2.84
2530,31005,841256,85.87,141,722537,81.94,90,2.35
2533,14043,152965,38.32,37,58636,26.11,7,17.04
2534,63160,474228,72.81,112,345356,66.02,62,7.63
2535,63433,270794,60.97,65,165138,54.83,34,14.98
2536,8391,332809,78.07,81,259904,69.95,40,4.14
2537,43334,300558,61.3,74,184304,53.48,36,11.91
2538,28711,445025,73.98,128,329321,65.73,69,4.71
2539,20440,1193103,86.83,122,1036229,84.31,72,3.14
2540,17562,944874,91.07,81,860730,89.1,53,2.77
2542,104131,2153084,66.15,234,1424634,62.83,115,9.93
2543,32237,528542,71.39,73,377420,67.68,40,9.21
2545,16444,379735,76.75,43,291526,73.95,25,8.46
2546,53239,130524,62.78,20,81975,58.99,11,14.06
2547,74428,1035095,70.78,190,732875,63.95,80,5.85
2548,40611,335705,49.84,100,167348,38.67,42,18.93
2553,19291,81611,18.91,13,15457,11.15,4,33.83
2566,325,2416,0.0,0,0,0.0,0,31.89
2569,61,11552,83.38,2,9634,74.73,1,0.61
2591,80,817,0.0,0,0,0.0,0,18.25
2592,57,10494,90.43,4,9490,82.1,3,1.35
2596,3238,100000,72.33,29,72356,61.79,14,5.71
2597,12954,310716,81.36,41,252839,78.09,25,5.21
2599,1377,98524,66.04,41,65076,51.78,16,2.09
2601,110274,824776,32.03,107,264479,26.54,34,22.9
2603,273335,2165043,75.21,375,1628943,70.01,199,12.09
2605,106747,585353,54.21,113,317433,48.25,54,19.56
2606,45636,845056,79.01,118,667847,75.09,67,9.45
2607,39012,533571,78.08,91,416697,71.35,36,8.7
2608,51942,467000,76.55,69,357562,71.52,33,10.62
2609,364836,3492104,61.98,314,2165065,59.14,152,20.18
2610,243699,6144989,73.08,545,4492089,70.19,257,9.26
2611,50625,189002,48.06,26,90868,44.1,12,22.01
2612,36727,197485,76.33,18,150786,71.5,3,10.02
2613,40163,148423,56.3,29,83604,49.57,11,21.26
2614,100831,327265,46.33,45,151663,41.34,19,23.06
2615,96704,2806146,89.27,305,2505569,86.4,174,4.84
2616,213724,137282,44.75,17,61456,41.0,9,29.93
2617,28028,417294,64.57,63,269473,59.04,26,14.36
2618,196834,5400444,82.43,670,4452953,79.22,397,6.45
2626,296,2885,0.0,0,0,0.0,0,25.25
2630,23405,209438,64.2,13,134500,61.7,4,20.4
2633,104468,5628293,86.95,294,4894650,85.16,136,4.15
2634,116959,941867,48.69,69,458795,46.37,34,23.58
2636,55390,141835,44.5,36,63156,36.48,18,28.48
2637,24271,746409,83.64,145,624398,78.58,85,5.09
2639,1106,99999,99.01,2,99010,99.01,2,0.48
2640,3480,59265,73.78,25,43735,58.3,11,6.31
2641,80233,330334,28.34,46,93680,22.63,13,28.32
2642,19590,95467,60.38,7,57646,60.38,7,26.99
2643,4289,35000,63.97,9,22390,58.79,7,17.61
2644,2504,82952,80.03,34,66400,74.84,28,4.01
2645,31211,374571,80.69,30,302318,78.08,14,9.84
2646,241825,3008735,65.36,137,1967095,63.63,53,16.19
2701,14749,449968,86.33,37,388561,84.41,24,3.64
2702,12362,156613,73.71,18,115464,72.55,15,9.47
2704,30497,366923,88.75,70,325696,83.73,43,3.12
2705,83201,191313,66.65,43,127573,60.03,23,14.0
2706,16076,499998,85.4,58,427117,81.56,26,3.62
2707,18043,127403,60.9,17,77619,54.75,4,19.61
2712,2010,105000,90.79,19,95351,86.86,13,3.38
2714,3936,1138,0.0,0,0,0.0,0,87.1
2718,2637,87576,88.24,16,77286,88.24,16,3.53
2719,3291,69456,90.67,4,62977,89.18,2,5.12
2720,2751,80000,61.03,27,48837,48.9,12,3.59
2722,4935,143170,87.19,31,124855,82.09,20,4.94
2723,8960,180000,69.69,40,125484,61.81,18,8.8
2724,1025,59656,84.77,10,50580,81.32,6,1.79
2726,2449,37690,65.01,16,24507,49.87,7,8.73
2727,148863,82940,38.68,34,32099,18.58,8,26.09
2729,6225,43041,67.77,13,29171,59.22,8,16.14
2730,2322,37215,86.67,2,32256,86.67,2,2.97
2731,30695,93278,42.62,21,39784,33.75,9,29.63
2732,6068,46519,59.09,19,27491,54.13,14,20.57
2733,683,24598,77.51,8,19069,75.36,7,4.52
2734,28725,57260,38.98,13,22326,31.34,6,24.91
2736,6313,79972,55.95,17,44764,46.33,7,14.28
2738,57,67381,97.88,6,65966,94.86,3,0.02
2739,5371,91526,73.82,20,67582,69.11,13,10.22
2740,2927,16762,72.53,2,12158,72.53,2,2.81
2741,1726,22588,64.85,8,14655,48.86,3,12.18
2743,6757,46815,52.86,8,24755,50.27,6,24.52
2745,5266,33809,51.28,5,17339,51.28,5,24.89
2748,9577,105779,61.46,6,65021,59.44,2,16.88
2749,248,20800,75.15,16,15634,33.27,2,2.43
2750,180,60000,98.53,18,59126,88.06,10,0.13
2751,1564,19844,60.32,1,11970,60.32,1,11.3
2752,2602,26694,63.58,16,16976,40.59,6,9.01
2753,11812,66645,55.03,19,36686,43.76,8,16.91
2754,4361,46907,73.1,6,34296,66.51,1,11.72
2755,3864,47081,66.46,16,31300,58.45,9,10.27
2756,1620,24598,71.57,13,17608,53.58,6,8.55
2758,7440,20486,73.57,13,15075,46.27,6,8.08
2760,170,13000,88.88,6,11556,84.01,5,1.1
2761,667,17337,57.63,9,9996,46.07,6,5.94
2762,6095,112500,85.49,21,96207,80.89,13,5.15
2801,277514,12060197,77.79,1314,9384405,74.05,573,3.77
2807,7184,3162,0.0,0,0,0.0,0,75.76
2811,52232,292500,34.55,66,101103,26.43,28,22.92
2812,249173,6425075,59.07,836,3796909,53.98,270,6.78
2816,10541,223608,81.2,36,181643,75.52,14,4.54
2820,73685,1342960,65.79,151,883839,62.01,65,8.02
2825,9440,12536,5.69,1,714,0.0,0,59.87
2827,30312,129587,36.75,31,47642,29.7,16,20.49
2831,42063,1192640,62.08,167,740655,57.22,70,7.67
2832,19588,253540,69.19,52,175472,62.88,25,7.74
2834,393662,10398326,60.81,1426,6325320,55.18,434,6.4
2836,35494,1858316,85.53,175,1589821,82.76,87,3.21
2836A,2791,40000,38.96,8,15584,33.25,5,7.92
2838,51018,4607829,90.45,264,4168981,88.8,136,1.78
2838A,5996,200000,68.75,42,137536,62.33,23,6.09
2841,60336,960944,57.39,179,551750,50.11,62,7.38
2845,99634,4865285,75.67,609,3682941,70.99,235,3.72
2849,9870,1957609,98.46,57,1927853,97.99,42,0.51
2850,17910,315963,67.73,91,214045,57.77,43,9.56
2851,27814,800389,71.04,122,568769,65.93,53,7.34
2852,21720,301164,66.72,107,200988,54.75,53,7.25
2855,58600,1601414,76.91,235,1232119,71.96,104,5.35
2880,472659,14056135,82.05,1122,11536174,79.63,559,4.06
2881,377484,14007365,86.77,1019,12156218,84.56,517,4.28
2881A,18332,600000,90.51,68,543184,88.07,44,3.32
2881B,18138,666660,94.9,69,632763,91.98,40,1.89
2881C,53254,333330,84.94,52,283216,81.47,32,6.07
2882,399756,14669210,85.9,1245,12604070,83.52,674,4.66
2882A,18543,833300,95.01,84,791898,93.23,61,1.71
2882B,19080,700000,96.0,60,672115,94.25,42,1.66
2883,720462,16974847,69.14,1912,11739918,65.36,851,6.57
2883B,68696,1582142,66.28,397,1048889,56.32,146,6.55
2884,624261,17723510,74.44,2170,13196819,70.26,954,6.42
2885,451346,13331150,82.96,1275,11062687,80.26,692,5.05
2886,457772,14833378,83.37,824,12369635,81.86,461,5.64
2887,712652,25115062,75.59,2962,18992922,71.59,1283,4.62
2887E,12860,500000,85.89,59,429585,83.83,44,3.2
2887F,13068,300000,89.47,33,268451,85.91,19,3.46
2887G,16858,75000,47.31,23,35497,34.74,8,11.27
2887H,20535,219668,70.36,60,154602,63.21,34,6.71
2887I,267342,3096421,73.87,574,2287729,67.08,243,8.55
2887Z1,18040,300000,89.92,25,269815,87.43,14,3.1
2889,221114,3633563,72.41,355,2631416,69.71,198,7.63
2890,452685,14782169,81.14,1589,11995242,78.01,842,4.44
2891,582963,19675933,81.86,1883,16110669,79.02,963,5.09
2891B,24747,333330,95.9,38,319716,93.54,25,2.35
2891C,24168,166660,93.69,22,156169,90.86,16,3.59
2892,437068,14379469,72.16,1696,10379306,68.24,754,5.63
2897,27519,2805358,86.45,347,2425918,82.38,163,2.37
2897B,4868,250000,83.38,60,208500,77.81,37,4.06
2901,13631,73043,79.14,20,57826,71.6,10,7.87
2902,11479,146533,47.82,41,70116,36.77,18,12.61
2903,58414,1416941,80.07,162,1134794,76.84,84,6.32
2904,16850,77834,54.27,9,42251,50.17,4,17.14
2905,27041,1110372,84.5,129,938467,81.26,69,3.61
2906,17635,209117,65.06,35,136098,59.19,14,11.65
2908,10817,509888,92.22,55,470336,89.8,35,2.38
2910,1365,175403,96.62,40,169521,92.96,31,0.45
2911,39711,105126,45.97,20,48349,40.99,10,24.97
2912,73840,1039622,84.09,143,874321,79.51,68,7.55
2913,113294,790000,57.33,144,453043,50.09,52,14.06
2915,58418,1104319,69.61,190,768935,63.78,84,8.43
2916,4623,64627,58.93,18,38097,51.07,11,13.44
2920,974,12427,35.79,1,4449,35.79,1,18.05
2923,5100,1740297,99.54,16,1732617,99.37,11,0.2
2924,461,52036,89.54,9,46602,84.08,5,0.98
2926,2134,47390,74.61,14,35363,65.17,7,5.88
2929,50403,109494,32.16,19,35238,24.94,6,18.37
2936,154,76056,99.52,6,75695,98.55,5,0.22
2937,945,43542,84.53,20,36811,71.58,12,2.34
2938,797,20140,78.48,7,15806,76.4,6,6.54
2939,7055,45549,76.58,28,34887,53.87,13,3.97
2940,237,25184,58.11,19,14640,16.93,3,1.02
2941,3072,15390,66.47,14,10233,20.62,2,4.59
2942,1645,60000,90.71,10,54436,88.06,7,2.89
2945,3101,67500,83.48,6,56353,83.48,6,7.35
2947,11675,23642,62.78,9,14847,54.68,6,4.99
2948,1085,32000,80.35,15,25717,69.08,9,4.98
2949,2811,30641,81.77,16,25060,61.04,7,4.15
3001,6675,75977,19.56,16,14883,10.82,5,19.44
3002,9042,102000,64.93,20,66242,59.21,11,14.19
3003,15964,155655,60.13,44,93641,53.2,27,18.48
3004,18338,64402,58.38,16,37610,45.86,4,14.65
3005,49456,624742,73.16,121,457163,68.48,71,10.74
3006,60756,298128,60.77,90,181264,50.25,42,17.81
3008,110788,130798,57.91,59,75754,37.78,11,12.42
3010,50041,259437,62.81,78,163006,51.99,34,12.64
3011,48866,129601,36.04,27,46729,28.41,9,18.16
3013,48185,205139,45.14,28,92643,39.87,11,32.01
3014,54512,165954,31.02,39,51522,20.74,12,32.72
3015,17073,187262,63.67,55,119256,53.88,27,16.22
3016,38554,290986,71.42,36,207895,67.98,20,16.09
3017,98852,394402,68.37,146,269728,54.65,56,7.45
3018,36643,75378,64.28,6,48462,62.19,3,18.25
3019,95953,279244,40.45,51,112987,33.22,19,35.75
3020,1634,122695,99.45,1,122032,99.45,1,0.48
3021,8530,94683,70.62,19,66886,65.36,13,13.85
3022,17848,176598,64.62,41,114154,58.74,24,15.0
3023,51429,240069,69.61,102,167166,56.39,49,7.64
3024,57184,277157,51.29,90,142190,37.84,35,14.12
3025,41528,56736,23.45,11,13317,12.38,2,32.54
3026,69644,165890,57.45,77,95323,37.88,27,21.04
3027,47670,129160,43.02,31,55566,33.49,10,23.9
3028,55000,237241,43.09,48,102293,38.14,28,25.99
3029,62785,167005,42.93,36,71740,36.23,18,28.77
3030,36022,236216,57.93,48,136878,51.12,20,18.66
3031,17240,173203,60.51,21,104831,57.37,12,19.91
3032,33159,113286,51.88,26,58792,44.41,11,17.2
3033,97076,524141,39.54,108,207372,32.57,48,23.95
3034,91325,608511,71.88,221,437528,60.46,106,10.04
3035,114426,260550,29.02,37,75660,22.54,11,42.88
3036,87539,1346336,83.23,233,1120958,78.54,134,6.49
3037,310278,1643794,77.95,407,1281744,70.19,202,9.01
3038,49840,157408,41.44,31,65259,33.31,12,24.33
3039,5428,66343,33.29,23,22099,17.71,7,10.35
3040,23015,66225,67.97,15,45022,64.38,10,13.16
3041,69920,140224,25.05,14,35160,21.7,6,38.54
3042,95275,342993,53.66,91,184094,47.06,54,25.8
3043,54701,38976,19.7,7,7684,14.4,3,35.64
3044,35952,525606,79.53,183,418095,68.76,93,6.25
3045,60547,3723431,92.79,380,3455770,90.24,232,2.78
3046,19908,78448,54.67,13,42899,46.74,3,19.77
3047,67620,224767,20.12,29,45253,15.25,9,35.73
3048,81078,269830,48.57,48,131083,41.46,16,27.27
3049,119000,802011,46.78,68,375277,43.48,24,22.63
3050,42142,154984,51.47,32,79788,42.91,11,18.13
3051,66700,167000,34.32,31,57351,25.55,6,26.15
3052,48968,233246,57.93,66,135165,47.99,27,9.05
3053,1490,7959,54.35,6,4327,27.94,2,15.42
3054,3413,80651,88.4,14,71318,85.16,10,3.4
3055,27884,114975,64.57,29,74252,56.96,15,15.44
3056,71695,480555,33.54,72,161285,27.23,24,19.01
3057,37298,67865,34.49,8,23420,32.89,6,30.81
3058,49871,201723,22.05,33,44535,15.14,9,25.76
3059,95863,307668,23.6,44,72638,19.15,21,38.53
3060,70115,137563,20.48,29,28217,11.7,11,32.04
3062,72407,330082,23.58,59,77874,16.27,19,35.16
3064,2939,13011,63.47,3,8260,60.15,2,10.11
3065,1471,183896,83.62,33,153793,78.86,19,2.46
3066,5302,83071,71.09,13,59070,68.77,10,11.39
3067,756,20000,71.33,4,14271,63.62,2,3.44
3069,1424,3000,35.56,1,1067,35.56,1,24.44
3070,172,7275,51.25,5,3730,18.25,1,4.13
3071,11226,110000,58.21,11,64054,56.23,7,20.71
3072,58,373,0.0,0,0,0.0,0,29.78
3073,4165,39511,57.67,20,22793,37.9,9,14.86
3075,431,7782,70.68,4,5500,70.68,4,9.56
3077,90,722,0.0,0,0,0.0,0,34.59
3078,59363,227391,36.88,51,83903,28.85,22,29.61
3079,4366,47640,32.06,12,15285,19.24,3,17.88
3081,72196,101769,48.55,41,49434,33.06,16,16.64
3082,66,455,0.0,0,0,0.0,0,24.02
3083,8831,86487,56.64,9,49003,53.1,4,20.22
3084,225,1873,0.0,0,0,0.0,0,18.99
3085,2919,69019,89.64,4,61880,87.92,2,2.85
3086,8018,272711,85.25,25,232556,83.02,16,4.69
3087,443,51306,97.95,1,50259,97.95,1,1.41
3088,16954,113011,48.05,28,54321,37.08,8,22.55
3090,72148,287567,61.17,51,175951,54.45,20,23.32
3091,95,179,0.0,0,0,0.0,0,50.23
3092,32076,106649,37.48,22,39996,30.25,10,22.59
3093,7842,145156,76.49,17,111062,71.64,6,10.43
3094,42133,83117,20.91,14,17386,15.96,6,41.02
3095,25357,14680,54.41,4,7989,41.42,1,17.91
3096,667,22830,50.1,7,11443,38.54,3,6.27
3097,630,75086,86.94,15,65291,81.35,9,1.48
3098,76,1395,0.0,0,0,0.0,0,15.12
3099,13804,225176,37.62,68,84775,23.21,16,10.52
3105,135833,423940,52.91,90,224401,47.25,48,28.23
3114,7907,65130,51.97,19,33866,41.31,9,20.4
3115,17859,72198,86.25,10,62280,85.38,9,2.36
3117,1519,22800,56.12,8,12796,42.7,4,11.76
3118,41897,32453,37.6,14,12210,18.35,4,17.58
3122,46099,40772,26.58,10,10844,15.84,4,33.26
3126,2745,48752,44.06,14,21486,31.84,3,5.67
3128,49069,47317,31.16,10,14753,23.77,5,28.92
3130,7392,33191,55.85,10,18543,49.28,6,23.16
3131,30443,30332,48.69,13,14774,31.86,5,15.13
3133,492,27262,63.27,14,17256,46.91,7,3.25
3135,20251,97635,48.28,18,47161,42.41,10,29.58
3137,80,1883,0.0,0,0,0.0,0,7.7
3138,31610,56392,29.51,14,16657,18.98,4,41.31
3141,31528,75461,30.83,26,23282,18.87,10,35.61
3142,5170,203338,51.28,71,104291,38.74,30,5.04
3147,7353,43687,56.22,14,24570,49.95,9,18.53
3149,67379,286234,26.01,54,74502,20.6,27,33.27
3150,5738,44377,53.97,11,23955,46.28,5,7.33
3151,656,4133,36.97,2,1528,26.17,1,17.95
3152,8847,39016,43.75,15,17082,28.23,7,22.18
3158,1753,30676,36.06,11,11067,23.42,5,9.19
3159,483,5840,28.6,2,1671,20.39,1,16.26
3161,179,32583,95.15,17,31010,82.62,10,0.96
3162,14864,154341,60.73,27,93763,55.81,14,15.1
3163,99032,94635,28.16,24,26667,18.77,7,44.0
3164,22761,86010,55.25,35,47540,40.02,15,17.43
3166,98,23374,96.38,2,22532,94.66,1,0.79
3167,25933,91056,56.91,35,51841,46.96,19,14.48
3168,2533,75100,75.44,20,56671,66.9,11,6.06
3169,27685,63307,36.4,12,23051,30.16,5,26.25
3171,2294,33118,76.93,5,25480,71.98,3,8.45
3176,45733,139307,36.72,32,51176,28.65,14,21.44
3177,205,4108,75.32,2,3094,60.86,1,14.54
3178,4348,45050,65.78,11,29642,61.31,7,15.77
3179,110,9847,30.35,4,2989,16.07,1,1.36
3184,3669,63074,55.96,18,35311,47.66,8,13.32
3186,2283,30000,77.49,2,23250,77.49,2,8.98
3188,7349,189088,75.66,43,143075,68.44,20,6.15
3189,144603,526910,71.83,103,378625,66.16,54,15.61
3190,59,14308,74.69,5,10689,71.03,4,0.41
3191,18259,43597,54.39,9,23716,47.59,4,11.87
3194,154,13915,73.5,9,10231,54.0,4,1.06
3202,37700,129345,24.59,20,31836,19.46,8,27.41
3205,31278,67546,66.31,8,44809,61.71,3,10.54
3206,23278,58917,55.19,22,32533,42.66,11,17.61
3207,21303,66422,37.54,21,24956,22.48,6,16.47
3208,107,3025,46.49,1,1406,46.49,1,7.97
3209,56714,235391,42.45,61,99950,34.07,30,22.01
3211,82813,154415,49.27,41,76122,39.3,15,31.51
3213,46850,58686,26.64,14,15639,16.7,4,29.82
3217,15955,90104,41.73,22,37621,29.93,5,27.55
3218,18046,84725,55.87,18,47348,49.12,9,22.62
3219,3638,71781,80.25,8,57621,76.43,4,6.2
3221,49192,104989,24.12,31,25347,9.12,5,42.44
3224,16497,78173,71.91,28,56234,63.5,17,8.37
3226,1248,64431,87.44,25,56350,70.9,8,1.86
3227,56797,151913,39.65,50,60250,26.52,15,30.71
3228,34386,71937,24.31,14,17502,19.58,8,34.13
3229,10127,64263,71.02,5,45641,69.46,3,11.57
3230,19568,86011,53.88,20,46360,46.46,11,16.4
3231,339120,3180052,68.68,537,2184733,64.43,316,15.61
3232,14661,46568,58.38,21,27196,43.91,9,9.89
3234,42226,111475,34.62,25,38618,27.0,10,28.44
3236,64576,105001,29.98,16,31502,26.42,10,40.94
3237,105,1499,0.0,0,0,0.0,0,18.39
3252,2644,50196,79.54,24,39938,67.42,14,6.79
3257,28770,79824,43.68,11,34882,37.11,3,27.5
3258,91927,273486,10.19,23,27934,7.58,10,43.12
3259,3850,72966,71.01,26,51829,62.66,16,7.55
3260,138286,334463,36.84,70,123275,29.74,34,35.69
3264,72252,490170,72.87,128,357304,66.34,74,11.89
3265,16945,136262,66.25,21,90301,59.43,6,17.34
3266,3684,352314,90.46,29,318783,89.14,21,1.81
3267,534,17066,29.55,3,5044,26.87,2,6.44
3268,42764,34721,34.67,10,12041,28.56,6,22.35
3272,9142,61177,50.31,11,30785,45.54,6,19.45
3276,47173,69713,58.64,12,40886,53.78,5,12.37
3279,113,966,0.0,0,0,0.0,0,17.27
3283,147,6656,49.63,5,3305,15.12,1,4.47
3284,21856,108628,70.05,20,76122,66.69,14,9.71
3285,9834,42735,65.19,19,27867,51.7,10,9.03
3287,3873,43970,58.56,11,25760,48.76,4,16.41
3288,11412,16380,48.2,5,7898,36.75,2,19.78
3289,59004,86746,26.61,26,23098,13.11,8,37.62
3290,26037,90215,54.74,32,49405,42.39,15,12.99
3293,110016,281802,55.57,80,156670,45.91,39,22.82
3294,16508,132016,51.72,23,68319,46.87,14,24.19
3296,7051,96724,76.66,32,74159,70.6,23,7.34
3297,9771,36049,50.46,13,18199,36.6,6,29.46
3301,996,124326,79.23,40,98519,70.3,24,2.14
3303,14222,94091,47.92,33,45106,36.25,16,17.09
3304,424,14069,33.55,7,4721,9.88,1,6.53
3305,61079,143802,41.85,25,60205,35.72,10,32.61
3306,29840,50608,48.83,8,24719,43.14,3,25.74
3308,10394,60000,61.79,8,37078,59.03,6,19.88
3310,1723,74948,82.17,32,61607,70.06,19,3.04
3311,39140,100000,57.96,19,57983,51.96,9,18.83
3312,69013,182627,44.11,18,80581,42.5,12,30.87
3313,34222,221134,76.23,21,168601,74.35,14,9.4
3317,61920,90000,32.04,19,28846,24.05,7,42.19
3318,925,52256,56.8,19,29689,41.84,6,3.13
3321,28348,86114,47.51,21,40944,37.66,7,14.48
3322,65044,137582,34.75,26,47840,29.32,13,18.76
3323,69323,99593,20.72,13,20660,14.44,4,44.15
3324,59705,93574,59.62,40,55804,37.2,9,18.52
3325,61213,110169,30.42,33,33538,14.78,6,22.43
3332,1710,48104,87.0,15,41856,77.98,9,2.97
3334,127,24680,91.54,5,22594,89.35,4,1.02
3338,62253,87908,29.56,15,26001,22.6,5,37.28
3339,30948,66568,27.49,17,18305,15.39,4,32.22
3342,762,40910,53.13,17,21746,33.08,5,4.33
3343,869,58780,44.66,10,26267,39.29,5,3.62
3345,101,36301,95.55,2,34688,93.93,1,0.42
3346,39378,121228,26.25,19,31850,20.5,8,29.4
3349,1672,46072,47.58,26,21932,20.64,7,6.01
3350,924,21585,14.05,6,3034,0.0,0,10.95
3354,6869,70112,72.33,7,50718,70.56,5,14.57
3356,30023,80542,34.84,14,28073,29.28,7,27.41
3357,21352,118025,57.25,45,67593,41.15,15,19.97
3360,46915,76402,22.47,11,17185,16.99,4,31.8
3361,389,49553,81.55,18,40421,68.18,8,1.21
3362,32093,147446,58.97,43,86992,49.0,20,22.0
3363,69408,113641,38.97,31,44313,28.56,12,27.71
3364,216,2701,0.0,0,0,0.0,0,18.15
3369,4637,28946,56.22,3,16276,54.42,2,16.18
3372,57381,235324,53.6,26,126195,50.79,15,18.55
3373,35550,47619,26.27,4,12515,24.89,3,32.99
3374,44885,271364,69.03,42,187376,64.83,24,16.67
3376,55941,195780,42.57,65,83393,29.0,21,28.56
3377,241,19653,64.25,12,12631,35.71,2,2.0
3379,29862,38042,27.4,5,10429,24.78,3,37.08
3380,42777,541718,65.5,34,354934,63.36,15,14.16
3383,11621,75000,48.48,18,36370,38.5,6,16.7
3388,15286,85397,38.42,18,32825,29.67,6,29.94
3390,56299,79330,30.94,19,24561,17.95,3,23.81
3391,928,68860,66.0,27,45455,52.44,11,2.73
3394,162,1179,0.0,0,0,0.0,0,26.51
3397,1814,9025,0.0,0,0,0.0,0,46.57
3402,38718,73048,29.92,10,21873,24.52,4,35.95
3404,50,653,0.0,0,0,0.0,0,21.09
3406,29403,112743,61.63,54,69504,41.13,17,10.15
3412,261,8071,84.95,1,6857,84.95,1,3.49
3413,27976,111359,46.88,26,52226,41.36,15,27.22
3414,252,1360,0.0,0,0,0.0,0,39.06
3416,9461,80817,56.73,16,45868,51.68,10,16.16
3419,30584,120480,31.67,25,38188,24.92,11,24.66
3430,33373,33716,33.47,6,11286,33.47,6,34.12
3431,12538,55459,51.35,8,28481,46.69,4,17.57
3432,3483,42230,66.5,13,28088,58.48,8,13.33
3434,9239,35755,47.09,14,16844,30.22,5,20.8
3437,46594,144548,26.22,23,37932,20.25,9,37.36
3438,28346,47166,45.12,2,21285,43.53,1,29.81
3441,34394,40040,24.51,11,9819,11.61,3,43.32
3443,48213,134012,64.34,40,86251,51.78,12,8.39
3444,5050,44997,49.32,17,22202,38.55,10,17.24
3447,5771,77449,58.92,13,45650,51.2,3,15.39
3450,75044,145681,47.08,53,68625,34.4,23,29.25
3455,44717,59851,30.31,23,18155,12.92,6,33.91
3465,4590,42330,67.96,13,28776,58.2,7,6.83
3466,28910,77892,46.21,24,36014,34.13,8,18.28
3467,1999,31107,62.59,11,19475,55.59,7,11.35
3469,191,22448,63.92,14,14353,42.15,6,1.47
3471,503,5000,45.04,3,2253,25.6,1,10.99
3472,1709,76274,58.36,25,44534,43.84,7,4.68
3473,271,23429,76.22,7,17862,68.1,4,1.77
3475,1777,1784,0.0,0,0,0.0,0,46.82
3479,37625,73037,39.82,17,29099,30.27,5,32.9
3481,1002574,7989197,37.17,1042,2970809,32.54,419,25.34
3482,527,6521,44.4,4,2896,16.87,1,16.25
3483,52567,99049,21.98,24,21773,12.16,9,40.89
3484,47168,78828,31.97,20,25212,24.09,10,24.42
3485,7366,38501,51.37,18,19787,33.54,7,18.74
3489,2733,90452,82.02,11,74212,79.83,8,4.88
3490,33819,55006,27.89,16,15350,18.94,7,32.07
3491,67929,68805,36.01,27,24786,21.8,10,27.35
3492,2849,35532,47.49,5,16878,41.95,2,17.21
3494,18013,94800,61.81,12,58607,56.76,4,11.45
3496,205,21562,79.91,9,17233,70.66,5,1.93
3497,112,4588,33.29,2,1528,23.86,1,5.4
3498,54188,61273,55.2,16,33830,48.62,10,18.61
3499,41454,54971,44.32,13,24368,41.83,10,23.81
3501,12240,118258,47.36,21,56025,42.49,12,21.26
3502,283,9202,34.17,5,3145,12.4,1,6.87
3504,12965,114060,66.8,20,76213,61.77,10,18.15
3505,160,5429,87.89,1,4772,87.89,1,8.41
3506,606,8573,19.83,3,1701,0.0,0,18.33
3507,278,31800,87.08,12,27699,75.26,7,1.5
3508,67509,108867,47.59,30,51824,37.44,13,25.96
3511,9429,79973,53.75,6,42997,51.13,3,22.3
3512,4825,113072,72.17,30,81626,64.38,16,8.59
3515,13543,123521,69.32,21,85644,61.8,6,13.53
3516,3178,59561,77.91,19,46413,67.72,10,5.59
3517,663,5031,13.89,1,699,0.0,0,24.01
3518,30065,102467,36.02,28,36925,26.19,12,17.7
3519,65063,433985,50.83,48,220651,46.45,18,18.33
3520,48053,68847,40.79,17,28103,28.63,4,17.57
3521,39697,185766,81.79,16,151973,78.96,8,3.68
3522,28097,104096,56.82,27,59173,50.3,15,10.44
3523,7781,64258,83.39,13,53599,78.36,7,4.88
3524,301,20627,66.46,14,13714,39.39,5,2.68
3526,20895,67466,43.87,20,29607,29.61,6,18.05
3527,25048,44445,26.68,10,11869,20.06,5,26.21
3528,5585,66639,69.23,13,46145,62.53,5,12.35
3529,27059,74686,55.28,40,41297,32.74,13,8.64
3530,15972,77476,57.43,13,44503,53.68,8,23.17
3531,1822,61175,80.36,34,49176,60.8,15,4.92
3532,25332,387848,90.05,26,349337,88.35,15,5.14
3533,36988,112535,60.8,51,68452,42.82,18,11.72
3535,43415,79052,26.92,9,21292,24.28,5,39.65
3536,6379,52089,67.9,5,35376,65.12,3,11.35
3537,45134,56243,29.45,10,16571,23.54,5,38.5
3540,59719,84459,23.72,7,20041,21.9,4,34.86
3541,17900,56349,35.9,20,20243,24.83,11,18.65
3543,24696,110263,50.81,47,56051,32.86,15,10.81
3544,578,2444,0.0,0,0,0.0,0,40.71
3545,81983,222411,25.08,39,55821,18.29,13,39.95
3546,34540,61349,34.6,18,21240,23.07,7,27.5
3548,40657,67744,32.41,16,21975,24.54,7,33.73
3549,239,1481,0.0,0,0,0.0,0,29.8
3550,51637,107550,43.44,31,46737,31.34,12,25.01
3551,13185,62275,50.55,24,31493,34.23,8,26.95
3552,55114,97918,38.36,21,37584,32.42,12,31.06
3554,135,15858,87.29,1,13843,87.29,1,1.7
3555,4299,39999,80.46,9,32188,77.74,7,7.03
3556,64468,63703,16.52,5,10534,13.67,2,44.04
3557,20135,84315,60.55,19,51067,53.32,9,12.13
3558,12152,59061,51.04,10,30150,47.07,6,30.86
3560,194,20405,74.02,9,15107,59.92,4,1.64
3563,37068,63961,50.55,22,32350,39.5,8,24.86
3564,6515,60010,60.64,3,36400,59.07,2,19.07
3566,10580,419621,73.96,150,310433,60.69,57,1.15
3567,33652,33954,18.59,7,6322,7.93,2,34.58
3568,187,10063,72.35,5,7282,46.7,2,3.92
3570,2939,17097,53.99,4,9234,45.25,2,22.66
3571,416,3285,0.0,0,0,0.0,0,27.33
3572,330,11817,44.74,4,5290,29.87,2,4.69
3576,213779,1627795,39.04,196,635719,34.43,73,23.14
3577,4846,63966,65.9,24,42160,50.22,10,9.95
3579,6151,9580,74.14,3,7103,65.76,2,15.48
3580,41473,39471,13.34,7,5273,7.21,2,36.56
3581,7294,51006,59.14,15,30171,48.53,7,20.29
3583,31113,83859,59.98,26,50319,48.03,12,21.0
3584,21935,139767,25.45,29,35601,18.42,13,25.71
3585,14780,111679,39.65,13,44306,34.96,4,24.81
3586,88,2458,51.29,2,1261,0.0,0,7.36
3587,29644,71685,31.72,15,22747,21.81,5,37.22
3588,49364,61991,27.91,13,17318,18.57,5,33.9
3591,43817,145387,53.68,36,78076,47.2,20,18.71
3592,36961,75855,37.94,22,28795,24.88,5,32.76
3593,24754,60825,64.16,18,39043,50.01,4,9.41
3594,20435,95948,53.53,26,51381,42.17,10,18.28
3595,23294,40696,31.75,8,12926,28.89,6,26.64
3596,24907,220354,70.08,67,154482,59.55,30,12.69
3597,2191,39236,64.47,11,25300,56.92,7,10.44
3601,687,34887,52.62,9,18366,40.76,3,3.43
3603,683,24844,71.13,10,17676,64.91,7,4.7
3605,44639,176603,65.45,59,115635,57.43,36,17.45
3606,98,16847,77.4,11,13043,43.23,2,0.73
3607,47082,121662,32.75,35,39874,21.61,14,19.12
3609,7497,38419,51.92,18,19954,31.52,4,9.46
3610,1499,40996,78.87,3,32339,76.71,1,6.04
3611,4791,47555,58.29,13,27726,46.89,4,13.32
3613,1140,63436,66.67,28,42304,50.87,13,3.89
3615,43006,68467,31.95,13,21888,24.65,4,41.27
3616,3450,94650,43.02,36,40737,26.06,10,6.41
3617,7291,94762,66.3,38,62838,52.68,16,9.43
3619,164,7626,27.79,3,2120,15.73,1,4.99
3622,25178,151328,58.58,18,88685,55.3,10,17.47
3623,8269,29186,52.1,3,15209,48.24,1,22.78
3624,40651,117341,57.09,25,67015,47.03,7,26.64
3625,44009,114247,48.61,32,55555,37.58,11,18.67
3627,14081,30991,56.06,9,17376,50.03,5,11.97
3628,7353,45000,59.15,5,26624,56.02,3,15.79
3629,1741,32955,86.89,5,28637,84.01,3,3.0
3630,28003,204192,54.11,15,110502,51.09,5,20.27
3631,1696,81821,80.22,15,65651,74.44,7,3.76
3632,34078,40890,17.2,5,7039,15.58,4,45.78
3633,1864,34024,60.69,13,20656,46.15,5,9.57
3634,218,49600,82.97,13,41166,72.48,6,0.7
3635,397,5050,0.0,0,0,0.0,0,15.06
3636,502,6000,87.18,1,5231,87.18,1,4.38
3637,824,29749,77.46,6,23047,71.3,3,4.12
3642,18060,45869,63.39,18,29086,49.5,10,7.54
3643,403,47937,97.95,1,46958,97.95,1,1.03
3644,2206,83300,77.33,32,64429,69.49,20,3.52
3645,65763,136754,38.19,39,52241,27.86,16,33.01
3646,36473,39297,48.94,21,19244,19.97,5,8.62
3647,2941,2802,0.0,0,0,0.0,0,50.01
3649,275,10819,36.51,6,3952,0.0,0,4.85
3651,69,69565,95.9,12,66730,89.61,4,0.15
3652,3523,75098,72.27,13,54283,67.94,7,8.66
3653,35196,146733,70.78,42,103906,64.17,26,4.75
3656,3282,58249,77.46,6,45128,75.19,3,7.08
3659,656,54774,86.05,16,47139,78.47,8,2.25
3661,88863,86305,35.77,38,30886,12.73,8,23.54
3662,22517,183478,53.41,26,98022,48.89,11,17.55
3663,24075,108494,64.83,11,70357,61.96,6,21.16
3664,5805,75945,68.46,7,52001,66.69,4,7.32
3665,57088,199578,61.4,85,122580,43.86,33,9.39
3666,28587,138950,83.3,16,115774,80.22,9,6.07
3669,8149,92920,58.62,9,54482,54.68,3,17.87
3671,53,14500,87.86,7,12743,72.48,3,0.41
3672,21015,40790,55.91,20,22817,40.16,9,9.16
3673,83829,406664,41.54,68,168996,36.47,34,26.84
3674,405,17814,71.06,7,12661,65.86,5,5.17
3675,14224,53058,57.87,5,30711,55.16,2,22.5
3678,1034,26422,52.5,13,13877,35.9,5,6.68
3679,5096,63022,65.87,25,41523,54.01,13,11.97
3680,29003,96473,58.18,44,56145,43.43,22,20.27
3681,341,118704,95.08,6,112879,94.39,5,0.55
3684,6145,30310,61.56,10,18664,52.87,6,13.44
3685,13369,79574,61.35,30,48826,44.68,8,7.67
3686,62495,76495,21.74,14,16641,16.77,7,34.09
3687,36377,30124,37.33,6,11249,32.52,4,36.52
3688O,3483,99176,67.87,11,67330,65.63,7,6.4
3689,34351,89529,25.44,23,22790,14.1,6,36.17
3690,1356,60356,89.17,6,53832,83.95,1,2.84
3691,13249,91883,58.74,15,53988,53.98,9,19.29
3693,22902,42991,54.21,15,23317,44.19,8,22.72
3694,14376,154891,57.75,18,89483,53.58,7,18.33
3701,49074,236669,72.78,21,172288,70.63,13,14.71
3702,98952,1751374,82.61,350,1447281,77.4,204,6.36
3703,34690,823216,72.27,106,595067,68.13,48,8.18
3704,41413,415445,65.68,81,272937,59.41,39,13.62
3705,26249,266423,69.23,70,184482,62.27,43,9.87
3706,192726,1327212,56.34,131,747959,53.35,69,21.76
3707,91032,401125,45.01,40,180645,42.2,23,31.49
3708,46364,95546,50.37,24,48141,40.68,8,23.68
3709,8644,145569,71.6,18,104262,66.31,6,9.41
3710,42940,287251,32.88,81,94505,22.16,27,15.63
3711,353432,4486967,86.56,795,3884122,81.21,420,5.58
3712,33364,246242,57.82,27,142431,54.69,16,18.36
3713,4190,88099,56.46,31,49759,44.0,11,7.86
3714,156282,737940,43.8,122,323285,38.53,58,24.55
3715,97640,283575,29.21,59,82893,21.31,25,42.04
3716,53661,150579,52.83,35,79584,44.01,13,22.02
3717,49719,211642,36.67,52,77648,26.85,19,22.54
3718,103641,390981,42.12,56,164773,37.19,25,32.74
4102,37624,42373,46.5,12,19713,33.72,4,14.65
4104,44346,188367,45.35,24,85471,40.06,8,25.04
4105,52289,248650,48.28,68,120071,38.72,32,17.64
4106,16158,100912,50.92,17,51407,46.15,8,20.95
4107,13543,69298,61.69,24,42765,51.86,14,12.51
4108,54710,198619,29.09,27,57796,23.57,7,23.04
4109,43687,118737,43.96,29,52220,36.18,13,17.29
4111,46445,59832,43.5,24,26037,33.15,14,16.7
4113,20121,231138,74.41,74,172042,63.76,34,4.79
4114,74494,550430,44.12,115,242970,37.31,50,13.79
4115,997,60000,75.96,16,45589,69.74,10,3.22
4116,4382,44566,54.95,3,24492,54.95,3,17.57
4117,6157,70824,54.84,25,38851,37.83,7,13.92
4118,202,29993,90.11,1,27027,90.11,1,1.25
4119,26761,119509,47.63,14,56936,45.02,9,17.54
4120,7461,86747,71.51,21,62048,63.89,12,8.62
4121,51574,83111,49.72,19,41343,44.46,12,23.4
4123,46440,773948,58.47,158,452745,52.29,81,11.72
4125,218,1934,0.0,0,0,0.0,0,29.72
4126,22511,72600,62.91,24,45685,54.91,15,15.48
4127,26535,45760,73.44,15,33617,65.41,9,8.03
4128,101282,588171,43.6,68,256551,39.29,24,15.86
4129,34123,96438,59.59,32,57487,49.61,14,10.91
4131,3503,39879,77.3,6,30835,72.24,2,5.51
4132,42834,187941,46.63,49,87674,38.33,23,11.76
4133,54184,60554,23.57,11,14281,18.53,5,39.61
4135,511,26465,65.43,14,17322,44.13,5,3.75
4136,95,36147,99.3,4,35897,97.87,3,0.34
4137,7498,82492,51.18,14,42242,44.41,5,15.75
4138,21147,39930,51.42,4,20535,51.42,4,25.28
4139,1138,45010,69.45,23,31274,48.01,9,3.12
4140,473,3039,0.0,0,0,0.0,0,30.87
4142,84058,429508,40.45,87,173840,33.32,37,21.41
4147,47483,273202,52.5,68,143474,43.68,29,13.5
4148,2275,67236,79.35,11,53357,77.94,9,5.67
4150,28444,147218,48.54,51,71484,34.31,15,7.7
4151,642,50026,78.35,13,39203,71.12,7,2.65
4153,5179,58668,76.67,15,44991,72.1,11,8.4
4154,882,38390,76.61,15,29414,67.1,8,2.78
4155,34131,139668,43.3,38,60507,32.51,14,17.38
4156,894,56540,71.88,14,40645,67.52,10,4.14
4157,31743,711834,59.26,116,421991,52.66,37,8.86
4160,34612,26690,29.63,3,7910,25.36,1,33.54
4161,5142,59798,44.52,24,26634,26.93,8,11.15
4162,47034,143678,45.65,24,65619,38.98,8,21.4
4163,24900,50680,70.06,23,35519,58.65,14,8.21
4164,19005,195664,50.73,54,99291,40.36,22,16.68
4166,3792,243035,82.94,27,201628,79.18,13,3.0
4167,56454,331554,42.2,84,140004,34.0,38,14.04
4168,50071,112521,27.35,25,30798,20.05,10,22.31
4169,4400,66432,54.33,22,36103,47.65,14,10.26
4170,6431,43771,58.5,15,25616,45.21,7,9.38
4171,38237,58057,32.72,10,19007,27.66,6,25.28
4172,24454,119576,39.07,25,46739,30.08,8,10.94
4173,30512,74574,43.63,5,32553,40.0,1,21.39
4174,42945,131580,41.07,30,54071,33.79,16,23.58
4175,11410,42323,56.05,7,23724,54.98,6,22.64
4177,2160,62805,59.03,17,37091,48.19,6,7.92
4178,4249,215905,77.78,45,167995,72.41,26,3.69
4181,1737,2128,0.0,0,0,0.0,0,59.35
4183,1184,23800,62.62,13,14910,43.25,5,8.78
4184,644,39183,92.03,1,36064,92.03,1,1.69
4186,4678,90000,45.91,36,41334,26.01,9,10.04
4188,5104,63333,54.27,11,34384,47.92,4,13.17
4190,16563,61267,66.59,12,40802,62.87,9,15.63
4191,2532,100170,63.05,31,63165,48.78,9,5.6
4192,4619,35164,68.32,3,24028,66.6,2,13.66
4193,5426,67616,49.22,25,33296,33.69,6,3.85
4194,3279,145974,76.72,24,112001,73.12,14,5.15
4195,28549,80000,38.72,24,30996,28.67,12,16.06
4197,2388,30181,63.85,20,19275,40.26,7,6.2
4198,2606,24108,82.06,4,19786,78.0,3,5.83
4205,11016,97649,66.37,33,64842,58.94,21,14.6
4207,8496,198538,73.51,54,145965,63.8,22,5.22
4303,36577,94605,19.21,12,18200,12.45,1,37.16
4304,3639,61038,80.96,14,49424,74.64,7,4.31
4305,1694,55014,84.73,26,46626,74.81,19,4.34
4306,89904,676757,57.92,111,392052,52.34,46,10.01
4401,12643,122692,62.23,50,76375,46.91,23,8.81
4402,41569,67992,66.12,15,44961,61.02,9,7.83
4404,7868,112265,35.81,25,40228,26.98,7,14.68
4406,1533,51912,76.83,20,39896,61.41,7,3.43
4408,4012,67628,35.74,14,24185,30.37,8,12.66
4413,1656,31315,69.31,15,21709,52.61,6,4.72
4414,22720,263796,63.87,45,168554,56.92,17,9.14
4415,4358,43577,85.04,11,37066,76.68,5,6.77
4416,2606,73586,70.48,36,51872,56.86,19,6.5
4417,8323,83971,45.95,19,38604,37.13,7,16.57
4419,5187,169163,96.83,7,163832,95.07,3,0.7
4420,8039,40455,60.14,9,24337,54.11,4,23.02
4424,2551,59852,66.59,16,39856,62.32,11,5.5
4426,9548,172677,61.87,33,106874,54.21,12,10.28
4427,966,212542,87.52,55,186041,78.71,24,0.93
4430,8648,56274,64.1,21,36075,53.29,11,16.08
4431,2069,36536,70.57,5,25792,63.87,1,10.89
4432,4916,50589,55.41,12,28040,45.45,4,11.84
4433,10221,61300,57.09,11,35011,52.24,6,17.05
4438,4648,113425,65.81,39,74666,50.12,10,7.28
4439,1333,38215,78.27,14,29919,69.41,9,5.07
4440,3862,67598,56.84,45,38443,27.25,11,12.42
4441,2473,68176,70.42,25,48025,58.6,13,5.03
4442,967,32887,75.1,18,24702,49.72,6,4.24
4502,3847,57470,70.72,16,40655,56.04,3,5.8
4503,7643,78313,62.8,10,49201,59.8,6,15.43
4506,11098,177012,80.7,29,142887,74.08,11,8.08
4510,61435,108978,35.01,16,38186,29.65,6,36.46
4513,44265,143762,57.65,16,82908,53.33,5,15.58
4523,35922,64949,59.93,18,38944,52.01,9,13.17
4526,62577,254826,47.16,58,120228,40.26,30,26.27
4527,4408,76152,67.46,26,51383,61.89,18,9.94
4528,13434,84166,62.31,12,52461,58.69,7,19.07
4529,8813,84549,58.8,14,49728,54.0,6,12.08
4530,7315,35795,72.61,6,26000,64.46,1,5.85
4532,20094,494895,69.93,92,346194,65.07,55,8.28
4533,68306,178434,36.74,21,65584,33.27,11,31.67
4534,19469,86789,40.31,22,35002,29.58,7,21.24
4535,7125,75662,77.44,21,58609,69.7,12,4.71
4536,7086,90820,55.76,40,50652,38.38,15,11.96
4537,2352,78840,82.02,16,64679,77.0,10,4.73
4538,1653,59470,80.66,15,47976,71.82,7,3.74
4540,41614,115187,30.75,19,35442,26.44,12,41.35
4541,43415,67647,39.56,21,26772,29.88,10,27.62
4542,6931,35783,49.01,20,17544,20.72,5,21.29
4543,22232,59772,46.94,14,28063,42.0,9,23.57
4544,1566,60290,67.51,20,40708,49.87,2,1.85
4545,22169,77000,72.54,8,55876,69.13,4,9.32
4546,968,33775,70.58,15,23846,60.44,10,4.51
4547,302,23349,84.76,7,19792,72.34,2,2.65
4549,7245,57002,62.53,14,35648,58.74,10,16.43
4550,3172,37839,56.17,11,21257,49.24,7,14.83
4551,6925,115222,78.65,33,90653,70.93,18,7.27
4552,28617,116000,50.01,21,58032,44.26,8,12.0
4553,458,33020,87.09,14,28762,77.2,8,2.29
4554,2377,26327,52.18,7,13739,50.62,6,14.5
4555,4067,69988,70.44,14,49310,65.67,8,10.2
4556,3302,42303,75.13,11,31787,70.77,9,9.95
4557,27718,47972,43.11,22,20688,27.05,9,11.97
4558,1608,50000,72.8,32,36410,52.11,14,6.22
4559,668,60000,87.85,17,52718,79.9,10,2.08
4560,2523,68097,85.86,11,58481,83.95,9,3.65
4561,8858,58522,58.36,12,34163,52.18,7,24.39
4562,11856,87546,52.16,12,45680,49.92,9,28.08
4563,17602,54950,54.26,11,29826,49.6,7,21.33
4564,48777,232788,39.83,49,92760,33.03,24,21.41
4565,1441,61740,79.87,24,49322,66.0,12,2.44
4566,25883,110389,53.49,24,59065,49.1,15,24.56
4568,1604,32045,68.39,8,21920,61.96,4,7.34
4569,2022,30600,64.24,10,19665,52.36,5,7.39
4570,205,44000,95.07,16,41836,87.81,12,0.57
4571,6734,53017,66.07,21,35036,55.66,11,16.41
4572,3467,40019,64.18,11,25684,61.89,9,9.17
4573,10340,45697,40.96,15,18727,28.7,6,19.45
4575,741,38668,69.17,17,26756,53.87,8,3.07
4576,24394,119802,67.73,34,81160,60.42,20,16.81
4577,7290,49138,61.36,10,30157,55.74,5,22.97
4578,691,20300,97.0,3,19693,92.28,2,1.48
4580,5123,46803,49.24,18,23054,37.66,11,18.83
4581,1657,33899,62.76,15,21279,46.16,8,8.62
4582,2642,75480,55.03,25,41554,43.94,11,7.22
4583,7402,80171,86.0,9,68967,82.15,4,4.9
4584,1077,30002,80.08,13,24029,69.25,9,4.3
4585,18821,105777,75.85,3,80246,75.3,2,16.34
4587,951,33000,88.23,5,29117,88.23,5,3.1
4588,5187,42985,50.29,15,21627,37.42,8,21.02
4589,622,26039,70.33,12,18320,45.23,1,3.88
4590,10041,54838,51.29,22,28142,35.06,9,15.35
4609,1742,47947,76.26,24,36574,64.61,15,3.92
4702,14115,72333,51.02,9,36909,46.49,2,22.95
4703,9141,65750,26.2,7,17239,22.65,3,26.91
4706,2142,79030,82.95,15,65573,77.57,8,2.47
4707,28593,403715,70.89,60,286261,65.57,27,8.89
4711,7450,61056,60.0,10,36643,53.42,4,15.5
4712,3611,18423,45.99,2,8473,43.69,1,17.19
4714,53227,221838,29.36,36,65179,22.9,12,22.31
4716,44275,94427,33.5,25,31654,25.24,12,24.74
4717,999,155,0.0,0,0,0.0,0,99.99
4720,13478,114516,37.89,24,43404,33.29,14,24.32
4721,57428,74986,33.44,14,25085,29.45,8,38.75
4722,14752,104223,57.9,42,60363,44.27,19,12.35
4724,3050,95976,59.5,28,57130,46.4,8,7.45
4726,12713,207042,57.98,41,120091,50.3,14,12.37
4727,349,7278,18.79,3,1368,0.0,0,8.58
4728,16696,54463,84.46,36,46017,65.91,19,2.25
4729,7342,79227,49.92,11,39572,44.69,5,18.67
4730,1062,27868,69.86,13,19471,57.91,7,4.77
4732,1554,49654,67.01,30,33277,47.0,13,6.26
4734,371,10237,14.95,2,1532,0.0,0,6.16
4735,37640,41569,53.37,15,22189,42.94,8,19.56
4736,13724,95374,51.17,18,48819,44.49,8,22.27
4737,10931,77403,62.82,27,48642,48.9,9,5.79
4738,3420,77596,58.63,7,45507,54.05,1,10.83
4739,56941,124702,38.14,24,47578,30.83,8,29.54
4741,13016,34812,49.25,11,17148,40.07,5,15.58
4743,80450,480533,45.69,74,219643,41.0,33,17.18
4744,33392,56948,51.9,25,29570,35.77,11,11.83
4745,3153,66221,61.83,24,40958,53.02,14,7.94
4746,44220,120256,40.76,38,49050,31.49,19,22.24
4747,2175,90922,76.27,39,69361,65.45,22,4.47
4749,61378,94733,33.66,25,31905,23.82,9,33.07
4752,1063,84219,89.77,6,75611,87.17,2,3.03
4754,23004,30283,36.69,6,11112,28.46,3,24.33
4755,8713,100706,68.69,15,69192,64.95,9,12.1
4758,395,29210,92.15,6,26925,84.81,2,1.2
4760,11235,32146,36.5,7,11734,34.78,6,25.27
4762,139,20720,99.67,8,20653,97.29,7,0.25
4763,54671,989147,60.83,113,601861,56.67,44,10.96
4764,8741,85542,75.17,27,64312,66.54,14,10.76
4765,909,32133,55.3,16,17775,39.21,6,5.98
4766,10899,120571,69.98,28,84394,63.05,14,9.13
4767,890,31415,62.74,11,19712,46.85,5,4.66
4768,15827,47488,35.04,17,16644,19.49,4,29.68
4770,8862,79976,64.19,24,51359,59.7,18,12.61
4771,3938,58787,59.71,24,35110,44.82,9,8.83
4772,33531,147682,48.83,26,72154,41.81,9,24.58
4773,228,72709,94.99,14,69091,92.29,11,0.25
4801,783,47201,98.7,2,46594,97.82,1,0.23
4802,296,18854,87.92,2,16579,85.36,1,2.38
4803,5710,59069,57.43,8,33936,55.13,6,14.77
4804,30104,71992,62.0,11,44648,54.88,3,10.12
4806,14941,99947,89.09,10,89055,85.88,4,2.09
4807,14411,48996,68.23,16,33435,63.32,12,9.09
4903,46207,105344,42.81,13,45116,37.93,4,30.7
4904,86130,3607705,93.48,378,3373228,90.9,233,2.56
4905,1979,29260,81.68,18,23906,63.78,10,5.7
4906,92763,451706,27.21,88,123068,20.46,38,30.85
4907,2786,118146,85.42,9,100943,83.76,6,3.34
4908,33343,78217,57.77,24,45193,44.16,10,23.82
4909,63627,93357,24.83,11,23195,23.2,8,41.67
4911,3504,68817,58.15,20,40037,48.05,9,7.82
4912,25717,66953,52.22,24,34988,38.45,8,13.72
4913,475,9667,25.75,3,2490,0.0,0,11.98
4914,226,10000,77.04,5,7705,61.66,2,4.01
4915,33603,471881,59.65,123,281537,50.72,61,15.54
4916,75975,124083,25.15,18,31227,20.05,8,45.85
4919,71095,452398,62.94,46,284788,59.36,21,23.15
4920,107,41779,93.69,6,39149,86.74,1,0.35
4922,4557,44955,25.44,12,11446,11.8,2,17.23
4923,30527,37471,39.29,16,14727,23.36,6,19.21
4924,1451,37164,71.01,20,26398,50.84,8,5.92
4925,5200,71066,50.09,31,35605,32.66,10,12.39
4927,59365,264938,27.37,69,72579,17.21,25,25.92
4929,384,234,0.0,0,0,0.0,0,38.45
4930,33613,80000,63.64,13,50929,58.71,7,17.86
4931,62081,65710,30.98,21,20371,15.31,5,44.84
4932,309,2012,0.0,0,0,0.0,0,39.79
4933,5644,82690,63.46,11,52491,59.86,6,12.48
4934,70512,225000,34.59,23,77877,29.49,6,23.69
4935,7850,128864,62.52,25,80594,57.74,15,13.29
4938,144902,2675709,79.57,408,2129407,75.07,219,9.29
4939,64994,98201,38.03,23,37372,29.46,9,34.98
4942,6632,142368,62.41,40,88870,54.25,21,10.48
4943,21894,126694,64.18,26,81328,53.49,6,14.14
4946,8246,8853,42.58,1,3770,42.58,1,34.95
4949,11188,67916,52.39,27,35594,41.29,13,21.63
4950,6676,57729,73.05,5,42189,68.13,1,5.99
4951,11151,34149,19.95,8,6818,4.48,1,32.92
4952,14752,108816,52.35,9,56985,47.79,2,25.33
4953,34426,73147,46.43,18,33972,37.89,7,23.68
4956,42843,100408,37.87,19,38048,31.97,9,34.27
4958,217157,1117534,71.15,212,795385,65.78,120,15.95
4960,89689,571705,62.58,86,357857,57.46,43,15.18
4961,41151,121254,46.74,32,56687,36.7,14,27.36
4963,445,75455,83.64,9,63121,82.03,7,1.43
4966,32439,78958,30.72,22,24270,17.58,7,31.18
4967,67115,98566,22.37,21,22067,11.52,6,48.79
4968,56595,92210,16.14,14,14902,8.85,3,46.34
4969,11530,190978,55.64,56,106296,44.91,23,6.88
4971,38332,47186,43.66,21,20615,22.07,3,30.13
4972,15406,56889,50.0,21,28458,36.84,10,24.19
4973,50428,65293,23.09,13,15088,14.54,4,44.78
4974,42928,72500,42.15,7,30573,39.73,3,29.25
4975,1023,326577,96.31,11,314557,95.92,8,0.72
4976,44860,141218,30.88,18,43626,25.77,7,35.36
4977,49791,82690,16.92,13,14007,8.43,1,51.31
4978,67,5000,82.32,1,4116,82.32,1,2.2
4979,85652,142901,44.68,57,63863,25.91,13,33.36
4980,2369,45204,58.12,14,26282,50.4,7,10.87
4989,51552,172776,16.91,20,29260,11.66,6,47.65
4990,3280,102711,53.4,32,54862,43.96,17,7.93
4991,61978,121355,47.56,28,57744,39.45,12,28.78
4992,1033,210050,82.09,38,172475,76.9,22,1.01
4994,2146,66383,86.25,30,57263,80.55,23,3.18
4995,4983,42592,67.73,22,28858,52.44,11,7.72
4996,784,99070,77.8,37,77094,65.91,19,0.92
4997,271,14665,42.96,8,6303,17.41,2,3.49
4999,46540,74417,41.28,25,30739,27.29,10,25.83
5006,14007,96946,10.64,8,10322,8.22,3,21.27
5007,4886,294940,87.75,44,258905,84.36,27,1.94
5009,80915,602471,49.56,107,298659,43.62,46,17.88
5011,33748,100674,48.7,30,49042,40.19,15,14.97
5013,9011,133416,87.46,44,116711,81.83,32,2.42
5014,52425,183265,37.92,51,69531,26.83,19,19.8
5015,26578,60639,52.06,19,31580,42.19,9,19.81
5016,2632,49622,65.97,15,32744,59.95,10,9.76
5017,6851,318,0.0,0,0,0.0,0,82.06
5201,13521,38675,57.3,19,22167,37.23,8,10.02
5202,43824,89094,53.91,14,48037,48.66,7,17.41
5203,31877,77343,43.05,17,33303,33.11,5,18.94
5204,1372,6274,18.86,1,1184,18.86,1,20.61
5205,1726,13500,74.44,2,10051,71.26,1,7.82
5206,3797,180093,85.72,34,154408,80.51,17,2.91
5207,2907,15834,38.6,8,6114,14.82,2,12.0
5209,4268,29717,53.8,4,15990,51.83,3,18.47
5210,39174,82178,48.13,19,39567,39.81,8,12.21
5211,7597,32025,47.96,12,15361,40.88,7,23.81
5212,9975,34633,78.41,15,27159,66.95,9,6.23
5213,21126,721334,86.26,83,622413,84.16,57,4.48
5215,5355,64338,53.34,22,34326,42.71,11,15.92
5216,401,17847,82.4,11,14710,57.64,4,2.85
5220,7625,39667,44.66,20,17722,19.65,5,16.54
5221,346,5567,11.31,1,630,0.0,0,15.72
5222,33260,91125,31.91,24,29105,21.15,9,27.31
5223,2746,44550,62.23,12,27729,54.18,7,13.28
5225,8411,79136,44.79,11,35460,37.93,3,20.67
5226,400,23300,52.74,11,12293,31.51,3,4.34
5227,58846,96000,28.21,24,27100,18.06,7,27.64
5228,3580,38056,55.61,13,21169,44.94,6,16.41
5229,129,56189,96.51,13,54237,89.3,6,0.42
5230,29846,56304,25.38,17,14304,12.13,5,31.07
5233,2998,277249,85.35,23,236705,82.42,10,2.36
5234,11941,102716,65.03,19,66813,58.56,8,10.4
5236,6860,60004,62.46,6,37490,60.89,4,15.71
5238,691,67296,83.48,15,56187,78.62,9,2.2
5239,601,24700,30.08,8,7434,16.98,3,5.26
5240,519,26582,53.83,16,14312,30.32,5,2.7
5242,1115,124895,72.3,45,90323,58.6,18,1.89
5243,30207,168529,57.29,27,96577,51.68,13,20.55
5244,9539,68242,47.11,31,32168,28.63,11,18.37
5245,3861,46101,59.02,19,27223,42.24,8,16.05
5246,8853,44974,33.66,10,15143,26.91,4,27.63
5247,510,75000,75.94,12,56961,68.74,5,1.45
5248,1888,24500,59.19,5,14506,56.84,4,15.24
5250,209,39107,97.08,1,37967,97.08,1,1.0
5251,35309,33733,33.49,4,11305,29.21,2,39.0
5253,224,40943,81.05,20,33194,58.2,5,0.96
5254,681,22607,75.67,8,17109,70.32,6,5.1
5256,1874,71602,69.01,24,49433,61.23,15,4.55
5257,809,132750,79.64,27,105735,73.71,13,1.25
5258,25540,110365,50.77,37,56044,38.26,15,16.26
5259,2363,43563,82.07,8,35760,74.45,3,5.69
5262,8082,52699,55.99,25,29516,31.97,5,6.6
5263,26760,78937,54.99,34,43423,42.36,16,11.8
5265,123,1207,0.0,0,0,0.0,0,22.11
5267,1364,25300,62.14,13,15723,46.59,5,8.56
5269,34672,74156,59.54,12,44164,54.67,6,22.72
5271,8135,63472,29.51,13,18742,20.52,4,23.85
5272,45775,55276,23.93,15,13236,10.26,3,36.33
5274,35029,41583,35.01,14,14567,21.71,4,11.02
5275,144,10264,30.86,6,3169,0.0,0,2.11
5276,934,39500,88.33,6,34896,85.29,4,4.17
5278,4249,300000,82.87,70,248644,77.84,45,2.59
5282,278,25006,85.81,10,21463,59.25,1,0.6
5283,27603,87601,60.94,22,53397,53.93,13,19.79
5284,9100,52893,57.27,13,30302,49.75,7,17.47
5285,12271,102041,63.44,36,64748,51.38,18,18.83
5286,910,14745,79.97,6,11795,69.95,4,4.81
5287,10023,60311,57.99,22,34991,45.81,10,21.88
5288,2884,69699,69.5,15,48454,59.82,4,6.81
5289,79480,96415,30.4,26,29324,21.15,10,33.2
5291,5281,41891,42.8,21,17938,18.68,4,20.63
5292,7127,46319,57.27,19,26536,43.48,9,14.7
5294,60,82,0.0,0,0,0.0,0,86.86
5295,157,29140,85.65,15,24968,70.39,8,0.75
5296,468,21581,35.94,7,7760,27.26,4,5.13
5297,8917,37652,18.81,9,7086,10.26,3,35.98
5299,17014,51218,50.97,10,26119,44.69,5,27.08
5301,3946,65890,80.11,10,52793,73.95,4,4.84
5302,12912,159888,50.69,20,81087,45.85,7,17.16
5304,32303,326962,88.1,23,288109,86.33,13,6.18
5306,11959,126001,69.73,23,87892,64.41,11,12.06
5307,35110,423052,41.19,93,174328,32.2,31,16.02
5309,70952,231710,33.97,35,78723,26.5,9,34.17
5310,7118,28944,57.03,15,16514,36.66,5,6.31
5312,5839,60060,55.74,17,33484,50.64,13,13.58
5314,66904,1205960,46.92,154,566135,42.59,65,11.66
5315,51104,106352,30.69,27,32664,21.21,11,22.48
5321,7453,59543,60.15,21,35828,46.37,8,9.36
5324,20947,226379,81.16,47,183772,74.88,24,4.67
5325,20369,55441,33.49,8,18575,27.55,3,38.06
5328,77389,172711,40.17,18,69406,36.29,7,40.81
5336,2955,2217,0.0,0,0,0.0,0,68.84
5340,28031,194894,59.82,31,116640,52.42,7,21.95
5344,6700,79447,75.59,7,60065,73.54,4,10.62
5345,6303,37795,78.88,2,29814,78.88,2,7.09
5346,263412,1366161,37.74,304,515908,28.26,91,20.13
5347,120217,1878502,83.87,249,1575899,80.19,141,8.49
5348,1816,14776,53.12,5,7851,40.79,2,9.4
5351,114708,328831,39.39,63,129582,32.83,29,29.82
5353,6368,75765,55.4,30,41986,37.82,10,13.25
5355,32411,166123,70.7,44,117487,63.69,26,7.08
5356,53258,103040,44.01,23,45367,39.55,16,22.24
5364,7292,63850,70.3,14,44895,61.31,3,5.78
5372,5387,48614,23.67,13,11509,12.51,4,24.39
5376,3801,33700,33.74,8,11373,28.33,4,17.23
5381,27757,207691,55.97,32,116286,48.84,10,18.29
5385,8307,11156,23.88,2,2666,18.19,1,43.87
5386,29260,54121,37.91,9,20529,32.37,4,33.97
5387,141610,45000,91.32,2,41102,90.18,1,7.18
5388,38062,304343,44.17,91,134488,34.76,44,23.25
5392,65972,176562,36.11,20,63790,31.87,8,32.53
5395,2238,1759,0.0,0,0,0.0,0,41.06
5398,41700,49465,58.14,19,28772,44.19,9,7.82
5403,9478,78176,47.11,34,36844,31.25,13,19.13
5410,56770,93527,34.36,19,32156,27.06,9,27.89
5414,5071,68584,59.72,20,40970,48.11,7,10.25
5425,107382,263485,33.59,40,88576,28.15,18,41.88
5426,35498,143800,55.76,22,80214,52.77,16,21.39
5432,5471,20688,54.1,4,11196,51.4,3,27.69
5434,32608,194008,54.98,76,106712,39.11,27,14.48
5438,37837,112537,75.2,10,84641,74.38,8,9.94
5439,35547,92977,36.75,31,34180,21.87,10,30.94
5442,4828,64815,20.65,12,13391,14.61,5,16.16
5443,66176,164747,39.75,23,65533,33.63,6,35.56
5450,11634,122403,81.31,11,99546,79.37,7,5.43
5452,69054,148764,42.56,21,63338,38.62,10,29.38
5455,3412,65502,93.99,25,61570,89.0,20,1.55
5457,17194,196429,52.09,32,102353,47.23,16,17.33
5460,31559,58778,57.06,30,33555,37.19,12,15.5
5464,4749,76269,72.78,30,55527,58.11,13,7.72
5465,7756,147683,72.26,17,106730,68.79,8,10.99
5467,1832,85548,86.4,11,73931,82.8,6,2.83
5468,6087,58923,65.67,12,38702,60.74,8,14.03
5469,36562,486166,72.46,74,352385,68.1,41,12.03
5471,68812,167877,26.52,34,44553,19.25,14,39.24
5473,2482,3031,0.0,0,0,0.0,0,78.1
5474,7907,39757,56.66,8,22534,48.5,4,26.77
5475,60351,127127,25.82,20,32846,20.78,8,44.34
5478,41298,156074,79.21,29,123676,72.96,16,9.67
5481,42110,71403,64.37,22,45967,54.4,11,7.82
5483,155796,641222,58.27,155,373751,51.15,82,23.36
5484,33902,66801,37.95,11,25367,33.98,7,37.55
5487,7105,24223,71.21,15,17253,47.78,7,7.35
5488,41200,91586,46.25,31,42367,34.16,13,16.68
5489,3151,102706,85.36,14,87682,82.62,8,4.11
5490,69657,96152,34.58,25,33279,25.61,10,23.63
5492,1371,71414,98.66,1,70463,98.66,1,1.03
5493,5572,43689,44.87,18,19614,24.97,4,19.32
5497,4830,65286,26.21,14,17129,15.59,4,16.88
5498,69662,193549,34.76,25,67312,30.07,10,37.5
5501,6087,21200,28.1,4,5959,24.3,3,20.12
5505,5919,138832,65.49,47,90958,50.78,15,7.0
5506,7575,152545,66.77,34,101885,58.45,12,6.12
5508,18283,217428,69.1,20,150302,65.85,8,14.34
5511,6022,136000,68.53,43,93229,58.92,21,7.36
5512,78128,766312,61.87,159,474267,54.59,71,8.97
5514,10330,236118,92.31,50,218008,87.59,32,1.18
5515,11418,201600,71.33,58,143843,63.33,31,7.65
5516,1766,51545,70.82,15,36517,60.51,7,4.49
5519,18241,230157,57.35,43,132054,51.16,20,14.76
5520,1227,59975,83.79,23,50264,73.58,12,2.28
5521,62946,492280,59.66,106,293778,52.56,47,9.85
5522,17837,781596,88.48,57,691670,86.05,28,4.22
5523,2557,155001,92.48,31,143384,89.22,23,1.38
5524,3909,58667,30.78,22,18074,11.6,4,16.07
5525,4806,318105,88.4,69,281273,84.15,49,2.08
5529,11376,105769,73.34,19,77589,67.86,10,4.55
5530,11677,420084,83.03,50,348886,79.41,25,4.39
5531,14794,977589,85.98,84,840689,83.44,42,3.13
5532,820,17804,31.03,8,5527,5.88,1,4.85
5533,5556,285245,80.98,79,231062,71.1,33,3.37
5534,22926,315326,68.31,83,215476,58.92,40,11.79
5536,32558,124081,56.81,62,70515,35.79,19,13.25
5538,1299,201203,93.91,22,188971,92.42,17,0.94
5541,86,26427,82.05,10,21689,76.05,7,0.26
5543,1055,46704,72.38,28,33814,50.3,11,2.53
5546,1326,82353,84.53,18,69628,76.53,8,2.46
5547,1443,51000,66.68,14,34020,58.82,8,4.33
5548,2351,58517,65.21,18,38174,58.33,12,6.12
5601,864,64800,79.71,44,51666,47.23,11,1.14
5603,30021,104877,53.6,20,56230,49.76,13,18.74
5604,10916,108783,67.19,46,73097,52.83,21,6.9
5607,17040,370553,76.81,59,284742,70.65,22,6.06
5608,91699,389276,29.72,57,115830,23.91,20,30.96
5609,37855,142884,52.63,46,75233,46.28,31,23.01
5701,51614,143000,54.19,20,77516,49.25,8,16.38
5702,1936,5282,0.0,0,0,0.0,0,45.98
5703,1942,70240,88.29,25,62024,83.83,19,3.39
5704,3382,58862,83.94,23,49418,79.45,19,6.96
5706,28283,83768,38.65,13,32392,34.27,6,31.51
5810,48617,916440,72.9,99,668301,69.01,39,7.69
5859,3582,1450278,96.81,47,1404362,96.13,31,0.51
5863,27091,320202,81.46,44,260904,77.09,23,5.18
5864,15012,504490,68.45,116,345457,60.94,54,5.18
5871,114638,1745650,70.48,374,1230868,64.63,207,10.09
5871A,8089,150000,68.71,46,103085,59.67,25,5.03
5876,50341,4910219,88.64,815,4352993,83.19,375,1.19
5878,1792,25024,72.75,13,18210,54.25,6,11.66
5880,413340,16072960,75.17,1824,12084278,71.24,741,4.39
5901,5002,22907,77.87,2,17837,77.87,2,8.64
5902,2581,94500,85.22,16,80556,81.35,10,3.57
5903,17337,223220,91.42,26,204109,88.19,16,5.39
5904,99613,1064438,79.57,185,847148,75.61,113,11.06
5905,45804,281623,46.14,40,129976,40.56,15,16.36
5906,965,35741,86.27,9,30836,82.48,7,1.84
5907,5485,195531,69.16,29,135286,64.17,13,6.58
6005,115966,2170908,70.07,281,1521495,66.31,151,8.72
6015,73110,416856,51.05,89,212852,44.38,42,11.71
6016,79404,772420,51.03,149,394309,44.54,64,9.68
6020,1892,252353,96.9,10,244568,96.25,8,0.8
6021,4101,312231,90.82,47,283623,86.83,27,1.51
6023,19159,447973,84.01,31,376390,80.7,8,4.98
6024,17363,266683,69.59,30,185656,65.09,10,9.97
6026,43897,396162,50.76,93,201170,41.19,35,10.59
6027,826,155720,95.7,10,149048,93.8,6,0.43
6028,1576,25000,64.68,12,16175,50.64,5,7.99
6035,2289,71468,93.89,20,67109,83.85,9,2.19
6101,3399,116602,87.89,39,102493,78.41,24,4.06
6103,3154,13605,90.69,5,12339,83.83,3,5.05
6104,56001,91129,19.41,16,17711,12.36,6,42.44
6107,5291,87438,40.96,17,35831,34.7,8,13.78
6108,52942,154494,56.55,44,87385,48.55,24,13.15
6109,34334,87825,48.97,31,43019,36.59,16,11.99
6110,2629,29362,18.42,7,5412,7.18,2,14.21
6111,45734,108514,45.76,25,49681,40.66,16,24.04
6112,33269,188357,58.97,13,111125,56.42,6,20.16
6113,8235,52549,53.24,8,27984,52.17,7,20.93
6114,5397,43912,72.79,8,31970,65.48,3,9.06
6115,14278,187662,60.32,29,113254,56.09,17,16.74
6116,365175,2858655,43.31,197,1238655,40.87,82,25.45
6117,13986,93416,55.49,15,51855,51.12,9,24.21
6118,8907,90890,56.66,16,51517,51.7,9,19.01
6120,59806,599000,59.54,78,356754,55.11,33,12.61
6121,19536,184971,66.99,82,123945,49.98,31,11.04
6122,35293,78092,32.23,20,25185,22.43,9,26.9
6123,10344,62089,43.84,21,27234,33.34,9,20.8
6124,8929,182480,93.76,18,171132,92.35,14,4.31
6125,91745,259011,35.11,31,90992,30.64,14,35.76
6126,70491,130219,36.53,21,47588,32.5,13,31.53
6127,74313,108080,22.16,18,23989,17.0,8,49.17
6128,7506,127589,60.54,28,77274,54.75,16,11.48
6129O,68388,180944,17.12,15,31004,14.12,6,36.55
6130,29434,46300,63.1,17,29226,45.63,6,7.53
6131,5934,34793,41.19,9,14337,29.63,3,17.01
6132,4749,63791,35.49,25,22649,15.67,5,15.88
6133,22667,117006,47.64,21,55757,42.94,12,24.49
6134,17752,81882,55.14,18,45164,48.47,8,18.53
6135,7554,76189,38.45,12,29302,34.27,6,13.33
6136,45038,115536,47.2,33,54541,35.56,12,19.13
6137,11234,101358,38.83,29,39376,26.71,9,15.26
6138,31384,75634,46.55,23,35221,33.95,8,23.8
6139,53261,235576,63.35,69,149298,51.86,27,16.5
6140,9688,54898,45.48,16,24977,34.47,7,26.3
6141,17808,113354,52.12,38,59090,40.21,20,18.77
6142,48718,330779,58.78,53,194489,51.49,14,10.38
6143,55684,86059,26.47,17,22797,17.65,4,42.93
6144,1467,38274,89.54,3,34272,89.54,3,5.29
6146,20922,101867,54.78,29,55826,41.81,9,14.97
6147,159987,744578,63.46,137,472646,58.66,78,22.45
6148,27711,46604,35.2,7,16409,33.68,6,33.21
6149,3069,31880,39.03,7,12445,35.09,5,15.81
6150,39968,48346,16.14,7,7809,12.01,3,44.49
6151,19118,55257,36.47,19,20156,22.5,7,22.51
6152,41188,167738,24.41,31,40980,15.91,9,25.96
6153,80726,636178,46.63,96,296697,41.0,36,17.7
6154,10666,80080,63.35,21,50754,54.44,10,16.18
6155,16006,88024,53.08,21,46737,48.67,14,28.53
6156,38164,107875,39.65,22,42801,33.82,11,22.3
6158,36326,55029,42.35,16,23317,33.11,9,21.58
6160,45249,68489,38.76,16,26552,29.99,7,25.32
6161,23042,56237,41.57,7,23389,35.28,1,24.63
6162,3799,79759,52.0,24,41487,43.9,13,10.11
6163,46493,148839,44.15,34,65758,36.53,16,24.48
6164,46396,80000,23.23,18,18602,14.66,6,31.33
6165,41358,77753,50.94,27,39629,38.28,12,12.77
6166,16248,218113,74.09,56,161647,66.35,30,9.72
6167,26580,146000,43.81,34,63994,35.79,16,18.38
6168,35986,205762,45.57,21,93806,43.04,12,27.92
6169,40800,23395,31.04,4,7265,26.44,2,29.75
6170,33279,97260,57.66,19,56092,54.72,14,17.2
6171,2343,100000,87.49,23,87512,78.37,10,2.93
6172,1899,30000,91.42,9,27428,85.37,7,5.51
6173,53541,171200,66.24,35,113417,56.44,10,21.65
6174,9588,50000,62.1,13,31054,56.73,8,19.53
6175,22366,150122,61.26,23,91990,56.87,11,24.96
6176,61646,348770,43.02,102,150107,32.1,40,26.84
6177,20151,471891,76.07,125,359092,67.63,65,6.21
6179,48790,178578,48.33,54,86347,37.22,22,15.78
6180,57186,175494,51.48,34,90380,46.66,20,27.58
6181,3938,45626,12.14,6,5546,7.17,2,16.56
6182,244086,638448,25.36,85,162072,21.82,49,46.4
6183,37111,150000,77.44,32,116190,71.05,17,5.63
6184,7696,162128,72.17,29,117037,67.84,18,8.82
6185,46726,149868,50.44,45,75625,37.69,15,14.57
6186,58787,194908,51.46,30,100343,47.5,16,14.74
6187,52184,98263,53.61,48,52699,32.4,14,16.16
6188,68242,278359,42.24,38,117627,36.44,13,30.7
6189,63778,263955,35.05,69,92585,24.73,30,27.38
6190,60496,196875,35.68,44,70283,26.45,15,36.44
6191,80791,499303,57.76,54,288537,52.87,18,22.33
6192,8253,96156,56.29,37,54142,45.57,20,12.8
6193,8869,177807,61.38,38,109179,56.68,25,9.87
6194,4822,48000,57.27,20,27502,39.32,7,14.48
6195,11122,50193,53.24,7,26729,52.4,6,24.96
6196,33503,220330,71.04,42,156544,66.92,27,12.01
6197,52035,126066,44.2,25,55744,36.63,9,32.34
6198,6485,171400,94.58,8,162132,93.58,5,1.45
6199,1928,61760,82.05,22,50688,76.08,16,4.18
6201,5949,89200,69.11,21,61662,61.43,11,11.91
6202,56964,230388,41.31,45,95192,34.47,21,28.45
6203,10045,82401,59.22,16,48809,52.21,6,22.47
6204,22702,23102,29.71,3,6867,25.64,2,44.33
6205,12631,82236,45.27,24,37240,39.45,16,26.28
6206,16376,143062,54.7,44,78289,45.42,22,18.18
6207,69298,93560,16.74,17,15676,8.94,4,59.1
6208,12193,94462,65.42,43,61815,52.07,23,17.31
6209,62044,182370,38.38,43,70033,31.97,26,35.02
6210,3069,35048,54.11,16,18970,36.44,7,16.79
6212,964,102000,91.82,27,93675,86.12,18,0.98
6213,70305,363617,66.94,78,243483,59.41,37,16.38
6214,47479,272243,66.81,54,181940,60.5,29,14.94
6215,56207,82790,33.0,15,27343,26.4,6,42.27
6216,32410,97420,38.83,25,37846,29.96,10,24.59
6217,85464,117210,24.39,25,28617,17.28,12,49.08
6218,27369,64262,56.03,24,36015,39.91,8,21.21
6219,5804,124967,69.84,21,87301,67.27,15,7.21
6220,34514,146463,63.67,53,93278,53.58,28,9.87
6221,32136,168612,74.49,20,125638,72.39,14,7.05
6222,1831,95689,90.08,10,86216,84.51,2,2.1
6223,71438,97981,50.42,34,49426,38.76,14,11.76
6224,42326,85645,42.26,30,36216,26.19,9,23.31
6225,5517,27800,71.28,7,19820,62.15,2,7.65
6226,52752,115535,29.66,26,34285,20.73,10,36.9
6227,7859,76112,70.47,5,53655,67.6,1,14.56
6228,1853,26000,80.44,5,20917,75.5,3,8.06
6229,30481,40361,35.09,5,14164,32.8,4,24.75
6230,7453,86343,87.81,3,75819,87.81,3,7.09
6231,25617,45652,32.62,11,14902,25.29,5,33.92
6232,36856,451180,18.77,60,84787,13.45,18,18.3
6233,62063,80972,28.45,17,23054,18.73,5,35.34
6234,30773,100386,53.92,18,54150,50.21,13,22.93
6235,61187,199906,40.53,23,81079,35.97,8,28.67
6236,912,41654,92.72,4,38628,87.98,1,1.69
6237,72278,79645,18.63,11,14850,12.7,4,43.44
6239,185623,759147,62.35,168,473497,56.41,96,21.82
6240,1030,22867,84.96,10,19435,70.93,5,4.33
6241,5585,45534,56.69,6,25818,52.92,3,12.5
6242,3114,31806,63.69,7,20261,55.47,3,13.61
6243,59474,45269,20.76,6,9402,17.67,3,47.94
6244,94290,387042,32.25,69,124874,26.4,31,29.8
6245,19687,146608,44.88,25,65848,40.04,13,21.58
6246,32801,37851,62.99,7,23847,53.99,1,13.03
6248,32399,99956,48.92,24,48922,43.63,15,16.96
6249,207,2867,14.82,1,425,0.0,0,16.21
6250,1161,18249,70.88,2,12937,67.95,1,6.96
6253,452,5879,0.0,0,0,0.0,0,15.2
6254,518,30882,49.51,13,15294,36.43,6,3.4
6256,456,1833,0.0,0,0,0.0,0,52.39
6257,121371,483912,46.21,136,223750,36.99,64,26.09
6259,9730,28056,42.82,3,12017,41.09,2,25.18
6261,54944,128498,39.51,29,50801,30.71,12,30.85
6262,1343,20451,28.67,5,5866,16.81,1,16.09
6263,11072,62501,44.14,8,27596,40.96,4,25.85
6264,4143,136355,71.79,28,97923,67.45,18,5.5
6265,36774,118172,46.96,24,55517,38.64,7,24.39
6266,45783,153872,38.78,37,59688,31.6,19,19.41
6269,82710,323831,32.0,62,103666,25.52,27,32.33
6270,33816,72146,40.96,16,29562,36.56,10,28.81
6271,66091,209058,49.09,61,102661,39.74,31,29.2
6272,5334,81764,50.83,33,41574,34.8,13,13.68
6274,119545,299493,63.52,95,190331,52.03,45,18.21
6275,36846,80345,29.56,16,23765,23.41,7,35.56
6276,29871,22043,50.91,3,11224,48.77,2,26.6
6277,9907,119471,57.86,44,69158,44.48,18,16.17
6278,43177,292398,62.41,89,182579,52.14,44,20.0
6279,19852,119016,47.36,38,56396,38.7,21,23.4
6280,172,65492,99.95,1,65460,99.95,1,0.04
6281,10328,99173,55.86,36,55423,43.58,16,19.2
6282,162802,856101,40.83,107,349664,37.09,55,30.92
6283,15231,147581,62.81,21,92731,57.42,7,13.85
6284,53920,148980,48.98,16,72998,45.25,6,29.17
6285,90842,483441,63.09,106,305101,56.38,55,20.43
6287,4210,121451,94.0,7,114178,93.08,5,2.42
6289,10246,524,0.0,0,0,0.0,0,54.73
6290,59067,169670,39.39,53,66860,28.54,23,35.05
6291,11411,42000,62.85,5,26398,62.85,5,17.03
6292,7003,46601,46.87,8,21850,39.72,3,27.09
6294,12165,26047,37.29,4,9715,33.46,2,31.17
6295,348,1888,22.33,1,422,0.0,0,21.02
6299,123,25576,98.35,1,25154,98.35,1,0.71
6402,2012,58216,64.01,24,37276,48.9,10,4.06
6403,2578,15332,41.54,1,6369,41.54,1,13.4
6404,9031,24358,67.09,5,16343,63.48,4,9.82
6405,6707,65800,52.39,24,34483,37.56,8,18.74
6406,1073,35647,58.18,5,20744,53.35,2,8.78
6407,5823,75130,37.33,18,28060,30.11,9,18.2
6409,18214,88254,66.28,37,58506,53.19,18,10.67
6411,56202,99508,34.58,32,34428,21.84,11,29.11
6412,23902,400769,77.96,45,312553,74.29,22,10.09
6414,20573,157148,62.76,57,98668,50.61,25,12.85
6415,27753,390109,79.57,163,310464,65.02,67,5.46
6416,22367,73348,49.28,18,36156,37.68,4,17.97
6417,1537,42274,67.93,20,28724,54.35,11,4.8
6418,2373,34522,57.38,10,19816,52.61,7,12.47
6419,27164,13159,39.98,4,5262,32.17,2,26.08
6423,3298,31016,40.67,12,12618,22.99,4,16.11
6425,9527,51382,42.57,14,21883,34.27,7,31.71
6426,17957,38509,50.46,11,19441,41.92,5,19.13
6428,985,17682,91.64,3,16205,89.36,2,3.0
6429,269,9258,38.12,5,3530,11.88,1,6.83
6431,17643,97399,70.85,21,69016,65.41,11,4.09
6432,36266,40152,31.05,11,12476,16.62,3,37.37
6434,9077,463602,85.19,21,394993,83.74,11,4.83
6435,10516,37461,51.59,4,19332,48.34,2,26.95
6437,403,32300,65.0,19,21003,40.87,7,3.09
6438,46117,82206,34.54,23,28407,21.76,8,34.55
6441,34944,53318,45.95,7,24507,41.86,2,23.06
6442,65879,81818,56.22,35,46010,37.87,11,20.31
6443,157874,512797,16.55,42,84969,13.71,17,46.88
6446,68446,422443,56.57,159,239061,42.36,63,10.19
6449,32513,91878,71.43,26,65655,62.73,12,14.32
6451,34167,117852,65.57,17,77290,60.75,6,22.32
6452,11639,100131,39.22,24,39295,30.5,9,23.77
6453,621,3516,0.0,0,0,0.0,0,38.12
6455,563,37095,68.48,16,25409,51.48,8,2.48
6456,35943,337940,49.99,47,169009,45.57,24,22.06
6458,2714,26789,65.25,6,17483,63.74,5,6.17
6461,8107,110325,60.05,19,66270,52.73,4,10.39
6462,46684,91251,30.84,19,28160,21.68,5,36.91
6464,2177,133933,85.81,44,114948,79.28,29,1.78
6465,3255,59074,63.38,13,37450,55.17,6,8.45
6467,5339,52409,32.19,13,16881,21.9,4,17.08
6468,162,12074,98.62,1,11909,98.62,1,0.94
6469,29666,159127,47.56,31,75704,40.9,14,24.06
6470,27251,37694,41.73,2,15733,40.01,1,32.26
6471,359,851,0.0,0,0,0.0,0,61.54
6472,31490,128024,56.45,35,72298,45.53,12,22.92
6473,9759,60000,77.08,26,46261,64.34,15,2.83
6474,1615,52526,67.26,29,35340,44.6,10,4.68
6475,928,34784,73.13,12,25443,56.66,1,4.68
6477,30284,124053,40.79,20,50625,37.39,13,29.9
6479,876,57300,86.79,9,49743,79.32,3,2.03
6481,107,27204,96.01,6,26122,91.6,4,0.8
6482,2058,28634,67.6,8,19358,65.78,7,11.21
6483,17099,66808,43.71,34,29222,18.76,7,5.65
6485,41011,47366,25.62,10,12144,19.1,5,33.46
6486,30423,50893,43.11,5,21943,40.45,3,28.25
6488,115870,478114,77.12,98,368806,70.45,47,10.3
6489,278,28470,62.98,18,17933,36.92,7,1.79
6490,425,38754,70.62,10,27375,64.16,6,2.75
6491,9568,78000,65.71,27,51265,51.97,9,11.89
6492,47317,114904,39.02,25,44851,33.84,16,20.44
6493,1061,30050,80.37,9,24152,80.37,9,6.28
6494,38321,31560,16.81,8,5312,5.22,1,35.32
6495,12152,172031,52.59,39,90506,43.12,13,7.56
6496,10169,47290,65.96,9,31199,62.53,7,19.54
6497,1557,189955,97.19,5,184632,96.46,2,1.68
6498,6779,47476,67.54,18,32071,54.76,8,11.59
6499,7765,96945,41.56,13,40320,36.13,4,14.91
6502,134,8719,90.96,1,7931,90.96,1,0.83
6503,77,12012,80.41,3,9660,80.41,3,1.52
6504,5126,72600,70.73,23,51361,64.54,15,12.18
6505,90377,9525960,95.91,191,9138318,95.41,109,1.56
6506,4281,82361,60.97,39,50223,45.37,17,8.45
6508,15078,86539,61.95,16,53617,59.75,13,21.85
6509,55910,197434,37.31,50,73712,29.01,24,27.44
6510,15992,32929,54.57,10,17975,44.16,4,10.4
6511,642,60000,72.03,24,43229,57.36,9,2.89
6512,6638,25260,36.03,10,9109,17.69,3,20.2
6515,44096,36483,48.16,15,17573,36.25,8,11.44
6516,3711,56337,52.71,14,29702,43.18,5,11.18
6517,22212,30579,21.24,5,6498,17.96,3,41.34
6518,516,33333,84.48,12,28164,74.1,7,2.34
6523,6139,45048,63.08,8,28418,61.69,7,20.45
6525,13446,129047,67.53,25,87182,58.93,7,13.98
6526,21009,167506,78.71,16,131883,76.25,9,9.18
6527,2134,25459,44.98,7,11454,34.15,2,9.29
6529,399,12699,71.81,7,9121,41.45,1,5.3
6530,36035,33750,15.37,5,5191,8.93,2,47.39
6531,43785,163180,65.53,63,106972,53.62,31,10.96
6532,29597,37445,36.57,17,13699,18.46,4,29.25
6533,35275,50651,19.93,6,10101,16.11,3,47.17
6534,1924,102800,83.8,32,86169,76.77,20,2.93
6535,10876,167841,64.42,37,108147,55.95,14,9.67
6536,1178,26324,74.31,9,19567,58.26,2,4.16
6538,36717,40135,52.39,24,21038,22.15,5,14.27
6539,1012,24349,85.23,10,20757,75.51,6,3.84
6540,131,220435,99.05,3,218375,98.57,1,0.11
6541,12010,265216,70.92,42,188149,65.6,18,7.1
6542,883,42001,84.71,14,35592,77.61,10,2.61
6543,12310,61855,66.94,29,41415,50.33,12,1.95
6545,1238,22080,44.15,7,9751,37.79,5,13.39
6546,12471,66848,40.97,14,27402,29.91,1,26.35
6547,50037,341793,35.56,68,121608,27.9,24,17.61
6548,30195,950465,87.26,90,829678,85.04,56,5.69
6549,25464,80122,31.34,28,25124,16.14,6,11.11
6550,25484,894793,76.55,81,685142,72.97,28,6.21
6551,1188,71785,83.69,11,60095,79.32,6,3.11
6552,7645,83000,58.37,7,48457,55.76,3,18.47
6555,4549,119230,69.51,17,82907,64.58,7,8.71
6556,1415,28750,77.41,12,22263,63.62,6,7.76
6558,46911,93789,41.81,11,39226,38.61,6,31.16
6559,1899,23189,52.92,11,12276,31.62,3,16.93
6560,3331,32475,40.51,7,13161,32.29,3,18.24
6561,7117,77958,72.99,12,56915,70.14,8,8.72
6562,11455,118190,52.76,10,62365,50.33,6,15.65
6563,1148,29743,32.87,12,9780,10.33,1,7.89
6564,3678,72134,64.97,11,46883,59.59,6,10.9
6565,1191,27144,40.17,9,10907,28.73,5,8.79
6566,663,32152,84.51,6,27176,79.36,3,3.43
6567,630,102850,88.54,30,91083,80.22,15,1.26
6568,24759,30796,41.92,8,12914,29.94,1,23.01
6569,4168,42821,68.08,9,29159,60.79,3,12.91
6570,7991,37119,43.5,14,16151,29.79,5,22.59
6572,4331,103650,68.77,15,71296,64.99,9,9.85
6573,5977,80499,64.22,15,51711,59.23,8,16.39
6574,2912,21990,79.56,8,17497,75.44,6,8.81
6575,6887,135270,54.4,18,73629,51.06,10,8.89
6576,30194,157579,67.72,37,106756,60.7,20,6.5
6577,3762,60060,74.0,7,44453,68.34,2,10.48
6578,18708,71942,64.3,20,46272,57.42,11,9.63
6579,7979,169451,84.21,15,142722,82.48,10,6.7
6580,3864,112120,57.81,42,64837,44.55,20,8.05
6581,2290,111271,90.0,18,100167,86.88,11,2.86
6582,9151,106174,74.26,12,78861,71.21,8,11.43
6583,313,15947,82.44,9,13150,53.46,2,2.74
6584,14621,71380,74.55,26,53223,62.72,11,12.9
6585,4402,72528,75.91,9,55073,72.39,5,9.57
6586,29297,214010,62.31,35,133394,56.11,13,8.17
6588,40672,34701,22.66,5,7869,18.13,3,36.85
6589,22847,307076,58.28,59,179047,50.64,23,13.91
6590,2257,24952,56.88,13,14200,29.35,3,13.17
6591,44589,41122,25.61,8,10542,20.08,4,31.41
6592,25173,641845,79.88,62,512799,75.54,22,6.77
6592A,3585,50000,85.41,15,42707,75.84,6,6.68
6592B,5113,50000,81.33,17,40676,67.19,8,6.93
6593,34788,31857,46.15,14,14708,29.84,6,29.91
6595,8943,49858,80.57,25,40180,57.3,6,1.33
6596,17230,38000,26.8,6,10189,22.73,3,40.52
6597,927,30042,81.16,7,24389,72.45,3,4.73
6598,37011,102819,53.73,41,55271,37.26,12,11.05
6599,295,21000,76.44,4,16057,71.03,2,1.94
6601,361,44695,86.87,5,38836,84.46,3,1.53
6602,404,1236,0.0,0,0,0.0,0,64.82
6603,24237,167443,53.43,60,89486,39.87,23,13.47
6604,916,43731,84.44,10,36932,78.59,5,3.71
6605,15726,165816,67.31,41,111664,58.85,19,11.96
6606,9531,110304,70.66,41,77960,61.04,25,6.46
6607,68,9346,81.0,5,7571,76.22,4,1.21
6608,313,60000,96.78,8,58073,93.72,6,0.98
6609,9465,72456,58.57,8,42447,55.75,4,20.59
6610,3633,205579,81.25,10,167070,79.01,3,3.79
6611,459,1467,91.68,1,1345,91.68,1,8.3
6612,2755,47581,64.89,20,30884,44.55,6,8.92
6613,10984,77801,59.44,7,46254,55.52,1,17.95
6614,3963,80661,74.22,6,59874,73.64,5,9.5
6615,5224,21593,51.51,12,11128,35.88,5,22.76
6616,1553,35428,62.11,10,22014,53.92,6,7.66
6617,7156,127506,67.57,27,86188,59.79,11,9.53
6618,37296,104816,29.08,30,30499,19.68,12,14.12
6620,19705,165982,62.69,55,104106,49.59,18,8.38
6621,32185,35501,36.81,10,13078,23.52,3,17.45
6622,922,35301,65.34,14,23075,53.34,8,4.34
6624,850,22579,74.14,8,16745,59.54,3,4.76
6625,10445,57972,49.58,15,28752,44.07,10,21.93
6626,424,8936,77.35,4,6913,59.56,1,5.62
6627,267,28352,77.55,16,21990,65.81,10,1.55
6629,949,38380,84.02,10,32254,79.95,7,3.13
6633,1367,11129,95.66,1,10646,95.66,1,3.98
6634,2214,71289,66.23,25,47227,51.26,9,6.19
6637,3359,26810,59.22,9,15881,53.8,7,20.03
6638,1137,30000,70.5,7,21156,56.74,1,6.72
6639,906,57645,71.43,18,41186,60.13,8,3.35
6640,13422,28912,65.67,3,18991,63.77,2,16.46
6641,1989,36500,60.24,16,21993,49.83,9,9.56
6642,3246,37400,58.79,12,21993,46.24,5,13.72
6643,22970,42620,37.17,7,15846,33.41,4,36.57
6645,6612,60864,43.72,24,26620,26.16,7,10.95
6648,9204,50000,64.82,21,32423,49.42,9,6.59
6649,18421,42000,53.45,19,22456,35.25,6,7.48
6650,482,31090,80.17,17,24928,61.87,8,2.24
6651,3468,34602,51.78,18,17923,32.47,5,13.0
6652,1689,137000,79.07,38,108355,69.5,16,2.81
6653,282,6000,95.45,1,5727,95.45,1,1.16
6654,3401,40963,79.55,12,32593,71.17,6,3.68
6655,970,80572,86.08,24,69376,76.4,12,1.17
6656,66,12228,90.33,4,11047,82.4,3,0.71
6657,15865,88808,35.48,27,31528,21.76,7,16.33
6658,10961,36370,43.15,12,15701,31.52,5,21.01
6659,1141,85883,80.78,23,69391,70.55,9,2.61
6661,1290,23304,66.05,6,15394,61.86,4,9.32
6662,4670,25612,47.66,10,12210,40.17,7,7.96
6664,17205,61151,54.81,24,33531,36.54,11,24.38
6665,1826,45350,65.83,8,29858,59.37,4,8.34
6666,2196,47388,78.82,9,37357,77.96,8,7.11
6667,13193,49279,51.04,10,25157,46.21,6,28.39
6668,14526,107116,54.08,13,57944,51.41,8,21.23
6669,165410,187453,60.29,39,113046,51.74,13,13.25
6670,6009,139387,78.18,64,108989,65.48,36,4.9
6671,1388,60750,75.17,36,45680,56.63,17,4.43
6672,54840,82312,32.97,27,27152,17.52,8,41.45
6673,3126,26660,30.57,4,8156,25.42,2,28.23
6674,1784,68551,84.27,9,57774,81.38,6,5.32
6676,4372,169685,61.51,43,104405,54.48,24,5.93
6677,1896,56039,63.98,13,35861,57.04,6,7.17
6679,7128,54975,53.07,17,29183,43.83,9,15.22
6680,913,23954,72.7,10,17420,64.6,7,4.54
6682,11177,152106,53.09,25,80776,47.71,12,13.66
6683,31688,27553,20.42,5,5631,11.24,1,31.27
6684,23827,44559,36.46,6,16252,31.51,2,34.18
6688,197,19000,73.88,12,14039,49.8,5,1.74
6689,9836,68000,48.95,25,33295,35.77,11,24.91
6690,5212,30000,59.88,3,17965,59.88,3,20.9
6691,17981,121487,67.64,44,82203,54.27,18,11.24
6692,2114,58844,71.74,16,42229,61.9,6,5.37
6693,6887,45720,41.08,11,18788,31.39,4,18.85
6695,22500,107018,49.3,16,52791,44.84,9,21.44
6696,28068,829240,63.82,246,529371,52.77,94,5.16
6697,2191,27323,66.75,6,18242,61.11,3,13.99
6698,35843,66390,38.35,14,25474,31.08,6,25.25
6699,762,48819,85.49,16,41744,75.24,9,1.78
6701,758,365682,97.98,3,358306,97.98,3,0.34
6702,11477,758660,79.73,98,605043,75.46,45,2.87
6703,23351,36257,51.24,13,18586,38.72,6,20.8
6704,3573,105949,45.15,35,47864,32.45,10,7.75
6705,659,18005,73.6,10,13254,54.99,4,5.18
6706,48499,78549,25.32,19,19904,15.41,6,37.89
6707,1465,59003,80.07,15,47251,71.73,7,4.82
6708,2278,29009,52.06,12,15108,42.81,7,12.68
6709,1948,69380,64.27,22,44601,53.11,8,5.98
6712,29047,100489,39.87,23,40085,31.11,8,19.83
6713,885,29477,60.25,15,17768,37.76,4,7.02
6715,5923,68274,76.99,21,52586,67.26,10,7.86
6716,3235,30242,35.03,11,10596,22.41,4,14.86
6717,427,24937,75.04,13,18714,56.28,6,3.44
6719,26840,105521,48.4,13,51095,43.05,4,27.39
6720,1360,30226,58.13,20,17573,25.5,5,6.0
6721,1640,24500,50.55,9,12388,37.77,3,9.72
6722,2551,88400,76.79,16,67896,74.1,12,5.5
6723,1229,30039,58.68,12,17634,42.18,4,7.26
6724,1841,7100,62.32,2,4425,62.32,2,16.12
6725,6407,37130,64.52,10,23965,58.66,7,18.44
6727,40168,26884,28.1,12,7560,5.89,1,26.18
6728,2912,30120,63.32,9,19077,59.01,7,13.54
6729,1505,27661,47.9,11,13253,31.19,4,9.5
6730,1000,36319,74.31,20,26994,60.56,12,4.29
6731,186,54554,99.44,1,54249,99.44,1,0.44
6732,9538,48913,49.44,4,24183,46.31,1,26.68
6733,7316,134316,48.69,26,65417,40.25,7,11.67
6734,2156,40623,59.56,15,24203,46.05,5,9.71
6735,5240,46182,48.61,16,22452,35.59,6,17.69
6736,850,2596,93.39,1,2424,93.39,1,3.5
6737,1374,60050,80.8,23,48523,74.71,19,4.59
6738,535,36714,66.86,24,24556,46.12,12,2.25
6739,10488,23392,57.37,9,13422,48.11,5,18.46
6741,6786,120578,70.0,38,84429,58.25,16,9.38
6742,41345,71268,35.08,20,25015,25.94,9,27.4
6743,9034,150000,63.61,28,95458,57.62,14,11.41
6744,417,15400,65.84,7,10141,52.96,3,4.45
6748,7078,71683,35.17,20,25229,26.73,10,15.29
6750,1838,44707,59.09,22,26425,40.28,8,7.89
6751,2422,22200,64.67,4,14360,56.93,1,16.33
6752,3664,37144,47.77,19,17749,21.07,4,11.55
6753,17070,117300,58.9,24,69112,51.35,11,18.91
6754,2189,66000,83.11,9,54863,81.35,7,5.17
6755,1240,39823,53.73,16,21402,40.99,7,5.89
6756,8283,69990,62.49,8,43752,58.12,2,16.98
6757,134862,459530,75.24,30,345811,73.08,13,12.6
6758,248,13471,81.83,3,11025,74.89,1,2.7
6761,12926,34956,39.07,9,13662,29.93,3,29.38
6762,916,36930,77.6,18,28664,61.86,9,3.11
6763,18136,184039,61.38,20,113000,57.88,10,18.68
6764,255,38203,98.27,2,37543,98.27,2,0.6
6767,1464,39184,59.29,10,23238,51.86,4,7.4
6768,7083,200095,81.7,34,163512,76.16,16,6.24
6770,660702,4715815,48.17,563,2272620,43.56,204,23.77
6771,1771,31180,42.86,17,13372,18.13,4,10.72
6775,4195,109500,62.65,26,68620,56.44,15,7.18
6776,7490,91581,66.66,14,61070,61.35,6,15.38
6780,237,16470,83.35,12,13732,53.3,4,1.53
6781,28290,85419,70.04,8,59836,67.69,4,15.94
6782,6349,63000,51.62,23,32538,35.48,8,9.53
6784,898,19077,51.19,9,9768,30.34,3,8.76
6785,4462,66800,60.96,19,40738,54.55,12,9.39
6786,17434,30838,9.05,5,2793,0.0,0,28.19
6787,19691,81007,24.84,24,20141,9.8,4,20.3
6788,28004,38740,22.88,9,8876,14.22,3,40.47
6789,54128,318299,72.36,22,230384,69.19,6,14.26
6790,11105,267129,78.55,24,209905,75.32,10,7.89
6791,1961,20847,74.26,9,15487,56.02,3,11.55
6792,3988,47875,53.89,7,25808,48.08,3,15.37
6793,23749,75600,39.02,27,29520,22.4,7,11.38
6794,1145,63637,78.65,22,50065,67.24,11,3.03
6796,3036,40234,47.42,13,19082,33.96,4,12.18
6797,26750,30732,48.78,12,14998,29.99,4,18.67
6798,5881,19572,73.3,10,14351,55.68,4,1.74
6799,30191,43652,32.4,9,14153,21.07,2,31.54
6803,14742,72794,56.33,5,41015,54.28,2,24.55
6804,2198,47500,64.0,23,30408,47.17,11,7.43
6805,18546,68554,64.03,26,43913,52.34,12,7.71
6806,30964,274643,60.24,14,165490,58.45,4,17.68
6807,969,54000,81.42,15,43976,73.55,8,2.57
6808,2204,77840,54.19,19,42201,42.85,5,5.91
6810,25155,49448,35.36,14,17494,21.39,3,10.23
6811,5360,41449,65.46,3,27138,61.99,1,14.32
6812,7318,30603,41.02,11,12558,26.33,3,15.75
6813,633,23388,62.5,10,14623,48.86,5,6.95
6814,726,41874,82.81,14,34682,73.55,8,3.3
6815,8325,39706,67.2,21,26690,49.84,11,6.38
6816,433,12180,70.99,3,8648,61.98,1,5.22
6817,1094,18417,54.89,1,10110,54.89,1,10.29
6818,1393,25503,66.5,6,16963,55.91,2,10.26
6819,1379,33974,55.3,13,18792,41.48,6,7.5
6820,1588,22253,73.6,5,16380,73.6,5,7.74
6821,3958,35767,50.67,13,18130,39.52,7,19.21
6823,2502,30534,55.26,6,16876,50.99,4,12.69
6825,586,33651,73.37,11,24692,61.71,5,3.12
6826,7062,85540,74.64,17,63866,68.07,9,7.84
6827,1493,79294,62.58,26,49643,49.26,10,3.85
6829,10297,59169,67.75,6,40097,63.0,1,14.68
6830,26002,54726,30.3,17,16593,17.64,6,35.23
6831,11593,67500,57.62,30,38907,37.94,9,12.48
6832,3575,26411,86.1,3,22742,82.84,1,4.14
6833,906,57977,85.79,10,49751,79.3,4,2.9
6834,11700,88471,60.2,33,53282,46.3,14,19.54
6835,2114,66172,78.78,27,52137,68.85,15,5.92
6837,1001,32824,59.15,18,19423,41.11,9,6.89
6838,6761,150977,61.49,28,92877,54.15,10,9.2
6839,906,82020,80.57,29,66100,74.26,20,1.79
6840,1993,31559,54.93,14,17344,37.66,5,9.17
6841,11997,95223,47.58,29,45329,37.03,13,22.93
6842,2155,23130,39.33,7,9103,27.41,3,16.43
6843,1213,33304,76.73,16,25561,55.88,7,6.67
6844,3343,37428,63.45,10,23752,55.96,5,7.86
6846,1477,27066,66.78,7,18078,64.19,6,8.49
6847,632,14230,55.89,8,7956,19.67,2,8.09
6848,533,14273,52.95,8,7560,29.84,2,5.3
6849,6024,41918,48.48,12,20335,37.37,5,18.93
6850,928,33089,60.59,18,20054,41.06,8,4.41
6854,6144,117679,65.07,32,76593,54.65,13,9.38
6855,1991,23250,61.33,13,14264,41.79,6,5.74
6856,942,28200,83.58,8,23574,74.28,4,4.77
6857,416,15226,94.62,1,14408,94.62,1,2.12
6858,335,27220,89.89,9,24470,82.2,5,2.29
6859,2511,41603,64.5,15,26840,55.88,9,8.59
6861,12471,41599,51.3,3,21348,48.55,1,20.77
6862,6374,50000,69.81,7,34909,68.87,6,16.0
6863,4419,74888,75.63,10,56651,72.27,6,8.28
6864,4251,37875,37.12,19,14067,12.23,3,7.31
6865,1381,15841,50.68,7,8032,36.26,3,12.44
6867,815,24500,86.42,7,21176,78.62,4,4.47
6868,492,25043,55.37,14,13874,27.27,3,3.02
6869,20834,137830,54.75,40,75487,45.79,20,21.41
6870,2421,28875,75.51,14,21808,60.2,6,6.1
6872,2913,70751,57.75,28,40864,43.04,11,8.37
6873,11645,142649,62.17,44,88705,53.89,23,13.04
6874,2880,22000,53.6,9,11796,39.58,4,18.89
6875,4750,129183,61.16,36,79044,52.64,18,7.39
6876,20205,70529,31.69,24,22361,16.73,6,7.89
6877,3232,46967,74.42,27,34961,56.78,14,8.26
6878,1116,72641,88.93,14,64609,84.69,9,2.74
6879,351,26459,89.17,8,23597,80.25,4,1.58
6881,956,15000,57.92,4,8691,49.96,2,5.48
6882,820,23199,59.08,14,13711,31.49,4,7.23
6883,689,76274,87.72,28,66908,80.38,18,1.76
6884,1317,18390,73.01,3,13428,69.21,2,8.83
6885,22442,133099,35.94,38,47871,22.44,10,13.81
6886,14398,31810,90.03,5,28642,84.94,3,1.78
6887,861,74206,91.81,20,68142,82.02,8,1.64
6890,7381,250297,92.24,18,230891,91.97,17,3.53
6891,5742,200642,77.08,30,154714,73.81,19,6.08
6892,2581,94015,56.86,41,53480,36.89,12,5.65
6894,2767,23814,61.02,11,14533,55.1,8,10.14
6895,2882,34100,61.05,9,20824,50.99,4,12.01
6898,1565,29016,59.19,10,17179,45.84,2,9.26
6899,1986,42398,80.06,19,33947,61.26,7,7.63
6901,23767,853950,82.55,46,705067,80.52,17,4.99
6902,6808,35550,70.35,15,25018,58.93,8,5.23
6903,9791,66676,68.08,16,45402,65.51,13,16.08
6904,598,18500,79.9,8,14783,64.36,2,3.1
6906,3402,33537,57.89,13,19419,47.79,7,16.07
6907,7295,62562,65.94,8,41262,62.26,3,14.98
6908,1190,37180,86.39,2,32122,86.39,2,4.62
6909,12679,67488,37.96,25,25628,20.84,8,22.73
6910,1587,30521,57.02,8,17408,49.52,4,9.58
6911,941,22000,61.89,11,13620,44.33,5,6.71
6912,2015,144000,77.07,28,111008,69.43,9,3.04
6913,4276,43849,54.94,17,24098,42.24,9,11.81
6914,4544,66226,72.13,17,47779,67.03,11,9.46
6915,1124,35300,88.44,11,31221,84.8,9,5.26
6916,2073,67500,78.99,18,53329,72.7,12,5.57
6917,2491,55272,43.45,22,24030,28.83,9,9.59
6918,2010,34571,49.13,17,16992,27.89,5,9.92
6919,65986,1557559,73.41,318,1143667,67.27,163,7.45
6920,12171,207219,63.56,36,131765,57.91,17,11.13
6921,875,32062,78.02,11,25019,75.17,9,4.96
6922,3087,27155,62.9,9,17082,56.68,6,11.77
6923,3482,90439,69.71,37,63068,54.76,16,6.33
6924,564,20624,82.21,6,16958,73.08,3,3.99
6925,2954,20000,60.48,9,12100,41.69,2,21.44
6926,694,49800,80.72,25,40207,60.92,9,2.55
6927,1294,38236,67.96,14,25992,52.8,5,6.57
6928,4332,86000,79.69,11,68544,76.07,6,9.23
6929,1545,45090,89.57,6,40392,86.91,4,4.82
6931,3330,66152,70.06,40,46359,49.76,18,7.63
6932,5145,432596,80.5,79,348367,74.58,37,2.83
6933,4569,42501,66.62,10,28320,60.29,6,11.93
6934,1584,36130,65.99,15,23847,57.46,11,6.83
6935,576,37410,82.34,13,30804,72.81,7,2.79
6936,3782,72804,76.2,20,55483,64.78,9,8.16
6937,8414,67655,64.14,25,43410,54.48,14,13.88
6938,668,12570,67.45,6,8481,54.14,3,6.08
6939,657,35399,63.09,11,22337,56.09,8,3.26
6940,9249,320513,54.31,109,174152,39.86,34,6.86
6944,17228,99694,54.65,43,54511,36.08,14,11.69
6945,6075,97605,62.82,27,61338,52.32,11,10.25
6946,1899,323800,93.9,34,304098,90.83,18,1.08
6947,5682,106126,70.3,31,74636,60.13,14,9.22
6949,7241,1311601,93.5,180,1226673,89.8,105,0.86
6950,441,172926,95.89,27,165847,89.81,10,0.33
6951,4552,52000,66.23,4,34444,63.9,2,9.33
6952,2438,68345,86.86,18,59374,79.93,13,5.34
6953,3124,30015,63.56,6,19079,56.2,3,11.78
6955,508,24801,60.3,11,14955,49.64,6,2.34
6957,1874,55767,73.16,27,40816,54.34,11,4.49
6958,3401,401289,94.16,28,377943,93.03,21,1.36
6958A,1332,40000,83.86,7,33545,83.86,7,5.82
6959,4007,39167,40.76,12,15970,33.17,7,15.64
6961,3774,26834,44.45,6,11932,33.34,1,17.08
6962,32955,492397,52.3,76,257657,46.37,29,14.26
6963,206,15972,87.86,3,14034,85.26,2,1.45
6965,2339,156336,92.43,19,144514,90.95,15,2.4
6967,1815,30404,65.44,16,19901,39.25,4,8.29
6968,3525,49447,57.79,17,28585,44.13,7,10.22
6969,1721,43857,54.01,15,23694,40.67,6,8.34
6971,1633,38668,73.78,16,28538,61.37,8,8.23
6972,358,22935,83.82,9,19226,63.73,1,2.48
6973,872,40803,67.46,20,27539,41.45,4,4.07
6976,5991,582867,80.58,109,469736,73.63,43,2.49
6977,1826,14000,39.12,8,5478,15.91,2,14.89
6979,431,12000,59.53,4,7145,39.6,1,4.36
6980,2332,30000,77.54,6,23267,72.41,4,9.86
6982,2748,40752,63.98,14,26082,53.49,7,12.64
6983,3366,18020,43.49,9,7840,16.01,2,17.02
6984,345,19239,56.57,14,10886,27.71,4,2.42
6986,1957,52134,49.26,20,25696,36.64,9,6.79
6987,1162,224468,90.44,34,203051,86.82,21,1.08
6988,452,47600,78.61,21,37426,64.78,11,1.59
6990,5605,64204,82.85,17,53210,76.82,12,10.19
6992,461,25699,72.83,19,18720,43.34,8,2.81
6994,6795,74162,45.42,20,33704,36.64,10,18.89
6995,3718,27000,45.64,13,12328,28.93,5,7.43
6996,2450,42090,61.03,5,25692,55.68,1,8.23
6997,743,22100,82.26,3,18181,77.74,2,4.88
6999,258,23116,77.34,16,17883,57.3,8,1.34
7402,21059,35281,34.35,9,12123,26.96,4,32.34
7415,2532,30200,61.7,18,18640,33.05,5,6.34
7418,260,27554,96.14,6,26493,85.31,1,0.45
7419,4703,40000,49.58,15,19839,39.24,9,19.98
7421,537,525,0.0,0,0,0.0,0,53.65
7422,241,23272,82.48,3,19199,78.47,1,1.63
7427,5122,54026,31.18,19,16855,19.64,8,18.89
7443,348,22000,82.47,11,18147,73.22,7,2.42
7452,109,2000,87.89,1,1758,87.89,1,4.86
7455,267,25500,82.75,8,21106,73.87,4,1.45
7507,1114,102100,78.25,31,79909,70.21,18,2.24
7516,24248,19309,36.6,7,7070,14.79,1,23.78
7530,3388,46500,54.72,14,25456,45.98,8,15.49
7547,2007,33963,73.11,10,24834,66.12,7,9.89
7551,442,12100,56.65,5,6857,42.93,2,6.14
7555,418,28325,87.67,5,24834,86.14,4,1.91
7556,2696,29191,64.38,10,18799,54.58,5,9.54
7558,814,18621,52.37,12,9755,22.53,3,8.75
7561,739,30085,60.63,7,18244,55.15,4,3.16
7562,269,22779,76.4,10,17407,63.04,5,1.61
7566,7906,159773,66.92,50,106933,55.01,22,4.34
7575,559,30000,52.1,16,15635,32.69,7,2.94
7578,1752,60073,64.55,27,38797,44.43,8,5.61
7583,455,24595,88.29,13,21723,72.97,7,2.53
7584,974,16463,71.21,6,11727,56.38,2,8.96
7590,2532,122379,82.39,32,100848,77.3,22,4.57
7595,826,50465,72.14,27,36416,45.91,8,3.46
7607,677,36653,71.91,13,26362,62.37,6,2.28
7610,20495,58717,50.69,19,29772,40.3,8,19.76
7631,1230,20142,71.83,10,14471,52.88,4,7.96
7642,2049,30150,80.03,9,24131,78.35,8,9.53
7669,3668,22000,32.85,12,7230,4.94,1,13.12
7686,1917,50110,87.81,10,44006,85.8,8,2.41
7689,7709,58507,84.52,8,49458,81.71,5,7.21
7702,356,66000,92.69,10,61185,87.96,5,0.84
7703,4346,34745,59.05,9,20527,46.66,2,16.36
7704,1614,33770,59.63,14,20142,42.11,4,7.73
7705,13751,66067,68.85,10,45495,61.81,3,11.63
7706,241,10000,91.29,1,9129,91.29,1,3.42
7707,3296,45700,46.49,11,21259,39.86,6,10.46
7708,2990,25500,63.59,2,16218,61.96,1,12.14
7709,2694,39103,79.43,8,31065,77.39,7,9.58
7710,311,63906,99.01,3,63277,97.54,2,0.39
7711,9262,71700,61.59,12,44171,54.1,5,12.56
7712,4493,32562,53.64,15,17473,35.55,5,16.76
7713,765,45479,84.76,14,38561,78.28,9,2.37
7714,2839,21000,66.63,8,13996,47.95,2,15.68
7715,2112,32756,56.05,12,18369,39.76,4,12.22
7716,550,22500,82.51,9,18570,66.05,3,4.08
7717,9642,24832,53.29,11,13236,35.38,4,22.26
7718,1029,46356,78.39,18,36345,65.7,9,3.26
7719,16123,36000,20.72,7,7468,11.3,2,28.33
7721,3485,55370,60.81,17,33678,52.76,10,11.1
7722,20683,71622,85.01,4,60890,83.67,3,9.38
7723,4409,49620,56.45,19,28019,47.23,12,14.18
7724,299,35381,84.31,12,29836,70.85,5,1.56
7725,298,48327,83.73,10,40471,79.14,6,0.86
7726,181,20304,87.24,6,17716,80.37,4,1.22
7728,3310,13854,57.12,4,7916,45.73,2,14.92
7729,16954,80682,56.99,31,45997,45.35,17,8.09
7730,1208,36797,69.86,16,25713,60.64,10,5.12
7731,9046,521981,71.97,90,375754,67.43,52,4.54
7732,874,64680,88.89,20,57513,81.82,13,1.91
7734,13720,28000,71.73,11,20089,67.31,9,10.41
7735,2757,43331,92.99,8,40302,87.5,5,2.7
7736,1578,76000,84.69,23,64383,76.73,13,3.56
7737,373,29759,77.84,14,23170,56.78,5,1.74
7738,1686,27356,57.72,17,15798,32.18,6,7.26
7740,2912,60000,64.33,22,38616,53.9,12,7.61
7742,7348,66561,68.98,5,45922,65.0,1,15.79
7743,924,36483,74.69,23,27259,57.39,13,4.25
7744,2483,32077,75.4,14,24196,61.68,8,6.75
7745,546,17950,71.13,7,12770,56.71,3,7.46
7747,951,30169,79.89,6,24105,76.6,4,2.43
7748,214,14500,69.41,8,10066,57.4,5,2.35
7749,7962,46486,45.68,18,21246,29.0,5,16.76
7750,10446,71843,75.14,33,53991,61.59,16,5.12
7751,10428,26889,46.67,11,12554,36.95,6,12.91
7752,2210,200000,86.13,35,172308,81.71,20,2.25
7753,2370,25000,74.15,4,18541,65.34,1,7.78
7754,1754,101157,71.17,41,72010,56.46,15,3.2
7756,265,21283,70.82,8,15076,59.42,4,1.4
7757,2633,24100,59.3,10,14293,40.98,4,13.19
7758,374,16100,83.4,3,13428,80.09,2,2.54
7759,1032,70342,80.98,17,56977,73.54,10,2.66
7760,1516,66048,65.03,29,42957,51.48,13,3.28
7761,1441,28900,49.27,10,14242,34.2,4,10.27
7762,1434,58091,55.32,26,32143,39.54,10,3.87
7763,2915,60014,82.08,17,49269,76.51,10,6.13
7764,782,60000,81.52,26,48920,68.92,15,2.81
7765,5438,40681,59.37,3,24153,56.68,1,13.85
7767,1082,30100,71.24,16,21448,55.3,9,5.91
7768,6518,70065,64.23,21,45020,55.98,13,10.61
7769,59033,179930,67.21,47,120980,56.94,16,5.31
7770,1089,30062,74.26,14,22327,62.44,7,5.51
7771,516,20013,82.1,3,16434,75.7,1,3.1
7772,5329,26499,56.09,5,14864,52.82,3,22.75
7773,978,39911,57.45,16,22936,42.81,8,5.45
7776,1073,49102,74.59,15,36638,63.72,6,4.62
7777,17350,186606,66.29,26,123716,61.86,13,15.39
7779,368,16105,66.95,7,10784,56.73,4,2.15
7780,43449,810024,75.55,45,612235,73.52,19,10.27
7781,17554,649681,73.33,87,476491,69.04,40,5.92
7782,1111,23213,75.99,9,17643,65.8,6,7.31
7783,1172,62445,91.8,16,57326,89.51,13,2.02
7784,1429,187601,87.51,47,164200,82.19,30,1.86
7785,215,33339,85.58,13,28536,72.06,5,1.03
7786,6430,175954,82.11,31,144524,77.63,18,6.08
7788,7843,79746,69.6,35,55518,55.93,16,9.06
7789,174,21184,71.37,14,15122,42.62,4,0.94
7790,399,18585,70.29,15,13067,32.02,3,2.57
7791,4664,80000,80.08,16,64081,70.07,5,7.92
7792,4021,46662,69.46,14,32417,62.09,8,9.05
7794,1237,28000,81.49,7,22820,71.58,2,7.19
7795,16323,78828,71.23,11,56166,64.31,3,8.79
7796,2327,22963,58.39,5,13411,45.79,1,16.75
7797,696,22245,79.3,11,17644,62.68,5,5.01
7798,732,324126,94.72,51,307054,89.77,26,0.34
7799,12010,159738,79.36,37,126816,70.61,14,7.68
7801,1286,18300,70.43,3,12891,67.37,2,10.51
7803,2099,94413,79.31,31,74906,70.37,17,4.95
7805,4513,33125,70.43,7,23334,68.65,6,10.71
7806,336,29253,77.29,16,22611,58.33,7,1.65
7808,1076,70000,77.96,3,54580,76.94,2,3.01
7810,3231,20250,46.8,6,9480,36.34,3,18.64
7811,1252,33377,73.2,7,24440,65.17,2,6.0
7812,2753,60419,61.99,21,37463,53.23,12,8.26
7813,1811,19216,42.72,8,8212,27.41,3,15.06
7814,1589,45000,77.65,9,34951,71.66,5,5.85
7815,4142,32976,60.54,7,19970,50.32,2,12.2
7816,1141,29278,79.18,6,23188,71.61,2,6.38
7818,3919,167946,90.12,12,151368,88.99,8,3.82
7819,2669,25264,59.14,2,14942,55.4,1,18.02
7820,1937,37768,76.87,12,29041,65.96,6,6.82
7821,9847,121913,80.7,22,98420,74.73,12,7.24
7822,17022,45561,68.19,9,31080,63.73,6,17.53
7823,927,33491,72.69,14,24348,62.34,9,4.02
7824,380,31337,79.88,18,25037,67.2,12,1.59
7825,3847,25614,40.28,9,10324,24.81,3,22.97
7826,126,12000,84.38,9,10127,60.74,4,1.54
7827,2772,140011,79.23,30,110956,73.83,17,3.64
7828,14041,40532,65.78,19,26671,53.6,10,13.32
7829,1066,99388,82.79,43,82307,70.71,24,2.06
7831,73,13401,74.55,8,9993,56.06,4,0.1
7832,2188,580000,92.75,100,538079,87.5,57,0.93
7833,538,43011,73.65,20,31684,57.31,9,2.06
7834,259,16478,75.03,7,12364,61.04,3,2.94
7835,568,46544,69.93,18,32554,55.36,6,2.15
7836,586,49500,71.08,20,35195,61.53,12,1.42
7837,334,22800,74.86,4,17073,67.76,2,2.54
7839,488,15096,75.19,8,11353,55.95,3,3.9
7840,228,34000,89.56,13,30454,76.24,7,1.08
7841,356,24200,77.79,10,18827,66.51,6,2.2
7842,1625,18250,68.93,3,12584,62.3,1,11.79
7843,1071,33440,67.65,9,22627,61.47,6,5.17
7846,468,34412,84.06,8,28934,75.12,3,2.07
7847,543,29000,63.09,14,18301,43.49,5,3.33
7848,1307,33376,73.37,17,24494,51.35,4,4.09
7849,178,11892,95.78,1,11391,95.78,1,1.13
7850,1507,97659,70.61,39,68975,54.25,17,3.44
7851,533,67691,83.61,21,56609,74.31,9,1.54
7853,15420,48247,27.9,13,13466,19.13,4,33.95
7854,829,40300,89.32,16,36004,79.77,11,3.16
7855,14156,277305,76.2,18,211384,73.37,6,9.4
7856,6794,27177,69.62,13,18926,61.08,9,9.64
7857,620,53488,83.54,13,44692,75.95,7,1.76
7858,4061,22237,48.53,10,10795,30.41,2,15.19
7860,149,32000,94.55,11,30260,89.3,9,0.46
7861,3939,64600,77.25,23,49921,66.89,12,4.66
7862,611,40000,86.98,4,34796,84.22,2,1.44
7863,121,30000,98.43,5,29533,96.02,4,0.34
7865,863,25124,61.96,13,15574,35.32,4,6.53
7866,4809,43171,61.26,17,26450,45.75,7,9.55
7867,690,96000,95.56,26,91761,83.92,8,0.86
7868,1072,22240,57.39,10,12768,40.21,4,8.78
7869,451,27241,88.86,4,24208,86.5,3,1.01
7870,2425,18400,76.19,12,14022,49.13,3,1.48
7871,6115,134278,55.88,32,75057,48.84,16,8.39
7872,1222,30000,65.06,3,19522,61.32,1,7.0
7873,2884,149884,85.56,37,128283,76.08,15,2.68
7875,333,20000,96.46,1,19292,96.46,1,1.55
7876,1356,107408,84.86,30,91171,76.12,16,2.57
7877,384,38857,70.91,11,27561,57.61,2,1.66
7878,3067,56137,47.27,24,26547,27.64,5,8.01
7879,3217,40000,61.96,17,24790,49.52,10,11.47
7880,1452,26500,68.46,16,18150,37.89,5,8.11
7881,404,27000,84.26,6,22752,82.39,5,2.51
7882,2205,205282,83.51,47,171460,78.02,31,2.29
7883,2055,60976,71.21,24,43438,58.45,11,2.29
7885,460,29200,76.55,16,22355,57.39,6,3.02
7886,1560,24978,65.46,14,16354,43.32,5,8.39
7887,13997,81720,43.34,34,35430,28.84,14,19.76
7888,545,75235,81.27,40,61154,62.15,18,1.04
7889,193,20781,83.84,16,17427,45.61,4,0.81
7890,420,20800,86.06,12,17905,65.96,6,2.51
7891,187,19430,56.46,7,10971,53.57,6,1.33
7892,5915,47198,75.5,15,35648,63.38,6,8.04
7893,1370,40799,86.18,5,35168,80.01,1,4.16
7894,857,24000,54.29,8,13033,38.97,1,4.43
7895,13080,38790,74.15,7,28770,65.58,1,2.7
7896,603,27900,86.62,5,24171,80.82,2,1.91
7897,203,133617,98.36,2,131432,98.36,2,0.18
7898,3163,30039,69.27,6,20811,64.02,3,6.47
7899,8396,24292,42.27,12,10271,11.82,2,24.91
7901,2242,60000,84.25,13,50561,75.1,4,3.29
7902,1655,200605,89.99,45,180554,85.68,31,1.82
7904,101,15000,92.43,4,13866,85.92,2,0.96
7907,2118,39393,75.17,17,29615,65.07,11,2.06
7909,4801,70593,83.71,15,59099,76.12,7,4.54
7911,1795,40000,65.81,15,26330,49.09,4,6.76
7912,2242,22190,79.36,10,17612,72.33,7,4.88
7913,1187,45139,90.41,7,40817,86.43,4,2.14
7914,81,52848,95.72,4,50592,94.64,3,0.22
7915,1692,40100,86.2,19,34573,70.89,10,1.94
7917,1996,66903,79.89,16,53463,70.29,6,2.93
7918,14892,43100,79.66,5,34338,77.07,3,7.97
7919,605,12700,50.06,4,6358,42.07,2,7.29
7920,3472,593987,88.99,179,528684,80.06,95,1.41
7921,832,40807,83.77,11,34191,75.71,5,2.72
7922,522,66175,95.53,18,63226,94.05,17,0.83
7924,1679,133561,81.76,45,109230,74.91,30,2.03
7925,358,65600,89.65,40,58830,72.32,23,1.17
7926,1529,15002,73.49,4,11027,59.45,1,6.89
7927,559,44700,70.24,29,31406,41.86,7,1.31
7928,2448,41530,72.78,18,30232,58.73,8,4.31
7929,979,21673,81.76,12,17723,61.89,4,3.49
7930,2006,33754,67.49,12,22789,55.75,5,6.79
7931,159,24641,96.2,5,23706,84.9,1,0.4
7932,2310,50000,60.4,22,30211,40.04,5,4.62
7933,108,23563,87.2,8,20552,72.45,3,0.56
7934,697,26029,58.44,14,15216,35.53,5,3.98
7935,202,37000,83.03,16,30724,63.81,6,0.57
7936,674,36038,67.85,3,24454,64.14,1,3.98
7939,444,19580,74.62,2,14613,71.08,1,3.21
7942,2354,31768,82.64,6,26260,77.56,3,5.35
7943,545,30651,73.05,17,22396,58.03,10,2.38
7944,231,30763,85.79,13,26394,72.44,7,1.09
7945,317,11543,72.24,5,8340,58.96,2,2.93
8002,250,1908,0.0,0,0,0.0,0,28.25
8009,627,4375,0.0,0,0,0.0,0,21.49
8010,385,6666,46.01,4,3068,20.25,1,9.66
8011,60715,165922,31.3,27,51972,24.98,10,29.81
8012,478,3800,93.02,1,3535,93.02,1,4.85
8014,591,8827,37.88,2,3344,37.88,2,10.86
8015,111,3000,29.54,2,886,0.0,0,12.06
8016,35976,120137,44.84,51,53896,29.45,21,20.56
8018,75,3449,21.62,1,746,0.0,0,3.98
8019,98,33891,93.81,3,31801,90.33,1,0.8
8020,109,8263,59.32,4,4902,32.36,1,2.37
8021,85970,147329,47.53,50,70060,34.82,22,31.96
8022,57,3000,70.18,1,2106,70.18,1,3.26
8024,22523,45160,29.89,12,13507,18.86,4,25.48
8026,61,97,0.0,0,0,0.0,0,73.87
8027,66399,113129,26.35,33,29832,13.77,9,40.4
8028,70799,184772,47.75,60,88251,35.85,26,28.63
8029,648,78017,75.2,24,58688,62.69,7,1.44
8031,121,4498,25.57,1,1151,25.57,1,4.73
8032,23261,51810,75.96,9,39360,74.21,7,12.87
8033,78725,164630,27.59,38,45474,18.1,13,39.85
8034,22004,56586,17.08,10,9673,8.72,3,32.51
8035,213,6705,44.2,4,2965,17.91,1,5.78
8036,532,7657,20.62,1,1580,20.62,1,10.9
8038,40039,62278,21.18,10,13203,15.02,4,36.0
8039,84218,263928,58.8,58,155226,50.92,25,21.17
8040,31900,96414,49.88,12,48125,44.68,3,22.1
8042,42858,133855,66.83,45,89481,59.59,28,21.9
8043,37923,79907,40.37,14,32264,37.54,10,46.27
8044,27437,204768,61.13,30,125212,56.94,16,14.13
8045,4228,95042,66.32,36,63044,54.52,18,8.24
8046,118097,646165,83.92,90,542368,79.28,41,7.46
8047,1291,41666,82.43,15,34353,74.61,10,3.69
8048,34914,57706,39.54,18,22832,28.08,7,24.43
8049,39348,118280,32.99,22,39040,27.21,11,29.27
8050,57116,205205,42.75,35,87741,36.26,15,26.71
8053,3692,411818,85.44,76,351942,80.37,42,1.93
8054,52256,108733,35.09,17,38168,28.92,4,33.98
8056,11797,389990,60.65,80,236601,53.98,35,5.95
8057,84,6344,67.07,3,4256,67.07,3,2.43
8058,2551,68800,68.65,27,47245,51.48,10,6.45
8059,12966,194080,73.01,16,141738,69.37,5,8.2
8060,272,6083,49.68,2,3023,34.07,1,11.29
8064,80971,184818,46.5,42,85975,39.37,21,31.88
8065,928,4500,37.58,3,1692,0.0,0,18.18
8066,38109,36642,38.03,12,13942,23.13,4,32.94
8067,6998,20700,81.35,9,16844,56.73,3,6.64
8068,8261,80766,62.06,17,50139,58.78,12,15.75
8069,104812,1155049,74.74,290,863485,66.65,144,9.28
8070,36850,725648,73.51,100,533600,69.36,55,10.75
8071,35102,60084,32.91,13,19787,22.86,3,32.78
8072,12846,80000,60.2,10,48173,57.87,7,20.64
8074,45781,86974,38.65,23,33638,29.52,9,31.38
8076,89237,292214,34.27,64,100215,26.03,25,21.66
8077,1066,21946,82.07,4,18013,76.8,2,2.97
8080,14352,67164,84.74,5,56923,82.53,2,5.83
8081,21721,86172,36.88,22,31800,23.72,4,24.96
8082,4212,106609,71.71,22,76470,62.9,8,4.36
8083,2722,35133,56.4,13,19820,44.04,4,9.49
8084,3321,69514,61.01,22,42418,48.59,7,8.53
8085,35946,139983,41.36,28,57921,30.13,3,17.33
8086,77457,196516,44.76,34,88004,37.69,10,32.12
8087,9847,38646,57.73,21,22317,43.96,11,10.03
8088,54292,60922,17.75,6,10820,17.03,5,53.38
8089,27236,65999,41.55,8,27431,37.95,3,22.14
8091,18622,57012,45.65,22,26037,32.32,10,20.38
8092,20407,57172,61.09,25,34940,41.11,7,11.05
8093,3231,56568,67.55,7,38213,64.0,4,8.26
8094,337,18527,43.02,10,7975,11.96,2,2.77
8095,123,7930,51.29,6,4068,18.1,1,3.77
8096,84689,149343,43.36,29,64798,37.38,15,30.47
8097,13341,60302,72.78,21,43899,59.36,9,7.01
8098,1377,12653,57.32,8,7254,33.15,3,11.04
8099,29263,100073,82.3,19,82369,76.69,9,5.83
8101,18413,52166,81.4,3,42468,80.45,2,8.02
8102,1166,23358,38.9,10,9089,24.43,4,7.17
8103,19171,78437,47.53,29,37294,30.78,9,22.76
8104,45250,104058,33.43,7,34804,30.38,2,32.35
8105,35960,441545,63.84,42,281944,60.51,20,14.54
8106,68,3943,60.82,3,2398,27.88,1,2.19
8107,31807,75000,53.79,20,40361,44.3,10,17.03
8109,7164,82161,54.01,35,44396,34.87,11,13.5
8110,79859,517740,50.43,42,261177,47.19,15,29.42
8111,60339,109102,36.19,26,39515,27.13,9,31.75
8112,115543,565883,38.3,87,216837,34.41,51,28.57
8112A,7019,30000,50.72,13,15223,36.01,7,17.88
8114,11694,76781,47.0,32,36105,32.61,13,18.92
8115,842,70000,86.41,25,60502,78.23,16,2.47
8119,33078,63662,46.56,26,29654,27.38,8,10.6
8121,30651,212994,61.24,38,130484,54.39,15,14.62
8122,1616,402371,93.1,13,374717,92.23,7,0.77
8127,242,5558,7.67,1,427,0.0,0,7.51
8130,297,47620,70.92,21,33778,59.07,11,0.81
8131,33223,442222,70.96,27,313896,68.35,8,14.29
8147,5038,42282,45.07,14,19065,32.53,6,15.61
8150,143923,704523,61.96,143,436639,55.86,76,23.8
8155,16701,62854,46.51,16,29239,35.6,6,27.44
8157,662,26839,78.64,2,21107,78.64,2,4.87
8162,2605,68702,74.75,27,51377,61.77,13,7.06
8163,74786,280000,45.14,43,126463,39.66,17,24.81
8171,44667,112853,61.24,27,69131,51.12,10,12.7
8172,258,1579,0.0,0,0,0.0,0,35.73
8176,37247,71701,33.4,19,23962,22.1,6,23.44
8182,11183,107041,66.63,12,71328,63.78,7,18.84
8183,38705,121251,48.27,18,58546,42.42,6,21.91
8197,637,61748,84.91,4,52437,83.38,2,2.19
8201,12077,62366,58.16,16,36291,45.88,4,16.92
8210,41454,125319,65.82,29,82512,57.42,13,18.87
8213,68562,271242,50.6,84,137340,39.26,35,17.12
8215,67398,320675,53.13,28,170436,50.63,13,20.26
8218,105,1593,0.0,0,0,0.0,0,9.2
8222,39663,68574,36.23,13,24857,31.52,7,33.2
8225,380,22380,79.65,4,17828,73.02,2,3.89
8227,29079,39543,32.64,10,12912,21.89,4,35.52
8234,16616,141226,55.09,37,77822,45.96,17,21.12
8240,37521,100004,54.0,21,54018,48.06,11,21.21
8249,35682,137824,57.13,16,78769,53.51,9,23.75
8255,25324,101973,51.56,17,52590,46.77,9,22.81
8261,76814,118878,42.23,15,50237,37.42,5,40.68
8264,496,2577,0.0,0,0,0.0,0,34.39
8271,66419,129615,41.94,23,54384,36.59,12,33.49
8272,1648,18998,38.04,6,7231,25.15,2,11.32
8276,125,3507,48.36,2,1697,33.84,1,10.33
8277,38628,91629,21.77,13,19960,15.74,3,28.9
8279,2128,27101,60.22,5,16329,52.51,2,11.24
8281,415,29267,44.49,8,13025,34.88,3,2.37
8284,2322,47303,64.4,19,30474,48.12,8,7.03
8286,157,441,0.0,0,0,0.0,0,76.5
8287,11819,24267,70.24,1,17046,70.24,1,20.81
8289,30485,68334,43.01,16,29405,33.59,5,26.21
8291,1884,17478,71.89,3,12566,71.89,3,13.34
8297,174,15000,92.95,1,13943,92.95,1,1.78
8298,382,25632,81.52,3,20897,81.52,3,2.25
8299,208404,221439,39.31,64,87103,27.89,24,32.51
8325,204,1513,0.0,0,0,0.0,0,33.84
8329,3153,280578,90.98,36,255294,87.37,22,2.79
8341,18740,130000,49.11,16,63853,46.61,11,23.98
8342,1085,33537,72.31,9,24255,66.29,6,4.58
8345,792,60008,83.5,15,50122,73.22,6,2.24
8349,7665,208821,71.23,37,148769,67.07,23,6.6
8349A,1264,10000,10.25,2,1025,0.0,0,19.73
8351O,1051,50000,80.5,9,40256,70.91,2,3.55
8354,14430,78532,65.44,32,51411,49.43,11,11.18
8358,152240,252588,38.75,55,97915,32.83,31,39.5
8359,6010,136500,83.34,26,113780,79.49,18,4.65
8367,3508,92172,70.66,33,65150,61.38,18,7.03
8374,13232,112585,71.81,12,80871,68.36,6,17.74
8375,114,7356,77.08,6,5671,40.34,2,1.96
8380,882,7123,19.38,2,1381,0.0,0,31.96
8382,10346,292574,66.04,81,193260,56.95,42,6.4
8383,57174,113760,52.58,30,59842,44.28,15,24.52
8390,31422,96116,46.18,21,44407,39.99,11,17.03
8401,11936,70669,63.14,22,44634,54.47,13,9.58
8403,36662,137640,38.04,21,52384,32.26,9,20.07
8404,15726,419934,78.89,67,331347,73.47,30,4.23
8409,25726,32000,48.72,9,15595,38.7,4,14.48
8410,2056,36589,56.92,11,20832,50.7,7,11.11
8411,10760,221139,82.1,33,181597,79.54,25,5.45
8415,8741,1031500,93.09,136,960405,89.6,78,1.75
8416,2077,28211,77.13,7,21760,77.13,7,9.05
8419,1377,30000,53.22,11,15971,40.55,4,14.2
8421,6850,63817,64.77,19,41346,58.71,13,12.68
8422,149825,1359473,38.28,134,520701,34.68,56,26.27
8423,6302,41714,63.63,14,26551,54.61,8,13.21
8424,3018,36054,60.56,7,21845,50.7,2,15.55
8426,2677,50242,74.89,6,37639,70.26,3,8.95
8429,45150,185747,42.15,26,78343,38.3,13,17.74
8431,44261,48778,31.16,15,15207,16.03,4,27.55
8432,3161,38398,61.5,4,23627,56.47,1,12.69
8433,3120,54506,67.54,17,36823,60.43,10,9.75
8435,22353,35200,41.14,13,14486,20.64,2,29.15
8436,45785,117729,36.96,32,43542,27.99,14,29.08
8437,32470,47014,41.89,19,19705,28.08,7,15.9
8438,2771,69943,78.47,21,54898,65.15,9,5.95
8440,55721,50255,32.73,7,16457,29.05,4,36.35
8442,1990,70170,71.68,24,50313,61.43,13,5.17
8443,46589,66800,69.44,24,46397,59.3,14,15.85
8444,1682,125105,85.93,33,107537,77.61,15,2.08
8446,7718,52914,51.2,15,27098,42.84,7,24.14
8450,10250,51310,58.33,14,29933,56.66,13,22.99
8454,38095,264975,81.45,20,215873,79.32,10,10.47
8455,726,25219,89.9,3,22675,87.77,2,4.46
8458,550,35850,73.63,25,26403,48.85,11,2.37
8462,6166,80387,65.68,20,52812,58.96,11,10.2
8463,3556,150000,82.21,28,123341,76.81,15,4.61
8464,3831,293020,86.96,91,254888,77.98,49,1.01
8465,232,8100,58.22,4,4717,41.56,2,3.39
8466,2139,79446,77.08,27,61244,67.48,13,4.84
8467,1671,48374,82.0,21,39675,73.87,14,4.48
8472,1019,17736,63.04,3,11182,55.75,1,5.22
8473,14910,185237,66.96,17,124103,65.05,11,12.18
8476,6350,167514,71.83,53,120358,62.13,26,7.02
8477,10912,84171,83.5,5,70292,81.6,3,5.22
8478,10933,93972,75.66,12,71103,75.66,12,13.08
8479,375,20055,62.09,7,12455,41.51,1,2.41
8481,2512,66602,66.5,24,44303,53.62,10,6.98
8482,1035,107444,95.21,18,102319,90.26,11,1.13
8485,61,1568,96.18,2,1508,0.0,0,2.98
8487,19460,26535,55.94,9,14847,46.05,5,11.81
8488,908,73500,87.06,18,64000,80.29,10,2.05
8489,29867,59949,57.16,15,34282,46.07,5,14.72
8490,1099,23760,45.75,12,10876,29.07,4,8.22
8491,1286,2900,0.0,0,0,0.0,0,35.33
8492,250,33300,92.97,12,30963,88.34,10,1.47
8495,855,127275,92.59,6,117860,91.06,3,1.6
8496,292,35675,87.43,12,31195,84.71,10,1.5
8499,2173,41166,79.88,12,32889,72.65,7,6.32
8707,6312,2565,0.0,0,0,0.0,0,43.84
8708,20452,194479,43.72,31,85066,36.67,11,17.05
8710,6841,115478,28.91,29,33405,18.14,11,13.04
8712,6933,807919,76.11,266,615151,63.75,113,1.25
8718,18054,97036,35.41,20,34379,28.34,10,24.02
8719,6763,656412,86.77,136,569746,79.45,63,1.98
8720,8590,89517,56.85,19,50902,47.27,5,13.29
8721,2240,3966,0.0,0,0,0.0,0,38.42
8722,5794,52649,62.7,15,33025,56.87,10,12.31
8723,23382,104515,50.71,31,53019,41.3,15,19.31
8724,8390,20233,40.69,6,8236,33.64,4,33.19
8725,12491,112120,32.36,23,36307,25.28,10,22.08
8905,21520,119440,92.47,26,110472,88.78,19,2.39
8906,2890,44037,56.39,16,24839,49.92,11,9.48
8908,15372,315333,89.12,47,281071,85.98,30,2.96
8916,41407,150388,66.54,48,100090,59.59,31,10.01
8916A,276,244,0.0,0,0,0.0,0,93.44
8917,1715,162652,82.65,69,134465,65.61,24,0.91
8921,1149,46592,85.56,24,39873,63.01,8,1.38
8923,5131,30376,82.32,10,25009,74.55,6,3.83
8924,16918,83800,38.79,22,32524,29.73,9,28.92
8925,19591,365243,41.31,123,150939,27.53,42,8.79
8926,62659,830282,57.17,131,474765,51.67,55,14.09
8927,25682,419068,83.66,112,350714,74.81,51,3.27
8928,4342,50854,49.22,13,25044,35.67,2,16.04
8929,11693,50581,45.67,10,23110,39.18,5,26.16
8930,5305,81809,69.02,35,56487,56.82,18,11.38
8931,19055,122255,81.46,14,99607,78.51,8,4.57
8932,10218,357963,79.15,76,283411,73.9,49,4.56
8933,42745,326724,52.96,44,173130,47.69,14,14.57
8934,504,7973,94.77,1,7556,94.77,1,1.41
8935,38019,113495,50.87,25,57753,42.46,11,12.39
8936,75798,248078,30.64,55,76074,22.54,22,30.64
8937,3275,431680,90.9,53,392449,88.12,34,1.44
8938,12296,156986,57.48,59,90265,45.48,30,12.85
8940,9335,67491,70.76,24,47768,62.48,16,13.82
8941,2206,34972,67.23,20,23517,46.53,9,6.06
8942,13119,198842,51.3,62,102036,40.98,29,13.31
8996,38780,93627,48.6,51,45531,24.03,14,12.77
8999,393,36000,63.95,29,23027,18.94,3,1.31
9103,21230,205532,12.34,33,25401,4.21,6,27.45
910322,7320,20765,29.5,5,6128,27.31,4,39.59
9105,116275,1608375,27.03,370,434999,17.01,102,17.99
910861,2743,34567,37.2,13,12864,23.12,5,16.25
9110,1745,54498,43.75,25,23852,21.54,6,7.65
911608,2170,34222,31.09,13,10646,13.0,3,15.23
911611,3111,88290,41.32,27,36505,28.83,11,9.24
911613,1401,11111,5.99,1,666,0.0,0,28.4
911622,1514,30000,52.27,9,15683,42.16,4,12.88
911868,6169,140000,36.45,37,51052,26.2,13,12.17
912000,6791,159294,34.45,50,54919,22.84,17,10.46
9136,4571,132306,67.38,33,89190,61.46,20,8.64
916665,366,816,0.0,0,0,0.0,0,57.85
9801,83369,395846,69.34,40,274558,66.07,20,17.08
9802,12202,200992,64.15,59,128991,55.08,29,10.78
9902,45150,98050,57.03,22,55947,50.28,11,17.36
9904,107215,2946787,67.75,460,1997194,62.53,210,7.97
9905,17163,305000,74.36,45,226839,71.92,31,8.23
9906,8190,90376,78.76,24,71201,74.98,18,9.17
9907,55377,1579145,74.6,182,1178374,70.48,77,6.63
9908,16395,516358,80.6,111,416287,74.92,65,5.5
9910,24198,987483,88.88,92,877957,86.65,56,4.11
9911,31140,222332,67.35,56,149776,61.17,34,15.4
9912,61782,53793,62.71,18,33741,54.95,12,15.4
9914,66123,298984,66.23,90,198082,53.84,38,12.52
9917,56412,451197,76.81,96,346658,70.54,52,8.7
9918,25145,180537,85.03,50,153544,77.17,25,2.36
9919,63421,195363,46.04,29,89996,42.42,18,27.64
9921,28278,392065,69.12,124,271087,58.98,64,10.87
9922,10418,215987,69.34,59,149806,59.04,25,7.16
9924,13029,150762,61.09,45,92121,52.66,25,16.3
9925,19338,387490,68.53,93,265623,61.18,47,9.51
9926,4229,179504,83.81,52,150474,73.65,23,2.45
9927,13990,120000,58.89,18,70704,52.67,7,17.89
9928,7130,70725,75.18,15,53181,67.16,6,7.49
9929,3750,101280,88.07,19,89216,83.92,11,2.5
9930,12232,248540,77.7,17,193166,76.4,11,8.13
9931,7821,120369,78.03,26,93960,73.39,17,3.59
9933,51083,944437,62.28,162,588338,56.17,69,9.56
9934,13456,411017,67.26,85,276540,59.31,32,6.83
9935,57590,177839,62.57,69,111315,50.0,34,6.85
9936,11627,104666,29.08,22,30454,20.09,7,20.05
9937,15754,309043,89.25,69,275876,82.54,34,1.93
9938,49833,297964,53.41,78,159220,45.23,40,15.43
9939,27815,295786,62.89,91,186104,53.67,50,14.05
9940,17063,736846,81.67,74,601953,77.91,23,4.47
9941,43636,575636,70.42,64,405537,66.84,29,12.68
9941A,3671,100000,82.12,23,82138,75.69,12,5.81
9942,9641,83161,52.35,25,43553,39.14,8,18.77
9943,15986,125172,71.1,13,89019,69.48,10,16.13
9944,10417,105908,78.8,43,83481,66.15,20,8.37
9945,102001,2844225,66.1,351,1880354,61.86,147,8.14
9946,14012,326554,81.58,38,266462,78.44,20,4.74
9948,73,203,0.0,0,0,0.0,0,70.38
9949,11052,44861,72.91,17,32716,54.92,5,11.4
9950,3630,167716,83.78,26,140546,80.07,15,4.53
9951,24190,73300,46.51,20,34107,39.26,11,22.43
9953,518,4382,0.0,0,0,0.0,0,18.02
9955,15132,104425,61.6,21,64348,55.34,10,19.67
9957,12743,3220414,96.05,73,3093867,95.49,42,0.96
9958,58906,246897,46.42,44,114665,40.7,21,26.09
9960,9531,33592,77.74,17,26126,56.82,6,5.83
9961,321,69099,93.39,16,64543,89.73,13,0.78
9962,28911,90220,46.68,26,42134,40.04,16,17.72
9965,68,776,0.0,0,0,0.0,0,21.58
YFU6,53,23060,88.01,10,20299,79.08,6,0.13
YHU4,550,232690,95.39,7,221996,94.47,3,0.54
YJS2,8992,115112,78.86,19,90793,74.07,11,3.39
YY0005,98,445,0.0,0,0,0.0,0,50.55
YY0008,55,203,0.0,0,0,0.0,0,79.3
YY0024,72,260,0.0,0,0,0.0,0,71.15
YY0027,62396,70109,12.99,10,9123,8.23,4,66.36
YY0028,33865,247245,39.82,58,98525,30.72,24,18.22
YY0029,8298,39013,30.67,8,11970,27.55,6,23.17
YY0030,3001,62719,52.22,25,32769,38.56,10,10.35
YY0031,430,4703,0.0,0,0,0.0,0,34.82
YY0032,358,3886,0.0,0,0,0.0,0,29.75
YY0033,2495,20320,18.08,4,3677,9.84,1,25.57
YY0034,266,1732,0.0,0,0,0.0,0,44.73
YY0035,15278,236906,36.51,50,86522,28.88,21,14.64
YY0036,135,347,0.0,0,0,0.0,0,75.78
YY0037,3443,80462,85.4,21,68725,79.58,14,5.56
YY0038,268,2681,26.72,1,716,0.0,0,23.4
YY0039,12843,250849,81.41,56,204249,76.49,36,5.35
YY0040,9012,73061,44.29,13,32376,37.82,6,16.03
YY0041,13681,279729,79.99,55,223817,74.54,33,7.75
YY0042,19999,70751,14.33,10,10156,10.23,5,36.44
YY0043,9572,40112,6.33,4,2548,0.0,0,52.5
YY0044,52937,444772,19.13,48,85170,15.45,21,29.33
YY0046,37344,547191,31.77,150,173920,20.43,44,13.54
YY0047,77985,1069087,31.57,283,337581,20.66,96,13.54
YY0048,7701,98781,49.38,27,48803,40.66,14,12.0
YY0049,33710,38915,26.37,7,10272,20.71,4,43.6
YY0050,55728,236288,21.59,50,51060,10.61,10,31.17
YY0051,7661,77631,33.78,17,26236,25.49,6,14.37
YY0052,4528,202295,69.16,68,139964,57.96,32,3.01
YY0053,24685,241585,46.78,45,113080,40.93,23,22.56
YY0054,5668,106913,46.92,29,50186,38.21,14,7.86
YY0055,5305,123331,46.34,55,57168,25.98,18,7.86
YY0056,2183,19785,51.38,8,10169,35.64,3,5.11
YY0057,4851,148068,56.95,40,84366,47.75,19,6.45
YY0058,3334,57674,36.12,18,20840,23.58,7,10.94
YY0059,1059,22565,21.48,6,4849,0.0,0,8.29
YY0060,683,9827,13.47,2,1325,0.0,0,14.8
YY0061,6527,53277,22.65,16,12075,8.46,4,19.24
YY0062,18032,320746,23.65,71,75928,13.35,19,16.35
YY0063,8934,20251,2.86,1,580,0.0,0,54.43
YY0064,5243,97671,63.78,30,62310,52.94,12,6.32
YY0065,17161,219902,28.31,56,62298,17.0,13,15.19
YY0066,19882,331761,30.12,79,100006,19.41,21,13.55
YY0067,6885,153045,29.6,49,45330,17.88,18,11.85
YY0068,28664,405676,23.46,66,95234,15.61,14,17.77
YY0070,22516,322817,33.98,85,109786,20.59,18,16.0
YY0071,14707,80703,18.89,11,15253,15.25,6,30.03
YY0072,2509,27500,18.32,8,5044,0.0,0,17.27
YY0073,2180,36625,35.92,16,13164,18.66,5,8.93
YY0074,10670,104211,17.7,22,18459,7.56,5,24.65
YY0075,3105,16421,10.31,3,1695,0.0,0,28.96
YY0076,450,450,0.0,0,0,0.0,0,100.0
YY0077,298,751,0.0,0,0,0.0,0,78.55
YY0078,329,2407,0.0,0,0,0.0,0,27.4
YY0079,79,330,0.0,0,0,0.0,0,63.93
YY0080,308,895,0.0,0,0,0.0,0,62.39
