stock_no,people,lots,b4_pct,b4_people,b4_lots,b1_pct,b1_people,s10_pct
00400A,139946,2070640,15.4,215,319402,10.78,55,18.15
00401A,17130,230395,24.82,27,57240,21.79,15,21.58
00402A,50588,745127,18.5,109,138008,11.07,18,21.02
00403A,1044332,17864019,14.71,2167,2633614,8.76,398,16.31
00404A,23960,364295,22.5,34,82030,19.32,14,20.79
00405A,165878,3492245,16.66,495,582534,10.07,114,13.08
00406A,71209,1704562,19.38,358,330849,9.23,68,11.54
00407A,163511,3181739,19.69,461,626939,12.46,90,14.47
00408A,9091,170134,27.66,39,47099,16.44,11,16.15
00410A,6903,282360,24.74,53,69900,14.99,10,7.4
0050,3563245,22298000,25.43,914,5673620,23.8,273,26.92
0051,13641,24500,11.0,4,2697,0,0,56.55
0052,475218,2655000,18.86,162,501147,16.69,67,36.22
0053,6642,5488,19.18,1,1053,19.18,1,51.5
0055,12190,89654,47.37,19,42483,40.22,7,25.46
0056,1664447,14301534,11.81,710,1691615,9.56,152,25.75
0057,3606,1527,0,0,0,0,0,33.7
0061,6112,96616,32.99,23,31894,21.8,5,15.69
006201,3502,21946,46.91,6,10298,33.74,2,29.46
006203,3349,10218,73.18,4,7480,52.5,1,10.01
006204,1173,1500,0,0,0,0,0,46.69
006205,8980,94939,45.33,28,43053,32.35,7,17.73
006206,3181,27278,20.52,4,5600,10.96,1,25.04
006207,1586,20892,14.82,5,3100,0,0,17.01
006208,712992,1856540,10.35,59,192316,9.66,38,52.09
00631L,358002,7826348,26.81,1538,2099567,17.68,335,10.52
00632R,57082,2125708,46.22,630,982894,32.95,171,5.19
00633L,3627,118458,34.74,39,41187,20.92,12,6.81
00634R,785,47256,57.31,17,27097,40.01,6,3.65
00635U,57525,303514,18.88,29,57368,15.95,15,33.87
00636,8283,96325,21.93,20,21151,14.04,6,19.7
00637L,11637,732606,56.65,279,415137,40.94,91,3.59
00638R,524,24448,53.97,8,13199,39.27,2,4.92
00639,5755,97403,25.52,23,24877,14.68,7,13.29
00640L,1260,6919,30.03,3,2078,0,0,26.81
00641R,1333,80758,51.25,33,41410,37.71,15,3.4
00642U,9589,89821,42.15,16,37876,36.34,8,21.02
00643,3215,73003,39.82,21,29082,25.12,5,11.54
00645,9911,43497,24.46,10,10644,14.77,3,36.26
00646,108649,569485,40.25,70,229261,35.41,26,26.02
00647L,1498,6416,29.37,1,1885,29.37,1,26.97
00648R,2404,142188,46.72,41,66461,34.68,13,3.53
00650L,2267,107838,52.77,38,56931,44.25,21,4.42
00651R,414,32192,66.15,15,21301,47.15,6,2.89
00652,9547,64535,33.08,15,21353,25.17,6,27.63
00653L,1267,14403,14.17,2,2043,9.81,1,18.74
00654R,380,19466,53.02,9,10323,32.09,2,4.29
00655L,2179,57958,29.92,20,17357,12.71,4,8.4
00656R,318,20357,73.32,13,14929,45.37,4,3.12
00657,1660,6584,22.05,2,1453,15.39,1,37.56
00660,1050,7531,32.89,4,2477,0,0,17.24
00661,7302,23425,16.93,5,3970,6.62,1,42.61
00662,108325,872029,36.63,93,319548,32.56,29,15.84
00663L,17970,172663,22.1,26,38208,17.78,13,21.59
00664R,7016,718575,58.46,329,420228,39.32,111,1.88
00665L,4991,432465,60.35,154,261046,46.87,58,2.27
00666R,134,14624,81.27,6,11886,81.27,6,1.63
00668,1998,7483,30.78,3,2303,16.85,1,31.98
00669R,3192,205117,46.37,65,95150,34.68,25,3.34
00670L,12611,75145,9.06,9,6820,2.53,1,28.5
00671R,3620,535884,69.47,202,372377,53.87,70,1.22
00673R,10087,565051,48.35,178,273276,35.15,56,3.62
00674R,1338,15421,48.01,4,7404,48.01,4,16.87
00675L,20706,116286,18.6,13,21664,14.48,6,31.19
00676R,4030,161334,43.57,49,70339,31.15,18,4.75
00678,1816,8448,23.41,4,1978,0,0,27.95
00679B,235606,6375692,43.85,679,2796156,38.91,150,8.82
00680L,19515,1489576,54.24,529,808375,39.16,161,2.73
00681R,100,7594,89.54,6,6800,72.77,4,1.46
00682U,262,7644,77.23,4,5904,51.67,2,3.93
00683L,335,11434,66.07,6,7555,53.68,3,4.98
00684R,182,9688,80.64,6,7815,63.5,4,3.48
00685L,230782,6699836,29.42,1642,1973212,17.66,320,8.73
00686R,1801,209776,66.17,87,138862,47.58,27,1.71
00687B,155555,4449380,44.1,565,1962973,38.4,138,8.45
00688L,9438,633115,48.55,217,307483,33.94,70,3.12
00689R,50,6889,91.66,5,6316,66.49,2,0.36
00690,18017,83330,11.37,12,9489,4.77,3,36.78
00692,92273,614280,17.07,31,104938,15.42,16,33.41
00693U,3171,78666,44.11,23,34710,36.06,12,9.19
00694B,1967,36576,72.54,7,26538,68.75,5,9.4
00695B,2271,39686,74.9,10,29728,68.22,6,10.51
00696B,11036,617181,83.18,28,513523,82.31,19,4.14
00697B,6451,63212,24.3,12,15366,19.88,8,21.7
00700,2688,34983,15.56,5,5447,11.2,2,17.22
00701,38249,170891,7.45,11,12748,5.98,6,50.72
00702,1175,6688,52.22,5,3493,15.25,1,25.85
00703,1050,9550,21.85,3,2088,0,0,23.63
00706L,6658,152271,32.15,33,48982,23.39,12,9.22
00708L,16095,127573,22.43,26,28634,13.3,7,24.89
00709,2359,15460,38.85,10,6007,7.05,1,23.08
00710B,3649,180761,82.49,10,149147,80.75,5,4.76
00711B,795,871761,99.33,5,866129,99.18,3,0.16
00712,133717,4977011,32.78,1099,1632738,22.08,201,6.06
00713,271427,1722012,23.56,78,406057,22.29,45,31.72
00714,2429,21067,49.35,12,10399,17.49,2,22.72
00715L,6513,106192,41.04,22,43603,35.37,12,11.85
00717,7699,122605,28.14,30,34524,17.51,8,15.81
00719B,13902,546014,62.59,54,341831,58.71,20,5.88
00720B,79040,3915109,64.33,307,2519199,60.89,77,4.73
00722B,13602,1455239,90.0,44,1309887,89.38,28,2.46
00723B,461,1519583,99.74,13,1515838,99.68,11,0.05
00724B,6248,3022775,97.64,34,2951926,97.42,22,0.5
00725B,41786,3693706,81.96,162,3027875,80.25,58,2.75
00726B,1743,1189489,98.01,19,1166058,97.59,11,0.33
00727B,712,56689,90.41,6,51260,87.1,3,2.71
00728,9539,38423,1.4,1,538,0,0,50.61
00730,13358,70544,16.78,9,11842,12.14,4,40.93
00731,8434,21600,17.99,5,3892,5.75,1,55.83
00733,21316,65466,13.29,5,8708,11.1,3,53.01
00734B,526,24979,82.51,2,20613,80.06,1,4.81
00735,33914,120289,17.98,17,21640,12.44,6,40.86
00736,510,6727,76.4,6,5140,42.75,2,9.49
00737,5468,22538,14.68,5,3310,4.88,1,44.31
00738U,33837,245799,18.44,40,45392,11.83,13,27.05
00739,1975,25988,40.12,10,10430,18.75,2,17.22
00740B,6025,2186471,96.8,48,2116797,96.36,32,0.59
00741B,1141,13128,50.28,3,6604,37.85,1,17.84
00746B,1337,2532464,99.56,27,2521700,99.45,21,0.09
00749B,202,1110500,99.78,8,1108211,99.75,7,0.02
00750B,72,148000,99.61,4,147431,99.32,3,0.04
00751B,67598,5084103,74.95,323,3811690,72.27,93,3.05
00752,17525,274216,34.38,34,94308,29.92,14,15.51
00753L,10474,713657,53.07,244,378897,38.72,76,3.11
00754B,448,1277900,99.74,14,1274670,99.74,14,0.06
00755B,1020,280230,97.77,8,274020,97.59,7,0.83
00756B,2330,1296800,97.62,18,1266199,97.32,12,0.37
00757,70116,271494,30.84,29,83795,28.38,17,33.73
00758B,121,5525,90.49,1,5000,90.49,1,2.2
00759B,112,47525,98.89,1,47000,98.89,1,0.16
00760B,637,435020,99.15,6,431349,99.15,6,0.29
00761B,3451,2731089,98.54,30,2691820,98.44,25,0.28
00762,23049,48248,20.35,7,9826,15.54,3,51.51
00763U,4265,45565,55.83,14,25449,49.5,10,17.94
00764B,8417,1543000,94.11,33,1452435,93.72,21,1.35
00768B,1636,760100,98.29,28,747230,97.82,22,0.37
00770,18219,79458,13.59,10,10816,8.76,5,41.18
00771,2068,14225,16.96,2,2413,11.94,1,30.1
00772B,41055,3362290,80.49,139,2707144,78.85,45,2.87
00773B,8992,2554790,95.62,43,2443597,95.26,27,0.83
00775B,183,232100,99.85,8,231786,99.23,6,0.06
00777B,213,2076650,99.92,14,2075360,99.88,13,0
00778B,183,1522650,99.94,12,1521980,99.89,10,0.01
00779B,654,1297150,99.56,8,1291597,99.49,7,0.1
00780B,1293,246602,97.3,9,239966,96.96,8,1.25
00781B,677,8336,30.08,3,2508,17.99,1,18.55
00782B,1234,19467,20.17,3,3929,15.04,2,16.34
00783,818,7031,9.58,1,674,0,0,26.17
00785B,249,1063466,99.82,11,1061670,99.7,8,0.02
00786B,1321,21066,35.03,7,7383,20.38,2,16.26
00787B,1027,11806,37.93,5,4480,16.94,1,18.1
00788B,1508,24706,24.78,7,6125,12.96,2,15.13
00789B,364,455600,99.38,11,452790,99.07,9,0.17
00791B,97,279100,99.67,6,278204,99.67,6,0.02
00792B,447,2276615,99.87,15,2273756,99.81,13,0.03
00793B,413,3026,18.58,1,562,0,0,27.38
00795B,37757,1532098,56.01,141,858509,52.18,42,5.93
00799B,1674,25536,22.72,6,5808,12.67,2,16.2
00830,176232,798465,22.39,58,178996,19.76,23,35.74
00834B,136,23198,94.36,4,21890,94.36,4,0.95
00836B,425,611041,99.56,12,608516,99.22,9,0.11
00840B,90,59431,99.27,3,59000,99.27,3,0.15
00841B,118,70440,99.43,5,70048,98.66,4,0.2
00842B,880,18267,47.9,6,8752,39.59,3,10.77
00844B,303,222175,99.13,5,220282,98.95,4,0.3
00845B,219,237051,99.34,3,235500,99.34,3,0.12
00846B,262,74350,98.18,2,73000,98.18,2,0.5
00847B,407,4805,33.52,2,1611,0,0,18.31
00848B,157,136066,99.52,3,135424,99.21,2,0.13
00849B,108,486106,99.79,6,485136,99.6,4,0.01
00850,80755,415444,17.06,31,70980,14.66,17,39.51
00851,2183,5525,27.87,1,1540,27.87,1,43.11
00852L,474,8365,66.76,3,5586,47.96,1,8.29
00853B,2350,178134,91.12,10,162351,89.53,5,3.31
00856B,412,6792,63.16,3,4291,44.16,1,9.06
00857B,16105,525268,52.32,65,274906,47.48,22,7.69
00858,19562,117374,14.92,13,17533,11.35,6,30.6
00859B,1429,25011,21.49,5,5379,16.18,3,12.37
00860B,345,2671,0,0,0,0,0,23.34
00861,19895,69412,4.74,4,3308,1.83,1,54.02
00862B,1528,879381,98.28,11,864480,98.09,8,0.4
00863B,340,511964,99.63,9,510152,99.42,7,0.12
00864B,3396,98222,33.42,21,32843,26.65,10,7.24
00865B,8799,277744,30.59,44,85024,23.3,11,6.21
00867B,204,565150,99.82,10,564172,99.72,9,0.05
00870B,323,564151,99.6,9,561943,99.41,7,0.1
00875,4866,13488,17.01,3,2295,9.42,1,49.19
00876,23527,93524,26.52,9,24816,23.37,4,40.06
00877,12660,154788,17.05,26,26411,9.23,8,20.73
00878,1622586,18395790,11.2,853,2063582,9.07,147,20.25
00881,319547,2433403,14.9,108,363068,13.29,41,31.19
00882,83681,2002849,27.7,388,555093,18.51,84,10.18
00884B,210,75440,98.73,4,74496,97.42,3,0.41
00885,50074,614738,17.5,90,107720,11.72,32,19.15
00886,1207,4451,13.12,1,584,0,0,45.8
00887,19804,423351,31.26,109,132471,19.69,31,11.47
00888,96761,687478,10.9,40,74988,8.84,15,34.64
00890B,710,18264,71.17,2,13000,65.7,1,8.37
00891,176868,1748090,13.23,96,231559,11.02,31,25.53
00892,47279,324292,15.42,29,50111,12.45,15,34.3
00893,58092,359884,8.2,22,29588,5.17,5,38.94
00894,25545,149009,14.8,11,22072,13.01,7,38.32
00895,29722,146916,10.29,8,15152,9.08,5,44.13
00896,49722,391380,7.85,24,30808,5.43,9,32.99
00897,10216,143012,21.25,26,30404,13.05,7,20.53
00898,10119,140476,18.73,26,26335,10.18,7,22.03
00899,3939,16135,5.66,1,915,0,0,44.78
00900,134555,1608525,14.52,90,233857,12.12,24,22.75
00901,12170,63349,13.38,11,8488,4.84,2,41.03
00902,18323,227497,17.65,28,40194,13.73,13,21.78
00903,7276,49221,12.33,5,6079,9.88,3,36.98
00904,25074,162612,11.67,16,19005,5.18,3,36.23
00905,44847,359827,7.36,19,26569,5.72,8,31.55
00907,20171,155633,14.4,14,22446,11.32,7,32.23
00908,2778,35416,36.76,8,13024,27.51,4,19.01
00909,27337,105704,11.81,9,12505,8.65,4,46.0
00910,41759,126939,14.97,12,19022,12.25,5,47.74
00911,13338,29403,14.3,4,4209,7.23,1,56.97
00912,8594,60253,20.67,8,12464,16.62,4,33.35
00913,11043,47766,9.95,5,4762,5.53,2,43.97
00915,73719,520483,16.58,36,86381,14.59,18,35.61
00916,21418,118919,14.95,16,17796,9.03,6,40.0
00917,11900,61478,16.74,10,10307,10.91,4,39.17
00918,270086,3461264,12.99,193,450154,10.66,54,20.24
00919,1381137,18194135,10.81,1039,1968457,8.0,148,17.9
00920,7271,20280,19.34,5,3923,10.49,2,48.04
00921,9021,54770,11.83,7,6492,6.71,2,40.37
00922,190421,2151686,30.97,107,666790,28.82,31,21.19
00923,106336,854423,15.63,40,133681,14.27,20,31.81
00924,55608,435103,23.57,26,102607,21.73,14,27.46
00926,9259,91982,51.51,11,47399,48.06,6,22.18
00927,140715,1350397,12.29,86,166328,9.54,26,26.99
00928,7489,45856,17.5,7,8032,13.2,4,35.58
00929,430860,4792139,9.66,198,463819,7.85,46,22.65
00930,19363,131279,8.79,8,11564,6.39,4,37.98
00931B,34420,2224898,76.0,105,1691497,74.21,39,4.16
00932,13874,119283,12.04,9,14382,10.38,6,32.44
00933B,78701,6366458,76.0,414,4839152,72.91,96,3.03
00934,48993,425526,9.95,25,42421,7.63,10,31.13
00935,123717,857004,20.55,50,176281,18.84,25,29.69
00936,23105,205797,10.37,8,21376,9.33,5,30.64
00937B,213540,16876305,60.6,3075,10229255,51.8,605,2.71
00938,6352,98016,43.35,9,42499,42.9,8,19.07
00939,104016,1192476,7.43,48,88827,5.62,15,26.66
00940,326436,5449365,12.73,426,694804,8.99,83,17.94
00941,49296,453291,11.99,36,54427,8.33,11,29.03
00942B,10022,2005459,89.66,67,1798230,88.58,30,1.36
00943,4084,41389,34.33,6,14218,30.22,4,26.29
00944,7969,54081,9.29,5,5034,5.6,2,37.39
00945B,18634,797318,40.17,129,320573,33.17,37,5.45
00946,37121,460246,18.53,32,85359,15.89,11,22.67
00947,39277,290864,21.5,34,62579,17.22,15,31.57
00948B,26812,3972427,80.95,306,3216246,77.68,94,1.6
00949,17830,172928,20.89,26,36160,15.68,11,27.86
00950B,12441,4009309,90.68,144,3636351,89.32,52,0.71
00951,16028,224542,24.93,35,56018,19.14,13,18.54
00952,22921,245275,10.61,27,26064,4.77,6,25.16
00953B,47800,4143675,52.79,1205,2188147,39.48,295,2.3
00954,11441,120747,19.45,19,23501,12.24,5,23.87
00955,41004,569931,28.52,68,162658,23.94,26,18.1
00956,3274,34130,22.13,6,7557,12.6,2,23.3
00957B,4011,189763,50.7,30,96258,44.38,12,6.0
00958B,4388,123271,24.11,26,29749,16.76,10,10.17
00959B,9403,507836,48.21,76,244887,41.35,21,4.56
00960,9142,57995,16.2,7,9400,14.4,5,39.23
00961,32254,447511,9.2,37,41284,5.38,8,19.78
00962,5668,54420,24.04,10,13089,16.19,4,26.84
00963,4532,102933,31.05,23,31988,24.79,12,10.33
00964,4292,70624,20.72,15,14649,10.74,4,14.19
00965,36003,439492,41.82,45,183875,39.25,26,19.36
00966B,3983,117732,36.64,20,43159,28.64,7,10.62
00967B,2615,179907,71.62,34,128867,63.19,12,4.08
00968B,8345,691511,63.78,92,441166,59.0,39,3.04
00969B,2099,157133,71.32,45,112087,62.17,21,3.67
00970B,5936,380229,60.06,60,228395,53.81,24,4.39
00971,6952,57177,17.9,9,10253,11.81,4,29.6
00972,1668,17672,34.4,3,6081,32.11,2,21.55
009800,20173,287891,24.37,46,70236,19.29,21,17.83
009801,8177,96119,26.14,17,25145,20.1,8,22.21
009802,40313,531495,12.8,52,68147,8.03,13,21.33
009803,20740,187328,13.41,18,25171,10.5,10,27.03
009804,18986,157392,7.57,14,11936,3.27,3,30.19
009805,54430,614316,21.5,70,132229,16.97,23,22.78
009806,1107,14161,59.06,6,8366,51.49,4,16.88
009807,1205,14260,57.69,8,8229,31.41,2,19.84
009808,4423,40511,9.37,3,3803,7.18,2,31.63
009809,2603,32363,35.54,8,11510,25.2,3,21.77
00980A,70211,705730,16.98,53,119952,14.32,21,25.92
00980B,1549,53569,45.78,14,24537,37.28,6,7.67
00980D,3360,98457,41.28,28,40651,31.03,10,7.77
00980T,3313,71418,48.25,10,34471,42.66,4,13.25
009810,1913,19154,30.19,4,5785,22.89,2,23.19
009811,23530,246450,20.12,35,49618,14.04,11,24.62
009812,6069,97882,38.29,22,37490,30.49,10,16.22
009813,24747,342324,22.12,53,75784,16.01,18,20.34
009814,12754,147076,19.26,21,28347,14.81,10,22.95
009815,31440,461670,22.32,60,103112,16.68,18,18.88
009816,927790,11922844,17.89,1414,2133918,12.31,279,19.75
009817,10495,242936,29.4,52,71465,20.71,14,12.51
009818,5374,51652,7.0,3,3623,4.42,1,33.0
009819,56966,672245,14.45,59,97312,10.88,22,25.32
00981A,1008033,10024709,20.03,978,2010662,15.71,253,22.52
00981B,15332,1407113,52.43,492,738030,36.47,121,2.02
00981D,8574,516300,46.22,153,238796,31.92,34,3.38
00981T,7934,227261,34.57,56,78606,23.97,18,8.87
009820,40940,1282202,39.98,254,512803,30.5,61,9.27
009821,70417,720340,12.36,60,89239,9.34,24,28.55
009822,6714,101056,10.7,11,10841,5.62,3,23.76
009823,34950,373317,20.5,38,76623,15.42,8,27.49
009824,52788,654347,18.69,85,122425,12.13,16,24.48
009825,5693,194208,18.47,39,35907,8.8,9,8.91
009826,13112,381804,33.71,77,128738,25.61,23,11.64
00982A,180953,2252936,14.66,176,330880,11.05,38,21.12
00982B,770,28400,65.71,6,18664,63.95,5,6.26
00982D,2767,73229,36.18,20,26503,27.59,9,9.95
00982T,1771,18597,36.13,6,6723,23.89,3,27.08
00983A,10131,99686,22.83,14,22768,19.32,8,25.22
00983B,809,28653,60.89,8,17451,51.24,3,6.82
00983D,3953,101697,31.17,30,31711,16.78,8,7.48
00984A,64967,643458,13.67,45,88046,10.78,17,26.79
00984B,3673,126433,35.16,29,44493,26.0,9,6.92
00984D,9577,643557,43.78,242,281902,25.9,62,3.18
00985A,47906,466789,16.26,39,76013,13.0,13,26.78
00985B,7987,602501,58.65,140,353460,48.92,44,3.28
00985D,1782,84232,61.75,16,52028,53.01,6,5.13
00986A,4948,41327,17.68,7,7318,10.65,3,31.38
00986B,398,24762,83.97,8,20795,77.49,5,3.71
00986D,2360,153677,51.53,45,79231,42.17,24,3.52
00987A,18832,172643,14.64,17,25308,10.83,7,30.47
00987B,2140,69827,53.41,21,37311,39.68,8,8.04
00988A,240681,3387437,23.72,373,804324,18.64,86,17.88
00988B,4618,127833,30.7,28,39262,22.07,10,9.47
00989A,7068,73117,19.9,9,14566,16.4,5,25.12
00989B,1654,59452,49.82,12,29628,43.44,7,8.71
00990A,126020,2467022,34.92,403,861917,27.16,102,13.34
00990B,3304,91350,44.83,19,40969,37.62,9,11.27
00991A,342010,4637416,20.12,478,934165,15.55,119,19.02
00991B,248,222828,98.65,14,219848,96.37,6,0.27
00992A,192792,2441955,16.16,235,395285,11.74,58,21.55
00993A,50675,777591,15.63,99,121745,9.97,23,19.03
00994A,31871,302690,15.67,32,47469,11.11,9,25.96
00995A,26535,299035,15.03,27,45024,11.32,8,25.84
00996A,25254,313899,15.51,40,48749,9.61,9,23.28
00997A,72868,1268877,21.18,150,269024,15.55,33,16.71
00998A,15576,209609,39.97,24,83819,36.31,12,19.14
00999A,100253,1194517,10.59,103,126817,6.67,25,25.57
01001T,1362,583000,93.27,61,543853,90.1,28,0.5
01002T,3277,1393000,93.65,112,1304856,91.25,61,0.54
01004T,1237,730200,94.05,82,686924,90.4,38,0.31
01007T,1825,720000,92.88,83,668891,89.56,45,0.48
01009T,957,300000,90.28,61,270899,85.59,40,0.64
01010T,854,2308170,98.74,82,2279422,97.97,55,0.04
1101,508735,7523182,55.95,915,4210323,51.9,414,12.88
1101B,7439,200000,94.12,22,188278,91.31,14,2.14
1102,103862,3546563,81.43,329,2888738,79.19,196,6.12
1103,74184,832875,80.46,137,670304,76.99,89,5.83
1104,55887,686682,73.3,112,503495,67.45,45,8.15
1107,3436,10100,99.7,1,10070,99.7,1,0.29
1108,12993,404738,79.45,75,321612,74.84,43,6.46
1109,12081,341159,79.52,70,271379,72.88,36,5.9
1110,5198,572001,94.05,58,538071,91.57,37,0.97
1113O,178,840,0,0,0,0,0,63.21
1113R,381,2129,0,0,0,0,0,30.62
1201,87784,506063,63.91,65,323549,59.13,26,12.39
1203,55297,240000,90.91,50,218258,86.74,35,2.92
1204,3519,18375,45.74,6,8407,31.77,2,19.64
1207,46693,464094,77.27,48,358693,75.29,31,9.48
1210,98172,894767,66.26,136,593036,61.86,72,14.39
1212,30405,174140,44.23,45,77058,35.58,20,17.35
1213,6586,56623,81.63,12,46226,77.06,8,7.2
1215,97068,294790,57.97,35,170960,54.06,18,24.03
1216,141702,5682015,89.84,764,5106023,86.25,445,3.87
1217,138491,494513,61.29,129,303179,53.88,71,14.68
1218,82770,499999,67.56,67,337906,63.52,35,11.63
1219,53003,341238,63.45,77,216571,58.42,51,10.65
1220,47249,177078,67.59,46,119729,60.42,27,10.69
1221,18666,95038,34.18,22,32505,25.85,10,21.97
1224,3614,71910,88.36,20,63549,82.38,13,3.39
1225,43413,242268,89.78,39,217546,87.41,29,3.3
1227,53613,915090,67.77,78,620373,64.55,30,12.78
1228,1583,11130,37.93,5,4224,12.17,1,11.98
1229,102812,1795961,65.54,162,1177385,62.86,81,10.62
1231,35096,298454,64.82,26,193514,63.11,17,16.65
1232,17013,159975,73.86,11,118173,72.1,6,12.73
1233,10268,90592,75.43,27,68354,68.01,15,4.89
1234,24289,401871,83.11,137,334112,74.25,80,5.61
1235,2941,188578,96.32,15,181657,95.38,12,1.11
1236,11855,86674,83.03,23,71984,78.12,18,7.19
1238,2042,29948,11.73,4,3516,8.56,2,21.52
1240,3054,44232,69.67,25,30822,49.14,11,8.34
1256,6225,35781,59.9,10,21440,47.11,3,17.26
1259,16375,32390,77.45,9,25090,71.38,6,8.79
1260,1319,102098,76.34,30,77959,70.63,20,2.04
1264,9140,37052,47.27,16,17524,24.84,5,23.91
1268,3338,42224,78.11,17,32982,72.16,12,8.33
1269,690,20902,77.74,7,16253,72.74,5,3.06
1271,2955,77089,74.09,19,57142,64.41,7,5.88
1293,399,17094,74.31,11,12705,42.38,4,3.18
1294,4499,30572,56.22,13,17194,40.76,6,11.74
1295,3115,34475,56.5,14,19486,44.95,8,15.72
1301,304409,6365741,74.51,572,4744509,71.82,299,9.35
1303,267896,7930822,86.31,679,6846923,83.83,369,4.94
1304,100925,1188764,60.35,111,717713,57.01,47,13.9
1305,73006,581050,51.06,61,296814,47.03,21,16.92
1306,6134,44537,21.32,4,9502,19.39,2,23.57
1307,17800,397818,81.21,62,323092,78.28,43,6.51
1308,76729,593744,51.76,61,307417,48.41,29,16.66
1309,79329,397587,45.87,30,182453,42.64,9,22.34
1310,106634,527870,29.93,88,158091,23.57,30,25.18
1312,136770,1506620,58.89,177,887714,54.8,75,13.76
1312A,1276,20000,54.33,12,10869,21.4,2,13.63
1313,63058,1330846,67.53,161,898955,63.41,71,9.69
1314,308746,3784850,40.81,757,1545233,32.63,245,14.85
1315,5914,99099,81.1,43,80387,70.24,25,6.52
1316,60918,401646,42.76,86,171820,32.76,23,17.28
1319,34083,591477,78.92,101,466900,75.18,62,9.89
1321,4004,227228,70.2,93,159571,53.3,34,2.67
1323,13832,91275,70.55,36,64419,61.12,23,8.64
1324,23508,75122,66.16,20,49714,60.68,13,16.59
1325,36176,85281,48.44,10,41320,44.85,5,27.5
1326,189395,5861186,82.15,505,4816263,79.68,273,6.12
1333,15932,74515,51.19,14,38160,43.03,3,11.0
1336,12096,77614,50.44,22,39170,39.24,7,11.61
1337,52485,268955,47.76,57,128495,39.32,19,14.58
1338,55857,83840,42.72,23,35837,33.79,12,18.95
1339,7295,74124,75.2,16,55751,72.5,13,11.11
1340,61829,152923,34.5,24,52791,28.15,7,19.87
1341,9787,52851,83.7,16,44243,75.97,9,2.64
1342,8584,78001,59.35,14,46311,52.88,6,16.52
1343,1232,40514,66.15,22,26810,42.18,7,5.75
1402,90114,5352875,88.76,421,4752820,86.78,253,3.03
1407,162261,441064,35.26,76,155617,28.85,29,29.77
1407A,4925,67904,53.45,9,36304,52.82,8,18.88
1408,70778,352042,20.68,72,72860,12.52,23,29.38
1409,152129,1618409,63.36,214,1025865,60.0,125,14.09
1410,6661,62000,76.19,19,47248,68.17,11,5.33
1413,8535,132112,75.86,26,100244,69.35,13,5.85
1414,26707,198000,88.09,36,174449,83.27,22,4.77
1416,45834,185342,54.38,38,100839,48.65,21,14.73
1417,55619,189942,58.36,51,110887,48.22,20,16.57
1418,30643,56834,71.48,19,40642,58.95,7,5.44
1419,16949,300041,90.76,72,272383,85.53,48,2.14
1423,18233,99648,83.37,29,83102,74.55,15,4.89
1432,255917,108000,54.91,16,59315,53.42,13,29.96
1434,65347,1684665,71.96,165,1212693,68.73,73,7.85
1435,33220,139780,94.87,24,132626,93.05,19,2.23
1436,14666,194152,76.19,39,147962,72.79,28,9.75
1437,8631,201871,79.48,76,160478,66.2,35,4.84
1438,5054,111206,83.15,29,92488,76.47,18,4.95
1439,4424,92000,84.8,31,78035,74.67,17,4.98
1440,95238,1656816,77.75,269,1288518,72.89,142,7.03
1441,14837,71744,65.0,15,46655,58.35,7,19.81
1442,8692,366211,87.02,108,318761,78.64,63,3.29
1443,15750,135343,89.9,40,121698,81.1,21,2.78
1444,62024,995595,63.91,135,636531,59.94,72,10.84
1445,11913,130666,68.38,38,89379,60.48,21,7.65
1446,8061,137710,65.54,28,90292,61.86,19,8.89
1447,44310,910071,70.01,126,637277,65.92,67,10.46
1449,45752,127115,38.33,27,48735,32.26,15,24.31
1450,15145,79013,25.77,14,20375,20.99,8,25.51
1451,16857,198000,63.81,41,126363,56.63,15,10.93
1452,47121,132641,48.95,40,64951,37.94,18,15.3
1453,14140,113243,75.65,18,85690,73.7,14,12.41
1454,13828,129834,81.71,35,106118,77.53,27,6.46
1455,35280,531688,66.99,79,356314,62.7,41,11.81
1456,4577,93720,85.52,15,80169,80.73,8,3.34
1457,16688,316730,74.75,70,236833,68.56,39,6.72
1458,21172,260762,59.76,59,155853,51.04,23,13.68
1459O,13860,358629,85.78,77,307711,79.71,42,4.43
1460,24260,694643,71.93,123,499774,65.22,51,6.41
1462,61185,300656,46.49,99,139820,34.37,37,16.04
1463,33479,173268,81.35,41,140994,74.83,20,5.15
1464,63456,425576,61.29,84,260914,54.39,38,9.98
1465,10257,103607,72.77,38,75421,62.37,22,10.12
1466,21957,111157,67.93,33,75537,61.78,23,11.04
1467,18063,233625,67.1,45,156820,59.72,18,10.31
1468,1343,160405,97.5,18,156414,96.81,16,0.42
1469,336,87218,92.35,28,80568,87.63,21,0.17
1470,1216,85767,87.2,36,74809,70.18,13,0.76
1471,56559,150415,22.53,24,33913,16.94,8,30.01
1472,3623,52488,81.21,17,42638,69.84,7,2.66
1473,12676,146154,71.64,30,104750,69.22,24,9.99
1474,16457,129897,59.44,32,77220,53.0,17,13.4
1475,2303,66017,76.27,16,50371,68.98,8,4.39
1476,18172,274367,81.02,77,222341,74.25,48,5.84
1477,28586,246694,63.55,83,156812,53.07,43,14.43
1480,364,416085,98.22,60,408728,94.46,37,0.16
1491,1719,54818,59.65,24,32708,46.3,13,3.37
1492R,86,526,0,0,0,0,0,36.14
1503,80383,520972,73.4,62,382489,71.04,43,14.45
1504,210744,2376441,69.21,223,1645299,66.63,121,15.17
1506,21413,300389,77.31,47,232302,71.34,16,4.22
1512,20044,98183,53.91,19,52946,47.83,8,9.49
1513,164555,503113,42.52,72,214005,38.19,36,37.71
1514,99843,273108,40.46,57,110528,32.51,23,36.67
1515,23403,181474,51.25,38,93052,41.47,12,19.78
1516,45038,40008,64.81,15,25936,58.69,11,11.73
1517,46469,220000,48.85,31,107527,44.07,14,22.33
1519,85943,315881,72.5,75,229079,65.27,40,14.43
1521,23527,76230,67.66,12,51594,66.04,10,13.45
1522,30561,312898,57.26,49,179213,52.4,24,20.08
1522A,1465,30000,89.08,10,26728,81.87,7,4.58
1524,45909,165310,38.02,20,62872,35.41,12,31.49
1525,3237,73400,88.48,8,64950,86.54,6,5.56
1526,52470,60000,37.2,11,22324,29.94,3,24.45
1527,64513,138571,32.25,20,44708,28.31,11,28.93
1528,91341,191331,29.93,11,57292,27.74,4,38.53
1529,28176,155095,45.3,22,70312,41.01,11,25.37
1530,10832,94594,75.96,15,71865,70.06,6,11.17
1531,12855,182108,64.26,53,117041,54.08,21,9.31
1532,19720,422604,66.46,105,280954,58.84,53,8.56
1533,9926,98547,63.28,35,62375,52.11,18,17.18
1534,4104,67733,46.92,19,31798,35.3,7,13.12
1535,9960,123743,75.61,10,93582,75.2,9,11.28
1536,84500,278960,32.93,51,91902,27.34,25,31.72
1537,15463,82063,51.73,25,42472,42.7,14,23.47
1538,7633,32300,78.45,7,25345,70.77,3,6.67
1539,5342,65370,61.63,12,40294,60.38,10,15.96
1540,40198,85474,35.33,22,30206,23.2,5,31.54
1541,2466,78800,83.76,15,66023,79.46,10,4.78
1557,114,1733,30.38,1,527,0,0,13.79
1558,28134,64536,35.69,29,23049,13.82,7,24.43
1560,24752,150678,65.25,66,98355,48.06,26,12.15
1563,42052,225608,48.15,72,108680,35.63,27,12.0
1565,37463,50417,18.1,12,9134,8.22,3,38.29
1568,9617,103087,65.02,32,67049,56.11,17,12.84
1569,24283,144247,52.45,35,75678,44.93,16,14.65
1570,34866,51501,55.85,12,28775,44.49,2,11.71
1580,27479,49339,40.17,15,19829,29.88,8,25.7
1582,66788,144269,29.9,23,43168,25.43,12,35.6
1583,2481,109400,91.25,17,99839,89.51,14,3.0
1584,56400,232471,40.92,37,95165,36.19,18,22.27
1585,934,57700,65.76,32,37958,46.04,12,3.14
1586,12489,131849,72.58,50,95737,60.44,24,8.81
1587,12084,80056,45.97,20,36813,37.89,8,20.81
1589,43144,153136,28.35,30,43464,21.0,11,24.99
1590,6049,200000,72.69,103,145413,52.3,36,1.64
1591,32112,38048,21.76,10,8286,8.04,1,21.83
1592,6282,110978,26.44,25,29356,18.1,8,15.25
1593,3321,39785,50.04,18,19912,35.42,9,13.97
1594,667,33220,82.82,12,27515,75.4,8,3.43
1595,9140,55725,44.38,19,24745,31.9,10,17.99
1597,18089,89262,53.28,37,47588,36.7,14,25.43
1598,10794,179142,60.66,50,108693,53.0,29,11.74
1599,11950,73029,64.59,20,47187,57.04,12,17.2
1601,16660,106267,11.53,13,12265,6.26,3,25.97
1602,274203,386739,12.14,26,47056,9.55,9,58.27
1603,13757,191688,72.22,29,138486,68.49,19,12.94
1604,101860,384200,58.0,69,222923,52.65,36,17.21
1605,271645,4431333,71.95,382,3188734,69.32,191,11.31
1606,77548,769965,15.85,120,122225,9.46,32,24.55
1608,53272,632774,63.3,53,400657,60.23,21,17.01
1609,199131,785262,31.65,110,248669,27.6,57,31.37
1611,87028,322736,53.5,82,172743,44.6,34,20.31
1612,38420,316080,59.77,63,189002,53.9,30,18.01
1613,22771,227418,57.73,67,131331,47.37,28,9.99
1614,4224,269113,82.76,83,222784,75.41,51,2.23
1615,8530,196664,80.42,34,158207,76.82,22,6.83
1616,14894,194149,59.91,27,116349,55.82,15,15.99
1617,11559,169515,76.35,40,129461,69.11,22,9.59
1618,22768,192692,56.16,25,108273,53.52,16,22.07
1623,6126,66000,76.35,12,50397,73.47,9,11.34
1626,9973,149822,69.46,49,104082,60.09,27,8.87
1702,64038,294133,57.52,29,169250,54.74,16,19.89
1707,68304,148137,52.86,51,78325,41.96,26,22.02
1708,86014,249002,39.94,43,99489,34.45,22,33.54
1709,41469,477016,67.96,125,324271,58.39,54,10.18
1710,61547,885703,61.03,134,540745,55.8,59,12.48
1711,100665,547752,43.13,80,236390,38.35,36,25.57
1712,82348,420493,56.72,124,238642,46.4,56,14.8
1713,23596,150952,73.38,29,110787,66.61,11,7.32
1714,106076,991825,55.33,149,548936,50.45,65,15.67
1717,107677,1184245,64.01,233,758242,57.74,114,15.78
1718,192832,1685906,53.6,216,904046,48.7,79,17.08
1720,15378,178696,65.7,32,117441,59.56,15,14.11
1721,68370,184884,36.94,30,68340,31.59,14,28.57
1722,121821,980000,65.46,157,641697,59.66,67,12.0
1723,62833,236904,51.82,36,122823,47.03,16,21.69
1725,3730,181830,94.21,19,171334,93.1,16,2.81
1726,9544,162000,85.54,27,138597,83.68,22,4.82
1727,23398,128020,54.48,22,69766,49.8,12,26.19
1729,4209,180688,91.39,47,165189,85.84,32,3.55
1730,10162,63234,57.3,11,36241,53.73,8,25.53
1731,18573,132915,55.99,18,74446,51.39,8,15.22
1732,37991,42444,47.39,6,20118,44.13,4,28.18
1733,38418,99950,42.54,17,42537,33.03,5,20.76
1734,70639,190197,49.81,46,94787,41.05,19,18.58
1735,8493,99388,78.41,12,77939,77.81,11,9.9
1736,7788,303395,89.04,48,270209,83.65,23,3.32
1737,74480,200000,63.49,27,127035,59.32,13,17.74
1742,11413,92671,80.58,27,74700,72.02,14,4.37
1748,709,14304,39.61,3,5668,36.48,2,16.91
1748R,105,529,0,0,0,0,0,61.98
1752,8246,100988,64.16,20,64809,58.64,12,15.68
1760,38883,85739,42.74,22,36671,33.84,8,25.89
1762,53978,76918,45.59,16,35075,36.1,5,21.62
1773,15915,300000,74.78,59,224375,68.66,28,7.49
1776,3274,60107,65.8,32,39562,44.14,13,8.94
1777,3359,44592,59.64,9,26603,53.92,5,11.87
1780,2830,109075,76.9,43,83896,62.14,19,4.6
1781,35670,47408,44.63,22,21169,23.54,6,22.01
1783,38184,89698,64.1,20,57508,55.8,7,10.58
1784,34554,53121,27.19,13,14452,18.13,6,25.68
1785,127700,595980,43.75,112,260848,37.5,53,26.36
1786,44624,74828,53.14,27,39775,45.54,17,17.27
1788,7761,44521,49.96,15,22250,40.1,8,23.17
1789,24867,790739,76.86,54,607870,74.61,23,6.26
1794,131,1322,0,0,0,0,0,16.46
1795,41845,266874,56.58,31,151057,51.58,9,22.4
1796,7637,41460,55.72,12,23115,45.18,5,8.57
1799,19075,248776,66.27,22,164923,64.06,12,10.71
1802,206511,2908061,75.84,165,2206203,73.96,79,13.21
1805,9473,134970,77.69,39,104887,70.28,23,5.01
1806,24757,390404,74.39,59,290483,70.84,36,9.69
1807,7561,114400,47.35,37,54177,38.19,20,12.55
1808,28226,893032,80.4,97,718170,78.19,64,6.69
1809,53784,167042,48.94,34,81785,43.27,18,30.44
1810,23433,302304,64.64,75,195464,59.4,49,16.23
1813,9113,46636,47.48,16,22154,33.67,5,23.27
1814,452,18982,78.83,13,14966,52.86,5,4.45
1815,177168,585479,32.0,64,187445,29.25,41,39.55
1816,901,24515,94.8,2,23242,91.94,1,1.83
1817,4551,72600,65.06,26,47248,58.37,17,11.52
1818,135,11635,75.49,7,8785,63.87,5,1.46
1819,136,33504,84.42,17,28292,65.69,9,0.51
1903,21030,260039,81.13,66,211050,74.86,41,4.07
1904,329839,1108275,66.83,143,740894,62.26,67,13.46
1905,72724,1102835,71.62,70,790005,69.29,28,13.37
1906,12614,151000,74.48,26,112484,70.28,17,10.88
1907,83995,1660371,85.02,209,1412015,81.58,118,5.34
1909,83700,1327686,67.62,169,897960,63.37,76,8.45
1918,30869,241318,20.6,26,49768,17.62,15,31.76
2002,1337021,15734861,52.53,1496,8269588,48.76,461,16.26
2002A,5393,38268,22.28,10,8534,11.23,3,28.45
2006,62110,730214,80.05,156,584747,73.98,89,8.49
2007,27782,530652,76.75,14,407424,75.66,4,9.11
2008,7583,190852,92.41,18,176402,91.08,14,3.21
2009,49301,359622,56.6,15,203619,55.22,6,25.66
2010,35353,647655,68.5,117,443753,64.53,75,10.59
2012,44559,302163,84.07,80,254084,74.58,33,4.98
2013,44113,200000,79.29,24,158613,77.14,17,11.22
2014,174733,1435544,50.05,99,718837,47.08,31,20.1
2015,11728,581599,88.19,152,513039,81.79,92,2.82
2017,41050,446875,62.19,69,277998,57.58,33,12.9
2020,60008,267031,50.56,51,135072,44.77,29,17.06
2022,62621,337168,39.87,31,134517,37.06,15,22.05
2023,102488,1841240,79.27,118,1459903,77.62,66,7.11
2024,50485,97500,83.01,13,80945,80.77,9,6.95
2025,30543,172661,62.22,29,107468,59.09,20,11.79
2027,114706,2584261,75.73,370,1957742,71.86,205,7.83
2028,21572,325715,83.52,40,272091,81.21,28,6.45
2029,14439,321180,71.64,24,230171,68.38,6,8.8
2030,57033,280526,48.37,43,135744,44.29,25,20.16
2031,66150,321146,57.19,62,183710,51.96,34,17.2
2032,12229,130522,58.58,42,76488,48.67,20,17.99
2033,4971,80695,73.6,29,59403,62.16,16,8.4
2034,39009,528996,49.07,101,259710,42.63,44,16.24
2035,20816,350000,96.72,23,338578,96.25,21,0.64
2038,25334,194134,54.06,28,104975,49.28,13,17.24
2049,67656,353792,68.52,101,242479,60.6,55,14.78
2052R,5562,9170,10.19,2,935,0,0,49.54
2056,254,105000,93.38,44,98068,85.71,33,0.43
2058,37155,305357,25.9,63,79174,18.42,22,17.07
2059,22995,95297,66.0,32,62917,56.04,16,5.06
2060,135,35739,87.22,4,31173,87.22,4,0.33
2061,11219,57378,50.36,26,28907,29.8,7,13.69
2062,11520,199994,61.63,39,123292,54.85,15,12.76
2063,3372,48101,53.35,19,25668,37.44,7,12.81
2064,1634,69330,83.05,30,57587,72.44,16,4.51
2065,49423,63517,52.5,17,33354,44.1,9,19.12
2066,3013,44450,68.95,19,30652,53.56,8,10.81
2067,2234,45138,56.5,12,25510,49.07,6,10.17
2069,9388,166387,62.42,45,103877,52.09,18,12.83
2070,5622,41783,60.65,18,25350,47.35,8,21.51
2071,957,69046,84.93,25,58657,73.65,12,2.14
2072,9559,192000,75.13,26,144279,72.15,16,7.73
2073,633,27500,75.18,15,20678,51.57,6,3.29
2101,36648,733935,65.58,133,481410,59.74,62,8.59
2102,79276,473329,80.97,66,383324,76.92,36,5.6
2103,84854,825710,56.48,121,466543,51.72,54,12.42
2104,108242,984734,44.81,206,441455,36.3,69,12.42
2105,80111,3241416,81.18,308,2632288,78.43,161,5.66
2106,32991,954890,80.31,167,767085,75.21,85,5.17
2107,48016,303593,63.73,73,193537,58.22,44,13.74
2108,53942,492417,70.26,97,346055,64.44,54,11.75
2109,35101,279349,74.5,70,208171,66.71,35,5.76
2114,5382,77992,65.28,18,50918,59.03,9,11.02
2115,3741,104373,70.34,36,73431,58.63,17,6.02
2201,91410,1070001,64.25,111,687731,60.2,46,13.37
2204,40393,553620,74.53,61,412714,71.86,36,11.62
2206,68723,773676,85.27,109,659902,81.22,61,6.17
2207,14067,557103,89.49,112,498659,83.03,53,1.58
2208,123683,1274539,55.34,144,705689,50.55,44,15.08
2211,23897,417091,82.61,59,344613,78.38,32,6.78
2221,3247,42325,66.08,5,27972,64.71,4,13.1
2227,7590,300000,93.51,11,280532,93.27,10,3.56
2228,9891,79780,57.03,15,45505,53.88,10,20.97
2229,59,1462,41.04,1,600,0,0,7.78
2230,10841,68030,46.32,26,31522,33.46,13,16.04
2231,13758,135932,66.33,31,90187,61.96,19,14.99
2233,37428,60289,47.56,16,28688,34.23,4,23.95
2235,1374,35878,83.9,12,30108,76.08,8,6.64
2236,3020,63517,72.29,21,45925,64.19,12,5.79
2237,2166,121773,80.83,21,98443,74.8,8,3.43
2239,2751,117713,79.91,17,94073,77.26,12,4.43
2241,28652,104602,44.97,37,47060,32.51,14,16.33
2243,2809,77374,68.05,33,52672,56.6,18,6.48
2245,494,32400,79.02,11,25606,66.91,5,2.64
2246,2881,42613,68.53,3,29213,65.07,1,9.14
2247,8110,80711,76.68,14,61904,72.7,8,10.03
2248,973,47600,78.29,16,37274,69.67,10,3.13
2249,1148,25538,71.58,14,18288,54.36,6,6.9
2250,9370,36388,51.35,4,18688,48.97,3,21.01
2252,1895,106618,80.0,19,85316,74.25,9,3.76
2254,2647,63908,92.89,15,59374,87.89,10,1.42
2255,1941,60932,79.24,18,48290,73.45,11,4.44
2256,2265,39024,58.98,16,23023,42.62,5,11.04
2258,8935,1751277,93.91,54,1644979,92.8,25,1.12
2301,213299,2316108,78.47,442,1817745,73.43,264,11.44
2302,24889,166303,59.6,13,99170,56.69,6,22.36
2303,979891,12576985,74.92,1182,9425493,72.33,668,12.22
2305,22173,205661,64.93,24,133565,60.71,11,14.72
2308,579910,2597543,81.03,568,2105629,74.11,283,7.86
2312,207536,1505969,47.36,210,713522,42.94,100,24.97
2313,309476,1233821,56.75,207,700541,51.88,113,27.35
2314,53356,108596,11.45,15,12446,5.51,4,44.32
2316,60374,182741,64.92,46,118685,58.01,24,19.75
2317,1169534,14075746,68.93,1444,9705913,66.22,825,13.51
2318,28568,106030,26.97,15,28614,22.77,7,30.03
2321,14668,30272,71.19,3,21553,67.91,2,14.35
2323,136256,1089348,45.3,206,493649,38.32,80,17.79
2324,331305,4407147,63.42,584,2795605,59.8,323,16.6
2326,48321,40340,12.64,6,5112,6.46,2,45.79
2327,522312,2071465,71.11,337,1473656,66.64,192,15.36
2328,120151,518346,39.73,54,206097,35.6,23,30.99
2329,130315,658948,49.83,64,328478,46.14,25,26.23
2330,3100315,25932370,87.39,2621,22666807,84.62,1475,5.98
2331,57345,557403,58.39,64,325557,53.84,20,18.19
2332,103827,602170,37.16,113,223896,31.6,53,22.96
2333,87742,277761,28.97,56,80522,20.3,18,32.88
2335,6034,49504,35.56,13,17615,25.37,4,20.03
2337,486570,1983218,42.32,304,839643,37.75,150,32.63
2338,81315,366849,46.73,51,171495,41.72,24,25.3
2340,111084,438623,36.28,55,159176,31.47,20,27.73
2341,23868,6852,86.94,1,5957,86.94,1,8.92
2342,142828,157475,37.07,12,58404,34.56,6,38.31
2344,564974,4675511,68.57,467,3206758,65.63,248,17.21
2345,75195,561118,71.41,222,400768,57.51,98,4.59
2347,39549,1667947,89.07,256,1485796,85.36,158,4.03
2348,24499,151899,69.83,31,106090,65.56,20,13.9
2348A,2693,30000,65.81,6,19748,55.71,2,7.21
2349,144397,693680,28.85,118,200197,22.14,42,27.05
2351,26429,194738,71.71,68,139668,61.58,39,14.15
2352,194193,1580507,48.4,208,765536,43.33,79,19.76
2353,400086,3047854,36.3,365,1107077,32.05,153,26.12
2354,195658,1414485,45.34,118,641613,42.79,59,27.7
2355,78213,397495,39.8,98,158295,31.92,47,30.57
2356,263931,3587475,73.05,377,2621792,69.85,193,14.25
2357,123434,742760,73.14,214,543423,62.76,97,11.64
2358,39762,136623,27.74,17,37914,23.45,7,27.37
2359,64097,171471,44.47,31,76294,37.95,15,34.94
2360,31485,425246,71.22,195,302982,53.78,75,3.04
2361,19317,46544,52.93,6,24642,47.2,2,20.72
2362,33123,622263,79.73,111,496277,76.12,74,8.45
2363,129927,514988,35.21,66,181416,30.4,28,33.93
2364,56160,52389,55.02,10,28829,51.35,7,21.98
2365,99671,221528,22.23,28,49294,17.7,12,45.25
2367,194688,706253,28.34,79,200246,25.47,46,42.06
2368,91987,527267,78.74,124,415313,71.53,62,7.9
2369,128327,380102,31.8,53,120920,27.91,29,37.19
2371,273255,2150835,47.07,282,1012886,42.32,117,19.79
2373,14223,236203,87.27,27,206177,86.21,23,6.94
2374,105176,337992,27.34,44,92434,22.45,19,38.13
2375,75200,108675,31.17,23,33889,22.81,10,49.42
2376,100658,669889,70.89,157,475015,63.76,84,15.02
2377,104149,844856,65.86,178,556651,58.97,89,18.04
2378,17793,141161,33.7,25,47611,26.89,9,20.33
2379,86014,515513,74.6,213,384697,59.21,86,6.52
2380,23113,60000,36.51,9,21913,32.76,5,32.48
2381,2567,119,0,0,0,0,0,32.57
2382,281864,3862627,84.24,483,3254656,80.36,251,8.56
2383,103566,358321,69.7,133,249842,58.22,66,5.85
2384,157996,2047778,28.0,329,573800,20.92,96,18.9
2385,50476,765721,74.36,175,569590,68.09,98,10.91
2387,16931,195251,57.85,29,113001,52.59,14,17.76
2388,57113,556397,69.29,73,385596,65.5,40,15.35
2390,62039,192619,39.39,26,75900,33.48,8,26.6
2392,67601,512327,47.65,59,244158,43.2,21,24.46
2393,51340,443393,67.4,124,298878,59.8,70,14.08
2395,32920,869076,85.65,201,744514,78.02,92,3.01
2396,56605,1276356,45.51,239,581195,37.07,63,10.89
2397,9514,114489,67.79,17,77627,64.33,10,14.32
2398,38454,413083,36.53,47,150969,32.61,20,19.19
2399,53937,178100,32.94,36,58700,25.93,18,36.36
2401,131543,591995,42.61,98,252396,36.74,41,25.28
2402,83589,307537,37.73,47,116094,32.78,22,33.65
2404,66512,190587,54.39,71,103691,40.79,30,18.29
2405,97596,343427,24.21,45,83217,19.2,16,30.96
2406,116242,350906,27.32,55,95917,21.32,23,36.66
2407,48710,734881,37.82,178,278069,27.83,56,11.92
2408,383998,3450206,80.77,274,2787109,78.54,147,10.37
2409,661897,7547099,47.47,893,3584257,42.96,328,18.55
2410,12554,160010,36.33,51,58177,23.69,16,11.18
2412,302132,7757447,79.41,515,6162000,77.65,294,6.78
2413,25914,127359,57.34,28,73068,50.62,14,23.4
2414,15740,161736,58.1,43,94006,48.52,18,14.25
2415,8934,90000,63.43,20,57104,58.65,12,16.79
2417,61184,157219,42.42,19,66735,40.01,13,31.77
2418,64511,1023341,47.77,137,489021,42.12,39,12.99
2419,37898,321317,64.6,13,207631,62.96,3,17.87
2420,38493,152649,49.28,37,75252,40.56,16,20.5
2421,61677,286944,56.9,96,163355,45.54,42,21.28
2423,6312,145047,75.45,32,109448,69.53,17,6.28
2424,4354,59585,80.85,6,48185,79.18,5,7.55
2425,40199,96499,49.19,25,47483,38.07,8,27.07
2426,103863,300622,42.42,55,127587,36.8,28,28.24
2427,22166,198000,53.86,16,106685,49.74,4,21.83
2428,15520,128113,65.24,41,83599,51.86,14,14.62
2429,27280,85500,48.44,14,41430,42.66,7,22.74
2430,38173,116800,63.14,24,73790,56.73,11,15.6
2431,52060,110927,42.13,16,46747,35.87,4,23.71
2432,1248,61860,77.4,9,47887,72.89,4,4.58
2433,7939,144496,78.96,18,114102,77.79,14,10.37
2434,5216,37000,78.19,3,28934,74.38,1,10.2
2435,8975,74737,32.31,10,24160,28.39,4,21.87
2436,72468,208793,25.01,43,52273,18.66,20,40.97
2438,26177,71196,58.54,21,41683,49.52,12,15.23
2439,70867,253645,33.91,57,86052,25.65,23,33.35
2440,8680,139117,69.95,25,97343,67.48,19,10.31
2441,60324,568846,68.11,86,387593,62.76,40,17.33
2442,48507,325232,57.69,62,187661,50.27,25,11.57
2443,30674,150909,55.24,45,83392,45.96,24,12.89
2444,36084,101570,27.0,20,27451,18.05,5,22.59
2445,6217,48174,15.7,7,7569,12.45,4,26.58
2449,241602,1222745,62.34,273,762478,55.5,142,20.87
2450,17456,258253,77.24,19,199523,75.97,14,11.16
2451,46405,431346,71.05,62,306572,65.83,27,13.83
2453,25627,100000,46.73,14,46753,40.29,4,28.45
2454,644812,1603895,74.07,487,1188361,64.11,230,8.57
2455,69042,187510,50.27,72,94304,36.64,32,24.31
2457,112733,424772,29.64,56,125973,24.46,20,30.78
2458,59633,303880,60.19,94,182958,49.38,44,18.88
2459,15235,105596,53.12,32,56123,41.95,11,14.44
2460,44978,169200,58.22,20,98555,53.74,7,16.05
2461,50489,191888,45.51,59,87396,35.5,27,18.06
2462,26257,150784,55.87,35,84280,50.3,21,17.09
2464,96075,218499,39.24,42,85762,33.37,21,34.92
2465,48239,93946,36.35,14,34162,29.58,3,28.23
2466,4527,173459,89.82,55,155828,81.67,34,3.52
2467,48418,161630,68.06,53,110035,57.93,29,13.17
2468,10801,69961,50.72,3,35492,50.02,2,27.57
2471,36872,47254,22.35,14,10568,6.74,1,42.67
2472,35574,164735,60.48,49,99665,50.12,22,23.83
2474,59742,538821,68.79,93,370828,64.7,60,16.05
2475,226775,6479454,71.13,1104,4610108,64.55,430,6.14
2476,19265,220052,67.32,62,148178,59.91,35,12.09
2477,9637,158573,73.57,40,116717,67.0,23,10.59
2478,55389,144731,62.8,51,90920,54.52,29,19.58
2479,13077,37738,32.38,6,12225,25.6,1,31.67
2480,42053,106360,31.06,34,33041,17.78,11,26.62
2481,91944,382115,63.11,79,241205,58.47,54,23.88
2482,38666,77883,40.49,13,31541,35.02,6,29.65
2483,8994,107890,66.24,28,71498,60.99,19,13.82
2484,89871,159421,23.23,30,37053,16.12,13,48.04
2485,139176,317689,23.58,36,74992,20.67,20,48.05
2486,82256,240727,40.15,57,96715,31.89,27,27.9
2488,40557,79999,52.48,24,41999,44.58,13,18.07
2489,129694,610000,29.86,81,182252,25.69,39,35.49
2490,15431,162949,21.36,30,34829,15.36,12,21.74
2491,12824,82008,73.95,24,60664,66.24,15,10.23
2492,86154,485205,72.4,70,351364,68.47,41,16.7
2493,44867,126797,52.96,37,67181,42.33,15,21.17
2494,10297,41493,81.47,10,33811,73.05,5,9.76
2495,38800,273552,49.77,46,136213,43.32,19,23.59
2496,4209,19100,49.57,9,9470,35.07,4,17.98
2497,11978,130888,66.15,34,86605,57.65,17,15.48
2498,164874,836147,39.17,142,327574,33.77,68,26.65
2499,47855,461172,44.16,81,203723,37.95,35,15.37
2501,44502,1159561,77.63,162,900456,72.83,76,7.45
2504,89741,1180000,75.34,204,889226,70.35,110,7.06
2505,23921,380000,79.55,66,302376,75.1,39,6.29
2506,65762,387000,77.27,75,299143,72.17,44,8.73
2509,16734,224551,69.64,44,156430,63.89,23,10.2
2511,46635,1623326,80.39,298,1305389,74.91,151,3.79
2512,43969,490427,34.2,96,167810,25.04,22,14.75
2514,17787,394729,88.04,51,347595,84.83,31,3.75
2515,140189,1607904,60.66,302,975712,53.63,118,10.08
2516,49260,226278,72.63,63,164385,63.8,35,7.12
2520,78533,609487,72.72,100,443409,68.64,59,9.37
2521,25331,319669,35.25,57,112767,25.84,11,15.89
2523,14057,228256,44.69,58,102027,35.96,25,12.22
2524,7648,365984,93.18,37,341110,91.56,27,2.37
2525,52599,650737,31.72,172,206512,20.28,50,15.11
2527,7682,270306,81.24,36,219646,76.16,13,4.8
2528,8444,435996,84.09,84,366697,79.03,48,2.9
2530,31125,841256,85.88,143,722685,81.8,90,2.34
2533,14059,153029,38.29,37,58615,26.09,7,17.06
2534,63302,474228,72.25,110,342692,65.75,63,7.73
2535,63271,270794,61.62,66,166940,55.2,34,14.81
2536,8781,332809,77.29,82,257293,68.82,40,4.43
2537,43984,300558,60.26,76,181159,51.5,33,12.57
2538,28642,445025,75.16,132,334608,66.49,71,4.62
2539,19577,1193103,87.12,127,1039670,84.44,74,2.92
2540,17180,944874,91.41,83,863958,89.53,57,2.65
2542,109824,2153084,64.38,243,1386460,60.62,111,10.5
2543,32679,528542,71.87,76,379961,67.56,39,9.36
2545,16710,379735,76.51,43,290624,73.56,25,8.59
2546,53293,130524,62.41,20,81479,58.78,11,14.47
2547,74966,1035095,70.48,186,729787,63.72,80,5.95
2548,38926,319719,51.15,102,163596,39.9,44,18.91
2553,19308,81658,18.86,13,15421,11.1,4,33.82
2566,325,2416,0,0,0,0,0,31.89
2569,61,11552,83.38,2,9634,74.73,1,0.61
2591,80,817,0,0,0,0,0,18.25
2592,57,10494,90.43,4,9490,82.1,3,1.35
2596,3306,100000,71.9,28,71928,61.79,14,5.83
2597,13378,310716,81.36,41,252840,78.12,25,5.4
2599,1380,98524,65.99,41,65026,51.75,16,2.09
2601,113306,824776,31.84,102,262731,26.6,34,23.13
2603,303388,2165043,71.9,352,1556973,66.94,185,14.42
2605,105305,585353,54.34,103,318236,49.59,54,19.3
2606,52348,845056,75.3,113,636472,71.96,68,11.45
2607,39783,533571,77.33,86,412717,70.48,32,8.96
2608,51936,467000,76.88,69,359119,71.91,34,10.55
2609,384603,3492104,57.28,328,2000565,54.34,161,22.1
2610,244054,6144989,73.47,528,4516345,70.67,249,9.27
2611,50529,189002,47.93,27,90621,43.38,12,21.86
2612,37761,197485,73.51,16,145204,69.45,4,11.28
2613,40010,148423,56.06,28,83247,49.47,11,20.88
2614,101010,327265,47.64,44,155977,42.91,20,22.97
2615,109975,2806146,86.69,272,2433071,84.2,162,6.29
2616,214473,137282,44.45,16,61029,41.0,9,30.03
2617,28970,417294,62.96,60,262835,58.07,25,15.14
2618,208411,5400444,80.83,651,4365899,77.54,368,6.99
2626,296,2885,0,0,0,0,0,25.25
2630,22967,209438,64.92,13,136022,62.44,5,19.67
2633,105658,5628293,86.71,298,4881232,84.93,140,4.22
2634,112992,941867,50.72,73,477773,48.48,37,22.67
2636,55981,141835,41.78,33,59289,34.84,17,29.52
2637,26106,746409,82.8,147,618245,77.65,85,5.81
2639,1106,99999,99.01,2,99010,99.01,2,0.48
2640,3509,59265,73.54,25,43602,58.31,11,6.44
2641,80256,330334,28.42,44,93954,23.17,14,28.59
2642,19796,95467,60.38,7,57646,60.38,7,27.1
2643,4312,35000,64.01,9,22406,58.83,7,17.71
2644,2497,82952,80.21,34,66555,74.65,28,3.95
2645,23941,374571,84.52,35,316667,81.16,16,7.01
2646,241586,3008735,65.64,137,1975448,63.98,56,16.2
2701,14852,449968,86.44,38,389037,84.5,24,3.66
2702,12467,156613,73.7,18,115454,72.54,15,9.57
2704,30635,366923,88.45,71,324614,83.39,42,3.19
2705,83076,191313,66.4,43,127074,59.82,23,14.1
2706,16206,499998,85.43,57,427239,81.63,26,3.64
2707,18057,127403,61.08,17,77839,54.75,4,19.66
2712,2041,105000,90.8,19,95352,86.86,13,3.49
2714,3938,1138,0,0,0,0,0,87.11
2718,2613,87576,88.24,16,77286,88.24,16,3.55
2719,3332,69182,91.02,4,62977,89.53,2,5.2
2720,2751,80000,61.03,27,48837,48.9,12,3.59
2722,4980,143170,87.18,31,124843,82.43,21,5.0
2723,9560,180000,68.47,37,123287,61.62,18,9.58
2724,1036,59656,83.61,10,49880,79.45,5,1.77
2726,2496,37922,65.38,16,24805,49.75,7,8.92
2727,149899,82940,38.57,36,32012,16.63,7,27.05
2729,6265,43041,66.9,13,28804,59.73,8,16.15
2730,2322,37215,86.67,2,32256,86.67,2,2.97
2731,30730,93278,42.88,22,40020,33.73,9,29.4
2732,6106,46519,58.76,19,27341,53.54,14,20.61
2733,684,24598,77.51,8,19069,75.36,7,4.55
2734,28742,57260,37.68,12,21583,31.34,6,25.26
2736,6380,79972,55.95,17,44764,46.33,7,14.45
2738,57,67381,97.88,6,65966,94.86,3,0.02
2739,5533,91526,73.69,20,67464,68.0,12,10.7
2740,2899,16762,72.53,2,12158,72.53,2,2.86
2741,1725,22588,67.38,9,15222,53.73,4,12.48
2743,6755,46815,52.86,8,24755,50.27,6,24.09
2745,5210,33809,52.63,6,17796,51.28,5,24.31
2748,9754,105779,60.9,5,64438,58.44,1,17.26
2749,248,20800,75.15,16,15634,33.27,2,2.43
2750,180,60000,98.53,18,59126,88.06,10,0.13
2751,1565,19832,60.35,1,11970,60.35,1,11.21
2752,2584,26694,63.69,16,17006,40.7,6,8.98
2753,12058,66645,54.97,20,36646,43.54,8,17.63
2754,4398,46907,73.07,6,34281,66.51,1,11.32
2755,3601,37548,63.51,12,23853,59.35,9,11.12
2756,1628,24598,71.57,13,17610,53.58,6,8.88
2758,7471,20486,73.57,13,15075,46.27,6,8.15
2760,171,13000,88.33,6,11485,84.01,5,1.03
2761,665,17337,57.71,9,10010,46.15,6,5.86
2762,5997,112500,86.34,23,97163,80.89,13,4.97
2801,268170,11766046,77.83,1275,9160174,74.17,566,3.88
2807,7193,3170,0,0,0,0,0,75.83
2811,52292,292500,34.44,66,100805,26.32,28,22.94
2812,242279,6021626,59.53,754,3585930,54.54,240,7.22
2816,10872,223608,79.78,32,178434,74.84,13,4.89
2820,73777,1342960,66.17,148,888813,62.47,64,8.02
2825,9455,12559,5.68,1,714,0,0,59.95
2827,30323,129587,36.74,31,47636,29.69,16,20.5
2831,42106,1192689,62.04,167,740289,57.18,70,7.68
2832,19378,253540,69.51,51,176295,62.52,22,7.66
2834,380968,9718062,61.04,1350,5933776,55.48,447,6.76
2836,35015,1839917,85.72,175,1577550,82.79,83,3.29
2836A,2820,40000,38.52,8,15411,30.5,4,7.87
2838,48602,4340552,90.61,256,3933816,88.82,128,1.84
2838A,6012,200000,68.77,43,137584,62.4,24,6.08
2841,60347,960944,57.39,179,551741,50.11,62,7.39
2845,100025,4865285,75.16,629,3657960,70.29,239,3.73
2849,9902,1957609,98.48,57,1928249,98.01,42,0.51
2850,17794,315963,67.87,93,214502,57.24,42,9.57
2851,28244,800389,70.61,119,565288,65.5,52,7.62
2852,22169,301164,65.83,107,198323,53.9,53,7.63
2855,60873,1601414,75.6,238,1210939,70.53,105,5.71
2867,65364,5899501,86.49,570,5103350,83.21,252,2.23
2880,471060,13916965,81.99,1125,11413456,79.58,566,4.1
2881,385924,14007365,86.44,1002,12109583,84.23,501,4.44
2881A,18452,600000,90.54,68,543325,88.1,44,3.32
2881B,18299,666660,94.89,69,632671,91.99,40,1.89
2881C,53926,333330,84.88,52,282974,81.29,32,6.15
2882,409788,14669210,85.57,1253,12554866,83.13,670,4.83
2882A,18713,833300,94.89,81,790919,93.31,61,1.72
2882B,19210,700000,95.89,59,671457,94.35,43,1.67
2883,731269,16974847,68.08,1938,11559037,64.22,852,6.72
2883B,69606,1582142,65.87,393,1042570,56.26,149,6.66
2884,582250,16192000,73.32,2038,11874960,68.95,880,6.74
2885,452911,13331150,82.92,1256,11056849,80.28,690,5.08
2886,454407,14833378,83.52,818,12391172,82.03,465,5.58
2887,704762,24866399,74.93,2987,18637951,70.84,1295,4.94
2887E,12862,500000,86.39,59,432062,84.33,44,3.14
2887F,13177,300000,89.59,33,268811,85.69,18,3.43
2887G,17125,75000,47.58,24,35704,34.45,8,11.55
2887H,20868,219668,70.22,60,154299,62.36,32,6.88
2887I,271586,3096421,73.35,573,2271688,66.37,231,8.72
2887Z1,18339,300000,90.01,28,270104,86.81,13,3.18
2889,219077,3633563,73.79,363,2681846,71.22,213,7.42
2890,449791,14492322,80.88,1572,11724597,77.67,827,4.66
2891,583640,19676898,81.78,1874,16094756,78.95,964,5.11
2891B,24946,333330,95.89,38,319710,93.54,25,2.35
2891C,24368,166660,93.85,23,156436,90.77,16,3.63
2892,440193,14379469,71.82,1685,10331282,67.93,746,5.67
2897,28502,2805358,85.83,360,2408480,81.6,165,2.48
2897B,4971,250000,83.23,59,208111,77.92,37,4.21
2901,13724,73043,79.16,20,57844,71.6,10,7.87
2902,11488,146889,47.67,41,70059,36.64,18,12.6
2903,58296,1416941,80.2,160,1136685,76.89,83,6.28
2904,16955,77834,54.12,9,42129,50.17,4,17.11
2905,27415,1110372,84.27,130,935888,80.7,66,3.65
2906,17843,209117,64.8,35,135548,58.91,14,11.76
2908,10976,509888,92.11,54,469791,89.63,33,2.41
2910,1393,175403,96.58,40,169464,92.92,31,0.44
2911,39754,105126,45.61,19,47973,41.0,10,25.13
2912,69857,1039622,85.3,144,886960,80.9,69,7.06
2913,114001,790000,57.57,153,454946,49.82,53,14.29
2915,59639,1104319,69.18,185,764172,63.44,83,8.74
2916,4667,64627,58.92,18,38089,51.06,11,13.42
2920,976,12442,35.75,1,4449,35.75,1,18.15
2923,5177,1740297,99.55,16,1732923,99.38,11,0.19
2924,462,52036,89.58,9,46621,84.08,5,1.0
2926,2142,47390,74.55,14,35336,64.98,7,5.93
2929,50537,109494,30.94,17,33911,24.86,6,18.71
2936,155,76056,99.51,6,75691,98.55,5,0.23
2937,941,43542,84.55,20,36824,71.58,12,2.27
2938,722,20140,80.43,6,16200,78.35,5,5.95
2939,7079,45549,76.06,27,34655,58.22,15,3.92
2940,236,25184,56.44,18,14221,12.9,2,1.13
2941,3078,15390,66.47,14,10233,20.62,2,4.58
2942,1662,60000,90.71,10,54436,88.06,7,2.95
2945,3092,67500,83.48,6,56353,83.48,6,7.28
2947,11540,21493,63.31,9,13610,55.2,6,5.25
2948,1069,31000,80.35,15,24915,69.02,9,5.28
2949,2820,30641,81.77,15,25060,63.88,8,4.2
3001,6681,76007,19.48,16,14829,10.74,5,19.44
3002,9195,102000,64.9,20,66210,59.21,11,14.53
3003,16996,155655,57.47,41,89493,51.12,25,20.15
3004,17713,64394,58.02,16,37379,47.6,5,13.27
3005,50612,624598,72.41,111,452377,67.79,67,11.17
3006,72006,298128,51.23,89,152789,41.34,41,25.21
3008,118649,130798,53.18,47,69594,36.87,10,15.61
3010,50600,259437,61.83,73,160492,52.18,33,13.2
3011,48802,129601,35.93,27,46584,28.47,9,18.32
3013,48141,205139,44.92,30,92194,39.41,11,31.77
3014,51855,165979,31.09,40,51638,20.3,11,30.69
3015,17394,187262,63.39,55,118736,53.23,26,16.37
3016,40133,290970,71.2,33,207258,67.48,17,17.09
3017,141981,394402,66.11,143,260854,52.32,52,10.3
3018,36803,75378,64.28,6,48462,62.19,3,18.14
3019,95431,279244,37.73,50,105421,31.01,18,36.68
3020,1635,122695,99.45,1,122032,99.45,1,0.48
3021,8442,94890,70.95,20,67346,65.24,13,13.69
3022,17090,176598,64.99,46,114808,57.95,25,14.37
3023,52866,240069,69.38,102,166599,54.93,46,8.3
3024,57906,277157,49.32,84,136760,36.34,32,15.0
3025,41331,56736,23.46,11,13330,12.38,2,32.29
3026,64653,165890,58.75,75,97506,41.55,31,20.3
3027,47631,129960,42.5,29,55255,33.94,10,24.12
3028,54335,237241,44.18,47,104868,38.5,26,25.16
3029,64788,167005,40.11,32,67024,34.7,17,31.11
3030,35891,236216,56.99,43,134688,51.62,22,18.29
3031,17502,173203,59.5,18,103093,56.91,11,20.08
3032,33293,113286,52.51,27,59509,44.35,11,17.75
3033,96871,520872,43.25,112,225391,35.09,46,23.4
3034,96450,608511,71.03,214,432390,58.92,95,10.93
3035,115774,260550,30.11,40,78511,23.59,13,43.61
3036,76039,1271034,85.21,224,1083244,80.56,132,5.48
3037,394099,1643067,74.15,374,1218613,66.89,186,12.56
3038,49917,157408,41.76,32,65759,33.24,12,24.36
3039,5431,66385,33.19,23,22045,17.62,7,10.36
3040,22424,66225,68.33,16,45262,63.98,10,12.95
3041,69880,140224,24.67,14,34629,20.72,5,39.01
3042,93542,342993,55.54,94,190561,46.39,44,24.83
3043,54671,38976,18.02,6,7027,14.4,3,36.12
3044,37821,525606,79.4,176,417420,70.16,97,6.91
3045,61697,3723431,92.61,372,3448418,90.24,232,2.89
3046,20396,78448,53.21,12,41760,45.4,2,20.74
3047,67908,224762,20.31,30,45676,15.39,9,35.94
3048,79323,269830,51.36,50,138642,44.88,21,25.49
3049,118173,802011,46.99,69,377031,43.42,23,22.28
3050,42257,154984,50.89,31,78915,42.21,10,18.36
3051,67131,167000,33.57,28,56106,24.98,5,26.41
3052,49130,233246,57.4,65,133914,47.24,26,9.13
3053,1490,7959,54.35,6,4327,27.94,2,15.42
3054,3415,80651,87.86,13,70879,85.16,10,3.42
3055,25226,114975,70.41,32,80966,63.54,20,12.53
3056,72013,480555,32.66,70,157048,26.48,23,19.31
3057,37329,67865,34.09,8,23144,32.55,6,31.3
3058,50145,201723,22.2,32,44822,15.56,10,26.0
3059,95818,307702,24.34,49,74973,19.34,24,38.29
3060,70020,137563,22.05,30,30366,14.27,13,31.81
3062,73271,330092,22.95,55,75784,15.21,15,35.64
3064,2951,13011,63.47,3,8260,60.15,2,10.15
3065,1475,183911,83.6,33,153781,78.84,19,2.47
3066,4990,83071,71.96,14,59797,67.73,9,10.42
3067,762,20000,71.34,4,14273,63.63,2,3.57
3069,1425,3000,35.56,1,1067,35.56,1,24.45
3070,172,7275,51.25,5,3730,18.25,1,4.13
3071,11178,110000,58.49,12,64359,55.16,6,20.35
3072,58,373,0,0,0,0,0,29.78
3073,4291,39511,56.21,19,22220,37.71,9,15.53
3075,431,7782,70.68,4,5500,70.68,4,9.56
3077,90,722,0,0,0,0,0,34.59
3078,59720,227391,37.24,51,84717,29.03,22,29.8
3079,4372,47640,32.01,12,15257,19.24,3,17.9
3081,69969,92517,43.71,31,40465,34.3,16,20.19
3082,66,455,0,0,0,0,0,24.02
3083,8949,86487,56.22,8,48635,53.1,4,20.45
3084,225,1873,0,0,0,0,0,18.99
3085,3030,69019,89.64,4,61880,87.92,2,2.92
3086,8050,272711,85.3,25,232674,83.06,16,4.72
3087,444,51311,97.94,1,50259,97.94,1,1.42
3088,15888,111071,50.27,29,55858,38.9,8,21.05
3090,60701,287567,67.45,59,193997,61.87,31,17.58
3091,95,179,0,0,0,0,0,50.23
3092,32209,106649,37.77,23,40309,30.23,10,22.84
3093,8061,145156,76.35,17,110864,71.48,6,10.53
3094,42792,83117,15.05,8,12526,12.94,5,44.29
3095,25319,10000,33.08,4,3309,14.01,1,26.43
3096,669,22879,50.0,7,11443,38.46,3,6.26
3097,642,75086,86.94,15,65294,81.35,9,1.53
3098,76,1395,0,0,0,0,0,15.12
3099,13814,225187,37.58,68,84672,23.17,16,10.53
3105,138768,423940,51.14,86,216901,46.22,52,30.32
3114,7692,65130,52.76,20,34379,41.12,9,19.45
3115,17886,72198,86.25,10,62280,85.38,9,2.37
3117,1371,22800,56.83,8,12960,47.34,5,10.68
3118,41737,32453,37.13,14,12057,15.06,3,17.68
3122,46047,40772,26.86,10,10963,15.92,4,34.26
3126,2746,48752,44.04,14,21476,31.82,3,5.69
3128,48942,47317,30.94,10,14643,23.82,5,28.85
3130,7316,33191,58.17,10,19310,53.5,7,22.31
3131,24506,29904,50.0,12,14957,37.17,6,12.22
3133,493,27262,63.27,14,17256,46.91,7,3.25
3135,18205,97159,49.61,17,48215,43.04,9,26.82
3137,80,1883,0,0,0,0,0,7.7
3138,31747,56392,28.01,13,15810,18.98,4,41.72
3141,32702,75461,17.07,18,12893,5.21,3,41.18
3142,5174,203398,51.24,71,104265,38.71,30,5.04
3147,7242,43687,55.74,13,24361,50.01,9,17.9
3149,62313,226234,21.22,37,48029,15.2,16,37.48
3150,5777,44377,54.87,12,24357,46.27,5,7.49
3151,657,8265,45.63,3,3772,26.17,1,12.0
3152,8100,39016,43.69,15,17058,28.17,7,20.65
3158,1743,30666,37.38,12,11471,23.39,5,9.06
3159,483,5840,28.6,2,1671,20.39,1,16.26
3161,179,32583,94.26,16,30722,82.62,10,0.96
3162,14581,154341,60.92,27,94047,55.39,13,14.65
3163,88403,80541,31.11,23,25076,22.23,9,42.46
3164,22837,86010,55.1,35,47408,40.02,15,17.46
3166,98,23374,96.38,2,22532,94.66,1,0.79
3167,24006,90318,57.79,32,52208,49.2,18,15.61
3168,2563,75100,75.32,20,56579,66.82,11,6.07
3169,27281,63307,35.67,11,22593,30.18,5,25.7
3171,2275,33118,76.93,5,25481,71.98,3,8.48
3176,46066,139307,34.62,28,48241,28.7,14,21.98
3177,205,4108,75.32,2,3094,60.86,1,14.54
3178,4320,45050,65.85,11,29670,61.31,7,15.74
3179,110,9847,30.35,4,2989,16.07,1,1.36
3184,3143,63074,58.15,19,36685,50.12,9,11.54
3186,2283,30000,77.49,2,23250,77.49,2,8.98
3188,7463,189088,75.59,43,142972,68.44,20,6.31
3189,141145,526916,72.78,108,383603,66.66,56,15.51
3190,59,14308,74.69,5,10689,71.03,4,0.41
3191,18354,43597,53.83,9,23474,47.08,4,12.34
3194,127,13915,83.55,5,11628,71.26,2,0.97
3202,37703,129345,24.59,21,31836,19.46,9,27.43
3205,31461,67546,66.33,8,44819,61.71,3,10.66
3206,23342,58917,54.34,21,32032,42.65,11,17.97
3207,21052,66422,38.26,23,25429,22.89,7,16.39
3208,107,3025,46.49,1,1406,46.49,1,7.97
3209,54544,235391,47.36,64,111510,38.02,30,18.95
3211,78086,154394,51.13,53,78964,39.01,23,29.22
3213,46743,58686,30.38,17,17844,16.7,4,29.54
3217,15049,90104,45.68,27,41174,30.11,5,25.19
3218,18163,84725,56.72,19,48070,50.31,10,22.71
3219,4039,71781,81.32,8,58387,77.08,4,7.54
3221,49491,105062,23.65,29,24865,9.49,5,42.87
3224,16593,78173,71.83,28,56170,63.44,17,8.51
3226,1293,64431,86.64,25,55835,70.1,8,2.08
3227,56624,151938,41.3,50,62768,28.39,16,30.38
3228,34800,71937,24.3,14,17485,19.57,8,34.97
3229,9853,64263,70.27,4,45164,69.03,3,12.2
3230,19570,86011,53.02,20,45617,45.28,10,16.59
3231,369950,3180052,66.08,496,2102124,62.08,290,17.67
3232,14703,46568,58.35,21,27179,43.78,9,9.92
3234,39847,111475,30.87,26,34444,21.06,8,29.35
3236,64502,105001,32.67,20,34330,27.23,11,40.08
3237,105,1499,0,0,0,0,0,18.39
3252,2669,50196,79.13,23,39729,68.14,14,6.91
3257,29181,79824,43.8,11,34982,37.1,3,27.76
3258,92023,273799,10.18,23,27934,7.57,10,43.12
3259,3915,72966,70.38,25,51369,62.68,16,7.65
3260,147432,334463,30.41,61,101745,24.06,29,39.33
3264,75881,490170,70.1,123,343726,63.44,68,13.48
3265,16979,136262,64.47,22,87862,56.98,5,17.93
3266,3794,352314,90.32,28,318275,89.13,21,1.86
3267,534,17066,29.55,3,5044,26.87,2,6.44
3268,42699,34721,34.46,10,11967,28.46,6,22.38
3272,9171,61177,50.52,11,30919,45.78,6,19.59
3276,47005,69713,59.2,13,41284,53.64,5,12.25
3279,113,966,0,0,0,0,0,17.27
3283,148,6658,49.63,5,3305,15.12,1,4.5
3284,22077,108628,70.56,21,76670,66.76,14,9.92
3285,9942,42735,64.91,19,27747,51.46,10,9.37
3287,4076,43970,58.52,11,25741,48.76,4,17.5
3288,11438,16380,48.2,5,7898,36.75,2,19.66
3289,59330,86746,27.88,25,24214,15.24,9,37.99
3290,25793,90215,56.16,33,50686,44.49,16,12.59
3293,106544,281802,54.56,73,153803,45.48,36,21.44
3294,16752,132016,51.89,23,68531,47.01,14,24.35
3296,7135,96724,76.88,31,74377,71.55,23,7.46
3297,9857,36049,50.45,13,18197,36.6,6,29.46
3301,997,124326,79.23,40,98518,70.3,24,2.14
3303,14290,94091,47.99,32,45168,36.69,16,17.01
3304,424,14069,33.55,7,4721,9.88,1,6.53
3305,59783,144723,44.88,28,64990,37.79,11,30.45
3306,29946,50608,47.7,7,24146,43.14,3,26.23
3308,10516,60000,61.62,8,36977,58.86,6,20.39
3310,1740,74948,82.23,32,61646,69.93,19,3.2
3311,39206,100000,57.51,20,57527,50.56,8,18.85
3312,68588,182627,45.27,22,82717,41.87,11,30.11
3313,34236,221134,75.99,20,168066,74.35,14,9.37
3317,62867,90000,31.34,19,28216,22.88,6,42.63
3318,925,52256,56.8,19,29689,41.84,6,3.13
3321,28282,86114,47.98,22,41328,37.58,7,14.53
3322,65107,137582,34.66,26,47700,29.06,13,19.06
3323,69701,99593,22.01,15,21941,15.54,5,44.75
3324,86220,93077,44.25,28,41206,30.05,8,33.98
3325,61505,110169,30.44,33,33564,14.76,6,22.81
3332,1722,48104,86.95,15,41835,77.94,9,2.95
3334,126,24680,91.54,5,22594,89.35,4,1.02
3338,62220,87908,29.6,14,26029,23.8,6,37.3
3339,31004,66568,25.87,14,17234,16.68,5,32.9
3342,762,40910,53.13,17,21746,33.08,5,4.33
3343,870,58794,44.65,10,26267,39.28,5,3.62
3345,101,36301,95.55,2,34688,93.93,1,0.42
3346,39382,121228,26.33,19,31947,20.5,8,29.37
3349,1720,46072,47.83,26,22041,20.64,7,6.13
3350,927,21687,13.98,6,3034,0,0,10.9
3354,6447,70112,72.4,7,50764,70.67,5,13.86
3356,36029,80542,33.67,15,27130,27.0,7,28.65
3357,20954,117904,58.22,44,68656,42.56,16,18.81
3360,47063,76402,23.05,12,17624,16.99,4,32.18
3361,389,49553,81.55,18,40421,68.18,8,1.21
3362,30972,147445,58.54,43,86342,48.08,20,21.93
3363,69605,113641,41.35,34,47018,31.24,14,28.06
3364,216,2701,0,0,0,0,0,18.15
3369,4641,28946,56.18,3,16265,54.38,2,16.22
3372,58042,235324,54.55,29,128393,50.82,15,18.9
3373,35611,47619,27.16,5,12943,24.87,3,33.21
3374,50185,271364,63.42,39,172165,60.05,23,21.02
3376,52083,195780,43.04,59,84289,31.83,22,27.72
3377,241,19653,64.25,12,12631,35.71,2,2.0
3379,30024,38042,28.78,6,10954,24.78,3,36.62
3380,42586,541718,65.68,34,355874,63.73,16,13.99
3383,11632,75000,48.43,18,36338,38.5,6,16.72
3388,12217,81125,40.64,19,32985,30.84,6,26.35
3390,56504,79330,31.04,19,24636,17.95,3,24.16
3391,929,68860,66.03,27,45483,51.03,10,2.73
3394,163,1180,0,0,0,0,0,26.58
3397,1815,9029,0,0,0,0,0,46.6
3402,38711,73048,29.92,10,21872,24.52,4,35.84
3404,50,653,0,0,0,0,0,21.09
3406,35186,112743,53.23,46,60038,36.85,18,17.62
3412,261,8071,84.95,1,6857,84.95,1,3.49
3413,25454,111274,49.6,30,55218,41.02,15,23.52
3414,252,1360,0,0,0,0,0,39.06
3416,9244,80777,56.97,17,46031,51.26,10,15.56
3419,30790,120480,31.94,26,38500,23.93,10,24.93
3430,33215,33716,33.47,6,11285,33.47,6,33.47
3431,12543,55459,51.3,8,28459,46.69,4,17.61
3432,3523,42230,66.5,13,28088,58.48,8,13.38
3434,8760,35755,46.25,14,16544,30.22,5,21.96
3437,47006,144548,24.34,19,35207,20.1,9,38.11
3438,28181,47166,45.12,2,21285,43.53,1,30.05
3441,31454,40040,28.28,12,11331,14.57,4,40.8
3443,67190,134012,64.01,37,85804,52.66,12,10.55
3444,4980,44997,48.89,17,22009,38.2,10,17.26
3447,5840,77449,58.92,13,45650,51.2,3,15.41
3450,72992,145681,45.78,55,66722,31.5,21,30.87
3455,44064,59851,29.34,23,17576,13.02,6,34.55
3465,4214,35330,66.1,11,23358,54.67,5,7.19
3466,28492,77892,46.14,26,35955,33.97,10,17.91
3467,1998,31107,62.68,11,19503,55.68,7,11.21
3469,191,22448,63.92,14,14353,42.15,6,1.47
3471,503,5000,45.04,3,2253,25.6,1,10.99
3472,1711,76274,57.36,24,43771,43.84,7,4.68
3473,260,23045,76.35,6,17600,68.06,3,1.54
3475,1778,1784,0,0,0,0,0,46.82
3479,37200,73026,40.68,18,29720,30.43,5,31.15
3481,998973,7989197,38.33,1035,3063647,33.7,413,24.94
3482,527,6521,44.4,4,2896,16.87,1,16.25
3483,52783,99049,22.44,24,22257,13.03,10,41.21
3484,47517,78828,31.24,21,24637,22.44,10,24.89
3485,7395,38501,52.44,19,20199,33.54,7,18.08
3489,3203,90452,73.53,17,66517,66.59,8,6.66
3490,34513,55006,17.15,8,9440,14.26,5,37.38
3491,72767,68805,36.07,30,24833,15.66,7,28.68
3492,2778,35532,47.32,5,16815,44.69,3,16.6
3494,18075,94800,61.53,12,58353,56.62,4,11.52
3496,206,21606,79.75,9,17233,70.52,5,1.93
3497,112,4588,33.29,2,1528,23.86,1,5.4
3498,55868,61273,48.4,14,29662,42.14,8,25.32
3499,41133,54971,44.1,13,24249,41.79,10,23.78
3501,12442,118258,47.81,22,56565,42.49,12,21.56
3502,283,9202,34.17,5,3145,12.4,1,6.87
3504,13329,114060,63.4,15,72335,60.24,9,19.66
3505,160,5429,87.89,1,4772,87.89,1,8.41
3506,606,8573,19.83,3,1701,0,0,18.33
3507,278,31800,87.08,12,27699,75.26,7,1.5
3508,67921,104312,44.39,30,46337,34.3,13,27.85
3511,9679,79973,54.21,7,43365,51.13,3,22.9
3512,4904,113072,72.2,31,81657,64.14,16,8.7
3515,14195,123544,68.94,18,85202,63.25,7,14.46
3516,3225,59561,77.07,18,45917,69.43,11,5.57
3517,665,5035,13.88,1,699,0,0,24.06
3518,29765,102467,36.3,29,37220,26.17,12,17.04
3519,65102,433985,50.73,48,220236,46.35,18,18.34
3520,48335,68847,38.25,15,26347,28.63,4,19.14
3521,39891,185766,81.6,16,151617,78.78,8,3.75
3522,28286,104096,56.91,27,59256,50.25,15,10.48
3523,7866,64258,83.37,13,53583,78.36,7,5.06
3524,301,20627,66.46,14,13714,39.39,5,2.68
3526,20252,67303,47.02,22,31661,28.21,5,16.85
3527,25214,44445,26.56,10,11814,20.06,5,26.48
3528,5487,66639,69.7,13,46461,62.59,5,11.65
3529,22649,74686,50.54,36,37762,30.06,12,8.32
3530,15877,77476,57.35,13,44440,53.68,8,22.94
3531,1839,61175,80.32,34,49153,60.77,15,4.92
3532,21555,387848,90.1,33,349552,87.16,14,4.85
3533,20399,112535,64.66,54,72788,45.11,20,6.18
3535,43613,79052,26.04,7,20595,25.1,6,39.65
3536,6381,52089,67.89,5,35374,65.11,3,11.35
3537,44881,56243,30.89,12,17388,23.54,5,37.97
3540,59448,84459,25.47,9,21536,21.85,4,34.05
3541,17911,56349,35.82,20,20192,24.84,11,18.96
3543,25175,110263,46.67,40,51480,33.11,16,12.78
3544,578,2444,0,0,0,0,0,40.71
3545,82426,222456,24.38,38,54271,17.35,12,40.31
3546,34336,58427,33.96,18,19857,23.07,7,29.23
3548,40598,67744,32.74,17,22195,22.91,6,33.61
3549,239,1481,0,0,0,0,0,29.8
3550,51383,107550,44.16,30,47515,34.24,14,24.46
3551,13368,62275,50.48,24,31453,34.23,8,27.0
3552,55162,97918,37.58,20,36811,32.42,12,31.46
3554,135,15858,87.29,1,13843,87.29,1,1.7
3555,4514,39999,79.4,8,31762,77.74,7,7.87
3556,64936,63703,15.82,4,10084,13.67,2,44.89
3557,20240,84315,60.55,19,51067,53.32,9,12.18
3558,12298,59061,51.03,10,30144,47.07,6,31.04
3560,194,20405,74.02,9,15107,59.92,4,1.64
3563,37679,63961,48.66,21,31136,35.09,6,25.44
3564,6510,59123,59.98,2,35463,59.98,2,19.29
3566,10580,419621,73.96,150,310433,60.69,57,1.15
3567,33763,33954,18.59,7,6322,7.93,2,35.02
3568,187,10063,72.35,5,7282,46.7,2,3.92
3570,2899,17097,53.92,4,9223,45.21,2,22.42
3571,416,3285,0,0,0,0,0,27.33
3572,331,11817,40.53,4,4792,25.66,2,4.69
3576,217221,1627795,38.6,181,628672,34.35,66,23.52
3577,4115,63966,66.63,25,42639,50.03,10,7.94
3579,6152,9580,74.12,3,7102,65.74,2,15.49
3580,41665,39471,13.26,7,5237,7.21,2,37.84
3581,6999,51006,60.1,16,30664,48.52,7,18.74
3583,30148,83859,62.62,28,52532,51.97,14,20.75
3584,21955,139767,25.24,29,35307,18.21,13,25.74
3585,15080,111679,40.33,14,45060,34.96,4,25.07
3586,88,2458,51.29,2,1261,0,0,7.36
3587,25812,71685,32.39,16,23228,21.81,5,36.52
3588,49474,61993,27.12,12,16820,18.63,5,34.01
3591,52278,145387,54.58,38,79387,47.49,21,19.31
3592,36561,75855,35.86,19,27229,24.48,5,31.88
3593,24656,60825,64.2,18,39063,50.01,4,9.52
3594,20268,95948,54.1,27,51928,42.14,10,17.43
3595,20126,33913,31.89,8,10820,26.32,5,26.46
3596,21659,220354,74.42,76,164015,62.54,33,9.54
3597,2253,39236,64.35,11,25254,56.92,7,10.74
3601,687,34887,52.62,9,18366,40.76,3,3.43
3603,689,24844,70.99,10,17641,64.91,7,4.73
3605,44232,175582,55.3,50,97132,48.07,29,20.82
3606,98,16847,77.4,11,13043,43.23,2,0.73
3607,47029,121662,32.81,35,39932,21.38,14,19.28
3609,7508,38419,53.43,18,20537,31.78,4,9.07
3610,1500,54015,79.65,4,43027,76.71,1,5.1
3611,4818,47555,58.21,13,27691,46.79,4,13.34
3613,1140,63436,66.67,28,42304,50.87,13,3.89
3615,43457,68467,30.72,12,21047,23.13,3,42.02
3616,3450,94650,43.02,36,40737,26.06,10,6.41
3617,7730,94766,66.97,39,63476,53.77,17,10.34
3619,164,7626,27.79,3,2120,15.73,1,4.99
3622,24689,151328,58.9,21,89164,53.69,9,16.56
3623,8399,29186,51.91,3,15154,48.24,1,23.6
3624,39668,117341,57.41,17,67382,51.88,7,25.63
3625,48023,114247,45.31,27,51781,37.35,12,19.93
3627,14082,30991,56.06,9,17376,50.03,5,11.97
3628,7592,45000,59.15,5,26624,56.02,3,17.01
3629,1734,32955,86.89,5,28637,84.01,3,2.97
3630,28123,204192,53.96,14,110218,51.09,5,20.23
3631,1815,81821,80.78,17,66105,74.51,8,4.11
3632,37337,40890,17.2,5,7039,15.58,4,45.98
3633,1885,34024,60.67,13,20648,46.15,5,10.1
3634,218,49600,82.97,13,41166,72.48,6,0.7
3635,398,5050,0,0,0,0,0,15.07
3636,503,6000,87.18,1,5231,87.18,1,4.38
3637,823,29749,77.46,6,23047,71.3,3,4.12
3642,18064,45869,63.39,18,29086,49.5,10,7.54
3643,403,47937,97.95,1,46958,97.95,1,1.03
3644,1885,83300,78.93,34,65761,69.97,20,2.95
3645,61733,136754,44.49,45,60881,35.85,25,27.82
3646,36407,39297,48.96,21,19248,19.97,5,8.75
3647,2944,2802,0,0,0,0,0,50.04
3649,275,10819,36.51,6,3952,0,0,4.85
3651,69,69565,95.9,12,66730,89.61,4,0.15
3652,3709,75098,72.16,13,54197,67.82,7,9.41
3653,57914,146733,70.61,44,103632,62.13,23,6.83
3656,3283,58249,77.46,6,45124,75.19,3,7.09
3659,627,54124,86.63,14,46895,80.86,8,1.98
3661,90176,86263,35.42,37,30581,15.77,10,23.91
3662,22523,183478,53.41,26,98010,48.89,11,17.55
3663,24461,108494,64.38,11,69864,62.51,7,21.36
3664,5791,75945,68.54,7,52063,66.77,4,7.3
3665,49333,195078,61.0,83,119008,43.63,32,8.53
3666,28654,138950,83.23,16,115676,80.08,9,6.2
3669,7998,92920,59.78,11,55568,54.68,3,17.39
3671,53,14500,87.86,7,12743,72.48,3,0.41
3672,21072,40790,55.86,20,22795,40.12,9,9.29
3673,84728,406664,41.82,72,170113,35.32,32,27.05
3674,405,17814,71.06,7,12661,65.86,5,5.17
3675,13693,53058,60.28,6,31993,57.58,3,20.72
3678,1025,26422,52.24,13,13807,35.64,5,6.95
3679,5002,63022,65.87,25,41523,54.01,13,11.74
3680,29632,96212,53.57,41,51561,38.19,19,23.36
3681,341,118704,95.08,6,112879,94.39,5,0.55
3684,6227,30310,59.49,9,18036,52.95,6,14.14
3685,12947,79574,60.93,30,48506,44.74,8,8.03
3686,62506,76495,21.73,14,16634,16.77,7,34.57
3687,36317,30124,37.33,6,11249,32.52,4,36.77
3688,3476,99176,67.87,11,67330,65.63,7,6.38
3689,33901,89509,26.74,24,23948,14.04,6,35.34
3690,1357,60356,89.17,6,53832,83.95,1,2.86
3691,13384,91883,58.15,15,53447,53.6,9,19.64
3693,28010,42991,43.02,10,18504,33.58,4,32.23
3694,14478,154929,58.45,20,90589,53.88,7,18.01
3701,49165,236669,73.15,22,173165,71.22,14,14.61
3702,91471,1751374,84.57,349,1481471,79.45,205,5.48
3703,34798,823216,72.61,107,597934,68.25,50,8.15
3704,41570,415445,66.85,86,277852,60.02,41,13.55
3705,26666,266423,68.95,73,183767,61.03,42,10.12
3706,200731,1327212,53.98,133,716627,50.58,65,22.81
3707,92352,400746,45.0,38,180426,42.12,21,31.72
3708,46536,92762,49.35,23,45795,40.51,9,24.84
3709,8635,145569,71.96,17,104779,67.25,7,8.88
3710,47302,287251,32.45,80,93257,21.99,27,16.08
3711,357505,4480369,86.65,796,3882587,81.33,419,5.71
3712,29603,246242,57.69,22,142092,55.74,15,18.57
3713,4216,88099,56.3,31,49610,43.86,11,7.87
3714,160893,737940,42.13,127,311053,36.21,55,25.19
3715,96909,283575,29.75,62,84421,21.47,26,41.62
3716,53682,149766,53.0,32,79410,46.34,15,22.16
3717,50233,211596,36.84,52,78002,28.22,22,23.26
4102,37664,42373,46.37,12,19655,33.55,4,14.77
4104,44659,188367,45.64,26,86008,40.06,8,25.07
4105,52127,248650,48.85,68,121535,39.4,32,17.54
4106,16393,100912,49.87,15,50337,46.03,8,21.52
4107,13542,69298,61.8,24,42839,51.97,14,12.48
4108,54853,198619,29.62,27,58860,23.57,7,23.01
4109,43724,118737,43.58,27,51778,35.83,11,17.46
4111,46424,59832,43.11,24,25803,32.55,14,16.37
4113,20218,231138,74.66,75,172629,63.49,33,4.86
4114,74259,510176,43.14,107,220186,36.52,48,15.08
4115,957,60000,75.8,16,45491,69.58,10,3.04
4116,4490,44566,54.95,3,24492,54.95,3,18.2
4117,6268,70824,54.36,25,38506,37.83,7,14.27
4118,202,29993,90.11,1,27027,90.11,1,1.25
4119,27059,119509,46.89,14,56051,44.29,9,17.85
4120,7629,86747,70.82,20,61453,63.85,12,8.93
4121,51560,83111,49.75,19,41368,44.44,12,23.75
4123,46727,769546,58.15,171,447657,51.07,81,11.91
4125,218,1934,0,0,0,0,0,29.72
4126,22579,72600,62.88,25,45667,53.53,14,15.64
4127,26559,45760,75.31,17,34471,63.0,8,7.46
4128,101699,588171,43.87,69,258146,39.77,26,16.0
4129,34136,96438,59.05,34,56962,47.79,14,10.91
4131,3521,39879,76.11,5,30361,72.24,2,5.55
4132,42832,187941,46.63,49,87674,38.33,23,11.76
4133,54402,60554,23.53,11,14255,18.53,5,40.13
4135,511,26465,65.43,14,17322,44.13,5,3.75
4136,95,36147,99.3,4,35897,97.87,3,0.34
4137,7511,82492,53.4,16,44062,45.22,5,15.33
4138,21315,39930,51.42,4,20535,51.42,4,25.41
4139,1206,45010,68.96,23,31043,48.02,9,3.3
4140,473,3039,0,0,0,0,0,30.87
4142,84694,429508,39.36,83,169153,32.02,33,21.86
4147,47545,273202,52.7,68,144000,43.55,28,13.51
4148,2285,67236,79.57,11,53503,78.16,9,5.78
4150,31390,147218,41.31,52,60840,27.13,15,9.45
4151,642,50026,78.35,13,39203,71.12,7,2.65
4153,5252,58668,76.49,15,44886,71.94,11,8.56
4154,894,38390,76.54,15,29389,67.1,8,2.88
4155,35389,144684,45.67,40,66103,34.87,15,16.52
4156,895,56540,71.87,14,40643,67.51,10,4.15
4157,32039,711834,59.03,117,420418,52.32,36,8.96
4160,34569,26690,29.63,3,7910,25.36,1,33.09
4161,5174,59808,44.32,24,26514,26.84,8,11.22
4162,47154,145678,45.8,22,66752,40.18,9,21.17
4163,25104,50680,70.43,22,35705,62.56,15,9.23
4164,19032,195311,50.84,53,99337,41.74,24,16.69
4166,3856,243035,82.78,27,201242,79.59,14,3.0
4167,56050,310444,41.58,76,129154,33.84,35,16.37
4168,50199,112521,27.59,26,31081,20.01,10,22.49
4169,4215,66432,53.79,22,35745,45.88,13,9.44
4170,6537,43771,58.45,15,25590,45.19,7,9.59
4171,38029,58057,33.53,11,19480,27.67,6,25.43
4172,24377,119576,39.0,25,46657,30.03,8,11.0
4173,30359,74574,44.17,6,32948,40.0,1,21.02
4174,42680,131580,41.97,32,55256,35.56,18,23.76
4175,11526,42323,56.05,7,23724,54.98,6,22.91
4177,2160,62805,59.03,17,37091,48.19,6,7.92
4178,4413,215867,77.58,44,167515,72.42,26,3.85
4181,1739,2129,0,0,0,0,0,59.38
4183,1197,23800,62.26,13,14823,42.83,5,8.81
4184,644,39183,92.03,1,36064,92.03,1,1.69
4186,4729,90000,46.13,36,41534,27.1,10,10.15
4188,4693,63333,54.31,12,34401,47.92,4,11.94
4190,16693,61450,66.33,12,40764,62.62,9,15.68
4191,2534,100170,63.05,31,63165,48.78,9,5.61
4192,4660,35164,68.18,3,23978,66.6,2,13.63
4193,5426,67616,49.22,25,33296,33.69,6,3.85
4194,3297,145974,76.72,24,112001,73.12,14,5.18
4195,28484,80000,38.21,23,30586,30.21,13,16.18
4197,2271,30181,65.77,21,19854,40.26,7,5.39
4198,2674,24108,81.52,4,19655,77.46,3,6.25
4205,11033,97649,66.37,33,64841,58.94,21,14.51
4207,8654,198538,73.12,54,145213,63.7,23,5.41
4303,35801,94605,19.13,10,18123,12.45,1,35.67
4304,3534,61038,81.77,15,49918,74.64,7,3.84
4305,1700,55014,84.73,26,46626,74.81,19,4.33
4306,90464,676757,57.36,109,388306,51.88,44,10.18
4401,12715,122692,61.44,48,75409,46.85,23,8.87
4402,41398,67992,65.7,17,44681,59.85,10,7.92
4404,7877,112266,35.75,25,40161,26.92,7,14.69
4406,1563,51912,76.02,20,39471,60.54,7,3.58
4408,4014,67628,35.74,14,24182,30.37,8,12.66
4413,1656,31315,69.31,15,21709,52.61,6,4.81
4414,22883,263796,64.08,48,169100,56.72,17,9.23
4415,4360,43577,85.04,11,37066,76.68,5,6.77
4416,2371,73586,72.73,33,53539,61.08,19,5.77
4417,8472,83971,45.82,19,38501,37.08,7,16.98
4419,5207,169163,96.84,7,163851,95.08,3,0.7
4420,8121,40455,59.08,8,23906,54.11,4,23.17
4424,2554,59853,66.58,16,39856,62.31,11,5.5
4426,9641,172677,61.92,33,106963,54.12,12,10.34
4427,967,212542,87.41,55,185828,78.71,24,0.93
4430,8693,56274,64.11,21,36081,53.29,11,16.09
4431,2134,36536,68.1,4,24885,62.71,1,11.31
4432,4951,50589,55.26,12,27961,45.45,4,11.91
4433,10171,61300,57.06,11,34991,52.24,6,16.49
4438,4519,113425,66.45,39,75394,50.12,10,6.96
4439,1198,38116,78.4,14,29887,69.69,9,4.87
4440,3912,67598,56.71,45,38345,27.2,11,12.71
4441,2186,68176,72.02,28,49110,58.9,13,4.61
4442,796,32428,77.08,19,25002,42.68,4,3.3
4502,3870,57470,69.36,14,39874,56.31,3,5.87
4503,7382,78313,64.25,12,50324,59.81,6,14.44
4506,11271,177012,80.56,29,142654,74.19,11,8.26
4510,60222,108978,36.51,19,39813,30.63,7,35.23
4513,44524,143762,57.18,16,82228,53.23,5,15.79
4523,35818,64949,59.74,18,38809,51.85,9,13.42
4526,60737,254826,49.02,61,124953,41.83,33,24.76
4527,4469,76152,66.76,25,50847,61.74,18,10.06
4528,13556,84166,62.33,13,52473,58.69,8,19.12
4529,8842,84549,58.72,14,49670,52.78,5,12.09
4530,7309,35795,72.77,6,26058,64.46,1,6.0
4532,20117,494895,70.01,90,346616,65.07,54,8.19
4533,68472,158434,29.63,24,46990,23.81,9,35.63
4534,19868,86789,41.77,23,36270,31.0,8,20.61
4535,7159,75662,77.47,21,58634,69.69,12,4.75
4536,7339,90820,58.02,46,52717,37.17,14,12.39
4537,2171,78840,82.01,16,64675,76.99,10,4.3
4538,1681,59470,80.42,15,47834,71.59,7,3.88
4540,40673,115187,31.16,20,35923,26.46,12,40.57
4541,43499,67647,41.32,20,27961,29.64,9,26.4
4542,5686,35317,51.71,21,18269,21.0,5,17.68
4543,22223,59772,46.41,13,27750,42.06,9,23.59
4544,1578,60290,67.5,20,40700,49.87,2,1.89
4545,21859,77000,72.85,8,56111,69.35,4,9.46
4546,1076,33775,65.93,11,22275,59.84,8,5.0
4547,302,23349,84.76,7,19792,72.34,2,2.65
4549,7493,57002,62.53,14,35648,58.74,10,17.07
4550,3209,37839,55.79,11,21122,49.03,7,14.82
4551,4900,115222,82.79,31,95406,77.3,20,5.01
4552,28547,116000,50.53,21,58631,43.31,7,12.03
4553,464,33020,86.96,14,28719,77.0,8,2.3
4554,2401,26327,52.18,7,13739,50.62,6,14.49
4555,4065,69988,70.24,14,49170,65.67,8,10.15
4556,3067,42303,74.87,11,31678,70.51,9,8.94
4557,27607,47972,43.03,22,20649,25.25,8,12.25
4558,1603,50000,72.97,32,36490,50.21,13,6.35
4559,662,60000,87.93,17,52766,79.9,10,2.02
4560,2467,68097,86.25,12,58746,83.73,9,3.4
4561,8697,58522,58.35,12,34158,52.18,7,24.41
4562,12020,87546,52.04,12,45571,49.92,9,28.28
4563,6483,54950,54.26,11,29826,49.6,7,21.45
4564,48782,232788,40.94,52,95363,34.61,27,21.14
4565,1440,61740,79.92,24,49351,66.05,12,2.42
4566,25268,110093,54.93,26,60509,48.38,14,23.91
4568,1619,32045,68.34,8,21903,61.91,4,7.39
4569,2008,30600,66.16,11,20253,52.36,5,7.56
4570,201,44000,95.01,16,41810,87.56,12,0.59
4571,6589,53017,66.29,21,35158,55.65,11,16.14
4572,3472,40019,64.17,11,25682,61.89,9,9.34
4573,10483,45697,46.9,15,21433,34.65,6,22.5
4575,762,38668,68.76,17,26599,53.76,8,3.26
4576,25111,119802,65.75,30,78785,60.32,20,18.66
4577,7324,49138,60.31,9,29643,55.74,5,23.4
4578,691,20300,97.0,3,19693,92.28,2,1.48
4580,5077,46803,49.38,18,23122,35.67,10,18.5
4581,1649,33899,62.95,15,21344,46.35,8,8.7
4582,2588,75480,56.31,26,42517,45.32,12,7.23
4583,6947,80171,86.13,10,69070,81.82,4,4.48
4584,1072,30002,80.09,13,24034,69.26,9,4.37
4585,18791,105664,75.93,3,80246,75.38,2,16.47
4587,968,33000,88.23,5,29117,88.23,5,3.08
4588,5263,42985,50.32,15,21639,37.45,8,21.5
4589,609,26039,70.32,12,18316,45.23,1,3.78
4590,10088,54838,48.93,20,26842,35.82,9,15.61
4609,1747,47947,76.2,24,36546,64.56,15,3.87
4702,14242,72333,51.02,9,36912,46.49,2,23.02
4703,9147,65750,26.15,7,17207,22.6,3,26.94
4706,2130,79030,82.11,14,64911,77.31,8,2.43
4707,28322,403715,71.19,59,287520,66.24,29,8.53
4711,7558,61056,60.0,10,36643,53.42,4,15.75
4712,3612,18423,45.99,2,8473,43.69,1,17.23
4714,53851,221838,28.74,34,63789,21.88,9,22.73
4716,43351,94427,37.96,26,35860,29.67,13,21.78
4717,1000,155,0,0,0,0,0,99.98
4720,13745,114516,38.3,23,43882,35.16,16,24.71
4721,57414,74986,33.94,15,25461,28.03,7,38.85
4722,14233,104139,58.39,43,60826,45.1,20,11.32
4724,3081,95976,58.99,27,56639,46.35,8,7.56
4726,12806,207042,57.93,41,119986,50.27,14,12.43
4727,349,7278,18.79,3,1368,0,0,8.58
4728,16806,54463,84.49,36,46026,65.91,19,2.27
4729,7431,79227,50.88,11,40328,46.43,6,18.7
4730,1063,27868,69.84,13,19466,57.91,7,4.79
4732,1581,49644,66.69,30,33113,46.67,13,6.45
4734,371,10237,14.95,2,1532,0,0,6.16
4735,37660,41569,53.37,15,22189,42.94,8,19.41
4736,13839,95374,50.9,17,48570,44.86,8,22.69
4737,10971,77403,62.11,26,48090,48.89,9,6.0
4738,3482,77596,58.59,7,45477,54.05,1,11.0
4739,56090,124700,39.62,28,49418,30.2,9,27.56
4741,12547,34812,48.4,10,16852,40.07,5,16.04
4743,81014,480533,45.68,74,219596,40.89,33,17.4
4744,33268,56948,51.69,25,29446,35.2,11,12.03
4745,3192,69706,63.61,25,44345,55.27,15,7.6
4746,43384,120256,41.38,38,49794,31.33,18,20.97
4747,2127,45461,65.07,22,29593,50.31,11,6.42
4749,59494,92733,32.79,22,30431,24.79,10,33.42
4752,1065,84397,89.58,6,75611,86.99,2,3.03
4754,23037,30283,36.69,6,11112,28.46,3,24.16
4755,8647,100706,68.75,15,69259,64.98,9,12.11
4758,396,29217,92.13,6,26925,84.79,2,1.23
4760,10975,32218,37.97,8,12239,34.95,6,24.51
4762,139,20720,99.67,8,20653,97.29,7,0.25
4763,54498,989147,60.58,114,599434,56.43,48,10.92
4764,7806,85542,76.01,26,65026,68.92,16,9.3
4765,912,32133,55.16,16,17731,39.21,6,5.87
4766,11095,120571,69.68,27,84030,62.1,13,9.5
4767,896,31415,64.07,12,20134,46.9,5,4.81
4768,16043,47488,34.01,16,16163,19.49,4,29.77
4770,9445,79976,64.35,24,51480,59.68,18,13.85
4771,4157,58761,59.59,23,35029,45.5,9,9.77
4772,32760,147682,48.57,25,71769,41.67,9,24.23
4773,228,72709,94.99,14,69091,92.29,11,0.25
4801,784,47201,98.7,2,46594,97.82,1,0.23
4802,296,18854,87.92,2,16579,85.36,1,2.38
4803,5714,59069,57.43,8,33936,55.13,6,14.8
4804,30103,71992,62.0,11,44648,54.88,3,10.09
4806,18070,99947,88.92,10,88883,85.88,4,2.09
4807,14461,48996,68.19,16,33420,63.32,12,8.97
4903,46812,105344,42.09,12,44356,36.69,2,31.64
4904,86147,3607705,93.56,378,3376334,90.92,232,2.55
4905,1983,29260,81.67,18,23903,63.71,10,5.86
4906,91995,451846,28.81,88,130294,22.2,40,30.26
4907,2895,118146,85.31,9,100804,83.76,6,3.51
4908,33368,78217,54.74,21,42833,44.3,10,25.97
4909,63682,93357,26.93,15,25162,22.92,8,41.47
4911,3485,63720,57.57,19,36698,46.73,8,8.27
4912,25864,66993,50.89,24,34102,36.98,7,14.69
4913,475,9667,25.75,3,2490,0,0,11.98
4914,226,10000,77.04,5,7705,61.66,2,4.01
4915,31814,471881,62.54,126,295182,54.19,67,14.45
4916,75550,124083,27.85,20,34579,22.18,9,44.24
4919,72498,452398,62.59,48,283257,58.91,21,23.34
4920,107,41779,93.69,6,39149,86.74,1,0.35
4922,4559,44958,25.44,12,11446,11.8,2,17.24
4923,30670,37373,37.73,15,14110,23.32,6,20.43
4924,1474,37164,70.31,18,26140,50.84,8,6.25
4925,5242,70746,48.53,31,34347,30.98,10,12.58
4927,60793,264938,24.82,65,65830,14.86,22,27.63
4929,384,234,0,0,0,0,0,38.45
4930,33756,80000,63.64,13,50927,58.71,7,17.96
4931,61862,65566,28.79,21,18895,13.24,4,46.06
4932,311,2020,0,0,0,0,0,40.02
4933,5782,82663,63.79,12,52740,59.71,6,12.78
4934,70563,225000,34.82,23,78386,29.91,6,23.83
4935,7968,128864,62.74,26,80872,56.92,14,13.5
4938,154159,2682044,78.1,401,2095032,73.78,220,10.12
4939,63510,98201,36.95,24,36298,28.76,9,35.05
4942,6694,142368,62.25,40,88663,54.59,22,10.59
4943,22046,126694,63.99,26,81089,53.37,6,14.31
4946,8327,8853,42.58,1,3770,42.58,1,36.47
4949,10658,67764,52.88,28,35845,41.07,13,20.27
4950,6658,57729,72.92,5,42109,68.13,1,6.16
4951,11238,34149,19.92,8,6807,4.48,1,33.62
4952,15119,108816,52.65,10,57308,47.79,2,25.82
4953,34322,73147,46.58,17,34092,37.89,7,23.46
4956,42231,100408,38.16,19,38333,33.4,10,33.55
4958,201626,1116819,73.19,235,817625,66.66,121,14.66
4960,89703,571705,62.83,91,359361,57.77,48,15.27
4961,41889,121254,43.69,28,52988,35.09,12,28.91
4963,445,75455,83.64,9,63121,82.03,7,1.43
4966,30598,78958,35.16,26,27777,20.29,8,27.87
4967,66042,98566,20.2,20,19938,12.21,7,49.98
4968,56787,92210,16.7,14,15410,10.21,4,46.74
4969,11532,190978,55.64,56,106296,44.91,23,6.88
4971,34657,47186,46.48,23,21939,24.31,4,26.42
4972,15543,56889,49.7,21,28281,36.54,10,24.37
4973,49910,65293,25.26,15,16512,15.7,4,42.44
4974,43040,72500,41.71,6,30253,39.73,3,29.76
4975,1025,326577,96.31,11,314557,95.92,8,0.73
4976,45473,141351,28.61,13,40473,24.31,5,36.22
4977,47708,82690,19.88,14,16456,10.73,2,48.7
4978,67,5000,82.32,1,4116,82.32,1,2.2
4979,91686,142820,38.74,44,55346,24.42,10,40.56
4980,2371,45204,58.12,14,26282,50.4,7,10.92
4989,43321,172776,36.75,24,63523,31.25,8,39.91
4990,3285,102727,53.4,32,54862,43.96,17,7.94
4991,57128,121338,52.94,36,64265,42.85,15,26.01
4992,1034,210050,82.08,38,172445,76.89,22,1.01
4994,2153,66383,86.12,30,57189,78.99,22,3.17
4995,5110,42592,66.78,21,28449,51.66,11,8.37
4996,784,99070,77.8,37,77094,65.91,19,0.92
4997,272,14665,42.96,8,6303,17.41,2,3.49
4999,46460,74417,41.14,25,30625,27.29,10,26.06
5006,14031,97046,10.21,8,9917,7.8,3,21.31
5007,4908,294940,87.75,44,258899,84.66,28,1.96
5009,81589,602471,48.73,100,293695,44.27,52,18.12
5011,33689,100674,49.76,32,50117,40.31,16,14.82
5013,9024,133416,87.3,44,116503,80.89,31,2.37
5014,52281,183265,37.89,51,69470,27.41,21,19.88
5015,26638,60639,51.99,19,31540,42.18,9,19.99
5016,2695,49622,65.97,15,32747,59.95,10,10.15
5017,6864,319,0,0,0,0,0,82.11
5201,13581,38675,57.42,18,22216,36.64,7,10.19
5202,43851,89094,53.05,12,47271,48.71,7,17.48
5203,31655,79343,45.42,19,36059,34.82,6,18.08
5204,1376,6289,18.82,1,1184,18.82,1,20.58
5205,1741,13500,74.44,2,10051,71.26,1,7.86
5206,3655,171518,85.22,32,146205,79.43,15,2.99
5207,2909,15834,38.6,8,6114,14.82,2,12.01
5209,4174,28663,55.53,4,15919,53.49,3,18.4
5210,39114,82178,47.18,19,38788,39.56,8,12.55
5211,7618,32025,47.96,12,15361,40.88,7,23.85
5212,10018,34633,79.61,16,27576,66.95,9,6.31
5213,21259,721334,86.27,81,622444,84.34,57,4.49
5215,5401,64338,53.23,22,34256,42.71,11,16.09
5216,401,17847,82.4,11,14710,57.64,4,2.85
5220,7671,39667,44.56,20,17685,19.61,5,16.64
5221,347,5573,11.3,1,630,0,0,15.82
5222,33170,91125,32.2,24,29364,22.68,10,27.2
5223,2753,44550,62.27,12,27754,54.29,7,13.26
5225,8302,79136,46.19,12,36566,39.3,4,20.01
5226,400,23300,52.74,11,12293,31.51,3,4.34
5227,58978,96000,29.23,23,28089,19.06,8,27.37
5228,3498,38056,56.36,14,21455,44.94,6,15.65
5229,129,58238,96.46,13,56185,89.33,6,0.41
5230,29748,56304,25.47,18,14347,10.27,4,31.22
5233,3000,277249,85.35,23,236705,82.42,10,2.36
5234,11314,102716,65.36,20,67150,58.51,8,9.85
5236,6706,60004,61.79,5,37084,60.89,4,15.12
5238,692,67296,83.45,15,56167,78.59,9,2.2
5239,601,24700,30.08,8,7434,16.98,3,5.26
5240,514,26582,53.83,16,14312,30.32,5,2.69
5242,1115,124895,72.3,45,90323,58.6,18,1.89
5243,30753,168529,56.52,29,95301,49.78,11,20.94
5244,9733,68242,46.62,30,31835,28.99,11,18.92
5245,3902,45127,57.84,18,26109,40.69,7,16.35
5246,8653,44974,34.12,10,15347,26.94,4,27.26
5247,510,75000,75.94,12,56961,68.74,5,1.45
5248,1851,24500,58.89,5,14432,56.84,4,14.74
5250,209,39107,97.08,1,37967,97.08,1,1.0
5251,35403,33733,33.43,4,11286,29.21,2,39.55
5253,224,40943,81.05,20,33194,58.2,5,0.96
5254,675,22607,75.68,8,17112,70.33,6,5.02
5256,1872,71602,69.66,25,49898,61.23,15,4.55
5257,809,132750,79.64,27,105735,73.71,13,1.25
5258,25262,110365,52.11,40,57526,38.32,15,15.57
5259,2364,43563,82.07,8,35759,74.45,3,5.69
5262,8007,52699,55.98,25,29509,31.97,5,6.0
5263,26582,73937,56.35,32,41684,43.9,15,12.33
5265,123,1207,0,0,0,0,0,22.11
5267,1307,25300,62.14,13,15723,46.59,5,8.5
5269,35587,74157,59.33,12,44006,54.51,6,23.48
5271,8542,63472,29.52,13,18750,20.52,4,24.33
5272,45702,55276,22.28,13,12326,10.26,3,36.34
5274,57264,37803,33.77,13,12774,19.46,3,12.82
5275,144,10264,30.86,6,3169,0,0,2.11
5276,941,39500,88.24,6,34861,85.29,4,4.17
5278,4305,300000,82.71,69,248208,77.77,45,2.63
5282,278,25006,85.81,10,21463,59.25,1,0.6
5283,27557,87601,60.95,23,53399,52.93,13,20.08
5284,9399,52893,54.39,11,28778,48.96,7,18.68
5285,12358,102041,62.73,36,64034,50.52,18,18.96
5286,910,14745,79.97,6,11795,69.95,4,4.81
5287,9752,60311,59.12,22,35672,46.97,10,21.03
5288,2908,69699,69.13,15,48199,59.82,4,6.89
5289,66143,96412,34.89,31,33662,21.83,10,28.28
5291,5385,41891,45.98,23,19270,18.7,4,21.21
5292,7675,42108,50.84,15,21418,40.29,8,17.79
5294,60,82,0,0,0,0,0,86.86
5295,156,29140,86.34,15,25168,71.08,8,0.75
5296,469,21595,35.92,7,7760,27.24,4,5.13
5297,8792,37652,19.09,9,7194,10.5,3,35.87
5299,17054,51065,51.82,11,26467,44.83,5,26.68
5301,4030,65890,80.68,11,53173,73.88,4,4.92
5302,13100,159888,51.51,22,82392,45.96,7,17.47
5304,32308,326962,88.1,23,288108,86.33,13,6.18
5306,12107,126001,69.54,23,87648,64.41,11,12.09
5307,35135,423111,41.17,93,174256,32.18,31,16.03
5309,70936,231654,35.4,39,82082,28.5,12,33.72
5310,7149,28944,58.79,15,17023,38.38,5,6.32
5312,5898,60060,55.68,17,33448,50.73,13,13.66
5314,54552,292000,39.94,37,116691,36.21,19,29.39
5315,51162,106352,31.01,27,33003,22.36,12,22.4
5321,7975,59543,62.0,23,36932,48.07,9,11.46
5324,21184,226379,80.15,48,181473,73.86,25,4.85
5325,20400,55476,33.47,8,18575,27.53,3,38.1
5328,78047,172711,39.86,18,68871,35.46,6,39.9
5336,2958,2217,0,0,0,0,0,68.85
5340,25377,194894,61.82,35,120526,53.53,8,19.91
5344,6765,79447,75.59,7,60066,73.54,4,10.74
5345,6385,37795,78.88,2,29814,78.88,2,7.21
5346,263521,1366161,37.68,305,515112,28.06,89,20.13
5347,116194,1879568,84.07,248,1580485,80.83,148,8.23
5348,1835,14776,53.12,5,7851,40.79,2,9.56
5351,115550,328771,31.01,60,102039,23.03,21,33.5
5353,6476,75765,54.77,29,41509,37.82,10,13.49
5355,32576,166123,70.43,44,117024,62.62,25,7.11
5356,53128,103040,44.55,24,45913,39.59,16,22.42
5364,7359,63850,70.32,14,44910,61.31,3,5.9
5371,107727,390981,41.24,50,161298,37.33,23,34.21
5372,5393,48616,23.56,13,11457,12.4,4,24.4
5376,3809,33702,33.73,9,11370,23.84,3,17.24
5381,27263,207691,55.44,31,115177,48.23,9,18.49
5385,8314,11156,23.82,2,2658,18.19,1,43.93
5386,28380,36081,34.31,5,12385,28.28,2,39.32
5387,141651,45000,91.32,2,41101,90.18,1,7.18
5388,31879,304343,54.28,107,165286,42.94,51,18.28
5392,66760,176562,34.73,20,61349,29.24,5,33.11
5395,2242,1759,0,0,0,0,0,41.07
5398,41359,49465,58.04,19,28724,45.9,10,7.81
5403,9521,78176,47.55,35,37189,31.09,13,19.0
5410,56977,93369,35.09,21,32788,27.13,9,28.83
5414,5079,68584,59.71,20,40963,48.1,7,10.26
5425,104151,263485,38.63,45,101815,33.13,23,38.65
5426,35660,143800,55.88,22,80400,53.49,17,21.44
5432,5516,20688,54.1,4,11196,51.4,3,28.49
5434,30693,194008,54.43,73,105642,38.74,26,14.07
5438,37955,112537,75.2,10,84641,74.38,8,9.99
5439,34250,92977,39.46,27,36707,30.59,15,29.43
5442,4829,64815,20.65,12,13387,14.61,5,16.17
5443,66740,164747,38.41,19,63302,33.66,6,36.37
5450,11774,122403,81.35,11,99587,79.37,7,5.64
5452,69681,148764,41.48,19,61735,37.73,9,30.19
5455,3442,65502,93.99,25,61570,89.0,20,1.59
5457,17407,196429,52.2,29,102568,48.44,17,17.44
5460,31594,58778,55.45,29,32604,35.2,11,15.78
5464,4373,71071,73.56,26,52286,61.57,13,7.47
5465,7874,147683,72.23,17,106684,68.79,8,11.17
5467,1835,85552,86.4,11,73931,82.8,6,2.84
5468,5932,58923,66.27,13,39066,60.52,8,13.42
5469,37745,486166,71.63,80,348349,65.94,38,12.5
5471,67302,167877,28.3,38,47553,19.87,16,37.44
5473,2485,3037,0,0,0,0,0,78.14
5474,7982,39757,56.66,8,22534,48.5,4,26.59
5475,50866,127127,44.31,26,56354,38.67,14,33.64
5478,41110,156074,79.55,30,124209,73.08,16,9.5
5481,42283,71403,65.42,22,46729,55.53,11,8.0
5483,128648,641222,64.51,164,413785,56.08,80,18.26
5484,33800,66801,37.93,11,25350,34.06,7,37.19
5487,7147,24223,71.34,15,17284,47.78,7,7.34
5488,41445,91586,45.91,31,42056,34.73,14,17.51
5489,3189,102706,85.38,14,87704,82.62,8,4.22
5490,69387,96152,37.11,26,35696,29.75,13,22.93
5492,1373,71414,98.66,1,70463,98.66,1,1.03
5493,5636,43689,43.86,17,19172,24.9,4,19.62
5497,4838,65325,26.18,14,17118,15.56,4,16.91
5498,69887,193549,35.06,27,67888,29.39,9,37.95
5501,6090,21200,28.1,4,5959,24.3,3,20.14
5505,5922,138832,65.62,47,91129,50.91,15,7.0
5506,7580,152545,66.77,34,101882,58.45,12,6.12
5508,18746,217428,68.53,18,149017,65.91,8,14.73
5511,5760,113440,66.28,35,75216,56.69,18,8.45
5512,78519,766312,61.87,158,474268,54.96,73,9.07
5514,10408,236118,92.42,51,218273,87.52,32,1.2
5515,11680,201600,70.02,57,141211,61.54,29,7.96
5516,1807,51545,69.43,14,35800,60.51,7,4.69
5519,17578,219197,57.17,42,125366,51.35,20,16.84
5520,1220,59975,83.75,23,50242,73.58,12,2.2
5521,63642,492280,58.28,100,286994,51.8,47,10.26
5522,17396,781596,89.14,61,696846,86.45,29,4.07
5523,2594,155001,92.25,31,143035,88.99,23,1.4
5524,3911,58667,30.78,22,18070,11.6,4,16.07
5525,4779,318105,88.45,69,281427,84.19,49,2.06
5529,11444,105769,74.11,21,78410,67.76,10,4.6
5530,12338,420084,82.65,49,347260,79.34,26,4.66
5531,14837,977589,86.15,85,842299,83.51,41,3.15
5532,820,17804,31.03,8,5527,5.88,1,4.85
5533,5621,285245,80.62,79,230014,70.96,34,3.41
5534,22471,315326,69.43,84,218988,60.12,42,11.39
5536,26433,124081,59.69,63,74097,37.77,18,10.82
5538,1282,201203,94.09,21,189364,93.07,18,0.91
5541,86,26427,82.05,10,21689,76.05,7,0.26
5543,1072,46704,72.88,29,34051,46.24,9,2.75
5546,1341,82353,84.61,18,69692,77.84,9,2.49
5547,1353,45288,65.82,13,29820,54.69,6,5.07
5548,2378,58529,64.61,17,37834,58.65,12,6.18
5601,865,64800,79.71,44,51674,47.23,11,1.16
5603,29905,104877,54.35,21,57018,49.8,13,18.43
5604,10979,108783,67.1,46,73008,52.78,21,7.01
5607,17641,370553,75.8,61,280961,69.18,22,6.41
5608,89932,389276,28.35,55,110395,22.51,18,30.36
5609,37803,142884,52.65,46,75251,47.01,32,22.97
5701,51768,143000,54.11,20,77405,49.21,8,16.55
5702,1937,5294,0,0,0,0,0,45.88
5703,1968,70240,88.29,25,62024,83.83,19,3.48
5704,3514,58862,83.89,23,49391,79.45,19,7.13
5706,28370,83768,38.35,13,32141,34.31,6,31.49
5810,48651,916440,72.87,99,667976,68.98,39,7.71
5859,3593,1450278,96.83,47,1404554,96.15,31,0.51
5863,27013,320202,81.43,44,260799,77.08,23,5.16
5864,14030,454496,67.85,106,308451,58.65,43,5.83
5871,111737,1711421,71.08,362,1216759,65.2,202,10.17
5871A,8160,150000,69.07,45,103639,60.11,25,5.03
5876,50046,4861603,88.18,812,4288195,82.69,371,1.43
5878,1799,25024,72.36,13,18111,54.25,6,11.61
5880,406676,15680937,74.62,1769,11703271,70.7,726,4.63
5901,5003,22907,77.87,2,17837,77.87,2,8.64
5902,2580,94500,85.62,16,80921,81.71,10,3.56
5903,17377,223220,91.42,26,204109,88.19,16,5.36
5904,33355,106444,69.42,46,73914,54.11,20,9.64
5905,45802,281623,47.72,47,134444,40.71,16,16.24
5906,976,35741,86.27,9,30838,82.48,7,1.87
5907,5538,195531,69.27,28,135476,64.13,12,6.65
6005,113763,2170908,71.58,281,1554253,67.88,153,8.38
6015,73200,403665,49.41,88,199505,42.09,40,12.11
6016,77440,686596,50.69,134,348237,43.88,56,10.91
6020,1914,252353,96.73,10,244135,96.08,8,0.83
6021,4168,312231,90.42,47,282356,86.8,28,1.56
6023,14685,319976,85.84,23,274748,83.09,8,4.81
6024,16980,249938,69.19,32,172982,63.8,9,10.87
6026,44081,396162,49.27,88,195269,40.76,35,10.84
6027,828,155720,95.65,10,148962,93.79,6,0.47
6028,1656,25000,64.58,12,16148,50.64,5,9.02
6035,2278,71446,93.91,20,67109,83.87,9,2.17
6101,3489,116602,88.09,41,102738,78.88,26,4.16
6103,3156,13605,91.25,5,12415,83.83,3,4.25
6104,56605,91129,18.38,16,16766,11.0,5,43.87
6107,5295,87438,40.93,17,35809,34.67,8,13.79
6108,60355,154494,53.01,41,81939,44.12,19,15.21
6109,34097,87825,50.35,33,44241,38.67,18,12.13
6110,2632,29369,18.42,7,5412,7.18,2,14.24
6111,45631,108511,44.75,23,48589,40.46,16,24.28
6112,34103,188357,58.51,13,110244,55.65,5,21.07
6113,8272,52549,53.15,8,27935,52.17,7,20.8
6114,5391,43912,72.79,8,31970,65.48,3,8.85
6115,14167,187662,61.37,30,115227,56.68,17,16.49
6116,374965,2858655,42.78,197,1223515,40.36,80,26.1
6117,14197,92587,54.21,14,50204,49.06,7,24.74
6118,9020,90890,56.74,16,51593,51.7,9,19.31
6120,59967,599000,60.32,82,361417,55.4,33,12.62
6121,18958,184971,66.74,81,123510,49.71,31,10.85
6122,35663,78092,30.99,19,24216,21.92,9,27.94
6123,10374,62089,43.34,20,26920,33.39,9,20.7
6124,9020,182480,93.72,18,171063,92.31,14,4.36
6125,90976,259011,36.04,33,93396,31.57,15,35.03
6126,71026,130178,36.14,23,47072,30.7,12,32.45
6127,74017,108080,23.54,20,25461,17.69,9,47.82
6128,7530,127589,59.43,26,75868,54.43,16,11.41
6129,75513,180944,17.06,16,30890,14.04,6,37.27
6130,29400,46300,63.12,15,29236,48.44,6,7.93
6131,5937,34793,41.17,9,14331,29.61,3,17.04
6132,4750,63797,35.48,25,22649,15.67,5,15.88
6133,22857,117006,45.89,18,53719,42.95,12,24.65
6134,17918,81882,54.27,17,44448,48.03,8,19.11
6135,7559,76189,38.43,12,29285,34.25,6,13.35
6136,45301,115536,46.35,35,53570,34.45,13,19.69
6137,11238,101358,38.79,29,39331,26.67,9,15.26
6138,30063,75636,47.73,25,36122,32.6,7,22.17
6139,47828,235576,65.68,79,154788,52.2,28,14.49
6140,9834,54898,46.37,17,25472,34.47,7,26.7
6141,15777,113354,53.44,41,60594,40.78,20,15.54
6142,49219,330779,59.22,56,195942,51.3,14,10.62
6143,55473,86059,28.57,19,24595,17.65,4,42.22
6144,1483,38274,89.55,3,34277,89.55,3,5.34
6146,20788,101867,54.82,28,55867,43.12,10,14.48
6147,156763,744594,65.02,132,484324,59.88,72,21.96
6148,27860,46604,36.1,8,16833,33.68,6,33.77
6149,3072,31880,39.03,7,12445,35.09,5,15.82
6150,40158,48346,16.16,7,7819,12.01,3,45.2
6151,19128,55257,36.67,19,20277,22.49,7,22.83
6152,41235,167738,24.19,31,40601,15.91,9,26.4
6153,80870,636178,46.74,99,297465,40.91,37,17.71
6154,10764,80080,63.28,21,50686,54.44,10,16.28
6155,15417,88024,55.01,22,48433,49.14,14,26.89
6156,38276,107875,39.81,23,42978,32.98,10,22.34
6158,36402,55698,42.47,15,23666,34.13,9,21.28
6160,45133,68489,38.48,16,26367,29.69,7,25.43
6161,23207,56237,39.38,5,22157,35.28,1,25.44
6162,3801,79762,52.0,24,41486,43.9,13,10.11
6163,47430,148839,42.5,34,63293,34.17,15,25.67
6164,46435,80000,22.86,17,18308,13.78,5,31.69
6165,41381,77753,47.5,25,36949,36.75,13,13.3
6166,11897,217958,77.39,57,168744,68.24,28,6.63
6167,29132,146000,42.85,32,62573,35.8,16,18.77
6168,35234,205762,45.04,18,92697,43.76,13,27.5
6169,40812,23395,30.91,4,7235,26.44,2,30.17
6170,33393,97260,57.05,20,55512,53.33,14,17.79
6171,2371,100000,87.63,23,87639,78.37,10,2.98
6172,1899,30000,91.42,9,27428,85.37,7,5.51
6173,54139,171200,65.26,28,111740,58.21,11,22.28
6174,9560,50000,64.28,15,32146,56.73,8,18.73
6175,23045,150122,61.21,24,91916,55.24,9,24.98
6176,72323,465027,47.74,142,222125,37.74,66,24.78
6177,20582,471891,76.17,130,359516,66.97,64,6.44
6179,49889,177325,40.92,47,72583,30.26,18,18.18
6180,57862,175494,50.28,33,88280,45.66,20,28.37
6181,3942,45627,12.13,6,5540,7.16,2,16.57
6182,203805,635460,38.49,93,244684,34.42,53,36.08
6183,37253,150000,77.43,32,116171,71.06,17,5.64
6184,7679,162128,72.4,30,117409,67.84,18,8.74
6185,46465,149868,52.25,45,78329,40.08,16,14.11
6186,57886,194908,52.18,33,101726,46.6,16,13.76
6187,61871,98263,51.54,46,50669,34.49,18,21.11
6188,68841,278359,42.64,42,118740,35.96,11,30.86
6189,64124,263919,34.05,67,89916,24.06,30,27.71
6190,60619,195821,36.76,45,72045,28.73,19,36.59
6191,82489,499303,57.38,53,286571,53.55,22,22.69
6192,8161,96156,56.65,37,54486,45.47,20,12.51
6193,8874,177808,61.36,38,109151,56.66,25,9.87
6194,4919,48000,56.39,18,27071,40.76,7,14.83
6195,11281,50193,53.24,7,26729,52.4,6,25.44
6196,31259,220330,72.1,43,158897,67.45,26,11.72
6197,49778,125758,46.16,27,58077,37.98,10,29.81
6198,6539,171400,94.26,8,161605,92.94,4,1.47
6199,1892,61760,82.02,21,50660,78.29,17,4.0
6201,5914,89200,69.11,21,61661,61.43,11,11.7
6202,58021,230388,39.86,46,91888,32.87,20,29.47
6203,10023,82401,59.2,16,48791,52.21,6,22.46
6204,22327,23102,29.71,3,6867,25.64,2,43.7
6205,12700,82236,45.13,23,37125,40.77,17,26.78
6206,17107,143062,52.96,44,75794,43.33,20,19.71
6207,67987,92987,19.59,17,18237,12.38,6,56.72
6208,12735,94462,64.33,42,60789,51.54,23,18.11
6209,58777,182009,40.56,45,73853,32.95,26,32.97
6210,3084,35048,54.11,16,18968,36.44,7,17.04
6212,974,102000,91.75,27,93607,86.12,18,1.0
6213,77227,363617,60.39,75,219672,52.84,35,21.87
6214,54463,272243,57.51,75,156617,47.58,33,19.87
6215,56226,82790,31.87,13,26406,26.4,6,42.11
6216,32350,97417,39.66,27,38653,29.91,10,24.33
6217,84969,117210,27.48,28,32240,18.67,13,46.89
6218,28499,64262,48.86,19,31412,37.49,7,27.05
6219,5857,124967,70.12,22,87645,66.95,14,7.3
6220,34537,146463,63.96,53,93712,53.11,27,9.88
6221,31664,168612,74.5,20,125660,72.4,14,6.91
6222,1842,95689,90.03,11,86156,83.99,2,2.13
6223,55201,97981,49.72,32,48734,38.1,13,10.36
6224,43346,85645,38.41,26,32914,24.5,8,26.21
6225,5545,27800,66.34,7,18447,56.46,2,7.23
6226,52008,115535,24.13,20,27901,18.3,8,37.23
6227,7578,76112,71.53,6,54465,67.6,1,13.78
6228,1887,26000,80.44,5,20917,75.5,3,8.3
6229,30516,40361,36.22,6,14623,32.8,4,25.14
6230,7502,86343,87.81,3,75819,87.81,3,7.07
6231,25450,45652,32.65,11,14910,25.12,5,33.35
6232,36899,451499,18.67,60,84398,13.35,18,18.31
6233,62057,81022,26.98,15,21878,18.48,5,35.49
6234,31284,100386,53.52,18,53744,50.21,13,23.48
6235,61863,199906,39.9,22,79804,35.26,7,29.33
6236,909,41654,92.69,4,38614,87.98,1,1.64
6237,72446,79645,18.64,11,14854,12.7,4,43.94
6239,176253,759147,65.0,175,493608,58.15,92,20.09
6240,1074,22867,82.89,9,18962,70.93,5,4.76
6241,27588,48700,46.47,9,22646,38.85,3,15.21
6242,3164,31806,63.69,7,20262,55.47,3,13.65
6243,59832,45269,21.06,6,9539,17.67,3,47.82
6244,95243,387042,32.06,65,124115,26.21,27,30.16
6245,20107,146608,44.79,25,65693,38.89,11,22.03
6246,32664,37851,62.99,7,23847,53.99,1,13.01
6248,32333,99956,48.88,24,48878,43.59,15,16.83
6249,207,2867,14.82,1,425,0,0,16.21
6250,1161,18249,70.88,2,12937,67.95,1,6.96
6253,453,5879,0,0,0,0,0,15.31
6254,518,30882,49.51,13,15294,36.43,6,3.4
6256,457,1843,0,0,0,0,0,52.65
6257,112838,483912,50.18,146,242892,40.45,69,23.48
6259,9897,28056,42.82,3,12017,41.09,2,25.17
6261,55185,128498,39.67,31,51009,30.62,12,30.94
6262,1344,20451,28.67,5,5866,16.81,1,16.1
6263,11632,62501,43.35,7,27100,40.96,4,27.35
6264,4187,136355,71.67,28,97754,67.31,18,5.59
6265,38417,118172,44.35,15,52430,39.87,6,26.96
6266,45811,153872,38.93,38,59926,30.97,18,19.48
6269,81819,323831,27.94,64,90567,20.37,23,32.98
6270,34214,72146,41.06,16,29633,36.56,10,29.95
6271,63248,209058,51.85,62,108456,42.85,33,27.77
6272,4905,81764,51.24,33,41919,36.21,14,12.45
6274,104037,299460,66.7,98,199793,54.71,44,16.09
6275,36683,80345,29.43,16,23655,23.41,7,35.38
6276,29735,22043,48.79,5,10755,48.79,5,27.27
6277,10553,119471,56.35,42,67350,43.49,17,17.48
6278,45146,292398,60.12,85,175838,49.55,40,22.23
6279,20492,119016,46.33,37,55163,36.68,19,24.12
6280,172,65492,99.95,1,65460,99.95,1,0.04
6281,10347,99173,55.41,36,54973,43.58,17,19.1
6282,163118,856101,42.26,111,361935,38.75,59,30.28
6283,15369,148981,62.84,21,93653,57.55,7,13.95
6284,54201,148980,48.3,17,71966,44.0,6,29.25
6285,91858,483664,63.81,109,308705,57.27,59,20.22
6287,4210,121451,94.0,7,114178,93.08,5,2.42
6289,10246,524,0,0,0,0,0,54.73
6290,60535,169652,36.54,49,62018,24.77,20,36.91
6291,9662,42000,63.86,6,26823,62.85,5,14.55
6292,7077,46601,46.74,8,21788,39.72,3,27.7
6294,12185,26047,37.19,4,9689,33.46,2,31.63
6295,350,1915,22.01,1,422,0,0,20.7
6299,123,25576,98.35,1,25154,98.35,1,0.71
6402,2015,58222,64.01,24,37276,48.9,10,4.07
6403,2577,15332,41.54,1,6369,41.54,1,13.4
6404,9033,24358,67.09,5,16343,63.48,4,9.82
6405,6596,65800,53.8,26,35412,37.6,8,18.19
6406,1073,35647,58.18,5,20744,53.35,2,8.78
6407,6036,75130,37.14,18,27918,29.88,9,18.99
6409,17084,88254,66.7,39,58881,52.57,18,10.42
6411,56286,99514,34.07,31,33922,21.85,11,29.06
6412,23411,400769,79.14,51,317234,75.27,25,9.56
6414,16390,156499,67.55,61,105754,52.29,21,10.06
6415,25756,389813,79.97,158,311798,65.98,66,4.82
6416,22574,73348,47.38,16,34770,36.67,4,19.16
6417,1509,42274,67.75,20,28649,52.2,10,4.83
6418,2432,34522,57.88,10,19988,53.11,7,13.17
6419,27517,13159,39.91,4,5253,32.17,2,28.03
6423,3447,31016,39.51,12,12258,22.07,4,17.03
6425,9170,51382,44.27,16,22758,34.09,7,30.16
6426,19284,38509,41.6,6,16025,34.93,3,28.25
6428,1228,17682,91.64,3,16205,89.36,2,3.46
6429,270,9348,37.74,5,3530,11.76,1,6.76
6431,17726,97399,70.63,20,68804,65.57,11,4.29
6432,36348,40018,34.51,13,13813,16.68,3,35.95
6434,9177,463602,84.99,20,394114,83.93,12,4.89
6435,9740,37461,56.01,7,20986,48.3,2,23.13
6437,403,32300,65.0,19,21003,40.87,7,3.09
6438,46687,82206,32.28,20,26557,21.72,8,35.96
6441,34897,53318,45.1,6,24057,41.86,2,23.87
6442,68880,81818,56.95,36,46603,36.99,11,21.7
6443,159541,512797,17.94,47,92162,14.41,17,47.0
6446,51351,381610,57.03,143,217723,43.56,59,9.85
6449,30455,91886,75.89,30,69758,64.21,12,11.51
6451,29666,114726,69.67,18,79955,62.73,5,18.81
6452,11644,100131,39.19,24,39265,30.47,9,23.78
6453,622,3516,0,0,0,0,0,38.12
6455,564,37095,68.47,16,25404,51.47,8,2.5
6456,37606,337940,47.33,45,160031,43.21,21,23.14
6458,2714,26789,65.25,6,17483,63.74,5,6.17
6461,27626,178352,63.21,31,112756,54.6,7,8.56
6462,47156,91251,30.29,18,27658,20.3,4,37.78
6464,2147,128782,85.4,42,110002,79.29,29,1.85
6465,3244,59074,67.69,13,40008,58.71,5,8.15
6467,4279,52409,36.11,17,18935,21.73,4,15.25
6468,162,12074,98.62,1,11909,98.62,1,0.94
6469,28750,150105,48.32,30,72573,41.95,15,24.52
6470,27168,37694,40.01,1,15083,40.01,1,32.51
6471,360,853,0,0,0,0,0,61.63
6472,32338,128021,56.21,34,71983,46.0,12,24.06
6473,9765,40000,69.24,23,27706,51.78,12,4.09
6474,1602,52526,67.52,29,35472,44.6,10,4.76
6475,930,34784,73.13,12,25443,56.66,1,4.69
6477,29984,124053,42.75,26,53061,35.94,12,28.96
6479,877,57300,86.32,9,49474,79.32,3,2.03
6481,107,27204,96.01,6,26122,91.6,4,0.8
6482,2008,28634,67.6,8,19358,65.78,7,11.07
6483,16884,66808,45.71,37,30551,18.76,7,5.54
6485,41049,47366,25.49,10,12082,19.1,5,33.36
6486,30246,50893,43.06,5,21923,40.44,3,28.31
6488,71447,478114,79.92,108,382247,72.61,54,7.13
6489,279,28470,62.98,18,17933,36.92,7,1.79
6490,425,38754,70.62,10,27375,64.16,6,2.75
6491,10734,78000,61.9,21,48303,51.9,9,13.89
6492,45753,89904,30.69,18,27609,26.88,12,23.74
6493,1036,30050,80.37,9,24152,80.37,9,6.02
6494,38356,31560,15.03,7,4747,5.22,1,35.59
6495,12155,172031,52.59,39,90506,43.12,13,7.57
6496,10243,47290,65.96,9,31199,62.53,7,19.6
6497,1559,189955,97.19,5,184632,96.46,2,1.69
6498,6601,47476,70.6,19,33526,56.23,8,10.54
6499,7825,96945,41.68,14,40429,34.97,3,14.91
6502,134,8719,90.96,1,7931,90.96,1,0.83
6503,77,12012,80.41,3,9660,80.41,3,1.52
6504,5150,72600,70.58,23,51255,64.39,15,12.24
6505,93796,9525963,95.9,176,9136701,95.43,101,1.64
6506,4361,82361,60.78,39,50068,45.21,17,8.63
6508,15270,86539,61.32,15,53075,59.67,13,22.08
6509,56616,197434,37.02,49,73118,28.0,22,28.13
6510,17156,32929,52.21,8,17200,41.01,3,11.14
6511,642,60000,72.03,24,43229,57.36,9,2.89
6512,6705,25260,36.04,10,9112,17.69,3,20.32
6515,41797,36445,50.6,16,18447,36.71,8,10.54
6516,3639,56337,53.66,15,30237,43.2,5,11.13
6517,22436,30579,19.7,4,6029,17.96,3,43.4
6518,522,33333,84.45,12,28154,74.1,7,2.35
6523,6160,45048,63.08,8,28418,61.69,7,20.21
6525,12258,129047,69.54,28,89765,59.93,8,12.34
6526,20898,167506,78.37,15,131290,76.19,9,9.36
6527,2182,25459,42.94,7,10934,32.22,2,9.8
6529,399,12699,71.81,7,9121,41.45,1,5.3
6530,34649,33750,18.63,7,6291,8.93,2,44.01
6531,45501,163178,64.93,60,105990,53.1,28,12.21
6532,30199,37445,32.88,14,12319,18.46,4,34.48
6533,32464,50651,21.91,8,11111,16.34,3,42.21
6534,1958,102800,82.99,32,85337,76.09,20,3.04
6535,10802,167841,64.5,37,108285,56.53,15,9.34
6536,1186,26324,74.31,9,19566,58.26,2,4.19
6538,38691,38443,36.23,17,13933,10.48,3,27.65
6539,1004,24349,85.23,10,20757,75.51,6,3.88
6540,131,220435,99.05,3,218375,98.57,1,0.11
6541,12073,265125,71.72,46,190215,65.62,18,7.05
6542,896,42001,84.7,14,35586,77.61,10,2.69
6543,12300,55855,66.76,27,37301,49.71,11,2.09
6545,1238,22080,44.15,7,9751,37.79,5,13.39
6546,12457,66848,39.91,13,26694,29.91,1,26.01
6547,50812,329460,34.8,60,114700,28.3,22,18.91
6548,30060,950465,87.4,93,830850,84.86,55,5.63
6549,25465,80122,29.57,25,23707,16.14,6,11.38
6550,25528,894793,77.11,80,690122,73.74,30,6.21
6551,1188,71785,83.69,11,60095,79.32,6,3.11
6552,7784,83000,58.38,7,48467,55.76,3,18.75
6555,4616,119230,69.5,17,82895,64.58,7,8.81
6556,1365,28750,78.6,12,22601,67.48,7,7.37
6558,47132,93789,40.7,9,38186,38.61,6,31.44
6559,1931,23189,52.92,11,12276,31.62,3,17.23
6560,3365,32475,40.51,7,13161,32.29,3,18.47
6561,7137,77958,73.08,12,56984,70.22,8,8.74
6562,11454,118190,52.76,9,62365,50.33,5,15.65
6563,1115,29743,32.42,12,9648,10.33,1,7.63
6564,3706,72134,64.6,11,46621,59.48,6,10.95
6565,1211,27144,41.26,10,11206,28.65,5,8.81
6566,663,32152,84.51,6,27176,79.36,3,3.43
6567,630,102850,88.54,30,91083,80.22,15,1.26
6568,24733,30800,41.79,8,12872,29.94,1,22.76
6569,3889,39071,66.61,7,26031,61.23,3,12.68
6570,8210,37119,43.41,14,16116,29.74,5,23.46
6572,4320,103650,69.14,16,71685,64.91,9,9.75
6573,5960,80499,65.24,17,52533,59.25,8,15.95
6574,3110,21990,77.92,7,17136,75.44,6,9.08
6575,6886,135270,54.4,18,73629,51.06,10,8.89
6576,30336,157579,67.16,37,105846,60.07,20,6.61
6577,3769,60060,74.0,7,44453,68.34,2,10.52
6578,18884,71942,63.18,20,45465,55.78,10,10.06
6579,7141,169451,85.01,17,144083,82.49,10,5.84
6580,3905,112120,58.07,42,65131,45.67,21,8.1
6581,2294,111271,90.11,18,100285,86.87,11,2.84
6582,9231,106174,74.26,12,78861,71.21,8,11.57
6583,317,15947,82.44,9,13150,53.46,2,2.86
6584,10220,71353,76.94,28,54913,62.72,11,10.02
6585,4164,72427,78.82,12,57098,72.49,5,8.78
6586,29421,214010,62.38,36,133543,56.1,13,8.21
6588,38214,34701,26.76,8,9292,18.13,3,33.51
6589,23304,307076,57.8,59,177534,50.34,22,14.24
6590,2258,24964,56.99,13,14232,30.04,3,13.22
6591,44502,41122,25.64,8,10553,20.08,4,31.53
6592,25498,641845,79.89,61,512956,76.13,25,6.79
6592A,3636,50000,85.41,15,42707,75.84,6,6.69
6592B,5184,50000,81.28,17,40648,67.19,8,7.04
6593,34440,31857,45.14,14,14386,29.84,6,29.21
6595,8976,49858,79.72,23,39752,59.31,6,1.39
6596,17123,38000,26.85,6,10208,22.73,3,41.25
6597,971,30042,80.64,7,24234,72.45,3,4.91
6598,37290,102819,52.39,38,53892,37.26,12,11.99
6599,292,21000,76.44,4,16057,71.03,2,1.86
6601,361,44695,86.87,5,38836,84.46,3,1.53
6602,404,1236,0,0,0,0,0,64.82
6603,24895,167443,52.38,59,87736,39.44,23,14.38
6604,876,43731,85.94,9,37588,79.78,4,3.43
6605,16253,165816,66.06,39,109568,58.62,20,12.57
6606,9731,110304,70.68,42,77978,59.95,24,6.83
6607,68,9346,81.0,5,7571,76.22,4,1.21
6608,313,60000,96.78,8,58073,93.72,6,0.98
6609,9725,72456,57.64,7,41771,55.56,4,21.3
6610,2981,205579,82.8,12,170263,80.35,5,3.3
6611,459,1467,91.68,1,1345,91.68,1,8.3
6612,2770,47515,64.7,20,30750,44.53,6,9.03
6613,9350,77801,61.28,9,47680,56.84,2,15.53
6614,4029,80661,74.25,6,59904,73.67,5,9.71
6615,5191,21593,51.51,12,11128,35.88,5,22.67
6616,1578,35478,62.69,11,22246,53.85,6,7.79
6617,6952,127506,67.6,27,86221,59.79,11,9.39
6618,36988,104816,31.43,30,32960,22.08,12,13.59
6620,19906,169982,60.31,46,102565,48.99,14,8.93
6621,32116,35501,36.81,10,13077,23.52,3,17.6
6622,946,35301,64.81,14,22887,52.95,8,4.45
6624,841,22579,76.5,8,17276,59.54,3,4.74
6625,10586,57972,48.87,14,28337,44.07,10,22.53
6626,424,8936,77.35,4,6913,59.56,1,5.62
6627,267,28352,77.55,16,21990,65.81,10,1.55
6629,946,38380,84.02,10,32253,79.95,7,2.98
6633,1367,11129,95.66,1,10646,95.66,1,3.98
6634,2218,71289,66.26,25,47248,51.31,9,6.11
6637,3277,26810,60.83,10,16314,53.8,7,19.16
6638,1142,30000,70.35,7,21109,56.74,1,6.88
6639,908,57645,72.73,18,41935,62.25,9,3.33
6640,13817,28912,65.67,3,18991,63.77,2,17.57
6641,2018,36500,60.48,16,22081,49.83,9,9.78
6642,3359,37400,58.41,12,21851,46.24,5,14.42
6643,22786,42090,36.1,6,15199,33.83,4,36.72
6645,6619,60864,43.64,24,26578,26.17,7,10.93
6648,9231,50000,64.84,21,32432,49.42,9,6.62
6649,18439,42000,52.42,18,22030,32.85,5,7.52
6650,489,31090,80.17,17,24927,61.87,8,2.29
6651,3581,34602,50.85,17,17596,32.57,5,13.86
6652,1689,137000,79.07,38,108355,69.5,16,2.81
6653,282,6000,95.45,1,5727,95.45,1,1.16
6654,3434,40963,78.21,11,32046,71.17,6,3.93
6655,963,80572,86.16,24,69443,76.47,12,1.2
6656,66,12228,90.33,4,11047,82.4,3,0.71
6657,15485,88808,34.81,25,30928,22.08,7,15.68
6658,10888,36370,42.8,12,15574,31.29,5,21.38
6659,1026,85883,81.97,22,70416,72.92,9,2.23
6661,1303,23304,65.92,6,15365,61.73,4,9.31
6662,4678,25612,47.63,10,12201,40.14,7,7.91
6664,16742,61151,55.41,24,33894,36.54,11,23.43
6665,1826,45350,65.84,8,29863,59.39,4,8.32
6666,2214,47388,78.82,9,37357,77.96,8,7.13
6667,13182,49279,50.29,10,24790,43.57,5,28.92
6668,14143,107116,52.99,11,56771,51.61,8,20.88
6669,88940,187318,64.47,51,120803,53.1,15,7.84
6670,6273,139387,78.28,65,109152,65.6,36,5.13
6671,1393,60750,74.99,36,45574,56.62,17,4.45
6672,55065,82153,29.37,24,24141,17.44,8,44.33
6673,3188,26660,30.57,4,8156,25.42,2,28.7
6674,1774,68551,84.74,9,58103,81.38,6,5.28
6676,4382,169679,61.89,43,105044,55.5,25,5.94
6677,1884,56039,64.02,13,35881,57.04,6,7.12
6679,6137,54975,56.61,18,31134,48.33,10,12.78
6680,926,23954,72.76,10,17435,64.56,7,4.56
6682,10994,147106,52.51,21,77266,47.35,10,14.6
6683,29285,27557,26.2,8,7224,11.24,1,27.74
6684,24024,44559,36.09,6,16082,31.51,2,34.76
6688,197,19000,73.88,12,14039,49.8,5,1.74
6689,10039,68000,48.14,24,32747,35.59,11,25.46
6690,5277,30000,59.88,3,17965,59.88,3,21.48
6691,15270,121487,68.36,45,83073,53.78,18,9.7
6692,2148,58844,71.51,16,42094,61.65,6,5.44
6693,5093,45720,47.53,16,21742,31.39,4,14.07
6695,17599,107000,49.78,17,53291,45.36,10,21.84
6696,12334,82920,40.99,29,34008,27.95,11,16.77
6697,2179,27323,66.79,6,18252,61.11,3,13.86
6698,35652,66390,38.44,14,25533,31.08,6,25.36
6699,762,48819,85.49,16,41744,75.24,9,1.78
6701,758,365682,97.98,3,358306,97.98,3,0.34
6702,11483,758660,79.7,98,604790,75.43,45,2.87
6703,23208,32984,51.55,13,17010,39.15,6,21.94
6704,3573,95949,39.58,32,37999,26.77,9,8.57
6705,613,18005,73.8,10,13291,54.99,4,5.05
6706,48265,78549,26.28,21,20658,15.49,6,37.71
6707,1475,59003,80.42,15,47461,71.67,7,4.86
6708,2322,29009,52.06,12,15108,42.81,7,12.98
6709,1965,59380,59.7,21,35467,45.77,6,7.13
6712,28975,101764,41.19,24,41933,32.11,9,19.93
6713,885,29477,60.25,15,17768,37.76,4,7.02
6715,4307,68274,80.33,23,54856,68.59,10,5.65
6716,3454,30242,36.3,12,10983,22.74,4,16.78
6717,427,24937,75.04,13,18714,56.28,6,3.44
6719,27162,105517,48.51,13,51197,43.09,4,27.05
6720,1360,30226,58.16,20,17587,25.5,5,6.11
6721,1626,24500,52.32,10,12822,37.5,3,9.42
6722,2586,88400,76.33,15,67487,74.1,12,5.62
6723,1132,30039,58.68,12,17634,42.18,4,6.93
6724,1841,7100,62.32,2,4425,62.32,2,16.12
6725,6456,37130,64.52,10,23965,58.66,7,18.13
6727,41537,26884,24.49,9,6589,7.74,1,32.46
6728,2916,30120,63.32,9,19075,59.01,7,13.4
6729,1531,27661,47.88,11,13248,31.17,4,9.52
6730,1009,36298,74.2,20,26939,60.59,12,4.39
6731,186,54554,99.44,1,54249,99.44,1,0.44
6732,9623,48913,49.41,4,24168,46.31,1,27.32
6733,7468,134316,48.69,26,65420,40.25,7,11.89
6734,2148,40623,59.46,15,24159,46.08,5,9.66
6735,5284,46182,48.63,16,22467,35.59,6,17.47
6736,850,2596,93.39,1,2424,93.39,1,3.5
6737,1381,60050,80.76,23,48500,74.71,19,4.66
6738,566,36714,65.0,24,23872,45.33,12,2.57
6739,11295,23392,59.82,10,13995,48.11,5,20.08
6741,6850,120578,69.26,37,83539,58.36,17,9.41
6742,41465,71268,34.97,20,24940,25.94,9,27.93
6743,9335,150000,63.39,29,95123,57.08,14,11.97
6744,426,15400,65.84,7,10141,52.96,3,4.46
6748,6565,71218,36.4,20,25935,27.91,10,14.31
6750,1845,44707,58.06,21,25963,40.28,8,7.96
6751,2441,22200,64.46,4,14313,56.93,1,16.31
6752,3676,37144,47.68,19,17717,21.06,4,11.58
6753,16455,117300,60.82,26,71373,53.66,13,17.77
6754,2215,66000,83.08,9,54838,81.35,7,5.2
6755,1248,39823,53.66,16,21372,40.94,7,5.99
6756,8619,69990,61.83,8,43281,57.67,2,18.02
6757,137198,459530,75.39,31,346528,73.05,13,12.66
6758,239,13471,81.83,3,11025,74.89,1,2.8
6761,12288,34956,39.15,9,13692,26.98,2,27.95
6762,909,35172,77.91,18,27409,61.92,9,3.15
6763,18390,184039,61.22,20,112697,57.3,9,18.83
6764,280,38203,97.22,2,37142,97.22,2,0.78
6767,1468,39184,59.27,10,23232,51.86,4,7.4
6768,7001,200095,82.48,33,165087,78.26,19,6.0
6770,692716,4714620,43.51,541,2052279,39.14,199,25.96
6771,1841,31180,40.86,16,12745,18.13,4,11.44
6775,4329,109500,62.37,24,68311,56.92,15,7.49
6776,7684,91581,66.1,13,60559,61.35,6,15.7
6780,239,16470,84.19,12,13869,52.94,4,1.47
6781,31140,85419,68.81,6,58794,67.55,4,18.58
6782,7485,63000,46.09,20,29054,31.18,6,12.92
6784,910,19077,51.08,9,9747,30.23,3,9.04
6785,4444,66800,61.84,20,41325,54.75,12,9.19
6786,17323,30838,9.03,5,2787,0,0,27.72
6787,19790,81007,24.23,23,19644,9.68,4,20.53
6788,28364,38740,23.03,9,8933,14.22,3,40.79
6789,53885,318299,72.76,25,231689,68.97,6,14.15
6790,11065,267129,79.08,27,211311,75.31,10,7.77
6791,1986,20847,74.21,9,15477,56.02,3,11.6
6792,4049,47875,53.89,7,25808,48.08,3,15.63
6793,23624,75600,38.45,27,29081,22.4,7,11.7
6794,1147,63637,79.19,22,50401,66.27,10,3.0
6796,3058,40234,47.4,12,19076,35.45,4,12.2
6797,26668,30732,48.51,12,14914,29.99,4,18.71
6798,5928,19572,70.99,9,13899,55.68,4,2.17
6799,29789,43712,32.01,9,14000,21.04,2,31.02
6803,14691,72794,56.25,5,40955,54.28,2,24.62
6804,2274,47500,62.57,22,29730,47.18,11,7.72
6805,28474,68554,60.92,26,41771,45.79,10,14.12
6806,30980,274643,59.93,15,164626,58.14,5,17.69
6807,978,54000,82.6,16,44615,73.55,8,2.62
6808,2226,77840,53.88,20,41955,42.25,5,6.0
6810,25117,49448,36.09,15,17849,21.39,3,10.39
6811,5255,41449,64.55,3,26761,61.99,1,13.64
6812,7084,30603,41.0,11,12552,26.32,3,15.97
6813,633,23388,61.22,9,14323,48.86,5,6.95
6814,723,41874,82.65,14,34618,73.54,8,3.31
6815,8410,39706,67.2,21,26691,49.84,11,6.48
6816,432,12180,70.99,3,8648,61.98,1,5.14
6817,1092,18417,54.89,1,10110,54.89,1,10.14
6818,1412,25503,66.69,5,17012,59.93,2,10.47
6819,1358,33974,58.32,14,19820,45.72,7,7.43
6820,1544,22253,73.6,5,16380,73.6,5,7.98
6821,4128,35767,50.98,14,18239,39.05,7,20.07
6823,2537,30534,55.83,6,17051,51.72,4,12.43
6825,569,33651,73.37,11,24692,61.71,5,2.92
6826,7058,85540,75.2,18,64355,69.25,10,7.91
6827,1469,79330,62.6,26,49674,49.29,10,3.7
6829,11608,59169,67.07,5,39696,63.0,1,17.99
6830,24806,54659,33.57,21,18357,15.57,5,34.68
6831,9348,67500,60.76,30,41032,40.99,10,9.74
6832,3571,26411,86.05,3,22730,82.84,1,4.17
6833,877,49977,84.96,8,42471,79.9,4,3.22
6834,10364,88471,57.9,30,51238,46.06,14,18.0
6835,2148,66172,78.69,27,52083,68.76,15,6.08
6837,1001,32824,59.15,18,19423,41.11,9,6.89
6838,6834,150977,61.69,28,93174,55.34,11,9.37
6839,920,82020,80.32,29,65900,74.01,20,1.82
6840,2392,30767,53.69,12,16524,38.84,5,12.66
6841,12168,95223,47.24,28,45003,37.03,13,23.12
6842,2153,23130,40.34,8,9337,24.83,3,16.37
6843,1243,33304,76.69,16,25546,55.84,7,6.79
6844,3353,37428,63.45,10,23752,55.96,5,7.77
6846,1477,27066,66.78,7,18078,64.19,6,8.58
6847,622,14230,55.89,8,7956,19.67,2,7.65
6848,476,14273,52.95,8,7560,29.84,2,4.8
6849,6019,41918,50.54,12,21196,41.18,6,18.26
6850,927,33089,60.35,18,19977,41.05,8,4.44
6854,6128,117679,64.67,32,76126,54.19,13,9.19
6855,1994,23250,61.35,13,14268,41.79,6,5.71
6856,950,28200,83.52,8,23558,74.28,4,4.76
6857,411,15226,94.62,1,14408,94.62,1,2.05
6858,346,27220,89.89,9,24470,82.2,5,2.34
6859,2490,41589,64.69,15,26909,56.07,9,8.57
6861,12158,41599,54.34,4,22609,52.16,2,19.61
6862,6521,50000,69.75,7,34882,68.83,6,16.1
6863,4533,74888,75.51,10,56557,72.27,6,8.32
6864,4189,37875,36.95,19,14002,12.23,3,7.18
6865,1411,15841,50.49,7,8001,36.07,3,12.77
6867,842,24500,86.28,7,21142,78.62,4,4.62
6868,494,25043,55.35,14,13868,27.27,3,3.12
6869,21111,137830,54.73,39,75467,45.09,19,21.53
6870,2318,23788,74.58,12,17744,57.58,5,6.93
6872,2513,70751,58.06,28,41095,43.48,11,7.41
6873,11706,142649,61.44,44,87676,52.45,22,12.96
6874,2777,22000,53.53,9,11779,39.58,4,18.21
6875,4755,129183,61.29,36,79199,52.59,18,7.31
6876,20225,70696,31.78,24,22481,13.98,5,7.7
6877,3369,46967,75.16,28,35309,56.81,14,8.61
6878,1108,72641,88.61,14,64381,84.36,9,2.87
6879,352,26459,89.17,8,23597,80.25,4,1.58
6881,931,15000,57.92,4,8691,49.96,2,5.33
6882,821,23199,59.13,14,13723,31.49,4,7.16
6883,689,76274,87.72,28,66908,80.38,18,1.76
6884,1325,18390,73.16,3,13456,69.36,2,8.54
6885,22254,133099,37.36,42,49745,22.47,10,14.0
6886,14424,31810,90.03,5,28642,84.94,3,1.81
6887,898,74206,91.82,20,68153,82.02,8,1.74
6890,7279,250296,92.77,20,232230,91.96,17,3.37
6891,5936,200642,77.17,30,154884,73.93,19,6.24
6892,2550,94015,57.84,43,54397,36.89,12,5.61
6894,2682,23800,61.05,11,14532,55.13,8,9.85
6895,2994,34100,61.24,9,20887,51.15,4,12.44
6898,1574,29016,59.2,10,17181,45.85,2,9.06
6899,2047,42398,80.11,19,33974,65.95,9,7.82
6901,23681,853650,83.13,49,709880,80.84,15,4.92
6902,6847,35550,70.88,15,25207,57.66,7,5.43
6903,9186,66676,68.71,17,45821,64.15,12,14.75
6904,606,18500,79.9,8,14783,64.36,2,3.11
6906,3382,33537,57.8,13,19388,47.7,7,16.07
6907,4679,62542,68.28,9,42714,64.02,4,10.18
6908,1184,37180,86.39,2,32122,86.39,2,4.66
6909,12880,67488,38.63,25,26081,21.41,8,23.17
6910,1612,30521,56.88,8,17365,49.38,4,9.97
6911,943,22000,60.04,10,13214,44.33,5,6.79
6912,1986,144000,77.1,28,111055,69.34,9,3.05
6913,4357,43849,54.08,16,23720,42.3,9,12.68
6914,4244,66226,71.75,17,47528,66.66,11,8.63
6915,1130,35300,88.44,11,31223,84.8,9,5.33
6916,2109,67500,78.97,18,53322,72.69,12,5.73
6917,2345,55272,44.96,23,24861,29.11,9,9.3
6918,2017,34571,50.16,18,17345,27.97,5,9.82
6919,60842,1557536,74.79,353,1165170,67.71,178,6.61
6920,12511,207219,64.29,37,133282,58.1,16,11.49
6921,902,32062,78.09,11,25039,75.24,9,5.22
6922,3447,27155,62.97,9,17102,56.75,6,14.26
6923,3567,91488,69.98,38,64050,55.22,17,6.47
6924,558,20624,80.24,5,16552,73.08,3,4.05
6925,3042,20000,60.4,9,12083,41.72,2,21.66
6926,701,49800,80.71,25,40200,60.92,9,2.59
6927,1315,38279,68.07,14,26063,52.88,5,6.85
6928,4365,86000,79.2,10,68125,76.07,6,9.23
6929,1566,45090,89.53,6,40375,86.91,4,4.89
6931,3288,66152,70.12,40,46396,49.78,18,7.53
6932,5140,432596,80.94,80,350241,75.16,38,2.84
6933,5741,42443,61.2,6,25978,61.2,6,18.8
6934,1676,36130,66.09,15,23884,55.17,10,7.52
6935,561,37410,83.81,14,31357,73.15,7,2.74
6936,3775,72804,76.16,20,55462,64.79,9,8.01
6937,8716,67655,62.14,23,42053,54.13,14,14.98
6938,670,12570,67.47,6,8482,54.14,3,6.14
6939,642,35399,64.35,12,22784,56.09,8,3.11
6940,9199,312180,53.78,110,167957,38.3,33,6.99
6944,15235,76688,51.5,34,39505,34.41,12,12.62
6945,5846,97531,62.91,26,61374,52.36,11,10.29
6946,1916,323800,93.85,33,303971,90.91,18,1.09
6947,5930,106126,70.39,32,74727,58.71,14,9.21
6949,1918,65580,73.39,28,48142,61.73,16,2.99
6951,4484,46000,66.23,4,30471,63.9,2,10.65
6952,2482,68345,86.74,18,59290,79.81,13,5.58
6953,3119,30015,63.56,6,19079,56.2,3,12.08
6955,504,24801,60.3,11,14955,49.64,6,2.39
6957,1811,55560,72.9,27,40514,53.41,11,4.28
6958,3432,401289,94.14,28,377867,93.0,21,1.35
6958A,1388,40000,83.86,7,33545,83.86,7,6.29
6959,4069,39167,40.81,12,15991,33.17,7,15.93
6961,3877,26834,44.41,6,11921,33.34,1,17.48
6962,32615,492397,52.65,80,259331,46.39,30,14.08
6963,204,15972,87.59,3,13991,84.99,2,1.42
6965,2393,156336,92.37,19,144426,90.89,15,2.44
6967,1234,24904,75.65,15,18844,47.92,4,7.97
6968,3502,49447,58.64,18,29005,44.18,7,10.09
6969,1726,43857,53.2,14,23345,40.67,6,8.08
6971,1589,38668,73.78,16,28538,61.37,8,8.02
6972,363,22935,83.82,9,19226,63.73,1,2.53
6973,844,40803,67.35,20,27490,41.37,4,3.96
6976,5975,582867,80.63,106,470117,74.46,46,2.48
6977,1747,14000,42.81,9,5994,15.91,2,13.86
6979,417,12000,59.53,4,7145,39.6,1,4.01
6980,2351,30000,77.66,6,23301,72.41,4,9.82
6982,2789,40752,65.01,15,26503,53.39,7,12.72
6983,3510,18020,44.17,9,7963,16.01,2,17.1
6984,341,19239,56.61,14,10895,27.7,4,2.46
6986,1990,52134,49.39,21,25760,34.17,8,6.92
6987,1214,224468,90.05,34,202178,86.41,21,1.13
6988,445,47600,78.41,20,37333,66.67,12,1.53
6990,2958,63298,89.79,18,56841,86.21,15,6.17
6992,424,25699,72.75,19,18698,43.38,8,2.35
6994,6687,74162,47.16,21,34995,36.59,10,17.97
6995,3704,27000,47.52,13,12835,25.95,4,7.36
6996,2389,41998,59.6,4,25037,55.8,1,8.15
6997,754,22100,82.26,3,18181,77.74,2,4.99
6999,251,22015,77.52,16,17069,57.37,8,1.54
7402,20659,35281,35.49,10,12526,26.96,4,31.31
7415,2098,26498,61.58,15,16325,35.6,4,5.6
7418,252,27554,96.17,6,26501,85.31,1,0.43
7419,4762,40000,49.52,15,19815,39.16,9,19.89
7421,537,525,0,0,0,0,0,53.65
7422,222,23272,84.76,3,19729,80.75,1,1.51
7427,5043,54026,31.49,19,17020,19.64,8,18.26
7443,357,22000,82.47,12,18147,69.61,7,2.43
7452,114,4000,87.89,1,3516,87.89,1,3.42
7455,265,25500,82.66,8,21082,73.76,4,1.44
7507,1127,102100,78.26,31,79916,70.24,18,2.25
7516,24163,19309,36.67,7,7086,14.8,1,23.6
7530,3463,46500,55.51,15,25817,45.78,8,15.87
7547,2039,33956,73.12,10,24834,66.13,7,9.99
7551,449,12100,56.68,5,6860,42.93,2,6.27
7555,418,28325,87.67,5,24834,86.14,4,1.91
7556,2603,27718,64.61,10,17914,54.78,5,10.12
7558,813,18621,52.67,12,9811,22.83,3,8.62
7561,736,30085,60.63,7,18244,55.15,4,3.06
7562,272,22720,76.55,10,17396,63.21,5,1.77
7566,7929,139773,62.37,43,87209,51.86,19,5.06
7575,565,30000,51.76,18,15533,25.96,6,2.98
7578,1761,60073,64.52,28,38772,44.4,9,5.7
7583,443,24575,88.84,13,21837,73.03,7,2.46
7584,969,16463,71.21,7,11727,53.0,2,8.95
7590,2587,122379,82.62,32,101146,78.18,23,4.68
7595,835,50465,72.21,27,36452,45.91,8,3.55
7607,674,36653,72.02,13,26402,62.54,6,2.23
7610,16977,48585,48.87,16,23750,38.92,7,20.16
7631,1273,20142,72.89,10,14686,54.36,4,8.36
7642,2101,30150,80.03,9,24131,78.35,8,9.88
7669,3642,22000,32.53,12,7160,4.94,1,13.01
7689,7811,58507,83.31,8,48750,81.32,6,7.94
7702,360,66000,92.59,10,61123,86.37,4,0.84
7703,4463,34745,58.92,9,20483,46.66,2,16.72
7704,1722,33770,60.59,14,20466,43.12,4,8.37
7705,13295,66067,68.85,10,45499,61.81,3,11.5
7706,237,10000,91.29,1,9129,91.29,1,3.5
7707,3342,45700,46.64,11,21323,39.99,6,10.83
7708,3054,25500,63.59,2,16218,61.96,1,12.39
7709,2464,39103,79.45,8,31071,77.41,7,9.32
7710,221,63906,99.29,3,63452,99.29,3,0.18
7711,9740,71700,61.77,12,44301,54.67,5,15.09
7712,4370,32562,52.22,14,17009,35.55,5,16.73
7713,781,45479,84.71,14,38537,78.26,9,2.56
7714,2592,21000,66.63,8,13996,47.95,2,14.95
7715,2150,32756,57.41,13,18814,39.76,4,12.39
7716,558,22500,82.81,9,18636,66.0,3,4.27
7717,9080,24832,55.69,11,13834,35.38,4,21.27
7718,1039,46356,78.59,18,36441,67.99,10,3.21
7719,15854,36000,19.58,6,7055,11.27,2,27.98
7721,3611,55370,60.68,17,33610,52.03,10,11.51
7722,20210,68000,85.02,4,57820,83.93,3,9.6
7723,4290,49620,56.49,19,28039,48.42,13,13.78
7724,283,35381,84.29,12,29834,70.97,5,1.53
7725,291,48327,83.73,10,40471,79.14,6,0.87
7726,182,20304,87.22,6,17713,80.35,4,1.25
7728,3321,13854,57.12,4,7916,47.18,2,14.79
7729,16771,80682,56.86,31,45896,44.12,16,7.92
7730,1149,36797,70.07,16,25787,60.83,10,4.94
7731,9180,521981,72.07,91,376298,67.46,52,4.64
7732,885,64680,88.6,20,57318,81.66,13,1.94
7734,10011,28000,74.88,12,20971,67.31,9,7.71
7735,2529,43331,94.29,6,40863,88.43,3,2.5
7736,1593,76000,84.63,23,64333,76.73,13,3.65
7737,364,29759,78.25,14,23293,56.78,5,1.67
7738,1632,27356,57.82,17,15823,32.18,6,7.27
7740,2494,53200,65.43,21,34820,54.37,11,8.29
7742,7469,66555,68.99,5,45932,65.0,1,15.98
7743,946,36483,74.7,23,27262,57.39,13,4.33
7744,2764,32077,77.47,15,24855,58.62,7,7.52
7745,551,17950,71.19,7,12783,56.72,3,7.54
7747,915,27426,77.85,4,21354,70.7,2,2.65
7748,209,14500,70.44,8,10216,58.43,5,2.29
7749,7911,46486,50.23,22,23358,29.01,5,16.45
7750,10268,71843,77.63,37,55782,61.59,16,4.96
7751,11080,26889,47.08,11,12664,36.95,6,14.59
7752,2242,200000,86.11,35,172285,81.67,20,2.27
7753,2389,25000,74.15,4,18541,65.34,1,7.67
7754,1660,101157,71.5,40,72348,59.19,17,3.03
7756,268,21283,70.84,8,15081,59.42,4,1.39
7757,2653,24100,57.91,9,13959,43.47,4,13.34
7758,363,16100,83.37,3,13424,80.1,2,2.59
7759,1011,70342,81.03,17,57014,73.59,10,2.66
7760,1560,66048,62.82,30,41503,47.54,12,3.37
7761,1437,28900,51.33,11,14840,33.99,4,10.28
7762,1428,57233,55.39,26,31708,39.53,10,4.53
7763,3027,60014,81.42,16,48874,76.51,10,6.42
7764,783,60000,80.88,25,48540,68.71,15,2.72
7765,5271,40681,60.76,3,24720,59.65,2,12.98
7767,1034,30100,72.04,17,21689,54.77,9,5.95
7768,6332,70065,64.49,22,45207,55.24,13,10.49
7769,57894,179930,67.76,48,121979,57.51,17,5.43
7770,1072,30062,74.47,14,22392,62.44,7,5.32
7771,487,20013,82.17,3,16448,75.7,1,3.11
7772,5260,26499,56.09,5,14864,52.82,3,22.31
7773,985,39911,56.8,15,22677,43.1,8,5.54
7776,1081,49102,74.94,15,36812,63.72,6,4.63
7777,17901,186606,67.61,26,126196,62.63,13,14.2
7779,376,16105,66.33,7,10684,56.73,4,2.16
7780,43812,810024,75.59,45,612489,73.57,19,10.38
7781,16974,599681,73.78,58,442578,71.53,36,6.7
7782,1131,23213,75.82,9,17601,65.8,6,7.3
7783,1204,62445,91.17,15,56939,89.58,13,2.12
7784,1346,187601,88.37,47,165824,83.05,30,1.75
7785,201,33339,85.59,13,28540,72.06,5,0.93
7786,6477,175954,82.09,32,144470,77.24,18,6.11
7788,7911,79746,71.09,36,56711,56.9,16,10.36
7789,173,21184,71.4,14,15130,42.61,4,0.91
7790,389,17700,70.24,15,12435,32.02,3,3.08
7791,4641,80000,80.09,16,64088,70.07,5,7.77
7792,4335,46662,69.7,14,32533,62.25,8,10.41
7794,1243,28000,81.49,7,22820,71.58,2,7.32
7795,16076,78828,74.71,14,58913,64.41,3,8.45
7796,2277,22963,59.31,5,13624,46.71,1,16.32
7797,705,22245,79.02,11,17583,62.41,5,5.37
7798,692,308692,94.49,48,291749,89.39,24,0.44
7799,12445,158651,79.08,34,125475,71.3,14,7.94
7801,1294,18300,70.43,3,12891,67.37,2,10.29
7803,2131,94413,79.28,31,74877,70.37,17,5.07
7805,4072,33125,70.43,8,23334,65.2,5,9.79
7806,324,27860,74.59,14,20784,58.33,7,1.76
7808,1063,70000,77.96,3,54583,76.94,2,2.94
7810,3347,20250,46.8,6,9480,36.34,3,19.45
7811,1310,33377,71.79,6,23971,65.17,2,6.25
7812,2680,60419,61.43,18,37128,53.92,11,7.92
7813,1723,19196,42.76,8,8212,27.44,3,14.59
7814,1755,45000,77.66,9,34957,71.66,5,6.35
7815,4123,32976,60.85,7,20071,50.32,2,12.22
7816,1066,29278,78.93,6,23114,71.29,2,6.18
7818,3964,167946,90.12,12,151362,88.99,8,3.87
7819,2680,25264,59.12,2,14936,55.4,1,17.78
7820,2032,37768,76.22,12,28797,65.32,6,7.24
7821,9977,121913,80.43,21,98085,74.81,12,7.23
7822,16891,45561,68.19,9,31080,63.73,6,17.51
7823,935,33491,73.07,15,24479,58.61,8,4.16
7824,379,31337,79.76,18,25001,67.08,12,1.58
7825,2236,23114,49.44,11,11429,27.49,3,16.05
7826,130,12000,84.38,9,10127,60.74,4,1.58
7827,2868,139972,77.94,30,109129,71.05,15,3.83
7828,15449,40494,64.42,18,26091,53.83,10,14.38
7829,1065,99388,83.15,44,82659,70.67,24,2.04
7831,73,13401,77.47,9,10385,55.97,4,0.16
7832,2075,580000,92.96,101,539271,87.39,56,0.86
7833,545,43011,74.43,21,32020,57.35,9,1.95
7834,288,16478,74.53,7,12282,60.54,3,3.51
7835,409,46544,74.17,16,34537,60.55,6,1.5
7836,569,51250,71.85,20,36834,63.31,13,1.35
7837,327,22800,75.0,4,17105,67.76,2,2.35
7839,522,15096,75.46,8,11393,55.95,3,4.08
7840,225,34000,89.6,13,30467,76.24,7,1.11
7841,362,24200,77.78,10,18825,66.5,6,2.26
7842,1678,18250,64.66,2,11804,62.3,1,12.97
7843,1075,33440,67.65,9,22627,61.47,6,5.23
7846,436,34412,85.28,9,29353,75.12,3,2.0
7847,547,29000,63.09,14,18301,43.49,5,3.52
7848,1183,29800,67.2,12,20032,51.52,4,4.34
7849,175,11892,95.78,1,11391,95.78,1,1.08
7850,1485,97659,70.96,40,69319,54.36,17,3.4
7851,531,67691,83.71,21,56678,74.35,9,1.47
7853,15361,47555,26.73,13,12715,17.95,4,34.24
7854,863,40300,89.32,16,36004,79.77,11,3.1
7855,299,192528,99.54,3,191652,99.54,3,0.14
7856,6352,27177,66.4,11,18051,61.1,9,10.42
7857,562,53488,83.62,13,44742,76.03,7,1.52
7858,4029,22237,47.86,10,10647,30.41,2,14.49
7860,151,32000,94.55,11,30259,89.27,9,0.49
7861,3768,64600,77.38,23,50005,66.9,12,4.62
7862,611,40000,86.9,4,34764,84.22,2,1.48
7863,112,30000,98.51,5,29557,96.02,4,0.32
7865,712,18424,72.91,10,13438,42.2,3,7.17
7866,4754,43171,61.13,17,26397,45.84,7,9.19
7867,652,96000,95.54,25,91732,85.54,9,0.78
7868,1046,22240,59.95,11,13338,40.66,4,8.32
7869,426,27241,88.88,4,24215,86.5,3,0.92
7870,2440,18400,78.41,13,14429,49.01,3,1.28
7871,4253,134278,62.72,32,84243,56.66,18,6.5
7872,1246,30000,65.09,3,19530,61.32,1,7.1
7873,2498,149884,83.23,36,124787,73.85,15,2.17
7875,338,20000,96.46,1,19292,96.46,1,1.54
7876,1080,107373,85.98,29,92340,77.26,16,2.09
7877,380,38857,72.67,10,28241,61.47,2,1.69
7878,2911,53537,47.52,20,25448,31.37,5,7.83
7879,3339,40000,61.95,17,24788,45.79,8,11.64
7880,1423,26500,70.35,17,18648,38.23,5,7.59
7881,383,27000,84.3,4,22762,82.43,3,2.52
7882,2099,205282,83.57,47,171584,77.75,30,2.22
7883,2009,60976,71.29,23,43482,59.5,11,2.29
7885,458,29200,76.62,16,22378,57.42,6,2.98
7886,1561,24978,65.77,14,16433,43.6,5,8.16
7887,14039,81720,43.43,34,35505,27.57,13,19.71
7888,536,75235,80.93,40,60898,62.18,18,1.0
7889,189,20781,83.94,16,17448,45.73,4,0.77
7890,419,20800,86.06,12,17905,65.96,6,2.63
7891,189,19430,56.39,7,10959,53.52,6,1.31
7892,5709,46898,75.19,14,35277,63.51,6,7.43
7893,1392,40799,86.38,5,35252,80.01,1,4.07
7894,782,24000,62.09,8,14907,46.78,1,4.01
7895,12993,38790,74.09,7,28750,65.6,1,2.65
7896,568,27900,90.95,7,25378,80.84,2,1.88
7897,201,133617,98.34,2,131401,98.34,2,0.19
7898,3196,30039,69.31,5,20823,64.11,2,6.26
7899,8162,24292,42.93,11,10433,23.88,4,23.57
7901,2246,60000,84.39,13,50642,75.24,4,3.3
7902,1580,200605,90.12,45,180818,85.74,31,1.73
7904,105,15000,92.36,3,13855,89.32,2,1.06
7907,1934,39393,73.97,14,29147,66.73,9,2.01
7909,4795,70593,83.78,15,59153,76.12,7,4.5
7911,1624,40000,66.61,12,26648,50.24,2,5.88
7912,2283,22190,79.36,10,17612,72.33,7,4.64
7913,1150,45139,90.46,7,40837,86.43,4,2.02
7915,1712,40100,86.18,19,34567,70.85,10,1.87
7917,854,66903,81.09,13,54266,75.18,7,2.0
7918,15071,43100,79.65,5,34333,77.07,3,8.1
7919,593,12700,50.06,4,6358,42.07,2,6.62
7920,3378,593987,89.29,175,530441,80.54,94,1.34
7921,823,40807,83.39,11,34033,75.33,5,2.65
7922,526,66175,95.43,18,63157,93.95,17,0.78
7924,1228,133561,83.71,46,111829,76.17,29,1.55
7925,267,65600,90.6,39,59450,73.89,23,1.0
7926,981,15002,73.49,4,11027,59.45,1,4.63
7927,487,44700,70.44,29,31492,42.05,7,1.06
7928,2183,41530,74.41,19,30906,59.09,8,3.55
7929,896,21673,82.49,12,17881,62.04,4,2.89
7930,877,33754,65.96,11,22271,55.74,5,3.24
7931,150,24641,96.71,5,23834,84.9,1,0.34
7933,116,23563,87.53,7,20630,72.71,2,0.74
7935,150,37000,86.31,13,31939,68.18,4,0.35
7936,368,36038,72.96,4,26301,69.06,2,1.82
7939,410,19580,74.62,2,14613,71.08,1,2.68
8002,250,1908,0,0,0,0,0,28.25
8009,627,4375,0,0,0,0,0,21.49
8010,385,6666,46.01,4,3068,20.25,1,9.66
8011,60987,165922,30.82,25,51173,25.01,10,30.22
8012,478,3800,93.02,1,3535,93.02,1,4.85
8014,591,8827,37.88,2,3344,37.88,2,10.86
8015,111,3000,29.54,2,886,0,0,12.06
8016,36094,120137,45.37,53,54511,29.45,20,20.49
8018,75,3449,21.62,1,746,0,0,3.98
8019,98,33891,93.81,3,31801,90.33,1,0.8
8020,109,8263,59.32,4,4902,32.36,1,2.37
8021,82446,147179,46.38,49,68288,33.85,21,30.62
8022,57,3000,70.18,1,2106,70.18,1,3.26
8024,22547,45160,29.89,12,13507,18.86,4,25.52
8026,61,97,0,0,0,0,0,73.87
8027,65779,112903,27.46,34,31028,14.56,10,38.56
8028,64324,184503,52.32,60,96584,41.6,27,23.1
8029,653,78017,75.2,24,58688,62.69,7,1.45
8031,121,4498,25.57,1,1151,25.57,1,4.73
8032,23040,51810,75.96,9,39360,74.21,7,12.71
8033,70606,164630,38.28,46,63051,28.12,18,32.85
8034,22039,56586,18.22,11,10325,8.72,3,32.87
8035,214,6812,43.5,4,2965,17.63,1,5.68
8036,533,7661,20.61,1,1580,20.61,1,10.94
8038,40192,62278,20.38,9,12706,15.0,4,36.72
8039,62355,263804,66.47,73,175407,58.1,38,13.73
8040,31073,96414,51.14,14,49331,44.6,3,20.4
8042,40565,133569,66.34,43,88641,59.15,28,19.61
8043,36828,79907,41.47,14,33155,39.31,11,44.15
8044,27558,204768,61.77,34,126520,55.29,13,14.16
8045,4242,95042,67.23,37,63908,54.56,18,8.14
8046,91424,646165,85.08,94,549850,80.36,45,6.23
8047,1320,41666,80.92,14,33718,71.79,9,3.66
8048,34771,57706,38.87,18,22442,27.79,7,24.31
8049,39261,118280,33.07,23,39132,27.16,11,29.04
8050,56655,205205,43.07,37,88417,36.19,15,26.5
8053,3691,411818,85.44,75,351942,80.37,41,1.93
8054,52089,106233,36.98,19,39314,28.92,4,34.39
8056,11808,389990,60.6,80,236418,53.93,35,5.95
8057,84,6344,67.07,3,4256,67.07,3,2.43
8058,2478,68800,69.3,27,47695,51.93,10,6.17
8059,13862,194080,72.94,16,141603,69.35,5,8.39
8060,273,6084,49.67,2,3023,34.06,1,11.29
8064,82303,184818,43.81,39,80996,36.12,16,33.58
8065,930,4500,37.58,3,1692,0,0,18.21
8066,38125,36642,38.74,13,14203,21.76,4,33.11
8067,7003,20700,81.35,9,16844,56.73,3,6.34
8068,8377,80766,61.78,16,49920,57.9,11,15.89
8069,96300,1154695,77.03,310,889762,68.66,155,7.8
8070,38073,725648,73.05,102,530255,68.8,55,11.09
8071,35317,60084,31.5,11,18938,24.56,4,33.57
8072,13004,80000,60.16,10,48141,57.87,7,20.88
8074,46236,86974,38.12,23,33174,29.03,9,31.57
8076,89119,292214,34.74,63,101571,25.61,23,21.57
8077,1069,21946,82.07,4,18013,76.8,2,2.82
8080,14416,67164,84.11,4,56503,82.53,2,6.04
8081,22853,86172,35.89,22,30944,23.68,4,26.14
8082,4216,106609,71.69,22,76456,62.88,8,4.37
8083,2706,35133,55.64,12,19553,43.93,4,9.54
8084,2923,69514,64.99,21,45183,54.72,9,7.53
8085,36218,139983,40.78,25,57126,30.87,4,18.17
8086,69924,196516,52.92,37,104005,47.65,17,25.19
8087,9866,38669,57.59,21,22276,43.84,11,10.08
8088,54123,60922,20.3,6,12369,18.17,4,52.14
8089,27254,65999,41.51,8,27405,37.86,3,22.47
8091,18467,56944,47.62,24,27132,32.24,10,19.88
8092,20274,57172,60.49,24,34600,41.1,7,11.05
8093,3227,56568,67.55,7,38213,64.0,4,8.13
8094,337,18527,43.02,10,7975,11.96,2,2.77
8095,124,7932,51.28,6,4068,18.09,1,3.8
8096,80856,149343,52.87,36,78993,46.32,21,24.26
8097,13394,63802,73.58,22,46959,60.16,9,6.61
8098,1377,12653,57.54,8,7282,33.15,3,11.03
8099,29343,100073,82.03,19,82108,75.07,8,5.84
8101,18452,52166,82.27,4,42923,80.45,2,8.08
8102,1164,23358,39.56,10,9243,25.09,4,7.12
8103,19260,78437,42.26,26,33161,29.45,9,25.81
8104,45990,104058,33.0,6,34363,30.38,2,33.62
8105,40250,441545,60.8,35,268501,56.97,9,17.33
8106,68,3943,60.82,3,2398,27.88,1,2.19
8107,31877,75000,53.81,20,40376,44.3,10,17.16
8109,6751,82161,53.57,34,44035,34.87,11,12.74
8110,79794,517740,50.76,42,262958,47.38,13,29.33
8111,57668,109102,34.89,24,38085,26.02,8,29.13
8112,115811,565293,39.51,81,223433,35.55,43,30.74
8112A,7098,30000,52.16,13,15654,36.01,7,17.95
8114,10744,76677,48.28,33,37038,33.69,14,16.78
8115,842,70000,86.41,25,60502,78.23,16,2.47
8119,33058,63662,46.34,26,29523,27.17,8,10.75
8121,30603,212994,61.83,38,131730,55.01,16,14.16
8122,1616,402371,93.1,13,374717,92.23,7,0.77
8127,243,5561,7.67,1,427,0,0,7.57
8130,297,47620,70.92,21,33778,59.07,11,0.81
8131,32741,442222,71.24,27,315134,69.15,11,14.04
8147,4992,42086,46.41,15,19538,32.68,6,15.15
8150,137285,704523,65.01,130,458162,59.56,71,21.98
8155,15732,62555,48.71,17,30476,38.04,7,26.29
8157,662,26839,78.64,2,21107,78.64,2,4.87
8162,2667,68702,73.99,26,50846,60.39,12,7.18
8163,74836,280000,46.2,47,129428,40.21,18,24.64
8171,44778,112853,60.86,26,68715,51.97,11,12.81
8172,261,1589,0,0,0,0,0,36.16
8176,37530,71701,32.58,18,23371,21.86,6,23.74
8182,11433,107041,66.86,12,71577,63.78,7,19.09
8183,42169,121251,47.39,15,57500,43.37,7,22.15
8197,637,61748,84.91,4,52437,83.38,2,2.19
8201,12189,62366,57.89,16,36112,45.88,4,17.32
8210,31574,125319,70.09,28,87857,63.12,14,13.71
8213,68629,271242,50.15,82,136056,39.69,35,17.25
8215,67975,320675,52.65,28,168912,49.69,11,20.69
8218,105,1593,0,0,0,0,0,9.2
8222,39925,68574,36.71,14,25190,31.52,7,33.75
8225,380,22380,79.65,4,17828,73.02,2,3.89
8227,30571,39543,27.26,8,10784,18.22,3,43.82
8234,16946,141226,54.12,35,76456,45.96,17,21.46
8240,37171,100004,54.26,22,54283,48.06,11,20.69
8249,35961,137824,57.53,18,79309,53.54,9,23.94
8255,25961,101961,50.87,16,51879,46.67,9,23.09
8261,72151,118878,52.84,24,62848,43.23,7,32.48
8264,497,2583,0,0,0,0,0,34.52
8271,64636,129614,42.52,23,55136,36.68,10,31.99
8272,1642,18998,38.04,6,7231,25.15,2,11.65
8276,126,3537,47.96,2,1697,33.56,1,10.23
8277,42944,91629,20.19,12,18516,14.78,3,30.34
8279,1983,27101,62.22,6,16870,52.51,2,9.95
8281,415,29267,44.49,8,13025,34.88,3,2.37
8284,2417,47342,63.08,19,29876,46.81,8,7.58
8286,157,441,0,0,0,0,0,76.5
8287,11822,24267,70.24,1,17046,70.24,1,20.81
8289,30773,68334,43.56,17,29773,33.62,5,26.98
8291,1914,17478,71.89,3,12566,71.89,3,13.21
8297,174,15000,92.95,1,13943,92.95,1,1.78
8298,401,25632,81.25,2,20828,81.25,2,2.38
8299,191360,221337,42.31,62,93714,33.18,29,31.15
8325,205,1526,0,0,0,0,0,33.53
8329,3183,280578,90.83,36,254887,87.22,22,2.82
8341,18871,130000,48.9,16,63585,46.49,11,24.11
8342,1084,33537,71.7,9,24051,65.66,6,4.58
8345,771,52000,82.2,13,42749,71.53,5,2.57
8349,7702,208821,71.07,37,148434,66.95,23,6.59
8349A,1281,10000,10.25,2,1025,0,0,20.16
8351,1051,50000,80.5,9,40256,70.91,2,3.54
8354,13919,78532,64.19,30,50418,49.36,11,11.69
8358,128882,252588,48.73,59,123142,41.49,32,32.47
8359,5978,136500,83.39,26,113850,79.54,18,4.59
8367,3524,92172,70.64,33,65132,61.38,18,6.99
8374,13235,112250,72.09,12,80944,68.57,6,17.52
8375,114,7356,77.08,6,5671,40.34,2,1.96
8380,882,7123,19.38,2,1381,0,0,31.96
8382,10355,292592,65.98,81,193090,56.89,42,6.41
8383,55857,113760,56.54,29,64346,49.85,17,21.12
8390,30994,96116,47.8,21,45968,42.86,13,16.19
8401,11982,70669,62.96,22,44511,54.4,13,9.62
8403,36751,137640,38.47,23,52968,32.25,9,20.07
8404,15964,419934,78.79,67,330938,73.69,31,4.32
8409,25802,32000,48.57,9,15548,38.58,4,14.59
8410,2049,36589,56.97,11,20851,50.7,7,10.87
8411,10946,218404,81.83,32,178786,79.24,24,5.62
8415,8988,1031500,92.97,132,959092,89.78,79,1.79
8416,2057,28211,77.11,7,21756,77.11,7,9.02
8419,1377,30000,53.22,11,15971,40.55,4,14.2
8421,6528,54817,63.97,18,35073,54.56,11,14.28
8422,153664,1358984,36.92,131,501902,33.36,50,27.02
8423,6359,41714,62.98,13,26277,54.79,8,13.17
8424,3025,36054,60.55,7,21840,50.7,2,15.65
8426,2744,50242,74.7,6,37543,70.26,3,9.23
8429,45254,185747,41.44,24,77012,38.13,13,17.95
8431,44951,48778,23.48,10,11464,15.35,4,33.33
8432,3114,38398,61.7,4,23703,56.47,1,12.62
8433,3150,54506,67.53,17,36815,60.42,10,9.92
8435,22393,35200,41.13,13,14486,20.64,2,29.19
8436,42996,117729,38.91,33,45839,30.52,16,25.86
8437,32283,47014,41.83,19,19674,28.04,7,16.29
8438,2769,69943,79.52,23,55630,65.17,9,6.0
8440,55691,50255,31.76,6,15967,29.05,4,36.82
8442,2016,70170,71.54,24,50217,61.42,13,5.34
8443,46650,66800,69.46,24,46413,60.97,15,16.0
8444,1703,125105,85.95,33,107555,77.61,15,2.14
8446,7692,52914,50.16,14,26550,42.83,7,23.88
8450,10334,51310,58.33,14,29933,56.66,13,23.05
8454,38259,264975,81.26,18,215370,79.71,11,10.41
8455,742,25219,89.9,3,22675,87.77,2,4.6
8458,555,35850,73.63,25,26403,48.85,11,2.49
8462,6287,80387,66.02,22,53085,58.81,12,10.44
8463,3568,150000,82.11,28,123190,76.72,15,4.64
8464,3907,293020,86.83,90,254483,78.12,48,1.1
8465,232,8100,58.22,4,4717,41.56,2,3.39
8466,2163,79826,77.65,28,62000,67.57,13,4.89
8467,1658,48374,82.01,21,39679,73.88,14,4.33
8472,1051,17736,63.04,3,11182,55.75,1,5.34
8473,14906,184462,69.55,23,128333,65.15,11,12.03
8476,6534,167498,71.38,54,119609,61.19,26,7.24
8477,10994,64171,78.19,5,50182,75.87,3,7.02
8478,10914,93972,76.1,13,71525,75.66,12,12.9
8479,375,20055,62.09,7,12455,41.51,1,2.41
8481,2541,66602,66.44,24,44263,53.62,10,7.07
8482,1042,107444,95.18,18,102291,90.26,11,1.16
8485,61,1568,96.18,2,1508,0,0,2.98
8487,19449,26535,55.83,9,14816,45.94,5,11.83
8488,873,73500,86.55,17,63624,80.3,10,2.0
8489,29875,59949,57.08,14,34229,48.0,6,14.65
8490,1100,23760,45.34,12,10776,29.07,4,8.22
8491,1306,7292,9.23,1,674,0,0,22.3
8492,250,33300,92.97,12,30963,88.34,10,1.47
8495,874,127275,92.11,7,117246,89.87,3,1.64
8496,292,35675,87.43,12,31195,84.71,10,1.5
8499,2208,41166,79.81,12,32862,72.65,7,6.43
8707,6323,2567,0,0,0,0,0,43.9
8708,20491,194696,43.67,31,85066,36.63,11,17.07
8710,6847,115484,28.87,29,33362,18.1,11,13.06
8712,6940,808019,76.09,266,615008,63.73,113,1.25
8718,18074,97068,35.32,20,34303,28.25,10,24.05
8719,6769,656417,86.77,136,569738,79.45,63,1.98
8720,8599,89517,56.83,19,50888,47.25,5,13.31
8721,2243,3966,0,0,0,0,0,38.58
8722,5798,52654,62.7,15,33025,56.87,10,12.33
8723,23397,104515,50.62,31,52932,41.3,15,19.31
8724,8397,20269,40.62,6,8236,33.58,4,33.16
8725,12503,112191,32.32,23,36279,25.24,10,22.08
8905,20599,119440,92.47,26,110472,88.78,19,2.33
8906,2923,44037,55.46,15,24431,49.92,11,9.69
8908,14768,315333,88.95,46,280556,85.98,30,3.03
8916,41293,150384,66.23,47,99613,59.68,31,9.91
8916A,280,249,0,0,0,0,0,93.55
8917,1731,162652,82.83,69,134754,65.8,24,0.94
8921,1155,46592,85.56,24,39873,63.01,8,1.36
8923,5147,30376,82.32,10,25009,74.55,6,3.8
8924,17095,83800,38.31,21,32121,29.79,9,29.19
8925,19603,365243,41.21,123,150553,27.43,42,8.79
8926,59724,830282,58.66,133,487223,53.17,59,13.26
8927,25873,419068,83.22,111,348833,74.22,50,3.3
8928,4415,50854,49.17,13,25017,35.67,2,16.59
8929,11781,50581,45.67,10,23110,39.18,5,26.12
8930,5374,81809,68.89,35,56383,56.92,18,11.45
8931,19230,122255,81.55,14,99720,78.64,8,4.68
8932,9562,357963,80.5,82,288236,74.78,50,4.17
8933,43001,326724,52.74,43,172358,47.6,14,14.7
8934,504,7973,94.77,1,7556,94.77,1,1.41
8935,37760,113495,50.74,25,57599,42.46,11,12.63
8936,76468,248078,31.17,54,77364,23.53,25,30.98
8937,3282,431680,90.83,53,392169,88.06,34,1.49
8938,12441,156986,57.21,59,89839,44.76,29,13.04
8940,9351,67491,71.04,24,47954,62.77,16,13.49
8941,2217,34972,67.13,20,23481,46.44,9,6.26
8942,13318,198842,50.6,59,100663,41.69,30,13.51
8996,34340,93517,51.62,45,48300,36.81,21,11.53
8999,394,36000,62.85,28,22630,20.5,3,1.32
9103,21531,205532,11.59,30,23864,4.2,6,27.78
910322,7532,21365,26.6,5,5688,20.72,3,39.65
9105,124752,1639649,24.97,361,409696,15.33,100,19.06
910861,2751,34017,36.33,12,12364,23.07,5,16.57
9110,1753,54498,44.11,25,24049,21.88,6,7.7
911608,2201,34222,30.46,13,10428,9.8,2,15.57
911611,3111,88290,41.32,27,36505,28.83,11,9.24
911613,1402,11111,5.98,1,665,0,0,28.41
911622,1526,30000,52.1,9,15634,42.11,4,12.97
911868,6219,140000,35.8,38,50141,23.9,11,12.26
912000,6848,159294,34.71,47,55319,23.27,15,10.54
9136,4728,135515,68.32,34,92616,62.83,22,8.75
916665,366,816,0,0,0,0,0,57.85
9801,83459,395846,69.31,40,274446,66.04,20,17.11
9802,12009,200992,65.16,62,130998,56.3,32,10.5
9902,45217,98050,56.64,22,55548,50.28,11,17.46
9904,105456,2946787,69.33,441,2043362,64.73,223,7.81
9905,17365,305000,73.83,41,225232,72.25,32,8.34
9906,8345,90376,78.79,24,71221,75.0,18,9.32
9907,55667,1579145,74.97,181,1184185,70.79,76,6.66
9908,16440,516358,80.74,111,416964,74.82,64,5.51
9910,24134,987483,89.06,94,879739,86.85,57,4.07
9911,30987,222390,67.98,57,151241,60.9,34,15.0
9912,61876,53793,61.93,18,33318,55.19,12,15.83
9914,66185,298984,66.58,86,199117,56.73,45,12.56
9917,56090,451197,76.79,94,346559,71.22,55,8.62
9918,25301,180537,84.84,50,153211,77.04,25,2.47
9919,63677,195363,46.32,30,90517,42.86,19,27.86
9921,30527,392065,66.6,119,261187,56.9,60,12.11
9922,10425,216035,69.33,59,149806,59.03,25,7.16
9924,12992,150762,61.24,44,92361,53.54,26,16.16
9925,18872,387490,69.99,94,271285,63.15,50,9.14
9926,4267,179504,83.81,52,150477,73.65,23,2.44
9927,13944,120000,58.92,19,70726,52.7,8,17.78
9928,7190,70725,74.49,14,52696,67.16,6,7.5
9929,3773,101280,88.19,19,89337,84.06,11,2.5
9930,12209,248540,77.69,17,193119,76.76,12,8.07
9931,7919,120369,78.02,26,93949,73.38,17,3.71
9933,52352,944437,61.99,166,585748,55.5,67,9.88
9934,13778,411017,67.21,87,276328,59.59,34,7.11
9935,57689,177839,62.9,73,111888,49.63,34,7.12
9936,11638,104768,29.04,22,30454,20.07,7,20.06
9937,15843,309043,89.25,69,275881,82.53,34,1.94
9938,49299,297964,55.77,81,166217,47.76,43,14.96
9939,28850,295786,61.47,89,181882,51.72,47,14.67
9940,17262,736846,81.67,72,601957,78.2,25,4.54
9941,43913,575636,70.59,61,406517,66.98,29,12.65
9941A,3692,100000,81.98,23,81996,74.62,11,5.85
9942,9699,83161,52.91,26,44019,39.14,8,18.79
9943,15804,125172,71.09,13,88998,69.48,10,16.07
9944,10519,105908,78.65,43,83321,66.13,20,8.43
9945,104368,2844225,65.3,341,1857815,61.15,144,8.37
9946,14014,326554,81.29,36,265525,78.51,20,4.75
9948,73,211,0,0,0,0,0,65.68
9949,11119,44861,73.56,20,33006,53.9,7,11.59
9950,3708,167716,83.25,25,139651,80.07,15,4.66
9951,23768,73300,46.8,20,34310,39.55,11,22.37
9953,519,4382,0,0,0,0,0,18.02
9955,15104,104436,61.87,20,64640,56.56,11,19.41
9957,12865,3220414,96.04,72,3093097,95.49,42,0.97
9958,57001,246897,53.12,63,131203,43.1,22,23.51
9960,9590,33592,76.3,15,25636,60.18,7,6.01
9961,321,69099,93.39,16,64543,89.73,13,0.78
9962,29071,90220,46.64,26,42095,40.0,16,17.94
9965,68,776,0,0,0,0,0,21.58
YFU6,53,23060,88.2,10,20342,79.27,6,0.13
YHU4,552,232690,95.44,8,222109,94.69,4,0.54
YJS2,8993,115112,78.86,19,90793,74.07,11,3.39
YY0005,98,445,0,0,0,0,0,50.55
YY0008,55,203,0,0,0,0,0,79.3
YY0024,72,260,0,0,0,0,0,71.15
YY0027,62517,70345,12.95,10,9123,8.2,4,66.28
YY0028,33903,247269,39.73,58,98315,30.63,24,18.25
YY0029,8308,39020,30.63,8,11955,27.51,6,23.22
YY0030,3004,62727,52.21,25,32763,38.56,10,10.37
YY0031,430,4703,0,0,0,0,0,34.82
YY0032,358,3886,0,0,0,0,0,29.75
YY0033,2497,20320,16.08,3,3270,9.84,1,25.57
YY0034,266,1732,0,0,0,0,0,44.73
YY0035,15298,237388,36.43,50,86522,28.82,21,14.63
YY0036,136,348,0,0,0,0,0,75.85
YY0037,3450,80470,85.39,21,68725,79.57,14,5.58
YY0038,268,2681,26.72,1,716,0,0,23.4
YY0039,12864,250931,81.34,56,204142,76.04,35,5.35
YY0040,9027,73143,44.25,13,32376,37.78,6,16.03
YY0041,13693,279777,79.98,55,223817,74.53,33,7.75
YY0042,20020,70820,14.18,10,10058,10.08,5,36.45
YY0043,9585,40142,6.15,4,2473,0,0,52.52
YY0044,52994,444981,18.94,48,84384,15.26,21,29.35
YY0046,37381,552046,32.32,151,178569,21.09,45,13.42
YY0047,78052,1070256,31.58,284,338288,20.63,96,13.52
YY0048,7711,98824,49.21,27,48658,40.49,14,12.01
YY0049,33752,38915,26.26,7,10230,20.6,4,43.66
YY0050,55787,236304,21.54,50,50939,10.56,10,31.21
YY0051,7673,77637,33.76,17,26225,25.47,6,14.41
YY0052,4534,202305,69.16,68,139953,57.96,32,3.01
YY0053,24710,241617,46.76,45,113043,40.91,23,22.58
YY0054,5672,106933,46.91,29,50182,38.2,14,7.88
YY0055,5311,124278,46.61,56,57953,25.77,18,7.81
YY0056,2184,19785,51.38,8,10169,35.64,3,5.12
YY0057,4854,148068,56.92,40,84313,47.72,19,6.46
YY0058,3341,57743,35.86,18,20718,23.34,7,10.95
YY0059,1060,22565,21.04,6,4749,0,0,8.29
YY0060,683,9827,13.47,2,1325,0,0,14.8
YY0061,6534,53312,22.61,16,12065,8.44,4,19.26
YY0062,18050,320800,23.54,71,75615,13.25,19,16.37
YY0063,8948,20252,2.76,1,560,0,0,54.49
YY0064,5248,97674,63.77,30,62307,52.93,12,6.32
YY0065,17178,219904,28.28,56,62240,16.97,13,15.2
YY0066,19901,331761,30.02,79,99683,19.31,21,13.56
YY0067,6893,153046,29.37,49,44969,17.65,18,11.86
YY0068,28692,405729,23.38,66,94987,15.54,14,17.8
YY0070,22527,322825,33.95,85,109690,20.56,18,16.02
YY0071,14723,80719,18.85,11,15223,15.21,6,30.04
YY0072,2510,27500,18.32,8,5044,0,0,17.27
YY0073,2182,36625,35.78,16,13113,18.52,5,8.93
YY0074,10680,104222,17.67,22,18434,7.53,5,24.68
YY0075,3107,16421,10.3,3,1693,0,0,28.98
YY0076,450,450,0,0,0,0,0,100.0
YY0077,299,754,0,0,0,0,0,78.63
YY0078,330,2412,0,0,0,0,0,27.55
YY0079,79,330,0,0,0,0,0,63.93
YY0080,308,895,0,0,0,0,0,62.39
