stock_no,people,lots,b4_pct,b4_people,b4_lots,b1_pct,b1_people,s10_pct
00400A,137162,1932640,15.65,211,303016,10.75,51,19.2
00401A,17296,230395,24.8,27,57166,21.42,14,21.85
00402A,50767,740127,17.81,109,132004,10.45,18,21.25
00403A,1022567,16848019,15.58,1928,2628388,9.95,358,17.17
00404A,23957,364295,24.16,34,88084,21.03,14,20.86
00405A,161463,3300245,17.51,440,578385,11.16,102,13.67
00406A,55126,1148062,18.23,212,209391,9.71,44,14.05
00407A,162266,3011739,18.57,425,559884,11.76,88,15.39
00408A,8625,167634,30.56,39,51262,18.8,11,15.7
0050,3447355,21604500,26.69,893,5769622,25.05,263,26.5
0051,13643,24500,13.19,5,3233,0,0,56.15
0052,471546,2629000,19.55,159,514514,17.44,68,36.17
0053,6399,5488,19.07,1,1047,19.07,1,49.72
0055,12197,89654,46.9,19,42055,38.76,6,25.7
0056,1649737,14203034,12.02,709,1711681,9.76,151,25.7
0057,3066,1527,0,0,0,0,0,29.73
0061,6121,97116,33.37,23,32439,22.46,5,15.6
006201,3403,21446,49.6,7,10641,34.3,2,28.81
006203,2854,10218,77.07,5,7877,51.62,1,9.62
006204,1149,1500,0,0,0,0,0,46.01
006205,8994,94939,45.03,27,42778,32.62,7,17.78
006206,3192,27278,20.04,4,5470,10.97,1,25.17
006207,1579,20892,15.83,5,3312,0,0,17.03
006208,711711,1843540,10.16,59,187640,9.43,37,52.27
00631L,335792,7420848,29.91,1442,2221599,20.98,317,10.3
00632R,61118,2340208,43.55,769,1019539,28.71,207,5.09
00633L,3554,118458,36.46,38,43225,23.8,14,6.64
00634R,789,47256,55.37,17,26177,38.07,6,3.58
00635U,57968,305514,18.91,30,57821,15.86,15,33.97
00636,8289,97825,23.09,20,22604,15.74,7,19.49
00637L,11325,733606,58.06,269,426142,43.54,94,3.5
00638R,531,24448,53.2,9,13013,35.71,2,5.05
00639,5740,97403,26.03,22,25356,16.77,8,13.26
00640L,1289,6919,24.03,2,1663,17.31,1,26.74
00641R,1345,80758,49.76,31,40198,37.35,15,3.48
00642U,10387,98321,39.85,17,39192,34.23,8,21.33
00643,3222,73003,39.32,21,28722,24.81,5,11.54
00645,9967,43497,23.17,9,10083,14.57,3,36.66
00646,108440,572485,40.54,65,232160,35.95,24,25.77
00647L,1523,6416,29.61,1,1900,29.61,1,27.75
00648R,2428,140688,44.32,39,62379,32.17,12,3.65
00650L,2462,116838,49.56,46,57921,36.82,20,4.42
00651R,418,32192,66.44,15,21393,47.68,6,2.85
00652,9646,64535,31.86,15,20576,25.87,7,28.01
00653L,1310,14403,12.41,2,1790,8.05,1,19.75
00654R,383,19466,53.11,9,10341,33.48,2,4.38
00655L,2151,57958,29.96,19,17378,14.84,4,8.34
00656R,328,20357,72.42,13,14746,44.52,4,3.27
00657,1660,6584,17.63,1,1161,17.63,1,37.43
00660,1048,7531,32.85,4,2474,0,0,17.29
00661,7321,23425,17.94,5,4207,7.05,1,42.43
00662,107239,870529,36.99,92,322157,32.89,28,15.66
00663L,16937,158163,22.9,22,36261,19.03,12,21.74
00664R,7009,755575,58.69,365,443587,38.26,121,1.72
00665L,5363,472465,59.29,172,280176,45.51,66,2.18
00666R,126,14624,82.77,6,12106,82.77,6,1.45
00668,2014,7483,30.39,3,2275,16.81,1,32.65
00669R,3205,205117,46.35,64,95105,34.94,25,3.4
00670L,12421,74145,10.54,9,7826,3.44,1,28.27
00671R,3690,540384,69.13,216,373630,52.74,73,1.22
00673R,10124,495551,42.97,175,213032,28.56,57,4.28
00674R,1390,15421,45.32,4,6990,45.32,4,17.66
00675L,20304,115286,20.0,14,23077,15.44,6,30.83
00676R,4265,168834,39.0,56,65884,24.43,18,4.86
00678,1820,8448,21.42,4,1810,0,0,28.33
00679B,237978,6458192,43.86,685,2834127,38.95,150,8.8
00680L,19815,1505576,53.75,532,809706,38.67,161,2.74
00681R,98,7594,88.49,4,6721,79.15,3,1.71
00682U,265,7644,77.6,4,5932,51.67,2,3.98
00683L,335,11434,65.44,6,7483,52.94,3,5.18
00684R,183,9688,80.54,6,7805,63.4,4,3.57
00685L,208685,5679836,31.08,1366,1766449,19.64,283,9.43
00686R,1878,209776,63.31,95,132851,43.75,33,1.74
00687B,157799,4585635,44.51,569,2042002,38.97,139,8.31
00688L,9588,641115,48.25,221,309455,33.76,72,3.13
00689R,51,6889,94.22,6,6492,63.17,2,0.38
00690,17923,81830,11.24,11,9216,5.28,3,37.39
00692,92353,611780,16.41,31,100537,14.76,16,33.57
00693U,3283,81666,43.67,26,35679,34.17,12,9.28
00694B,1982,36576,72.49,7,26524,68.76,5,9.47
00695B,2287,39686,74.11,9,29420,68.69,6,10.51
00696B,11132,621181,83.29,28,517564,82.08,17,4.14
00697B,6534,64212,24.25,13,15579,19.97,8,21.76
00700,2692,34983,13.97,6,4893,8.35,2,17.28
00701,38332,172391,8.04,12,13874,6.26,6,50.34
00702,1162,6688,49.81,5,3332,15.25,1,25.9
00703,1057,9550,21.86,3,2090,0,0,23.72
00706L,6841,154771,30.98,40,47985,20.77,13,9.32
00708L,16203,126573,20.81,23,26361,13.11,7,25.33
00709,2385,15460,35.8,9,5537,6.84,1,23.41
00710B,3671,180761,82.41,10,149019,80.76,5,4.78
00711B,799,871761,99.34,5,866143,99.3,4,0.16
00712,134926,5007011,32.0,1130,1603501,21.14,208,6.05
00713,272602,1724512,23.05,78,397913,21.8,45,31.88
00714,2487,21067,48.0,12,10116,20.08,3,23.4
00715L,7005,115192,39.49,21,45523,35.49,14,12.04
00717,7735,123105,28.07,30,34565,17.44,8,15.82
00719B,14168,547014,61.13,58,334488,56.65,18,6.02
00720B,79669,3939109,64.14,307,2526740,60.71,77,4.74
00722B,13661,1455239,89.99,42,1309912,89.37,27,2.48
00723B,464,1519583,99.74,13,1515816,99.68,11,0.05
00724B,6337,3023275,97.64,35,2952348,97.43,23,0.52
00725B,42062,3700206,81.82,161,3028027,80.12,57,2.77
00726B,1764,1190989,98.0,20,1167285,97.6,12,0.33
00727B,715,56689,90.29,6,51197,87.11,3,2.74
00728,9547,38423,1.32,1,510,0,0,50.55
00730,13377,70544,17.33,10,12232,13.47,5,40.95
00731,8475,21600,18.2,5,3934,0,0,56.04
00733,21276,65466,13.83,6,9064,12.09,4,52.72
00734B,527,24979,82.56,2,20625,80.06,1,4.8
00735,33434,113789,16.96,18,19325,10.66,5,41.72
00736,513,6727,76.38,6,5139,42.81,2,9.39
00737,5508,22538,12.28,4,2770,4.88,1,44.94
00738U,34220,247299,18.6,40,46044,12.01,13,27.27
00739,1978,25988,39.29,10,10214,18.73,2,17.12
00740B,6034,2186471,96.8,48,2116790,96.35,32,0.6
00741B,1155,12628,43.1,2,5444,39.35,1,19.03
00746B,1346,2532464,99.56,27,2521893,99.41,20,0.09
00749B,203,1110500,99.78,8,1108213,99.75,7,0.02
00750B,74,148000,99.61,4,147431,99.32,3,0.04
00751B,68007,5092103,74.81,321,3810515,72.16,93,3.07
00752,17633,282216,34.93,36,98593,30.59,15,15.19
00753L,10768,728157,52.74,260,384163,37.49,79,3.09
00754B,452,1278400,99.74,15,1275202,99.7,14,0.06
00755B,1028,280230,97.77,8,274014,97.59,7,0.82
00756B,2336,1296800,97.58,18,1265676,97.25,11,0.37
00757,70503,272494,30.62,28,83479,28.31,17,33.87
00758B,123,5525,90.49,1,5000,90.49,1,2.16
00759B,114,47525,98.89,1,47000,98.89,1,0.16
00760B,639,435020,99.15,6,431351,99.15,6,0.28
00761B,3476,2733089,98.56,32,2694360,98.44,26,0.28
00762,23085,48248,20.5,7,9900,15.34,3,51.39
00763U,4474,46565,53.85,14,25085,47.61,10,18.69
00764B,8547,1546000,93.94,33,1452485,93.48,20,1.38
00768B,1654,760600,98.33,29,748093,97.76,22,0.37
00770,18317,79458,12.57,10,10007,5.69,3,41.52
00771,2079,14225,16.26,2,2314,11.94,1,30.23
00772B,41324,3366790,80.39,142,2706815,78.64,42,2.88
00773B,9075,2552790,95.54,42,2439671,95.18,26,0.84
00775B,182,232100,99.84,8,231768,99.23,6,0.06
00777B,213,2076650,99.92,14,2075360,99.88,13,0
00778B,184,1522650,99.94,12,1521978,99.89,10,0.01
00779B,662,1297150,99.59,9,1291978,99.48,7,0.11
00780B,1305,246602,97.32,9,240007,96.98,8,1.26
00781B,684,8336,29.55,3,2464,17.99,1,18.63
00782B,1244,19467,19.36,3,3772,14.23,2,16.62
00783,817,7031,8.12,1,571,0,0,25.48
00785B,247,1063466,99.82,11,1061672,99.7,8,0.02
00786B,1329,21066,31.34,6,6605,19.37,2,16.21
00787B,1036,12306,40.24,6,4954,16.25,1,17.51
00788B,1520,25206,26.15,8,6594,12.05,2,15.02
00789B,369,455600,99.38,11,452790,99.07,9,0.17
00791B,99,279100,99.67,6,278204,99.67,6,0.02
00792B,446,2276615,99.87,15,2273941,99.81,13,0.03
00793B,416,3026,14.93,1,452,0,0,27.5
00795B,38284,1554598,55.82,145,868085,51.85,43,5.94
00799B,1677,25536,22.66,6,5791,11.46,2,16.39
00830,175324,797465,23.99,64,191513,20.94,24,35.39
00834B,138,23198,96.14,5,22304,94.36,4,0.98
00836B,426,611041,99.56,12,608516,99.22,9,0.11
00840B,92,59431,99.27,3,59000,99.27,3,0.15
00841B,117,70440,98.66,4,69500,98.66,4,0.2
00842B,895,17767,46.42,5,8250,40.72,3,11.41
00844B,305,222175,98.95,4,219860,98.95,4,0.3
00845B,219,237051,99.34,3,235500,99.34,3,0.12
00846B,264,74350,98.18,2,73000,98.18,2,0.5
00847B,408,6805,50.63,3,3446,29.39,1,12.83
00848B,158,136066,99.58,3,135508,99.21,2,0.14
00849B,109,486106,99.78,6,485118,99.6,4,0.01
00850,80803,415444,17.36,31,72203,15.38,19,39.52
00851,2193,5525,27.87,1,1540,27.87,1,43.12
00852L,476,8365,65.68,3,5495,47.01,1,8.31
00853B,2370,178634,91.24,11,163016,89.28,5,3.34
00856B,417,6792,64.69,3,4394,44.16,1,9.05
00857B,16341,529268,51.75,68,273976,46.61,22,7.76
00858,19580,117374,15.24,14,17897,11.22,6,30.47
00859B,1452,27011,24.79,5,6700,20.46,3,11.57
00860B,354,3171,24.2,1,767,0,0,20.31
00861,19737,69412,5.42,4,3773,3.28,2,53.46
00862B,1540,879381,98.33,11,864828,98.23,9,0.41
00863B,343,511964,99.63,9,510089,99.42,7,0.11
00864B,3457,98722,32.54,22,32156,25.36,10,7.36
00865B,8876,277244,28.76,44,79769,21.48,11,6.3
00867B,207,565150,99.82,10,564176,99.72,9,0.05
00870B,320,564151,99.6,9,561942,99.41,7,0.1
00875,3558,13488,15.67,3,2115,7.61,1,48.75
00876,23136,91524,26.43,10,24200,23.3,5,39.94
00877,12486,154788,18.68,28,28945,12.01,11,20.52
00878,1617951,18345290,11.24,853,2064717,9.09,146,20.25
00881,318787,2403403,14.42,108,347011,12.81,40,31.46
00882,84964,2034849,27.02,398,550346,17.87,88,10.16
00884B,212,75440,98.74,4,74496,97.42,3,0.41
00885,50472,612238,16.1,92,98687,9.92,31,19.37
00886,1213,4451,13.21,1,588,0,0,45.72
00887,19743,416351,31.11,110,129590,19.49,31,11.61
00888,85295,558478,7.77,29,43503,5.67,10,37.04
00890B,714,18264,71.17,2,13000,65.7,1,8.5
00891,175352,1715090,13.63,97,233922,11.46,33,25.8
00892,47239,324292,15.84,28,51444,13.01,15,34.3
00893,58275,360884,8.27,22,29925,5.25,5,38.95
00894,25556,149009,15.14,11,22585,12.57,6,38.16
00895,29847,147916,10.52,8,15570,9.11,4,43.95
00896,49568,391380,8.99,25,35278,6.55,10,32.96
00897,10274,143012,20.51,27,29357,12.05,7,20.56
00898,10227,140476,17.51,26,24630,8.83,7,22.27
00899,3991,16635,8.73,2,1454,0,0,43.93
00900,135254,1611025,14.05,91,226874,11.63,24,22.84
00901,12216,63349,13.77,12,8733,5.37,3,41.1
00902,18407,226497,17.07,28,38717,13.19,13,22.0
00903,7300,49221,12.14,5,5983,8.77,2,36.99
00904,25245,163112,11.28,17,18428,4.89,4,36.45
00905,44761,358327,8.02,19,28769,6.42,8,31.66
00907,20353,156133,12.88,13,20139,10.26,7,32.54
00908,2790,35416,36.62,8,12975,27.36,4,19.27
00909,27446,106704,12.73,10,13592,8.32,3,45.6
00910,42482,127939,13.61,12,17429,10.78,5,48.3
00911,13191,27403,12.71,5,3489,5.34,1,57.76
00912,8595,60253,20.03,8,12078,14.67,3,33.36
00913,10894,47266,12.45,7,5897,3.81,1,43.8
00915,74090,520483,16.44,39,85662,14.07,18,35.81
00916,21819,119919,13.37,16,16054,7.69,6,40.67
00917,11944,61478,15.1,10,9294,6.45,2,39.61
00918,271264,3468264,12.66,197,439573,10.33,57,20.35
00919,1375210,18160135,10.85,1040,1974120,8.04,147,17.88
00920,7334,20280,18.88,5,3832,10.22,2,48.2
00921,9031,54770,11.87,7,6509,6.04,2,40.5
00922,189717,2116186,30.73,107,650701,28.57,31,21.44
00923,106245,853423,15.96,38,136395,14.75,21,31.81
00924,55788,439103,23.75,26,104355,21.95,14,27.29
00926,9333,92482,51.29,11,47444,47.89,6,22.17
00927,140132,1350897,12.99,90,175688,10.23,28,26.84
00928,7395,45856,20.97,9,9623,15.5,5,35.05
00929,428087,4741639,9.7,197,460473,7.9,47,22.77
00930,19464,131779,8.34,7,11002,6.41,4,38.12
00931B,34764,2227898,75.72,106,1687382,73.92,40,4.2
00932,13929,119783,11.89,9,14270,10.24,6,32.45
00933B,79279,6384458,75.75,420,4837602,72.66,98,3.03
00934,48891,423026,9.77,25,41427,7.69,11,31.27
00935,121563,833504,21.31,53,177786,19.55,28,29.66
00936,23235,205797,9.74,9,20101,8.28,5,30.82
00937B,214690,16938805,60.45,3075,10243740,51.72,610,2.71
00938,6367,94516,40.78,8,38556,39.01,6,19.86
00939,104196,1193476,7.45,50,89126,5.6,16,26.75
00940,327890,5469865,12.55,427,688153,8.8,81,17.95
00941,49194,454291,11.96,36,54433,8.4,11,28.95
00942B,10121,2005459,89.49,67,1795115,88.42,30,1.37
00943,4123,41389,34.87,6,14438,31.36,4,26.49
00944,7983,55081,11.92,8,6571,5.51,2,36.87
00945B,18844,802318,39.38,131,316093,31.99,36,5.46
00946,37293,460746,18.25,33,84120,16.12,14,22.8
00947,39266,284364,21.27,30,60548,17.19,13,31.91
00948B,27047,3977927,80.64,307,3208906,77.3,91,1.61
00949,18046,174428,20.19,26,35257,15.02,11,28.07
00950B,12528,4013309,90.68,148,3639996,89.22,52,0.72
00951,15786,218042,26.21,35,57189,20.49,14,18.83
00952,22971,244775,10.86,26,26629,5.56,7,25.28
00953B,48400,4138175,51.93,1241,2149734,38.02,294,2.33
00954,10939,114747,20.7,17,23789,14.73,6,24.03
00955,42141,582431,26.76,73,155946,21.94,27,18.26
00956,3333,34130,21.2,6,7242,12.35,2,24.11
00957B,4045,191263,50.09,29,95850,44.01,12,6.01
00958B,4431,124771,24.03,26,30006,17.18,11,10.14
00959B,9485,513336,48.53,77,249214,41.59,21,4.55
00960,9459,60495,13.56,5,8212,11.97,4,39.21
00961,31386,444011,11.38,38,50580,7.57,9,19.49
00962,5686,54420,24.15,11,13145,14.76,4,27.05
00963,4454,101433,31.85,25,32325,23.66,11,10.3
00964,4204,69624,22.52,15,15703,13.28,5,14.17
00965,36360,439492,41.19,44,181113,38.53,25,19.55
00966B,3992,117732,37.11,20,43715,29.94,8,10.64
00967B,2648,181407,71.0,35,128849,62.52,12,4.1
00968B,8410,710011,64.6,93,458797,59.86,39,2.97
00969B,2120,158633,71.37,45,113256,62.02,21,3.65
00970B,5986,380729,59.54,57,226810,53.52,23,4.42
00971,7040,58677,19.02,10,11170,11.91,4,28.98
00972,1709,17672,32.71,3,5782,30.42,2,22.22
009800,20285,288391,24.21,47,69888,19.17,22,17.9
009801,8276,98119,26.07,18,25589,20.3,9,21.97
009802,40368,533495,13.5,53,72134,8.56,13,21.32
009803,20373,185828,15.91,18,29611,13.52,11,26.5
009804,18950,156892,8.07,14,12686,4.22,4,30.13
009805,54824,621816,21.36,72,132966,16.61,22,22.75
009806,1115,14161,58.83,6,8334,51.26,4,17.08
009807,1217,14260,55.68,8,7943,31.08,2,19.99
009808,4419,40511,9.76,4,3960,5.41,2,31.45
009809,2590,32363,33.87,7,10969,23.46,2,21.96
00980A,70412,708230,16.83,53,119299,14.47,23,25.88
00980B,1559,53569,45.21,14,24227,36.82,6,7.75
00980D,3385,98457,40.32,26,39718,30.95,10,7.84
00980T,3342,71418,48.01,10,34305,42.38,4,13.36
009810,1917,19154,30.89,5,5919,22.09,2,23.38
009811,23803,248950,19.82,36,49398,13.86,13,24.69
009812,6146,99382,38.23,23,38015,30.41,10,16.25
009813,25066,344324,21.33,54,73512,14.98,18,20.48
009814,12794,147076,18.25,22,26873,13.86,11,23.04
009815,31728,470670,22.5,64,105999,16.81,20,18.7
009816,915247,11401344,18.09,1286,2064612,12.79,259,20.46
009817,10715,246936,28.61,58,70703,18.94,15,12.55
009818,5438,53652,7.88,2,4233,6.12,1,32.07
009819,57876,678745,13.74,60,93352,10.06,22,25.48
00981A,996982,9721709,19.83,942,1930659,15.48,241,22.83
00981B,15437,1418613,52.1,506,739295,35.57,122,2.01
00981D,8728,546800,47.63,161,260590,33.33,35,3.22
00981T,7858,223261,34.63,58,77373,23.53,18,8.97
009820,40934,1297202,41.08,257,533168,31.36,59,9.18
009821,72030,728840,11.43,60,83506,8.41,23,28.82
009822,6857,104056,11.42,12,11903,6.49,4,23.64
009823,35447,373317,18.3,37,68399,13.37,8,28.03
009824,52885,662347,19.96,83,132378,13.64,16,24.28
009825,5787,199208,18.09,41,36086,7.94,8,8.81
00982A,180221,2204436,14.42,166,318463,10.93,36,21.52
00982B,780,28400,64.89,6,18431,63.13,5,6.32
00982D,2792,73729,35.66,21,26303,25.3,8,9.96
00982T,1792,18597,36.1,6,6717,23.19,3,27.3
00983A,10212,99186,20.95,14,20793,17.7,8,25.55
00983B,825,28653,60.88,9,17450,48.46,3,6.99
00983D,3997,100197,29.59,30,29675,13.6,6,7.75
00984A,64973,639958,14.83,44,95004,12.04,17,26.98
00984B,3744,126433,35.94,32,45472,26.06,10,7.02
00984D,9215,602057,43.07,213,259419,26.03,54,3.36
00985A,48267,468289,15.63,39,73312,12.36,13,26.86
00985B,8066,600001,57.64,137,345934,47.96,44,3.34
00985D,1786,83732,62.08,17,52005,53.56,7,5.13
00986A,4970,41327,17.56,7,7266,9.91,3,31.65
00986B,398,24762,83.84,8,20762,77.36,5,3.69
00986D,2387,154677,50.34,43,77879,41.22,23,3.52
00987A,18916,173143,15.61,16,27054,11.76,6,30.51
00987B,2201,69327,52.72,21,36561,40.14,9,8.3
00988A,240460,3355437,24.42,371,819916,19.21,82,18.01
00988B,4539,131333,32.86,22,43176,26.77,10,9.21
00989A,7094,72617,18.67,8,13573,17.08,6,25.51
00989B,1668,71952,58.16,14,41855,50.87,7,7.3
00990A,125783,2470022,35.88,408,886909,27.84,98,13.3
00990B,3483,92850,41.37,21,38431,32.78,9,11.83
00991A,339061,4487916,20.08,483,902139,15.25,116,19.52
00992A,192566,2418955,16.83,229,407480,12.48,58,21.67
00993A,50985,784591,16.28,98,127933,10.68,22,18.97
00994A,31916,304690,17.71,33,54002,13.28,10,25.8
00995A,26767,299035,14.18,27,42458,10.53,9,26.03
00996A,25428,319399,17.75,40,56751,11.84,9,23.09
00997A,73512,1273377,21.43,153,273103,15.73,33,16.83
00998A,15569,209609,38.9,23,81574,36.1,13,19.21
00999A,100418,1196517,11.93,97,142974,8.31,25,25.63
01001T,1366,583000,93.26,61,543836,90.1,28,0.5
01002T,3281,1393000,93.62,112,1304431,91.22,61,0.54
01004T,1240,730200,94.06,82,686945,90.42,38,0.31
01007T,1816,720000,92.9,83,669043,89.58,45,0.47
01009T,953,300000,90.41,61,271254,85.65,40,0.63
01010T,853,2308170,98.74,82,2279496,98.02,57,0.04
1101,511522,7523182,55.42,913,4171388,51.34,409,12.99
1101B,7441,200000,94.13,22,188290,91.32,14,2.14
1102,104483,3546563,81.13,330,2878048,78.91,196,6.17
1103,74233,832875,80.25,136,668567,76.66,87,5.87
1104,55919,686682,72.96,109,501110,67.14,43,8.22
1107,3436,10100,99.7,1,10070,99.7,1,0.29
1108,13026,404738,79.28,73,320930,74.84,43,6.52
1109,12097,341159,79.51,70,271333,72.88,36,5.91
1110,5212,572001,94.04,58,537979,91.42,36,0.99
1113O,178,840,0,0,0,0,0,63.21
1113R,382,2129,0,0,0,0,0,30.66
1201,87887,506063,63.56,63,321747,59.16,26,12.47
1203,55363,240000,90.92,50,218279,86.74,35,2.96
1204,3519,18375,45.74,6,8407,31.77,2,19.64
1207,46695,464094,77.27,48,358693,75.29,31,9.48
1210,98559,894767,65.9,132,589902,61.68,70,14.47
1212,30409,174147,44.23,45,77058,35.58,20,17.36
1213,6593,56623,81.63,12,46226,77.06,8,7.23
1215,97024,294790,58.16,37,171529,53.96,18,24.13
1216,142856,5682015,89.75,767,5100285,86.23,451,3.91
1217,138645,494513,60.89,128,301210,53.6,71,14.76
1218,82877,499999,67.28,64,336488,63.57,35,11.69
1219,53062,341238,63.16,76,215615,58.33,51,10.73
1220,47263,177078,67.57,46,119695,60.42,27,10.7
1221,18667,95041,34.18,22,32505,25.85,10,21.98
1224,3614,71910,88.36,20,63549,82.38,13,3.39
1225,43305,242268,89.83,39,217677,87.46,29,3.29
1227,54139,915090,67.22,76,615358,63.94,28,12.96
1228,1583,11130,37.93,5,4224,12.17,1,11.98
1229,102822,1795961,65.46,161,1175991,62.74,80,10.62
1231,35098,298454,64.74,26,193288,63.11,17,16.6
1232,17098,159975,73.57,10,117708,72.1,6,12.82
1233,10338,90592,75.38,27,68317,67.96,15,4.88
1234,24376,401871,82.99,136,333630,74.25,80,5.68
1235,2961,188578,96.34,15,181685,95.38,12,1.12
1236,11859,86674,83.01,23,71970,78.1,18,7.21
1238,2042,29948,11.73,4,3516,8.56,2,21.52
1240,3054,44232,69.67,25,30822,49.14,11,8.36
1256,6241,35781,59.9,10,21440,47.11,3,17.37
1259,16389,32390,77.39,9,25071,71.38,6,8.99
1260,1323,102098,76.33,30,77951,70.63,20,2.07
1264,9130,37052,47.27,16,17524,24.84,5,23.94
1268,3341,42224,78.11,17,32982,72.16,12,8.24
1269,688,20902,77.78,7,16260,72.78,5,3.12
1271,2973,77089,74.09,19,57140,64.41,7,5.88
1293,398,17094,74.29,11,12702,42.36,4,3.18
1294,4500,30572,56.24,13,17201,40.78,6,11.67
1295,3133,34475,56.49,14,19483,44.94,8,15.75
1301,300742,6365741,75.21,561,4789345,72.59,298,9.16
1303,261713,7930822,86.46,697,6858249,83.97,386,4.81
1304,101171,1188764,60.85,108,723675,57.59,46,13.95
1305,72854,581050,51.0,59,296441,47.28,23,16.96
1306,6134,44537,21.32,4,9502,19.39,2,23.57
1307,17795,397818,81.4,63,323940,78.12,42,6.48
1308,76923,593744,52.19,63,309908,48.66,29,16.78
1309,79193,397587,47.0,31,186967,43.31,9,22.23
1310,107719,527870,29.57,83,156183,23.62,29,25.68
1312,136744,1506620,59.91,176,902932,55.96,78,13.7
1312A,1276,20000,54.29,12,10862,21.4,2,13.56
1313,63063,1330846,67.96,160,904766,63.82,70,9.67
1314,309686,3784850,41.14,752,1558005,33.01,243,14.93
1315,5922,99099,80.7,42,79987,70.24,25,6.52
1316,60967,401646,43.08,89,173111,32.76,23,17.35
1319,34035,591477,79.26,100,468948,75.52,60,9.79
1321,4016,227228,70.2,93,159545,53.32,34,2.7
1323,13601,91275,70.52,36,64380,61.09,23,8.68
1324,23525,75122,66.07,20,49646,59.28,12,16.56
1325,36200,85281,47.91,9,40872,44.85,5,27.45
1326,185581,5861186,82.79,503,4853376,80.26,264,5.94
1333,15934,74515,51.19,14,38160,43.03,3,11.0
1336,12027,77614,50.94,23,39557,39.24,7,11.7
1337,52483,268955,47.97,57,129066,39.38,19,14.65
1338,55822,83840,42.9,24,35983,31.35,10,19.08
1339,7299,74124,74.58,15,55289,72.46,13,11.11
1340,61838,152923,34.43,23,52667,28.84,8,19.9
1341,9786,52851,83.7,16,44243,75.97,9,2.63
1342,8637,78001,59.89,15,46722,51.58,5,16.43
1343,1236,40514,66.04,22,26763,42.1,7,5.74
1402,90976,5352875,88.59,423,4743385,86.63,255,3.08
1407,162300,441120,35.25,76,155617,28.84,29,29.77
1407A,4926,67908,53.45,9,36304,52.82,8,18.89
1408,70798,352262,20.66,72,72860,12.51,23,29.38
1409,153914,1618409,63.25,215,1024004,59.66,122,14.34
1410,6669,62000,76.25,19,47287,68.23,11,5.43
1413,8511,132112,75.85,26,100240,69.33,13,5.79
1414,26616,198000,88.17,37,174618,82.76,22,4.79
1416,45827,185342,54.79,40,101607,49.06,22,14.71
1417,55638,189942,58.32,51,110819,48.19,20,16.62
1418,30643,56834,71.5,19,40645,58.96,7,5.43
1419,17032,300041,90.68,71,272111,85.54,48,2.18
1423,18248,99648,83.4,29,83124,74.58,15,4.91
1432,256118,108000,54.85,16,59250,53.36,13,30.17
1434,66119,1684665,71.83,163,1210463,68.53,70,7.97
1435,33224,139780,94.88,24,132627,93.06,19,2.22
1436,14747,194152,75.91,38,147425,72.73,28,9.84
1437,8662,201871,79.48,76,160483,66.26,35,4.87
1438,5061,111206,83.15,29,92482,76.45,18,4.99
1439,4426,92000,84.75,31,77988,74.67,17,5.03
1440,95502,1656816,77.66,265,1287120,73.03,143,7.08
1441,14846,71744,65.0,15,46655,58.35,7,19.79
1442,8823,366211,86.73,107,317689,78.21,62,3.37
1443,15753,135343,89.9,40,121695,81.1,21,2.77
1444,62517,995595,63.82,134,635527,59.82,71,10.96
1445,11933,130666,68.74,39,89839,60.48,21,7.71
1446,8043,137710,65.55,28,90299,61.86,19,8.81
1447,45230,910071,69.89,127,636259,65.76,67,10.73
1449,45899,127115,38.24,27,48624,31.42,14,24.55
1450,15147,79161,25.72,14,20375,20.95,8,25.46
1451,16898,198000,63.36,39,125502,56.62,15,10.97
1452,47144,132641,48.81,40,64778,37.81,18,15.39
1453,14164,113243,75.61,18,85638,73.67,14,12.46
1454,13831,129834,81.71,35,106117,77.53,27,6.47
1455,35400,531688,66.8,79,355212,62.7,42,11.86
1456,4593,93720,84.97,14,79658,80.55,8,3.37
1457,16713,316730,74.72,70,236750,68.53,39,6.75
1458,21173,260762,59.75,59,155851,51.03,23,13.68
1459,13860,358629,85.78,77,307711,79.71,42,4.43
1460,24394,694643,71.84,123,499170,65.16,51,6.45
1462,61203,300690,46.48,99,139820,34.37,37,16.04
1463,33474,173268,81.3,41,140907,74.78,20,5.19
1464,63450,425576,61.12,83,260171,54.31,38,10.02
1465,10274,103607,72.81,38,75469,62.37,22,10.13
1466,22106,111157,67.79,33,75367,61.77,23,11.37
1467,18207,233625,66.87,44,156251,59.32,17,10.46
1468,1353,160405,97.55,18,156504,96.81,16,0.45
1469,336,87218,92.35,28,80568,87.63,21,0.17
1470,1222,85767,87.26,36,74858,70.24,13,0.76
1471,56633,150415,22.55,25,33943,16.9,8,30.22
1472,3634,52488,81.18,17,42622,69.84,7,2.73
1473,12674,146154,71.65,30,104744,69.22,24,9.94
1474,16489,129897,59.43,32,77222,52.97,17,13.49
1475,2309,66017,76.28,16,50373,68.99,8,4.43
1476,18906,274367,80.76,80,221677,73.96,50,6.31
1477,29442,246694,62.83,83,155043,52.17,42,14.92
1480,366,416085,98.22,60,408712,94.46,37,0.16
1491,1719,54818,59.65,24,32708,46.3,13,3.37
1492R,86,526,0,0,0,0,0,36.14
1503,80710,520972,73.5,63,382980,71.09,44,14.48
1504,211278,2376441,69.56,225,1653502,66.87,119,15.16
1506,21456,300389,77.28,47,232212,71.34,16,4.26
1512,20053,98183,53.9,19,52941,47.82,8,9.55
1513,164990,503113,43.22,75,217560,38.91,39,37.62
1514,100123,273108,41.81,59,114238,33.07,24,36.28
1515,23858,181474,50.78,38,92199,41.47,12,20.31
1516,44979,40008,64.8,15,25933,58.69,11,11.75
1517,46485,220000,48.9,31,107647,44.08,14,22.28
1519,86842,315881,72.52,74,229131,65.91,42,14.49
1521,23558,76230,67.66,12,51594,66.04,10,13.51
1522,30724,312898,57.4,50,179681,52.39,24,20.24
1522A,1467,30000,89.08,10,26728,81.87,7,4.58
1524,46106,165310,38.37,22,63455,35.29,12,31.76
1525,3257,73400,88.19,8,64740,86.25,6,5.63
1526,52345,60000,37.19,11,22321,29.94,3,24.1
1527,64567,138571,32.46,22,45010,27.87,11,29.08
1528,91764,191331,29.92,12,57271,27.74,4,38.94
1529,27992,155095,45.95,24,71292,40.95,11,25.36
1530,10842,94594,75.96,15,71867,70.06,6,11.21
1531,12880,182108,64.46,54,117422,54.09,21,9.3
1532,19730,422604,66.48,107,280995,58.71,53,8.58
1533,9925,98547,63.28,35,62375,52.11,18,17.18
1534,4105,67733,46.92,19,31798,35.3,7,13.12
1535,9978,123743,75.56,10,93515,75.15,9,11.37
1536,84265,278960,34.3,54,95711,27.98,25,31.42
1537,15510,82063,52.23,26,42883,42.7,14,23.56
1538,7628,32300,78.45,7,25345,70.77,3,6.72
1539,5362,65370,60.81,11,39761,60.18,10,16.06
1540,39907,85474,36.55,23,31257,22.82,5,31.1
1541,2468,78800,83.75,15,66013,79.45,10,4.76
1557,114,1733,30.38,1,527,0,0,13.79
1558,28219,64536,35.52,29,22944,13.66,7,24.67
1560,24569,150434,65.68,64,98845,49.94,27,11.99
1563,43307,225608,48.38,72,109194,36.1,28,12.11
1565,37451,50417,18.13,12,9149,8.26,3,38.32
1568,9603,103087,64.46,31,66466,55.05,16,12.75
1569,24268,144247,51.9,33,74878,44.28,15,14.78
1570,34892,51501,55.72,12,28711,44.49,2,11.85
1580,27466,49339,40.17,15,19829,29.88,8,25.71
1582,66816,144269,30.49,24,44011,25.38,12,35.44
1583,2497,109400,91.25,17,99839,89.51,14,3.03
1584,56441,232471,41.03,37,95421,36.2,18,22.27
1585,933,57700,65.76,32,37958,46.04,12,3.12
1586,12698,131849,71.2,46,93904,60.41,24,9.04
1587,12146,80056,46.39,21,37152,37.89,8,20.99
1589,43144,153136,28.36,30,43474,21.01,11,24.98
1590,6244,200000,73.11,104,146272,52.0,35,1.69
1591,32034,38048,21.42,10,8154,8.04,1,22.0
1592,6283,110978,26.44,25,29355,18.1,8,15.25
1593,3328,39785,50.04,18,19911,35.42,9,14.04
1594,672,33220,82.82,12,27515,75.4,8,3.42
1595,9269,55725,45.02,20,25100,33.7,11,18.26
1597,18343,89262,51.62,34,46088,36.86,14,25.63
1598,10694,179142,60.09,48,107672,53.0,29,11.66
1599,11980,73029,64.66,20,47239,57.12,12,17.3
1601,16661,106267,11.53,13,12265,6.26,3,25.97
1602,274264,386875,12.14,26,47056,9.55,9,58.28
1603,13803,191688,72.51,30,139032,69.06,20,12.97
1604,101988,384200,57.99,70,222873,52.4,35,17.32
1605,270139,4431333,72.66,371,3220661,70.19,193,11.19
1606,77565,770101,15.85,120,122172,9.46,32,24.55
1608,53581,632774,63.33,50,400830,60.37,21,17.09
1609,199109,785262,31.95,109,251118,28.35,60,31.3
1611,86990,322736,53.51,81,172773,45.26,36,20.27
1612,38536,316080,59.69,61,188714,54.0,30,18.05
1613,22768,227418,57.73,67,131331,47.37,28,9.98
1614,4236,269113,82.77,83,222769,75.41,51,2.25
1615,8534,196664,80.41,34,158197,76.81,22,6.85
1616,14983,194149,59.88,27,116313,55.76,15,16.11
1617,11664,169515,76.26,40,129304,69.1,22,9.71
1618,22912,192692,56.53,27,108963,53.01,15,22.25
1623,6209,66000,76.4,12,50434,73.47,9,11.58
1626,9987,149822,69.46,49,104082,60.09,27,8.83
1702,64087,294133,57.38,29,168845,54.67,16,20.02
1707,68305,148137,52.86,51,78351,41.96,26,22.05
1708,85799,249002,40.9,45,101870,34.67,22,33.25
1709,41844,477016,67.37,124,321481,57.93,54,10.34
1710,61315,885703,62.54,137,554187,57.17,60,12.38
1711,101688,547752,42.74,79,234157,38.13,37,25.95
1712,82428,420493,56.49,124,237583,45.77,54,14.87
1713,23601,150952,73.71,30,111288,66.61,11,7.28
1714,107687,991825,54.8,140,543664,50.22,64,16.02
1717,104028,1184245,64.62,227,765580,58.59,114,16.18
1718,195925,1685906,53.1,208,895689,48.42,77,17.41
1720,15448,178696,65.35,32,116803,59.42,15,14.34
1721,68527,184884,36.98,30,68424,31.58,14,28.87
1722,121993,980000,65.43,155,641382,59.9,69,12.03
1723,62878,236904,52.9,41,125387,47.04,16,21.72
1725,3782,181830,94.21,19,171334,93.1,16,2.87
1726,9554,162000,85.56,27,138629,83.71,22,4.9
1727,23860,128020,54.51,22,69798,49.39,12,26.42
1729,4209,180688,91.39,47,165189,85.84,32,3.55
1730,10183,63234,57.3,11,36241,53.73,8,25.59
1731,18602,132915,55.99,19,74445,51.39,9,15.29
1732,38102,42444,46.4,5,19696,44.13,4,28.74
1733,38490,99950,42.44,17,42435,33.03,5,21.08
1734,70706,190197,49.78,46,94715,40.53,18,18.74
1735,8498,99388,78.39,12,77915,77.79,11,9.9
1736,7868,303395,88.45,46,268421,83.17,22,3.37
1737,74589,200000,63.5,27,127055,59.32,13,17.82
1742,11423,92671,80.87,27,74968,71.99,14,4.4
1748,710,14304,39.26,3,5618,36.13,2,16.91
1748R,105,529,0,0,0,0,0,61.98
1752,8279,100988,64.11,20,64767,57.64,11,15.74
1760,38914,85739,42.27,21,36266,33.84,8,25.86
1762,54007,76918,45.53,16,35032,36.1,5,21.71
1773,15730,300000,75.44,60,226393,69.54,30,7.31
1776,3301,60107,65.79,32,39555,44.13,13,9.05
1777,3359,44592,59.61,9,26586,53.89,5,11.93
1780,2870,109075,76.38,42,83342,62.0,19,4.69
1781,35670,47408,44.53,22,21119,23.54,6,22.04
1783,38210,89698,63.61,19,57075,55.8,7,10.61
1784,34551,53121,28.04,14,14903,18.13,6,25.8
1785,128675,595980,43.75,112,260892,37.55,52,26.56
1786,44633,74828,52.49,26,39288,45.57,17,17.46
1788,7760,44521,50.01,15,22272,40.1,8,23.24
1789,24925,790739,76.86,54,607907,74.62,23,6.27
1794,131,1322,0,0,0,0,0,16.46
1795,41983,266874,56.89,30,151865,52.21,10,22.34
1796,7639,41460,55.72,12,23115,45.18,5,8.54
1799,5743,124690,68.14,9,84978,66.48,5,8.13
1802,207792,2908061,76.2,166,2216545,74.35,82,13.16
1805,9492,134970,77.74,38,104946,70.38,22,5.03
1806,24793,390404,74.28,58,290053,70.59,35,9.72
1807,7562,114400,47.35,37,54177,38.19,20,12.55
1808,28253,893032,80.18,97,716255,78.08,65,6.74
1809,54328,167042,48.69,33,81368,43.84,19,30.87
1810,22701,302304,67.06,72,202740,63.13,52,15.24
1813,9115,46636,47.72,16,22266,33.67,5,23.23
1814,452,18982,78.83,13,14966,52.86,5,4.45
1815,178571,585479,32.47,67,190222,29.71,43,39.48
1816,901,24515,94.8,2,23242,91.94,1,1.83
1817,4589,72600,65.11,26,47282,58.37,17,11.62
1818,135,11635,75.49,7,8785,63.87,5,1.46
1819,136,33504,84.42,17,28292,65.69,9,0.51
1903,21073,260039,81.16,66,211096,74.88,41,4.11
1904,330316,1108275,66.75,142,739953,62.2,67,13.5
1905,73248,1102835,71.6,69,789961,69.36,28,13.45
1906,12646,151000,74.5,26,112516,70.26,17,10.9
1907,84445,1660371,84.79,208,1408227,81.4,118,5.38
1909,83878,1327686,67.44,166,895591,63.16,74,8.49
1918,30875,241319,20.59,26,49747,17.61,15,31.76
2002,1343139,15734861,52.2,1504,8217157,48.43,465,16.35
2002A,5415,38268,22.43,10,8590,11.38,3,28.61
2006,62652,730214,79.67,154,581914,73.43,87,8.69
2007,27820,530652,76.75,14,407407,75.66,4,9.12
2008,7591,190852,92.39,18,176363,91.06,14,3.22
2009,49180,359622,57.02,16,205173,55.3,6,25.55
2010,35476,647655,68.29,115,442469,64.31,73,10.68
2012,44559,302163,84.08,80,254102,74.59,33,4.99
2013,44185,200000,79.5,25,159023,76.61,16,11.31
2014,175187,1435544,49.9,99,716617,46.9,30,20.19
2015,11846,581599,88.06,151,512260,81.86,92,2.88
2017,41088,446875,62.1,68,277581,57.59,33,12.9
2020,60073,267031,50.49,51,134888,45.13,30,17.12
2022,62676,337168,39.7,30,133931,37.03,15,22.14
2023,102666,1841240,79.03,117,1455599,77.44,67,7.14
2024,50487,97500,83.01,13,80945,80.77,9,6.94
2025,30350,172661,62.48,30,107922,59.09,20,11.57
2027,116052,2584261,75.45,375,1950377,71.38,202,8.01
2028,21618,325715,83.39,39,271675,81.21,28,6.5
2029,14502,321180,71.31,22,229139,68.35,6,8.86
2030,57082,280526,48.07,42,134903,44.51,26,20.25
2031,66227,321146,56.97,61,183008,51.91,34,17.23
2032,12274,130522,58.62,42,76539,48.7,20,18.0
2033,4985,80695,73.92,30,59662,61.19,16,8.49
2034,38982,528996,49.3,101,260907,43.26,46,16.2
2035,20824,350000,96.72,23,338578,96.25,21,0.64
2038,25113,194134,53.57,26,104040,49.27,13,17.28
2049,67891,353792,68.98,104,244124,60.54,55,14.78
2052R,5564,9170,10.19,2,935,0,0,49.56
2056,254,105000,93.63,45,98339,85.7,33,0.43
2058,37166,305362,25.88,63,79109,18.4,22,17.07
2059,21299,95297,66.51,32,63406,56.28,16,4.95
2060,135,35739,87.22,4,31173,87.22,4,0.33
2061,11269,57378,50.69,27,29099,29.67,7,13.93
2062,11549,199994,61.82,40,123678,54.84,15,12.76
2063,3379,48101,53.4,19,25692,37.45,7,12.89
2064,1639,69330,83.04,30,57585,72.44,16,4.53
2065,49400,63517,52.62,18,33433,44.2,10,19.26
2066,3038,44450,68.91,19,30636,53.56,8,10.84
2067,2242,45138,56.5,12,25510,49.07,6,10.19
2069,9442,166387,61.91,43,103047,52.15,18,12.91
2070,5718,41783,57.15,15,23888,47.35,8,22.0
2071,984,69046,83.86,24,57906,72.16,11,2.24
2072,9501,192000,75.32,27,144662,72.13,16,7.75
2073,633,27500,75.18,15,20678,51.57,6,3.29
2101,36765,733935,65.51,136,480877,59.41,62,8.62
2102,79274,473329,80.78,66,382433,76.79,36,5.63
2103,85006,825710,56.49,124,466674,51.61,54,12.45
2104,108294,984734,45.06,197,443886,36.72,67,12.46
2105,80172,3241416,81.23,300,2633710,78.64,162,5.66
2106,33152,954890,80.06,164,764628,75.14,85,5.24
2107,47915,303593,63.56,73,193046,58.07,44,13.77
2108,54067,492417,70.05,95,345108,64.56,54,11.8
2109,35121,279349,74.53,70,208242,66.72,35,5.8
2114,5386,77992,65.28,18,50918,59.03,9,11.01
2115,3757,104373,70.36,36,73453,58.65,17,6.03
2201,91650,1070001,64.08,110,685939,60.09,44,13.44
2204,40622,553620,74.51,61,412595,71.66,35,11.74
2206,69299,773676,84.64,104,654927,80.61,59,6.35
2207,14785,557103,89.36,112,497907,82.84,52,1.74
2208,123836,1274539,55.55,144,708223,50.68,43,15.11
2211,24052,417091,82.19,55,342889,78.48,32,6.85
2221,3365,42325,65.66,5,27796,64.71,4,13.55
2227,7635,300000,93.51,11,280532,93.27,10,3.6
2228,9970,79780,56.53,14,45106,53.88,10,21.2
2229,59,1462,41.04,1,600,0,0,7.78
2230,10655,68030,45.69,26,31093,31.78,12,16.25
2231,13803,135932,66.11,29,89899,62.61,19,14.92
2233,37328,60289,49.82,18,30043,34.12,4,23.13
2235,1373,35878,83.9,12,30108,76.08,8,6.62
2236,3071,63517,72.7,22,46198,62.26,11,6.03
2237,2110,121773,80.82,21,98430,74.81,8,3.38
2239,2761,117713,80.0,17,94177,77.26,12,4.46
2241,28631,104602,45.77,36,47893,33.49,14,16.34
2243,2838,77374,69.13,35,53508,53.91,16,6.6
2245,494,32400,79.02,11,25607,66.91,5,2.68
2246,2881,42613,68.53,3,29213,65.07,1,9.14
2247,8194,80711,76.68,14,61904,72.7,8,10.2
2248,1004,47600,78.29,16,37274,69.67,10,3.29
2249,1153,25538,71.5,14,18267,54.36,6,6.79
2250,9330,36388,51.28,4,18665,48.97,3,21.03
2252,1898,106618,80.0,19,85316,74.25,9,3.75
2254,2652,63908,92.89,15,59376,87.89,10,1.4
2255,1951,60932,79.17,18,48250,73.38,11,4.45
2256,2293,39024,58.82,16,22958,42.62,5,11.21
2258,9047,1751277,93.86,54,1644056,92.72,24,1.13
2301,212763,2316108,78.64,437,1821848,73.7,262,11.31
2302,24586,166303,60.68,16,100957,56.69,6,21.82
2303,962582,12576985,75.5,1211,9497041,72.85,687,11.86
2305,21470,205661,67.62,27,139093,63.39,13,13.87
2308,564243,2597543,81.32,569,2112960,74.39,284,7.53
2312,208872,1505964,47.57,209,716721,43.07,98,25.05
2313,299494,1233821,58.36,204,720403,53.21,108,26.92
2314,53372,106126,9.75,15,10363,3.31,3,45.41
2316,60572,182741,65.09,46,118982,58.39,25,19.67
2317,1161577,14075746,69.27,1444,9754906,66.54,821,13.37
2318,28572,106036,26.96,15,28609,22.76,7,30.04
2321,14676,30272,71.12,3,21532,67.91,2,14.38
2323,136095,1089348,46.04,202,501786,39.3,81,17.73
2324,331827,4407147,63.7,582,2808457,60.11,323,16.59
2326,48326,40340,12.63,6,5110,6.45,2,45.79
2327,504040,2071465,72.27,361,1497544,67.7,209,14.5
2328,120299,518346,40.41,56,209566,36.49,26,30.95
2329,130668,658948,50.38,66,332132,46.57,26,26.21
2330,3041119,25932370,87.48,2618,22690712,84.7,1472,5.89
2331,57505,557403,58.58,66,326607,54.05,21,18.24
2332,101978,602170,39.57,113,238361,34.02,53,22.24
2333,87750,277761,28.97,56,80516,20.3,18,32.88
2335,6034,49504,35.56,13,17615,25.37,4,20.03
2337,482125,1983218,44.44,305,881720,39.84,151,31.62
2338,81389,366849,47.38,55,173890,42.17,26,25.22
2340,110962,438623,37.46,55,164339,32.86,22,27.56
2341,23871,6852,86.94,1,5957,86.94,1,8.92
2342,143148,157475,37.21,15,58612,33.23,5,38.3
2344,553106,4592312,69.39,469,3187645,66.39,250,16.74
2345,74442,561118,71.37,226,400563,57.25,99,4.55
2347,39771,1667947,88.99,252,1484718,85.42,157,4.06
2348,24615,151899,69.35,29,105363,65.5,20,14.03
2348A,2695,30000,65.81,6,19748,55.71,2,7.36
2349,144755,693680,28.64,116,198823,21.92,41,27.21
2351,26875,194738,71.13,75,138562,59.84,42,14.31
2352,194462,1580507,48.71,202,770090,43.8,78,19.77
2353,400671,3047854,36.66,364,1117911,32.4,151,26.14
2354,196471,1414485,45.44,120,643079,42.81,59,27.82
2355,78747,397495,40.54,103,161233,32.19,47,30.63
2356,265738,3587475,72.92,377,2616703,69.79,196,14.35
2357,125146,742760,72.96,214,542088,62.71,98,11.87
2358,39764,136623,27.69,17,37853,23.45,7,27.37
2359,62608,171471,47.11,36,80822,39.09,16,33.11
2360,31744,425246,71.21,195,302914,54.23,77,3.08
2361,19320,46544,52.93,6,24642,47.2,2,20.72
2362,33324,622263,79.65,112,495729,75.85,73,8.53
2363,130148,514988,35.95,68,185231,30.53,27,33.76
2364,56188,52389,55.02,10,28829,51.35,7,22.12
2365,99638,221528,22.91,31,50794,17.78,12,45.35
2367,196519,706253,28.45,84,201123,25.51,49,42.31
2368,92388,526622,78.6,128,414002,70.89,62,7.84
2369,128029,380102,33.64,55,127895,29.23,29,36.55
2371,274270,2150835,46.84,286,1007987,42.01,117,19.91
2373,14256,236203,87.29,28,206228,86.23,24,6.98
2374,105193,337992,27.78,46,93925,23.37,22,37.97
2375,76085,108675,30.09,24,32717,20.48,8,49.88
2376,101807,669889,70.7,161,473790,63.14,83,15.14
2377,103506,844856,66.46,176,561637,60.18,93,17.74
2378,17795,141161,33.7,25,47609,26.89,9,20.34
2379,87807,515513,74.27,208,382949,58.92,84,6.72
2380,23077,60000,36.47,9,21889,32.76,5,32.53
2381,2567,119,0,0,0,0,0,32.57
2382,273273,3862627,85.08,484,3287217,81.34,259,8.11
2383,101370,358321,69.43,131,248880,58.1,65,5.8
2384,158004,2047778,28.0,329,573751,20.92,96,18.9
2385,50688,765721,74.37,174,569627,68.2,99,10.94
2387,16969,195251,57.88,29,113038,52.5,14,17.82
2388,57536,556396,69.09,73,384554,65.04,39,15.44
2390,61998,192619,39.19,25,75510,33.59,8,26.61
2392,67800,512327,47.97,57,245852,43.89,22,24.5
2393,50896,443393,67.96,127,301407,60.1,71,13.71
2395,33518,869046,85.69,202,744917,78.15,94,3.08
2396,56609,1276356,45.5,239,581164,37.06,63,10.89
2397,9424,114489,69.03,18,79047,66.15,12,14.1
2398,38459,413084,36.52,47,150930,32.6,20,19.19
2399,54405,178100,31.98,35,56991,24.92,17,36.89
2401,131597,591995,43.01,97,254693,37.53,43,25.26
2402,83830,307537,37.94,46,116758,33.63,24,33.62
2404,66112,190587,54.39,71,103718,41.09,30,18.04
2405,97687,343427,24.94,50,85686,19.24,16,31.07
2406,115238,350906,29.21,57,102565,23.62,26,35.81
2407,48719,734914,37.81,178,278051,27.82,56,11.92
2408,363700,3450206,81.98,276,2829375,79.61,144,9.54
2409,661656,7547099,48.0,866,3623575,43.64,320,18.49
2410,12555,160010,36.33,51,58177,23.69,16,11.18
2412,304999,7757447,79.14,510,6141174,77.4,292,6.87
2413,26114,127359,57.41,27,73135,50.63,14,23.63
2414,15821,161736,58.02,43,93875,48.52,18,14.38
2415,9041,90000,63.47,20,57135,58.65,12,16.98
2417,61240,157219,42.49,19,66832,40.52,14,31.81
2418,64523,1023383,47.76,137,488953,42.11,39,12.99
2419,38016,321317,64.65,13,207788,62.95,3,17.96
2420,38407,152649,50.09,39,76476,40.52,16,20.22
2421,61821,286944,57.24,96,164312,45.03,40,21.19
2423,6326,145047,75.43,32,109423,69.51,17,6.21
2424,4372,59585,80.85,6,48185,79.18,5,7.57
2425,40036,96499,49.99,27,48254,36.97,7,26.91
2426,104235,300622,42.66,55,128308,38.09,32,28.25
2427,22311,198000,53.62,16,106211,49.75,4,22.03
2428,15782,128113,65.28,42,83668,50.9,13,14.72
2429,27261,85500,50.13,16,42869,42.65,7,22.4
2430,38197,116800,63.46,25,74137,55.88,10,15.6
2431,52092,110927,42.02,16,46625,35.87,4,23.78
2432,1257,61860,77.4,9,47885,72.89,4,4.65
2433,7970,144496,78.96,18,114102,77.79,14,10.45
2434,5389,37000,78.19,3,28934,74.38,1,10.9
2435,8975,74737,32.31,10,24160,28.39,4,21.87
2436,72749,208290,25.76,43,53710,19.2,20,41.24
2438,26162,71196,58.5,21,41657,49.48,12,15.28
2439,71100,253645,33.45,54,84900,25.8,23,33.55
2440,8752,139117,69.71,25,96992,67.24,19,10.4
2441,59961,568846,68.85,89,391765,63.56,42,16.87
2442,48520,325232,57.78,64,187990,50.01,24,11.57
2443,30675,150909,55.24,45,83392,45.96,24,12.89
2444,36102,101570,26.97,20,27413,18.06,5,22.65
2445,6217,48174,15.7,7,7569,12.45,4,26.58
2449,233696,1222745,64.21,272,785379,57.8,148,19.51
2450,17487,258253,77.21,19,199447,75.97,14,11.18
2451,43889,431346,72.35,67,312199,66.9,30,13.36
2453,25717,100000,46.0,13,46029,40.29,4,28.61
2454,627083,1603895,74.42,486,1193863,64.3,225,8.3
2455,69193,187502,51.5,78,96606,36.16,33,23.96
2457,112963,424772,30.02,54,127576,25.12,21,30.94
2458,59739,303880,60.78,95,184748,49.8,45,18.76
2459,15244,105596,53.46,33,56468,41.95,11,14.47
2460,45116,169200,58.63,21,99236,53.81,7,16.21
2461,50564,191888,45.14,56,86664,36.15,28,18.21
2462,26286,150784,56.03,35,84497,50.3,21,17.07
2464,96780,218163,39.21,41,85563,34.28,23,35.25
2465,48369,93946,37.34,15,35101,29.58,3,28.35
2466,4510,173459,89.9,54,155983,83.16,37,3.39
2467,48552,161621,68.48,53,110695,59.17,31,13.09
2468,10862,69961,50.02,2,34998,50.02,2,27.62
2471,36890,47254,22.32,14,10558,6.74,1,42.76
2472,36659,164735,59.29,48,97688,48.61,21,24.29
2474,60029,538821,68.94,93,371564,64.56,57,16.02
2475,226809,6479454,71.13,1104,4609931,64.55,430,6.14
2476,19524,220052,67.02,63,147509,59.53,36,12.23
2477,9702,158573,73.59,40,116730,67.0,23,10.7
2478,55884,144731,62.3,48,90181,55.63,30,19.9
2479,13078,37738,32.38,6,12224,25.6,1,31.67
2480,42151,106360,30.86,34,32836,18.0,11,26.8
2481,92000,382115,63.12,82,241247,58.24,55,23.32
2482,38648,77883,41.13,14,32044,35.02,6,29.67
2483,9133,107890,66.17,28,71413,61.0,19,14.09
2484,89955,159421,24.35,31,38865,17.07,13,47.73
2485,140731,317689,22.39,38,71173,18.65,17,48.89
2486,81547,240725,40.7,53,98037,34.33,29,27.05
2488,40572,79999,52.87,25,42309,44.44,13,18.25
2489,130881,610000,29.71,80,181307,25.41,36,35.88
2490,15436,162950,21.35,30,34819,15.35,12,21.75
2491,12905,82008,73.45,23,60252,66.41,15,10.43
2492,85855,485205,72.58,71,352218,68.32,40,16.48
2493,44636,126797,53.69,38,68108,43.45,17,20.76
2494,10298,41493,81.47,10,33811,73.05,5,9.77
2495,38948,273552,49.83,44,136370,44.24,21,23.75
2496,4213,19100,49.57,9,9470,35.07,4,18.0
2497,11477,130888,69.25,39,90679,58.03,17,14.62
2498,164899,836097,39.37,141,329296,34.22,70,26.61
2499,47859,461172,44.16,81,203701,37.95,35,15.37
2501,44713,1159561,77.45,160,898439,72.77,75,7.5
2504,89776,1180000,75.12,202,886672,70.19,109,7.11
2505,23963,380000,79.49,66,302118,75.14,39,6.3
2506,65804,387000,77.25,77,299042,72.21,46,8.75
2509,16776,224551,69.62,44,156375,63.88,23,10.24
2511,46723,1623326,80.23,296,1302739,74.65,149,3.79
2512,43977,490470,34.19,96,167810,25.03,22,14.75
2514,17813,394729,88.13,52,347958,84.83,31,3.77
2515,140214,1607904,60.76,299,977281,53.7,118,10.08
2516,49291,226278,72.42,62,163950,63.79,35,7.14
2520,78750,609487,72.52,100,442130,68.71,61,9.47
2521,25336,319739,35.24,57,112767,25.83,11,15.89
2523,14061,228339,44.67,58,102027,35.94,25,12.22
2524,7702,365984,93.18,37,341096,91.56,27,2.43
2525,52609,650747,31.71,172,206466,20.27,50,15.11
2527,7865,270306,81.5,37,220370,76.52,14,4.91
2528,8402,435996,84.07,83,366587,79.29,49,2.86
2530,31107,841256,85.73,142,721460,81.63,89,2.34
2533,14063,153029,38.28,37,58600,26.08,7,17.08
2534,63337,474228,72.06,112,341824,65.19,62,7.76
2535,63372,270794,61.76,66,167288,54.85,33,14.86
2536,8820,332809,77.35,81,257527,69.05,39,4.47
2537,44103,300558,59.61,74,179240,51.24,32,12.69
2538,28621,445025,75.1,130,334298,67.07,73,4.61
2539,19655,1193103,87.02,126,1038492,84.27,72,2.96
2540,17529,944874,91.11,82,861025,89.25,55,2.75
2542,110736,2153084,64.01,241,1378939,60.4,112,10.61
2543,32688,528542,71.85,76,379872,67.39,38,9.36
2545,16762,379735,76.45,42,290370,73.93,26,8.61
2546,53339,130524,62.09,19,81063,58.78,11,14.51
2547,75176,1035095,69.93,187,724091,62.95,77,6.01
2548,38934,319719,51.01,100,163163,39.86,44,18.96
2553,19310,81658,18.85,13,15414,11.09,4,33.83
2566,325,2416,0,0,0,0,0,31.89
2569,61,11552,83.38,2,9634,74.73,1,0.61
2591,80,817,0,0,0,0,0,18.25
2592,57,10494,90.43,4,9490,82.1,3,1.35
2596,3302,100000,72.37,29,72386,61.79,14,5.86
2597,13477,310716,81.48,42,253233,78.13,25,5.49
2599,1384,98524,65.96,41,64999,51.72,16,2.13
2601,113926,824776,31.63,102,261135,26.36,33,23.33
2603,306557,2165043,71.42,352,1546827,66.55,189,14.67
2605,105802,585353,54.32,98,318118,49.85,52,19.52
2606,52285,845056,75.44,109,637785,72.95,74,11.43
2607,39914,533571,77.18,86,411952,70.41,32,9.02
2608,52049,467000,76.73,68,358407,71.91,34,10.63
2609,389250,3492104,56.39,321,1970284,53.48,156,22.46
2610,249159,6144989,72.4,532,4450409,69.52,245,9.53
2611,50553,189002,47.71,26,90198,43.38,12,21.93
2612,37812,197485,73.46,16,145117,69.41,4,11.28
2613,40003,148423,56.09,28,83275,49.47,11,20.89
2614,101064,327265,47.52,44,155575,43.03,20,23.02
2615,113757,2806146,86.06,270,2415656,83.52,158,6.6
2616,214535,137282,44.74,17,61439,41.0,9,30.21
2617,29052,417294,62.94,60,262758,58.41,27,15.2
2618,212533,5400444,80.2,630,4331926,77.07,359,7.2
2626,297,2890,0,0,0,0,0,25.38
2630,23105,209438,65.3,15,136799,62.33,5,19.61
2633,106713,5628293,86.5,302,4869115,84.67,138,4.27
2634,112674,941867,50.99,72,480369,48.82,37,22.54
2636,56157,141835,40.41,30,57347,34.84,17,29.84
2637,26395,746409,82.78,146,618044,77.86,86,5.88
2639,1106,99999,99.01,2,99010,99.01,2,0.48
2640,3499,59265,73.54,25,43599,58.31,11,6.34
2641,80405,330334,28.52,44,94283,23.6,15,28.75
2642,19834,95467,60.38,7,57646,60.38,7,27.15
2643,4324,35000,63.97,9,22390,58.79,7,17.82
2644,2511,82952,79.98,34,66356,74.65,28,3.95
2645,23691,374571,85.27,38,319441,81.88,18,6.88
2646,243195,3008735,65.33,136,1966163,63.63,54,16.33
2701,14879,449968,86.32,37,388481,84.49,24,3.67
2702,12472,156613,73.69,18,115438,72.53,15,9.55
2704,30674,366923,88.42,71,324512,83.37,42,3.21
2705,83108,191313,66.33,43,126919,59.75,23,14.18
2706,16241,499998,85.4,57,427085,81.63,26,3.65
2707,18245,127403,61.12,17,77902,54.75,4,19.92
2712,2042,105000,90.8,19,95354,86.86,13,3.49
2714,3940,1138,0,0,0,0,0,87.11
2718,2602,87576,88.24,16,77286,88.24,16,3.49
2719,3329,69182,91.02,4,62977,89.53,2,5.16
2720,2751,80000,61.03,27,48837,48.9,12,3.59
2722,5003,143170,87.18,31,124843,82.43,21,5.04
2723,9601,180000,68.06,36,122539,61.62,18,9.61
2724,1040,59656,83.61,10,49880,79.45,5,1.76
2726,2506,37922,65.38,16,24802,49.73,7,8.96
2727,150966,82940,36.56,34,30337,16.14,7,28.96
2729,6278,43041,66.63,13,28685,57.11,7,16.33
2730,2322,37215,86.67,2,32256,86.67,2,2.97
2731,30927,93278,42.94,22,40075,33.73,9,29.7
2732,6131,46519,58.8,19,27361,53.58,14,20.72
2733,691,24598,77.51,8,19069,75.36,7,4.56
2734,28769,57260,37.56,12,21513,31.34,6,25.44
2736,6401,79972,55.95,17,44764,46.33,7,14.51
2738,57,67381,97.88,6,65966,94.86,3,0.02
2739,5597,91526,73.56,20,67343,68.0,12,10.88
2740,2899,16762,72.53,2,12158,72.53,2,2.86
2741,1734,22588,67.41,9,15230,53.75,4,12.58
2743,6793,46815,52.86,8,24755,50.27,6,24.11
2745,5233,33809,52.8,6,17856,51.28,5,24.46
2748,9750,105779,61.32,6,64887,58.44,1,17.22
2749,248,20800,75.15,16,15634,33.27,2,2.43
2750,180,60000,98.53,18,59126,88.06,10,0.13
2751,1560,19828,60.37,1,11970,60.37,1,11.2
2752,2576,26694,63.69,16,17006,40.7,6,8.88
2753,12187,66645,54.61,19,36410,43.54,8,18.03
2754,4406,46907,73.07,6,34281,66.51,1,11.46
2755,3567,37540,63.52,12,23853,59.36,9,10.97
2756,1633,24598,73.09,14,17983,53.58,6,8.96
2758,7472,20486,73.57,13,15075,46.27,6,8.13
2760,171,13000,88.34,6,11486,84.01,5,1.02
2761,669,17337,57.71,9,10010,46.15,6,5.92
2762,6050,112500,86.33,23,97150,80.91,13,5.11
2801,268735,11766046,77.63,1279,9136006,73.96,570,3.88
2807,7195,3171,0,0,0,0,0,75.84
2811,52298,292500,34.44,66,100799,26.32,28,22.94
2812,243057,6021626,59.3,772,3572436,54.13,239,7.25
2816,10927,223608,79.76,32,178394,74.81,13,4.96
2820,73864,1342960,66.03,149,886849,62.18,61,8.03
2825,9455,12559,5.68,1,714,0,0,59.95
2827,30324,129587,36.74,31,47635,29.69,16,20.5
2831,42112,1192715,62.04,167,740267,57.18,70,7.68
2832,19394,253540,69.48,51,176217,62.55,22,7.7
2834,380785,9718062,61.2,1367,5949327,55.64,468,6.75
2836,34932,1839917,85.73,178,1577736,82.86,87,3.27
2836A,2824,40000,38.48,8,15394,30.5,4,7.94
2838,48626,4340552,90.6,260,3933471,88.76,126,1.84
2838A,6014,200000,68.55,42,137136,62.4,24,6.07
2841,60348,960944,57.39,179,551741,50.11,62,7.39
2845,100447,4865285,74.96,636,3648457,70.05,241,3.75
2849,9955,1957609,98.43,56,1927280,98.0,42,0.52
2850,17938,315963,67.9,94,214637,57.34,42,9.65
2851,28170,800389,70.84,120,567112,65.89,54,7.59
2852,22210,301164,65.85,108,198399,53.53,52,7.65
2855,61150,1601414,75.68,239,1212311,70.72,108,5.74
2867,66128,5899501,86.18,581,5085526,82.89,263,2.28
2880,472926,13916965,81.71,1131,11375806,79.28,565,4.13
2881,386703,14007365,86.38,1002,12103111,84.17,496,4.45
2881A,18458,600000,90.56,68,543463,88.11,44,3.32
2881B,18310,666660,94.89,69,632710,91.99,40,1.9
2881C,54044,333330,84.88,52,282971,81.29,32,6.17
2882,410309,14669210,85.56,1247,12552712,83.13,668,4.83
2882A,18728,833300,94.89,81,790935,93.31,61,1.73
2882B,19236,700000,95.9,59,671526,94.36,43,1.67
2883,731660,16974847,68.07,1942,11558505,64.18,848,6.73
2883B,69773,1582142,65.6,395,1038422,55.86,147,6.67
2884,585409,16192000,73.08,2052,11836193,68.66,881,6.78
2885,454049,13331150,82.83,1236,11044278,80.23,677,5.1
2886,456985,14833378,83.25,817,12352215,81.78,463,5.64
2887,706630,24866399,74.78,2992,18600530,70.68,1295,4.97
2887E,12882,500000,86.45,59,432356,84.42,44,3.15
2887F,13203,300000,89.62,33,268926,85.72,18,3.44
2887G,17172,75000,46.78,23,35103,34.33,8,11.66
2887H,20943,219668,70.05,60,153944,62.27,32,6.92
2887I,272602,3096421,73.05,573,2262797,65.95,226,8.76
2887Z1,18397,300000,90.0,28,270061,86.81,13,3.21
2889,219460,3633563,73.64,364,2676796,71.0,211,7.46
2890,451040,14492322,80.75,1573,11705253,77.54,829,4.69
2891,584505,19676898,81.73,1871,16087160,78.88,951,5.13
2891B,24962,333330,95.89,38,319694,93.54,25,2.36
2891C,24383,166660,93.84,22,156420,91.01,16,3.64
2892,442379,14379469,71.56,1693,10293067,67.65,751,5.71
2897,28958,2805358,85.56,366,2401039,81.23,167,2.53
2897B,4981,250000,83.23,58,208100,78.08,37,4.23
2901,13727,73043,79.16,20,57844,71.61,10,7.88
2902,11489,146889,47.66,41,70045,36.63,18,12.6
2903,58737,1416941,79.91,158,1132492,76.68,83,6.36
2904,16968,77834,54.23,9,42216,50.17,4,17.19
2905,27641,1110372,84.07,129,933734,80.56,66,3.7
2906,17921,209117,64.68,35,135309,59.05,14,11.84
2908,11013,509888,92.16,54,470006,89.7,33,2.43
2910,1375,175403,96.6,40,169494,92.94,31,0.44
2911,39771,105126,46.06,20,48442,41.0,10,25.11
2912,70341,1039622,85.11,148,885160,80.64,72,7.12
2913,114196,790000,57.15,151,451661,49.67,54,14.37
2915,59893,1104319,69.03,188,762486,63.18,83,8.8
2916,4676,64627,58.87,18,38059,51.01,11,13.43
2920,976,12442,35.75,1,4449,35.75,1,18.15
2923,5194,1740297,99.51,15,1732138,99.39,11,0.21
2924,461,52036,89.58,9,46623,84.08,5,1.0
2926,2150,47390,74.5,14,35312,64.93,7,6.0
2929,50576,109494,31.01,17,33984,24.92,6,18.82
2936,155,76056,99.51,6,75691,98.55,5,0.23
2937,937,43542,84.55,20,36824,71.58,12,2.21
2938,721,20140,80.43,4,16200,78.35,3,6.02
2939,7089,45549,75.96,27,34611,58.12,15,3.92
2940,238,25184,56.44,18,14221,12.9,2,1.15
2941,3076,15390,66.47,14,10233,20.62,2,4.6
2942,1654,60000,90.71,10,54436,88.06,7,2.96
2945,3096,67500,83.48,6,56353,83.48,6,7.29
2947,11532,21493,63.31,9,13610,55.2,6,5.18
2948,1069,31000,80.35,15,24915,69.02,9,5.28
2949,2818,30641,81.77,15,25060,63.88,8,4.22
3001,6682,76012,19.48,16,14829,10.74,5,19.44
3002,9244,102000,64.96,20,66272,59.21,11,14.59
3003,17104,155655,58.23,43,90675,51.27,25,20.2
3004,17913,64391,58.74,17,37837,47.75,5,13.49
3005,51209,624588,72.32,115,451814,67.5,68,11.3
3006,70470,298128,53.7,84,160139,44.53,41,23.92
3008,115627,130798,54.14,49,70844,36.6,10,15.34
3010,50597,259437,62.4,76,161932,52.29,33,13.24
3011,48866,129601,35.87,26,46520,28.31,9,18.57
3013,48480,205139,44.27,29,90866,39.19,11,31.87
3014,51691,165979,32.32,40,53673,21.72,12,30.34
3015,17520,187262,62.94,53,117900,54.58,28,16.38
3016,40920,290939,71.02,32,206697,67.19,16,17.18
3017,141011,392725,65.81,139,258529,52.94,54,10.13
3018,36772,75378,64.28,6,48462,62.19,3,17.96
3019,95388,279244,38.28,49,106943,31.57,19,36.43
3020,1636,122696,99.45,1,122032,99.45,1,0.48
3021,8471,94890,70.95,20,67346,65.24,13,13.63
3022,17287,176598,64.16,45,113339,56.62,24,14.72
3023,52880,240069,68.49,101,164472,54.7,48,8.25
3024,58037,277157,48.82,82,135362,35.82,30,15.17
3025,41288,56736,23.55,11,13378,12.38,2,32.27
3026,64719,165890,58.78,74,97541,42.86,33,20.32
3027,47632,129960,42.49,29,55240,33.95,10,24.2
3028,54278,237241,45.05,45,106929,40.39,27,24.97
3029,65136,167005,40.54,32,67734,35.2,17,31.42
3030,36367,236216,57.11,44,134940,51.07,21,18.37
3031,17522,173203,60.02,16,103994,58.14,11,20.03
3032,33332,113286,52.12,27,59085,44.22,11,17.88
3033,97194,520872,43.88,112,228669,36.14,48,23.35
3034,98478,608511,70.78,213,430886,58.7,97,11.29
3035,115746,260550,31.14,41,81171,24.96,16,43.16
3036,76016,1270970,85.36,223,1085278,80.61,127,5.45
3037,386423,1642016,74.81,383,1228737,67.3,187,12.22
3038,49947,157408,42.21,33,66460,33.24,12,24.44
3039,5431,66385,33.19,23,22045,17.62,7,10.36
3040,22241,66225,68.79,16,45564,64.42,10,12.29
3041,69772,140224,25.72,14,36098,22.79,7,38.77
3042,94899,342993,55.21,95,189439,46.2,46,25.11
3043,54667,38976,20.12,8,7845,14.4,3,36.23
3044,38024,525606,79.43,176,417639,70.03,95,6.9
3045,62365,3723431,92.44,368,3442551,90.14,232,2.92
3046,20491,78448,53.19,12,41745,45.4,2,20.86
3047,68058,224762,20.15,29,45308,15.46,9,36.15
3048,79857,269830,51.32,49,138515,45.02,21,25.79
3049,118973,802011,46.82,70,375619,43.06,21,22.53
3050,42275,154984,51.2,31,79386,42.21,10,18.45
3051,67287,167000,33.23,27,55514,24.99,5,26.57
3052,49137,233246,56.89,62,132726,47.82,27,9.16
3053,1490,7959,54.35,6,4327,27.94,2,15.42
3054,3446,80651,87.86,13,70878,85.16,10,3.48
3055,25077,114975,70.43,31,80992,63.58,19,12.01
3056,72045,480555,32.29,69,155247,25.99,21,19.45
3057,37305,67865,34.07,8,23136,32.55,6,31.27
3058,50164,201723,22.32,32,45051,15.56,10,26.05
3059,95978,307702,24.69,49,76041,19.72,24,38.31
3060,69891,137563,23.27,28,32044,17.14,15,31.6
3062,73479,330092,23.19,55,76581,15.89,17,35.74
3064,2953,13011,63.47,3,8260,60.15,2,10.15
3065,1475,183911,83.6,33,153781,78.84,19,2.47
3066,5036,83071,72.4,15,60161,67.73,9,10.53
3067,760,20000,71.34,4,14273,63.63,2,3.56
3069,1425,3000,35.56,1,1067,35.56,1,24.45
3070,172,7275,51.25,5,3730,18.25,1,4.13
3071,11194,110000,58.54,12,64419,55.12,6,20.39
3072,58,373,0,0,0,0,0,29.78
3073,4320,39511,55.15,18,21800,37.71,9,15.72
3075,431,7782,70.68,4,5500,70.68,4,9.56
3077,90,722,0,0,0,0,0,34.59
3078,59829,227391,37.2,51,84640,29.03,22,29.82
3079,4372,47640,32.01,12,15257,19.24,3,17.9
3081,67370,92517,47.12,32,43609,37.24,17,19.06
3082,66,455,0,0,0,0,0,24.02
3083,8976,86487,56.21,8,48627,53.1,4,20.54
3084,225,1873,0,0,0,0,0,18.99
3085,3031,69019,89.64,4,61880,87.92,2,2.94
3086,8082,272711,85.54,26,233341,83.13,16,4.74
3087,444,51311,97.94,1,50259,97.94,1,1.42
3088,15233,111071,51.67,28,57406,40.5,8,19.97
3090,60546,287567,68.49,63,197020,61.76,30,17.23
3091,95,179,0,0,0,0,0,50.23
3092,32249,106649,37.63,23,40157,30.18,10,23.0
3093,8184,145156,76.04,16,110410,70.77,5,10.71
3094,42951,83117,14.73,8,12264,11.44,4,44.5
3095,25325,10000,33.08,4,3309,14.01,1,26.75
3096,669,22879,50.0,7,11443,38.46,3,6.26
3097,644,75086,86.93,15,65289,81.35,9,1.53
3098,76,1395,0,0,0,0,0,15.12
3099,13816,225193,37.57,68,84661,23.16,16,10.53
3105,138002,423940,52.16,93,221219,46.22,52,29.58
3114,7768,65130,52.45,20,34175,41.12,9,19.68
3115,17891,72198,86.25,10,62280,85.38,9,2.39
3117,1399,22800,56.68,8,12926,47.26,5,10.93
3118,41724,32453,37.07,14,12037,15.06,3,17.78
3122,46017,40772,26.82,10,10942,15.92,4,34.27
3126,2746,48752,44.04,14,21476,31.82,3,5.69
3128,48930,47317,30.1,9,14250,23.82,5,28.84
3130,7339,33191,57.09,9,18952,54.01,7,22.46
3131,23831,29904,48.43,11,14492,37.05,6,11.6
3133,493,27262,63.27,14,17256,46.91,7,3.25
3135,18052,97159,50.56,19,49136,43.06,9,26.43
3137,80,1883,0,0,0,0,0,7.7
3138,31889,56392,27.99,12,15797,18.98,4,41.95
3141,32882,75461,15.95,16,12048,5.21,3,41.64
3142,5174,203398,51.24,71,104265,38.71,30,5.04
3147,7276,43687,57.47,14,25113,50.04,9,17.64
3149,62698,226234,21.92,39,49649,16.59,18,37.52
3150,5775,44377,53.96,11,23953,46.27,5,7.44
3151,657,8265,45.63,3,3772,26.17,1,12.0
3152,8159,39016,43.63,15,17033,28.11,7,20.68
3158,1747,30661,37.39,12,11469,23.39,5,9.15
3159,483,5840,28.6,2,1671,20.39,1,16.26
3161,179,32583,94.26,16,30722,82.62,10,0.96
3162,14718,154341,61.22,27,94498,56.48,14,14.69
3163,86651,80541,34.36,25,27683,22.24,9,39.96
3164,22846,86010,55.1,35,47404,39.98,15,17.47
3166,98,23374,96.38,2,22532,94.66,1,0.79
3167,23888,90318,58.66,37,52999,46.94,18,15.06
3168,2561,75100,75.32,20,56579,66.82,11,6.1
3169,27300,63307,36.56,12,23159,30.18,5,25.94
3171,2284,33118,76.93,5,25481,71.98,3,8.53
3176,46093,139307,34.34,27,47883,28.67,14,22.02
3177,206,4124,75.01,2,3094,60.61,1,14.47
3178,4336,45050,65.81,11,29653,61.31,7,15.8
3179,110,9847,30.35,4,2989,16.07,1,1.36
3184,3183,63074,58.17,19,36698,50.15,9,11.77
3186,2285,30000,77.49,2,23249,77.49,2,8.98
3188,7476,189088,75.6,43,143000,68.43,20,6.35
3189,139450,526916,73.07,109,385121,66.72,56,15.25
3190,59,14308,74.69,5,10689,71.03,4,0.41
3191,18371,43597,53.68,9,23412,46.94,4,12.48
3202,37705,129345,24.59,21,31836,19.46,9,27.44
3205,31491,67546,66.33,8,44819,61.71,3,10.73
3206,23357,58917,54.47,21,32102,42.65,11,18.07
3207,21051,66422,40.24,25,26744,22.89,7,16.46
3208,107,3025,46.49,1,1406,46.49,1,7.97
3209,54693,235391,47.08,64,110887,37.87,29,19.07
3211,76938,154393,53.56,57,82723,40.68,25,27.88
3213,46809,58686,30.32,16,17807,16.7,4,29.67
3217,15008,90104,45.92,27,41394,30.18,5,24.96
3218,18208,84725,56.67,19,48028,50.37,10,22.85
3219,4054,71781,81.28,8,58365,77.2,4,7.55
3221,49515,105062,23.93,29,25155,9.49,5,42.65
3224,16604,78173,71.85,28,56178,63.45,17,8.56
3226,1295,64431,86.59,25,55808,70.05,8,2.11
3227,56746,151938,41.02,49,62347,29.3,17,30.4
3228,34906,71937,24.4,14,17563,19.68,8,35.05
3229,9872,64263,70.27,4,45164,69.03,3,12.0
3230,19588,86011,52.41,19,45086,45.28,10,16.48
3231,384151,3180052,64.63,491,2055949,60.75,290,18.56
3232,14712,46568,58.08,21,27056,43.71,9,9.93
3234,39917,111475,31.71,28,35367,20.96,8,29.4
3236,64729,105001,31.92,19,33544,26.26,10,40.11
3237,105,1499,0,0,0,0,0,18.39
3252,2673,50196,79.02,23,39676,68.03,14,6.94
3257,29294,79824,43.78,11,34959,37.1,3,27.83
3258,92036,273822,10.18,23,27934,7.57,10,43.13
3259,3927,72966,70.39,25,51377,62.69,16,7.7
3260,147161,334463,30.52,63,102146,25.08,32,39.42
3264,74132,490170,71.07,123,348504,64.52,69,12.59
3265,17076,136262,64.96,23,88541,57.5,6,17.85
3266,3833,352314,90.45,29,318737,89.13,21,1.9
3267,534,17066,29.55,3,5044,26.87,2,6.44
3268,42737,34721,32.83,9,11403,28.42,6,22.99
3272,9201,61177,50.7,11,31026,45.87,6,19.67
3276,47062,69713,58.91,13,41074,51.97,4,12.55
3279,113,966,0,0,0,0,0,17.27
3283,149,6673,49.5,5,3305,15.08,1,4.48
3284,22199,108628,69.5,19,75522,66.47,14,10.15
3285,9962,42735,64.85,19,27725,51.41,10,9.43
3287,4088,43970,58.51,11,25737,48.76,4,17.5
3288,11438,16380,48.2,5,7898,36.75,2,19.84
3289,59705,86746,26.63,25,23113,13.07,8,38.51
3290,25835,90215,56.57,34,51059,44.68,16,12.85
3293,109082,281802,54.52,76,153735,45.01,35,22.24
3294,16806,132016,52.31,24,69075,47.07,14,24.4
3296,7148,96724,77.02,31,74524,71.52,23,7.45
3297,9861,36049,50.45,13,18195,36.6,6,29.34
3301,997,124326,79.23,40,98518,70.3,24,2.14
3303,14434,94091,47.69,32,44895,36.43,16,17.26
3304,424,14069,33.55,7,4721,9.88,1,6.53
3305,59776,144723,45.27,27,65546,38.83,12,30.04
3306,29942,50608,47.77,7,24180,43.14,3,26.19
3308,10536,60000,61.62,8,36977,58.86,6,20.42
3310,1749,74948,82.22,32,61632,69.87,19,3.2
3311,39286,100000,56.69,19,56711,50.43,8,18.98
3312,68875,182627,45.1,21,82399,42.47,12,30.3
3313,34256,221134,76.22,21,168577,74.31,14,9.38
3317,63357,90000,29.8,18,26826,22.88,6,43.09
3318,925,52256,56.8,19,29689,41.84,6,3.13
3321,28294,86114,48.05,22,41399,37.54,7,14.67
3322,65062,137582,36.03,25,49592,30.53,13,18.96
3323,69862,99593,21.87,15,21803,15.54,5,45.11
3324,87018,93077,44.08,30,41053,29.21,8,34.19
3325,61518,110169,30.41,33,33522,14.75,6,22.89
3332,1726,48104,86.9,15,41808,77.9,9,3.04
3334,126,24680,91.54,5,22594,89.35,4,1.02
3338,62307,87908,31.07,17,27325,23.8,6,37.44
3339,31136,66568,25.45,14,16951,16.61,5,33.22
3342,762,40910,53.13,17,21746,33.08,5,4.33
3343,870,58794,44.65,10,26267,39.28,5,3.62
3345,101,36301,95.55,2,34688,93.93,1,0.42
3346,39443,121228,26.18,19,31769,20.5,8,29.49
3349,1726,46072,47.38,25,21836,22.25,7,6.28
3350,927,21687,13.98,6,3034,0,0,10.9
3354,6500,70112,72.4,7,50764,70.67,5,13.91
3356,36070,80542,33.23,14,26771,27.48,7,28.72
3357,21013,117841,58.21,44,68620,42.41,16,18.9
3360,47279,76402,22.4,11,17126,16.99,4,32.81
3361,389,49553,81.55,18,40421,68.18,8,1.21
3362,30559,147445,59.32,44,87501,48.78,21,21.69
3363,69703,113641,41.59,34,47292,30.44,13,27.68
3364,216,2701,0,0,0,0,0,18.15
3369,4641,28946,56.18,3,16265,54.38,2,16.22
3372,58860,235324,54.37,28,127989,50.82,15,19.16
3373,35621,47619,26.25,4,12506,24.87,3,32.96
3374,46671,271364,65.66,37,178234,62.35,23,19.14
3376,52150,195780,44.29,62,86751,32.06,22,27.3
3377,241,19653,64.25,12,12631,35.71,2,2.0
3379,30045,38042,28.75,6,10944,24.78,3,36.9
3380,42421,541718,66.27,35,359112,63.99,15,13.88
3383,11633,75000,48.43,18,36337,38.5,6,16.72
3388,12298,80702,40.2,18,32463,31.0,6,26.82
3390,56569,79330,31.52,20,25025,17.95,3,24.34
3391,929,68860,66.03,27,45483,51.03,10,2.73
3394,163,1180,0,0,0,0,0,26.58
3397,1816,9040,0,0,0,0,0,46.54
3402,38539,73048,32.11,12,23465,24.52,4,34.93
3404,50,653,0,0,0,0,0,21.09
3406,35123,112743,54.44,48,61400,37.15,18,17.47
3412,261,8071,84.95,1,6857,84.95,1,3.49
3413,24596,111236,51.05,30,56807,43.4,17,22.04
3414,252,1360,0,0,0,0,0,39.06
3416,9263,80606,57.22,17,46144,51.45,10,15.64
3419,30825,120480,31.46,25,37934,23.79,10,24.97
3426,921,26400,63.05,10,16651,48.61,4,5.17
3430,33359,33716,33.47,6,11285,33.47,6,34.03
3431,12544,55459,51.3,8,28459,46.69,4,17.61
3432,3530,42230,66.5,13,28088,58.48,8,13.33
3434,8600,35755,46.6,15,16663,30.21,5,22.19
3437,47106,144548,24.0,18,34716,20.12,9,38.37
3438,28140,47166,45.12,2,21285,43.53,1,30.17
3441,31129,40040,26.91,11,10788,17.62,5,42.05
3443,65767,134012,64.14,38,85987,53.03,12,10.25
3444,5028,44997,48.89,17,22011,38.2,10,17.62
3447,5877,77449,58.92,13,45650,51.2,3,15.47
3450,71426,145681,46.91,53,68380,34.18,23,28.94
3455,44305,59851,30.11,23,18038,12.97,6,34.77
3465,4203,35330,66.0,11,23325,54.67,5,7.1
3466,28361,77892,46.3,26,36083,34.1,10,17.83
3467,2007,31107,62.46,11,19431,55.7,7,11.32
3469,191,22448,63.92,14,14353,42.15,6,1.47
3471,503,5000,45.04,3,2253,25.6,1,10.99
3472,1711,76274,57.36,24,43771,43.84,7,4.68
3473,260,22925,76.68,6,17582,68.34,3,1.56
3475,1778,1784,0,0,0,0,0,46.82
3479,36986,72913,41.67,19,30395,30.51,5,30.34
3481,996658,7989197,39.19,1046,3132505,34.51,417,24.64
3482,527,6521,44.4,4,2896,16.87,1,16.25
3483,52850,99049,22.09,24,21886,12.9,10,41.32
3484,47578,78828,31.24,21,24636,22.44,10,25.03
3485,7570,38501,52.42,19,20189,33.53,7,18.52
3489,3263,90452,73.35,17,66360,66.59,8,6.91
3490,34599,55006,15.93,8,8773,12.07,4,37.72
3491,73584,68805,34.28,28,23605,15.54,7,28.7
3492,2784,35532,47.32,5,16815,44.69,3,16.69
3494,18074,94800,61.38,12,58207,56.46,4,11.53
3496,206,21606,79.75,9,17233,70.52,5,1.93
3497,112,4588,33.29,2,1528,23.86,1,5.4
3498,56102,61273,48.41,15,29679,39.82,7,25.87
3499,41063,54971,43.31,12,23814,41.74,10,23.85
3501,12486,118258,47.89,22,56655,42.49,12,21.52
3502,283,9202,34.17,5,3145,12.4,1,6.87
3504,12999,114060,64.83,18,73969,60.24,9,19.43
3505,160,5429,87.89,1,4772,87.89,1,8.41
3506,606,8573,19.83,3,1701,0,0,18.33
3507,278,31800,87.08,12,27699,75.26,7,1.5
3508,67997,104312,43.86,29,45761,34.26,13,28.0
3511,9730,79973,54.18,7,43336,51.13,3,22.92
3512,4924,113072,72.06,31,81495,64.01,16,8.79
3515,14083,123544,69.96,19,86455,64.31,8,14.01
3516,3236,59561,77.05,18,45907,69.43,11,5.63
3517,665,5035,13.88,1,699,0,0,24.06
3518,29813,102467,36.57,29,37497,26.35,12,17.12
3519,65108,433985,50.72,48,220212,46.34,18,18.35
3520,48539,68847,37.73,14,25991,28.63,4,20.06
3521,39901,185766,81.54,16,151512,78.72,8,3.75
3522,28264,104096,56.86,27,59202,50.24,15,10.45
3523,7850,64258,83.37,13,53583,78.36,7,5.04
3524,301,20627,66.46,14,13714,39.39,5,2.68
3526,20417,67075,46.63,21,31290,31.43,7,17.01
3527,25152,44445,26.66,10,11858,20.06,5,26.28
3528,5530,66639,69.21,12,46132,62.75,5,11.77
3529,22734,74686,50.29,35,37578,30.99,12,8.39
3530,15895,77476,57.35,13,44439,53.68,8,22.88
3531,1838,61175,80.34,34,49161,60.77,15,4.92
3532,21547,387848,90.01,32,349169,86.74,12,4.75
3533,20433,112535,63.94,53,71965,44.99,20,6.1
3535,43942,79052,26.16,9,20695,23.13,5,40.26
3536,6381,52089,67.89,5,35374,65.11,3,11.35
3537,44918,56243,29.34,10,16516,23.54,5,37.72
3540,59397,84459,26.86,10,22705,23.32,5,33.77
3541,17915,56349,35.8,20,20186,24.84,11,19.04
3543,25179,110263,47.57,42,52466,32.25,15,12.78
3544,578,2444,0,0,0,0,0,40.71
3545,82602,222456,23.81,36,53004,17.84,13,40.48
3546,34412,58427,33.66,18,19678,23.07,7,29.52
3548,40634,67744,33.55,18,22739,22.97,6,33.66
3549,239,1481,0,0,0,0,0,29.8
3550,51487,107550,45.14,32,48576,34.09,14,24.68
3551,13329,62275,51.4,25,32024,34.23,8,26.2
3552,55164,97918,37.51,20,36745,32.42,12,31.64
3554,135,15858,87.29,1,13843,87.29,1,1.7
3555,4496,39999,80.48,9,32197,77.74,7,7.74
3556,65096,63703,15.82,4,10084,13.67,2,45.19
3557,20261,84315,60.55,19,51067,53.32,9,12.17
3558,12366,59061,51.03,10,30144,47.07,6,31.23
3560,194,20405,74.02,9,15107,59.92,4,1.64
3563,37812,63961,48.97,21,31330,36.66,7,25.45
3564,6490,59123,60.06,2,35513,60.06,2,19.13
3566,10581,419621,73.96,150,310433,60.69,57,1.15
3567,33777,33954,18.59,7,6322,7.93,2,35.31
3568,187,10063,72.35,5,7282,46.7,2,3.92
3570,2890,17097,53.92,4,9223,45.21,2,22.67
3571,416,3285,0,0,0,0,0,27.33
3572,331,11817,40.53,4,4792,25.66,2,4.69
3576,217683,1627795,38.96,185,634423,34.61,68,23.52
3577,4367,63966,67.22,26,43007,50.03,10,8.53
3579,6152,9580,74.12,3,7102,65.74,2,15.49
3580,41750,39471,10.77,5,4253,7.13,2,38.25
3581,7159,51006,59.94,17,30582,48.53,7,19.31
3583,30298,83859,61.18,26,51321,51.74,14,20.71
3584,21959,139767,25.22,29,35281,18.19,13,25.75
3585,15298,111679,40.35,14,45074,34.96,4,25.27
3586,88,2458,51.29,2,1261,0,0,7.36
3587,25897,71685,32.58,16,23368,21.81,5,36.36
3588,49514,61993,28.61,14,17755,18.5,5,34.13
3591,52326,145387,54.43,37,79173,47.53,21,19.44
3592,36614,75855,36.31,20,27561,24.21,5,31.87
3593,24603,60825,64.17,18,39048,50.01,4,9.51
3594,20192,95948,54.43,27,52239,42.27,10,17.21
3595,19647,33913,31.89,8,10824,26.31,5,26.22
3596,21573,220354,74.97,77,165254,62.63,33,9.38
3597,2271,39236,64.34,11,25251,56.92,7,10.83
3601,687,34887,52.62,9,18366,40.76,3,3.43
3603,694,24844,70.95,10,17631,64.91,7,4.76
3605,44491,175582,55.9,47,98175,50.54,32,20.83
3606,98,16847,77.4,11,13043,43.23,2,0.73
3607,47042,121662,32.35,34,39369,21.28,14,19.37
3609,7517,38419,53.61,18,20602,31.94,4,9.16
3610,1500,54015,79.65,4,43027,76.71,1,5.1
3611,4838,47555,58.21,13,27691,46.79,4,13.36
3613,1140,63436,66.67,28,42304,50.87,13,3.89
3615,43742,68467,29.17,10,19986,23.13,3,42.84
3616,3451,94650,42.55,35,40291,26.06,10,6.41
3617,7822,94766,66.85,39,63376,53.74,17,10.51
3619,164,7626,27.79,3,2120,15.73,1,4.99
3622,24729,151328,58.89,21,89139,53.69,9,16.57
3623,8432,29186,51.89,3,15148,48.24,1,23.66
3624,39566,117341,59.26,19,69552,54.75,10,25.0
3625,48067,114247,44.88,26,51290,37.33,12,20.03
3627,14082,30991,56.06,9,17376,50.03,5,11.97
3628,7629,45000,59.15,5,26624,56.02,3,17.09
3629,1735,32955,86.89,5,28637,84.01,3,3.0
3630,28033,204192,53.89,14,110076,51.09,5,20.09
3631,1827,81821,80.5,15,65873,74.99,7,4.17
3632,37334,40890,17.2,5,7037,15.58,4,45.99
3633,1905,34024,60.67,13,20648,46.15,5,10.24
3634,218,49600,82.97,13,41166,72.48,6,0.7
3635,398,5050,0,0,0,0,0,15.07
3636,503,6000,87.18,1,5231,87.18,1,4.38
3637,823,29749,77.46,6,23047,71.3,3,4.11
3642,18065,45869,63.39,18,29086,49.5,10,7.54
3643,403,47937,97.95,1,46958,97.95,1,1.03
3644,1874,83300,79.09,34,65898,70.04,20,2.96
3645,61931,136754,44.53,44,60915,36.25,24,28.06
3646,36406,39297,48.9,21,19226,19.94,5,8.81
3647,2945,2802,0,0,0,0,0,50.05
3649,275,10819,36.51,6,3952,0,0,4.85
3651,69,69565,95.9,12,66730,89.61,4,0.15
3652,3584,75098,72.05,13,54117,67.71,7,8.96
3653,57854,146733,70.52,43,103514,62.06,23,6.8
3656,3283,58249,77.46,6,45124,75.19,3,7.09
3659,628,54124,87.46,15,47346,80.83,8,1.95
3661,86348,86244,36.2,38,31244,17.19,11,22.49
3662,22523,183478,53.41,26,98010,48.89,11,17.55
3663,24475,108494,65.02,11,70557,63.47,7,21.2
3664,5785,75945,68.67,7,52162,66.9,4,7.24
3665,52238,195078,60.74,83,118538,43.84,32,8.9
3666,28686,138950,83.17,16,115594,80.04,9,6.27
3669,8058,92920,59.03,9,54861,54.68,3,17.8
3671,53,14500,87.86,7,12743,72.48,3,0.41
3672,21101,40790,55.85,20,22789,40.12,9,9.52
3673,85576,406664,41.26,70,167863,35.24,31,27.45
3674,405,17814,71.06,7,12661,65.86,5,5.17
3675,13936,53058,59.99,6,31832,57.36,3,20.78
3678,1037,26422,52.13,13,13777,35.52,5,7.0
3679,5026,63022,65.87,25,41523,54.01,13,11.89
3680,29368,96212,55.04,42,52975,39.41,20,22.68
3681,341,118704,95.08,6,112879,94.39,5,0.55
3684,6226,30310,61.11,10,18527,53.11,6,14.18
3685,12822,79574,61.07,30,48612,44.74,8,8.31
3686,62515,76495,21.63,14,16558,16.64,7,34.71
3687,36316,30124,37.33,6,11249,32.52,4,37.07
3688,3476,99176,67.87,11,67330,65.63,7,6.38
3689,33829,89509,28.81,27,25811,16.52,8,34.77
3690,1358,60356,89.17,6,53829,83.95,1,2.86
3691,13475,91883,57.24,14,52608,53.42,9,19.69
3693,28226,42991,43.06,10,18523,33.58,4,32.43
3694,14275,154929,60.21,22,93326,54.96,8,17.45
3701,49260,236669,73.43,24,173799,70.77,13,14.69
3702,91118,1750913,84.53,345,1480210,79.34,202,5.45
3703,34935,823216,72.59,108,597725,68.44,52,8.19
3704,41830,415445,66.89,85,277954,60.3,41,13.63
3705,26737,266423,68.74,72,183166,61.43,43,10.16
3706,201356,1327212,54.09,133,718030,50.78,67,22.79
3707,93491,400731,44.88,38,179925,42.22,22,31.84
3708,46510,92762,49.14,23,45600,40.3,9,24.57
3709,8731,145569,72.3,19,105269,67.56,8,8.89
3710,47828,287251,32.21,79,92596,21.93,27,16.13
3711,346079,4479574,86.92,807,3894373,81.55,426,5.5
3712,29708,246242,57.39,22,141344,55.47,15,18.68
3713,4236,88099,56.28,31,49595,43.84,11,8.0
3714,161422,737940,41.89,127,309277,36.08,56,25.37
3715,97767,283575,29.38,59,83370,21.11,24,41.74
3716,53694,149766,52.93,31,79304,46.54,15,22.21
3717,50369,211596,37.31,51,78988,29.26,23,23.42
4102,37663,42373,46.38,12,19662,33.52,4,14.78
4104,44764,188367,45.42,24,85623,40.06,8,25.22
4105,52162,248650,48.85,69,121515,39.5,33,17.63
4106,16422,100912,50.6,17,51073,45.93,8,21.47
4107,13490,69298,61.82,24,42852,51.99,14,12.35
4108,54879,198619,29.64,27,58903,23.57,7,23.04
4109,43730,118737,43.6,27,51790,35.82,11,17.52
4111,46418,59832,43.71,25,26157,32.46,14,16.43
4113,20251,231138,74.58,75,172427,63.0,32,4.89
4114,74240,510176,43.01,106,219543,36.65,49,15.13
4115,965,60000,75.73,16,45446,69.51,10,3.09
4116,4507,44566,54.95,3,24492,54.95,3,18.36
4117,6288,70824,54.19,25,38392,37.83,7,14.31
4118,202,29993,90.11,1,27027,90.11,1,1.25
4119,27135,119509,46.73,14,55871,44.15,9,18.06
4120,7687,86747,70.72,20,61369,63.84,12,9.07
4121,51561,83111,50.12,20,41668,44.31,12,23.76
4123,46869,769546,57.77,169,444750,50.77,82,11.95
4125,218,1934,0,0,0,0,0,29.72
4126,22600,72600,62.94,25,45706,53.59,14,15.63
4127,26631,45760,75.15,18,34398,61.35,8,7.56
4128,101725,588171,43.87,68,258067,39.75,26,16.06
4129,34159,96438,59.06,34,56981,48.65,15,10.98
4130O,42192,137888,65.09,17,89769,61.96,9,12.56
4131,3526,39879,76.11,5,30361,72.24,2,5.53
4132,42832,187941,46.63,49,87674,38.33,23,11.76
4133,54467,60554,23.53,11,14255,18.53,5,40.36
4135,511,26465,65.43,14,17322,44.13,5,3.75
4136,95,36147,99.3,4,35897,97.87,3,0.34
4137,7565,82492,53.59,16,44219,45.35,5,15.59
4138,21312,39930,51.42,4,20535,51.42,4,25.45
4139,1220,45010,68.03,22,30627,48.02,9,3.38
4140,473,3039,0,0,0,0,0,30.87
4142,84780,429508,39.72,86,170667,31.75,32,21.91
4147,47632,273202,52.48,68,143398,43.75,29,13.62
4148,2293,67236,79.57,11,53502,78.16,9,5.81
4150,31346,147218,42.04,54,61919,27.1,15,9.5
4151,642,50026,78.35,13,39203,71.12,7,2.65
4153,5253,58668,76.48,15,44881,71.94,11,8.59
4154,897,38390,76.54,15,29389,67.1,8,2.9
4155,35408,144684,45.67,40,66111,34.87,15,16.63
4156,895,56540,71.87,14,40643,67.51,10,4.15
4157,32124,711834,59.0,117,420195,52.14,35,8.98
4160,34563,26690,29.63,3,7910,25.36,1,33.05
4161,5196,59808,44.28,24,26491,26.83,8,11.31
4162,47282,145678,45.66,22,66565,40.19,9,21.43
4163,25155,50680,70.45,22,35713,62.57,15,9.37
4164,19095,195311,50.85,53,99350,41.65,24,16.7
4166,3872,243035,82.61,26,200824,79.18,13,3.03
4167,55861,310444,42.39,76,131688,33.95,33,16.1
4168,50233,112521,27.25,25,30685,20.1,10,22.62
4169,4097,66432,53.71,22,35692,45.83,13,9.24
4170,6533,43771,58.35,15,25550,45.12,7,9.63
4171,38047,58057,33.43,11,19421,27.67,6,25.75
4172,24375,119576,39.36,26,47084,30.03,8,11.08
4173,30341,74574,44.18,6,32962,40.0,1,21.0
4174,42658,131580,41.89,32,55147,35.57,18,23.92
4175,11544,42323,56.05,7,23724,54.98,6,23.03
4177,2160,62805,59.03,17,37091,48.19,6,7.92
4178,4497,215867,77.58,44,167513,72.42,26,3.94
4181,1739,2129,0,0,0,0,0,59.38
4183,1198,23800,62.23,13,14815,42.8,5,8.81
4184,644,39183,92.03,1,36064,92.03,1,1.69
4186,4728,90000,45.75,35,41192,27.08,10,10.16
4188,4690,63333,54.31,12,34401,47.92,4,11.93
4190,16719,61450,66.25,12,40714,62.54,9,15.78
4191,2533,100170,63.05,31,63165,48.78,9,5.61
4192,4664,35164,68.16,3,23974,66.6,2,13.64
4193,5426,67616,49.22,25,33296,33.69,6,3.85
4194,3299,145974,76.68,24,111940,73.12,14,5.18
4195,28509,80000,37.68,22,30161,30.21,13,16.35
4197,2277,30181,65.75,21,19847,40.26,7,5.5
4198,2677,24108,81.43,4,19632,77.37,3,6.31
4205,11028,97649,66.37,33,64841,58.94,21,14.5
4207,8682,198538,73.06,54,145071,63.69,23,5.45
4303,35790,94605,19.42,10,18394,13.7,2,35.67
4304,3536,61038,81.93,15,50023,74.64,7,3.87
4305,1705,55014,84.73,26,46626,74.81,19,4.31
4306,90562,676757,57.33,110,388147,51.93,46,10.2
4401,12731,122692,62.2,50,76342,46.89,23,8.95
4402,41350,67992,65.83,16,44767,60.73,10,7.93
4404,7879,112266,35.73,25,40140,26.9,7,14.69
4406,1563,51912,75.91,20,39417,60.57,7,3.54
4408,4015,67628,35.74,14,24181,30.37,8,12.66
4413,1656,31315,69.31,15,21709,52.61,6,4.8
4414,22933,263796,63.79,47,168340,56.65,17,9.27
4415,4360,43577,85.04,11,37066,76.68,5,6.77
4416,2406,73586,73.53,34,54121,61.35,19,5.95
4417,8492,83971,46.22,20,38834,37.07,7,17.03
4419,5209,169163,96.84,7,163853,95.08,3,0.68
4420,8139,40455,59.09,8,23911,54.11,4,23.28
4424,2554,59853,66.58,16,39856,62.31,11,5.5
4426,9668,172677,61.97,33,107034,54.12,12,10.35
4427,967,212542,87.41,55,185828,78.71,24,0.93
4430,8702,56274,64.05,21,36049,53.29,11,16.18
4431,2143,36536,67.9,4,24815,62.51,1,11.38
4432,4967,50589,55.23,12,27949,45.45,4,12.03
4433,10178,61300,57.06,11,34991,52.24,6,16.5
4438,4546,113425,66.47,39,75413,50.12,10,6.99
4439,1206,38115,78.41,14,29888,69.7,9,4.85
4440,3933,67598,56.55,44,38239,27.78,11,12.85
4441,2198,68176,72.08,28,49151,58.95,13,4.63
4442,885,32353,78.49,21,25399,42.78,4,4.14
4502,3888,57470,69.42,14,39901,56.32,3,5.93
4503,7434,78313,64.28,12,50351,59.81,6,14.44
4506,11348,177012,80.52,29,142584,74.19,11,8.32
4510,60298,108978,36.07,18,39333,29.65,6,35.34
4513,44692,143762,57.03,16,82029,52.46,4,16.11
4523,35836,64949,59.62,18,38728,51.81,9,13.65
4526,60559,254826,50.14,63,127799,42.3,33,24.44
4527,4487,76152,66.7,25,50802,61.69,18,10.09
4528,13573,84166,62.86,13,52921,60.34,9,19.14
4529,8843,84549,58.73,14,49676,52.78,5,12.11
4530,7305,35795,72.78,6,26059,64.46,1,5.98
4532,20133,494895,70.32,90,348040,65.48,54,8.18
4533,68562,158434,29.28,23,46421,23.95,9,35.74
4534,19927,86789,42.16,22,36609,32.74,9,20.64
4535,7174,75662,77.42,21,58599,69.66,12,4.79
4536,7520,90820,56.62,44,51444,37.17,14,12.77
4537,2184,78840,82.0,16,64661,76.98,10,4.33
4538,1683,59470,80.42,15,47831,71.59,7,3.88
4540,40931,115187,31.08,20,35818,25.51,11,40.79
4541,43849,67647,41.21,23,27892,26.86,8,27.35
4542,5745,35269,52.98,23,18694,21.02,5,17.63
4543,22234,59772,46.54,13,27826,42.2,9,23.86
4544,1581,60290,67.48,20,40691,49.87,2,1.89
4545,21760,77000,72.82,8,56085,69.31,4,9.61
4546,1246,33775,63.32,11,21395,55.66,7,6.03
4547,302,23349,84.76,7,19792,72.34,2,2.65
4549,7519,57002,62.51,14,35642,58.74,10,17.1
4550,3232,37839,55.78,11,21117,49.03,7,14.97
4551,4926,115222,81.36,30,93764,75.65,20,4.98
4552,28535,116000,50.88,21,59043,44.52,8,11.97
4553,469,33020,86.95,14,28714,76.99,8,2.37
4554,2408,26327,52.18,7,13739,50.62,6,14.77
4555,4119,69988,71.35,16,49943,65.67,8,10.26
4556,3087,42303,74.87,11,31675,70.51,9,9.04
4557,27565,47972,43.93,21,21083,28.54,8,12.33
4558,1601,50000,73.0,32,36510,50.19,13,6.31
4559,665,60000,87.93,17,52766,79.9,10,2.06
4560,2480,68097,86.45,12,58883,83.73,9,3.5
4561,8748,58522,58.23,12,34088,52.07,7,24.51
4562,12092,87546,52.05,12,45578,49.93,9,28.42
4563,6521,54950,54.26,11,29826,49.6,7,21.58
4564,48963,232788,40.95,53,95370,34.51,27,21.25
4565,1444,61740,79.92,24,49351,66.05,12,2.4
4566,25833,110093,53.08,22,58450,48.44,14,25.13
4568,1624,32045,68.34,8,21903,61.91,4,7.41
4569,2051,30600,66.34,11,20305,52.36,5,7.66
4570,200,44000,95.01,16,41810,87.54,12,0.6
4571,6579,53017,66.25,21,35133,55.61,11,15.99
4572,3492,40019,64.17,11,25682,61.89,9,9.36
4573,10565,41697,41.81,14,17437,28.38,5,24.76
4575,764,38668,68.76,17,26596,53.76,8,3.22
4576,25359,119802,65.55,30,78548,59.38,19,18.71
4577,7105,49138,60.31,9,29643,55.74,5,22.71
4578,691,20300,97.0,3,19693,92.28,2,1.48
4580,5068,46803,49.37,18,23116,35.66,10,18.34
4581,1655,33899,62.95,15,21344,46.35,8,8.74
4582,2618,75480,56.31,26,42517,45.32,12,7.42
4583,6903,80171,86.88,10,69667,81.82,4,4.45
4584,1058,30002,80.09,13,24034,69.26,9,4.38
4585,18892,105653,75.94,3,80246,75.39,2,16.43
4587,978,33000,88.23,5,29117,88.23,5,3.19
4588,5300,42985,50.32,15,21639,37.45,8,21.59
4589,614,26039,70.29,12,18307,45.23,1,3.9
4590,10068,54838,49.11,20,26941,35.82,9,15.45
4609,1747,47947,76.2,24,36546,64.56,15,3.87
4702,14244,72333,51.06,9,36939,46.49,2,22.93
4703,9147,65750,26.15,7,17207,22.6,3,26.94
4706,2128,79030,82.05,14,64867,77.25,8,2.42
4707,28074,403715,71.48,59,288679,65.97,26,8.35
4711,7551,61056,60.0,10,36643,53.42,4,15.81
4712,3612,18423,45.99,2,8473,43.69,1,17.23
4714,54010,221838,28.75,33,63831,22.02,9,22.93
4716,43509,94427,36.43,27,34415,27.48,13,22.17
4717,1001,155,0,0,0,0,0,99.98
4720,13895,114516,38.23,23,43798,34.42,15,24.99
4721,57415,74986,35.15,17,26365,28.03,7,38.68
4722,14166,104139,59.68,45,62173,45.65,20,10.99
4724,3090,95976,59.03,27,56669,46.36,8,7.57
4726,12865,207042,57.9,41,119904,50.27,14,12.56
4727,349,7278,18.79,3,1368,0,0,8.58
4728,16832,54463,84.5,36,46032,65.91,19,2.3
4729,7413,79227,50.87,11,40327,46.44,6,18.54
4730,1063,27868,69.84,13,19466,57.91,7,4.79
4732,1585,49644,66.57,30,33054,46.57,13,6.46
4734,371,10237,14.95,2,1532,0,0,6.16
4735,37663,41569,53.36,15,22187,42.93,8,19.41
4736,13937,95374,51.03,17,48696,44.86,8,23.02
4737,11001,77403,62.04,26,48023,48.89,9,6.06
4738,3525,77596,58.45,7,45368,54.05,1,11.1
4739,56271,124700,40.97,30,51101,31.37,10,27.53
4741,12437,34812,46.08,9,16046,40.07,5,16.3
4743,80878,480533,46.39,75,223065,42.08,36,17.28
4744,33272,56948,51.69,25,29446,35.2,11,12.16
4745,3181,69706,65.01,26,45328,56.71,16,7.62
4746,43232,120256,42.97,40,51711,31.82,18,20.7
4747,2116,45461,65.12,22,29611,50.36,11,6.33
4749,59065,92733,34.03,24,31569,23.69,9,32.68
4752,1065,84397,89.58,6,75611,86.99,2,3.03
4754,23046,30283,36.69,6,11112,28.46,3,24.11
4755,8497,100706,68.97,16,69477,64.81,9,11.67
4758,396,29217,92.13,6,26925,84.79,2,1.23
4760,11122,32218,36.49,7,11760,34.78,6,24.6
4762,139,20720,99.67,8,20653,97.29,7,0.25
4763,55068,989147,60.44,112,598128,56.47,48,11.02
4764,7525,85542,77.13,31,65998,66.6,16,8.5
4765,907,32133,55.11,16,17715,39.21,6,5.87
4766,11153,120571,69.3,27,83594,62.06,13,9.49
4767,898,31415,64.07,12,20134,46.9,5,4.82
4768,16183,47488,34.28,16,16289,19.49,4,29.77
4770,9377,79976,64.82,25,51855,59.56,18,13.68
4771,4137,58761,60.66,24,35659,45.5,9,9.71
4772,33053,147682,49.14,26,72591,41.73,9,24.31
4773,228,72709,94.99,14,69091,92.29,11,0.25
4801,784,47201,98.7,2,46594,97.82,1,0.23
4802,296,18854,87.92,2,16579,85.36,1,2.38
4803,5715,59069,57.43,8,33936,55.13,6,14.81
4804,30105,71992,62.0,11,44648,54.88,3,10.09
4806,18045,99947,88.9,10,88863,85.88,4,2.12
4807,14492,48996,68.23,16,33440,63.32,12,9.07
4903,46513,105344,42.64,13,44938,36.69,2,31.29
4904,86959,3607705,93.54,381,3375384,90.93,233,2.59
4905,1989,29260,81.67,18,23903,63.71,10,5.88
4906,92443,451846,29.15,87,131819,22.72,39,30.42
4907,2914,118146,84.96,8,100391,83.76,6,3.56
4908,33530,78217,54.06,21,42299,44.3,10,26.29
4909,63867,93357,26.52,14,24767,22.95,8,41.9
4911,3477,63720,57.57,19,36693,46.73,8,8.24
4912,25905,66993,50.8,24,34044,36.97,7,14.8
4913,475,9667,25.75,3,2490,0,0,11.98
4914,226,10000,77.04,5,7705,61.66,2,4.01
4915,31577,471881,63.5,132,299718,54.92,70,14.28
4916,75529,124083,28.67,21,35606,23.05,9,43.56
4919,73757,452398,62.49,47,282846,58.65,20,23.57
4920,107,41779,93.69,6,39149,86.74,1,0.35
4922,4559,44958,25.44,12,11446,11.8,2,17.24
4923,30734,37373,37.44,15,14003,23.32,6,20.75
4924,1491,37164,70.84,18,26340,53.91,9,6.48
4925,5250,70746,48.42,31,34263,30.87,10,12.53
4927,61083,264938,24.34,61,64536,15.11,21,27.81
4929,384,234,0,0,0,0,0,38.45
4930,33725,80000,63.67,13,50950,58.68,7,17.83
4931,62144,65566,30.0,22,19685,13.52,4,46.1
4932,311,2020,0,0,0,0,0,40.02
4933,5798,82663,63.32,11,52352,59.71,6,12.92
4934,70590,225000,35.06,24,78915,29.94,6,23.9
4935,8022,128864,62.75,26,80893,56.88,14,13.62
4938,154988,2682044,78.16,406,2096945,73.82,222,10.16
4939,63501,98201,35.13,23,34520,25.42,7,33.92
4942,6641,142368,62.58,41,89125,54.57,22,10.57
4943,22058,126694,63.97,26,81068,53.36,6,14.33
4946,8333,8853,42.58,1,3770,42.58,1,37.51
4949,10737,67752,52.73,28,35742,41.07,13,20.29
4950,6644,57729,72.81,5,42041,68.13,1,6.13
4951,11261,34149,19.91,8,6806,4.48,1,33.44
4952,15195,108816,52.77,10,57442,47.79,2,25.94
4953,34420,73147,47.53,20,34781,37.74,7,23.83
4956,42439,100408,36.9,17,37062,32.22,9,33.86
4958,202095,1114869,72.76,239,811447,65.94,120,14.66
4960,90060,571705,62.17,85,355541,57.34,45,15.45
4961,41920,121254,44.6,30,54110,35.08,12,28.99
4963,445,75455,83.64,9,63121,82.03,7,1.43
4966,30624,78958,35.65,26,28164,20.08,8,27.4
4967,66034,98566,20.6,22,20326,10.72,6,50.02
4968,56870,92210,17.43,15,16092,10.49,4,47.03
4969,11533,190978,55.64,56,106290,44.91,23,6.89
4971,34474,47186,46.7,23,22046,22.08,3,25.58
4972,15569,56889,49.58,21,28219,36.43,10,24.41
4973,50220,65293,24.62,14,16091,15.7,4,43.03
4974,43064,72500,41.71,6,30253,39.73,3,29.84
4975,1025,326577,96.31,11,314557,95.92,8,0.73
4976,44637,141351,29.0,14,41021,25.06,6,35.21
4977,47549,82690,22.09,17,18286,10.73,2,48.23
4978,67,5000,82.32,1,4116,82.32,1,2.2
4979,89884,142803,39.79,43,56853,25.98,13,39.48
4980,2390,45204,58.12,14,26282,50.4,7,10.97
4989,43196,137776,22.94,25,31641,14.72,7,49.43
4990,3286,102727,53.4,32,54862,43.96,17,7.94
4991,56420,121088,54.42,38,65908,42.54,15,24.8
4992,1034,210050,82.08,38,172445,76.89,22,1.01
4994,2168,66383,86.11,30,57173,79.0,22,3.19
4995,5135,42592,67.66,22,28827,51.6,11,8.38
4996,784,99070,77.8,37,77094,65.91,19,0.92
4997,272,14665,42.96,8,6303,17.41,2,3.49
4999,46429,74417,41.14,25,30624,27.29,10,26.06
5006,14034,97061,10.2,8,9915,7.79,3,21.31
5007,4914,294940,87.67,44,258647,84.58,28,1.97
5009,81704,602471,48.58,102,292796,44.06,53,18.18
5011,33723,100674,49.81,32,50171,37.91,14,14.81
5013,9029,133416,87.3,44,116498,80.89,31,2.38
5014,52304,183265,37.78,51,69266,27.4,21,19.97
5015,26650,60639,51.93,19,31502,42.13,9,20.02
5016,2721,49622,65.97,15,32747,59.95,10,10.27
5017,6866,320,0,0,0,0,0,82.12
5201,13604,38675,57.08,18,22083,33.86,6,10.33
5202,43844,89094,53.12,12,47335,48.77,7,17.5
5203,31621,79343,45.69,19,36269,34.82,6,18.03
5204,1376,6289,18.82,1,1184,18.82,1,20.58
5205,1741,13500,74.44,2,10051,71.26,1,7.86
5206,3669,171518,85.15,31,146084,80.19,16,3.02
5207,2909,15834,38.6,8,6114,14.82,2,12.01
5209,4205,28654,55.52,4,15912,53.48,3,18.65
5210,39119,82178,46.6,19,38308,38.94,8,12.74
5211,7618,32025,47.96,12,15361,40.88,7,23.81
5212,10024,34633,79.65,16,27588,66.98,9,6.26
5213,21280,721334,86.24,81,622285,84.32,57,4.5
5215,5424,64338,53.22,22,34244,42.71,11,16.23
5216,401,17847,82.4,11,14710,57.64,4,2.85
5220,7681,39667,44.56,20,17685,19.61,5,16.73
5221,347,5573,11.3,1,630,0,0,15.82
5222,33190,91119,32.19,24,29351,22.64,10,27.14
5223,2769,44550,62.2,12,27719,54.22,7,13.36
5225,8377,79136,46.19,12,36566,39.3,4,20.23
5226,400,23300,52.74,11,12293,31.51,3,4.34
5227,59738,96000,26.57,19,25518,18.35,7,28.67
5228,3558,38056,56.15,14,21374,44.94,6,16.09
5229,129,58238,96.46,13,56185,89.33,6,0.41
5230,29798,56304,24.12,16,13586,10.27,4,31.41
5233,3000,277249,85.35,23,236705,82.42,10,2.36
5234,11371,102716,65.6,20,67397,59.54,9,9.74
5236,6726,60004,63.62,7,38187,60.89,4,15.13
5238,692,67296,83.45,15,56167,78.59,9,2.2
5239,601,24700,30.08,8,7434,16.98,3,5.26
5240,514,26582,53.83,16,14312,30.32,5,2.67
5242,1115,124895,72.3,45,90323,58.6,18,1.89
5243,30947,168529,56.9,29,95910,50.08,12,21.05
5244,9796,68242,46.54,30,31773,28.99,11,19.01
5245,3918,45127,57.84,18,26110,40.7,7,16.41
5246,8741,44874,34.19,10,15347,27.0,4,27.13
5247,510,75000,75.94,12,56961,68.74,5,1.45
5248,1896,24500,58.89,5,14432,56.84,4,14.97
5250,209,39107,97.08,1,37967,97.08,1,1.0
5251,35429,33733,33.43,4,11286,29.21,2,39.51
5253,224,40943,81.05,20,33194,58.2,5,0.96
5254,666,22607,75.68,8,17113,70.33,6,4.96
5256,1872,71602,69.68,25,49908,61.23,15,4.55
5257,809,132750,79.64,27,105735,73.71,13,1.25
5258,25287,110365,51.87,39,57264,38.1,15,15.56
5259,2364,43563,82.07,8,35759,74.45,3,5.69
5262,8008,52699,55.98,25,29505,31.97,5,6.03
5263,26606,73937,56.14,31,41526,43.88,15,12.35
5265,123,1207,0,0,0,0,0,22.11
5267,1330,25300,62.14,13,15723,46.59,5,8.73
5269,35760,74157,59.27,12,43966,54.51,6,23.52
5271,8665,63472,29.47,13,18721,20.52,4,24.46
5272,45694,55276,22.27,13,12324,10.26,3,36.36
5274,54893,37803,32.37,12,12244,19.25,3,12.67
5275,144,10264,30.86,6,3169,0,0,2.11
5276,942,39500,88.22,6,34856,85.29,4,4.17
5278,4354,300000,82.67,69,248102,77.7,45,2.66
5282,278,25006,85.81,10,21463,59.25,1,0.6
5283,27582,87601,61.15,24,53572,52.63,14,20.31
5284,9452,52893,56.15,13,29707,49.16,7,18.55
5285,12729,102041,62.51,36,63804,50.57,18,19.34
5286,910,14745,79.97,6,11795,69.95,4,4.81
5287,9791,60311,59.18,22,35707,47.03,10,21.11
5288,2956,69699,69.14,15,48203,59.82,4,7.0
5289,66338,96408,34.94,31,33701,21.98,10,28.06
5291,5453,41891,45.72,23,19161,21.06,5,21.39
5292,7700,42108,50.6,15,21317,40.05,8,17.64
5294,60,82,0,0,0,0,0,86.86
5295,156,29140,86.34,15,25168,71.08,8,0.75
5296,469,21595,35.92,7,7760,27.24,4,5.13
5297,8851,37652,19.14,9,7215,10.53,3,36.06
5299,17169,50889,51.17,10,26049,44.98,5,26.99
5301,4030,65890,80.69,11,53175,73.88,4,4.92
5302,13184,159888,51.38,21,82188,46.2,7,17.63
5304,32309,326962,88.1,23,288108,86.33,13,6.18
5306,12156,126001,69.51,23,87590,64.41,11,12.18
5307,35136,423111,41.17,93,174254,32.18,31,16.03
5309,71381,231377,35.61,39,82429,29.02,13,34.05
5310,7160,28944,58.77,15,17016,38.38,5,6.38
5312,5770,60060,55.65,17,33431,50.7,13,13.23
5314,54838,292000,40.03,37,116949,35.7,17,29.47
5315,51193,106352,31.14,27,33140,22.59,12,22.45
5321,7964,53180,57.46,22,30564,41.93,8,12.69
5324,21219,226379,79.93,48,180967,73.64,25,4.9
5325,20405,55488,33.46,8,18575,27.52,3,38.11
5328,77185,172711,41.86,21,72343,37.17,8,38.67
5336,2958,2217,0,0,0,0,0,68.85
5340,25866,194894,61.2,33,119315,53.58,8,20.21
5344,6792,79447,75.59,7,60066,73.54,4,10.73
5345,6378,37795,78.88,2,29814,78.88,2,7.32
5346,263535,1366161,37.66,305,514755,28.04,89,20.13
5347,114626,1879568,84.28,256,1584572,80.71,151,7.96
5348,1843,14776,53.12,5,7851,40.79,2,9.65
5351,114818,328771,34.78,61,114392,28.25,28,32.22
5353,6508,75765,54.23,28,41103,37.82,10,13.56
5355,32586,166123,70.47,44,117091,62.63,25,7.1
5356,53087,103040,44.55,24,45924,39.58,16,22.39
5364,7373,63850,70.28,14,44885,61.31,3,5.91
5371,108356,390981,41.92,49,163956,38.46,25,34.18
5372,5393,48616,23.56,13,11457,12.4,4,24.4
5376,3811,33732,33.69,9,11370,23.82,3,17.22
5381,27228,207691,55.91,32,116160,48.77,10,18.55
5385,8314,11156,23.82,2,2658,18.19,1,43.93
5386,28286,36081,34.31,5,12385,28.28,2,38.01
5387,141652,45000,91.32,2,41101,90.18,1,7.18
5388,32161,304343,53.21,101,162006,42.41,50,18.45
5392,66904,176562,35.34,22,62438,29.24,5,33.21
5395,2242,1759,0,0,0,0,0,41.07
5398,41295,49465,58.04,19,28720,45.9,10,7.81
5403,9535,78176,47.78,35,37367,31.11,13,18.99
5410,56838,93369,36.07,21,33703,29.0,11,27.99
5414,5080,68584,59.71,20,40963,48.1,7,10.26
5425,105613,263485,39.0,43,102808,33.51,23,38.74
5426,35834,143800,56.27,24,80936,52.77,16,21.68
5432,5538,20688,54.1,4,11196,51.4,3,28.61
5434,30808,194008,55.08,75,106905,39.0,26,14.14
5438,37954,112537,75.14,10,84564,74.32,8,9.99
5439,34319,92977,41.62,29,38718,31.64,15,28.81
5442,4830,64865,20.62,12,13387,14.59,5,16.15
5443,67039,164747,38.82,21,63992,34.27,7,36.47
5450,11826,122403,80.99,10,99149,79.37,7,5.67
5452,69831,148764,41.84,20,62257,38.52,10,30.3
5455,3451,65502,93.99,25,61570,89.0,20,1.62
5457,17306,196429,52.56,29,103276,48.82,17,17.27
5460,31613,58778,56.21,29,33051,37.2,12,15.96
5464,4451,71071,72.61,25,51617,61.14,13,7.58
5465,7922,147683,71.94,16,106267,68.79,8,11.24
5467,1835,85552,86.4,11,73931,82.8,6,2.84
5468,6000,58923,66.03,13,38922,60.28,8,13.6
5469,37864,486166,71.77,82,349003,66.25,39,12.48
5471,67586,167877,28.78,40,48366,19.9,16,37.59
5473,2487,3038,0,0,0,0,0,78.15
5474,8052,39757,56.66,8,22534,48.5,4,26.58
5475,51747,127127,42.36,27,53873,36.19,13,34.32
5478,41114,156074,79.54,30,124187,73.08,16,9.54
5481,42293,71403,65.28,22,46619,55.52,11,7.97
5483,128081,641222,64.74,158,415209,57.03,82,17.94
5484,33901,66801,37.94,11,25354,34.07,7,37.49
5487,7148,24223,71.21,15,17251,47.73,7,7.35
5488,41557,91586,45.15,31,41366,34.94,14,17.84
5489,3233,102706,85.4,14,87717,82.63,8,4.25
5490,69573,96152,36.75,26,35359,27.34,11,23.5
5492,1374,71414,98.66,1,70463,98.66,1,1.03
5493,5663,43689,43.87,17,19178,24.9,4,19.62
5497,4838,65325,26.18,14,17118,15.56,4,16.91
5498,70503,193549,34.19,24,66201,29.39,9,38.57
5501,6091,21200,28.1,4,5959,24.3,3,20.14
5505,5924,138832,65.61,47,91117,50.9,15,7.01
5506,7580,152545,66.77,34,101882,58.45,12,6.12
5508,18900,217428,68.77,19,149566,65.92,8,14.87
5511,5842,113440,65.65,35,74498,56.03,18,8.63
5512,78655,766312,61.63,157,472413,54.58,71,9.13
5514,10395,236118,92.42,51,218264,87.52,32,1.2
5515,11747,201600,70.05,57,141255,61.48,29,8.01
5516,1806,51545,69.44,14,35805,60.51,7,4.7
5519,17648,219197,57.5,43,126090,51.35,20,16.87
5520,1218,59975,83.75,23,50242,73.58,12,2.17
5521,63718,492280,58.18,101,286501,51.47,47,10.33
5522,17491,781596,89.12,60,696659,86.84,31,4.09
5523,2597,155001,92.18,31,142924,88.92,23,1.41
5524,3912,58669,30.78,22,18070,11.6,4,16.08
5525,4790,318105,88.39,69,281249,84.2,49,2.05
5529,11460,105769,74.16,21,78471,67.76,10,4.61
5530,12420,420084,82.5,49,346673,79.46,27,4.67
5531,14892,977589,86.04,84,841279,83.49,41,3.17
5532,821,17804,31.03,8,5527,5.88,1,4.86
5533,5648,285245,80.51,79,229691,71.32,35,3.43
5534,22441,315326,69.44,84,218985,60.44,43,11.33
5536,26537,124081,58.49,61,72604,37.62,18,10.8
5538,1297,201203,94.09,21,189348,93.07,18,0.94
5541,86,26427,82.05,10,21689,76.05,7,0.26
5543,1074,46704,72.82,29,34024,46.24,9,2.75
5546,1327,82353,84.75,18,69808,77.99,9,2.47
5547,1365,45288,65.82,13,29820,54.69,6,5.07
5548,2389,58529,64.61,17,37834,58.65,12,6.27
5601,867,64800,79.62,44,51614,47.23,11,1.17
5603,29904,104877,54.86,22,57554,49.82,13,18.41
5604,11008,108783,67.11,46,73021,52.78,21,7.1
5607,17629,370553,75.61,60,280255,68.74,21,6.4
5608,90005,389276,28.25,55,110041,22.35,17,30.41
5609,37917,142884,52.52,46,75066,46.88,32,23.12
5701,51780,143000,54.09,20,77375,49.19,8,16.64
5702,1937,5294,0,0,0,0,0,45.88
5703,1976,70240,88.29,25,62024,83.83,19,3.53
5704,3525,58862,83.88,23,49386,79.45,19,7.2
5706,28429,84911,38.71,13,32881,35.22,7,31.19
5810,48652,916440,72.87,99,667975,68.98,39,7.71
5859,3595,1450278,96.82,47,1404491,96.14,31,0.51
5863,27016,320202,81.43,44,260796,77.08,23,5.16
5864,14045,454496,68.08,106,309505,58.8,42,5.82
5871,112262,1711421,70.71,359,1210550,64.94,203,10.23
5871A,8174,150000,68.98,45,103496,60.11,25,5.04
5876,51174,4861603,87.8,821,4269460,82.27,375,1.5
5878,1806,25024,72.36,13,18111,54.25,6,11.66
5880,409734,15680937,74.12,1787,11625468,70.15,726,4.68
5901,5003,22907,77.87,2,17837,77.87,2,8.64
5902,2588,94500,85.57,16,80873,81.66,10,3.62
5903,17402,223220,91.42,26,204109,88.19,16,5.4
5904,32409,106444,69.18,45,73649,54.16,20,9.4
5905,45862,281623,47.46,45,133685,40.71,16,16.29
5906,976,35741,86.27,9,30838,82.48,7,1.9
5907,5557,195531,69.57,29,136065,64.9,13,6.66
6005,113254,2170908,71.85,277,1560324,68.39,155,8.3
6015,73277,403665,49.61,88,200338,41.88,38,12.17
6016,77468,686596,51.13,138,351185,44.61,63,10.94
6020,1919,252353,96.69,10,244033,96.04,8,0.84
6021,4175,312231,90.29,46,281936,86.8,28,1.58
6023,14654,319976,85.74,20,274393,83.66,9,4.76
6024,16927,249938,68.9,30,172289,64.72,11,10.85
6026,44049,396162,49.63,90,196712,40.77,35,10.86
6027,831,155720,95.62,10,148922,93.79,6,0.46
6028,1654,25000,64.49,12,16127,50.64,5,9.2
6035,2284,71440,93.92,20,67109,83.88,9,2.18
6101,3537,116589,87.84,41,102435,78.57,26,4.26
6103,3142,13605,91.19,5,12407,83.83,3,4.23
6104,56655,91129,19.2,17,17518,12.21,6,43.86
6107,5295,87438,40.93,17,35809,34.67,8,13.79
6108,60417,154494,52.46,39,81088,44.46,20,15.33
6109,34060,87825,50.85,34,44678,38.78,18,12.22
6110,2634,29375,18.41,7,5412,7.18,2,14.26
6111,45643,108511,44.74,23,48568,40.46,16,24.49
6112,34198,188357,58.64,13,110492,56.27,6,21.08
6113,8279,52549,53.12,8,27921,52.17,7,20.88
6114,5396,43912,73.8,9,32412,65.48,3,8.82
6115,14189,187662,61.37,30,115215,56.66,17,16.54
6116,378943,2858655,42.44,192,1213634,40.12,81,26.37
6117,14316,92587,54.85,16,50799,49.06,7,24.96
6118,9079,90890,56.51,15,51384,51.7,9,19.48
6120,59816,599000,60.48,79,362418,55.75,33,12.59
6121,18694,184971,67.24,82,124398,50.42,32,10.61
6122,35640,78092,31.55,20,24651,21.91,9,27.79
6123,10390,62089,43.34,20,26924,33.39,9,20.77
6124,9027,182480,93.72,18,171061,92.31,14,4.38
6125,91254,259011,36.28,35,94027,31.34,15,35.19
6126,71129,130163,36.19,23,47135,30.54,12,32.69
6127,74536,108080,22.3,15,24120,18.96,9,48.37
6128,7549,127589,59.4,26,75824,54.4,16,11.44
6129,75587,180944,17.46,17,31618,14.19,6,37.43
6130,29401,46300,62.85,15,29112,47.59,6,7.97
6131,5937,34793,41.17,9,14331,29.61,3,17.04
6132,4751,63800,35.48,25,22649,15.67,5,15.88
6133,23002,117006,46.0,18,53840,42.92,12,24.83
6134,17925,81882,53.94,16,44187,48.1,8,19.22
6135,7559,76189,38.43,12,29285,34.25,6,13.35
6136,45350,115536,46.26,35,53466,34.31,13,19.76
6137,11239,101362,38.79,29,39331,26.67,9,15.26
6138,30179,75636,47.74,26,36121,30.67,6,21.9
6139,43716,235576,67.61,78,159328,55.03,33,13.12
6140,9878,54898,46.38,17,25479,34.47,7,26.77
6141,15374,113354,54.68,42,62007,42.57,22,14.78
6142,49291,330779,59.3,56,196214,51.84,16,10.7
6143,55385,86059,29.19,19,25140,18.86,5,41.84
6144,1484,38274,89.55,3,34277,89.55,3,5.36
6146,20867,101867,54.71,28,55755,43.11,10,14.59
6147,159915,744594,64.93,139,483617,59.81,78,22.06
6148,27816,46604,36.98,9,17240,33.68,6,33.78
6149,3072,31880,39.03,7,12445,35.09,5,15.82
6150,40196,48346,16.23,7,7855,12.01,3,45.34
6151,19156,55257,37.47,20,20714,22.4,7,23.17
6152,41378,167738,23.88,30,40070,15.91,9,26.65
6153,80817,636178,47.71,99,303607,41.95,38,17.67
6154,10780,80080,63.28,21,50686,54.44,10,16.32
6155,15497,88024,55.86,24,49194,49.22,14,26.81
6156,38424,107875,39.58,22,42718,31.84,9,22.57
6158,36414,55698,43.16,16,24053,34.13,9,21.33
6160,45144,68489,38.49,16,26375,29.69,7,25.47
6161,23254,56237,39.38,5,22157,35.28,1,25.62
6162,3803,79768,51.99,24,41486,43.89,13,10.12
6163,46860,148839,43.9,35,65369,36.46,17,24.84
6164,46421,80000,24.28,19,19440,13.97,5,31.62
6165,41331,77753,47.88,26,37247,37.08,14,13.2
6166,10763,217899,78.33,59,170739,70.42,32,6.05
6167,29135,146000,43.0,32,62820,36.51,17,18.82
6168,35373,205762,45.8,20,94280,43.75,13,27.52
6169,40811,23395,30.88,4,7228,26.44,2,30.23
6170,33415,97260,56.71,20,55179,52.99,14,17.87
6171,2378,100000,87.63,23,87639,78.37,10,3.01
6172,1899,30000,91.42,9,27428,85.37,7,5.51
6173,54263,171200,65.22,28,111683,59.09,13,22.19
6174,9687,50000,63.06,14,31536,56.73,8,18.75
6175,23617,150122,61.25,24,91969,55.9,10,25.37
6176,72817,465027,47.66,142,221779,37.15,64,24.87
6177,20695,471891,75.77,127,357663,67.25,66,6.49
6179,49896,177325,41.2,49,73092,30.91,19,18.31
6180,57670,175494,50.57,32,88801,45.68,19,28.05
6181,3944,45630,12.11,6,5535,7.14,2,16.58
6182,204640,635352,39.71,103,252430,35.0,57,35.5
6183,37289,150000,77.43,32,116171,71.06,17,5.7
6184,7697,162128,72.4,30,117409,67.84,18,8.79
6185,46495,149868,52.5,46,78704,40.04,16,14.17
6186,57707,194908,52.33,34,102027,46.47,16,13.59
6187,61400,98263,51.93,48,51056,33.1,17,20.6
6188,69109,278359,42.57,41,118539,36.1,11,30.98
6189,64203,263919,34.2,68,90304,24.0,30,27.85
6190,60990,195764,35.8,43,70122,28.01,18,36.62
6191,82921,499303,57.62,52,287843,53.49,21,22.68
6192,8143,96156,56.69,37,54534,45.51,20,12.32
6193,8874,177808,61.36,38,109151,56.66,25,9.87
6194,4939,48000,56.06,18,26914,40.52,7,14.95
6195,11321,50193,53.24,7,26729,52.4,6,25.63
6196,31507,220330,71.66,43,157938,66.67,25,11.8
6197,50146,125621,45.8,26,57556,38.82,11,30.05
6198,6548,171400,94.24,8,161574,92.92,4,1.46
6199,1889,61760,83.31,22,51463,77.52,16,4.02
6201,5909,89200,69.11,21,61661,61.43,11,11.71
6202,58131,230388,40.71,48,93824,32.85,19,29.41
6203,10048,82401,59.2,16,48786,52.21,6,22.56
6204,22287,23102,29.71,3,6867,25.64,2,44.24
6205,12844,82236,45.26,24,37235,40.8,17,27.11
6206,17063,143062,52.41,42,75019,43.95,21,19.78
6207,69632,92534,16.95,15,15701,11.7,6,58.9
6208,12905,94462,63.54,42,60038,50.86,23,18.45
6209,58650,182009,41.48,47,75534,33.5,27,32.56
6210,3086,35048,54.11,16,18968,36.44,7,17.06
6212,981,102000,91.79,27,93647,86.12,18,1.01
6213,75196,363597,62.14,77,225988,54.71,37,20.54
6214,55471,272243,56.96,76,155113,45.65,29,20.58
6215,56355,82790,32.13,13,26617,26.4,6,42.02
6216,32370,97412,39.23,26,38233,29.91,10,24.41
6217,84919,117210,28.13,30,33011,18.74,13,46.5
6218,28538,64262,48.04,18,30889,37.47,7,27.33
6219,5895,124967,70.36,23,87946,66.76,14,7.36
6220,34569,146463,63.86,53,93563,53.06,27,9.97
6221,31579,168612,74.5,20,125649,72.4,14,6.95
6222,1853,95689,90.09,11,86223,84.51,3,2.12
6223,53602,97981,49.2,31,48228,38.06,13,10.29
6224,43442,85645,38.38,25,32883,25.79,9,26.37
6225,5554,27800,65.08,7,18097,55.2,2,7.22
6226,51066,115535,26.43,20,30567,22.19,11,35.64
6227,7574,76112,72.3,7,55038,68.93,2,13.75
6228,1888,26000,80.44,5,20917,75.5,3,8.21
6229,30538,40361,36.21,6,14620,32.8,4,25.33
6230,7543,86343,87.81,3,75819,87.81,3,7.14
6231,25411,45652,31.7,10,14481,25.11,5,33.33
6232,36903,451500,18.67,60,84382,13.35,18,18.31
6233,62044,81022,26.97,15,21869,18.3,5,35.51
6234,31514,100386,52.9,18,53120,49.71,13,23.79
6235,61961,199906,40.51,24,81009,35.33,7,29.35
6236,909,41654,92.69,4,38614,87.98,1,1.64
6237,72474,79645,18.92,11,15076,12.7,4,43.98
6239,174840,759147,66.08,181,501833,59.28,97,19.4
6240,1069,22867,82.89,9,18962,70.93,5,4.8
6241,28337,48700,46.37,9,22596,38.75,3,15.79
6242,3168,31806,63.7,7,20266,55.47,3,13.62
6243,59535,45269,23.48,8,10640,17.67,3,47.08
6244,95492,387042,32.89,65,127396,27.67,30,30.24
6245,20117,146608,45.02,25,66031,39.03,11,21.92
6246,32659,37851,62.99,7,23847,53.99,1,13.05
6248,32351,99956,48.87,24,48872,43.58,15,16.87
6249,207,2867,14.82,1,425,0,0,16.21
6250,1161,18249,70.88,2,12937,67.95,1,6.96
6253,453,5879,0,0,0,0,0,15.31
6254,518,30882,49.51,13,15294,36.43,6,3.4
6256,457,1843,0,0,0,0,0,52.65
6257,112353,483912,50.71,142,245497,41.21,68,23.03
6259,10061,28056,42.82,3,12017,41.09,2,26.02
6261,55342,128498,39.5,30,50777,31.32,13,30.97
6262,1344,20451,28.67,5,5866,16.81,1,16.1
6263,11682,62501,43.35,7,27100,40.96,4,27.41
6264,4197,136355,71.67,28,97749,67.31,18,5.6
6265,38633,118172,44.54,15,52663,40.01,6,27.18
6266,45818,153872,38.64,37,59483,30.97,18,19.45
6269,81848,323831,29.35,67,95086,22.1,26,32.86
6270,34284,72146,41.02,16,29600,36.56,10,29.97
6271,63088,209058,52.84,66,110515,44.24,36,27.27
6272,4949,81764,50.71,32,41483,36.21,14,12.6
6274,102179,299433,66.84,97,200199,54.68,43,15.64
6275,36769,80345,29.06,15,23358,23.41,7,35.54
6276,29733,22043,48.74,5,10746,48.74,5,27.39
6277,10728,119471,56.29,42,67266,43.53,17,17.8
6278,45833,292398,60.37,88,176572,48.76,38,22.42
6279,20642,119016,45.18,35,53797,36.55,19,24.31
6280,172,65492,99.95,1,65460,99.95,1,0.04
6281,10368,99173,55.41,36,54973,43.58,17,19.17
6282,164131,856101,43.29,113,370766,39.61,59,30.2
6283,15399,148981,62.84,20,93646,57.79,7,14.01
6284,54409,148980,48.19,18,71822,43.05,5,29.34
6285,93086,483664,63.58,107,307620,57.77,61,20.31
6287,4210,121451,94.0,7,114178,93.08,5,2.42
6289,10246,524,0,0,0,0,0,54.73
6290,60709,169652,38.14,49,64733,27.93,23,36.67
6291,9858,42000,63.86,6,26823,62.85,5,14.96
6292,7159,46601,46.68,8,21759,39.7,3,28.07
6294,12191,26047,37.19,4,9688,33.46,2,31.78
6295,350,1915,22.01,1,422,0,0,20.7
6299,123,25576,98.35,1,25154,98.35,1,0.71
6402,2016,58255,63.97,24,37276,48.87,10,4.06
6403,2577,15332,41.54,1,6369,41.54,1,13.4
6404,9034,24358,67.09,5,16343,63.48,4,9.82
6405,6704,65800,52.69,24,34678,36.66,8,18.38
6406,1073,35647,58.18,5,20744,53.35,2,8.78
6407,6117,75130,36.91,18,27740,29.62,9,19.28
6409,17154,88254,67.4,40,59507,51.63,17,10.41
6411,56337,99514,34.09,31,33941,21.85,11,28.96
6412,23594,400769,79.29,51,317847,75.2,25,9.59
6414,16341,155809,67.44,64,105098,51.95,24,10.22
6415,26318,389725,79.64,156,310461,65.95,66,4.87
6416,22722,73348,47.85,17,35109,36.59,4,19.5
6417,1518,42274,66.9,19,28287,52.22,10,4.85
6418,2446,34522,58.75,11,20291,52.68,7,13.41
6419,27519,13159,39.91,4,5253,32.17,2,28.75
6423,3462,31016,39.4,12,12224,21.95,4,17.0
6425,9303,51382,42.86,14,22032,34.09,7,30.41
6426,19254,38509,41.44,6,15966,34.93,3,28.04
6428,1230,17682,91.64,3,16205,89.36,2,3.67
6429,270,9348,37.74,5,3530,11.76,1,6.76
6431,17748,97399,70.05,19,68243,65.37,11,4.38
6432,36653,39752,33.75,13,13425,16.79,3,37.65
6434,9305,463602,84.89,20,393697,83.86,12,4.93
6435,10064,37461,55.93,7,20957,48.36,2,23.16
6437,403,32300,65.0,19,21003,40.87,7,3.09
6438,46728,82206,32.84,20,27009,22.94,9,35.79
6441,34860,53318,44.32,5,23638,41.86,2,24.0
6442,68606,81818,57.58,36,47128,38.21,12,21.48
6443,161136,512797,16.98,40,87127,14.26,15,47.56
6446,51383,381610,56.95,141,217390,43.96,60,9.88
6449,30755,91886,74.63,27,68593,64.21,12,11.63
6451,29886,114726,70.56,17,80982,64.74,7,18.4
6452,11645,100131,39.18,24,39251,30.46,9,23.78
6453,622,3516,0,0,0,0,0,38.12
6455,564,37095,68.47,16,25404,51.47,8,2.5
6456,37624,337940,48.69,49,164614,43.87,22,23.05
6458,2714,26789,65.25,6,17483,63.74,5,6.17
6461,27539,178352,63.17,31,112676,54.56,7,8.55
6462,47144,91251,30.77,19,28099,21.39,5,37.75
6464,2159,128782,85.39,41,109998,79.28,28,1.85
6465,3432,59074,67.44,13,39851,58.71,5,8.38
6467,4255,52409,36.26,17,19013,21.73,4,15.13
6468,162,12074,98.62,1,11909,98.62,1,0.94
6469,28782,150105,48.52,30,72870,42.82,16,24.55
6470,27118,37694,40.01,1,15083,40.01,1,32.24
6471,360,853,0,0,0,0,0,61.63
6472,32535,128006,55.62,33,71228,45.15,11,24.28
6473,9766,40000,69.24,23,27705,51.78,12,4.07
6474,1621,52526,67.52,29,35472,44.6,10,4.83
6475,930,34784,73.13,12,25443,56.66,1,4.69
6477,29828,124053,43.47,27,53937,35.9,12,28.46
6479,877,57300,86.32,9,49474,79.32,3,2.03
6481,107,27204,96.01,6,26122,91.6,4,0.8
6482,2017,28634,67.6,8,19358,65.78,7,11.0
6483,16841,66808,45.83,37,30629,18.76,7,5.65
6485,41063,47366,26.69,11,12649,19.1,5,33.24
6486,30249,50893,43.02,5,21902,40.4,3,28.58
6488,68342,478114,80.05,110,382872,71.73,51,6.75
6489,279,28470,62.98,18,17933,36.92,7,1.79
6490,425,38754,70.62,10,27375,64.16,6,2.75
6491,10705,78000,63.07,21,49210,53.76,10,13.35
6492,45773,89904,30.73,19,27635,26.44,12,23.83
6493,1062,30050,80.37,9,24152,80.37,9,6.19
6494,38379,31560,15.03,7,4747,5.22,1,35.84
6495,12155,172031,52.59,39,90506,43.12,13,7.57
6496,10258,47290,65.96,9,31199,62.53,7,19.6
6497,1559,189955,97.19,5,184632,96.46,2,1.69
6498,6585,47476,71.39,19,33896,56.47,8,10.34
6499,7883,96945,42.46,14,41176,36.42,4,14.94
6502,134,8719,90.96,1,7931,90.96,1,0.83
6503,77,12012,80.41,3,9660,80.41,3,1.52
6504,5206,72600,70.47,23,51182,64.35,15,12.37
6505,88298,9525960,96.03,169,9150639,95.63,105,1.53
6506,4382,82361,60.79,39,50085,45.26,17,8.77
6508,15347,86539,61.22,15,52989,59.65,13,22.24
6509,56795,197434,37.06,46,73227,28.46,22,28.35
6510,17214,32929,51.25,8,16882,40.93,3,11.21
6511,642,60000,72.03,24,43229,57.36,9,2.89
6512,6706,25260,36.04,10,9112,17.69,3,20.35
6515,41411,36445,50.66,16,18469,36.69,8,10.36
6516,3640,56337,53.66,15,30238,43.2,5,11.14
6517,22398,30579,19.7,4,6029,17.96,3,43.04
6518,527,33333,84.44,12,28151,74.1,7,2.38
6523,6159,45048,63.08,8,28418,61.69,7,20.22
6525,12402,129047,69.19,27,89322,60.5,9,12.47
6526,20911,167506,78.41,15,131370,76.17,9,9.22
6527,2190,25459,42.89,7,10922,32.17,2,9.82
6529,399,12699,71.81,7,9121,41.45,1,5.3
6530,34631,33750,17.25,6,5826,8.93,2,43.8
6531,44486,163170,65.43,60,106797,54.5,30,11.62
6532,30256,37445,33.15,14,12419,18.46,4,34.73
6533,32668,50651,21.9,8,11106,16.33,3,42.94
6534,1970,102800,83.0,32,85350,76.09,20,3.09
6535,10826,167841,64.57,37,108401,56.63,15,9.36
6536,1191,26324,74.31,9,19566,58.26,2,4.22
6538,38755,38441,37.08,18,14258,13.69,4,27.81
6539,1003,24349,85.23,10,20757,75.51,6,3.89
6540,131,220435,99.05,3,218375,98.57,1,0.11
6541,12122,265125,71.78,46,190367,65.63,18,7.11
6542,900,42001,84.7,14,35586,77.61,10,2.69
6543,12305,55855,66.7,26,37267,49.64,10,2.07
6545,1238,22080,44.15,7,9751,37.79,5,13.39
6546,12495,66848,40.13,13,26844,29.91,1,26.07
6547,50798,329460,35.01,61,115406,28.03,21,18.99
6548,30620,950465,87.45,95,831343,85.09,58,5.66
6549,25471,80122,29.06,24,23295,16.14,6,11.43
6550,25630,894793,77.05,80,689649,73.67,30,6.22
6551,1188,71785,83.69,11,60095,79.32,6,3.11
6552,7812,83000,58.38,7,48467,55.76,3,18.81
6555,4630,119230,69.5,17,82895,64.58,7,8.8
6556,1371,28750,78.58,12,22597,67.46,7,7.37
6558,47200,93789,40.82,9,38308,38.61,6,31.58
6559,1940,23189,52.92,11,12276,31.62,3,17.26
6560,3374,32475,40.57,7,13181,32.29,3,18.67
6561,7157,77958,73.09,12,56990,70.23,8,8.75
6562,11454,118190,52.76,9,62365,50.33,5,15.65
6563,1134,29743,32.42,12,9650,10.33,1,7.79
6564,3713,72134,64.58,11,46608,59.48,6,10.99
6565,1217,27144,41.3,10,11217,28.56,5,8.89
6566,663,32152,84.51,6,27176,79.36,3,3.43
6567,630,102850,88.54,30,91083,80.22,15,1.26
6568,24769,30800,41.83,8,12886,29.94,1,22.91
6569,3911,39071,66.61,7,26031,61.23,3,12.64
6570,8239,37119,43.4,14,16114,29.74,5,23.48
6572,4345,103650,69.13,16,71671,64.9,9,9.81
6573,6052,80499,64.65,16,52056,59.25,8,16.1
6574,3121,21990,78.12,7,17181,75.44,6,9.03
6575,6889,135270,54.36,18,73566,51.02,10,8.89
6576,30381,157579,66.99,37,105598,59.93,20,6.63
6577,3473,60060,74.85,8,44967,70.03,3,9.86
6578,18895,71942,63.15,20,45447,55.76,10,10.14
6579,6838,169451,86.08,19,145920,83.32,11,5.53
6580,3922,112120,58.08,42,65151,45.68,21,8.14
6581,2289,111271,90.18,18,100363,86.87,11,2.83
6582,9258,106174,74.26,12,78861,71.21,8,11.62
6583,318,15947,82.44,9,13150,53.46,2,2.8
6584,10257,71327,76.43,27,54525,62.73,11,9.95
6585,4182,72405,79.08,12,57277,72.51,5,8.85
6586,29434,214010,62.37,36,133528,55.65,12,8.2
6588,37776,34701,24.32,6,8447,18.13,3,32.39
6589,23444,307076,57.33,57,176101,49.83,21,14.38
6590,2262,24964,56.99,13,14234,30.04,3,13.21
6591,44497,41122,26.69,9,10985,20.08,4,31.75
6592,25685,641845,79.76,60,512074,76.3,26,6.83
6592A,3645,50000,85.41,15,42707,75.84,6,6.68
6592B,5193,50000,81.28,17,40648,67.19,8,7.0
6593,34384,31857,44.78,14,14273,29.79,6,29.29
6595,8985,49858,79.65,22,39720,60.31,6,1.39
6596,17128,38000,26.85,6,10208,22.73,3,41.42
6597,974,30042,80.64,7,24234,72.45,3,4.91
6598,37269,102819,52.61,38,54115,38.33,13,12.25
6599,294,21000,76.44,4,16057,71.03,2,1.9
6601,361,44695,86.87,5,38836,84.46,3,1.53
6602,404,1236,0,0,0,0,0,64.82
6603,25060,167443,50.93,54,85313,39.42,23,14.6
6604,870,43731,85.97,9,37600,79.78,4,3.45
6605,16455,165816,65.49,37,108632,58.6,20,12.83
6606,9781,110304,70.91,43,78248,59.0,23,6.89
6607,68,9346,81.0,5,7571,76.22,4,1.21
6608,313,60000,96.78,8,58073,93.72,6,0.98
6609,9782,72456,57.49,7,41665,55.41,4,21.49
6610,2966,205579,82.99,13,170657,80.35,5,3.28
6611,459,1467,91.68,1,1345,91.68,1,8.3
6612,2771,47515,64.65,20,30730,44.48,6,8.98
6613,9379,77801,60.62,8,47168,55.52,1,15.54
6614,4045,80661,74.42,6,60042,73.84,5,9.73
6615,5193,21593,51.5,12,11126,35.88,5,22.7
6616,1579,35478,62.66,11,22241,53.85,6,7.81
6617,7025,127506,67.6,27,86223,59.79,11,9.45
6618,36993,104816,31.38,30,32908,22.03,12,13.59
6620,19999,169982,59.76,44,101631,49.24,14,9.07
6621,32098,35501,36.77,10,13063,23.52,3,17.66
6622,945,35301,64.73,14,22862,52.95,8,4.45
6624,843,22579,76.5,8,17276,59.54,3,4.72
6625,10560,57972,48.87,14,28337,44.07,10,22.61
6626,424,8936,77.35,4,6913,59.56,1,5.62
6627,267,28352,77.55,16,21990,65.81,10,1.55
6629,950,38380,85.09,11,32663,79.92,7,2.97
6633,1367,11129,95.66,1,10646,95.66,1,3.98
6634,2226,71289,66.27,25,47260,51.32,9,6.11
6637,3283,26810,60.83,10,16314,53.8,7,19.1
6638,1140,30000,70.32,7,21101,56.74,1,6.89
6639,911,57645,72.73,18,41935,62.25,9,3.33
6640,13984,28912,65.67,3,18991,63.77,2,17.65
6641,2023,36500,59.3,15,21650,49.83,9,9.88
6642,3448,37400,56.16,10,21013,46.24,5,14.84
6643,22724,42090,36.47,6,15354,33.83,4,36.27
6645,6621,60864,43.64,24,26577,26.17,7,10.97
6648,9231,50000,64.72,21,32375,49.42,9,6.66
6649,18455,42000,52.41,18,22026,32.85,5,7.51
6650,490,31090,80.17,17,24926,61.87,8,2.3
6651,3597,34602,50.87,17,17607,32.57,5,13.88
6652,1689,137000,79.07,38,108355,69.5,16,2.81
6653,282,6000,95.45,1,5727,95.45,1,1.16
6654,3465,40963,78.22,11,32048,71.17,6,4.04
6655,968,80572,86.16,24,69443,76.47,12,1.21
6656,66,12228,90.33,4,11047,82.4,3,0.71
6657,15505,88808,35.23,26,31303,20.92,6,15.71
6658,11072,36370,42.85,12,15590,31.3,5,22.12
6659,1041,85883,81.94,22,70388,72.9,9,2.26
6661,1302,23304,65.92,6,15365,61.73,4,9.31
6662,4676,25612,47.63,10,12201,40.14,7,7.93
6664,16689,61151,55.72,24,34083,36.54,11,23.06
6665,1826,45350,65.84,8,29863,59.39,4,8.37
6666,2212,47388,78.82,9,37357,77.96,8,7.19
6667,13227,49279,50.34,10,24816,43.57,5,28.93
6668,13962,107116,53.44,12,57263,51.6,8,20.65
6669,93004,187318,64.12,48,120141,53.75,16,8.19
6670,6416,139387,78.5,66,109455,65.6,36,5.35
6671,1394,60750,75.0,36,45581,56.63,17,4.45
6672,55004,82130,30.46,24,25036,18.7,9,43.6
6673,3204,26660,30.57,4,8156,25.42,2,28.47
6674,1782,68551,84.74,9,58103,81.38,6,5.3
6676,4406,169679,62.22,44,105605,55.61,25,6.0
6677,1891,56039,64.02,13,35881,57.04,6,7.14
6679,6085,54975,57.14,18,31421,50.26,11,12.53
6680,929,23954,72.73,10,17426,64.52,7,4.57
6682,11082,147106,52.77,22,77657,47.35,10,14.68
6683,29339,27557,26.14,8,7207,11.24,1,27.9
6684,24047,44559,36.13,6,16101,31.51,2,34.94
6688,197,19000,73.88,12,14039,49.8,5,1.74
6689,10053,68000,48.77,25,33176,35.59,11,25.28
6690,5314,30000,59.88,3,17965,59.88,3,21.47
6691,15026,121487,69.19,46,84088,53.78,17,9.33
6692,2158,58844,71.49,16,42083,61.63,6,5.48
6693,5182,45720,48.04,17,21974,33.61,5,14.16
6695,17439,107000,50.34,18,53875,45.36,10,21.57
6696,11911,82920,41.4,29,34350,28.27,11,16.13
6697,2184,27323,66.79,6,18252,61.11,3,13.92
6698,35592,66390,39.1,15,25973,31.08,6,25.57
6699,762,48819,85.49,16,41744,75.24,9,1.78
6701,758,365682,97.98,3,358306,97.98,3,0.34
6702,11483,758660,79.7,98,604790,75.43,45,2.87
6703,23174,32984,51.52,13,17002,39.15,6,21.84
6704,3565,95949,39.61,32,38023,26.79,9,8.59
6705,622,18005,73.88,10,13306,54.99,4,5.11
6706,48390,78549,27.67,22,21747,15.5,6,38.05
6707,1489,59003,80.31,15,47398,71.52,7,4.83
6708,2330,29009,52.06,12,15108,42.81,7,13.0
6709,1973,59380,59.64,21,35430,45.74,6,7.18
6712,29030,101764,41.32,24,42062,32.15,9,20.02
6713,885,29477,60.25,15,17768,37.76,4,7.02
6715,4189,68274,80.07,23,54683,67.94,10,5.32
6716,3471,30242,35.98,12,10887,22.41,4,16.41
6717,427,24937,75.04,13,18714,56.28,6,3.44
6719,27445,105517,50.83,17,53654,44.11,5,26.93
6720,1363,30226,57.7,20,17447,25.5,5,6.12
6721,1619,24500,52.32,10,12822,37.5,3,9.4
6722,2600,88400,76.32,15,67482,74.09,12,5.68
6723,1138,30039,58.67,12,17631,42.18,4,7.04
6724,1841,7100,62.32,2,4425,62.32,2,16.12
6725,6445,37130,64.52,10,23965,58.66,7,17.89
6727,41526,26884,25.19,9,6777,8.54,1,31.9
6728,2908,30120,63.32,9,19075,59.01,7,13.27
6729,1538,27661,47.89,11,13251,31.18,4,9.61
6730,997,36298,74.04,20,26883,60.59,12,4.23
6731,186,54554,99.44,1,54249,99.44,1,0.44
6732,9636,48913,49.49,4,24208,46.31,1,26.99
6733,7361,134316,49.04,27,65903,40.25,7,11.71
6734,2164,40623,59.43,15,24150,46.08,5,9.73
6735,5345,46182,48.63,16,22467,35.59,6,17.73
6736,850,2596,93.39,1,2424,93.39,1,3.5
6737,1391,60050,80.69,23,48459,74.71,19,4.65
6738,584,36714,65.4,26,24018,41.24,11,2.64
6739,11030,23392,59.82,10,13995,48.11,5,19.43
6741,6867,120578,69.46,37,83776,58.39,17,9.51
6742,41477,71268,34.75,20,24781,25.94,9,27.9
6743,9267,150000,63.44,29,95189,57.08,14,11.87
6744,419,15400,66.22,7,10200,52.96,3,4.37
6748,6314,71218,36.49,20,26009,28.01,10,13.6
6750,1867,44707,58.02,21,25947,40.28,8,8.09
6751,2449,22200,64.32,4,14283,56.93,1,16.32
6752,3688,37144,47.68,19,17716,21.05,4,11.66
6753,16404,117300,61.79,28,72508,54.37,14,17.63
6754,2232,66000,83.1,9,54856,81.35,7,5.25
6755,1253,39823,53.64,16,21364,40.92,7,6.03
6756,8690,69990,61.74,8,43220,57.55,2,18.05
6757,137831,459530,75.22,31,345755,72.78,11,12.82
6758,240,13471,81.83,3,11025,74.89,1,2.8
6761,12319,34956,39.75,9,13900,26.98,2,27.91
6762,895,35172,77.91,18,27409,61.92,9,3.16
6763,18557,184039,61.27,20,112793,57.3,9,18.98
6764,280,38203,97.22,2,37142,97.22,2,0.78
6767,1464,39184,59.27,10,23231,51.86,4,7.38
6768,7061,200095,82.67,34,165462,77.92,19,6.09
6770,685057,4714525,45.58,520,2150269,41.47,200,25.19
6771,1838,31180,40.86,16,12745,18.13,4,11.52
6775,4389,109500,62.4,22,68344,56.96,13,7.63
6776,7745,91581,66.17,13,60627,61.35,6,15.76
6780,242,16470,83.84,12,13812,52.79,4,1.61
6781,31160,85419,68.86,6,58835,67.55,4,18.52
6782,7472,63000,47.48,22,29928,31.18,6,12.8
6784,925,19077,49.31,9,9410,30.23,3,9.08
6785,4452,66800,61.9,20,41362,54.8,12,9.19
6786,17332,30838,9.04,5,2792,0,0,27.84
6787,19767,81007,24.72,24,20044,9.67,4,20.44
6788,28560,38740,24.09,10,9342,14.22,3,40.99
6789,54382,318299,72.84,25,231937,69.03,6,14.15
6790,11146,267129,79.09,27,211341,75.32,10,7.85
6791,2000,20847,74.21,9,15477,56.02,3,11.57
6792,4057,47875,53.89,7,25808,48.08,3,15.74
6793,23582,75600,38.4,26,29037,22.4,6,11.8
6794,1161,63637,79.02,22,50293,66.3,10,3.04
6796,3066,40234,47.36,12,19062,35.45,4,12.28
6797,26638,30732,48.51,12,14914,29.99,4,18.77
6798,5933,19572,70.99,9,13899,55.68,4,2.2
6799,29734,43712,32.35,9,14150,21.04,2,30.83
6803,14720,72794,56.2,5,40921,54.28,2,24.68
6804,2352,47500,62.48,22,29686,47.15,11,7.97
6805,28751,68554,59.11,24,40532,45.76,10,14.19
6806,30981,274643,59.93,15,164626,58.14,5,17.69
6807,978,54000,83.39,17,45040,73.55,8,2.6
6808,2273,77840,53.36,20,41554,41.47,5,6.11
6810,25093,49448,36.06,15,17839,21.39,3,10.38
6811,5258,41449,63.24,2,26216,61.99,1,13.63
6812,6984,30603,40.95,11,12539,26.32,3,16.01
6813,633,23388,61.22,9,14323,48.86,5,6.95
6814,724,41874,82.62,14,34604,73.54,8,3.29
6815,8414,39706,67.2,21,26691,49.84,11,6.53
6816,434,12180,70.99,3,8648,61.98,1,5.17
6817,1107,18417,54.89,1,10110,54.89,1,10.28
6818,1437,25503,66.73,5,17021,59.97,2,10.61
6819,1392,33974,57.11,13,19410,45.72,7,7.61
6820,1565,22253,73.6,5,16380,73.6,5,8.21
6821,4183,35767,48.99,12,17530,38.97,7,20.38
6823,2525,30534,55.81,6,17045,51.72,4,12.52
6825,570,33651,73.37,11,24692,61.71,5,2.93
6826,7171,85540,75.21,18,64353,69.25,10,7.99
6827,1476,79330,62.6,26,49674,49.29,10,3.77
6829,11741,59169,67.23,5,39787,63.0,1,17.85
6830,24453,54632,35.13,22,19197,15.58,5,33.58
6831,9361,67500,62.61,32,42272,41.47,10,9.57
6832,3583,26411,86.04,3,22727,82.84,1,4.25
6833,884,49977,84.96,8,42471,79.9,4,3.23
6834,10622,88471,57.95,31,51290,44.81,13,18.18
6835,2173,66172,78.64,27,52053,68.71,15,6.15
6837,1001,32824,59.15,18,19423,41.11,9,6.89
6838,6878,150977,61.7,28,93198,55.34,11,9.46
6839,929,82020,80.31,29,65882,73.96,20,1.87
6840,2401,30767,53.66,12,16517,38.84,5,12.7
6841,12268,95223,47.4,28,45161,37.03,13,23.22
6842,2171,23130,40.29,8,9325,24.83,3,16.67
6843,1246,33304,76.68,16,25543,55.83,7,6.78
6844,3356,37428,64.93,11,24305,55.96,5,7.81
6846,1481,27066,66.78,7,18078,64.19,6,8.59
6847,625,14230,55.89,8,7956,19.67,2,7.54
6848,481,14273,52.95,8,7560,29.84,2,4.81
6849,6074,41918,50.79,12,21300,41.43,6,18.31
6850,929,33089,60.35,18,19977,41.05,8,4.46
6854,6180,117679,65.36,34,76924,53.73,13,9.37
6855,2005,23250,61.35,13,14268,41.79,6,5.71
6856,950,28200,83.45,8,23538,74.28,4,4.77
6857,414,15226,94.62,1,14408,94.62,1,2.08
6858,341,27220,89.89,9,24470,82.2,5,2.24
6859,2515,41589,63.62,14,26463,56.07,9,8.67
6861,12242,41599,53.26,3,22161,52.16,2,19.67
6862,6590,50000,69.72,7,34864,68.8,6,15.86
6863,4619,74888,75.59,10,56619,72.27,6,8.67
6864,4194,37875,36.88,19,13975,12.23,3,7.21
6865,1418,15841,50.49,7,8001,36.07,3,12.93
6867,850,24500,86.19,7,21120,78.62,4,4.62
6868,497,25043,55.36,13,13868,31.27,3,3.16
6869,21326,137830,54.57,39,75250,45.1,19,21.77
6870,2345,23655,71.75,11,16974,57.88,5,7.02
6872,2513,70751,58.05,28,41087,43.48,11,7.43
6873,11718,142649,61.62,44,87922,52.49,22,12.89
6874,2786,22000,53.53,9,11779,39.58,4,18.13
6875,4802,129183,61.29,36,79199,52.59,18,7.35
6876,20233,70696,32.01,24,22639,15.47,6,7.69
6877,3409,46967,74.69,27,35090,57.19,14,8.78
6878,1115,72641,88.61,14,64379,84.36,9,2.85
6879,358,26459,89.17,8,23597,80.25,4,1.59
6881,929,15000,57.92,4,8691,49.96,2,5.31
6882,830,23199,58.83,14,13653,31.49,4,7.24
6883,689,76274,87.72,28,66908,80.38,18,1.76
6884,1331,18390,73.16,3,13456,69.36,2,8.77
6885,22204,133099,36.68,40,48847,22.47,10,14.07
6886,14428,31810,90.03,5,28642,84.94,3,1.81
6887,903,74176,91.85,20,68151,82.06,8,1.81
6890,7411,250296,92.94,21,232674,91.93,17,3.46
6891,6050,200642,77.16,30,154861,73.92,19,6.34
6892,2559,94015,57.84,43,54397,36.89,12,5.58
6894,2696,23800,61.05,11,14532,55.13,8,9.92
6895,3021,34100,61.26,9,20891,51.16,4,12.52
6898,1569,29016,59.2,10,17181,45.85,2,9.0
6899,2053,42398,80.11,19,33971,65.95,9,7.76
6901,23895,853650,82.94,46,708212,80.81,15,4.99
6902,6887,35550,70.92,15,25220,57.72,7,5.52
6903,9125,66676,69.54,18,46375,64.15,12,14.28
6904,608,18500,79.9,8,14783,64.36,2,3.1
6906,3382,33537,57.8,13,19388,47.7,7,16.1
6907,4754,62542,68.28,9,42714,64.02,4,10.02
6908,1184,37180,86.39,2,32122,86.39,2,4.69
6909,12922,67488,38.45,25,25969,21.43,8,23.25
6910,1620,30521,56.88,8,17365,49.38,4,10.0
6911,951,22000,60.04,10,13214,44.33,5,6.93
6912,1993,144000,77.05,28,110978,68.61,8,3.07
6913,4392,43849,54.08,16,23720,42.3,9,12.7
6914,4295,66226,71.75,17,47528,66.66,11,8.7
6915,1133,35300,88.45,11,31224,84.81,9,5.34
6916,2105,67500,78.96,18,53313,72.69,12,5.66
6917,2346,55272,44.91,23,24833,29.11,9,9.29
6918,2019,34571,50.15,18,17342,27.97,5,9.89
6919,61519,1557268,74.64,355,1162709,67.49,177,6.7
6920,12802,207219,64.24,38,133181,57.42,15,11.64
6921,907,32062,78.09,11,25039,75.24,9,5.23
6922,3489,27155,62.97,9,17102,56.75,6,14.09
6923,3577,91488,69.79,38,63877,55.04,17,6.51
6924,575,20624,80.24,5,16552,73.08,3,4.31
6925,3073,20000,60.37,9,12076,41.69,2,21.93
6926,702,49800,80.7,25,40194,60.92,9,2.61
6927,1332,38279,68.07,14,26064,52.88,5,6.99
6928,4359,86000,79.2,10,68125,76.07,6,9.15
6929,1568,45090,89.53,6,40375,86.91,4,4.9
6931,3296,66152,69.68,39,46103,49.94,18,7.53
6932,5154,432596,81.02,81,350609,75.16,38,2.84
6933,5661,42418,61.25,6,25982,61.25,6,18.34
6934,1690,36130,66.05,15,23867,55.26,10,7.54
6935,560,37410,83.82,14,31361,73.15,7,2.75
6936,3780,72804,76.06,20,55394,64.73,9,8.03
6937,8756,67655,62.92,24,42575,54.24,14,14.78
6938,678,12570,67.47,6,8482,54.14,3,6.37
6939,641,35399,64.31,12,22769,56.05,8,3.09
6940,9228,312180,53.95,111,168472,37.99,32,6.99
6944,13890,76688,52.27,35,40104,34.4,12,11.42
6945,5945,97529,62.81,26,61277,52.36,11,10.46
6946,1921,323800,93.85,33,303971,90.91,18,1.11
6947,5818,106126,70.88,33,75246,58.72,14,8.98
6949,1884,65580,73.44,28,48175,61.68,16,2.94
6951,4490,46000,66.23,4,30471,63.9,2,10.62
6952,2488,68345,86.72,18,59275,79.79,13,5.6
6953,3137,30015,63.56,6,19079,56.2,3,12.16
6955,503,24801,60.3,11,14955,49.64,6,2.41
6957,1864,55560,73.57,28,40890,53.31,11,4.29
6958,3452,401289,94.14,28,377867,93.0,21,1.36
6958A,1402,40000,83.86,7,33545,83.86,7,6.36
6959,4115,39167,40.78,12,15978,33.17,7,15.74
6961,3903,26834,44.38,6,11914,33.34,1,17.84
6962,32695,492397,53.05,80,261278,46.85,31,14.09
6963,205,15972,87.35,3,13952,84.75,2,1.39
6965,2414,156336,92.36,19,144409,90.88,15,2.48
6967,1240,24904,75.65,15,18844,47.92,4,7.88
6968,3503,49447,58.67,18,29018,44.18,7,10.07
6969,1540,43857,51.94,13,22791,40.67,6,7.17
6971,1589,38668,73.78,16,28538,61.37,8,8.06
6972,368,22935,83.82,9,19226,63.73,1,2.53
6973,846,40803,67.35,20,27490,41.37,4,3.87
6976,5989,582867,80.49,104,469273,74.49,46,2.49
6977,1767,14000,42.79,9,5992,15.91,2,13.9
6979,419,12000,59.53,4,7145,39.6,1,4.18
6980,2400,30000,77.66,6,23301,72.41,4,10.0
6982,2798,40752,65.01,15,26503,53.39,7,12.84
6983,3565,18020,44.17,9,7963,16.01,2,17.82
6984,342,19239,56.61,14,10895,27.7,4,2.49
6986,2025,52134,49.26,21,25689,34.13,8,7.02
6987,1222,224468,90.06,34,202195,85.96,20,1.15
6988,443,47600,78.41,20,37333,66.67,12,1.54
6990,3006,63296,89.87,18,56893,86.26,15,6.18
6992,293,25699,75.25,19,19342,45.87,8,1.39
6994,6727,74162,47.77,22,35439,36.59,10,18.12
6995,3710,25331,44.06,12,11166,21.07,3,7.88
6996,2369,41998,59.6,4,25037,55.8,1,8.07
6997,755,22100,82.26,3,18181,77.74,2,4.93
6999,246,22015,77.51,16,17067,57.37,8,1.52
7402,20640,35281,35.52,10,12535,26.96,4,31.41
7415,2056,26498,61.66,14,16344,36.97,4,5.31
7418,255,27554,96.15,6,26496,85.31,1,0.45
7419,4847,40000,49.52,15,19815,39.16,9,20.27
7421,537,525,0,0,0,0,0,53.65
7422,108,23272,87.64,4,20397,81.09,1,0.64
7427,5070,54026,31.69,19,17136,19.64,8,18.55
7443,358,22000,82.46,12,18145,69.6,7,2.38
7452,114,4000,87.89,1,3516,87.89,1,3.42
7455,264,25500,82.63,8,21075,73.73,4,1.47
7507,1131,102100,78.24,31,79901,70.24,18,2.25
7516,24114,19309,36.66,7,7083,14.81,1,23.6
7530,3517,46500,55.29,15,25719,45.77,8,16.15
7547,2073,33956,73.12,10,24834,66.13,7,10.22
7551,448,12100,56.68,5,6860,42.93,2,6.22
7555,418,28325,87.67,5,24834,86.14,4,1.91
7556,2631,27718,64.61,10,17914,54.78,5,10.18
7558,818,18621,52.72,12,9819,22.88,3,8.7
7561,737,30085,60.63,7,18244,55.15,4,3.09
7562,271,22679,76.68,10,17396,63.32,5,1.8
7566,7938,139773,62.34,43,87171,51.84,19,5.07
7575,583,30000,53.24,19,15976,25.96,6,3.13
7578,1765,60073,64.51,28,38763,44.4,9,5.64
7583,445,24575,88.83,13,21835,73.03,7,2.46
7584,968,16463,71.21,7,11727,53.0,2,8.93
7590,2622,122379,82.62,32,101136,78.21,23,4.75
7595,839,50465,72.11,27,36398,45.91,8,3.59
7607,677,36653,72.02,13,26402,62.54,6,2.26
7610,16558,48585,48.6,16,23623,38.26,7,20.85
7631,1311,20142,75.07,11,15123,54.36,4,8.53
7642,2125,30150,80.03,9,24131,78.35,8,9.93
7669,3663,22000,32.58,12,7172,4.94,1,13.09
7689,5827,53164,91.74,9,48779,87.11,5,3.34
7702,360,66000,92.56,10,61105,86.37,4,0.86
7703,4449,34745,57.75,8,20076,46.66,2,16.32
7704,1726,33770,59.37,13,20056,43.12,4,8.53
7705,13155,66067,68.85,10,45499,61.81,3,11.51
7706,238,10000,91.29,1,9129,91.29,1,3.45
7707,3373,45700,45.72,10,20902,39.99,6,10.89
7708,3019,25500,63.59,2,16218,61.96,1,12.12
7709,2458,39103,79.45,8,31072,77.41,7,8.98
7710,222,63906,99.27,3,63444,99.27,3,0.18
7711,9847,71700,61.79,12,44318,54.67,5,15.1
7712,4408,32562,52.23,14,17013,35.55,5,16.75
7713,785,45479,84.69,14,38524,78.25,9,2.55
7714,2609,21000,66.63,8,13996,47.95,2,14.08
7715,2187,32756,57.39,13,18806,39.76,4,12.5
7716,558,22500,82.81,9,18636,66.0,3,4.28
7717,9150,24832,55.69,11,13834,35.38,4,21.15
7718,1034,46356,78.57,18,36431,67.95,10,3.22
7719,15853,36000,19.58,6,7055,11.27,2,28.19
7721,3650,55370,60.69,17,33612,52.04,10,11.67
7722,20204,68000,84.99,4,57800,83.93,3,9.51
7723,4310,49620,56.49,19,28042,48.42,13,13.96
7724,284,35381,84.26,12,29818,68.12,4,1.48
7725,291,48327,83.73,10,40471,79.14,6,0.85
7726,183,20304,87.18,6,17705,80.31,4,1.25
7728,3341,13854,57.12,4,7916,47.18,2,14.5
7729,16766,80682,56.93,31,45946,44.16,16,8.01
7730,1150,36797,70.08,16,25791,60.86,10,5.01
7731,9223,521981,72.14,91,376642,67.69,53,4.68
7732,884,64680,88.8,20,57447,81.89,13,1.93
7734,10472,28000,74.67,12,20914,67.1,9,7.93
7735,2498,43331,94.31,6,40869,88.44,3,2.48
7736,1607,76000,83.94,22,63814,76.73,13,3.66
7737,366,29759,78.34,14,23320,56.78,5,1.7
7738,1630,27356,57.82,17,15823,32.18,6,7.23
7740,2485,53200,65.6,21,34911,54.52,11,8.36
7742,7638,66533,69.01,5,45932,65.02,1,16.14
7743,952,36483,74.7,23,27262,57.39,13,4.34
7744,2810,32077,77.33,15,24814,58.62,7,7.65
7745,547,17950,71.19,7,12783,56.72,3,7.42
7747,919,27426,77.84,4,21352,70.7,2,2.65
7748,208,14500,70.44,8,10216,58.43,5,2.22
7749,7974,46486,50.27,22,23376,29.01,5,16.54
7750,10377,71843,77.51,37,55702,61.59,16,5.05
7751,11219,26889,47.08,11,12664,36.95,6,14.62
7752,2253,200000,86.13,35,172295,81.68,20,2.28
7753,2395,25000,74.15,4,18541,65.34,1,7.82
7754,1672,101142,71.47,40,72304,59.2,17,3.03
7756,268,21283,70.84,8,15081,59.42,4,1.39
7757,2664,24100,57.9,9,13958,43.47,4,13.45
7758,364,16100,83.37,3,13424,80.14,2,2.62
7759,1013,70068,81.34,17,57006,73.87,10,2.65
7760,1565,66048,63.22,31,41761,47.33,12,3.4
7761,1439,28900,51.38,11,14857,33.99,4,10.36
7762,1425,57233,55.37,26,31700,39.53,10,4.47
7763,3095,60014,81.42,16,48874,76.51,10,6.6
7764,783,60000,80.99,25,48610,68.79,15,2.75
7765,5306,40681,60.76,3,24721,59.65,2,13.14
7767,1003,30100,72.04,17,21689,54.77,9,5.88
7768,6471,70065,64.46,22,45184,55.2,13,10.71
7769,57603,179930,67.23,48,121010,57.29,17,5.38
7770,1073,30062,74.47,14,22392,62.44,7,5.32
7771,491,20013,82.18,3,16449,75.71,1,3.29
7772,5392,26499,56.09,5,14864,52.82,3,22.95
7773,987,39911,56.79,15,22673,43.09,8,5.59
7776,1092,49102,74.95,15,36816,63.72,6,4.67
7777,14426,182500,68.18,28,124459,62.68,13,16.25
7779,378,16105,66.33,7,10684,56.73,4,2.18
7780,44069,810024,75.39,43,610846,73.57,20,10.48
7781,17050,599681,74.04,59,444068,71.71,36,6.77
7782,1114,23213,75.9,9,17620,65.8,6,7.2
7783,1216,62445,91.16,15,56931,89.57,13,2.15
7784,1351,187601,88.58,47,166221,83.26,30,1.76
7785,200,33339,85.59,13,28540,72.06,5,0.93
7786,6509,175954,81.98,32,144262,76.61,17,6.13
7788,7966,79746,69.56,34,55497,55.69,15,10.14
7789,175,21184,71.39,14,15127,42.61,4,0.98
7790,396,17700,70.24,15,12435,32.02,3,3.17
7791,4633,80000,80.09,16,64090,70.07,5,7.71
7792,4345,46662,70.63,15,32967,62.23,8,10.44
7794,1255,28000,81.49,7,22820,71.58,2,7.57
7795,16176,78828,75.66,15,59661,65.94,4,8.49
7796,2302,22963,59.37,5,13636,46.77,1,16.34
7797,710,22245,78.92,11,17562,62.26,5,5.43
7798,696,308692,94.49,48,291755,89.39,24,0.44
7799,12450,158270,79.5,35,125861,71.5,14,7.9
7801,1306,18300,70.43,3,12891,67.37,2,10.11
7803,2148,94413,78.84,30,74457,70.37,17,5.06
7805,4076,33125,70.55,8,23373,65.32,5,9.93
7806,322,27860,74.67,14,20808,58.33,7,1.77
7808,1058,70000,77.96,3,54583,76.94,2,2.94
7810,3393,20250,46.8,6,9480,36.34,3,19.84
7811,1320,33377,71.79,6,23971,65.17,2,6.33
7812,2688,60419,62.13,19,37550,53.92,11,7.86
7813,1734,19196,42.76,8,8212,27.44,3,14.53
7814,1784,45000,77.57,9,34919,71.66,5,6.5
7815,4174,32976,60.78,7,20049,50.32,2,12.25
7816,1074,29278,78.93,6,23114,71.29,2,6.25
7818,4039,167946,90.22,13,151538,88.86,8,3.96
7819,2694,25264,59.12,2,14936,55.4,1,17.91
7820,2061,37768,76.2,12,28788,65.32,6,7.24
7821,10019,121913,80.47,20,98132,74.93,11,7.26
7822,17140,45561,68.19,9,31080,63.73,6,17.9
7823,932,33491,73.07,15,24476,58.6,8,4.26
7824,377,31337,79.76,18,25001,67.08,12,1.58
7825,2263,23114,47.58,10,11000,27.49,3,16.09
7826,130,12000,84.38,9,10127,60.74,4,1.5
7827,2881,139972,77.37,30,108337,70.48,15,3.81
7828,15411,40494,64.42,18,26093,53.83,10,14.77
7829,1058,99388,83.15,43,82656,71.18,24,2.03
7831,73,13401,77.47,9,10385,55.97,4,0.16
7832,2104,580000,92.97,101,539292,87.57,57,0.87
7833,544,43011,74.46,21,32039,57.38,9,2.01
7834,302,16478,74.53,7,12282,60.54,3,3.72
7835,258,46544,75.21,16,35015,62.99,6,0.94
7836,566,51250,71.87,20,36843,63.31,13,1.34
7837,319,22800,75.04,4,17114,67.76,2,2.4
7839,540,15096,75.46,8,11393,55.95,3,4.25
7840,226,34000,89.6,13,30468,76.24,7,1.12
7841,362,24200,77.77,10,18823,66.49,6,2.29
7842,1704,18250,64.66,2,11804,62.3,1,12.94
7843,1084,33440,67.65,9,22627,61.47,6,5.37
7846,429,34412,85.38,9,29387,75.12,3,2.09
7847,546,29000,63.09,14,18301,43.49,5,3.5
7848,1185,29800,67.2,12,20031,51.52,4,4.38
7849,180,11892,95.78,1,11391,95.78,1,1.09
7850,1483,97659,71.1,40,69458,54.36,17,3.35
7851,526,67691,83.72,21,56690,74.37,9,1.48
7853,15574,47555,26.74,13,12720,17.95,4,34.7
7854,880,40300,89.47,16,36064,79.77,11,3.13
7855,289,192528,99.48,3,191536,99.48,3,0.15
7856,6262,27177,66.41,11,18053,61.1,9,10.6
7857,558,53488,83.64,13,44752,76.05,7,1.52
7858,4077,22237,47.52,10,10571,30.41,2,14.7
7860,153,32000,94.54,11,30255,89.27,9,0.51
7861,3782,64600,77.37,23,50001,66.9,12,4.62
7862,617,40000,85.85,3,34342,84.22,2,1.48
7863,114,30000,98.53,5,29562,96.02,4,0.33
7865,719,18424,73.0,10,13453,47.71,4,7.27
7866,4801,43171,61.04,17,26357,45.84,7,9.38
7867,646,96000,95.54,25,91730,85.56,9,0.76
7868,1041,22240,60.05,11,13360,40.66,4,8.35
7869,424,27241,88.88,4,24214,86.5,3,0.92
7870,2447,18400,78.39,13,14426,49.01,3,1.31
7871,4268,134278,62.84,31,84417,57.12,18,6.51
7872,1280,30000,65.09,3,19530,61.32,1,7.34
7873,2499,149884,86.2,36,129239,76.97,15,2.28
7875,343,20000,96.46,1,19292,96.46,1,1.58
7876,1088,107362,85.96,29,92310,77.27,16,2.11
7877,384,38857,72.64,10,28230,61.47,2,1.76
7878,2913,53537,46.74,19,25036,31.37,5,7.63
7879,3364,40000,61.96,17,24789,45.82,8,11.74
7880,1454,26500,70.24,17,18619,38.23,5,7.8
7881,392,27000,84.32,4,22767,82.45,3,2.5
7882,2115,205282,83.58,47,171612,77.79,30,2.23
7883,1994,60976,71.31,23,43490,59.52,11,2.28
7885,461,29200,76.64,16,22382,57.43,6,3.04
7886,1584,24978,65.77,14,16433,43.6,5,8.31
7887,14137,81720,43.27,34,35380,27.57,13,19.71
7888,539,75235,80.87,40,60856,62.17,18,1.01
7889,182,20781,83.94,16,17448,45.73,4,0.73
7890,421,20800,86.06,12,17905,65.96,6,2.72
7891,189,19430,56.34,7,10949,53.48,6,1.33
7892,5697,46898,75.18,14,35270,63.51,6,7.35
7893,1432,40799,86.38,5,35252,80.01,1,4.1
7894,822,24000,64.03,9,15373,46.98,1,4.08
7895,12966,38790,74.1,7,28751,65.6,1,2.66
7896,593,27900,90.87,6,25359,82.95,2,1.96
7897,201,133617,98.33,2,131398,98.33,2,0.19
7898,3236,30039,69.34,5,20833,64.16,2,6.25
7899,8299,24292,42.93,11,10433,23.88,4,23.79
7901,2255,60000,84.54,13,50731,75.37,4,3.35
7902,1588,200605,90.13,45,180841,85.74,31,1.72
7904,105,15000,92.36,3,13855,89.32,2,1.09
7907,1923,39393,73.9,14,29121,66.66,9,2.07
7909,4833,70593,83.78,15,59152,76.12,7,4.51
7911,1633,40000,66.88,12,26756,50.31,2,5.9
7912,2383,22190,79.36,10,17612,72.33,7,4.85
7913,1184,45139,90.43,7,40825,86.43,4,2.07
7915,1751,40100,86.17,19,34561,70.83,10,1.89
7917,303,66903,87.14,12,58308,82.62,7,0.99
7918,15204,43100,79.5,5,34270,77.07,3,8.28
7919,584,12700,50.06,4,6358,42.07,2,6.61
7920,3400,593987,89.68,177,532801,80.78,94,1.37
7921,849,40807,83.35,11,34017,75.29,5,2.79
7922,525,66175,95.42,18,63152,93.94,17,0.78
7924,1207,133561,83.76,45,111906,76.22,28,1.53
7926,1021,15002,73.49,4,11027,59.45,1,4.93
7927,482,44700,70.47,28,31508,42.08,6,1.04
7928,2278,41530,74.34,19,30884,59.11,8,3.68
7929,903,21673,82.47,12,17876,62.06,4,3.03
7930,847,33754,66.1,11,22315,55.72,5,3.04
7931,163,24641,96.7,5,23831,84.9,1,0.36
7933,133,23563,87.59,6,20645,76.04,2,0.91
7935,124,37000,89.84,13,33247,71.77,4,0.3
7936,316,36038,74.11,4,26713,70.21,2,1.51
7939,173,19580,88.0,3,17232,85.45,2,2.04
8002,250,1908,0,0,0,0,0,28.25
8009,627,4375,0,0,0,0,0,21.49
8010,385,6666,46.01,4,3068,20.25,1,9.66
8011,61052,165922,30.78,25,51115,25.0,10,30.33
8012,478,3800,93.02,1,3535,93.02,1,4.85
8014,591,8827,37.88,2,3344,37.88,2,10.86
8015,111,3000,29.54,2,886,0,0,12.06
8016,36182,120137,45.68,54,54900,29.37,20,20.36
8018,75,3449,21.62,1,746,0,0,3.98
8019,98,33891,93.81,3,31801,90.33,1,0.8
8020,109,8263,59.32,4,4902,32.36,1,2.37
8021,82591,147157,46.23,46,68065,36.93,24,30.42
8022,57,3000,70.18,1,2106,70.18,1,3.26
8024,22577,45160,28.59,11,12919,18.86,4,25.56
8026,61,97,0,0,0,0,0,73.87
8027,66626,112878,27.14,33,30656,15.48,11,38.8
8028,64426,184259,53.04,66,97753,39.55,26,22.95
8029,655,78017,75.2,25,58688,62.69,8,1.45
8031,121,4498,25.57,1,1151,25.57,1,4.73
8032,22986,51810,75.97,9,39363,74.22,7,12.79
8033,70093,164630,38.19,43,62909,28.48,19,32.25
8034,22045,56586,18.03,11,10217,8.72,3,32.77
8035,214,6812,43.5,4,2965,17.63,1,5.68
8036,533,7661,20.61,1,1580,20.61,1,10.94
8038,40264,62278,20.33,9,12674,15.0,4,36.92
8039,59711,263804,68.88,72,181749,61.41,42,12.4
8040,31263,96414,50.7,13,48908,44.6,3,20.69
8042,40870,132222,66.69,42,88205,58.47,25,19.74
8043,37633,79907,41.45,16,33131,37.54,10,45.06
8044,27648,204768,61.63,33,126236,54.79,12,14.29
8045,4247,95042,66.81,36,63514,54.55,18,8.07
8046,85134,646165,85.45,92,552285,80.58,43,5.82
8047,1331,41666,80.79,14,33666,71.7,9,3.65
8048,34752,57706,39.17,17,22610,27.77,7,24.23
8049,39295,118280,33.05,23,39108,27.16,11,29.12
8050,56067,205205,44.05,37,90437,37.75,18,25.77
8053,3691,411818,85.44,75,351942,80.37,41,1.93
8054,52190,106233,37.35,19,39693,29.84,5,34.29
8056,11809,389990,60.6,80,236413,53.93,35,5.95
8057,84,6344,67.07,3,4256,67.07,3,2.43
8058,2502,68800,69.27,27,47672,51.91,10,6.25
8059,13950,194080,72.94,16,141603,69.35,5,8.47
8060,273,6084,49.67,2,3023,34.06,1,11.29
8064,83304,184818,43.25,37,79961,36.74,17,33.9
8065,930,4500,37.58,3,1692,0,0,18.21
8066,38120,36642,38.74,13,14203,21.76,4,33.11
8067,7006,20700,81.35,9,16844,56.73,3,6.47
8068,8401,80766,61.87,16,49987,57.95,11,15.95
8069,96988,1154678,76.95,311,888636,68.36,153,7.91
8070,38283,725648,73.11,97,530670,69.69,60,11.09
8071,35441,60084,31.41,11,18884,22.86,3,33.86
8072,13028,80000,59.82,9,47870,57.87,7,20.91
8074,46503,86974,38.3,23,33327,29.2,9,32.08
8076,89008,292214,34.56,63,101020,25.57,23,21.56
8077,1075,21946,82.07,4,18013,76.8,2,2.83
8080,14432,67164,84.11,4,56503,82.53,2,6.06
8081,21522,86172,36.62,22,31575,23.68,4,24.49
8082,4216,106609,71.69,22,76456,62.88,8,4.37
8083,2690,35133,55.74,12,19588,43.93,4,9.52
8084,2931,69514,65.23,22,45364,54.67,9,7.55
8085,36157,139983,40.76,25,57076,31.67,5,18.08
8086,70075,196516,52.66,37,103528,46.9,16,25.16
8087,9868,38669,57.66,21,22305,43.9,11,10.1
8088,54296,60922,20.22,6,12328,18.19,4,52.37
8089,27263,65999,40.98,7,27048,37.87,3,22.59
8091,18644,56903,46.31,22,26356,32.24,10,20.29
8092,20233,57172,60.42,24,34558,41.1,7,11.03
8093,3234,56568,67.55,7,38213,64.0,4,8.16
8094,337,18527,43.02,10,7975,11.96,2,2.77
8095,124,7932,51.28,6,4068,18.09,1,3.8
8096,81056,149343,53.18,36,79448,46.46,20,24.33
8097,13423,63802,72.87,21,46506,60.78,9,6.7
8098,1404,12653,57.64,8,7294,33.15,3,11.12
8099,29362,100073,81.95,19,82036,74.78,8,5.91
8101,18460,52166,82.27,4,42926,80.45,2,8.09
8102,1170,23358,39.62,10,9258,25.15,4,7.07
8103,19269,78437,42.49,27,33341,27.95,8,25.77
8104,46105,104058,33.9,8,35298,30.38,2,33.77
8105,40265,441545,61.07,34,269764,57.62,10,17.43
8106,68,3943,60.82,3,2398,27.88,1,2.19
8107,31892,75000,53.8,20,40367,44.3,10,17.19
8109,6778,82161,53.56,34,44029,34.87,11,12.68
8110,80294,517740,50.94,41,263821,47.87,15,29.39
8111,56740,109102,35.33,27,38563,25.0,8,28.35
8112,114556,525293,37.39,81,196538,33.2,44,32.36
8112A,7111,30000,52.2,13,15664,36.01,7,17.97
8114,10786,76618,48.36,33,37065,33.7,14,16.75
8115,842,70000,86.41,25,60502,78.23,16,2.47
8119,33044,63662,46.3,26,29495,27.16,8,10.84
8121,30854,212994,61.63,38,131330,55.12,16,14.27
8122,1616,402371,93.1,13,374717,92.23,7,0.77
8127,243,5561,7.67,1,427,0,0,7.57
8130,297,47620,70.92,21,33778,59.07,11,0.81
8131,32106,442222,73.1,29,323351,70.98,13,13.41
8147,5057,41926,48.39,16,20296,32.8,6,15.4
8150,134003,704523,68.43,137,482222,62.82,75,19.98
8155,15767,62473,49.33,18,30833,37.76,7,26.11
8157,662,26839,78.64,2,21107,78.64,2,4.87
8162,2720,68702,74.07,26,50901,60.38,12,7.23
8163,74951,280000,46.5,45,130214,41.11,19,24.66
8171,44821,112853,60.82,26,68660,51.93,11,12.89
8172,261,1589,0,0,0,0,0,36.16
8176,37531,71701,32.54,18,23343,21.77,6,23.68
8182,11493,107041,66.79,12,71505,63.78,7,19.16
8183,42193,121251,46.97,14,56981,43.39,7,22.17
8197,637,61748,84.91,4,52437,83.38,2,2.19
8201,12208,62366,57.83,16,36074,45.88,4,17.42
8210,31570,125319,70.44,28,88303,62.51,13,13.7
8213,68477,271242,50.28,81,136427,40.09,36,17.12
8215,68073,320675,52.85,29,169541,50.0,12,20.76
8218,105,1593,0,0,0,0,0,9.2
8222,39833,68574,36.93,14,25333,31.52,7,33.39
8225,380,22380,79.65,4,17828,73.02,2,3.89
8227,30385,39543,27.87,8,11028,18.22,3,43.14
8234,17036,141226,53.75,34,75925,45.92,17,21.5
8240,37292,100004,53.82,21,53840,47.02,10,20.92
8249,36056,137824,57.61,18,79425,53.54,9,24.05
8255,26235,101961,51.94,17,52973,46.65,8,23.21
8261,73246,118878,52.02,20,61853,45.82,10,32.88
8264,497,2583,0,0,0,0,0,34.52
8271,63511,129614,42.89,24,55617,37.22,11,31.1
8272,1637,18998,38.05,6,7232,25.15,2,11.55
8276,126,3537,47.96,2,1697,33.56,1,10.23
8277,43376,91629,19.98,12,18317,13.48,2,30.51
8279,1978,27101,62.22,6,16870,52.51,2,10.02
8281,415,29267,44.49,8,13025,34.88,3,2.37
8284,2427,47342,63.08,19,29876,46.81,8,7.6
8286,157,441,0,0,0,0,0,76.5
8287,11822,24267,70.24,1,17046,70.24,1,20.81
8289,30990,68334,42.86,16,29301,33.62,5,27.53
8291,1868,17478,71.9,3,12567,71.9,3,12.76
8297,174,15000,92.95,1,13943,92.95,1,1.78
8298,403,25632,81.25,2,20828,81.25,2,2.37
8299,188751,221317,43.59,66,96531,33.16,29,29.97
8325,205,1526,0,0,0,0,0,33.53
8329,3191,280578,90.81,36,254835,87.2,22,2.83
8341,18946,130000,48.94,16,63644,46.48,11,24.29
8342,1083,33537,71.7,9,24051,65.66,6,4.58
8345,773,52000,82.2,13,42754,71.53,5,2.57
8349,7712,208821,71.03,37,148368,66.92,23,6.61
8349A,1282,10000,10.25,2,1025,0,0,19.94
8351,1051,50000,80.5,9,40256,70.91,2,3.54
8354,13738,78532,64.76,31,50873,48.05,10,11.71
8358,126965,252588,51.51,59,130136,45.66,35,30.79
8359,5947,136500,83.39,26,113850,79.54,18,4.58
8367,3529,92172,70.64,33,65132,61.38,18,7.03
8374,13392,112250,71.69,11,80495,68.57,6,17.65
8375,114,7356,77.08,6,5671,40.34,2,1.96
8380,882,7123,19.38,2,1381,0,0,31.96
8382,10357,292597,65.98,81,193088,56.89,42,6.41
8383,55940,113760,56.37,31,64154,49.47,18,21.41
8390,30931,96116,48.25,21,46395,42.69,12,16.04
8401,11990,70669,62.91,22,44471,54.39,13,9.67
8403,36758,137640,38.53,23,53047,32.25,9,20.09
8404,15995,419934,78.92,68,331503,73.66,31,4.35
8409,25812,32000,48.57,9,15545,38.58,4,14.58
8410,2049,36589,59.01,12,21600,51.12,7,10.86
8411,10990,218404,81.77,32,178627,79.17,24,5.66
8415,9250,1031500,92.82,132,957599,89.55,78,1.87
8416,2061,28211,77.11,7,21756,77.11,7,9.0
8419,1377,30000,53.22,11,15971,40.55,4,14.2
8421,6490,54817,64.03,16,35109,59.43,12,14.27
8422,154382,1358984,37.02,131,503427,33.59,53,27.16
8423,6364,41714,63.05,13,26307,54.85,8,13.14
8424,3028,36054,60.57,7,21846,50.7,2,15.63
8426,2750,50242,74.33,6,37354,70.26,3,9.33
8429,45275,185747,41.63,25,77347,38.03,13,17.99
8431,44914,48778,23.52,10,11485,15.37,4,33.45
8432,3119,38398,61.59,4,23662,56.47,1,12.61
8433,3173,54506,67.52,17,36810,60.42,10,9.9
8435,22393,35200,41.13,13,14486,20.64,2,29.2
8436,43079,117729,39.48,35,46510,30.27,16,25.91
8437,32225,47014,41.77,19,19642,28.04,7,16.45
8438,2709,69943,80.53,22,56345,68.25,11,5.62
8440,55658,50255,32.6,7,16389,29.05,4,37.02
8442,2034,70170,71.44,24,50150,61.4,13,5.4
8443,46675,66800,69.36,24,46353,60.89,15,16.05
8444,1704,125105,85.95,33,107555,77.61,15,2.15
8446,7713,52914,50.2,14,26569,42.87,7,23.89
8450,10348,51310,58.33,14,29933,56.66,13,23.06
8454,38414,264975,81.37,19,215659,79.72,11,10.47
8455,743,25219,89.9,3,22675,87.77,2,4.63
8458,559,35850,72.45,24,25981,48.85,11,2.52
8462,6399,80387,65.41,21,52605,58.8,12,10.93
8463,3580,150000,82.13,28,123220,76.69,15,4.62
8464,4140,293020,87.0,91,254992,78.17,48,1.22
8465,232,8100,58.22,4,4717,41.56,2,3.39
8466,2194,79826,77.55,28,61919,67.45,13,4.96
8467,1658,48374,82.01,21,39679,73.88,14,4.34
8472,1055,17736,63.04,3,11182,55.75,1,5.57
8473,14965,182559,69.5,21,126896,65.58,10,12.1
8476,6530,166226,71.43,51,118764,62.15,26,7.22
8477,11028,64171,78.19,5,50182,75.87,3,7.09
8478,10954,93972,76.53,14,71925,75.66,12,12.92
8479,375,20055,62.09,7,12455,41.51,1,2.41
8481,2550,66602,66.44,24,44263,53.62,10,7.09
8482,1048,107444,95.18,18,102291,90.26,11,1.17
8485,61,1568,96.18,2,1508,0,0,2.98
8487,19458,26535,55.81,9,14812,45.92,5,11.93
8488,878,73500,87.1,18,64031,80.3,10,2.03
8489,29878,59949,57.18,14,34291,47.99,6,14.63
8490,1100,23760,45.34,12,10776,29.07,4,8.22
8491,1306,7292,9.23,1,674,0,0,22.3
8492,250,33300,92.97,12,30963,88.34,10,1.47
8495,878,127275,92.1,7,117234,89.86,3,1.65
8496,292,35675,87.43,12,31195,84.71,10,1.5
8499,2209,41166,79.81,12,32862,72.65,7,6.38
8707,6324,2568,0,0,0,0,0,43.91
8708,20494,194706,43.67,31,85066,36.63,11,17.08
8710,6848,115492,28.87,29,33362,18.1,11,13.06
8712,6940,808019,76.09,266,615008,63.73,113,1.25
8718,18079,97068,35.31,20,34298,28.24,10,24.05
8719,6769,656417,86.77,136,569738,79.45,63,1.98
8720,8600,89517,56.82,19,50877,47.24,5,13.31
8721,2243,3966,0,0,0,0,0,38.58
8722,5799,52655,62.7,15,33025,56.87,10,12.33
8723,23400,104515,50.62,31,52930,41.3,15,19.31
8724,8398,20270,40.62,6,8236,33.58,4,33.16
8725,12504,112191,32.32,23,36279,25.24,10,22.08
8905,20097,119440,92.47,26,110472,88.78,19,2.3
8906,2928,44037,55.46,15,24431,49.92,11,9.66
8908,14589,315333,88.97,46,280602,85.98,30,3.03
8916,41250,150384,66.56,48,100107,59.65,31,9.87
8916A,280,249,0,0,0,0,0,93.55
8917,1737,162652,82.83,69,134739,65.8,24,0.94
8921,1154,46592,85.56,24,39873,63.01,8,1.36
8923,5152,30376,82.32,10,25009,74.55,6,3.81
8924,17097,83800,38.36,21,32151,29.85,9,29.14
8925,19607,365243,41.2,123,150542,27.42,42,8.8
8926,59793,830282,58.77,131,488106,53.37,58,13.22
8927,25917,419068,83.25,112,348917,74.15,50,3.34
8928,4414,50854,49.16,13,25013,35.67,2,16.61
8929,11795,50581,45.67,10,23110,39.18,5,26.13
8930,5395,81809,68.86,35,56356,56.92,18,11.55
8931,19235,122255,81.47,14,99630,78.56,8,4.67
8932,9795,357963,80.5,82,288271,75.4,53,4.23
8933,43033,326724,52.74,43,172421,47.58,14,14.74
8934,504,7973,94.77,1,7556,94.77,1,1.41
8935,37700,113495,50.72,25,57591,42.46,11,12.72
8936,76745,248078,31.68,56,78644,22.93,23,31.15
8937,3295,431680,90.79,53,392005,87.85,33,1.5
8938,12486,156986,56.96,59,89462,45.07,30,13.06
8940,9369,67491,70.88,24,47851,62.76,16,13.44
8941,2213,34972,67.11,20,23475,46.42,9,6.3
8942,13336,198842,50.57,59,100588,41.72,30,13.54
8996,33890,93508,51.09,45,47792,35.44,21,10.98
8999,391,36000,62.83,28,22622,20.5,3,1.35
9103,21595,205532,11.7,31,24088,3.71,5,27.83
910322,7583,21365,25.19,5,5385,20.71,3,40.2
9105,126764,1649063,24.86,360,410404,15.08,95,19.31
910861,2756,34017,36.34,12,12366,23.07,5,16.62
9110,1759,54498,44.09,25,24040,21.86,6,7.74
911608,2205,34222,29.89,13,10234,9.8,2,15.62
911611,3111,88290,41.32,27,36505,28.83,11,9.24
911613,1402,11111,5.98,1,665,0,0,28.41
911622,1530,30000,52.04,9,15616,42.11,4,13.06
911868,6219,140000,35.6,38,49867,23.82,11,12.22
912000,6885,159294,34.52,47,55038,23.73,16,10.55
9136,4696,136394,67.9,33,92646,63.19,23,8.65
916665,366,816,0,0,0,0,0,57.85
9801,83467,395846,69.31,40,274440,66.04,20,17.11
9802,12128,200992,65.25,63,131175,56.23,32,10.59
9902,45239,98050,56.53,22,55447,50.29,11,17.53
9904,105499,2946787,69.25,436,2041332,64.81,224,7.82
9905,17401,305000,73.83,41,225233,72.26,32,8.39
9906,8381,90376,78.76,24,71196,74.97,18,9.41
9907,55962,1579145,74.7,179,1179967,70.6,77,6.72
9908,16551,516358,80.6,110,416250,74.79,64,5.55
9910,24548,987483,88.91,94,878188,86.71,57,4.19
9911,30932,222390,67.87,56,150973,61.42,35,15.0
9912,61883,54171,62.52,19,33878,55.57,13,15.71
9914,66317,298984,66.63,89,199297,54.97,41,12.68
9917,56308,451197,76.58,92,345622,70.99,54,8.71
9918,25345,180537,84.59,49,152767,77.04,25,2.51
9919,63734,195363,46.07,29,90056,42.77,19,27.95
9921,30865,392065,65.86,116,258270,56.51,59,12.36
9922,10428,216040,69.33,59,149806,59.03,25,7.16
9924,12980,150762,61.89,46,93340,53.51,26,16.06
9925,19119,387490,69.06,89,267691,62.5,48,9.38
9926,4287,179504,83.82,52,150489,73.65,23,2.46
9927,13954,120000,58.92,19,70727,52.7,8,17.81
9928,7196,70725,74.49,14,52696,67.16,6,7.49
9929,3775,101280,88.13,20,89276,84.0,12,2.52
9930,12218,248540,77.81,17,193430,76.88,12,8.09
9931,7940,120369,78.06,26,93994,73.42,17,3.71
9933,52388,944437,62.23,167,587840,55.65,67,9.85
9934,13863,411017,67.07,86,275760,59.6,34,7.18
9935,57719,177839,62.41,72,111020,49.53,34,7.22
9936,11639,104768,29.04,22,30454,20.07,7,20.06
9937,15863,309043,89.25,69,275896,82.53,34,1.97
9938,49474,297964,55.13,83,164332,46.9,44,15.09
9939,29177,295786,61.78,93,182825,51.63,48,14.89
9940,17365,736846,81.52,70,600781,78.01,24,4.58
9941,44124,575636,70.48,60,405816,66.9,29,12.72
9941A,3697,100000,81.98,23,81996,74.62,11,5.84
9942,9613,83161,52.94,26,44038,39.14,8,18.6
9943,15805,125172,71.09,13,88998,69.48,10,16.13
9944,10544,105908,78.75,43,83426,66.13,20,8.47
9945,104961,2844225,64.96,336,1848427,60.85,140,8.44
9946,14060,326554,81.41,37,265912,78.51,20,4.78
9948,73,211,0,0,0,0,0,65.68
9949,11125,44861,73.27,20,32877,53.62,7,11.69
9950,3732,167716,83.41,25,139912,80.07,15,4.69
9951,23702,73300,46.8,20,34310,39.55,11,22.56
9953,520,4384,0,0,0,0,0,18.07
9955,15126,104436,61.79,20,64557,56.57,11,19.43
9957,12930,3220414,96.03,72,3092914,95.48,42,0.99
9958,57110,246897,53.36,62,131812,43.4,22,23.46
9960,9606,33592,76.29,15,25634,60.17,7,6.06
9961,321,69099,93.39,16,64543,89.73,13,0.78
9962,29089,90220,47.1,27,42508,39.99,16,18.0
9965,68,776,0,0,0,0,0,21.58
YFU6,53,23060,88.2,10,20342,79.27,6,0.13
YHU4,552,232690,95.44,8,222109,94.69,4,0.54
YJS2,8993,115112,78.86,19,90793,74.07,11,3.39
YY0005,98,445,0,0,0,0,0,50.55
YY0008,55,203,0,0,0,0,0,79.3
YY0024,72,260,0,0,0,0,0,71.15
YY0027,62531,70355,12.95,10,9123,8.2,4,66.3
YY0028,33908,247269,39.73,58,98313,30.63,24,18.25
YY0029,8308,39020,30.63,8,11955,27.51,6,23.22
YY0030,3004,62727,52.21,25,32763,38.56,10,10.37
YY0031,430,4703,0,0,0,0,0,34.82
YY0032,358,3886,0,0,0,0,0,29.75
YY0033,2497,20320,16.08,3,3270,9.84,1,25.57
YY0034,266,1732,0,0,0,0,0,44.73
YY0035,15301,237400,36.43,50,86522,28.82,21,14.63
YY0036,136,348,0,0,0,0,0,75.85
YY0037,3451,80470,85.39,21,68725,79.57,14,5.59
YY0038,268,2681,26.72,1,716,0,0,23.4
YY0039,12866,250936,81.34,56,204141,76.04,35,5.35
YY0040,9028,73143,44.25,13,32376,37.78,6,16.03
YY0041,13696,279793,79.98,55,223817,74.53,33,7.75
YY0042,20025,70820,14.16,10,10046,10.06,5,36.47
YY0043,9585,40142,6.15,4,2473,0,0,52.52
YY0044,53005,445017,18.93,48,84338,15.25,21,29.35
YY0046,37388,552051,32.32,151,178566,21.09,45,13.42
YY0047,78063,1070271,31.58,284,338288,20.63,96,13.53
YY0048,7712,98824,49.21,27,48653,40.49,14,12.02
YY0049,33763,38915,26.25,7,10227,20.59,4,43.67
YY0050,55798,236316,21.53,50,50932,10.55,10,31.21
YY0051,7676,77637,33.75,17,26220,25.46,6,14.41
YY0052,4534,202305,69.16,68,139953,57.96,32,3.01
YY0053,24711,241617,46.76,45,113040,40.91,23,22.58
YY0054,5673,106933,46.91,29,50181,38.2,14,7.88
YY0055,5311,124278,46.61,56,57953,25.77,18,7.81
YY0056,2185,19785,51.38,8,10169,35.64,3,5.12
YY0057,4854,148088,56.91,40,84313,47.71,19,6.46
YY0058,3341,57743,35.86,18,20718,23.34,7,10.95
YY0059,1060,22565,21.04,6,4749,0,0,8.29
YY0060,683,9827,13.47,2,1325,0,0,14.8
YY0061,6535,53312,22.61,16,12064,8.44,4,19.26
YY0062,18053,320811,23.53,71,75575,13.24,19,16.37
YY0063,8950,20252,2.75,1,558,0,0,54.49
YY0064,5250,97705,63.74,30,62306,52.91,12,6.32
YY0065,17178,219904,28.28,56,62240,16.97,13,15.2
YY0066,19904,331772,30.01,79,99646,19.3,21,13.56
YY0067,6893,153046,29.3,49,44864,17.58,18,11.86
YY0068,28695,405816,23.38,66,94987,15.54,14,17.79
YY0070,22529,322836,33.95,85,109689,20.56,18,16.02
YY0071,14726,80719,18.84,11,15217,15.2,6,30.04
YY0072,2510,27500,18.32,8,5044,0,0,17.27
YY0073,2183,36643,35.77,16,13113,18.52,5,8.92
YY0074,10682,104222,17.67,22,18433,7.53,5,24.68
YY0075,3109,16424,10.27,3,1689,0,0,29.02
YY0076,450,450,0,0,0,0,0,100.0
YY0077,299,754,0,0,0,0,0,78.63
YY0078,330,2412,0,0,0,0,0,27.55
YY0079,79,330,0,0,0,0,0,63.93
YY0080,308,895,0,0,0,0,0,62.39
