stock_no,people,lots,b4_pct,b4_people,b4_lots,b1_pct,b1_people,s10_pct
00400A,134402,1976140,18.4,212,363840,13.59,51,17.94
00401A,17645,238895,24.78,31,59227,21.25,17,21.25
00402A,47609,709127,20.27,105,143796,12.7,17,20.75
00403A,969962,16813519,18.04,1843,3037138,12.68,349,16.12
00404A,22914,347795,23.89,35,83173,20.64,15,20.79
00405A,157482,3442745,21.24,461,731948,14.94,104,12.67
00406A,108221,2788562,23.85,630,665564,12.43,110,10.57
00407A,142416,2809239,24.56,388,690688,17.93,82,14.33
00408A,8442,152634,31.14,37,47566,20.66,12,16.41
00410A,6588,141360,41.57,27,58785,33.04,7,13.8
00411A,19372,744076,42.55,110,316807,35.05,23,8.13
0050,3543831,22338500,26.31,927,5881139,24.66,273,26.38
0051,12746,24500,12.73,5,3121,0,0,56.1
0052,460976,2595500,20.09,159,522093,17.99,69,35.77
0053,6523,9988,57.08,5,5702,41.58,2,28.01
0055,14358,85154,44.76,17,38140,36.2,4,26.8
0056,1656038,14158534,11.74,716,1665112,9.46,154,25.64
0057,3711,1527,0,0,0,0,0,36.85
0061,6050,96116,32.88,22,31629,22.31,5,15.52
006201,4662,22946,46.36,7,10643,32.61,2,28.83
006203,3660,10218,78.33,6,8005,59.56,3,10.11
006204,1154,1500,0,0,0,0,0,46.44
006205,8865,93939,45.33,26,42611,33.34,7,17.71
006206,3122,26778,20.26,4,5428,11.21,1,25.08
006207,1603,20892,14.6,5,3054,0,0,16.79
006208,713762,1860040,10.16,58,189473,9.57,39,52.06
00631L,318724,7517348,30.34,1512,2282067,20.87,312,9.43
00632R,66086,2708708,46.31,839,1255002,32.06,217,4.9
00633L,3613,116958,34.3,38,40152,20.69,12,7.05
00634R,770,42756,53.49,14,22879,42.14,7,3.97
00635U,56000,345514,31.35,34,108410,28.12,16,28.62
00636,8242,94325,21.45,20,20254,13.73,6,19.93
00637L,11768,742106,56.93,277,422618,41.96,94,3.65
00638R,511,22948,52.26,8,11999,36.61,2,5.23
00639,5710,95903,25.82,23,24785,13.72,6,13.47
00640L,1229,6419,27.44,3,1763,0,0,26.67
00641R,1303,92258,59.24,36,54668,45.05,15,2.94
00642U,8881,77821,43.15,14,33589,35.35,5,21.83
00643,3187,72503,40.28,21,29226,25.75,5,11.47
00645,9813,42997,23.54,10,10132,11.98,2,36.54
00646,111629,603485,42.51,73,256677,38.32,31,25.19
00647L,1512,6416,28.88,1,1854,28.88,1,27.87
00648R,2411,142688,46.27,40,66056,35.19,13,3.55
00650L,2139,96838,51.63,39,50015,40.45,20,4.68
00651R,398,32192,69.2,16,22285,51.28,7,2.54
00652,9401,61035,29.99,14,18319,21.56,5,28.92
00653L,1237,12903,12.12,1,1565,12.12,1,19.69
00654R,377,19466,54.89,9,10687,37.6,3,4.16
00655L,2193,57958,29.45,20,17075,14.95,5,8.5
00656R,321,20357,74.47,15,15164,42.02,4,3.27
00657,1653,6084,11.15,1,679,0,0,40.38
00660,1048,7531,30.57,3,2303,16.54,1,17.58
00661,7256,23425,17.56,5,4119,6.8,1,42.58
00662,108615,900529,37.29,94,335978,33.57,32,15.48
00663L,15183,158663,28.01,20,44458,24.32,11,19.46
00664R,9773,841075,57.3,389,482091,37.91,126,2.58
00665L,4914,403965,58.11,150,234832,43.64,58,2.39
00666R,130,13624,83.06,8,11319,62.62,5,1.63
00668,2022,7483,30.8,2,2306,18.81,1,32.78
00669R,3174,205117,46.01,64,94438,34.42,24,3.35
00670L,12418,77145,13.51,9,10439,8.04,3,27.52
00671R,3530,520884,69.67,201,362965,53.5,68,1.24
00673R,11076,625051,46.35,199,289923,32.47,62,3.64
00674R,1377,14421,41.1,4,5928,35.85,3,18.33
00675L,19433,113786,20.09,12,22871,15.96,5,30.1
00676R,4409,188334,43.53,72,82019,26.34,20,4.44
00678,1850,8948,26.57,5,2378,0,0,27.63
00679B,234712,6236692,42.64,689,2660746,37.5,146,8.98
00680L,19320,1463076,53.95,517,789415,38.88,157,2.74
00681R,97,7594,91.64,6,6960,84.86,5,1.52
00682U,258,7644,77.93,4,5958,52.39,2,3.68
00683L,327,11434,66.89,6,7649,58.88,4,4.89
00684R,171,9688,81.14,6,7862,73.57,5,3.25
00685L,199134,6164336,34.12,1548,2104491,22.12,312,8.05
00686R,2103,253776,66.13,113,167860,47.36,38,1.66
00687B,153230,4244380,42.4,552,1800600,36.58,138,8.72
00688L,9257,628115,49.61,215,311679,34.97,69,3.07
00689R,51,6889,87.42,5,6023,74.04,3,0.42
00690,17757,83830,11.74,12,9857,4.86,3,36.63
00692,91197,614280,16.61,34,102134,14.79,17,33.3
00693U,3173,73166,40.78,24,29853,29.81,10,10.05
00694B,1979,27076,64.74,8,17534,53.51,4,12.76
00695B,2240,40186,75.14,9,30206,68.56,5,10.11
00696B,10946,609681,83.2,27,507415,82.3,18,4.13
00697B,6599,64212,23.33,12,14993,18.48,7,22.13
00700,2615,31983,11.19,6,3583,0,0,18.26
00701,38466,170391,5.78,10,9866,3.77,4,51.36
00702,1155,6688,55.68,5,3725,31.64,2,25.66
00703,1022,9550,22.96,3,2194,0,0,22.77
00706L,6138,131271,31.56,29,41448,22.71,11,9.74
00708L,15742,131073,25.76,24,33793,18.87,9,22.82
00709,2276,14960,38.14,9,5709,7.16,1,23.54
00710B,3615,179761,82.35,9,148048,81.24,5,4.74
00711B,794,871761,99.34,5,866094,99.18,3,0.15
00712,135827,4971511,31.45,1131,1564133,20.32,196,6.16
00713,269694,1696012,22.46,76,381437,21.2,44,32.05
00714,2391,20067,44.08,11,8849,9.79,1,23.23
00715L,5430,88192,46.11,16,40673,42.45,11,11.02
00717,7560,119605,27.01,25,32324,17.79,8,15.8
00719B,14400,303014,30.4,49,92176,23.5,17,11.0
00720B,78391,4039609,65.61,301,2650938,62.3,74,4.56
00722B,13540,1458739,89.89,46,1311563,89.2,28,2.43
00723B,470,1520083,99.74,13,1516366,99.68,11,0.05
00724B,6230,3022775,97.61,32,2951146,97.41,22,0.5
00725B,41510,3690706,81.9,160,3023590,80.18,56,2.73
00726B,1734,1187489,97.96,17,1163347,97.61,10,0.33
00727B,723,57189,89.13,5,50973,87.49,3,2.78
00728,9714,39423,4.67,2,1846,3.57,1,49.14
00730,13111,69544,16.81,9,11702,13.81,5,40.78
00731,8315,20600,17.99,6,3707,0,0,57.25
00733,20917,64966,14.5,6,9426,10.89,3,52.59
00734B,528,24979,82.52,2,20616,80.06,1,4.81
00735,33653,125289,21.64,20,27135,15.89,8,38.77
00736,494,6727,73.53,6,4947,41.77,2,9.22
00737,5426,22538,15.19,5,3427,4.88,1,43.41
00738U,32847,242799,19.0,38,46182,13.36,13,26.49
00739,1962,25488,38.88,9,9913,19.17,2,17.51
00740B,6061,2186971,96.64,46,2113792,96.21,31,0.61
00741B,1143,13128,49.54,3,6506,37.85,1,17.93
00746B,1328,2549964,99.57,27,2539315,99.48,22,0.09
00749B,197,1110500,99.75,7,1107810,99.75,7,0.02
00750B,74,148000,99.75,4,147642,99.32,3,0.04
00751B,67252,5200603,75.54,327,3929423,72.88,92,2.97
00752,17310,256216,30.63,31,78547,26.17,12,16.44
00753L,10358,661157,49.93,239,330255,34.78,76,3.35
00754B,459,1277900,99.74,14,1274670,99.74,14,0.06
00755B,1017,280230,97.59,7,273500,97.59,7,0.82
00756B,2356,1299300,97.56,18,1267745,97.3,12,0.37
00757,68763,267494,30.57,30,81846,27.47,16,33.62
00758B,126,5525,90.49,1,5000,90.49,1,2.33
00759B,117,47525,98.89,1,47000,98.89,1,0.17
00760B,633,435020,99.16,6,431367,99.16,6,0.29
00761B,3475,2735089,98.52,30,2695085,98.4,25,0.28
00762,22821,46748,17.37,5,8130,14.71,3,52.79
00763U,3938,42065,52.57,12,22124,48.46,10,17.85
00764B,8291,1543000,94.14,31,1452767,93.81,21,1.33
00768B,1737,789600,98.16,27,775305,97.58,20,0.38
00770,17941,78458,12.33,10,9685,5.95,3,41.53
00771,2071,14225,15.1,2,2149,11.94,1,30.2
00772B,40884,3365790,80.41,143,2707090,78.66,43,2.85
00773B,8972,2593790,95.63,42,2480723,95.27,26,0.81
00775B,183,232100,99.66,7,231330,99.23,6,0.06
00777B,220,2076650,99.92,14,2075360,99.88,13,0.01
00778B,186,1522150,99.92,10,1521080,99.92,10,0.01
00779B,639,1297650,99.6,9,1292559,99.46,7,0.1
00780B,1292,246102,97.48,10,239936,96.79,7,1.24
00781B,698,8336,30.21,3,2519,17.99,1,19.13
00782B,1249,20467,22.65,4,4640,14.13,2,15.73
00783,811,7031,11.32,1,796,0,0,26.02
00785B,242,1063466,99.83,11,1061742,99.7,8,0.02
00786B,1296,19566,26.26,5,5139,15.33,1,17.0
00787B,1013,11806,40.46,5,4778,16.94,1,17.88
00788B,1473,24706,25.81,7,6379,13.89,2,14.82
00789B,355,455600,99.38,11,452790,99.07,9,0.17
00791B,100,281100,99.68,6,280204,99.68,6,0.02
00792B,440,2317615,99.86,15,2314741,99.81,13,0.02
00793B,360,2526,0,0,0,0,0,27.91
00795B,37565,1520098,55.22,142,839572,51.33,42,5.95
00799B,1671,26036,22.31,6,5813,8.29,1,15.86
00830,179537,824465,20.93,59,172708,18.48,26,35.85
00834B,139,23198,94.36,4,21890,94.36,4,0.95
00836B,423,631041,99.55,12,628271,99.25,9,0.1
00840B,90,59431,99.27,3,59000,99.27,3,0.16
00841B,121,70440,99.43,5,70047,98.66,4,0.2
00842B,950,20767,44.32,6,9207,34.71,3,10.24
00844B,299,213175,99.18,5,211447,98.91,4,0.31
00845B,224,237051,99.56,4,236041,99.34,3,0.12
00846B,261,74350,98.18,2,73000,98.18,2,0.5
00847B,400,4305,31.0,2,1335,0,0,20.47
00848B,153,136066,99.53,3,135439,99.21,2,0.11
00849B,104,486106,99.83,6,485341,99.63,4,0.01
00850,80838,416944,17.73,32,74032,15.47,18,39.25
00851,2146,5525,27.87,1,1540,27.87,1,42.41
00852L,483,8365,68.09,3,5697,51.42,1,8.67
00853B,2335,178134,91.0,10,162137,89.53,5,3.32
00856B,413,6792,62.48,3,4245,44.16,1,9.29
00857B,15862,599768,59.17,67,355016,54.72,22,6.61
00858,19191,117374,14.78,13,17369,9.69,4,30.29
00859B,1705,28511,18.77,6,5355,13.55,3,13.38
00860B,361,2671,0,0,0,0,0,24.7
00861,19244,69912,5.96,4,4175,3.6,2,52.84
00862B,1505,879381,98.31,11,864680,98.21,9,0.4
00863B,334,511964,99.59,9,509909,99.42,7,0.11
00864B,3694,101722,29.51,20,30050,22.29,8,7.57
00865B,9780,299744,29.79,46,89347,23.22,12,6.49
00867B,212,565150,99.79,10,563972,99.72,9,0.06
00870B,315,564151,99.6,9,561966,99.43,7,0.09
00875,7163,14488,17.34,3,2513,0,0,50.98
00876,23515,94524,27.16,10,25691,24.01,5,40.08
00877,13881,163788,16.58,27,27195,9.17,9,21.52
00878,1671613,18867790,10.89,884,2057896,8.73,154,20.3
00881,407172,2975403,15.01,126,447045,13.39,45,31.77
00882,83495,1974849,26.63,390,526267,17.42,88,10.29
00884B,211,75440,98.76,4,74509,98.76,4,0.42
00885,49146,606738,17.67,90,107318,11.67,31,19.13
00886,1185,4451,13.54,1,603,0,0,45.44
00887,20422,449351,31.92,116,143544,19.8,29,11.19
00888,95410,666478,10.93,33,72931,9.59,16,35.04
00890B,703,18264,73.36,3,13401,65.7,1,8.24
00891,192613,1919090,12.91,110,248103,10.68,37,25.25
00892,47013,320792,15.34,27,49291,12.76,15,34.47
00893,57273,358884,8.57,21,30820,5.99,7,38.72
00894,26651,148509,11.56,9,17192,10.15,6,40.02
00895,29222,143916,9.33,8,13438,7.65,4,44.47
00896,49362,389880,8.79,23,34299,6.49,9,32.81
00897,10242,128512,16.36,24,21053,8.09,6,22.46
00898,8909,117476,20.38,27,23963,8.65,6,22.87
00899,3725,16135,5.69,1,919,0,0,43.07
00900,131671,1570025,15.21,91,239166,12.63,22,22.82
00901,11875,62349,13.25,11,8270,4.72,2,41.14
00902,18106,223997,17.11,28,38380,13.1,13,21.87
00903,7131,48221,12.26,5,5923,9.39,3,37.0
00904,24642,162612,14.22,18,23162,8.02,5,35.5
00905,44633,359827,7.91,19,28515,5.98,7,31.34
00907,20229,148133,10.02,12,14873,6.9,5,33.74
00908,2729,34416,37.24,9,12824,24.54,3,19.19
00909,26799,107204,14.08,10,15107,10.79,4,44.38
00910,39184,117439,12.4,12,14590,8.13,4,48.81
00911,13558,32403,17.71,6,5745,10.3,2,55.91
00912,8372,59753,23.63,8,14130,21.66,6,32.57
00913,12225,58766,19.48,7,11454,18.53,6,39.99
00915,72602,510483,15.77,35,80579,13.85,18,35.84
00916,20173,105919,13.79,15,14625,8.11,6,41.67
00917,12245,61478,13.82,9,8506,10.23,5,40.05
00918,268954,3379264,11.42,191,386716,9.0,49,20.5
00919,1375294,18180635,11.31,1036,2060338,8.55,158,17.75
00920,6577,20280,22.24,5,4511,12.68,2,45.69
00921,8907,54770,12.36,5,6777,10.89,4,39.72
00922,188104,2146686,31.49,107,676441,29.39,32,20.94
00923,126143,954423,14.27,44,136282,12.8,22,33.24
00924,55246,436103,22.81,27,99519,20.71,13,27.42
00926,9284,102982,56.38,12,58068,51.22,4,19.89
00927,141847,1350897,12.0,85,162362,9.43,28,27.18
00928,7363,44356,18.63,9,8270,10.27,3,35.52
00929,443748,5051639,10.07,221,509846,8.15,50,22.07
00930,18993,127779,8.79,8,11262,7.02,5,38.27
00931B,33917,2251398,76.68,105,1726739,74.93,41,4.05
00932,13469,113783,11.9,9,13578,10.01,6,33.0
00933B,78676,6512458,75.98,452,4949621,72.68,100,2.93
00934,48887,423526,11.14,25,47277,9.31,13,30.91
00935,122510,848004,20.44,50,173451,18.76,25,29.59
00936,22454,195297,10.17,9,19898,8.96,5,31.23
00937B,213162,17152305,60.62,3209,10402739,51.73,658,2.65
00938,6320,98516,44.57,8,43921,43.84,7,18.71
00939,102879,1166476,6.92,50,80944,4.99,15,26.9
00940,318750,5257365,12.36,396,650278,8.72,78,18.14
00941,47791,455291,13.28,37,60528,9.49,12,28.52
00942B,9935,2012959,89.62,69,1804313,88.53,31,1.34
00943,4062,40389,32.85,5,13275,28.83,3,26.69
00944,7908,53581,9.22,5,4947,7.47,3,37.59
00945B,18630,818318,40.49,131,331501,33.55,37,5.25
00946,36075,451246,20.07,31,90671,18.01,13,22.43
00947,39565,291864,22.98,31,67133,19.41,15,31.06
00948B,26667,3990427,80.83,310,3226304,77.5,93,1.57
00949,17522,167928,19.98,27,33594,14.06,10,28.31
00950B,12313,4108309,90.9,148,3735442,89.55,53,0.68
00951,15895,225542,25.29,35,57074,19.79,14,18.4
00952,22903,247775,12.65,27,31378,7.27,7,24.83
00953B,49689,4328175,52.62,1280,2278223,39.09,308,2.28
00954,11238,122247,21.56,19,26387,14.03,5,23.2
00955,38147,511931,28.54,67,146231,23.66,25,18.72
00956,3236,33130,22.63,7,7505,14.62,3,23.57
00957B,3985,188263,50.48,30,95085,43.0,9,5.93
00958B,4368,121771,21.52,24,26230,14.8,9,10.13
00959B,9299,510336,48.48,81,247465,40.97,20,4.45
00960,11836,64495,25.53,7,16472,23.72,5,36.24
00961,47240,767511,9.63,79,74101,4.65,14,16.66
00962,6224,56420,19.73,9,11147,11.08,3,28.07
00963,4912,112933,27.86,20,31488,22.96,12,10.11
00964,4077,66124,25.74,15,17030,15.51,4,14.22
00965,33324,407492,42.36,43,172730,39.35,23,19.27
00966B,3924,119732,38.4,19,46006,32.13,8,10.34
00967B,2649,179907,70.27,33,126450,62.38,12,4.13
00968B,8274,794511,68.61,99,545330,63.61,35,2.61
00969B,2096,148133,68.76,44,101880,58.7,19,3.84
00970B,5902,391229,60.58,60,237075,54.14,23,4.2
00971,6765,55177,16.76,9,9259,10.11,3,29.91
00972,1624,15672,38.8,4,6082,31.16,2,23.67
009800,19981,284891,24.02,47,68522,18.1,18,18.01
009801,8830,94619,19.56,18,18528,8.68,3,24.63
009802,39178,523995,14.25,52,74725,9.51,13,21.06
009803,19925,188828,16.15,18,30508,14.26,12,25.6
009804,18566,154892,10.22,16,15848,5.24,4,29.67
009805,54594,594316,19.23,72,114374,14.07,21,23.35
009806,1111,13661,58.09,6,7938,42.57,3,17.61
009807,1177,14260,57.94,8,8264,31.96,2,19.56
009808,4372,39511,9.2,4,3641,5.87,2,31.8
009809,2517,30363,32.26,7,9798,27.24,4,22.39
00980A,72461,825730,26.42,57,218380,24.03,24,22.76
00980B,1522,53569,46.58,15,24965,36.69,6,7.47
00980D,3415,101957,38.23,22,39005,31.29,10,7.62
00980T,3226,74918,52.83,10,39599,47.33,3,12.38
009810,1944,19154,32.64,5,6256,23.84,2,23.32
009811,23209,235950,16.85,38,39793,9.47,10,25.33
009812,5925,93882,37.86,23,35562,27.99,8,16.55
009813,23814,332324,23.06,48,76682,17.86,19,20.07
009814,13439,149076,19.66,20,29330,14.3,7,23.28
009815,30114,434170,21.18,59,92051,15.37,19,19.22
009816,916280,12014344,19.8,1447,2380831,14.08,283,19.22
009817,10272,223936,24.94,51,55880,14.84,12,13.27
009818,5109,46152,3.07,2,1425,0,0,35.08
009819,51976,585245,11.61,54,68080,7.84,20,26.48
00981A,983096,9822709,21.09,987,2073626,16.52,243,22.38
00981B,16372,1496113,51.39,525,769325,35.22,131,1.99
00981D,8656,505300,42.96,154,217193,28.51,36,3.53
00981T,8302,245761,35.45,70,87152,23.08,21,8.55
009820,38212,1156202,39.24,230,453827,29.89,56,9.59
009821,55835,540840,13.71,44,74279,10.78,17,29.61
009822,5843,93056,18.01,13,16775,11.46,3,22.15
009823,34454,351817,17.89,38,63012,13.25,10,28.45
009824,48592,559347,14.48,75,81052,7.8,15,26.32
009825,4682,130208,13.31,21,17360,5.32,4,11.25
009826,54632,670304,26.45,139,177400,16.7,26,20.14
009829,11099,309870,52.91,43,163996,48.3,19,10.26
00982A,183189,2293436,13.8,176,316932,10.13,34,21.09
00982B,769,25900,62.94,6,16305,57.58,4,6.88
00982D,2807,76229,35.65,20,27192,25.58,8,9.65
00982T,1674,17097,35.63,6,6094,17.5,2,28.02
00983A,9270,89186,26.64,15,23769,23.81,10,25.39
00983B,797,26653,58.96,8,15718,50.41,4,7.25
00983D,3989,102697,29.99,38,30817,9.65,5,7.52
00984A,63400,652458,17.23,44,112524,14.61,17,25.82
00984B,3567,124933,36.56,27,45702,30.06,12,6.8
00984D,13188,981057,43.81,331,430020,27.98,84,2.73
00985A,45809,450789,16.47,39,74323,13.67,18,26.37
00985B,8317,631001,56.55,165,356963,45.45,49,3.19
00985D,2261,101232,56.1,24,56818,45.21,8,5.31
00986A,4809,39827,16.82,6,6705,11.03,3,31.4
00986B,395,21262,80.03,7,17020,72.6,4,4.07
00986D,2381,148677,50.95,40,75788,42.35,21,3.71
00987A,17944,161143,14.52,18,23422,9.48,6,30.82
00987B,2113,72327,55.36,25,40058,40.64,9,7.53
00987D,1565,102023,75.18,13,76707,72.24,9,4.92
00988A,238456,3321937,20.04,381,666620,14.79,89,18.15
00988B,5346,156333,26.94,36,42142,16.67,12,8.57
00989A,6849,69617,17.97,7,12524,14.9,4,25.4
00989B,2216,80452,33.46,23,26936,21.54,9,7.71
00990A,124180,2444022,34.51,397,843712,26.71,98,13.32
00990B,3118,84350,42.15,17,35556,34.68,7,11.26
00991A,339311,4746416,23.42,473,1112435,19.02,127,18.36
00991B,378,226828,98.42,13,223281,97.17,9,0.34
00992A,181734,2393955,19.72,230,472461,15.4,60,20.61
00993A,47901,785091,21.88,99,171916,16.43,24,17.82
00994A,29948,292690,18.6,33,54498,13.57,8,25.14
00995A,25014,283535,16.59,29,47107,12.63,10,25.8
00996A,23570,307899,22.41,38,69059,16.88,9,22.05
00997A,70111,1162377,17.18,151,200016,11.0,32,17.43
00998A,16659,225609,39.34,25,88808,36.29,13,18.91
00999A,86889,1038517,13.11,82,136428,9.44,22,25.38
01001T,1361,583000,93.29,61,543953,90.11,28,0.51
01002T,3262,1393000,93.68,112,1305375,91.28,61,0.54
01004T,1238,730200,94.03,82,686813,90.38,38,0.31
01007T,1825,720000,92.79,81,668255,89.73,45,0.48
01009T,954,300000,90.2,61,270641,85.53,41,0.64
01010T,859,2308170,98.73,80,2279256,98.04,55,0.05
1101,508051,7523182,56.29,886,4236504,52.39,405,12.82
1101B,7424,200000,94.1,22,188230,91.29,14,2.18
1102,102782,3546563,81.65,335,2896720,79.31,196,6.04
1103,74338,832875,80.36,135,669473,76.79,86,5.82
1104,56178,686682,72.97,109,501218,67.33,46,8.16
1107,3434,10100,99.7,1,10070,99.7,1,0.29
1108,12994,404738,78.71,69,318669,74.85,43,6.46
1109,12088,341159,79.87,72,272538,72.91,36,5.91
1110,5190,572001,94.17,60,538734,91.4,36,0.97
1113O,178,840,0,0,0,0,0,63.21
1113R,381,2129,0,0,0,0,0,30.62
1201,87787,506063,63.95,66,323683,59.16,26,12.35
1203,55232,240000,90.92,50,218268,86.75,35,2.94
1204,3516,18368,45.75,6,8407,31.78,2,19.61
1207,46669,464094,77.28,48,358754,75.3,31,9.48
1210,99936,894767,65.02,129,581844,61.01,70,14.93
1212,30380,174103,44.24,45,77058,35.59,20,17.33
1213,6559,56623,81.33,12,46062,77.05,8,7.11
1215,97678,294790,56.61,32,166923,53.62,18,24.77
1216,140685,5682015,89.81,764,5104543,86.32,456,3.84
1217,137997,494513,61.59,131,304629,54.2,72,14.57
1218,82804,499999,67.22,67,336146,62.94,34,11.73
1219,52969,341238,64.03,77,218542,59.1,51,10.65
1220,47363,177078,67.64,46,119799,60.44,27,10.8
1221,18650,94979,34.2,22,32505,25.87,10,21.98
1224,3611,71910,88.36,20,63549,82.38,13,3.39
1225,43760,242268,89.66,39,217263,87.29,29,3.35
1227,53286,915090,67.38,72,616797,64.56,31,12.75
1228,1583,11130,37.93,5,4224,12.17,1,11.98
1229,103607,1831880,65.9,174,1207685,62.95,83,9.99
1231,35562,298454,64.71,26,193185,63.31,18,16.8
1232,16878,159975,73.49,10,117571,72.04,6,12.71
1233,10268,90592,75.66,27,68569,68.24,15,4.83
1234,24164,401871,83.05,136,333865,74.29,80,5.57
1235,2928,188578,96.36,15,181727,95.42,12,1.11
1236,11702,86674,83.44,23,72338,78.54,18,6.97
1238,2041,29946,11.73,4,3516,8.56,2,21.52
1240,3020,44232,69.69,25,30832,49.16,11,8.23
1256,6235,35781,59.9,10,21440,47.11,3,17.56
1259,16257,32390,78.28,9,25364,71.11,6,8.55
1260,1311,102098,76.38,30,77997,70.6,20,2.01
1264,9229,37052,47.26,16,17518,24.84,5,24.29
1268,3366,42224,78.11,17,32982,72.16,12,8.27
1269,726,20902,77.56,7,16215,72.56,5,3.48
1271,2913,77089,74.1,19,57150,64.42,7,5.76
1293,401,17094,74.31,11,12705,42.38,4,3.2
1294,4563,36626,60.04,16,22000,43.82,7,10.17
1295,3333,37600,57.92,15,21787,44.91,8,14.94
1301,300559,6365741,74.67,576,4754417,71.86,296,9.21
1303,257162,7930822,86.68,699,6876244,84.19,386,4.65
1304,99943,1188764,60.91,111,724260,57.71,48,13.75
1305,72540,581050,51.85,62,301402,48.03,24,16.68
1306,6131,44503,21.34,4,9502,19.41,2,23.57
1307,18008,397818,80.59,62,320686,77.88,43,6.65
1308,76230,593744,52.79,63,313547,49.65,32,16.39
1309,78927,397587,46.4,32,184528,42.73,9,22.11
1310,105772,527870,30.39,92,160540,23.48,31,24.84
1312,134288,1506620,59.81,188,901359,55.36,80,13.29
1312A,1274,20000,54.36,12,10877,21.4,2,13.66
1313,62083,1330846,68.19,162,907814,63.72,67,9.52
1314,306141,3784850,40.66,782,1539380,32.12,249,14.72
1315,5854,99099,81.1,42,80388,71.05,25,6.46
1316,61337,401646,42.71,86,171623,33.21,24,17.55
1319,32129,591477,80.09,104,473861,75.95,63,9.06
1321,3990,227228,70.65,94,160546,53.36,34,2.67
1323,14303,91275,70.53,36,64395,61.18,23,8.42
1324,23448,75122,66.23,20,49768,60.75,13,16.53
1325,36176,85281,47.86,9,40826,44.85,5,27.1
1326,189938,5861186,81.92,524,4802584,79.22,271,6.2
1333,15927,74515,51.19,14,38163,43.03,3,10.99
1336,12279,77614,52.49,24,40747,38.45,6,11.26
1337,52458,268955,47.81,56,128655,39.1,18,14.57
1338,56020,83840,44.03,25,36932,34.18,12,18.89
1339,7289,74124,75.31,16,55840,72.36,13,11.12
1340,61789,152923,34.65,25,53016,28.15,7,19.9
1341,9735,52851,83.7,16,44244,75.97,9,2.56
1342,8722,78001,58.93,14,45977,51.58,5,17.13
1343,1224,40514,66.17,22,26816,42.18,7,5.55
1402,88473,5352875,89.19,428,4775269,87.21,256,2.93
1407,162126,440877,35.28,76,155617,28.86,29,29.76
1407A,4919,67841,53.5,9,36304,52.87,8,18.89
1408,70708,351814,20.69,72,72860,12.53,23,29.38
1409,150456,1618409,62.91,210,1018626,59.11,112,13.9
1410,6645,62000,76.26,19,47295,68.24,11,5.33
1413,8484,132112,76.01,26,100447,69.49,13,5.8
1414,26791,198000,88.53,37,175332,82.93,21,4.71
1416,45432,185342,56.47,40,104697,50.08,21,14.38
1417,55616,189942,58.36,51,110874,48.21,20,16.48
1418,30631,56834,71.51,19,40651,58.94,7,5.39
1419,16899,300041,90.42,70,271357,85.53,48,2.13
1423,18163,99648,83.33,29,83059,74.48,15,4.88
1432,257495,108000,54.51,13,58884,53.52,11,29.94
1434,64570,1684665,72.0,162,1213293,68.79,71,7.75
1435,33141,139780,94.87,24,132617,93.05,19,2.22
1436,14448,194152,76.34,38,148266,72.24,25,9.51
1437,8545,201871,79.63,74,160781,67.2,36,4.77
1438,5042,111206,82.91,28,92222,76.64,18,4.92
1439,4357,92000,85.59,31,78760,75.93,18,4.82
1440,94178,1656816,78.26,272,1297030,73.41,143,6.89
1441,14607,71744,65.0,15,46655,58.35,7,19.72
1442,8553,366211,87.47,109,320449,79.28,65,3.2
1443,15730,135343,89.92,40,121720,82.64,23,2.76
1444,61067,995595,64.06,138,637983,60.02,73,10.65
1445,11867,130666,69.17,41,90409,60.21,21,7.68
1446,8031,137710,66.0,29,90912,62.62,20,8.83
1447,43119,910071,69.99,127,637208,65.82,66,10.26
1449,45489,127115,38.47,27,48917,32.46,15,23.95
1450,15124,78837,25.82,14,20375,21.03,8,25.52
1451,16740,198000,63.88,41,126514,56.65,15,10.87
1452,47100,132641,49.32,40,65451,38.44,18,15.2
1453,14060,113243,75.67,18,85716,73.7,14,12.33
1454,13806,129834,81.7,35,106102,77.51,27,6.49
1455,34901,531688,67.02,79,356487,63.25,45,11.63
1456,4561,93720,85.74,15,80370,80.89,8,3.33
1457,16589,316730,74.89,71,237257,68.55,39,6.68
1458,21153,260751,59.78,59,155920,51.06,23,13.66
1459,12347,268972,84.13,61,226336,78.01,35,4.82
1460,23973,694643,71.94,123,499907,65.22,51,6.32
1462,61127,299874,46.39,98,139155,34.46,37,16.05
1463,33466,173268,81.5,41,141254,74.98,20,5.12
1464,63465,425576,61.78,89,262995,54.42,38,9.9
1465,10215,103607,72.92,39,75558,62.38,22,10.07
1466,21793,111157,68.63,34,76305,62.09,23,10.84
1467,17939,233625,67.22,45,157061,59.72,18,10.29
1468,1328,160405,97.55,18,156495,96.81,16,0.4
1469,336,87218,92.35,28,80568,87.63,21,0.17
1470,1206,85767,86.7,35,74384,70.26,13,0.72
1471,56500,150415,21.89,22,32947,16.92,8,29.81
1472,3589,52488,81.75,17,42919,69.84,7,2.52
1473,12597,146154,71.81,30,104987,69.22,24,9.92
1474,16351,129897,59.23,31,76944,53.15,17,13.38
1475,2306,66017,76.28,16,50377,68.99,8,4.36
1476,20505,274367,80.04,74,219672,74.18,47,7.09
1477,30364,246694,60.18,78,148507,50.25,39,15.98
1480,367,416085,98.12,59,408322,94.47,37,0.15
1491,1717,54818,59.65,24,32709,46.3,13,3.37
1492R,86,526,0,0,0,0,0,36.14
1503,79490,520972,73.41,65,382522,70.86,44,14.15
1504,201353,2376441,70.87,235,1684351,68.07,125,14.23
1506,21374,300389,77.08,45,231605,71.35,16,4.24
1512,20027,98183,54.0,19,53031,47.91,8,9.49
1513,156906,503113,45.83,82,230688,40.74,41,35.27
1514,98957,273108,41.08,58,112247,33.93,27,36.27
1515,24237,181474,49.39,34,89666,41.47,12,21.05
1516,45045,40008,64.82,15,25938,58.69,11,11.85
1517,46266,220000,48.86,30,107532,44.67,15,22.14
1519,88283,347469,73.8,79,256527,67.41,45,13.42
1521,23476,76230,68.06,12,51894,66.44,10,13.33
1522,30269,312898,57.98,52,181497,52.4,24,19.87
1522A,1409,30000,87.74,10,26328,80.53,7,4.18
1524,45647,165310,38.39,21,63511,35.45,12,31.05
1525,3194,73400,89.35,9,65591,86.62,6,5.52
1526,52434,60000,37.98,12,22792,29.94,3,24.21
1527,64442,138571,33.34,22,46226,28.67,11,28.7
1528,90810,191331,30.93,14,59219,28.26,5,37.99
1529,28583,155095,45.8,22,71055,41.87,12,25.24
1530,10782,94594,75.47,14,71400,70.06,6,11.1
1531,12830,182108,64.36,54,117239,54.03,21,9.37
1532,19515,422604,66.34,105,280432,58.76,52,8.46
1533,9954,98547,63.27,35,62371,52.11,18,17.35
1534,4103,67733,46.92,19,31799,35.3,7,13.12
1535,9868,123743,75.67,10,93644,75.25,9,11.11
1536,83489,278960,34.34,54,95828,28.36,26,30.92
1537,15788,82063,51.57,25,42337,42.81,14,24.2
1538,7619,32300,78.45,7,25345,70.77,3,6.68
1539,5299,65370,61.11,11,39957,60.48,10,15.79
1540,41202,85474,34.98,22,29908,23.22,5,31.99
1541,2444,78800,83.76,15,66023,79.46,10,4.74
1557,113,1722,30.57,1,527,0,0,13.88
1558,27801,64536,37.61,30,24284,14.38,7,23.52
1560,25124,151717,64.45,65,97819,48.12,27,12.08
1563,35623,225608,49.66,70,112099,37.82,27,11.3
1565,37551,50417,16.61,10,8382,10.41,4,38.09
1568,9682,103087,64.98,31,67006,57.19,18,12.99
1569,24390,144247,52.37,36,75574,44.8,16,14.5
1570,34892,51501,55.13,11,28403,44.49,2,11.54
1580,27702,49339,38.65,14,19078,29.88,8,26.4
1582,66556,144269,30.83,25,44515,25.7,12,35.14
1583,2524,109400,91.25,17,99839,89.51,14,3.03
1584,56260,232471,41.14,36,95679,36.54,18,22.14
1585,934,57700,65.76,33,37958,46.04,13,3.11
1586,12149,129500,73.15,52,94742,59.92,24,8.67
1587,11933,80056,46.02,20,36859,37.91,8,20.53
1589,43143,153136,28.35,30,43464,21.0,11,25.0
1590,6053,200000,72.2,101,144421,52.42,37,1.62
1591,32250,38048,20.35,9,7747,8.04,1,21.25
1592,6282,110978,26.44,25,29356,18.1,8,15.25
1593,3327,39785,50.05,18,19914,35.43,9,14.06
1594,657,33220,82.82,12,27515,75.4,8,3.39
1595,9152,57725,48.38,22,27944,36.03,12,17.2
1597,18510,89262,53.05,36,47362,39.16,17,25.46
1598,10646,179142,60.56,49,108516,53.0,29,11.59
1599,11840,73029,65.14,21,47582,57.0,12,17.03
1601,16650,106265,11.57,13,12307,6.3,3,25.94
1602,274009,386358,12.15,26,47056,9.56,9,58.27
1603,13548,191688,72.69,30,139384,68.93,20,12.61
1604,101967,384200,58.25,72,223854,52.36,35,17.22
1605,251765,4431333,75.31,371,3338175,72.82,192,10.07
1606,77473,769560,15.9,119,122553,9.51,31,24.54
1608,49297,632774,66.66,61,421947,63.48,29,15.23
1609,197214,785262,32.24,110,253379,28.55,60,30.96
1611,87110,322736,53.13,81,171525,44.58,35,20.28
1612,37810,316080,61.0,65,192873,55.3,33,17.5
1613,22767,227418,57.74,67,131341,47.38,28,9.99
1614,4221,269113,82.91,83,223149,75.51,51,2.22
1615,8756,198630,80.45,34,159837,76.84,22,6.57
1616,14747,194149,59.81,26,116167,56.0,15,15.83
1617,11685,169515,76.15,40,129117,69.12,22,9.84
1618,22367,192692,57.8,30,111420,52.81,14,21.52
1623,6039,66000,77.09,13,50890,73.47,9,11.21
1626,9919,149822,69.23,48,103756,60.14,27,8.85
1702,64163,294133,57.81,31,170118,54.66,16,19.87
1707,68528,148137,52.59,51,77941,41.3,26,22.3
1708,86715,249002,39.05,41,97286,33.47,20,34.36
1709,41246,477016,70.9,130,338320,61.56,60,9.71
1710,60405,885703,61.65,132,546232,56.51,61,12.18
1711,98385,547752,44.93,88,246252,40.1,43,24.58
1712,82515,420493,56.49,123,237619,46.79,58,14.89
1713,23584,150952,74.13,30,111935,67.56,12,7.35
1714,107103,991825,53.58,143,531578,48.9,64,15.94
1717,99441,1184245,66.75,231,790799,61.0,123,14.27
1718,193726,1685906,51.44,216,867676,46.48,80,17.5
1720,15550,178696,65.43,32,116946,59.5,14,14.36
1721,67935,184884,37.4,32,69193,31.59,14,28.14
1722,122298,980000,64.37,150,631021,59.14,68,12.29
1723,62565,236904,53.2,41,126080,46.91,15,21.37
1725,3648,181830,94.43,20,171735,93.1,16,2.72
1726,9506,162000,85.47,28,138482,83.61,23,4.83
1727,21169,128020,57.79,27,74001,50.4,13,22.49
1729,4209,180688,91.39,47,165189,85.84,32,3.55
1730,10113,63234,57.3,11,36241,53.73,8,25.46
1731,18468,132915,55.68,15,74027,51.75,7,15.03
1732,38043,42444,46.4,5,19696,44.13,4,28.59
1733,38309,99950,43.41,19,43410,31.62,4,20.31
1734,70492,190197,49.55,42,94283,41.59,18,18.5
1735,8398,99388,78.39,12,77919,77.79,11,9.71
1736,7792,303395,88.55,45,268674,83.58,24,3.26
1737,74720,200000,62.52,24,125078,59.14,13,18.05
1742,11325,92671,80.66,27,74760,71.7,14,4.26
1748,709,14304,39.61,3,5668,36.48,2,16.91
1748R,105,529,0,0,0,0,0,61.98
1752,8183,100988,64.23,22,64879,57.6,12,15.59
1760,38944,85739,43.01,22,36893,33.86,8,25.89
1762,53972,76918,46.27,17,35608,36.1,5,21.68
1773,16009,300000,74.41,56,223296,69.15,29,7.6
1776,3260,60107,65.81,32,39567,44.14,13,9.04
1777,3335,44592,59.72,9,26638,54.07,5,11.85
1780,2702,109075,77.91,44,84997,62.65,19,4.42
1781,35733,47408,44.83,22,21258,23.54,6,21.92
1783,38095,89698,64.35,20,57733,56.08,7,10.5
1784,34510,53121,28.92,15,15372,18.13,6,25.27
1785,131332,595980,43.45,108,259077,37.34,51,27.24
1786,44717,74828,52.55,26,39336,45.88,17,17.07
1788,7745,44521,49.79,15,22175,40.09,8,23.24
1789,24729,790739,76.98,54,608903,74.71,23,6.24
1794,131,1322,0,0,0,0,0,16.46
1795,40866,266874,58.09,31,155089,53.65,12,21.76
1796,7613,41460,55.76,12,23127,45.18,5,8.48
1799,18992,248776,66.26,22,164893,64.06,12,10.58
1802,203340,2908061,76.18,161,2215919,74.49,82,13.03
1805,9335,134970,77.77,39,104993,70.39,23,4.83
1806,24720,390404,74.58,60,291224,70.88,36,9.69
1807,7555,114399,47.36,37,54195,38.2,20,12.55
1808,27672,893032,80.85,94,722204,78.86,64,6.57
1809,54059,167042,47.79,31,79860,43.11,18,31.12
1810,24610,302304,63.23,72,191228,57.71,45,17.28
1813,9073,46636,47.73,16,22269,33.67,5,23.28
1814,451,18982,78.82,12,14966,53.7,5,4.45
1815,150301,585459,49.45,88,289633,45.13,51,28.38
1816,900,24515,94.8,2,23242,91.94,1,1.83
1817,4555,72600,65.0,26,47194,58.36,17,11.58
1818,135,11635,75.49,7,8785,63.87,5,1.46
1819,136,33504,84.42,17,28292,65.69,9,0.51
1903,20924,260039,81.44,67,211842,74.9,41,4.06
1904,325180,1108275,68.22,146,756329,63.79,73,12.81
1905,71776,1102835,71.61,67,789954,69.52,28,13.21
1906,12528,151000,74.51,26,112544,70.27,17,10.79
1907,82179,1660371,85.39,210,1418181,82.02,121,5.09
1909,84765,1327686,68.28,164,906900,64.28,73,8.34
1918,30842,241259,20.69,26,49990,17.71,15,31.74
2002,1319616,15734861,53.2,1487,8373584,49.49,469,15.99
2002A,5377,38268,21.92,10,8396,8.37,2,28.35
2006,59562,730214,80.92,153,591122,75.16,91,7.7
2007,27662,530652,76.78,14,407560,75.66,4,9.05
2008,7505,190852,92.56,18,176680,91.23,14,3.15
2009,47076,359622,59.12,20,212670,57.34,10,23.98
2010,34804,647655,69.52,124,450424,65.03,75,10.35
2012,44606,302163,83.86,79,253445,74.58,33,5.01
2013,43938,200000,79.38,24,158799,77.22,17,11.13
2014,173769,1435544,50.8,100,729464,48.02,36,19.91
2015,11698,581599,88.2,152,513045,82.07,93,2.82
2017,41063,446875,61.59,66,275384,56.89,31,12.97
2020,59829,267031,50.93,53,136019,44.78,29,16.89
2022,62458,337168,40.34,32,136095,36.97,14,21.89
2023,101844,1821240,79.2,119,1442780,77.41,65,7.12
2024,50451,97500,83.02,13,80957,80.78,9,6.93
2025,30284,172661,63.19,30,109148,59.37,19,11.34
2027,105474,2584261,78.16,363,2020416,74.38,202,6.89
2028,21453,325715,83.43,39,271818,81.27,28,6.37
2029,14189,321180,72.16,28,231842,68.25,6,8.59
2030,55822,280526,53.6,51,150396,48.81,30,18.77
2031,65606,321146,58.48,62,187826,53.63,36,16.67
2032,12207,130522,59.54,43,77732,48.85,20,17.93
2033,4666,80695,77.38,33,62448,63.4,16,7.07
2034,38382,528996,50.17,104,265483,43.75,45,15.91
2035,20780,350000,96.71,23,338546,96.24,21,0.64
2038,25932,194134,54.18,28,105203,49.42,13,17.2
2049,64503,353792,70.97,116,251145,60.89,58,13.35
2052R,5554,9170,10.19,2,935,0,0,49.43
2056,254,105000,93.38,44,98068,85.71,33,0.43
2058,37125,305350,25.93,63,79250,18.45,22,17.06
2059,35126,95297,67.07,35,63931,54.2,15,5.23
2060,135,35739,87.22,4,31173,87.22,4,0.33
2061,11554,57378,48.96,25,28103,31.2,7,15.43
2062,11461,199994,61.83,40,123691,55.39,16,12.66
2063,3388,48101,52.86,19,25438,37.36,7,12.75
2064,1623,69330,83.06,30,57597,72.44,16,4.44
2065,49517,63517,52.27,18,33212,43.52,10,19.18
2066,3121,44450,68.77,19,30576,53.56,8,11.37
2067,2241,45138,56.54,12,25528,49.07,6,10.15
2069,9180,166387,62.85,44,104605,53.73,20,12.5
2070,5398,41783,62.26,19,26023,47.35,8,20.19
2071,922,69046,85.11,25,58776,73.66,12,2.03
2072,10087,192000,74.73,26,143519,71.3,15,8.2
2073,641,27500,75.21,15,20686,51.6,6,3.25
2101,36685,733935,65.53,136,481055,59.44,60,8.62
2102,79291,473329,81.43,65,385517,77.59,37,5.55
2103,82662,825710,58.95,122,486867,54.16,55,11.66
2104,107922,984734,45.01,198,443406,37.17,72,12.4
2105,80580,3241416,80.92,311,2623553,78.08,161,5.7
2106,33059,954890,79.93,162,763435,75.14,84,5.23
2107,47996,303593,64.23,72,195057,58.86,44,13.47
2108,53260,492417,71.1,95,350213,65.43,54,11.4
2109,35165,279349,74.69,71,208701,66.71,35,5.76
2114,5331,77992,65.34,18,50975,59.09,9,10.8
2115,3669,104373,70.84,37,73968,58.71,17,5.82
2201,90516,1070001,64.55,112,690991,60.7,49,13.22
2204,42408,553620,73.92,61,409357,71.41,39,11.72
2206,68161,773676,85.21,101,659434,81.49,59,6.03
2207,13584,557103,89.79,115,500365,83.12,53,1.52
2208,123757,1274539,55.15,148,703074,50.13,44,15.12
2211,24711,417091,81.03,57,338027,77.49,34,7.26
2221,3068,42325,69.46,8,29403,64.71,4,11.66
2227,7518,300000,93.51,11,280532,93.27,10,3.56
2228,9845,79780,56.93,15,45426,53.88,10,21.0
2229,59,1462,41.04,1,600,0,0,7.78
2230,11295,68030,46.49,26,31644,33.49,13,15.8
2231,13704,135932,65.8,29,89467,61.89,19,15.06
2233,38706,60289,42.03,11,25353,34.77,4,27.45
2235,1371,35878,83.9,12,30107,76.08,8,6.65
2236,3300,63517,72.49,23,46058,63.45,13,6.64
2237,3500,128938,76.95,22,99250,70.6,8,4.87
2239,2728,117713,79.99,17,94172,77.27,12,4.35
2241,28911,104602,42.45,33,44421,31.65,13,16.28
2243,2780,77374,68.54,36,53043,55.27,17,6.44
2245,506,35640,80.21,12,28591,66.91,5,2.28
2246,2884,42613,68.53,3,29213,65.07,1,9.19
2247,8033,80711,76.68,14,61904,72.7,8,9.96
2248,945,47600,77.88,16,37075,67.57,9,3.06
2249,1222,25538,70.68,13,18057,54.36,6,7.39
2250,9456,36388,51.37,4,18698,48.97,3,21.0
2252,1855,106618,80.31,19,85652,74.56,9,3.64
2254,2642,63908,92.88,15,59370,87.9,10,1.39
2255,1923,60932,80.13,19,48832,73.64,11,4.38
2256,2280,39024,58.34,16,22771,42.13,5,10.7
2258,8935,1751405,93.92,55,1645411,92.82,25,1.11
2301,170354,2316108,82.11,464,1902316,76.66,273,8.37
2302,24908,166303,61.5,19,102302,56.69,6,22.0
2303,1054867,12570094,72.84,1180,9159259,70.21,656,13.41
2305,23744,205661,63.72,26,131100,59.02,10,16.41
2308,600909,2597543,80.73,564,2097380,73.84,277,8.17
2312,202562,1506180,48.71,212,734019,44.28,102,24.26
2313,286369,1233821,61.0,213,752796,56.03,116,24.6
2314,53244,108596,11.49,14,12500,5.51,3,44.03
2316,60977,182741,64.09,43,117145,57.13,22,20.18
2317,1148949,14075746,69.37,1433,9767644,66.7,823,13.17
2318,28543,106030,27.0,15,28641,22.8,7,30.02
2321,14586,30272,71.3,3,21586,71.3,3,14.18
2323,131816,1089348,46.16,210,503064,39.29,85,17.59
2324,311313,4407147,65.98,613,2908720,61.91,322,15.19
2326,48293,40335,12.67,6,5122,6.49,2,45.75
2327,594229,2058731,68.19,351,1404412,63.44,195,17.92
2328,119257,518346,40.57,59,210419,36.49,27,30.62
2329,129749,658948,50.03,64,329857,46.31,25,26.11
2330,3046999,25932370,87.51,2628,22699284,84.75,1482,5.89
2331,56911,557403,59.02,69,329081,54.45,23,18.05
2332,104820,602170,35.06,103,211226,29.89,47,23.8
2333,87688,277761,29.0,56,80614,20.33,18,32.84
2335,6028,49483,35.58,13,17615,25.39,4,20.04
2337,492200,1986231,41.63,296,827215,37.07,144,33.06
2338,81287,366849,46.89,54,172081,41.53,25,25.26
2340,110263,438623,37.86,55,166118,33.53,23,27.21
2341,23859,6852,86.94,1,5957,86.94,1,8.91
2342,142402,157335,36.43,11,57356,33.65,5,38.47
2344,538193,4720491,70.64,453,3335752,67.78,237,15.78
2345,84058,561118,70.87,223,397732,57.05,99,5.07
2347,39747,1667947,88.79,252,1481306,85.32,158,4.08
2348,24527,151899,68.97,28,104801,65.46,20,14.15
2348A,2681,30000,65.83,6,19753,55.71,2,7.23
2349,143687,693680,29.0,121,201309,22.11,42,26.86
2351,21273,195351,75.64,72,147782,65.31,41,10.32
2352,194695,1580507,47.91,204,757426,42.95,75,19.91
2353,394000,3047854,37.54,361,1144700,33.41,154,25.61
2354,188819,1414485,48.68,129,688811,45.87,67,26.18
2355,76909,397495,40.97,96,162878,33.58,47,29.96
2356,247112,3587475,74.36,393,2668169,71.14,207,13.26
2357,112082,742760,74.89,216,556455,65.39,107,10.24
2358,39746,136623,27.99,17,38253,24.23,8,27.36
2359,60774,171471,50.59,42,86766,42.54,21,30.77
2360,32680,425246,70.7,188,300754,53.07,71,3.14
2361,19314,46544,52.96,6,24656,47.23,2,20.72
2362,31618,622263,80.98,113,504060,77.52,78,7.78
2363,129959,514988,34.78,60,179164,30.85,28,34.39
2364,55516,52389,58.96,13,30901,51.35,7,19.85
2365,98896,221528,23.47,28,52050,18.71,12,44.54
2367,192455,706253,28.55,88,201806,24.9,46,41.72
2368,102932,530595,77.24,132,409894,68.65,59,8.6
2369,127441,380102,32.18,54,122373,27.7,27,37.08
2371,270379,2150835,48.02,280,1033073,43.25,117,19.46
2373,14209,236203,87.27,27,206174,86.21,23,6.91
2374,105264,337992,26.89,44,90998,22.68,20,38.39
2375,76903,108675,27.26,23,29646,16.34,5,52.69
2376,97715,669889,71.72,165,480608,63.76,81,14.15
2377,102201,844856,66.66,182,563366,60.08,96,17.41
2378,17782,141056,33.75,25,47636,26.93,9,20.35
2379,85681,515513,74.03,205,381705,59.17,85,6.51
2380,23327,60000,36.49,9,21900,32.77,5,32.23
2381,2565,119,0,0,0,0,0,32.56
2382,282999,4107627,84.98,515,3491977,81.34,283,8.0
2383,99194,358321,68.67,131,246099,56.24,57,5.8
2384,157983,2047778,28.02,329,574139,20.93,96,18.9
2385,50983,765721,74.39,177,569772,68.34,102,11.03
2387,17055,195251,58.03,29,113344,52.54,13,17.96
2388,53991,556439,71.23,74,396432,67.35,40,14.26
2390,62144,192619,39.15,24,75462,34.31,9,26.44
2392,65504,512327,51.2,66,262430,47.05,30,23.29
2393,51033,443393,67.66,125,300103,60.48,73,13.82
2395,34865,869175,85.38,206,742275,77.74,96,3.02
2396,56596,1276356,45.52,239,581335,37.08,63,10.88
2397,9195,114489,69.05,17,79076,64.48,10,13.51
2398,38429,413074,36.55,47,151063,32.63,20,19.17
2399,54615,178100,33.11,39,58992,23.85,15,36.82
2401,131514,591995,41.69,96,246966,36.21,43,25.43
2402,82501,307537,38.27,51,117757,33.04,24,33.09
2404,67609,190587,53.48,72,101967,39.73,29,18.65
2405,97222,343427,24.5,45,84201,19.31,16,30.72
2406,117024,350906,24.66,57,86622,17.82,21,38.09
2407,48679,734818,37.87,178,278421,27.88,56,11.91
2408,305464,3450206,85.38,271,2946359,83.29,153,7.36
2409,666956,7547099,46.52,909,3512086,41.85,331,18.81
2410,12545,160009,36.35,51,58208,23.71,16,11.17
2412,307141,7757447,79.03,527,6132624,77.18,292,6.89
2413,25575,127359,58.32,27,74297,52.85,16,23.06
2414,15789,161736,59.33,44,96000,49.57,18,14.24
2415,8905,90000,63.8,20,57436,58.52,12,16.99
2417,61633,157219,42.29,20,66507,39.65,13,32.06
2418,64473,1023200,47.79,137,489221,42.14,39,12.99
2419,37449,321317,65.09,15,209179,63.28,4,17.61
2420,39090,152649,48.57,38,74167,39.3,15,21.3
2421,57537,286944,60.29,94,173074,49.91,44,18.23
2423,6193,145047,76.2,34,110544,69.54,17,6.08
2424,4347,59585,80.85,6,48185,79.18,5,7.47
2425,42602,96499,46.84,22,45232,37.64,7,28.91
2426,97881,300622,53.4,60,160578,48.81,38,21.92
2427,21854,198000,53.6,15,106166,49.77,4,21.35
2428,18264,128113,60.71,31,77793,51.8,13,17.7
2429,27530,85500,48.39,14,41384,42.61,7,23.63
2430,38066,116800,63.22,24,73877,56.81,11,15.44
2431,51789,110927,42.16,16,46789,35.96,4,23.45
2432,1267,61860,77.39,9,47881,72.89,4,4.61
2433,7895,144496,78.97,18,114122,77.79,14,10.33
2434,5842,37000,78.19,3,28934,74.38,1,13.86
2435,8969,74736,32.61,10,24391,28.69,4,21.86
2436,76409,219700,24.91,42,54771,17.35,17,42.13
2438,26358,71196,58.54,21,41689,49.52,12,15.32
2439,71953,248645,31.23,56,77702,22.21,20,35.5
2440,8713,139117,70.27,26,97777,67.57,19,10.42
2441,61277,568846,68.07,85,387359,62.66,37,17.46
2442,49035,325232,57.41,61,186811,50.09,24,12.06
2443,30669,150909,55.25,45,83395,45.97,24,12.89
2444,36086,101570,27.45,21,27905,18.07,5,22.38
2445,6214,48163,15.7,7,7570,12.45,4,26.56
2449,266465,1283882,60.19,258,773034,54.7,145,21.23
2450,17535,258253,77.02,18,198960,75.97,14,11.29
2451,43452,431346,71.96,66,310475,65.91,27,12.52
2453,25449,100000,47.67,15,47682,41.37,5,28.0
2454,624895,1603895,73.63,504,1181426,63.08,232,8.48
2455,68316,187898,52.32,74,98348,37.34,32,23.0
2457,112438,424772,29.87,56,126991,25.04,22,30.67
2458,62977,303880,58.23,85,177018,49.65,43,20.81
2459,15132,105596,53.34,33,56343,41.95,11,14.21
2460,44745,169200,58.07,20,98281,53.6,7,15.95
2461,50246,191888,45.26,54,86862,36.62,26,17.6
2462,26157,150784,55.81,35,84189,50.29,21,17.03
2464,80407,218869,55.83,52,122238,48.98,27,23.42
2465,48089,93946,41.78,20,39258,32.83,6,26.96
2466,5386,173459,87.93,51,152550,81.86,34,4.44
2467,47229,161776,69.7,56,112794,59.73,32,12.44
2468,10655,69961,51.79,4,36243,50.02,2,27.37
2471,36787,47254,23.39,15,11060,6.74,1,41.73
2472,37086,164735,58.9,47,97050,48.58,21,25.48
2474,55112,538821,70.21,87,378460,66.41,57,14.76
2475,226664,6479454,71.15,1103,4611629,64.57,429,6.13
2476,19086,220117,67.88,62,149478,59.43,33,11.91
2477,9575,158573,73.55,40,116679,67.0,23,10.51
2478,58893,144731,57.02,50,82551,45.47,22,23.43
2479,13063,37738,32.41,6,12239,25.63,1,31.63
2480,42057,106360,30.96,34,32950,16.99,10,26.52
2481,100308,382115,57.24,79,218797,52.07,48,27.24
2482,38660,77883,40.7,13,31711,35.02,6,29.46
2483,9633,107890,62.95,27,67936,57.84,18,15.45
2484,90243,159421,24.53,32,39144,17.62,14,47.94
2485,137904,317689,23.34,37,74158,20.1,19,47.75
2486,84068,240742,40.66,54,97941,33.63,28,27.66
2488,40606,79999,52.46,24,41973,44.42,13,17.88
2489,134764,610000,29.38,78,179310,25.24,36,36.79
2490,15420,162918,21.41,30,34909,15.41,12,21.72
2491,12766,82008,74.87,26,61413,64.94,14,9.75
2492,116016,485205,63.42,69,307808,60.14,41,23.93
2493,47093,126797,50.59,35,64167,40.63,15,23.85
2494,10291,41493,81.47,10,33812,73.05,5,9.76
2495,38397,273552,50.68,48,138713,44.42,21,23.09
2496,4240,19100,49.57,9,9470,35.07,4,18.67
2497,11962,130888,65.67,33,85979,58.49,18,15.63
2498,163964,836439,39.56,141,331093,34.32,69,26.46
2499,47833,461172,44.18,81,203812,37.97,35,15.36
2501,44198,1159561,77.68,160,900937,72.91,74,7.4
2504,90045,1180000,75.07,203,886110,70.09,109,7.07
2505,23918,380000,79.55,67,302342,75.35,40,6.35
2506,65579,387000,76.93,74,297812,71.97,45,8.72
2509,16482,224551,69.85,45,156894,63.89,23,10.02
2511,46246,1623326,80.57,293,1308314,75.33,152,3.74
2512,43932,490059,34.23,96,167810,25.06,22,14.73
2514,17754,394729,88.06,51,347679,84.83,31,3.78
2515,139763,1607904,60.45,307,972489,53.29,120,10.06
2516,49143,226278,72.73,62,164601,64.91,37,7.03
2520,77410,609487,74.05,99,451522,69.79,57,8.92
2521,25311,319576,35.26,57,112767,25.85,11,15.89
2523,14042,228178,44.7,58,102027,35.97,25,12.22
2524,7594,365984,93.18,37,341113,91.56,27,2.36
2525,52555,650680,31.78,172,206892,20.34,50,15.1
2527,7726,270306,80.46,34,217550,75.15,11,4.84
2528,8351,435996,84.56,89,368771,78.77,47,2.86
2530,30971,841256,85.92,143,723011,81.73,90,2.32
2533,14051,152965,38.31,37,58622,26.1,7,17.06
2534,63220,474228,72.77,113,345128,65.96,63,7.64
2535,63381,270794,61.14,66,165601,54.88,34,14.94
2536,8336,332809,78.71,87,262017,70.34,45,4.05
2537,43600,300558,60.38,70,181541,52.65,34,12.11
2538,28706,445025,74.35,131,330951,66.02,70,4.69
2539,20522,1193103,86.75,122,1035364,84.2,71,3.16
2540,17868,944874,90.96,80,859646,89.17,55,2.84
2542,103484,2153084,66.27,234,1427432,62.83,112,9.83
2543,32360,528542,71.45,75,377736,67.34,39,9.24
2545,16542,379735,76.47,41,290503,73.92,25,8.5
2546,53256,130524,62.66,20,81811,58.8,11,14.04
2547,74506,1035095,70.96,189,734733,64.22,82,5.86
2548,40524,335705,49.86,99,167453,38.9,42,18.79
2553,19294,81611,18.9,13,15446,11.14,4,33.83
2566,325,2416,0,0,0,0,0,31.89
2569,61,11552,83.38,2,9634,74.73,1,0.61
2591,80,817,0,0,0,0,0,18.25
2592,57,10494,90.43,4,9490,82.1,3,1.35
2596,3261,100000,71.94,28,71951,61.8,14,5.75
2597,13170,310716,81.51,42,253289,78.1,25,5.29
2599,1377,98524,66.04,41,65076,51.78,16,2.09
2601,113062,824776,31.71,103,261759,26.36,33,23.13
2603,273705,2165043,75.39,358,1632498,70.47,194,12.06
2605,107968,585353,53.87,113,315359,47.92,53,20.07
2606,47848,845056,78.26,113,661431,75.35,73,9.98
2607,39263,533571,77.65,88,414399,70.73,33,8.77
2608,52030,467000,76.52,68,357415,71.78,34,10.64
2609,365216,3492104,62.23,337,2174015,59.18,164,20.09
2610,245156,6144989,73.0,543,4487040,70.13,258,9.32
2611,50764,189002,47.65,24,90093,44.24,12,22.17
2612,37209,197485,75.95,17,150016,71.07,3,10.48
2613,40440,148423,56.29,29,83587,49.49,11,21.65
2614,100879,327265,47.0,44,153877,41.93,19,22.99
2615,94265,2806146,89.74,281,2518743,87.33,171,4.64
2616,214042,137282,45.09,18,61921,41.0,9,29.98
2617,28603,417294,63.89,64,266668,58.68,26,14.77
2618,198709,5400444,82.27,657,4444297,79.13,387,6.51
2626,296,2885,0,0,0,0,0,25.25
2630,23357,209438,64.31,13,134750,61.69,4,20.09
2633,104788,5628293,86.88,294,4891140,85.13,139,4.16
2634,106128,941867,53.11,75,500341,51.28,45,20.77
2636,55584,141835,43.12,33,61184,36.32,18,28.58
2637,25870,746409,83.73,144,625119,78.69,84,5.49
2639,1106,99999,99.01,2,99010,99.01,2,0.48
2640,3514,59265,73.75,25,43723,58.31,11,6.38
2641,80741,330334,28.06,44,92757,22.62,13,28.71
2642,19679,95467,60.38,7,57646,60.38,7,27.08
2643,4296,35000,63.99,9,22397,58.81,7,17.61
2644,2503,82952,80.39,35,66702,73.44,27,3.98
2645,29588,374571,81.5,29,305336,78.87,14,9.17
2646,241423,3008735,65.61,138,1974537,63.97,57,16.17
2701,14796,449968,86.42,37,388945,84.55,24,3.65
2702,12391,156613,73.71,18,115462,72.55,15,9.48
2704,30562,366923,88.36,71,324258,83.46,43,3.12
2705,83242,191313,66.54,43,127352,59.9,23,14.02
2706,16128,499998,85.43,58,427199,81.58,26,3.63
2707,17950,127403,61.02,17,77769,54.75,4,19.51
2712,2020,105000,90.8,19,95352,86.86,13,3.4
2714,3937,1138,0,0,0,0,0,87.11
2718,2652,87576,88.24,16,77286,88.24,16,3.53
2719,3313,69456,90.67,4,62977,89.18,2,5.21
2720,2751,80000,61.03,27,48837,48.9,12,3.59
2722,4967,143170,87.18,31,124855,82.43,21,4.98
2723,9309,180000,68.84,38,123953,61.49,18,9.19
2724,1025,59656,84.77,10,50576,81.32,6,1.77
2726,2473,37922,65.26,16,24755,49.99,7,8.91
2727,149014,82940,38.77,34,32166,18.68,8,25.94
2729,6271,43041,67.77,13,29171,59.22,8,16.2
2730,2322,37215,86.67,2,32256,86.67,2,2.97
2731,30761,93278,42.58,21,39740,33.73,9,29.55
2732,6086,46519,59.08,19,27485,54.12,14,20.53
2733,681,24598,77.51,8,19069,75.36,7,4.54
2734,28735,57260,37.77,12,21637,31.34,6,24.96
2736,6322,79972,55.95,17,44764,46.33,7,14.25
2738,57,67381,97.88,6,65966,94.86,3,0.02
2739,5428,91526,73.78,20,67540,68.0,12,10.33
2740,2915,16762,72.53,2,12158,72.53,2,2.77
2741,1735,22588,64.92,8,14670,48.93,3,12.33
2743,6743,46815,52.86,8,24755,50.27,6,24.27
2745,5257,33809,51.28,5,17339,51.28,5,24.75
2748,9664,105779,61.37,6,64937,58.44,1,17.09
2749,248,20800,75.15,16,15634,33.27,2,2.43
2750,180,60000,98.53,18,59126,88.06,10,0.13
2751,1561,19844,60.32,1,11970,60.32,1,11.41
2752,2595,26694,63.69,16,17006,40.7,6,8.93
2753,11746,66645,54.59,19,36400,43.67,8,16.77
2754,4395,46907,73.08,6,34285,66.51,1,11.89
2755,3817,46890,66.74,16,31298,58.69,9,10.31
2756,1624,24598,71.57,13,17610,53.58,6,8.77
2758,7460,20486,73.57,13,15075,46.27,6,8.07
2760,171,13000,88.5,6,11506,84.01,5,1.06
2761,665,17337,57.68,9,10005,46.12,6,5.91
2762,6015,112500,85.92,22,96684,80.89,13,5.08
2801,272344,12060197,78.18,1284,9431450,74.51,562,3.86
2807,7187,3164,0,0,0,0,0,75.78
2811,52249,292500,34.48,66,100918,26.36,28,22.93
2812,245670,6021626,58.74,760,3538642,53.7,242,7.37
2816,10533,223608,80.31,33,179647,75.51,14,4.48
2820,73794,1342960,65.82,147,884304,62.03,62,8.02
2825,9447,12552,5.69,1,714,0,0,59.93
2827,30315,129587,36.75,31,47642,29.7,16,20.49
2831,42079,1192646,62.05,167,740398,57.19,70,7.68
2832,19452,253540,69.61,53,176543,63.29,26,7.61
2834,389849,9718062,60.79,1354,5910480,55.26,451,6.94
2836,35215,1839917,85.47,171,1572816,82.73,85,3.33
2836A,2798,40000,38.84,8,15536,33.14,5,7.86
2838,48997,4340552,90.52,260,3929761,88.66,126,1.87
2838A,6009,200000,68.74,42,137520,62.37,23,6.09
2841,60338,960944,57.39,179,551742,50.11,62,7.38
2845,99651,4865285,75.33,622,3665576,70.44,233,3.71
2849,9903,1957609,98.49,58,1928487,98.0,42,0.52
2850,17735,315963,67.9,92,214581,57.66,43,9.44
2851,27839,800389,71.32,120,570984,66.28,53,7.38
2852,21740,301164,66.94,106,201648,55.38,54,7.25
2855,59924,1601414,76.15,239,1219692,71.0,104,5.57
2867O,62574,5899501,87.28,536,5149978,84.17,234,2.13
2880,477969,14056135,81.86,1123,11510164,79.47,562,4.13
2881,379048,14007365,86.66,1013,12141925,84.42,505,4.32
2881A,18363,600000,90.42,67,542668,88.07,44,3.33
2881B,18211,666660,94.84,69,632428,91.95,40,1.9
2881C,53493,333330,84.94,52,283224,81.48,32,6.09
2882,403881,14669210,85.76,1248,12583748,83.38,678,4.72
2882A,18616,833300,94.95,83,791382,93.25,61,1.71
2882B,19140,700000,95.99,60,672016,94.25,42,1.67
2883,722100,16974847,68.83,1929,11687205,65.01,855,6.59
2883B,69021,1582142,66.13,396,1046638,56.29,148,6.59
2884,579581,16192000,73.63,2032,11924923,69.28,881,6.66
2885,457192,13331150,82.61,1272,11015498,79.92,692,5.15
2886,462004,14833378,83.17,823,12340433,81.66,462,5.71
2887,712842,25115062,75.33,3006,18923824,71.24,1293,4.62
2887E,12872,500000,86.04,59,430318,83.98,44,3.18
2887F,13098,300000,89.5,33,268567,85.93,19,3.46
2887G,16964,75000,47.29,23,35479,34.74,8,11.33
2887H,20632,219668,70.24,59,154339,62.9,33,6.74
2887I,268846,3096421,73.66,583,2281203,66.65,240,8.62
2887Z1,18159,300000,89.67,26,269073,86.81,13,3.14
2889,219709,3633563,73.19,354,2660079,70.65,206,7.52
2890,455475,14782169,80.94,1600,11967998,77.77,841,4.48
2891,585168,19675933,81.75,1879,16089521,78.92,965,5.12
2891B,24796,333330,95.89,38,319710,93.54,25,2.36
2891C,24234,166660,93.64,22,156080,90.81,16,3.59
2892,442837,14379469,71.7,1694,10312211,67.79,756,5.74
2897,28090,2805358,86.1,355,2415758,81.98,167,2.44
2897B,4919,250000,83.33,60,208348,77.81,37,4.12
2901,13671,73043,79.14,20,57825,71.6,10,7.88
2902,11482,146889,47.71,41,70108,36.68,18,12.59
2903,58274,1416941,80.17,165,1136293,76.72,83,6.31
2904,16893,77834,54.26,9,42244,50.17,4,17.16
2905,27191,1110372,84.35,129,936765,81.01,67,3.64
2906,17712,209117,65.14,36,136271,59.14,14,11.74
2908,10877,509888,92.05,53,469441,89.86,35,2.39
2910,1377,175403,96.61,40,169517,92.95,31,0.47
2911,39767,105126,45.98,20,48359,41.0,10,25.02
2912,72971,1039622,84.53,146,879003,80.01,71,7.46
2913,113597,790000,57.57,147,454918,50.14,52,14.14
2915,58432,1104319,69.75,184,770456,64.23,85,8.41
2916,4637,64627,58.92,18,38089,51.06,11,13.39
2920,975,12436,35.77,1,4449,35.77,1,18.11
2923,5107,1740297,99.57,17,1732982,99.38,11,0.2
2924,457,52036,89.54,9,46602,84.08,5,0.99
2926,2135,47390,74.57,14,35342,65.13,7,5.91
2929,50515,109494,31.92,19,34970,24.94,6,18.57
2936,155,76056,99.51,6,75691,98.55,5,0.23
2937,943,43542,84.56,20,36826,71.58,12,2.34
2938,756,20140,80.09,7,16131,78.01,6,6.25
2939,7058,45549,76.14,27,34689,56.13,14,3.94
2940,235,25184,56.45,18,14223,12.91,2,1.07
2941,3078,15390,66.47,14,10233,20.62,2,4.59
2942,1642,60000,90.71,10,54436,88.06,7,2.9
2945,3101,67500,83.48,6,56353,83.48,6,7.35
2947,11657,23642,62.78,9,14847,54.68,6,4.97
2948,1088,32000,81.02,16,25932,66.88,9,5.11
2949,2812,30641,81.77,16,25060,61.04,7,4.17
3001,6678,76007,19.51,16,14850,10.77,5,19.43
3002,9114,102000,64.91,20,66228,59.21,11,14.3
3003,15786,155655,60.67,44,94473,54.1,28,18.19
3004,17964,64401,59.16,17,38114,47.53,5,13.78
3005,49809,624718,72.97,117,456022,68.11,68,10.78
3006,60633,298128,59.89,84,178615,50.2,38,18.81
3008,89506,130798,54.8,47,71706,39.08,12,12.51
3010,50013,259437,63.13,79,163807,51.91,34,12.66
3011,48914,129601,35.84,27,46478,28.43,9,18.26
3013,47599,205139,46.69,34,95800,40.16,12,31.3
3014,53991,165954,30.78,40,51120,19.45,10,32.36
3015,17224,187262,63.5,55,118932,54.4,28,16.29
3016,40755,290981,70.73,33,205886,67.34,18,17.53
3017,101473,394402,68.49,148,270191,54.59,57,7.65
3018,36688,75378,64.28,6,48462,62.19,3,18.21
3019,94351,279244,39.23,51,109609,32.66,20,35.85
3020,1634,122695,99.45,1,122032,99.45,1,0.48
3021,8303,94890,70.94,20,67341,65.21,13,13.47
3022,17527,176598,66.1,44,116753,59.24,24,14.38
3023,52040,240069,68.74,99,165061,56.2,49,7.95
3024,57486,277157,50.55,89,140158,36.23,31,14.4
3025,41564,56736,23.25,11,13210,12.38,2,32.56
3026,72597,165890,55.69,75,92409,37.89,28,22.95
3027,47672,129960,43.42,31,56437,33.91,10,23.78
3028,54791,237241,43.65,48,103626,38.61,28,25.68
3029,63401,167005,42.6,36,71162,35.86,18,29.36
3030,35338,236216,58.14,47,137404,52.16,22,18.11
3031,17389,173203,59.7,19,103434,56.77,11,20.04
3032,33216,113286,52.15,26,59095,44.53,11,17.23
3033,96597,524141,41.53,106,217817,35.62,55,23.41
3034,92005,608511,71.53,213,435384,59.29,96,10.14
3035,114693,260550,29.06,36,75800,23.36,13,43.14
3036,81775,1271247,83.51,229,1061776,78.33,124,6.21
3037,282406,1643460,77.63,410,1276027,69.48,198,9.12
3038,49864,157408,42.15,33,66380,33.27,12,24.23
3039,5429,66353,33.2,23,22045,17.63,7,10.37
3040,22841,66225,68.12,16,45118,63.66,10,12.78
3041,69987,140224,25.41,15,35662,20.78,5,38.72
3042,91968,342993,56.67,94,194440,48.84,52,24.0
3043,54741,38976,19.7,7,7681,14.4,3,35.9
3044,36545,525606,79.34,182,417156,69.33,97,6.62
3045,62048,3723431,92.51,373,3445481,90.07,231,2.88
3046,19897,78448,55.95,14,43909,45.4,2,19.37
3047,67672,224767,19.81,27,44554,15.4,9,35.65
3048,81218,269830,49.24,49,132915,42.72,19,27.03
3049,119230,802011,46.46,69,372774,42.8,21,22.62
3050,42224,154984,50.71,30,78626,42.91,11,18.22
3051,66794,167000,34.66,31,57909,25.81,6,26.09
3052,48977,233246,58.32,67,136077,48.38,28,9.03
3053,1490,7959,54.35,6,4327,27.94,2,15.42
3054,3443,80651,87.88,13,70895,85.16,10,3.49
3055,26722,114975,65.21,29,74996,58.12,16,14.55
3056,71864,480555,33.2,70,159655,27.34,24,19.14
3057,37355,67865,34.49,8,23416,32.89,6,30.97
3058,49917,201723,21.79,31,43994,15.15,9,25.8
3059,95779,307702,24.57,45,75660,19.79,22,38.27
3060,70018,137563,21.43,28,29519,14.6,14,31.71
3062,72647,330092,23.71,60,78342,15.87,18,35.22
3064,2945,13011,63.47,3,8260,60.15,2,10.12
3065,1473,183896,83.61,33,153781,78.85,19,2.47
3066,5018,83071,71.78,14,59643,67.67,9,10.64
3067,758,20000,71.34,4,14273,63.63,2,3.51
3069,1425,3000,35.56,1,1067,35.56,1,24.45
3070,172,7275,51.25,5,3730,18.25,1,4.13
3071,11162,110000,58.2,11,64034,56.16,7,20.53
3072,58,373,0,0,0,0,0,29.78
3073,4202,39511,56.23,19,22228,37.71,9,14.96
3075,431,7782,70.68,4,5500,70.68,4,9.56
3077,90,722,0,0,0,0,0,34.59
3078,59325,227391,37.72,52,85803,29.49,23,29.34
3079,4368,47640,32.04,12,15275,19.24,3,17.88
3081,65797,101769,47.95,38,48820,34.53,17,16.07
3082,66,455,0,0,0,0,0,24.02
3083,8865,86487,56.17,8,48593,53.1,4,20.28
3084,225,1873,0,0,0,0,0,18.99
3085,2948,69019,89.64,4,61880,87.92,2,2.86
3086,7998,272711,85.29,25,232652,83.06,16,4.67
3087,443,51306,97.95,1,50259,97.95,1,1.41
3088,16823,113011,49.38,30,55822,37.81,8,22.26
3090,71275,287567,61.53,50,176969,56.0,24,22.83
3091,95,179,0,0,0,0,0,50.23
3092,32160,106649,37.87,23,40411,30.26,10,22.73
3093,7876,145156,76.47,17,111030,71.56,6,10.35
3094,42788,83117,15.49,9,12879,12.89,5,44.27
3095,25367,14680,54.41,4,7989,41.42,1,17.88
3096,667,22830,50.1,7,11443,38.54,3,6.27
3097,633,75086,86.94,15,65294,81.35,9,1.51
3098,76,1395,0,0,0,0,0,15.12
3099,13805,225176,37.62,68,84755,23.21,16,10.52
3105,133655,423940,53.51,98,226932,47.25,52,28.22
3114,7941,65130,51.78,19,33739,41.12,9,20.3
3115,17887,72198,86.25,10,62280,85.38,9,2.37
3117,1488,22800,56.52,8,12888,42.7,4,11.41
3118,41879,32453,37.31,14,12114,15.06,3,17.58
3122,46131,40772,26.83,10,10946,15.85,4,33.73
3126,2745,48752,44.06,14,21486,31.84,3,5.67
3128,49088,47317,31.16,10,14752,23.78,5,29.28
3130,7371,33191,56.02,10,18599,49.26,6,23.03
3131,28516,30121,49.18,13,14819,32.08,5,14.64
3133,492,27262,63.27,14,17256,46.91,7,3.25
3135,20017,97413,48.39,18,47152,42.5,10,28.76
3137,80,1883,0,0,0,0,0,7.7
3138,31690,56392,28.98,14,16357,18.98,4,41.35
3141,31591,75461,23.56,24,17794,6.7,4,38.01
3142,5170,203338,51.28,71,104291,38.74,30,5.04
3147,7426,43687,55.45,13,24233,49.95,9,18.96
3149,67581,286234,27.47,60,78700,20.47,28,32.79
3150,5751,44377,55.81,13,24775,46.27,5,7.35
3151,656,4133,36.97,2,1528,26.17,1,17.95
3152,8910,39016,43.75,15,17082,28.23,7,22.2
3158,1755,30676,36.06,11,11067,23.42,5,9.25
3159,483,5840,28.6,2,1671,20.39,1,16.26
3161,179,32583,94.26,16,30722,82.62,10,0.96
3162,14942,154341,61.17,28,94449,55.19,13,15.18
3163,93030,94635,37.31,19,35325,31.01,8,38.7
3164,22802,86010,55.26,35,47543,40.03,15,17.47
3166,98,23374,96.38,2,22532,94.66,1,0.79
3167,27354,90427,54.02,35,48872,41.1,15,17.16
3168,2555,75100,75.44,20,56664,66.9,11,6.11
3169,27246,63307,37.08,13,23482,30.18,5,25.35
3171,2278,33118,76.93,5,25480,71.98,3,8.36
3176,45804,139307,36.8,33,51285,28.18,14,21.45
3177,205,4108,75.32,2,3094,60.86,1,14.54
3178,4269,45050,65.78,11,29641,61.31,7,15.61
3179,110,9847,30.35,4,2989,16.07,1,1.36
3184,3100,63074,58.08,19,36640,50.09,9,11.54
3186,2283,30000,77.49,2,23250,77.49,2,8.98
3188,7418,189088,75.83,44,143409,68.45,20,6.21
3189,121917,526910,73.93,105,389656,68.61,58,13.65
3190,59,14308,74.69,5,10689,71.03,4,0.41
3191,18309,43597,54.32,9,23689,47.57,4,12.03
3194,152,13915,80.11,8,11149,64.36,4,1.08
3202,37698,129345,24.59,20,31836,19.46,8,27.42
3205,31346,67546,66.31,8,44809,61.71,3,10.57
3206,23329,58917,54.33,21,32018,42.66,11,17.81
3207,21252,66422,37.98,21,25237,24.32,7,16.46
3208,107,3025,46.49,1,1406,46.49,1,7.97
3209,56059,235391,43.92,59,103412,36.04,30,21.0
3211,80906,154414,50.63,47,78213,40.63,21,29.86
3213,46613,58686,30.31,16,17803,18.77,5,28.61
3217,15878,90104,41.67,22,37554,28.78,4,27.02
3218,18110,84725,55.37,17,46926,49.12,9,22.78
3219,3861,71781,81.18,9,58290,76.64,4,6.95
3221,48534,105062,26.1,33,27445,9.1,5,41.42
3224,16543,78173,71.93,28,56241,63.52,17,8.43
3226,1251,64431,87.24,25,56221,70.7,8,1.9
3227,56269,151913,41.19,53,62595,27.51,16,29.93
3228,34676,71937,24.31,14,17496,19.58,8,34.97
3229,10446,64263,69.72,5,44816,67.46,2,12.71
3230,19446,86011,53.97,20,46441,46.68,11,15.88
3231,339270,3180052,68.65,517,2183610,64.53,303,15.82
3232,14687,46568,58.34,21,27178,43.86,9,9.88
3234,39083,111475,36.24,30,40425,25.86,11,25.86
3236,64681,105001,30.16,16,31677,26.58,10,40.7
3237,105,1499,0,0,0,0,0,18.39
3252,2655,50196,79.13,23,39735,68.13,14,6.84
3257,28888,79824,43.63,11,34847,37.11,3,27.46
3258,91959,273549,10.19,23,27934,7.58,10,43.13
3259,3860,72966,71.01,26,51829,62.66,16,7.49
3260,137180,334463,36.86,68,123350,30.25,34,35.14
3264,75375,490170,70.59,123,346104,63.58,66,13.0
3265,16358,136262,67.61,25,92168,59.5,6,16.88
3266,3717,352314,90.45,29,318760,89.13,21,1.84
3267,534,17066,29.55,3,5044,26.87,2,6.44
3268,42762,34721,34.51,10,11986,28.42,6,22.41
3272,9153,61177,50.31,11,30782,45.54,6,19.57
3276,47144,69713,59.09,13,41206,53.68,5,12.45
3279,113,966,0,0,0,0,0,17.27
3283,148,6658,49.63,5,3305,15.12,1,4.5
3284,21984,108628,70.06,20,76126,66.75,14,9.91
3285,9869,42735,65.16,19,27854,51.67,10,9.17
3287,3973,43970,58.64,11,25796,48.76,4,16.82
3288,11452,16380,48.2,5,7898,36.75,2,20.1
3289,59157,86746,26.96,26,23396,13.08,8,37.91
3290,26036,90215,54.46,30,49151,43.09,15,13.15
3293,106133,281802,54.58,79,153860,45.14,39,21.39
3294,16589,132016,51.83,23,68444,46.89,14,24.26
3296,7091,96724,76.73,32,74226,70.67,23,7.39
3297,9795,36049,50.45,13,18197,36.6,6,29.34
3301,996,124326,79.23,40,98519,70.3,24,2.14
3303,14243,94091,48.05,33,45222,36.46,16,16.96
3304,424,14069,33.55,7,4721,9.88,1,6.53
3305,60364,143717,43.88,28,63101,37.29,12,31.42
3306,29882,50608,48.6,8,24605,43.14,3,25.82
3308,10492,60000,61.75,8,37056,58.99,6,20.09
3310,1736,74948,82.27,32,61669,70.03,19,3.07
3311,39187,100000,58.53,21,58556,50.8,8,18.86
3312,68980,182627,45.04,20,82288,42.73,12,30.59
3313,34299,221134,76.0,20,168081,74.35,14,9.41
3317,62296,90000,31.68,19,28538,24.16,7,42.17
3318,925,52256,56.8,19,29689,41.84,6,3.13
3321,28353,86114,47.51,21,40938,37.66,7,14.5
3322,65106,137582,35.34,29,48651,29.09,13,18.9
3323,69512,99593,20.7,13,20632,14.44,4,44.53
3324,78092,93077,49.62,33,46204,31.45,8,29.5
3325,61297,110169,30.4,33,33528,14.77,6,22.59
3332,1714,48104,86.98,15,41848,77.96,9,2.95
3334,126,24680,91.54,5,22594,89.35,4,1.02
3338,62197,87908,29.74,15,26160,22.6,5,37.31
3339,30881,66568,28.95,16,19280,18.26,5,32.42
3342,762,40910,53.13,17,21746,33.08,5,4.33
3343,869,58780,44.66,10,26267,39.29,5,3.62
3345,101,36301,95.55,2,34688,93.93,1,0.42
3346,39382,121228,26.85,20,32585,20.5,8,29.32
3349,1685,46072,47.81,26,22035,20.74,7,5.95
3350,924,21585,14.05,6,3034,0,0,10.95
3354,6422,70112,72.4,7,50764,70.67,5,13.77
3356,32447,80542,35.5,16,28604,28.24,7,27.42
3357,21221,117932,57.4,44,67724,42.04,16,19.64
3360,47013,76402,22.93,12,17541,16.99,4,32.15
3361,389,49553,81.55,18,40421,68.18,8,1.21
3362,31002,147445,60.28,45,88895,49.68,21,20.89
3363,69789,113641,42.49,36,48309,30.1,13,27.39
3364,216,2701,0,0,0,0,0,18.15
3369,4637,28946,56.22,3,16276,54.42,2,16.18
3372,57615,235324,53.63,26,126250,50.79,15,18.62
3373,35593,47619,27.15,5,12937,24.87,3,32.84
3374,55906,271364,60.82,37,165104,56.05,16,22.19
3376,49924,195780,46.59,64,91279,34.36,25,24.79
3377,241,19653,64.25,12,12631,35.71,2,2.0
3379,29933,38042,27.4,5,10429,24.78,3,37.14
3380,42515,541718,65.8,39,356517,63.07,14,14.11
3383,11622,75000,48.45,18,36352,38.5,6,16.7
3388,15451,84899,38.54,18,32743,29.68,6,29.93
3390,56394,79330,30.39,18,24121,17.95,3,23.92
3391,928,68860,66.0,27,45455,52.44,11,2.73
3394,162,1179,0,0,0,0,0,26.51
3397,1814,9025,0,0,0,0,0,46.57
3402,38841,73048,29.88,10,21835,24.52,4,36.26
3404,50,653,0,0,0,0,0,21.09
3406,29507,112743,58.78,54,66293,36.26,16,12.07
3412,261,8071,84.95,1,6857,84.95,1,3.49
3413,27167,111359,48.87,30,54442,41.3,15,26.08
3414,252,1360,0,0,0,0,0,39.06
3416,8993,80817,58.88,19,47602,51.69,10,15.05
3419,30623,120480,32.09,26,38690,24.06,10,24.71
3430,33483,33716,33.47,6,11286,33.47,6,34.32
3431,12539,55459,51.35,8,28481,46.69,4,17.57
3432,3508,42230,66.5,13,28088,58.48,8,13.46
3434,9146,35755,46.68,14,16698,30.22,5,21.03
3437,46736,144548,25.53,22,36932,20.13,9,37.5
3438,28322,47166,45.12,2,21285,43.53,1,29.91
3441,31759,40040,31.18,13,12495,15.36,4,36.89
3443,48136,134012,64.64,41,86638,52.1,12,8.41
3444,5004,44997,49.28,17,22182,38.51,10,17.15
3447,5778,77449,58.92,13,45650,51.2,3,15.39
3450,70330,145681,46.49,51,67760,36.76,25,27.42
3455,44272,59851,31.64,24,18950,15.08,7,32.86
3465,4655,42330,67.89,13,28746,57.34,7,7.03
3466,28782,77892,45.68,24,35599,34.08,9,18.09
3467,2013,31107,61.95,11,19275,54.95,7,11.49
3469,191,22448,63.92,14,14353,42.15,6,1.47
3471,503,5000,45.04,3,2253,25.6,1,10.99
3472,1710,76274,58.04,25,44289,43.84,7,4.68
3473,268,23412,76.28,7,17864,68.15,4,1.75
3475,1777,1784,0,0,0,0,0,46.82
3479,37750,73037,40.35,18,29485,30.27,5,33.15
3481,1023753,7989197,36.07,1035,2883928,31.54,425,25.93
3482,527,6521,44.4,4,2896,16.87,1,16.25
3483,52756,99049,21.53,23,21347,12.07,9,41.32
3484,47129,78828,33.45,23,26379,23.6,10,24.1
3485,7499,38501,51.34,18,19776,33.54,7,18.93
3489,2749,90452,81.96,11,74149,79.83,8,4.93
3490,33710,55006,29.94,16,16481,19.22,6,30.37
3491,69272,68805,35.25,29,24267,17.62,8,27.62
3492,2850,35532,47.56,5,16903,41.95,2,17.15
3494,18044,94800,61.71,12,58520,56.74,4,11.5
3496,205,21562,79.91,9,17233,70.66,5,1.93
3497,112,4588,33.29,2,1528,23.86,1,5.4
3498,53335,61273,57.26,16,35097,50.79,10,17.53
3499,41323,54971,44.2,13,24302,41.88,10,23.65
3501,12286,118258,47.4,21,56075,42.49,12,21.23
3502,283,9202,34.17,5,3145,12.4,1,6.87
3504,12267,114060,67.93,21,77510,62.7,11,17.44
3505,160,5429,87.89,1,4772,87.89,1,8.41
3506,606,8573,19.83,3,1701,0,0,18.33
3507,278,31800,87.08,12,27699,75.26,7,1.5
3508,67644,108867,47.33,30,51545,37.29,13,26.19
3511,9527,79973,53.75,6,42994,51.13,3,22.64
3512,4840,113072,72.42,31,81900,64.35,16,8.62
3515,13631,123544,68.78,19,85001,61.78,6,13.62
3516,3187,59561,77.7,19,46293,69.39,11,5.59
3517,663,5031,13.89,1,699,0,0,24.01
3518,29748,102467,36.31,28,37216,26.36,12,16.89
3519,65080,433985,50.82,48,220631,46.44,18,18.33
3520,48088,68847,39.99,16,27548,28.63,4,17.67
3521,39784,185766,81.63,16,151660,78.8,8,3.72
3522,28124,104096,56.8,27,59152,50.3,15,10.51
3523,7810,64258,83.39,13,53597,78.36,7,4.91
3524,301,20627,66.46,14,13714,39.39,5,2.68
3526,20786,67465,43.8,20,29564,27.77,5,17.94
3527,25084,44445,26.51,10,11794,20.06,5,26.37
3528,5575,66639,68.94,12,45950,62.53,5,12.2
3529,24230,74686,48.93,35,36556,30.93,13,8.96
3530,16048,77476,57.42,13,44497,53.68,8,23.28
3531,1827,61175,80.35,34,49169,60.79,15,4.92
3532,25156,387848,89.76,29,348219,87.58,14,5.36
3533,37204,112535,59.94,48,67474,43.66,19,11.83
3535,43279,79052,26.94,8,21306,24.28,5,39.18
3536,6380,52089,67.89,5,35374,65.11,3,11.35
3537,45227,56243,29.42,10,16556,23.54,5,38.78
3540,59747,84459,23.83,7,20134,21.9,4,34.81
3541,17916,56349,35.83,20,20202,24.83,11,18.79
3543,24385,110263,51.12,44,56387,35.85,17,10.31
3544,578,2444,0,0,0,0,0,40.71
3545,82090,222411,24.7,38,55002,18.62,13,39.98
3546,34671,61349,34.33,18,21068,23.07,7,27.72
3548,40479,67744,32.67,16,22143,24.8,7,33.32
3549,239,1481,0,0,0,0,0,29.8
3550,51772,107550,43.12,29,46398,34.07,14,25.33
3551,13302,62275,50.33,24,31360,34.23,8,27.23
3552,55137,97918,37.66,20,36899,32.42,12,31.2
3554,135,15858,87.29,1,13843,87.29,1,1.7
3555,4433,39999,80.47,9,32191,77.74,7,7.64
3556,64641,63703,16.52,5,10534,13.67,2,44.33
3557,20180,84315,60.55,19,51067,53.32,9,12.11
3558,12181,59061,51.04,10,30150,47.07,6,30.84
3560,194,20405,74.02,9,15107,59.92,4,1.64
3563,36853,63961,50.3,22,32176,39.13,8,24.61
3564,6391,59123,59.98,2,35463,59.98,2,19.07
3566,10580,419621,73.96,150,310433,60.69,57,1.15
3567,33711,33954,18.59,7,6322,7.93,2,34.74
3568,187,10063,72.35,5,7282,46.7,2,3.92
3570,2939,17097,53.99,4,9234,45.25,2,22.73
3571,416,3285,0,0,0,0,0,27.33
3572,330,11817,44.74,4,5290,29.87,2,4.69
3576,215156,1627795,38.86,186,632930,34.47,67,23.29
3577,4734,63966,66.58,25,42603,50.17,10,9.63
3579,6150,9580,74.14,3,7103,65.76,2,15.48
3580,41598,39471,12.14,6,4800,7.21,2,37.29
3581,7165,51006,59.32,15,30265,48.55,7,19.67
3583,29753,83859,61.78,26,51825,52.39,14,20.26
3584,21942,139767,25.43,29,35574,18.4,13,25.72
3585,14785,111679,39.86,13,44533,34.96,4,24.7
3586,88,2458,51.29,2,1261,0,0,7.36
3587,30049,71685,31.62,14,22679,21.81,5,36.74
3588,49398,61993,28.14,13,17459,18.57,5,33.85
3591,47130,145387,54.0,35,78541,48.54,21,18.91
3592,36819,75855,36.88,20,27987,24.83,5,32.26
3593,24750,60825,64.16,18,39038,50.01,4,9.43
3594,20274,95948,54.65,28,52459,42.16,10,17.59
3595,22790,40696,31.74,8,12923,28.88,6,26.28
3596,24189,220354,70.29,69,154931,58.74,29,12.03
3597,2202,39236,64.47,11,25300,56.92,7,10.47
3601,687,34887,52.62,9,18366,40.76,3,3.43
3603,686,24844,71.13,10,17676,64.91,7,4.75
3605,41789,176425,64.26,49,113395,58.73,35,16.42
3606,98,16847,77.4,11,13043,43.23,2,0.73
3607,47052,121662,32.89,35,40038,21.65,14,19.11
3609,7520,38419,51.05,17,19619,31.63,4,9.58
3610,1500,54015,79.65,4,43027,76.71,1,5.1
3611,4784,47555,58.19,13,27679,46.79,4,13.24
3613,1140,63436,66.67,28,42304,50.87,13,3.89
3615,43204,68467,30.45,11,20856,24.65,4,41.6
3616,3450,94650,43.02,36,40737,26.06,10,6.41
3617,7255,94766,66.32,37,62868,52.67,16,9.44
3619,164,7626,27.79,3,2120,15.73,1,4.99
3622,25036,151328,59.11,20,89489,55.03,10,17.12
3623,8354,29186,52.08,3,15202,48.24,1,23.5
3624,41278,117341,55.33,19,64956,48.38,7,28.42
3625,45305,114247,48.34,32,55247,37.21,11,18.92
3627,14081,30991,56.06,9,17376,50.03,5,11.97
3628,7490,45000,59.15,5,26624,56.02,3,16.73
3629,1732,32955,86.89,5,28637,84.01,3,3.04
3630,27854,204192,54.3,15,110935,51.09,5,20.03
3631,1716,81821,80.89,17,66198,73.84,7,3.82
3632,35107,40890,17.2,5,7039,15.58,4,45.91
3633,1879,34024,60.69,13,20656,46.15,5,9.81
3634,218,49600,82.97,13,41166,72.48,6,0.7
3635,397,5050,0,0,0,0,0,15.06
3636,502,6000,87.18,1,5231,87.18,1,4.38
3637,824,29749,77.46,6,23047,71.3,3,4.12
3642,18061,45869,63.39,18,29086,49.5,10,7.54
3643,403,47937,97.95,1,46958,97.95,1,1.03
3644,2029,83300,77.49,32,64563,69.57,20,3.28
3645,61617,136754,43.73,42,59821,36.87,25,27.74
3646,36478,39297,48.94,21,19240,19.97,5,8.67
3647,2943,2802,0,0,0,0,0,50.03
3649,275,10819,36.51,6,3952,0,0,4.85
3651,69,69565,95.9,12,66730,89.61,4,0.15
3652,3538,75098,72.23,13,54253,67.9,7,8.69
3653,34579,146733,71.52,44,104958,62.51,23,4.79
3656,3282,58249,77.46,6,45128,75.19,3,7.08
3659,652,54124,86.13,14,46628,80.36,8,2.06
3661,86257,86305,34.9,37,30137,11.92,7,23.36
3662,22521,183478,53.41,26,98021,48.89,11,17.55
3663,24173,108494,64.47,10,69968,62.82,7,21.09
3664,5775,75945,68.5,7,52032,66.73,4,7.26
3665,52933,199578,61.91,86,123615,44.8,34,8.95
3666,28632,138950,83.36,16,115850,80.15,9,6.11
3669,8051,92920,59.18,10,55006,54.68,3,17.59
3671,53,14500,87.86,7,12743,72.48,3,0.41
3672,21038,40790,55.91,20,22817,40.16,9,9.21
3673,84111,406664,41.75,68,169891,35.52,30,26.77
3674,405,17814,71.06,7,12661,65.86,5,5.17
3675,14358,53058,57.84,5,30698,55.16,2,22.64
3678,1010,26422,52.48,13,13871,35.88,5,6.73
3679,5043,63022,65.87,25,41523,54.01,13,11.88
3680,29279,96230,54.48,41,52448,40.13,20,22.39
3681,341,118704,95.08,6,112879,94.39,5,0.55
3684,6183,30310,59.41,9,18013,52.87,6,13.63
3685,13360,79574,60.64,29,48261,44.68,8,7.72
3686,62548,76495,21.18,13,16211,16.77,7,34.33
3687,36391,30124,37.33,6,11249,32.52,4,36.68
3688,3476,99176,67.87,11,67330,65.63,7,6.38
3689,33898,89527,26.55,24,23786,12.85,5,35.39
3690,1356,60356,89.17,6,53832,83.95,1,2.84
3691,13241,91883,59.16,16,54373,53.96,9,19.22
3693,26810,42991,44.82,10,19274,36.88,5,29.76
3694,14485,154891,58.03,18,89918,52.9,6,18.33
3701,49101,236669,72.9,22,172582,70.7,13,14.71
3702,97658,1751374,83.0,342,1453931,77.75,197,6.24
3703,34771,823216,72.13,104,593823,68.26,51,8.18
3704,41396,415445,66.27,84,275430,59.15,38,13.52
3705,26415,266423,69.04,71,183989,61.53,42,9.98
3706,189975,1327212,57.0,143,756778,53.88,79,21.14
3707,91235,400776,45.21,41,181281,42.47,24,31.5
3708,46395,94872,50.0,23,47456,40.64,8,23.81
3709,8489,145569,71.85,18,104610,67.09,7,9.17
3710,44702,287251,32.53,80,93508,22.06,27,15.84
3711,369772,4485374,86.27,791,3870570,81.02,420,5.87
3712,29296,246242,58.45,27,143958,55.67,17,18.35
3713,4181,88099,56.36,31,49669,43.9,11,7.85
3714,159997,737940,43.18,125,318763,37.58,57,24.87
3715,97433,283575,29.6,61,83972,21.24,23,42.17
3716,53682,150579,53.34,35,80356,43.89,13,22.0
3717,49806,211625,37.42,53,79224,27.49,19,22.72
4102,37649,42373,46.46,12,19693,33.64,4,14.73
4104,44429,188367,45.34,24,85453,40.06,8,25.07
4105,52193,248650,48.72,69,121201,38.82,32,17.5
4106,16195,100912,51.0,17,51482,46.32,8,21.06
4107,13567,69298,61.67,24,42752,51.85,14,12.51
4108,54783,198619,28.91,26,57449,23.57,7,23.0
4109,43706,118737,43.94,27,52197,36.17,11,17.39
4111,46449,59832,42.46,23,25412,32.93,14,16.71
4113,20176,231138,74.07,74,171252,62.6,32,4.81
4114,74664,550430,44.05,115,242606,37.43,51,13.83
4115,945,60000,75.91,16,45556,69.69,10,2.96
4116,4421,44566,54.95,3,24492,54.95,3,17.79
4117,6204,70824,54.67,25,38737,37.83,7,14.05
4118,202,29993,90.11,1,27027,90.11,1,1.25
4119,26915,119509,47.18,14,56393,44.57,9,17.78
4120,7482,86747,71.51,21,62052,63.87,12,8.65
4121,51587,83111,49.68,19,41311,44.45,12,23.54
4123,46619,769546,58.4,163,449537,51.72,81,11.91
4125,218,1934,0,0,0,0,0,29.72
4126,22557,72600,62.79,24,45592,54.79,15,15.56
4127,26458,45760,74.78,16,34226,65.48,9,7.49
4128,101492,588171,43.43,64,255519,39.57,25,15.93
4129,34171,96438,58.76,32,56686,48.04,13,11.03
4131,3510,39879,76.13,5,30367,72.24,2,5.51
4132,42834,187941,46.63,49,87674,38.33,23,11.76
4133,54306,60554,23.57,11,14280,18.53,5,39.88
4135,511,26465,65.43,14,17322,44.13,5,3.75
4136,95,36147,99.3,4,35897,97.87,3,0.34
4137,7532,82492,51.52,14,42520,44.64,5,15.67
4138,21177,39930,51.42,4,20535,51.42,4,25.43
4139,1157,45010,69.44,23,31264,48.02,9,3.11
4140,473,3039,0,0,0,0,0,30.87
4142,84217,429508,40.32,86,173323,33.03,36,21.49
4147,47414,273202,52.58,65,143710,44.59,30,13.35
4148,2268,67236,79.48,11,53442,78.07,9,5.64
4150,29265,147218,46.97,52,69177,32.42,15,7.99
4151,642,50026,78.35,13,39203,71.12,7,2.65
4153,5191,58668,76.66,15,44980,72.09,11,8.43
4154,882,38390,76.59,15,29409,67.1,8,2.77
4155,35401,144684,45.56,40,65950,34.86,15,16.7
4156,895,56540,71.87,14,40643,67.51,10,4.15
4157,31812,711834,59.25,118,421935,52.34,36,8.87
4160,34585,26690,29.63,3,7910,25.36,1,33.21
4161,5152,59808,45.19,25,27038,26.92,8,11.16
4162,47087,143678,45.42,23,65297,39.11,8,21.47
4163,24903,50680,70.3,23,35634,59.88,14,8.14
4164,19027,195311,51.17,55,99968,40.55,22,16.71
4166,3818,243035,82.52,25,200607,79.18,13,3.01
4167,55780,331554,45.88,79,152156,38.26,36,14.95
4168,50151,112521,27.28,25,30723,20.02,10,22.38
4169,4411,66432,54.08,22,35942,46.07,13,10.28
4170,6430,43771,58.46,15,25594,45.2,7,9.41
4171,38205,58057,32.72,10,19007,27.66,6,25.32
4172,24467,119576,39.06,25,46736,30.07,8,10.95
4173,30517,74574,43.63,5,32550,40.0,1,21.49
4174,42931,131580,40.95,30,53909,33.67,16,23.81
4175,11446,42323,56.05,7,23724,54.98,6,22.76
4177,2160,62805,59.03,17,37091,48.19,6,7.92
4178,4310,215875,77.78,45,167968,72.42,26,3.74
4181,1737,2128,0,0,0,0,0,59.35
4183,1185,23800,62.61,13,14907,43.23,5,8.76
4184,644,39183,92.03,1,36064,92.03,1,1.69
4186,4695,90000,45.98,36,41404,26.0,9,10.06
4188,4845,63333,54.4,12,34460,47.92,4,12.32
4190,16612,61450,66.67,12,40974,62.96,9,15.63
4191,2532,100170,63.05,31,63165,48.78,9,5.6
4192,4627,35164,68.27,3,24010,66.6,2,13.59
4193,5426,67616,49.22,25,33296,33.69,6,3.85
4194,3299,145974,76.72,24,112001,73.12,14,5.21
4195,28560,80000,38.69,24,30964,28.67,12,16.07
4197,2256,30181,65.9,21,19893,40.26,7,5.32
4198,2658,24108,81.65,4,19687,77.59,3,6.15
4205,11050,97649,66.37,33,64842,58.94,21,14.61
4207,8512,198538,73.28,53,145513,63.71,22,5.23
4303,36130,94605,21.67,14,20522,13.8,2,36.16
4304,3564,61038,81.88,15,49988,74.64,7,3.98
4305,1695,55014,84.73,26,46626,74.81,19,4.31
4306,90092,676757,58.14,115,393596,52.31,45,10.06
4401,12673,122692,62.2,50,76339,46.87,23,8.86
4402,41542,67992,65.99,15,44881,60.9,9,7.86
4404,7872,112265,35.76,25,40167,26.93,7,14.68
4406,1538,51912,76.34,20,39638,60.9,7,3.48
4408,4013,67628,35.74,14,24185,30.37,8,12.66
4413,1655,31315,69.31,15,21709,52.61,6,4.41
4414,22777,263796,64.24,47,169492,56.87,17,9.14
4415,4359,43577,85.04,11,37066,76.68,5,6.77
4416,2540,73586,70.79,35,52100,57.44,19,6.24
4417,8339,83971,46.0,19,38655,38.34,8,16.62
4419,5186,169163,96.83,7,163832,95.07,3,0.67
4420,8052,40455,60.13,9,24333,54.11,4,22.9
4424,2553,59853,66.58,16,39856,62.31,11,5.5
4426,9585,172677,61.9,33,106928,54.18,12,10.3
4427,966,212542,87.52,55,186041,78.71,24,0.93
4430,8669,56274,64.1,21,36075,53.29,11,16.07
4431,2096,36536,69.95,5,25562,63.25,1,11.11
4432,4930,50589,55.37,12,28020,45.45,4,11.86
4433,10208,61300,57.09,11,35011,52.24,6,16.93
4438,4585,113425,65.42,38,74217,50.12,10,7.24
4439,1336,38215,78.28,14,29923,69.42,9,5.03
4440,3878,67598,56.81,45,38423,27.25,11,12.53
4441,2439,68176,70.5,25,48081,58.7,13,4.93
4442,974,32856,75.96,19,24964,45.0,5,4.49
4502,3850,57470,70.15,15,40329,56.32,3,5.82
4503,7644,78313,62.8,10,49201,59.8,6,15.07
4506,11134,177012,80.68,29,142863,74.14,11,8.12
4510,60877,108978,36.28,18,39563,29.65,6,35.83
4513,44384,143762,57.48,16,82653,53.36,5,15.76
4523,35892,64949,59.92,18,38935,52.0,9,13.23
4526,60788,254826,49.17,60,125331,41.81,32,24.71
4527,4432,76152,67.39,26,51327,61.83,18,9.95
4528,13470,84166,62.31,12,52461,58.69,7,19.1
4529,8803,84549,58.8,14,49728,54.0,6,12.04
4530,7315,35795,72.93,6,26113,64.46,1,5.8
4532,20121,494895,70.13,94,347135,64.63,53,8.26
4533,68546,178434,36.86,24,65803,32.29,10,31.85
4534,20084,86789,40.09,22,34812,29.58,7,21.22
4535,7136,75662,77.44,21,58612,69.69,12,4.7
4536,7114,90820,57.22,43,51987,38.34,15,11.89
4537,2266,78840,82.02,16,64679,77.0,10,4.48
4538,1655,59470,80.57,15,47929,71.74,7,3.78
4540,41015,115187,32.52,22,37486,26.83,12,40.17
4541,43370,67647,42.04,23,28446,30.4,10,26.79
4542,6399,35782,50.01,21,17901,20.72,5,20.58
4543,22251,59772,46.23,13,27635,42.0,9,23.78
4544,1570,60290,67.5,20,40700,49.87,2,1.87
4545,22107,77000,72.64,8,55944,69.22,4,9.4
4546,968,33775,70.58,15,23846,60.44,10,4.51
4547,302,23349,84.76,7,19792,72.34,2,2.65
4549,7327,57002,62.53,14,35648,58.74,10,16.48
4550,3178,37839,55.98,11,21191,49.16,7,14.88
4551,5880,115222,79.38,33,91485,70.87,17,6.11
4552,28608,116000,49.58,20,57529,43.28,7,11.96
4553,458,33020,87.0,14,28732,77.11,8,2.28
4554,2387,26327,52.18,7,13739,50.62,6,14.57
4555,4087,69988,69.88,13,48923,65.67,8,10.03
4556,3368,42303,75.13,11,31788,70.77,9,10.25
4557,27733,47972,43.79,23,21015,26.89,9,12.06
4558,1590,50000,72.82,32,36421,52.17,14,6.24
4559,673,60000,87.86,17,52728,79.9,10,2.08
4560,2510,68097,85.67,11,58351,83.83,9,3.58
4561,8951,58522,58.35,12,34159,52.18,7,24.53
4562,11962,87546,52.1,12,45623,49.88,9,28.2
4563,17691,54950,54.26,11,29826,49.6,7,21.21
4564,48872,232788,40.25,51,93738,33.42,25,21.38
4565,1440,61740,79.87,24,49322,66.0,12,2.41
4566,25621,110389,54.34,24,60007,49.5,15,23.98
4568,1605,32045,68.39,8,21920,61.96,4,7.36
4569,1962,30600,66.16,11,20253,52.36,5,7.45
4570,205,44000,95.04,16,41827,87.74,12,0.59
4571,6672,53017,66.22,21,35121,55.65,11,15.99
4572,3469,40019,64.18,11,25684,61.89,9,9.3
4573,9774,45697,40.98,15,18735,28.74,6,20.58
4575,751,38668,69.09,17,26723,53.85,8,3.17
4576,24741,119802,66.47,32,79672,58.64,18,18.08
4577,7004,49138,61.36,10,30158,55.74,5,22.24
4578,691,20300,97.0,3,19693,92.28,2,1.48
4580,5072,46803,49.44,18,23148,35.73,10,18.48
4581,1673,33899,62.76,15,21279,46.16,8,8.71
4582,2639,75480,54.97,25,41508,43.94,11,7.26
4583,7329,80171,86.05,9,69004,82.14,4,4.85
4584,1071,30002,80.08,13,24029,69.25,9,4.34
4585,18753,105777,75.85,3,80246,75.3,2,16.34
4587,955,33000,88.23,5,29117,88.23,5,3.04
4588,5205,42985,50.29,15,21627,37.42,8,21.16
4589,629,26039,70.33,12,18319,45.23,1,3.98
4590,10096,54838,49.43,20,27118,35.04,9,15.75
4609,1747,47947,76.2,24,36546,64.57,15,3.91
4702,14138,72333,51.56,10,37302,46.49,2,22.85
4703,9143,65750,26.18,7,17229,22.63,3,26.93
4706,2128,79030,82.59,15,65289,77.2,8,2.46
4707,28448,403715,71.75,58,289763,67.38,30,8.57
4711,7503,61056,60.65,11,37044,53.42,4,15.58
4712,3611,18423,45.99,2,8473,43.69,1,17.19
4714,53444,221838,29.21,36,64803,22.31,11,22.45
4716,43806,94427,34.8,23,32874,27.23,12,23.18
4717,999,155,0,0,0,0,0,99.99
4720,13661,114516,38.35,25,43945,33.29,14,24.68
4721,57495,74986,33.38,14,25036,29.39,8,38.8
4722,14535,104223,58.99,42,61495,45.19,19,11.76
4724,3053,95976,59.49,28,57112,46.38,8,7.41
4726,12755,207042,58.02,41,120154,50.29,14,12.4
4727,349,7278,18.79,3,1368,0,0,8.58
4728,16721,54463,84.47,36,46020,65.91,19,2.28
4729,7371,79227,49.93,11,39579,44.59,5,18.68
4730,1062,27868,69.86,13,19471,57.91,7,4.77
4732,1561,49654,66.88,30,33214,46.87,13,6.33
4734,371,10237,14.95,2,1532,0,0,6.16
4735,37668,41569,53.37,15,22189,42.94,8,19.63
4736,13682,95374,50.68,17,48355,44.59,8,22.32
4737,10968,77403,62.39,26,48297,49.19,9,5.88
4738,3448,77596,58.61,7,45492,54.05,1,10.85
4739,56737,124702,39.37,27,49125,30.08,8,28.56
4741,12979,34812,48.07,10,16741,40.07,5,15.71
4743,80607,480533,45.98,74,221034,41.12,32,17.23
4744,33363,56948,51.71,25,29460,35.5,11,11.89
4745,3163,66221,61.75,24,40909,52.96,14,7.89
4746,43793,120256,42.09,38,50645,32.59,19,21.51
4747O,2106,45461,66.4,23,30196,50.56,11,6.24
4749,61051,94733,32.48,23,30787,23.77,9,32.83
4752,1063,84219,89.77,6,75611,87.17,2,3.03
4754,23005,30283,36.69,6,11112,28.46,3,24.36
4755,8664,100706,68.75,15,69247,64.95,9,11.94
4758,396,29217,92.13,6,26925,84.79,2,1.23
4760,11184,32146,36.7,7,11802,34.99,6,24.67
4762,139,20720,99.67,8,20653,97.29,7,0.25
4763,54648,989147,60.42,115,597778,56.25,48,10.96
4764,8560,85542,74.96,26,64131,67.8,15,10.48
4765,908,32133,55.3,16,17775,39.21,6,5.98
4766,10796,120571,69.89,28,84293,62.96,14,9.04
4767,911,31415,62.74,11,19714,46.85,5,4.81
4768,15756,47488,35.19,17,16722,19.49,4,29.19
4770,9595,79976,63.35,23,50680,59.7,18,14.09
4771,3939,58787,59.94,24,35253,45.03,9,8.9
4772,32964,147682,49.24,27,72740,41.77,9,24.17
4773,228,72709,94.99,14,69091,92.29,11,0.25
4801,784,47201,98.7,2,46594,97.82,1,0.23
4802,296,18854,87.92,2,16579,85.36,1,2.38
4803,5711,59069,57.43,8,33936,55.13,6,14.77
4804,30102,71992,62.0,11,44648,54.88,3,10.09
4806,15672,99947,89.07,10,89033,85.88,4,2.08
4807,14424,48996,67.37,15,33015,63.32,12,8.97
4903,46396,105344,42.4,12,44682,37.73,3,31.09
4904,86770,3607705,93.45,383,3372101,90.69,230,2.59
4905,1994,29260,81.64,18,23893,63.73,10,5.64
4906,91976,451846,28.04,90,126784,21.07,39,30.3
4907,2817,118146,85.43,9,100957,83.76,6,3.37
4908,34207,78217,53.05,21,41506,42.29,10,26.94
4909,63498,93357,26.67,14,24914,23.47,8,41.11
4911,3522,68817,58.16,20,40039,48.05,9,7.87
4912,25828,66993,52.59,25,35247,38.44,8,14.1
4913,475,9667,25.75,3,2490,0,0,11.98
4914,226,10000,77.04,5,7705,61.66,2,4.01
4915,33552,471881,59.63,121,281472,51.26,62,15.67
4916,76286,124083,24.58,17,30526,20.05,8,45.86
4919,71818,452398,62.48,43,282745,59.09,20,23.33
4920,107,41779,93.69,6,39149,86.74,1,0.35
4922,4558,44957,25.44,12,11446,11.8,2,17.24
4923,30571,37416,38.11,15,14265,23.32,6,19.76
4924,1457,37164,70.86,19,26343,50.84,8,6.04
4925,5206,70746,49.79,32,35237,31.57,10,12.41
4927,59933,264938,26.37,68,69906,15.85,22,26.61
4929,384,234,0,0,0,0,0,38.45
4930,33665,80000,63.64,13,50929,58.71,7,17.9
4931,60517,65566,34.73,20,22788,21.82,7,40.98
4932,310,2017,0,0,0,0,0,39.94
4933,5693,82676,63.84,12,52797,59.74,6,12.56
4934,70542,225000,34.87,23,78527,30.18,7,23.74
4935,7898,128864,62.49,25,80557,57.73,15,13.39
4938,146860,2682044,79.44,398,2130956,75.08,216,9.45
4939,61440,98201,42.72,26,41981,33.61,11,30.8
4942,6662,142368,62.39,40,88838,54.24,21,10.57
4943,21980,126694,64.03,26,81136,53.41,6,14.25
4946,8303,8853,42.58,1,3770,42.58,1,35.69
4949,10847,67908,52.99,28,35994,41.29,13,20.82
4950,6666,57729,73.03,5,42180,68.13,1,6.03
4951,11134,34149,20.17,8,6890,4.48,1,32.93
4952,14856,108816,52.52,9,57175,48.71,3,25.36
4953,34381,73147,47.15,18,34505,37.88,7,23.47
4956,42836,100408,38.92,18,39096,35.06,11,34.16
4958,221038,1117534,70.78,216,791100,65.14,118,16.6
4960,89888,571705,62.57,90,357860,57.09,43,15.29
4961,41171,121254,45.97,32,55758,35.89,13,27.92
4963,445,75455,83.64,9,63121,82.03,7,1.43
4966,31887,78958,31.9,24,25199,17.61,7,30.32
4967,67915,98566,20.65,21,20361,12.56,7,50.12
4968,56744,92210,16.11,14,14878,8.85,3,46.6
4969,11532,190978,55.64,56,106296,44.91,23,6.88
4971,37608,47186,44.24,22,20888,21.98,3,29.33
4972,15452,56889,49.89,21,28392,36.73,10,24.29
4973,50659,65293,23.31,13,15231,15.37,4,44.33
4974,43044,72500,41.01,5,29743,39.73,3,29.69
4975,1024,326577,96.31,11,314557,95.92,8,0.73
4976,44701,141218,30.73,18,43424,25.12,6,34.87
4977,48690,82690,21.08,16,17455,10.06,2,48.89
4978,67,5000,82.32,1,4116,82.32,1,2.2
4979,83776,142871,45.58,51,65159,28.8,15,32.27
4980,2364,45204,58.12,14,26282,50.4,7,10.9
4989,51359,172776,18.38,22,31781,12.91,7,46.59
4990,3281,102713,53.4,32,54862,43.96,17,7.93
4991,57572,121355,51.84,32,62937,43.01,16,26.11
4992,1033,210050,82.09,38,172475,76.9,22,1.01
4994,2150,66383,86.19,30,57234,78.98,22,3.17
4995,5047,42592,67.39,22,28711,52.1,11,7.98
4996,784,99070,77.8,37,77094,65.91,19,0.92
4997,271,14665,42.96,8,6303,17.41,2,3.49
4999,46560,74417,41.27,25,30729,27.29,10,25.98
5006,14017,96946,10.27,8,9961,7.85,3,21.3
5007,4900,294940,87.69,44,258719,84.3,27,1.96
5009,80885,602471,49.87,104,300568,44.63,50,17.85
5011,33762,100674,49.21,32,49562,39.62,15,14.91
5013,9009,133416,87.46,45,116714,80.96,32,2.35
5014,52441,183265,37.66,50,69069,26.83,19,19.86
5015,26609,60639,52.02,19,31556,42.19,9,19.88
5016,2651,49622,65.97,15,32745,59.95,10,9.82
5017,6859,319,0,0,0,0,0,82.11
5201,13547,38675,57.86,19,22383,38.37,8,10.15
5202,43876,89094,53.02,12,47247,48.68,7,17.52
5203,31906,79343,44.4,18,35242,34.82,6,18.64
5204,1374,6275,18.86,1,1184,18.86,1,20.63
5205,1728,13500,74.44,2,10051,71.26,1,7.9
5206,3643,171518,85.65,33,146933,80.74,17,3.04
5207,2908,15834,38.6,8,6114,14.82,2,12.0
5209,4201,29187,54.78,4,15990,52.77,3,18.64
5210,39204,82178,47.62,19,39148,39.83,8,12.38
5211,7587,32025,47.96,12,15361,40.88,7,23.71
5212,9990,34633,79.6,16,27571,66.95,9,6.2
5213,21204,721334,86.27,82,622430,84.15,56,4.49
5215,5384,64338,53.33,22,34321,42.71,11,15.98
5216,401,17847,82.4,11,14710,57.64,4,2.85
5220,7645,39667,44.63,20,17710,19.62,5,16.67
5221,347,5573,11.3,1,630,0,0,15.82
5222,33170,91125,32.07,24,29237,22.39,10,27.2
5223,2747,44550,62.33,12,27780,54.29,7,13.21
5225,8420,79136,45.68,12,36167,39.3,4,20.59
5226,400,23300,52.74,11,12293,31.51,3,4.34
5227,58943,96000,29.01,25,27860,18.01,7,27.61
5228,3573,38056,55.38,13,21081,44.94,6,16.22
5229,129,58238,96.62,13,56285,89.67,6,0.41
5230,29683,56304,25.98,18,14635,10.27,4,30.65
5233,2998,277249,85.35,23,236705,82.42,10,2.36
5234,11524,102716,65.39,20,67177,58.51,8,10.09
5236,6802,60004,61.79,5,37084,60.89,4,15.49
5238,691,67296,83.48,15,56187,78.62,9,2.2
5239,601,24700,30.08,8,7434,16.98,3,5.26
5240,523,26582,53.83,16,14312,30.32,5,2.73
5242,1115,124895,72.3,45,90323,58.6,18,1.89
5243,30127,168529,57.87,30,97569,50.44,12,20.3
5244,9599,68242,47.25,31,32265,28.78,11,18.46
5245,3862,45127,57.82,18,26102,40.67,7,16.36
5246,8601,44974,34.71,11,15616,26.94,4,27.5
5247,510,75000,75.94,12,56961,68.74,5,1.45
5248,1869,24500,58.92,5,14440,56.84,4,14.88
5250,209,39107,97.08,1,37967,97.08,1,1.0
5251,35364,33733,33.45,4,11293,29.21,2,39.27
5253,224,40943,81.05,20,33194,58.2,5,0.96
5254,696,22607,75.68,8,17112,70.33,6,5.01
5256,1874,71602,69.01,24,49433,61.23,15,4.55
5257,809,132750,79.64,27,105735,73.71,13,1.25
5258,25438,110365,51.19,38,56528,37.52,14,16.0
5259,2363,43563,82.07,8,35760,74.45,3,5.69
5262,8071,52699,55.98,25,29511,31.97,5,6.47
5263,26888,78937,55.45,34,43786,41.63,15,11.96
5265,123,1207,0,0,0,0,0,22.11
5267,1283,25300,62.14,13,15723,46.59,5,8.35
5269,34237,74156,59.99,13,44496,54.56,6,22.54
5271,8338,63472,28.83,12,18312,20.52,4,23.76
5272,45809,55276,23.16,14,12809,10.26,3,36.38
5274,50744,37803,32.66,12,12354,21.92,4,12.99
5275,144,10264,30.86,6,3169,0,0,2.11
5276,940,39500,88.33,6,34896,85.29,4,4.16
5278,4242,300000,82.9,70,248769,77.81,45,2.6
5282,278,25006,85.81,10,21463,59.25,1,0.6
5283,27519,87601,60.92,22,53379,53.91,13,19.63
5284,9126,52893,57.17,13,30250,50.01,7,17.89
5285,12369,102041,63.49,35,64816,51.83,18,19.01
5286,910,14745,79.97,6,11795,69.95,4,4.81
5287,9942,60311,58.37,22,35217,46.23,10,21.75
5288,2907,69699,69.29,15,48307,59.82,4,6.89
5289,72788,96415,32.61,28,31467,20.38,9,30.75
5291,5407,41891,44.0,22,18443,18.68,4,20.78
5292,7490,46319,54.63,18,25316,42.32,9,15.41
5294,60,82,0,0,0,0,0,86.86
5295,157,29140,85.65,15,24968,70.39,8,0.75
5296,469,21595,35.92,7,7760,27.24,4,5.13
5297,8815,37652,18.94,9,7135,10.37,3,35.98
5299,17089,51164,51.03,10,26119,44.74,5,27.04
5301,3955,65890,80.71,11,53186,73.93,4,4.9
5302,12972,159888,51.03,22,81620,45.18,6,17.26
5304,32306,326962,88.1,23,288108,86.33,13,6.18
5306,12039,126001,69.65,23,87784,64.41,11,12.12
5307,35123,423075,41.18,93,174298,32.19,31,16.03
5309,71202,231684,34.58,36,80154,28.57,13,34.2
5310,7128,28944,56.95,15,16492,36.66,5,6.36
5312,5877,60060,55.73,17,33481,50.64,13,13.63
5314,54394,292000,40.81,40,119252,36.63,19,29.1
5315,51104,106352,30.78,27,32758,21.18,11,22.31
5321,7616,59543,60.56,22,36071,47.31,8,9.85
5324,21043,226379,80.62,48,182539,74.17,24,4.73
5325,20386,55462,33.47,8,18575,27.53,3,38.09
5328,78398,172711,39.76,18,68698,35.46,6,41.16
5336,2955,2217,0,0,0,0,0,68.84
5340,26988,194894,60.85,34,118625,52.68,7,21.21
5344,6718,79447,75.59,7,60065,73.54,4,10.67
5345,6331,37795,78.88,2,29814,78.88,2,7.19
5346,263451,1366161,37.68,303,515084,28.18,90,20.13
5347,124838,1878340,83.29,247,1564632,79.69,140,8.93
5348,1825,14776,53.12,5,7851,40.79,2,9.4
5351,108877,328815,44.05,63,144904,36.97,27,26.89
5353,6403,75765,55.41,30,41997,37.82,10,13.36
5355,32471,166123,70.52,44,117189,63.46,26,7.09
5356,53272,103040,44.03,23,45383,39.57,16,22.32
5364,7316,63850,70.28,14,44884,61.31,3,5.8
5371O,105396,390981,43.48,58,170125,38.59,27,32.92
5372,5387,48614,23.67,13,11509,12.51,4,24.39
5376,3801,33700,33.74,8,11373,28.33,4,17.23
5381,27592,207691,55.92,32,116177,48.26,9,18.19
5385,8309,11156,23.88,2,2665,18.19,1,43.87
5386,30199,54121,35.67,7,19310,32.37,4,36.31
5387,141624,45000,91.32,2,41102,90.18,1,7.18
5388,37631,304343,47.07,99,143315,36.77,48,22.41
5392,65975,176562,38.12,24,67343,32.57,8,32.11
5395,2241,1759,0,0,0,0,0,41.07
5398,41652,49465,57.72,19,28567,44.19,9,7.77
5403,9499,78176,47.13,34,36870,31.23,13,19.14
5410,56862,93500,34.71,20,32470,26.95,9,28.24
5414,5072,68584,59.72,20,40970,48.11,7,10.25
5425,106023,263485,37.14,46,97923,30.11,21,39.97
5426,35680,143800,55.75,22,80187,52.77,16,21.59
5432,5546,20688,54.1,4,11196,51.4,3,28.5
5434,32464,194008,54.69,75,106140,38.36,26,14.42
5438,37904,112537,75.2,10,84641,74.38,8,9.95
5439,34684,92977,39.89,31,37115,26.32,13,29.97
5442,4828,64815,20.65,12,13391,14.61,5,16.16
5443,65852,164747,41.0,25,67570,35.07,7,35.67
5450,11678,122403,81.35,11,99586,79.37,7,5.49
5452,69273,148764,41.82,20,62235,37.76,9,29.56
5455,3421,65502,93.99,25,61570,89.0,20,1.54
5457,17284,196429,51.63,30,101446,47.26,16,17.43
5460,31559,58778,56.87,30,33440,37.19,12,15.5
5464,4475,76021,71.61,29,54453,57.85,13,7.36
5465,7785,147683,72.24,17,106705,68.79,8,11.02
5467,1834,85548,86.4,11,73931,82.8,6,2.83
5468,5922,58923,66.38,13,39115,60.54,8,13.45
5469,36846,486166,72.54,79,352775,67.2,39,12.12
5471,68848,167877,27.27,36,45811,19.18,14,38.97
5473,2483,3035,0,0,0,0,0,78.12
5474,7919,39757,56.66,8,22534,48.5,4,26.58
5475,56962,127127,28.78,20,36599,23.2,8,40.76
5478,41240,156074,79.16,29,123588,72.91,16,9.63
5481,42180,71403,65.06,23,46469,54.79,11,7.91
5483,155129,641222,58.07,153,372451,51.21,81,23.42
5484,33872,66801,37.89,11,25324,34.01,7,37.39
5487,7124,24223,71.33,15,17284,47.8,7,7.31
5488,41284,91586,46.03,31,42174,34.1,13,17.01
5489,3172,102706,85.34,14,87667,82.62,8,4.14
5490,69557,96152,35.54,25,34194,27.87,12,23.28
5492,1371,71414,98.66,1,70463,98.66,1,1.03
5493,5549,43689,44.76,18,19567,24.91,4,19.26
5497,4831,65286,26.21,14,17126,15.59,4,16.88
5498,69921,193549,34.97,25,67698,29.95,10,37.92
5501,6087,21200,28.1,4,5959,24.3,3,20.12
5505,5920,138832,65.64,47,91168,50.93,15,7.0
5506,7576,152545,66.77,34,101885,58.45,12,6.12
5508,18408,217428,69.0,20,150078,65.86,8,14.42
5511,6038,136000,67.95,42,92437,58.67,21,7.34
5512,78323,766312,61.68,157,472804,54.85,72,9.03
5514,10355,236118,92.47,51,218368,87.56,32,1.18
5515,11422,201600,71.56,59,144315,63.51,31,7.59
5516,1778,51545,70.81,15,36514,60.51,7,4.53
5519,18260,230157,57.74,45,132939,51.16,20,14.65
5520,1223,59975,83.75,23,50242,73.58,12,2.25
5521,63116,492280,59.5,102,292986,52.72,46,9.95
5522,17808,781596,88.66,60,693099,86.09,29,4.2
5523,2566,155001,92.43,31,143304,89.17,23,1.38
5524,3909,58667,30.78,22,18074,11.6,4,16.07
5525,4813,318105,88.41,69,281312,84.16,49,2.09
5529,11403,105769,73.21,19,77463,67.78,10,4.64
5530,11825,420084,83.0,51,348775,79.29,25,4.46
5531,14827,977589,85.94,82,840294,83.41,41,3.14
5532,820,17804,31.03,8,5527,5.88,1,4.85
5533,5578,285245,80.82,79,230597,70.9,33,3.4
5534,22930,315326,68.81,83,217042,59.67,41,11.73
5536,31567,124081,56.54,60,70196,36.26,19,12.9
5538,1298,201203,93.92,22,189007,92.41,17,0.95
5541,86,26427,82.05,10,21689,76.05,7,0.26
5543,1075,46704,72.27,28,33760,48.11,10,2.72
5546,1341,82353,84.59,18,69675,77.74,9,2.49
5547,1358,45288,65.82,13,29820,54.69,6,5.03
5548,2368,58529,65.43,18,38304,58.67,12,6.17
5601,865,64800,79.75,44,51690,47.23,11,1.14
5603,30035,104877,54.18,21,56841,49.82,13,18.71
5604,10941,108783,67.18,46,73088,52.82,21,6.96
5607,17167,370553,76.66,59,284133,70.88,24,6.09
5608,92725,389276,29.22,56,113822,22.89,17,31.56
5609,37901,142884,52.58,46,75159,46.23,31,23.09
5701,51736,143000,54.02,20,77282,49.08,8,16.52
5702,1936,5282,0,0,0,0,0,45.98
5703,1944,70240,88.29,25,62024,83.83,19,3.39
5704,3409,58862,83.91,23,49396,79.45,19,6.96
5706,28320,83768,38.51,13,32273,34.28,6,31.47
5810,48631,916440,72.89,99,668217,69.0,39,7.69
5859,3590,1450278,96.81,47,1404378,96.13,31,0.51
5863,27104,320202,81.43,44,260830,77.07,23,5.18
5864,15124,504490,68.06,114,343439,60.19,52,5.19
5871,111369,1711421,70.71,361,1210256,64.88,202,10.21
5871A,8144,150000,68.75,46,103136,59.71,25,5.07
5876,51611,4910219,88.18,819,4330820,82.63,373,1.27
5878,1792,25024,72.36,13,18111,54.25,6,11.65
5880,408601,15680937,74.65,1769,11709670,70.76,727,4.66
5901,5002,22907,77.87,2,17837,77.87,2,8.64
5902,2581,94500,85.28,16,80600,81.37,10,3.57
5903,17421,223220,91.42,26,204109,88.19,16,5.41
5904,97525,1064438,80.55,188,857658,76.55,115,10.44
5905,45793,281623,46.67,42,131489,40.56,15,16.26
5906,964,35741,86.27,9,30838,82.48,7,1.87
5907,5510,195531,69.56,30,136048,64.5,13,6.63
6005,115995,2170908,70.03,282,1520876,66.31,151,8.73
6015,73019,403665,49.65,90,200452,42.05,40,12.0
6016,77280,772420,56.24,131,434591,50.63,58,9.68
6020,1890,252353,96.9,10,244560,96.25,8,0.8
6021,4151,312231,90.45,47,282494,86.48,27,1.55
6023,15556,367973,84.87,19,312387,83.18,8,4.74
6024,16957,249938,69.47,29,173654,64.91,10,10.69
6026,44032,396162,50.31,92,199415,41.06,35,10.68
6027,821,155720,95.68,10,149019,93.76,6,0.44
6028,1598,25000,64.68,12,16175,50.64,5,8.16
6035,2285,71460,93.89,20,67109,83.85,9,2.17
6101,3433,116602,88.17,40,102811,78.15,24,4.12
6103,3114,13605,91.26,5,12416,83.83,3,4.39
6104,55875,91129,20.21,17,18430,12.34,6,41.8
6107,5293,87438,40.95,17,35825,34.69,8,13.79
6108,54110,154494,56.28,41,86970,49.81,24,13.35
6109,34310,87825,49.32,32,43332,36.41,16,12.02
6110,2629,29362,18.42,7,5412,7.18,2,14.21
6111,45778,108514,45.53,24,49426,40.85,16,24.17
6112,33482,188357,58.72,13,110646,56.23,6,20.33
6113,8252,52549,53.29,8,28009,52.17,7,20.81
6114,5407,43912,72.79,8,31970,65.48,3,9.1
6115,14284,187662,60.73,30,114024,56.11,17,16.72
6116,368416,2858655,43.26,193,1237334,40.87,79,25.66
6117,14081,92587,54.59,14,50558,50.29,8,24.63
6118,8958,90890,56.66,16,51522,51.7,9,19.16
6120,59781,599000,59.93,80,359124,55.21,32,12.57
6121,19108,184971,67.3,82,124519,49.9,31,10.74
6122,35501,78092,30.75,18,24031,22.24,9,27.67
6123,10366,62089,43.27,20,26876,33.39,9,20.81
6124,8958,182480,93.72,18,171070,92.31,14,4.34
6125,91687,259011,35.33,32,91558,30.26,13,35.59
6126,70684,130219,36.42,21,47451,32.24,13,31.77
6127,73699,108080,23.37,17,25281,19.28,10,47.64
6128,7512,127589,59.99,27,76574,54.56,16,11.41
6129,70031,180944,17.22,16,31203,14.05,6,36.73
6130,29452,46300,62.3,16,28858,45.77,6,7.63
6131,5935,34793,41.19,9,14337,29.63,3,17.01
6132,4749,63791,35.49,25,22649,15.67,5,15.88
6133,22290,117006,47.31,19,55385,43.89,13,23.71
6134,17796,81882,54.88,18,44955,47.2,7,18.67
6135,7555,76189,38.45,12,29300,34.27,6,13.33
6136,45129,115536,46.77,33,54072,35.65,13,19.2
6137,11235,101358,38.79,29,39333,26.67,9,15.26
6138,30697,75634,47.43,24,35881,33.95,8,23.06
6139,50138,235576,64.81,73,152745,52.83,29,15.28
6140,9741,54898,45.5,16,24992,34.47,7,26.4
6141,16916,113354,51.62,36,58534,42.0,21,16.93
6142,48847,330779,58.79,53,194545,51.46,14,10.47
6143,55712,86059,26.68,17,22972,17.65,4,42.76
6144,1473,38274,89.54,3,34272,89.54,3,5.29
6146,20743,101867,54.81,29,55856,41.73,9,14.58
6147,155591,744578,64.48,136,480249,59.54,77,21.71
6148,27807,46604,36.06,8,16813,33.68,6,33.92
6149,3070,31880,39.03,7,12445,35.09,5,15.81
6150,40056,48346,16.57,7,8021,12.01,3,44.57
6151,19101,55257,36.63,19,20249,22.49,7,22.6
6152,41006,167738,24.74,31,41524,15.91,9,25.84
6153,80367,636178,46.93,99,298712,41.2,36,17.59
6154,10696,80080,63.34,21,50741,54.44,10,16.22
6155,16047,88024,52.8,20,46488,48.78,14,28.52
6156,38148,107875,40.22,23,43406,32.69,10,22.28
6158,36361,55698,43.05,16,23987,33.91,9,21.35
6160,45141,68489,38.76,16,26556,29.99,7,25.42
6161,23084,56237,41.21,7,23183,35.28,1,24.72
6162,3799,79759,52.0,24,41487,43.9,13,10.11
6163,46557,148839,44.25,35,65881,35.93,15,24.42
6164,46428,80000,23.21,17,18590,14.94,6,31.28
6165,41401,77753,50.04,27,38920,37.92,13,13.0
6166,14804,218107,75.69,57,165121,67.42,30,8.5
6167,28717,146000,43.16,32,63063,36.56,17,18.43
6168,35153,205762,47.32,25,97401,43.74,13,27.06
6169,40834,23395,30.99,4,7253,26.44,2,29.85
6170,33336,97260,57.9,20,56320,54.11,14,17.36
6171,2354,100000,87.52,23,87544,79.37,11,2.91
6172,1899,30000,91.42,9,27428,85.37,7,5.51
6173,58277,171200,63.08,29,108042,57.12,12,24.89
6174,9742,50000,63.16,14,31585,56.73,8,19.55
6175,22601,150122,61.65,24,92591,56.08,10,24.99
6176,62148,348770,43.91,101,153194,33.59,43,26.79
6177,20311,471891,76.23,126,359792,67.54,65,6.36
6179,49526,178412,41.84,50,74683,31.63,21,17.69
6180,57341,175494,50.91,33,89379,46.19,20,27.72
6181,3940,45627,12.14,6,5545,7.17,2,16.56
6182,236042,637463,27.45,86,175144,23.8,50,44.66
6183,37203,150000,77.45,32,116188,71.06,17,5.64
6184,7668,162128,72.15,29,117003,67.84,18,8.77
6185,46707,149868,50.62,45,75894,37.82,15,14.44
6186,58733,194908,51.8,32,101024,47.26,17,14.69
6187,49448,98263,55.23,48,54297,34.62,16,14.96
6188,68520,278359,42.68,40,118854,36.66,13,30.83
6189,63829,263955,35.2,70,92956,24.37,29,27.4
6190,59896,195848,36.55,45,71637,27.6,17,36.01
6191,81497,499303,57.78,55,288541,52.77,18,22.51
6192,8186,96156,56.22,37,54076,45.52,20,12.65
6193,8872,177807,61.37,38,109153,56.67,25,9.87
6194,4863,48000,56.55,19,27149,39.42,7,14.68
6195,11164,50193,53.24,7,26729,52.4,6,25.15
6196,33051,220330,71.59,46,157766,66.28,26,12.2
6197,50286,125981,44.52,25,56122,37.62,10,30.61
6198,6525,171400,94.57,8,162120,93.57,5,1.47
6199,1937,61760,81.84,21,50558,78.12,17,4.23
6201,5948,89200,69.11,21,61661,61.43,11,11.88
6202,57152,230388,41.01,43,94511,34.09,19,28.57
6203,10088,82401,59.22,16,48809,52.21,6,22.52
6204,22561,23102,29.71,3,6867,25.64,2,43.42
6205,12682,82236,45.82,25,37696,40.75,17,26.5
6206,16637,143062,55.06,43,78802,45.71,22,18.31
6207,67137,93326,20.88,18,19499,11.65,5,55.88
6208,12338,94462,65.27,43,61677,52.03,23,17.4
6209,60478,182163,38.84,45,70784,30.84,24,34.33
6210,3077,35048,54.11,16,18970,36.44,7,16.81
6212,971,102000,91.81,27,93666,86.12,18,0.99
6213,63629,363617,68.94,76,250732,62.64,42,15.06
6214,49021,272243,64.39,66,175349,56.35,33,15.91
6215,56363,82790,32.4,14,26841,26.4,6,42.48
6216,32462,97417,38.83,25,37845,29.96,10,24.65
6217,82876,117210,27.14,29,31839,16.69,11,45.91
6218,28311,64262,48.85,19,31408,37.3,7,25.29
6219,5811,124967,69.92,21,87396,67.35,15,7.24
6220,34559,146463,63.54,53,93095,53.41,28,9.91
6221,32086,168612,74.51,20,125662,72.41,14,7.09
6222,1831,95689,90.08,10,86216,84.51,2,2.11
6223,73414,97981,49.89,34,48897,38.47,14,11.8
6224,42692,85645,39.78,27,34100,25.66,9,24.53
6225,5519,27800,71.28,7,19820,62.15,2,7.71
6226,51144,115535,28.73,21,33222,24.39,12,34.7
6227,7472,76112,71.78,7,54642,67.6,1,13.55
6228,1862,26000,80.44,5,20917,75.5,3,8.06
6229,30506,40361,35.09,5,14164,32.8,4,24.79
6230,7482,86343,87.81,3,75819,87.81,3,7.13
6231,25517,45652,32.77,11,14968,25.27,5,33.58
6232,36873,451254,18.76,60,84733,13.44,18,18.31
6233,62084,80972,28.42,17,23032,19.7,6,35.35
6234,30907,100386,53.96,18,54191,50.21,13,23.02
6235,61418,199906,40.37,23,80726,35.41,7,28.88
6236,912,41654,92.72,4,38629,87.98,1,1.69
6237,72401,79645,18.69,11,14888,12.7,4,43.6
6239,187615,759147,61.61,166,467837,55.56,91,22.37
6240,1033,22867,84.89,10,19420,70.93,5,4.35
6241,5058,45534,56.69,6,25818,52.92,3,12.68
6242,3132,31806,63.69,7,20261,55.47,3,13.62
6243,59599,45269,20.71,6,9381,17.67,3,47.86
6244,94516,387042,32.88,70,127320,27.18,31,29.73
6245,19697,146608,45.67,27,66992,40.07,13,21.6
6246,32804,37851,62.99,7,23847,53.99,1,13.14
6248,32438,99956,48.95,24,48947,43.66,15,17.02
6249,207,2867,14.82,1,425,0,0,16.21
6250,1161,18249,70.88,2,12937,67.95,1,6.96
6253,452,5879,0,0,0,0,0,15.2
6254,518,30882,49.51,13,15294,36.43,6,3.4
6256,456,1833,0,0,0,0,0,52.39
6257,118110,483912,47.49,140,229910,38.35,67,25.39
6259,9840,28056,42.82,3,12017,41.09,2,25.56
6261,55065,128498,39.52,29,50810,30.7,12,31.07
6262,1343,20451,28.67,5,5866,16.81,1,16.09
6263,11262,62501,44.05,8,27539,40.96,4,26.63
6264,4155,136355,71.74,28,97856,67.4,18,5.51
6265,36222,118172,50.63,24,59846,45.27,13,22.67
6266,45812,153872,38.77,37,59676,30.96,18,19.4
6269,78341,323831,34.95,71,113244,27.62,31,29.89
6270,33933,72146,40.96,16,29563,36.56,10,29.17
6271,67307,209058,48.1,61,100580,39.03,31,30.54
6272,4896,81764,51.26,33,41930,36.12,14,12.49
6274,109887,299463,64.52,95,193275,53.58,47,16.83
6275,36843,80345,29.53,16,23740,23.41,7,35.44
6276,29837,22043,51.0,3,11245,48.86,2,26.91
6277,9921,119471,57.62,43,68851,44.7,18,16.23
6278,43254,292398,63.0,92,184284,51.73,43,20.05
6279,19514,119016,48.99,40,58325,38.9,21,22.4
6280,172,65492,99.95,1,65460,99.95,1,0.04
6281,10326,99173,56.28,37,55832,43.58,16,19.12
6282,163671,856101,41.67,112,356806,37.73,57,30.86
6283,15266,148981,63.19,22,94163,57.63,7,13.75
6284,53615,148980,49.1,17,73179,44.94,6,28.78
6285,91427,483441,63.36,108,306439,56.83,57,20.39
6287,4210,121451,94.0,7,114178,93.08,5,2.42
6289,10246,524,0,0,0,0,0,54.73
6290,60855,169654,37.27,48,63262,26.65,21,37.09
6291,9916,42000,62.85,5,26398,62.85,5,15.56
6292,7069,46601,46.84,8,21835,39.72,3,27.49
6294,12181,26047,37.28,4,9711,33.46,2,31.26
6295,348,1888,22.33,1,422,0,0,21.02
6299,123,25576,98.35,1,25154,98.35,1,0.71
6402,2013,58218,64.01,24,37276,48.9,10,4.06
6403,2578,15332,41.54,1,6369,41.54,1,13.4
6404,9031,24358,67.09,5,16343,63.48,4,9.82
6405,6612,65800,52.81,24,34765,37.86,8,18.54
6406,1073,35647,58.18,5,20744,53.35,2,8.78
6407,5896,75130,37.32,18,28051,30.11,9,18.44
6409,16863,88254,66.52,38,58735,52.76,18,9.99
6411,56288,99514,34.73,32,34584,21.85,11,29.17
6412,23730,400769,78.45,49,314476,74.67,24,9.86
6414,20064,157148,63.56,56,99920,50.94,23,12.26
6415,26039,390084,79.39,161,309796,65.09,67,4.97
6416,22479,73348,47.89,17,35140,36.98,4,18.67
6417,1532,42274,67.83,20,28686,54.41,11,4.8
6418,2316,34522,57.44,10,19836,52.67,7,12.16
6419,27150,13159,40.51,4,5333,32.17,2,25.66
6423,3341,31016,40.03,12,12421,22.59,4,16.45
6425,9149,51382,42.66,14,21933,34.24,7,30.32
6426,19065,38509,44.11,8,16991,38.42,4,25.77
6428,1101,17682,91.64,3,16205,89.36,2,3.42
6429,269,9258,38.12,5,3530,11.88,1,6.83
6431,17671,97399,70.48,20,68665,65.49,11,4.08
6432,36383,40152,31.05,11,12476,16.62,3,37.53
6434,9027,463602,85.19,21,395090,83.73,11,4.81
6435,10410,37461,51.57,4,19323,48.32,2,25.63
6437,403,32300,65.0,19,21003,40.87,7,3.09
6438,46270,82206,32.71,20,26905,21.8,8,35.0
6441,34966,53318,45.19,6,24100,41.86,2,23.61
6442,69096,81818,55.82,34,45686,36.72,10,21.93
6443,158782,512797,17.21,45,88351,14.54,20,47.0
6446,54921,422443,57.67,158,243647,43.96,65,9.36
6449,31216,91886,73.62,26,67669,64.94,12,12.61
6451,31618,117719,68.27,19,80387,62.16,7,19.93
6452,11642,100131,39.19,24,39268,30.47,9,23.78
6453,621,3516,0,0,0,0,0,38.12
6455,563,37095,68.48,16,25409,51.48,8,2.48
6456,35244,337940,50.91,50,172086,46.96,28,21.52
6458,2714,26789,65.25,6,17483,63.74,5,6.17
6461,22979,178352,63.68,32,113619,54.75,7,8.32
6462,46881,91251,30.11,18,27492,21.53,5,37.23
6464,2132,128782,85.87,42,110610,77.85,26,1.83
6465,3263,59074,66.21,12,39121,58.26,5,8.42
6467,4248,52409,35.79,17,18766,21.88,4,15.04
6468,162,12074,98.62,1,11909,98.62,1,0.94
6469,29776,159108,47.89,32,76228,40.91,14,23.87
6470,27257,37694,41.23,2,15543,40.01,1,32.39
6471,359,851,0,0,0,0,0,61.54
6472,31195,128022,57.45,37,73574,45.72,12,22.49
6473,9770,60000,77.34,26,46419,64.2,15,2.86
6474,1623,52526,67.2,29,35308,44.6,10,4.67
6475,928,34784,73.13,12,25443,56.66,1,4.68
6477,30240,124053,42.4,23,52628,37.65,13,29.32
6479,876,57300,86.79,9,49743,79.32,3,2.03
6481,107,27204,96.01,6,26122,91.6,4,0.8
6482,2066,28634,67.6,8,19358,65.78,7,11.32
6483,17039,66808,43.71,34,29217,18.76,7,5.7
6485,41119,47366,25.57,10,12121,19.1,5,33.79
6486,30316,50893,43.1,5,21938,40.45,3,28.1
6488,101791,478114,78.45,105,375138,70.46,46,9.16
6489,278,28470,62.98,18,17933,36.92,7,1.79
6490,425,38754,70.62,10,27375,64.16,6,2.75
6491,9807,78000,63.91,24,49868,52.36,9,12.26
6492,47437,114904,39.2,25,45070,34.02,16,20.42
6493,1074,30050,80.37,9,24152,80.37,9,6.36
6494,38353,31560,16.63,8,5253,5.22,1,35.39
6495,12153,172031,52.59,39,90506,43.12,13,7.57
6496,10193,47290,65.96,9,31199,62.53,7,19.59
6497,1557,189955,97.19,5,184632,96.46,2,1.68
6498,6655,47476,69.31,19,32914,55.58,8,10.89
6499,7810,96945,41.6,14,40347,34.97,3,14.96
6502,134,8719,90.96,1,7931,90.96,1,0.83
6503,77,12012,80.41,3,9660,80.41,3,1.52
6504,5131,72600,70.65,23,51308,64.46,15,12.15
6505,96612,9525960,95.58,186,9107537,95.1,103,1.71
6506,4320,82361,60.88,39,50156,45.3,17,8.57
6508,15129,86539,61.92,16,53589,59.74,13,21.85
6509,56172,197434,36.92,49,72926,28.25,23,27.72
6510,17947,32929,54.28,9,17878,49.81,6,11.42
6511,642,60000,72.03,24,43229,57.36,9,2.89
6512,6659,25260,36.04,10,9112,17.69,3,20.12
6515,46321,36466,51.9,18,18933,35.88,8,11.43
6516,3706,56337,52.71,14,29705,43.18,5,11.16
6517,22194,30579,21.54,5,6591,17.96,3,40.44
6518,521,33333,84.46,12,28159,74.1,7,2.35
6523,6122,45048,63.08,8,28418,61.69,7,20.31
6525,13493,129047,67.55,25,87205,58.97,7,13.9
6526,20460,167506,78.98,17,132311,76.24,9,9.03
6527,2148,25459,44.15,7,11241,33.32,2,9.36
6529,399,12699,71.81,7,9121,41.45,1,5.3
6530,35030,33750,15.5,5,5236,8.93,2,44.56
6531,46204,163180,64.56,61,105383,53.83,31,12.0
6532,29991,37445,32.86,14,12314,18.46,4,32.29
6533,34594,50651,20.81,7,10546,16.1,3,45.33
6534,1932,102800,83.81,32,86187,76.77,20,2.99
6535,10788,167841,64.34,37,108030,55.85,14,9.47
6536,1198,26324,74.27,9,19555,58.26,2,4.2
6538,37221,39647,48.68,21,19308,24.16,6,18.54
6539,1009,24349,85.23,10,20757,75.51,6,3.84
6540,131,220435,99.05,3,218375,98.57,1,0.11
6541,12027,265216,71.26,44,189025,65.63,18,7.04
6542,886,42001,84.71,14,35590,77.61,10,2.6
6543,12315,61855,66.95,29,41419,50.33,12,1.93
6545,1238,22080,44.15,7,9751,37.79,5,13.39
6546,12582,66848,40.06,13,26797,29.91,1,26.51
6547,49926,336473,36.61,67,123234,29.42,25,17.69
6548,29146,950465,87.64,93,833198,85.2,57,5.44
6549,25496,80122,31.28,28,25076,16.14,6,11.2
6550,25731,894793,76.73,78,686697,73.4,29,6.27
6551,1188,71785,83.69,11,60095,79.32,6,3.11
6552,7686,83000,58.37,7,48457,55.76,3,18.43
6555,4570,119230,69.51,17,82907,64.58,7,8.8
6556,1421,28750,77.45,12,22275,63.63,6,7.79
6558,47069,93789,41.84,11,39259,38.61,6,31.4
6559,1903,23189,52.92,11,12276,31.62,3,16.87
6560,3347,32475,40.51,7,13161,32.29,3,18.39
6561,7145,77958,73.02,12,56943,70.19,8,8.74
6562,11455,118190,52.76,10,62365,50.33,6,15.65
6563,1125,29743,31.53,11,9383,10.33,1,7.44
6564,3687,72134,64.92,11,46850,59.58,6,10.89
6565,1201,27144,39.98,9,10855,28.73,5,8.81
6566,663,32152,84.51,6,27176,79.36,3,3.43
6567,630,102850,88.54,30,91083,80.22,15,1.26
6568,24753,30800,41.93,8,12918,29.94,1,22.93
6569,4208,42821,68.06,9,29150,60.79,3,12.82
6570,8008,37119,45.98,16,17074,29.78,5,22.42
6572,4283,103650,69.16,16,71711,64.94,9,9.65
6573,5964,80499,64.16,15,51673,59.24,8,16.27
6574,2893,21990,79.57,8,17500,75.44,6,8.72
6575,6887,135270,54.4,18,73629,51.06,10,8.89
6576,30280,157579,67.54,37,106451,60.45,20,6.54
6577,3754,60060,74.0,7,44453,68.34,2,10.43
6578,18738,71942,63.95,20,46021,55.86,10,9.69
6579,7790,169451,84.24,15,142766,82.48,10,6.6
6580,3873,112120,57.81,42,64837,44.55,20,8.05
6581,2302,111271,90.05,18,100220,86.88,11,2.85
6582,9173,106174,74.26,12,78861,71.21,8,11.45
6583,317,15947,82.44,9,13150,53.46,2,2.81
6584,12996,71382,74.54,26,53221,62.71,11,11.74
6585,4362,72473,77.2,11,55962,72.44,5,9.45
6586,29360,214010,62.26,35,133279,56.11,13,8.2
6588,39061,34701,22.66,5,7869,18.13,3,35.14
6589,22882,307076,58.21,59,178832,50.72,23,13.92
6590,2244,24952,57.01,13,14232,29.33,3,13.14
6591,44584,41122,25.61,8,10542,20.08,4,31.42
6592,25139,641845,79.97,62,513385,76.2,26,6.74
6592A,3607,50000,85.41,15,42707,75.84,6,6.69
6592B,5137,50000,81.31,17,40666,67.19,8,6.94
6593,34605,31857,46.14,14,14706,29.83,6,29.26
6595,8954,49858,80.57,25,40180,57.3,6,1.35
6596,17220,38000,26.84,6,10204,22.73,3,40.71
6597,940,30042,81.02,7,24347,72.45,3,4.75
6598,37054,102819,52.33,38,53824,37.25,12,11.2
6599,291,21000,76.44,4,16057,71.03,2,1.9
6601,361,44695,86.87,5,38836,84.46,3,1.53
6602,404,1236,0,0,0,0,0,64.82
6603,24170,167443,54.45,61,91213,40.26,23,13.22
6604,885,43731,84.59,10,36996,78.6,5,3.56
6605,15773,165816,67.09,41,111291,58.86,20,12.05
6606,9559,110304,70.6,41,77896,60.88,25,6.48
6607,68,9346,81.0,5,7571,76.22,4,1.21
6608,313,60000,96.78,8,58073,93.72,6,0.98
6609,9543,72456,57.86,7,41929,55.76,4,20.85
6610,3286,205579,82.23,11,169099,80.35,5,3.5
6611,459,1467,91.68,1,1345,91.68,1,8.3
6612,2756,47515,64.74,20,30772,44.59,6,9.01
6613,10136,77801,59.45,7,46256,55.52,1,16.89
6614,4001,80661,74.23,6,59886,73.65,5,9.58
6615,5206,21593,51.51,12,11128,35.88,5,22.68
6616,1562,35428,61.93,10,21950,53.92,6,7.81
6617,6998,127506,67.7,27,86351,59.79,11,9.21
6618,37121,104816,31.38,30,32904,22.01,12,13.69
6620,20098,169982,59.11,44,100510,48.28,13,9.29
6621,32192,35501,36.81,10,13078,23.52,3,17.47
6622,923,35301,65.29,14,23055,53.33,8,4.36
6624,847,22579,74.14,8,16745,59.54,3,4.74
6625,10464,57972,49.58,15,28752,44.07,10,21.92
6626,424,8936,77.35,4,6913,59.56,1,5.62
6627,267,28352,77.55,16,21990,65.81,10,1.55
6629,952,38380,84.01,10,32250,79.95,7,3.07
6633,1367,11129,95.66,1,10646,95.66,1,3.98
6634,2213,71289,66.23,25,47227,51.26,9,6.12
6637,3380,26810,59.22,9,15881,53.8,7,20.21
6638,1138,30000,70.45,7,21141,56.74,1,6.81
6639,906,57645,71.89,18,41445,60.31,8,3.38
6640,13909,28912,65.67,3,18991,63.77,2,17.63
6641,1996,36500,60.24,16,21994,49.83,9,9.58
6642,3263,37400,58.6,12,21924,46.24,5,13.5
6643,22687,42090,35.29,5,14858,33.83,4,36.52
6645,6617,60864,43.65,24,26581,26.16,7,10.96
6648,9228,50000,64.82,21,32423,49.42,9,6.58
6649,18430,42000,52.34,18,21997,32.85,5,7.52
6650,486,31090,80.17,17,24927,61.87,8,2.3
6651,3542,34602,50.78,17,17576,32.47,5,13.36
6652,1689,137000,79.07,38,108355,69.5,16,2.81
6653,282,6000,95.45,1,5727,95.45,1,1.16
6654,3430,40963,79.27,12,32479,71.17,6,3.9
6655,969,80572,86.15,24,69439,76.46,12,1.18
6656,66,12228,90.33,4,11047,82.4,3,0.71
6657,15559,88808,34.86,25,30978,22.1,7,15.73
6658,10942,36370,42.84,12,15591,31.32,5,21.26
6659,1021,85883,81.89,24,70361,72.15,10,2.22
6661,1294,23304,65.99,6,15381,61.8,4,9.37
6662,4683,25612,47.65,10,12207,40.16,7,7.96
6664,17212,61151,55.07,24,33692,36.54,11,24.17
6665,1828,45350,65.83,8,29857,59.37,4,8.35
6666,2210,47388,78.82,9,37357,77.96,8,7.15
6667,13090,49279,49.48,9,24389,43.57,5,28.95
6668,13722,107116,54.48,13,58378,51.5,8,20.1
6669,85514,187453,65.17,53,122190,53.3,16,7.35
6670,6117,139387,79.24,67,110490,65.55,36,4.93
6671,1387,60750,75.17,36,45680,58.05,18,4.43
6672,55049,82299,31.12,24,25627,21.16,11,42.64
6673,3119,26660,30.57,4,8156,25.42,2,28.19
6674,1791,68551,84.27,9,57774,81.38,6,5.34
6676,4387,169685,61.62,43,104621,55.22,25,5.98
6677,1913,56039,63.98,13,35861,57.04,6,7.21
6679,6421,54975,55.44,17,30488,45.73,9,13.75
6680,921,23954,72.69,10,17416,64.58,7,4.57
6682,11266,152106,53.06,25,80741,47.74,12,13.71
6683,30223,27557,21.94,6,6049,11.24,1,29.3
6684,23897,44559,36.36,6,16206,31.51,2,34.4
6688,197,19000,73.88,12,14039,49.8,5,1.74
6689,9902,68000,48.17,24,32768,35.61,11,25.09
6690,5215,30000,59.88,3,17965,59.88,3,20.95
6691,17305,121487,68.08,44,82735,55.18,19,10.94
6692,2126,58844,71.69,16,42198,61.85,6,5.41
6693,6238,45720,42.01,12,19215,31.39,4,17.65
6695,22595,107000,49.56,17,53048,45.32,10,21.55
6696O,14899,82920,38.02,27,31549,26.07,10,18.15
6697,2181,27323,66.79,6,18252,61.11,3,13.84
6698,35836,66390,38.26,14,25417,31.08,6,25.37
6699,762,48819,85.49,16,41744,75.24,9,1.78
6701,758,365682,97.98,3,358306,97.98,3,0.34
6702,11481,758660,79.7,98,604792,75.43,45,2.87
6703,23325,36257,51.23,13,18585,38.72,6,20.58
6704,3561,95949,40.01,33,38411,26.75,9,8.53
6705,670,18005,73.53,10,13242,54.99,4,5.26
6706,48411,78549,27.34,22,21493,15.4,6,37.63
6707,1456,59003,80.07,15,47251,71.73,7,4.86
6708,2293,29009,52.06,12,15108,42.81,7,12.81
6709,1950,69380,64.22,22,44569,53.07,8,6.0
6712,29214,101764,40.71,24,41455,31.97,9,19.99
6713,885,29477,60.25,15,17768,37.76,4,7.02
6715,5233,68274,79.52,23,54306,67.9,10,6.9
6716,3012,30242,37.48,12,11342,22.92,4,13.14
6717,427,24937,75.04,13,18714,56.28,6,3.44
6719,27078,105521,48.31,12,51003,43.05,4,27.29
6720,1362,30226,58.14,20,17582,25.5,5,6.09
6721,1621,24500,50.55,9,12388,37.77,3,9.53
6722,2550,88400,76.79,16,67896,74.1,12,5.52
6723,1230,30039,58.68,12,17634,42.18,4,7.21
6724,1841,7100,62.32,2,4425,62.32,2,16.12
6725,6460,37130,64.52,10,23965,58.66,7,18.46
6727,40716,26884,24.69,10,6644,6.89,1,28.24
6728,2921,30120,63.32,9,19077,59.01,7,13.52
6729,1521,27661,47.89,11,13252,31.18,4,9.61
6730,1005,36316,74.29,20,26980,60.57,12,4.26
6731,186,54554,99.44,1,54249,99.44,1,0.44
6732,9579,48913,49.5,4,24213,46.31,1,26.92
6733,7371,134316,48.7,26,65425,40.25,7,11.78
6734,2130,40623,59.42,15,24144,46.05,5,9.56
6735,5245,46182,48.61,16,22455,35.59,6,17.53
6736,850,2596,93.39,1,2424,93.39,1,3.5
6737,1378,60050,80.78,23,48511,74.71,19,4.64
6738,542,36714,67.12,24,24654,46.66,12,2.34
6739,11124,23392,57.42,9,13434,48.11,5,20.07
6741,6878,120578,70.04,39,84469,58.74,17,9.5
6742,41274,71268,34.99,20,24950,25.94,9,27.16
6743,9293,150000,63.08,28,94640,57.08,14,11.83
6744,421,15400,65.84,7,10141,52.96,3,4.47
6748,7004,71683,35.16,20,25223,26.73,10,15.16
6750,1839,44707,59.03,22,26395,40.28,8,7.84
6751,2423,22200,64.54,4,14331,56.93,1,16.35
6752,3701,37144,47.73,19,17735,21.07,4,11.63
6753,16164,117300,60.68,26,71207,53.26,13,17.56
6754,2201,66000,83.1,9,54851,81.35,7,5.18
6755,1245,39823,53.73,16,21402,40.99,7,6.0
6756,8350,69990,62.43,8,43708,58.08,2,17.11
6757,135514,459530,75.46,30,346890,73.34,13,12.55
6758,244,13471,81.83,3,11025,74.89,1,2.69
6761,12981,34956,39.16,9,13694,29.93,3,29.1
6762,915,36930,77.6,18,28664,61.86,9,3.12
6763,18236,184039,61.27,20,112797,57.3,9,18.73
6764,255,38203,98.27,2,37543,98.27,2,0.6
6767,1468,39184,59.25,10,23223,51.86,4,7.41
6768,7100,200095,80.99,32,162118,75.95,16,6.24
6770,686260,4715360,45.95,532,2167417,41.57,191,24.98
6771,1786,31180,42.44,17,13240,18.13,4,10.89
6775,4223,109500,62.47,24,68427,57.01,15,7.43
6776,7555,91581,66.68,14,61090,61.35,6,15.44
6780,238,16470,83.3,12,13723,53.25,4,1.53
6781,27816,85419,69.11,6,59048,67.77,4,15.59
6782,6567,63000,50.05,23,31547,33.48,7,10.06
6784,904,19077,51.19,9,9768,30.34,3,8.82
6785,4462,66800,60.4,18,40367,54.6,12,9.38
6786,17382,30838,9.04,5,2790,0,0,27.91
6787,19755,81007,24.29,23,19691,9.73,4,20.49
6788,27832,38740,24.41,10,9467,14.22,3,39.76
6789,53756,318299,72.91,25,232125,68.68,5,14.1
6790,11108,267129,78.87,26,210747,75.32,10,7.88
6791,1976,20847,74.24,9,15483,56.02,3,11.57
6792,4007,47875,53.89,7,25808,48.08,3,15.51
6793,23766,75600,38.83,27,29371,22.4,7,11.6
6794,1135,63637,78.8,22,50165,66.06,10,3.03
6796,3036,40234,48.45,14,19496,33.96,4,12.23
6797,26759,30732,48.6,12,14943,29.99,4,18.67
6798,5904,19572,70.92,9,13885,55.68,4,1.91
6799,30129,43652,32.1,9,14018,21.07,2,31.73
6803,14735,72794,56.28,5,40974,54.28,2,24.62
6804,2220,47500,62.87,22,29875,47.17,11,7.58
6805,18565,68554,63.25,23,43372,53.12,12,8.19
6806,30976,274643,59.93,15,164626,58.14,5,17.68
6807,979,54000,81.42,15,43976,73.55,8,2.6
6808,2213,77840,54.08,19,42118,42.85,5,5.94
6810,25168,49448,35.36,14,17488,21.39,3,10.22
6811,5308,41449,65.45,3,27135,61.99,1,13.98
6812,7286,30603,41.02,11,12558,26.33,3,15.89
6813,633,23388,62.5,10,14623,48.86,5,6.95
6814,725,41874,82.81,14,34682,73.55,8,3.28
6815,8334,39706,67.2,21,26690,49.84,11,6.38
6816,432,12180,70.99,3,8648,61.98,1,5.21
6817,1096,18417,54.89,1,10110,54.89,1,10.18
6818,1399,25503,66.52,6,16968,55.93,2,10.28
6819,1344,33974,56.25,13,19118,44.88,7,7.36
6820,1517,22253,73.6,5,16380,73.6,5,7.84
6821,4001,35767,50.37,13,18022,39.22,7,19.19
6823,2499,30534,55.39,6,16918,51.25,4,12.64
6825,585,33651,73.37,11,24692,61.71,5,3.06
6826,7031,85540,74.75,17,63959,68.07,9,7.82
6827,1466,79294,62.62,26,49675,49.26,10,3.73
6829,10263,59169,67.79,6,40122,63.0,1,15.0
6830,25974,54726,32.58,20,17836,17.72,6,35.95
6831,10593,67500,59.37,32,40088,37.96,9,10.81
6832,3578,26411,86.1,3,22742,82.84,1,4.18
6833,879,49977,84.96,8,42471,79.9,4,3.28
6834,11883,88471,56.72,29,50203,44.95,13,20.85
6835,2120,66172,78.76,27,52126,68.83,15,5.96
6837,1001,32824,59.15,18,19423,41.11,9,6.89
6838,6808,150977,61.45,27,92802,55.36,11,9.3
6839,911,82020,80.44,29,65994,74.13,20,1.8
6840,2007,31181,52.72,12,16447,38.25,5,9.25
6841,12110,95223,47.13,28,44895,37.03,13,23.13
6842,2171,23130,40.22,8,9309,24.83,3,16.51
6843,1221,33304,76.72,16,25557,55.87,7,6.73
6844,3344,37428,63.45,10,23752,55.96,5,7.83
6846,1477,27066,66.78,7,18078,64.19,6,8.52
6847,624,14230,55.89,8,7956,19.67,2,7.99
6848,502,14273,52.95,8,7560,29.84,2,5.01
6849,6103,41918,49.25,12,20658,40.07,6,19.0
6850,930,33089,60.48,18,20017,41.06,8,4.42
6854,6047,117679,65.46,33,77047,54.65,13,9.24
6855,1995,23250,61.33,13,14264,41.79,6,5.76
6856,944,28200,83.57,8,23571,74.28,4,4.73
6857,416,15226,94.62,1,14408,94.62,1,2.1
6858,339,27220,89.89,9,24470,82.2,5,2.32
6859,2492,41589,64.46,15,26816,55.9,9,8.66
6861,12319,41599,53.39,4,22214,51.23,2,20.29
6862,6426,50000,69.78,7,34896,68.84,6,16.01
6863,4440,74888,75.6,10,56627,72.27,6,8.14
6864,4180,37875,37.11,19,14065,12.23,3,7.15
6865,1396,15841,50.66,7,8028,36.24,3,12.48
6867,823,24500,86.35,7,21160,78.62,4,4.42
6868,491,25043,55.35,14,13868,27.27,3,3.05
6869,20949,137830,55.18,40,76083,45.75,20,21.53
6870,2508,28579,75.51,14,21587,56.7,5,6.46
6872,2508,70751,58.06,28,41096,43.48,11,7.35
6873,11786,142649,61.37,42,87571,53.71,23,13.21
6874,2810,22000,53.6,9,11796,39.58,4,18.29
6875,4750,129183,60.74,35,78502,52.59,18,7.33
6876,20213,70696,31.61,24,22364,17.94,7,7.71
6877,3247,46967,74.3,27,34906,54.62,13,8.23
6878,1112,72641,88.92,14,64609,84.68,9,2.73
6879,351,26459,89.17,8,23597,80.25,4,1.58
6881,964,15000,57.92,4,8691,49.96,2,5.47
6882,824,23199,59.04,14,13702,31.49,4,7.33
6883,689,76274,87.72,28,66908,80.38,18,1.76
6884,1316,18390,73.01,3,13428,69.21,2,8.77
6885,22483,133099,36.58,40,48720,22.44,10,14.03
6886,14414,31810,90.03,5,28642,84.94,3,1.78
6887,873,74206,91.8,20,68138,82.02,8,1.68
6890,7220,250297,92.83,21,232378,91.96,17,3.36
6891,5812,200642,77.14,30,154838,73.87,19,6.16
6892,2545,94015,57.7,43,54261,36.89,12,5.63
6894,2683,23808,61.05,11,14537,55.11,8,10.15
6895,2954,34100,61.23,9,20882,51.15,4,12.3
6898,1576,29016,59.19,10,17179,45.84,2,9.2
6899,2014,42398,80.05,19,33945,61.25,7,7.71
6901,23698,853950,82.85,47,707655,80.71,17,4.92
6902,6820,35550,70.59,15,25102,59.18,8,5.33
6903,9639,66676,68.08,16,45402,65.51,13,15.67
6904,598,18500,79.9,8,14783,64.36,2,3.06
6906,3332,33537,57.83,13,19401,47.73,7,15.9
6907,6667,62562,65.63,7,41066,62.26,3,14.04
6908,1179,37180,86.39,2,32122,86.39,2,4.57
6909,12778,67488,38.2,25,25796,20.98,8,23.06
6910,1591,30521,56.96,8,17388,49.46,4,9.87
6911,944,22000,61.87,11,13617,44.33,5,6.75
6912,1997,144000,77.14,28,111102,69.44,9,3.05
6913,3442,43849,58.06,19,25471,42.27,9,9.44
6914,4505,66226,72.13,17,47779,67.03,11,9.35
6915,1121,35300,88.44,11,31221,84.8,9,5.29
6916,2074,67500,78.98,18,53326,72.7,12,5.61
6917,2371,55272,44.78,23,24761,29.12,9,9.33
6918,2027,34571,50.15,18,17344,27.97,5,9.95
6919,60205,1557559,74.92,350,1167191,67.89,175,6.51
6920,12238,207219,63.95,36,132572,58.06,16,11.27
6921,880,32062,78.02,11,25019,75.17,9,5.1
6922,3182,27155,62.9,9,17082,56.68,6,11.93
6923,3532,90439,69.68,37,63041,54.73,16,6.44
6924,565,20624,80.24,5,16552,73.08,3,4.09
6925,2982,20000,60.48,9,12100,41.69,2,21.55
6926,697,49800,80.71,25,40201,60.92,9,2.57
6927,1298,38279,68.02,14,26043,52.86,5,6.56
6928,4388,86000,79.69,11,68544,76.07,6,9.35
6929,1551,45090,89.57,6,40392,86.91,4,4.84
6931,3345,66152,69.38,39,45907,49.77,18,7.61
6932,5180,432596,80.56,79,348550,74.68,37,2.82
6933,4691,42488,60.93,6,25890,60.93,6,14.59
6934,1626,36130,66.1,15,23888,55.15,10,7.08
6935,573,37410,82.36,13,30813,72.81,7,2.7
6936,3794,72804,76.2,20,55485,64.78,9,8.2
6937,8466,67655,63.01,24,42644,54.25,14,14.35
6938,658,12570,67.47,6,8482,54.14,3,5.98
6939,647,35399,64.35,12,22784,56.09,8,3.19
6940,9213,320513,54.7,109,175403,39.8,33,6.82
6944,16163,76688,50.88,33,39042,34.93,12,13.26
6945,5613,97564,62.36,26,60876,52.34,11,9.92
6946,1900,323800,93.91,34,304137,90.84,18,1.09
6947,5752,106126,70.02,31,74323,59.46,14,9.33
6949,2357,65580,74.15,31,48647,60.78,16,3.36
6950,141,172926,96.63,22,167159,92.22,9,0.06
6951,4492,46000,66.23,4,30471,63.9,2,10.74
6952,2452,68345,86.83,18,59352,79.9,13,5.38
6953,3098,30015,63.56,6,19079,56.2,3,12.04
6955,516,24801,60.3,11,14955,49.64,6,2.41
6957,1837,55736,73.3,27,40861,54.37,11,4.39
6958,3415,401289,94.15,28,377923,93.02,21,1.35
6958A,1356,40000,83.86,7,33545,83.86,7,6.03
6959,4006,39167,40.8,12,15986,33.17,7,15.67
6961,3813,26834,44.42,6,11925,33.34,1,17.35
6962,32246,492397,53.14,82,261714,46.49,30,13.92
6963,209,15972,87.84,3,14031,85.24,2,1.44
6965,2367,156336,92.41,19,144485,90.93,15,2.41
6967,1286,24904,75.65,15,18844,47.92,4,8.52
6968,3526,49447,57.84,17,28607,44.18,7,10.23
6969,1750,43857,54.01,15,23702,40.67,6,8.56
6971,1591,38668,73.78,16,28538,61.37,8,8.13
6972,362,22935,83.82,9,19226,63.73,1,2.5
6973,861,40803,67.44,20,27528,41.45,4,4.09
6976,5969,582867,80.48,108,469173,73.69,43,2.49
6977,1776,14000,42.01,9,5882,15.91,2,13.83
6979,428,12000,59.53,4,7145,39.6,1,4.24
6980,2317,30000,77.66,6,23301,72.41,4,9.77
6982,2770,40752,65.14,15,26554,53.49,7,12.61
6983,3442,18020,43.49,9,7840,16.01,2,17.42
6984,344,19239,56.62,14,10896,27.71,4,2.46
6986,1968,52134,49.14,20,25626,36.43,9,6.8
6987,1185,224468,90.17,34,202432,86.54,21,1.1
6988,452,47600,78.07,20,37168,64.72,11,1.68
6990,5368,64069,84.65,17,54243,79.88,13,8.98
6992,471,25699,72.55,19,18646,43.38,8,2.94
6994,6764,74162,45.78,20,33971,38.07,11,18.47
6995,3724,27000,45.65,13,12329,28.93,5,7.42
6996,2421,41998,59.74,4,25098,55.8,1,8.22
6997,749,22100,82.26,3,18181,77.74,2,4.94
6999,252,22015,77.41,16,17046,57.31,8,1.5
7402,20626,35281,35.9,10,12670,26.96,4,30.56
7415,2424,30200,62.11,17,18764,36.22,5,5.78
7418,261,27554,96.14,6,26494,85.31,1,0.46
7419,4701,40000,49.56,15,19832,39.22,9,19.73
7421,537,525,0,0,0,0,0,53.65
7422,238,23272,82.46,3,19194,78.47,1,1.61
7427,5134,54026,31.46,19,17009,19.64,8,18.94
7443,353,22000,82.47,12,18147,69.61,7,2.46
7452,109,2000,87.89,1,1758,87.89,1,4.86
7455,270,25500,82.73,8,21101,73.85,4,1.55
7507,1120,102100,78.34,31,80003,70.21,18,2.25
7516,24237,19309,36.58,7,7067,14.79,1,23.58
7530,3412,46500,54.57,14,25383,46.02,8,15.72
7547,2023,33963,73.11,10,24834,66.12,7,9.97
7551,445,12100,56.65,5,6857,42.93,2,6.23
7555,418,28325,87.67,5,24834,86.14,4,1.91
7556,2704,29159,64.45,10,18799,54.64,5,9.51
7558,817,18621,52.39,12,9758,22.55,3,8.78
7561,748,30085,60.63,7,18244,55.15,4,3.18
7562,274,22779,76.4,10,17406,63.04,5,1.62
7566,7909,139773,62.72,44,87699,51.92,19,4.96
7575,560,30000,51.85,16,15560,32.44,7,2.94
7578,1760,60073,64.55,27,38796,44.43,8,5.66
7583,456,24595,88.27,13,21718,72.97,7,2.53
7584,971,16463,71.21,6,11727,56.38,2,9.03
7590,2560,122379,82.5,32,100987,77.3,22,4.64
7595,829,50465,72.21,27,36451,45.91,8,3.47
7607,675,36653,70.92,12,25998,62.54,6,2.28
7610,20678,58541,50.4,19,29516,40.01,8,19.67
7631,1243,20142,71.87,10,14479,52.92,4,8.19
7642,2063,30150,80.03,9,24131,78.35,8,9.6
7669,3643,22000,32.75,12,7210,4.94,1,13.16
7686,63,50110,95.1,13,47661,91.4,10,0.2
7689,7677,58507,84.46,8,49420,81.65,5,7.35
7702,357,66000,92.65,10,61152,87.94,5,0.84
7703,4411,34745,57.5,8,19989,46.66,2,16.68
7704,1625,33770,59.63,14,20142,42.11,4,7.66
7705,13586,66067,68.85,10,45495,61.81,3,11.47
7706,239,10000,91.29,1,9129,91.29,1,3.41
7707,3305,45700,46.57,11,21293,39.93,6,10.6
7708,3009,25500,63.59,2,16218,61.96,1,12.22
7709,2405,39103,79.44,8,31066,77.4,7,9.1
7710,285,63906,99.13,3,63354,99.13,3,0.31
7711,8621,71700,61.8,12,44320,54.39,5,13.05
7712,4673,32562,53.57,15,17450,35.55,5,17.21
7713,755,45479,84.76,14,38561,78.28,9,2.39
7714,2743,21000,66.63,8,13996,47.95,2,15.4
7715,2087,32756,56.05,12,18369,39.76,4,11.91
7716,553,22500,82.51,9,18570,66.05,3,4.16
7717,8970,24832,54.89,11,13635,35.38,4,20.77
7718,1036,46356,78.47,18,36386,67.91,10,3.29
7719,16074,36000,19.55,6,7045,11.28,2,28.22
7721,3512,55370,60.8,17,33677,52.76,10,11.32
7722,20181,68183,85.01,4,57970,83.7,3,9.71
7723,4392,49620,56.45,19,28018,47.23,12,14.17
7724,297,35381,84.3,12,29833,70.83,5,1.55
7725,298,48327,83.73,10,40471,79.14,6,0.86
7726,182,20304,87.24,6,17716,80.37,4,1.23
7728,3271,13854,57.12,4,7916,45.73,2,14.87
7729,16728,80682,56.71,31,45777,42.33,15,7.91
7730,1169,36797,69.92,16,25733,60.69,10,5.1
7731,9086,521981,72.12,91,376592,67.49,52,4.57
7732,884,64680,88.88,20,57505,81.81,13,1.92
7734,12560,28000,71.73,11,20089,67.31,9,9.83
7735,2654,43331,93.17,8,40376,87.51,5,2.58
7736,1571,76000,84.67,23,64371,76.73,13,3.57
7737,368,29759,78.12,14,23253,56.78,5,1.73
7738,1642,27356,57.83,17,15828,32.18,6,7.13
7740,2610,53200,64.87,22,34519,50.69,10,8.72
7742,7372,66561,68.97,5,45919,65.0,1,15.69
7743,934,36483,74.7,23,27261,57.39,13,4.32
7744,2655,32077,77.24,15,24781,61.78,8,7.2
7745,548,17950,71.16,7,12776,56.71,3,7.56
7747,947,30169,79.87,6,24097,76.58,4,2.43
7748,212,14500,69.41,8,10066,57.4,5,2.34
7749,7826,46486,46.9,19,21815,29.01,5,16.39
7750,10056,71843,75.07,33,53940,61.59,16,5.01
7751,8946,26889,47.08,11,12664,36.95,6,11.01
7752,2215,200000,86.1,35,172231,81.67,20,2.24
7753,2375,25000,74.15,4,18541,65.34,1,7.75
7754,1691,101157,71.93,42,72787,57.81,16,3.12
7756,267,21283,70.81,8,15074,59.42,4,1.43
7757,2641,24100,59.3,10,14293,40.98,4,13.34
7758,372,16100,83.36,3,13423,80.09,2,2.56
7759,1012,70342,81.01,17,56998,73.57,10,2.68
7760,1533,66048,64.5,29,42612,49.7,12,3.27
7761,1442,28900,49.41,10,14284,34.12,4,10.2
7762,1446,58091,55.32,26,32142,39.54,10,4.0
7763,2932,60014,82.08,17,49269,76.51,10,6.18
7764,783,60000,81.5,26,48908,68.84,15,2.78
7765,5251,40681,60.71,3,24703,59.6,2,12.94
7767,1101,30100,70.94,16,21360,55.03,9,6.01
7768,6490,70065,63.99,21,44849,55.74,13,10.63
7769,57981,179930,66.52,45,119720,56.96,16,5.32
7770,1078,30062,74.26,14,22327,62.44,7,5.39
7771,511,20013,82.13,3,16439,75.7,1,3.12
7772,5139,26499,56.09,5,14864,52.82,3,21.94
7773,1000,39911,56.49,15,22551,42.9,8,5.57
7776,1081,49102,74.71,15,36691,63.72,6,4.7
7777,16668,186606,68.25,29,127403,62.97,14,14.14
7779,371,16105,66.85,7,10767,56.73,4,2.15
7780,43564,810024,75.54,44,612114,73.63,20,10.29
7781,16868,599681,73.76,61,442446,71.32,36,6.67
7782,1110,23213,75.99,9,17642,65.8,6,7.32
7783,1178,62445,91.13,15,56914,89.54,13,2.05
7784,1407,187601,87.52,47,164223,82.2,30,1.85
7785,204,33339,85.59,13,28540,72.06,5,0.98
7786,6453,175954,82.06,31,144420,77.55,18,6.08
7788,6894,79746,71.86,36,57322,58.25,17,8.18
7789,173,21184,71.4,14,15131,42.61,4,0.84
7790,401,18585,70.29,15,13067,32.02,3,2.58
7791,4663,80000,80.08,16,64082,70.07,5,7.87
7792,4350,46662,69.52,14,32445,62.16,8,9.76
7794,1225,28000,81.49,7,22820,71.58,2,7.33
7795,16052,78828,71.2,12,56141,63.01,2,8.4
7796,2303,22963,58.69,5,13480,46.09,1,16.7
7797,697,22245,79.27,11,17640,62.64,5,5.07
7798,709,308692,94.48,49,291700,89.14,24,0.44
7799,12302,159728,79.1,36,126351,70.74,14,7.77
7801,1288,18300,70.43,3,12891,67.37,2,10.32
7803,2120,94413,79.31,31,74904,70.37,17,5.03
7805,4463,33125,70.43,7,23334,68.65,6,10.58
7806,338,29253,77.28,16,22607,58.33,7,1.65
7808,1072,70000,77.96,3,54580,76.94,2,3.03
7810,3294,20250,46.8,6,9480,36.34,3,19.15
7811,1274,33377,73.04,7,24387,65.17,2,6.06
7812,2702,60419,61.34,20,37064,53.23,12,8.16
7813,1749,19216,42.72,8,8212,27.41,3,14.77
7814,1617,45000,77.62,9,34940,71.66,5,5.87
7815,4201,32976,60.66,7,20010,50.32,2,12.43
7816,1164,29278,78.94,6,23118,71.37,2,6.53
7818,3970,167946,90.12,12,151364,88.99,8,3.89
7819,2697,25264,59.14,2,14942,55.4,1,18.12
7820,1953,37768,76.7,12,28978,65.79,6,6.9
7821,9911,121913,80.37,21,98013,74.74,12,7.32
7822,16857,45561,68.19,9,31080,63.73,6,17.4
7823,935,33491,72.41,14,24256,62.02,9,4.14
7824,381,31337,79.87,18,25033,67.19,12,1.61
7825,2571,23114,46.51,10,10756,27.49,3,18.63
7826,129,12000,84.38,9,10127,60.74,4,1.56
7827,2776,139972,79.05,30,110678,73.59,17,3.61
7828,15870,40532,65.37,19,26501,53.7,10,14.63
7829,1053,99388,82.81,43,82322,70.72,24,2.01
7831,73,13401,74.55,8,9993,56.06,4,0.14
7832,2127,580000,92.8,100,538341,87.72,58,0.87
7833,541,43011,73.62,20,31672,57.32,9,2.08
7834,259,16478,75.03,7,12364,61.04,3,2.94
7835,512,46544,70.4,18,32770,55.58,6,1.94
7836,580,51250,72.54,21,37182,63.33,13,1.36
7837,334,22800,74.96,4,17095,67.76,2,2.42
7839,495,15096,75.19,8,11353,55.95,3,3.88
7840,231,34000,89.57,13,30459,76.24,7,1.11
7841,358,24200,77.78,10,18825,66.5,6,2.21
7842,1647,18250,68.28,3,12465,62.3,1,11.9
7843,1069,33440,67.65,9,22627,61.47,6,5.2
7846,464,34412,84.06,8,28934,75.12,3,2.09
7847,546,29000,63.09,14,18301,43.49,5,3.41
7848,1263,33376,73.54,17,24550,51.35,4,3.92
7849,176,11892,95.78,1,11391,95.78,1,1.11
7850,1508,97659,70.58,39,68941,54.36,17,3.44
7851,534,67691,83.64,21,56633,74.33,9,1.54
7853,15427,47555,26.72,13,12713,17.95,4,34.5
7854,841,40300,89.32,16,36004,79.77,11,3.15
7855,15257,277305,75.76,20,210144,72.66,6,9.79
7856,5652,27177,66.19,11,17994,61.08,9,10.1
7857,585,53488,83.61,13,44730,76.02,7,1.69
7858,4053,22237,48.31,10,10747,30.41,2,15.26
7860,150,32000,94.55,11,30259,89.27,9,0.44
7861,3964,64600,77.38,23,50002,66.9,12,4.9
7862,614,40000,86.98,4,34796,84.22,2,1.44
7863,122,30000,98.43,5,29534,96.02,4,0.38
7865,741,18424,72.59,10,13379,42.2,3,7.8
7866,4846,43171,61.06,17,26364,45.84,7,9.55
7867,673,96000,95.61,25,91809,84.44,8,0.8
7868,1066,22240,57.39,10,12768,40.21,4,8.74
7869,443,27241,88.85,4,24205,86.5,3,0.99
7870,2430,18400,78.39,13,14426,49.02,3,1.35
7871,5603,134278,57.79,33,77623,50.89,17,7.8
7872,1241,30000,65.08,3,19528,61.32,1,7.1
7873,2518,149884,85.97,37,128894,76.85,16,2.39
7875,335,20000,96.46,1,19292,96.46,1,1.53
7876,1103,107408,85.64,30,92009,76.64,16,2.11
7877,382,38857,70.56,10,27420,59.22,2,1.63
7878,3005,56137,49.47,23,27789,31.9,6,7.78
7879,3281,40000,62.07,17,24833,47.26,9,11.61
7880,1471,26500,68.39,16,18127,37.81,5,8.16
7881,394,27000,84.27,6,22755,82.4,5,2.51
7882,2151,205282,83.55,47,171538,78.15,31,2.29
7883,2009,60976,71.22,24,43440,58.46,11,2.24
7885,452,29200,76.59,16,22370,57.42,6,2.96
7886,1544,24978,65.59,14,16388,43.42,5,8.1
7887,14012,81720,43.37,34,35449,28.84,14,19.66
7888,544,75235,81.11,40,61039,62.14,18,1.03
7889,190,20781,83.96,16,17452,45.73,4,0.75
7890,423,20800,86.06,12,17905,65.96,6,2.61
7891,187,19430,56.47,7,10974,53.62,6,1.23
7892,5829,46898,74.95,14,35163,63.51,6,7.73
7893,1357,40799,86.35,5,35238,80.01,1,4.05
7894,838,24000,53.04,7,12734,39.42,1,4.4
7895,13070,38790,74.02,7,28719,65.58,1,2.7
7896,582,27900,90.88,7,25360,80.84,2,1.87
7897,201,133617,98.36,2,131427,98.36,2,0.18
7898,3153,30039,69.27,6,20811,64.02,3,6.31
7899,8240,24292,42.86,12,10417,16.34,3,24.5
7901,2234,60000,84.3,13,50590,75.15,4,3.28
7902,1600,200605,90.09,45,180762,85.76,31,1.76
7904,103,15000,92.41,3,13863,89.32,2,0.99
7907,2070,39393,74.26,16,29263,63.66,10,1.95
7909,4861,70593,83.75,15,59135,76.12,7,4.54
7911,1744,40000,66.83,13,26736,49.71,2,6.35
7912,2260,22190,79.36,10,17612,72.33,7,4.86
7913,1155,45139,90.46,7,40838,86.43,4,2.04
7914,81,52848,98.57,4,52101,97.49,3,0.2
7915,1711,40100,86.16,19,34557,70.85,10,1.98
7917,1821,66903,79.29,15,53061,70.51,6,2.76
7918,14968,43100,79.68,5,34349,77.07,3,7.97
7919,606,12700,50.06,4,6358,42.07,2,7.09
7920,3471,593987,89.03,178,528970,80.19,95,1.41
7921,834,40807,83.64,11,34136,75.58,5,2.74
7922,528,66175,95.49,18,63198,94.01,17,0.87
7924,1545,133561,82.78,47,110588,75.28,30,1.93
7925,349,65600,89.71,40,58866,72.38,23,1.15
7926,1176,15002,73.49,4,11027,59.45,1,5.94
7927,553,44700,70.26,29,31415,41.88,7,1.28
7928,2349,41530,73.12,18,30370,59.05,8,4.1
7929,933,21673,81.64,12,17696,61.94,4,3.36
7930,1613,33754,65.23,11,22024,55.75,5,5.82
7931,157,24641,96.21,5,23709,84.9,1,0.4
7932,539,50000,59.45,20,29734,44.6,7,1.92
7933,114,23563,87.21,8,20556,72.45,3,0.68
7935,195,37000,83.01,16,30720,63.81,6,0.53
7936,634,36038,68.51,3,24694,64.8,1,3.78
7939,418,19580,74.62,2,14613,71.08,1,3.13
7942,1107,31768,87.76,8,27884,78.25,3,3.24
7943,527,30651,73.17,17,22433,58.28,10,2.08
7944,194,30763,85.88,12,26424,75.04,7,0.85
7945,262,11543,76.09,4,8785,62.68,1,2.48
8002,250,1908,0,0,0,0,0,28.25
8009,627,4375,0,0,0,0,0,21.49
8010,385,6666,46.01,4,3068,20.25,1,9.66
8011,60842,165922,30.75,25,51059,24.97,10,29.91
8012,478,3800,93.02,1,3535,93.02,1,4.85
8014,591,8827,37.88,2,3344,37.88,2,10.86
8015,111,3000,29.54,2,886,0,0,12.06
8016,35860,120137,45.85,53,55113,30.38,22,20.28
8018,75,3449,21.62,1,746,0,0,3.98
8019,98,33891,93.81,3,31801,90.33,1,0.8
8020,109,8263,59.32,4,4902,32.36,1,2.37
8021,85258,147269,46.17,50,68029,34.34,23,32.44
8022,57,3000,70.18,1,2106,70.18,1,3.26
8024,22534,45160,29.89,12,13507,18.86,4,25.33
8026,61,97,0,0,0,0,0,73.87
8027,66088,113095,26.61,32,30107,16.39,12,39.57
8028,68176,184740,49.64,60,91734,39.1,27,26.46
8029,648,78017,75.2,24,58688,62.69,7,1.44
8031,121,4498,25.57,1,1151,25.57,1,4.73
8032,23184,51810,75.96,9,39360,74.21,7,12.82
8033,73193,164630,33.72,43,55539,24.15,18,34.9
8034,22033,56586,17.27,10,9785,8.72,3,32.61
8035,214,6812,43.5,4,2965,17.63,1,5.68
8036,532,7657,20.62,1,1580,20.62,1,10.9
8038,40149,62278,21.11,10,13164,15.0,4,36.35
8039,61717,263868,69.31,63,182951,62.96,36,11.97
8040,30810,96414,51.9,15,50059,44.66,3,20.12
8042,42565,133569,65.01,44,86861,58.16,27,22.24
8043,37899,79907,39.99,14,31959,37.54,10,46.1
8044,27526,204768,61.21,33,125362,55.06,13,14.15
8045,4234,95042,66.87,37,63580,54.51,18,8.12
8046,84137,646165,85.37,93,551699,80.44,42,5.8
8047,1305,41666,82.14,15,34229,71.92,9,3.71
8048,34861,57706,39.43,18,22768,28.08,7,24.37
8049,39408,118280,32.94,22,38988,27.21,11,29.33
8050,57453,205205,42.57,35,87396,36.32,15,26.88
8053,3691,411818,85.44,75,351942,80.37,41,1.93
8054,52429,108733,35.11,16,38189,29.96,5,34.05
8056,11803,389990,60.63,80,236534,53.96,35,5.95
8057,84,6344,67.07,3,4256,67.07,3,2.43
8058,2509,68800,68.88,27,47406,51.59,10,6.35
8059,13318,194080,72.96,16,141653,69.35,5,8.32
8060,273,6084,49.67,2,3023,34.06,1,11.29
8064,81178,184818,44.55,41,82387,37.62,19,32.92
8065,929,4500,37.58,3,1692,0,0,18.21
8066,38123,36642,38.73,13,14198,21.76,4,33.07
8067,7006,20700,81.35,9,16844,56.73,3,6.6
8068,8299,80766,61.59,16,49754,58.89,12,15.86
8069,102335,1155001,76.13,299,879666,68.03,150,8.71
8070,37309,725648,73.62,103,534421,69.49,57,10.87
8071,35309,60084,31.16,11,18736,22.86,3,33.44
8072,12898,80000,60.25,10,48212,57.87,7,20.62
8074,45878,86974,38.71,23,33685,29.55,9,31.25
8076,89147,292214,34.88,65,101993,26.23,25,21.49
8077,1069,21946,82.07,4,18013,76.8,2,2.89
8080,14411,67164,84.71,5,56904,82.53,2,5.93
8081,21673,86172,37.18,23,32059,23.67,4,24.72
8082,4212,106609,71.71,22,76470,62.9,8,4.36
8083,2737,35133,55.58,12,19534,44.04,4,9.59
8084,3038,69514,62.89,22,43725,52.44,9,7.86
8085,36227,139983,40.86,27,57213,30.13,3,17.9
8086,75868,196516,48.23,38,94801,41.05,13,30.08
8087,9867,38646,57.71,21,22306,43.94,11,10.03
8088,54291,60922,18.66,6,11374,17.94,5,52.82
8089,27224,65999,41.56,8,27437,37.91,3,22.03
8091,18484,57012,45.67,22,26045,32.32,10,19.83
8092,20395,57172,61.14,25,34967,41.1,7,11.04
8093,3229,56568,67.55,7,38213,64.0,4,8.13
8094,337,18527,43.02,10,7975,11.96,2,2.77
8095,123,7930,51.29,6,4068,18.1,1,3.77
8096,84603,149343,45.57,30,68073,38.85,15,29.17
8097,13369,63802,73.81,21,47110,62.47,10,6.67
8098,1371,12653,57.46,8,7272,33.15,3,11.2
8099,29285,100073,82.03,19,82114,75.14,8,5.68
8101,18412,52166,81.4,3,42468,80.45,2,8.05
8102,1174,23358,39.54,10,9239,25.07,4,7.23
8103,19004,78437,47.21,30,37050,32.16,11,23.11
8104,45483,104058,33.54,7,34926,30.38,2,32.7
8105,35573,441545,64.83,43,286332,61.57,20,14.36
8106,68,3943,60.82,3,2398,27.88,1,2.19
8107,31858,75000,53.79,20,40359,44.3,10,17.08
8109,7143,82161,53.52,34,43994,34.87,11,13.29
8110,80062,517740,50.67,45,262471,47.12,15,29.37
8111,57530,109102,38.19,29,41681,28.1,10,28.47
8112,110057,565307,43.48,96,245904,39.57,59,26.31
8112A,7061,30000,50.72,13,15223,36.01,7,17.97
8114,11283,76704,47.34,32,36329,33.59,14,17.78
8115,842,70000,86.41,25,60502,78.23,16,2.47
8119,33114,63662,46.45,26,29589,27.24,8,10.66
8121,30707,212994,61.36,38,130728,54.45,15,14.58
8122,1616,402371,93.1,13,374717,92.23,7,0.77
8127,242,5558,7.67,1,427,0,0,7.51
8130,297,47620,70.92,21,33778,59.07,11,0.81
8131,32340,442222,71.78,31,317522,68.53,9,13.88
8147,4924,42263,47.14,16,19932,32.54,6,15.21
8150,149847,704523,60.15,137,423912,53.28,64,25.42
8155,16283,62794,48.07,17,30193,38.91,8,26.71
8157,662,26839,78.64,2,21107,78.64,2,4.87
8162,2636,68702,74.81,27,51413,61.78,13,7.19
8163,74820,280000,45.63,45,127831,40.15,18,24.71
8171,44758,112853,61.2,27,69082,51.12,10,12.74
8172,259,1583,0,0,0,0,0,35.91
8176,37311,71701,32.77,18,23512,22.03,6,23.45
8182,11244,107041,67.03,13,71757,63.78,7,18.99
8183,40291,121251,47.95,18,58178,42.22,6,22.03
8197,637,61748,84.91,4,52437,83.38,2,2.19
8201,12139,62366,58.03,16,36210,45.88,4,17.0
8210,38693,125319,67.12,27,84135,59.02,12,17.16
8213,68636,271242,50.35,83,136617,39.2,35,17.19
8215,67602,320675,52.82,27,169419,50.44,13,20.39
8218,105,1593,0,0,0,0,0,9.2
8222,39394,68574,36.49,13,25037,31.52,7,31.86
8225,380,22380,79.65,4,17828,73.02,2,3.89
8227,30639,39543,26.17,7,10355,18.22,3,43.43
8234,16536,141226,55.06,36,77790,46.83,18,20.76
8240,37059,100004,54.03,21,54055,48.06,11,20.53
8249,35802,137824,57.11,17,78742,53.51,9,23.8
8255,25510,101973,51.58,17,52611,46.77,9,22.81
8261,76527,118878,44.56,17,52986,38.86,6,38.84
8264,497,2583,0,0,0,0,0,34.52
8271,65550,129615,45.5,30,58990,36.86,11,31.39
8272,1630,18998,38.04,6,7231,25.15,2,11.4
8276,125,3507,48.36,2,1697,33.84,1,10.33
8277,40496,91629,20.43,12,18743,14.95,3,29.65
8279,2052,27101,60.22,5,16329,52.51,2,10.51
8281,415,29267,44.49,8,13025,34.88,3,2.37
8284,2346,47342,64.35,19,30474,48.09,8,7.05
8286,157,441,0,0,0,0,0,76.5
8287,11819,24267,70.24,1,17046,70.24,1,20.81
8289,30695,68334,42.81,16,29267,33.59,5,26.55
8291,1892,17478,71.89,3,12566,71.89,3,13.35
8297,174,15000,92.95,1,13943,92.95,1,1.78
8298,390,25632,81.52,3,20897,81.52,3,2.3
8299,205390,221383,42.41,57,93941,34.36,28,32.15
8325,204,1513,0,0,0,0,0,33.84
8329,3163,280578,90.95,36,255218,87.34,22,2.8
8341,18766,130000,49.11,16,63864,46.61,11,24.05
8342,1083,33537,72.31,9,24254,66.28,6,4.57
8345,788,60008,83.66,15,50222,73.22,6,2.27
8349,7672,208821,71.21,37,148756,67.03,23,6.56
8349A,1269,10000,10.25,2,1025,0,0,19.7
8351,1051,50000,80.5,9,40256,70.91,2,3.55
8354,14312,78532,64.96,31,51028,48.15,10,11.34
8358,146951,252588,41.01,59,103629,32.33,26,38.22
8359,6012,136500,83.34,26,113780,79.49,18,4.63
8367,3528,92172,70.71,33,65195,61.43,18,7.02
8374,13218,112250,71.24,10,79985,68.57,6,17.61
8375,114,7356,77.08,6,5671,40.34,2,1.96
8380,882,7123,19.38,2,1381,0,0,31.96
8382,10349,292574,66.03,81,193224,56.94,42,6.41
8383,56936,113760,54.3,31,61797,46.97,17,23.91
8390,31210,96116,47.45,22,45623,41.53,12,16.54
8401,11963,70669,63.1,22,44602,54.48,13,9.55
8403,36717,137640,38.03,21,52364,32.26,9,20.15
8404,15815,419934,78.87,68,331326,72.91,28,4.26
8409,25772,32000,48.63,9,15565,38.61,4,14.59
8410,2069,36589,56.93,11,20835,50.7,7,11.08
8411,10830,218404,81.79,32,178682,79.2,24,5.57
8415,8785,1031500,93.1,134,960540,89.71,78,1.75
8416,2073,28211,77.13,7,21760,77.13,7,9.02
8419,1377,30000,53.22,11,15971,40.55,4,14.2
8421,6468,54817,64.19,17,35196,59.69,13,14.02
8422,150693,1359402,38.16,134,519128,34.63,56,26.4
8423,6328,41714,63.76,14,26606,54.67,8,13.2
8424,3023,36054,60.56,7,21846,50.7,2,15.54
8426,2694,50242,74.85,6,37616,70.26,3,9.02
8429,45202,185747,42.17,26,78390,38.33,13,17.8
8431,45041,48778,23.7,10,11568,16.69,5,32.62
8432,3133,38398,61.51,4,23627,56.47,1,12.76
8433,3138,54506,67.54,17,36825,60.43,10,9.81
8435,22373,35200,41.14,13,14486,20.64,2,29.18
8436,44879,117729,39.04,34,45986,29.59,15,27.35
8437,32442,47014,41.89,19,19702,28.08,7,15.93
8438,2832,69943,78.17,20,54688,65.15,9,6.1
8440,55734,50255,32.73,7,16457,29.05,4,36.57
8442,2012,70170,71.68,24,50313,61.42,13,5.26
8443,46632,66800,69.12,24,46184,59.3,14,15.87
8444,1695,125105,85.93,33,107537,77.61,15,2.12
8446,7673,52914,51.24,15,27122,42.88,7,23.94
8450,10280,51310,58.33,14,29933,56.66,13,23.03
8454,38091,264975,81.4,19,215726,79.31,10,10.39
8455,728,25219,89.9,3,22675,87.77,2,4.44
8458,553,35850,73.63,25,26403,48.85,11,2.5
8462,6199,80387,66.33,22,53336,58.85,12,10.09
8463,3582,150000,82.2,28,123336,76.8,15,4.65
8464,3871,293020,86.89,91,254683,77.76,48,1.03
8465,232,8100,58.22,4,4717,41.56,2,3.39
8466,2139,79446,77.09,27,61248,67.48,13,4.88
8467,1677,48374,82.0,21,39675,73.87,14,4.45
8472,1025,17736,63.04,3,11182,55.75,1,5.32
8473,14781,185237,68.58,22,127066,65.01,12,11.84
8476,6427,167508,71.14,52,119194,61.17,25,7.09
8477,10956,84171,83.46,5,70263,81.6,3,5.31
8478,11005,93972,75.66,12,71103,75.66,12,13.2
8479,375,20055,62.09,7,12455,41.51,1,2.41
8481,2526,66602,66.48,24,44292,53.62,10,7.04
8482,1036,107444,95.15,18,102249,90.26,11,1.15
8485,61,1568,96.18,2,1508,0,0,2.98
8487,19446,26535,55.9,9,14835,46.01,5,11.72
8488,884,73500,87.17,18,64077,80.37,10,2.02
8489,29873,59949,57.08,14,34227,48.01,6,14.68
8490,1100,23760,45.34,12,10776,29.07,4,8.22
8491O,1306,7292,9.23,1,674,0,0,22.3
8492,250,33300,92.97,12,30963,88.34,10,1.47
8495,855,127275,92.59,6,117860,91.06,3,1.6
8496,292,35675,87.43,12,31195,84.71,10,1.5
8499,2158,41166,79.87,12,32883,72.65,7,6.17
8707,6314,2565,0,0,0,0,0,43.85
8708,20463,194506,43.72,31,85066,36.67,11,17.06
8710,6843,115478,28.87,29,33366,18.1,11,13.04
8712,6935,807994,76.11,266,615150,63.75,113,1.25
8718,18061,97036,35.35,20,34327,28.28,10,24.03
8719,6764,656412,86.77,136,569741,79.45,63,1.98
8720,8591,89517,56.85,19,50901,47.27,5,13.29
8721,2242,3966,0,0,0,0,0,38.57
8722,5796,52652,62.7,15,33025,56.87,10,12.32
8723,23387,104515,50.7,31,53007,41.3,15,19.31
8724,8395,20237,40.69,6,8236,33.64,4,33.22
8725,12496,112135,32.34,23,36283,25.26,10,22.07
8905,21449,119440,92.47,26,110472,88.78,19,2.39
8906,2911,44037,55.46,15,24431,49.92,11,9.52
8908,15310,315333,88.96,46,280582,85.98,30,2.99
8916,41486,150387,66.32,47,99768,59.7,31,10.06
8916A,279,246,0,0,0,0,0,93.47
8917,1719,162652,82.64,69,134458,65.61,24,0.92
8921,1151,46592,85.56,24,39873,63.01,8,1.41
8923,5138,30376,82.32,10,25009,74.55,6,3.78
8924,16976,83800,38.76,22,32498,29.73,9,29.0
8925,19596,365243,41.31,123,150919,27.53,42,8.79
8926,61303,830282,57.33,130,476211,51.88,56,13.82
8927,25735,419068,83.53,111,350157,74.77,51,3.26
8928,4375,50854,49.15,13,25008,35.67,2,16.24
8929,11721,50581,45.67,10,23110,39.18,5,26.18
8930,5334,81809,68.98,35,56454,56.81,18,11.43
8931,19117,122255,81.42,14,99581,78.48,8,4.65
8932,9640,357963,80.43,77,287994,75.13,50,4.2
8933,42823,326724,52.81,43,172602,47.64,14,14.61
8934,504,7973,94.77,1,7556,94.77,1,1.41
8935,38043,113495,50.84,25,57714,42.46,11,12.59
8936,76065,248078,30.62,54,76005,22.25,22,30.76
8937,3303,431680,90.83,53,392205,88.06,34,1.49
8938,12375,156986,57.23,58,89873,45.56,30,12.99
8940,9343,67491,70.97,24,47906,62.69,16,13.62
8941,2212,34972,67.21,20,23508,46.5,9,6.11
8942,13144,198842,51.23,62,101898,40.98,29,13.31
8996,35491,93620,48.29,47,45221,30.67,20,11.74
8999,392,36000,63.48,29,22858,18.94,3,1.3
9103,21279,205532,12.41,32,25561,5.51,8,27.49
910322,7341,20765,29.5,5,6129,27.31,4,39.62
9105,120197,1635790,26.58,372,434938,16.37,99,18.33
910861,2745,34017,37.77,13,12852,23.39,5,16.47
9110,1749,54498,43.83,25,23896,21.61,6,7.67
911608,2182,34222,30.78,13,10539,9.83,2,15.41
911611,3111,88290,41.32,27,36505,28.83,11,9.24
911613,1402,11111,5.98,1,665,0,0,28.41
911622,1516,30000,52.23,9,15672,42.16,4,12.9
911868,6192,140000,35.81,37,50157,25.13,12,12.21
912000,6805,159294,34.35,49,54745,22.45,16,10.46
9136,4622,133636,67.43,33,90150,61.87,21,8.65
916665,366,816,0,0,0,0,0,57.85
9801,83396,395846,69.32,40,274510,66.05,20,17.09
9802,12038,200992,64.71,61,130109,55.58,30,10.58
9902,45177,98050,57.03,22,55948,50.28,11,17.33
9904,106821,2946787,68.48,455,2018580,63.56,216,7.94
9905,17211,305000,74.21,44,226395,71.92,31,8.26
9906,8249,90376,78.78,24,71217,75.0,18,9.26
9907,55703,1579145,74.43,182,1175640,70.36,78,6.66
9908,16422,516358,80.5,109,415781,74.82,64,5.51
9910,24320,987483,88.91,91,878187,86.9,58,4.12
9911,31062,222390,67.78,57,150791,61.11,34,15.28
9912,61841,53793,63.07,18,33933,56.94,13,15.55
9914,65791,298984,66.83,89,199877,55.25,41,12.14
9917,56166,451197,76.98,96,347444,70.82,53,8.61
9918,25191,180537,85.0,50,153497,77.14,25,2.4
9919,63606,195363,46.0,29,89924,42.42,18,27.84
9921,28404,392065,69.13,121,271122,59.4,63,10.89
9922,10419,215989,69.34,59,149806,59.04,25,7.16
9924,13062,150762,61.37,46,92554,52.66,25,16.28
9925,19024,387490,69.69,95,270103,62.23,49,9.16
9926,4252,179504,83.81,52,150473,73.65,23,2.46
9927,13966,120000,58.89,18,70704,52.67,7,17.89
9928,7151,70725,75.15,15,53158,67.16,6,7.44
9929,3759,101280,88.07,19,89216,83.94,11,2.51
9930,12201,248540,77.72,17,193192,76.79,12,8.06
9931,7857,120369,78.03,26,93953,73.39,17,3.62
9933,50917,944437,63.0,165,595104,56.88,72,9.5
9934,13466,411017,67.56,84,277746,59.89,33,6.86
9935,57629,177839,62.67,70,111476,49.86,34,6.89
9936,11637,104764,29.04,22,30454,20.07,7,20.06
9937,15789,309043,89.26,69,275896,82.54,34,1.94
9938,49760,297964,54.43,80,162236,47.03,44,15.31
9939,27840,295786,62.83,90,185902,54.09,51,14.04
9940,17106,736846,81.69,73,602051,77.97,23,4.48
9941,43296,575636,70.94,64,408465,67.22,30,12.53
9941A,3675,100000,81.98,23,81996,74.62,11,5.83
9942,9654,83161,52.38,25,43576,39.14,8,18.81
9943,16008,125172,71.1,13,89019,69.48,10,16.2
9944,10447,105908,78.79,43,83469,66.14,20,8.41
9945,102246,2844225,66.15,345,1882045,62.07,148,8.16
9946,14085,326554,81.54,38,266329,78.51,20,4.77
9948,73,211,0,0,0,0,0,65.68
9949,11074,44861,73.26,19,32873,54.94,7,11.4
9950,3660,167716,83.69,26,140382,80.07,15,4.59
9951,24047,73300,46.54,20,34129,39.27,11,22.32
9953,518,4382,0,0,0,0,0,18.02
9955,15149,104425,61.3,21,64039,55.34,10,19.57
9957,12794,3220414,96.05,73,3093766,95.49,42,0.96
9958,58622,246897,48.69,52,120265,41.61,21,25.58
9960,9572,33592,77.75,17,26125,56.78,6,5.97
9961,321,69099,93.39,16,64543,89.73,13,0.78
9962,28969,90220,47.16,27,42562,40.02,16,17.83
9965,68,776,0,0,0,0,0,21.58
YFU6,53,23060,88.2,10,20342,79.27,6,0.13
YHU4,551,232690,95.34,7,221875,94.42,3,0.54
YJS2,8992,115112,78.86,19,90793,74.07,11,3.39
YY0005,98,445,0,0,0,0,0,50.55
YY0008,55,203,0,0,0,0,0,79.3
YY0024,72,260,0,0,0,0,0,71.15
YY0027,62441,70261,12.96,10,9123,8.21,4,66.26
YY0028,33882,247262,39.8,58,98495,30.7,24,18.23
YY0029,8303,39013,30.64,8,11958,27.52,6,23.2
YY0030,3002,62727,52.22,25,32769,38.56,10,10.36
YY0031,430,4703,0,0,0,0,0,34.82
YY0032,358,3886,0,0,0,0,0,29.75
YY0033,2497,20320,16.08,3,3270,9.84,1,25.57
YY0034,266,1732,0,0,0,0,0,44.73
YY0035,15282,237067,36.48,50,86522,28.86,21,14.64
YY0036,136,348,0,0,0,0,0,75.85
YY0037,3445,80466,85.39,21,68725,79.57,14,5.58
YY0038,268,2681,26.72,1,716,0,0,23.4
YY0039,12847,250849,81.37,56,204148,76.07,35,5.35
YY0040,9017,73096,44.27,13,32376,37.8,6,16.04
YY0041,13684,279753,79.99,55,223817,74.54,33,7.75
YY0042,20004,70756,14.21,10,10070,10.11,5,36.44
YY0043,9578,40116,6.17,4,2482,0,0,52.53
YY0044,52961,444788,19.01,48,84637,15.33,21,29.35
YY0046,37362,552046,32.33,151,178654,21.1,45,13.42
YY0047,78007,1069973,31.59,284,338288,20.64,96,13.52
YY0048,7704,98781,49.35,27,48772,40.63,14,12.01
YY0049,33728,38915,26.27,7,10236,20.61,4,43.64
YY0050,55749,236288,21.56,50,51003,10.58,10,31.18
YY0051,7664,77633,33.78,17,26236,25.49,6,14.38
YY0052,4530,202295,69.16,68,139963,57.96,32,3.01
YY0053,24694,241593,46.77,45,113070,40.92,23,22.56
YY0054,5672,106933,46.91,29,50182,38.2,14,7.88
YY0055,5307,124119,46.68,56,57955,25.81,18,7.82
YY0056,2183,19785,51.38,8,10169,35.64,3,5.11
YY0057,4853,148068,56.93,40,84325,47.73,19,6.46
YY0058,3339,57743,35.86,18,20720,23.34,7,10.95
YY0059,1060,22565,21.04,6,4749,0,0,8.29
YY0060,683,9827,13.47,2,1325,0,0,14.8
YY0061,6530,53277,22.64,16,12068,8.45,4,19.25
YY0062,18040,320765,23.56,71,75658,13.27,19,16.35
YY0063,8940,20252,2.79,1,567,0,0,54.45
YY0064,5246,97674,63.77,30,62307,52.93,12,6.32
YY0065,17167,219902,28.29,56,62257,16.98,13,15.19
YY0066,19891,331761,30.05,79,99777,19.34,21,13.56
YY0067,6886,153045,29.41,49,45030,17.69,18,11.85
YY0068,28673,405693,23.43,66,95128,15.58,14,17.78
YY0070,22519,322823,33.98,85,109767,20.59,18,16.01
YY0071,14713,80704,18.86,11,15232,15.22,6,30.03
YY0072,2509,27500,18.32,8,5044,0,0,17.27
YY0073,2182,36625,35.78,16,13113,18.52,5,8.93
YY0074,10672,104211,17.69,22,18448,7.55,5,24.66
YY0075,3106,16421,10.31,3,1695,0,0,28.96
YY0076,450,450,0,0,0,0,0,100.0
YY0077,299,754,0,0,0,0,0,78.63
YY0078,329,2407,0,0,0,0,0,27.4
YY0079,79,330,0,0,0,0,0,63.93
YY0080,308,895,0,0,0,0,0,62.39
