stock_no,people,lots,b4_pct,b4_people,b4_lots,b1_pct,b1_people,s10_pct
00400A,136469,1912140,15.03,216,287600,9.79,47,18.59
00401A,18115,261895,25.18,34,65977,21.73,19,19.42
00402A,46277,698627,20.75,98,145099,13.54,17,20.39
00403A,912433,14966519,15.25,1678,2284035,9.76,321,17.1
00404A,30162,447795,14.42,48,64619,10.22,15,21.02
00405A,149183,3084745,17.85,423,551110,11.49,102,13.45
00406A,177069,4444562,22.15,1087,985195,10.04,190,10.64
00407A,132102,2564739,23.64,364,606780,16.8,74,14.56
00408A,8286,146634,30.15,34,44234,18.94,9,16.6
00409A,50882,1796448,38.22,478,686890,25.25,120,8.12
00410A,10094,156860,29.67,30,46591,22.61,12,17.7
00411A,21353,560576,29.0,106,162699,19.77,24,11.42
0050,3560731,22054500,25.46,912,5617371,23.82,270,26.7
0051,12743,25000,13.69,5,3425,0.0,0,55.08
0052,456022,2550500,20.1,161,513016,17.96,69,35.84
0053,7311,10488,49.94,3,5239,45.36,2,30.5
0055,16319,85654,39.95,17,34225,31.07,3,28.69
0056,1656819,14058034,11.48,728,1615002,9.14,157,25.73
0057,3649,1527,0.0,0,0,0.0,0,37.9
0061,6003,96116,33.14,22,31877,22.64,5,15.44
006201,5377,22946,48.64,8,11162,37.89,3,28.04
006203,3886,10218,74.49,5,7613,59.82,3,10.41
006204,1151,1500,0.0,0,0,0.0,0,45.44
006205,8810,93439,45.69,26,42705,32.99,7,17.74
006206,3083,26778,21.31,4,5709,11.18,1,24.59
006207,1610,20892,11.45,4,2395,0.0,0,16.66
006208,715428,1860540,10.24,57,190818,9.72,40,52.04
00631L,307710,7152348,29.29,1508,2096095,19.32,302,9.45
00632R,64205,2631208,45.04,845,1185540,30.68,226,4.83
00633L,3659,120958,34.8,39,42106,20.25,11,6.92
00634R,756,42756,54.65,14,23376,43.31,7,3.93
00635U,57502,309014,19.15,33,59265,15.43,15,33.24
00636,8186,93825,21.78,19,20452,14.56,6,19.95
00637L,11927,762106,57.08,281,435276,42.26,94,3.55
00638R,499,22948,52.84,8,12130,37.14,2,4.98
00639,5695,95903,24.85,20,23841,15.65,7,13.52
00640L,1296,6419,28.3,3,1817,0.0,0,28.4
00641R,1291,90258,58.29,32,52627,46.68,15,2.99
00642U,6971,56821,47.29,12,26882,40.19,6,21.05
00643,3164,72503,40.89,21,29662,27.26,6,11.47
00645,9760,43497,26.41,11,11491,16.56,4,35.78
00646,114568,637985,44.11,72,281536,40.01,31,24.6
00647L,1525,6416,31.08,1,1994,31.08,1,28.18
00648R,2352,142688,47.33,38,67570,36.62,12,3.4
00650L,2244,96338,48.21,42,46462,36.5,21,4.97
00651R,373,32192,69.7,15,22446,53.36,7,2.36
00652,9309,61035,30.92,14,18874,24.99,7,28.64
00653L,1255,12403,6.78,1,841,0.0,0,21.11
00654R,361,19466,56.7,9,11040,39.41,3,4.06
00655L,2219,57958,28.39,19,16459,15.45,5,8.64
00656R,310,20357,76.71,14,15621,46.86,4,3.1
00657,1643,6079,15.05,1,915,0.0,0,40.12
00660,1026,6531,16.18,2,1057,0.0,0,19.98
00661,7252,23425,16.53,5,3876,4.93,1,42.46
00662,111608,920529,36.73,103,338304,32.28,30,15.62
00663L,14174,141663,26.45,20,37489,21.95,11,19.98
00664R,9935,884575,59.16,407,523457,39.81,131,2.51
00665L,5092,407965,57.29,159,233775,42.38,62,2.47
00666R,121,12124,80.86,6,9805,68.5,4,1.5
00668,2032,7483,31.82,2,2382,20.87,1,33.2
00669R,3088,200117,45.99,62,92086,34.52,24,3.31
00670L,12494,77145,11.95,8,9235,6.48,2,27.87
00671R,3536,507884,68.97,203,350439,52.75,71,1.26
00673R,16895,1249551,51.53,352,644030,39.51,111,2.66
00674R,1277,14421,45.72,4,6595,40.4,3,16.67
00675L,18793,106286,19.82,11,21088,15.01,4,30.9
00676R,4331,200834,47.26,71,94964,32.29,22,4.03
00678,1876,8948,23.85,4,2135,0.0,0,28.13
00679B,233338,6189192,42.69,693,2644161,37.49,150,9.01
00680L,19113,1436576,53.83,505,773561,38.66,152,2.79
00681R,100,7594,90.61,6,6882,70.67,4,1.47
00682U,259,7644,77.86,4,5953,52.27,2,3.7
00683L,319,11434,68.01,6,7776,60.0,4,4.58
00684R,167,9688,81.26,6,7873,73.79,5,3.14
00685L,190002,5850336,33.57,1478,1964940,21.58,309,8.06
00686R,2052,266276,68.57,113,182648,51.11,40,1.53
00687B,152598,4242880,42.34,559,1797189,36.41,138,8.68
00688L,9098,611615,49.36,204,301966,35.42,69,3.11
00690,17110,83830,13.38,13,11236,7.91,5,35.9
00692,91243,613280,16.7,33,102522,14.99,17,33.21
00693U,2890,66666,43.29,18,28870,36.6,10,9.58
00694B,2000,27576,63.34,7,17469,56.88,5,12.6
00695B,2246,40186,73.54,8,29557,68.8,5,10.22
00696B,10941,617681,82.98,27,512699,82.06,18,4.07
00697B,6735,66212,22.8,11,15109,19.24,7,21.82
00700,2595,31483,11.77,5,3712,5.16,1,18.58
00701,37720,168891,6.9,11,11673,5.41,6,50.66
00702,1149,6688,55.08,5,3685,31.04,2,25.58
00703,1016,9550,27.01,4,2581,0.0,0,22.83
00706L,6037,123271,31.72,30,39127,22.05,11,10.2
00708L,18165,155573,26.05,27,40567,18.65,10,22.91
00709,2257,14460,33.42,8,4836,7.44,1,24.67
00710B,3706,180261,81.57,7,147058,81.03,5,4.82
00711B,796,871761,99.28,4,865639,99.18,3,0.17
00712,145534,5767511,31.02,1391,1789968,19.46,259,5.57
00713,269348,1687012,22.08,79,372844,20.86,46,32.15
00714,2374,19567,47.1,11,9220,15.98,2,23.56
00715L,3318,57692,59.93,15,34593,53.68,10,8.39
00717,7515,118605,26.33,23,31257,17.92,8,15.88
00719B,14841,311014,30.04,53,93466,22.94,18,10.82
00720B,77572,4016609,65.79,301,2643170,62.48,75,4.54
00722B,13452,1460739,89.92,49,1313804,89.15,29,2.41
00723B,470,1520583,99.72,13,1516409,99.65,11,0.05
00724B,6172,3023275,97.64,32,2952395,97.5,24,0.5
00725B,41166,3679206,82.0,151,3017416,80.41,56,2.71
00726B,1719,1186989,97.95,16,1162839,97.65,10,0.32
00727B,725,57189,89.71,5,51314,87.58,3,2.79
00728,9916,39423,2.91,1,1151,2.91,1,49.66
00730,13043,69044,15.67,8,10833,12.01,4,40.92
00731,8171,20100,15.64,5,3147,0.0,0,57.54
00733,20648,62966,13.05,6,8227,11.52,4,53.75
00734B,519,24979,82.54,2,20621,80.06,1,4.71
00735,31782,115789,20.9,22,24233,14.05,8,39.25
00736,491,6727,72.85,6,4901,41.59,2,9.07
00737,5480,22538,15.05,4,3395,9.34,2,44.09
00738U,32751,247299,20.35,44,50372,12.8,11,25.91
00739,1956,24988,38.34,9,9586,19.58,2,17.79
00740B,6003,2193471,96.66,45,2120657,96.26,31,0.61
00741B,1133,13128,49.89,3,6552,37.85,1,17.84
00746B,1317,2550464,99.56,27,2539882,99.44,21,0.09
00749B,193,1110500,99.75,7,1107810,99.75,7,0.02
00750B,76,148000,99.73,4,147617,99.32,3,0.04
00751B,67049,5225103,75.53,332,3947867,72.8,93,2.94
00752,17191,257216,30.83,31,79376,26.66,13,16.2
00753L,11420,683157,47.87,243,327209,32.52,76,3.72
00754B,460,1303900,99.75,14,1300670,99.75,14,0.06
00755B,1007,296230,97.72,7,289500,97.72,7,0.77
00756B,2329,1332300,97.64,19,1301167,97.21,10,0.36
00757,68274,266494,30.43,29,81161,27.5,16,33.78
00758B,123,5525,90.49,1,5000,90.49,1,2.33
00759B,120,47525,98.89,1,47000,98.89,1,0.18
00760B,621,435020,99.16,6,431379,99.16,6,0.28
00761B,3427,2734589,98.55,29,2695200,98.48,26,0.28
00762,22633,46748,18.07,6,8456,14.44,3,52.7
00763U,4008,41065,49.14,11,20186,44.92,9,18.58
00764B,8291,1541500,94.07,32,1450344,93.6,19,1.34
00768B,1749,791100,98.19,27,776839,97.83,22,0.39
00770,22185,92458,11.46,9,10613,7.18,4,42.99
00771,2066,14225,15.45,2,2199,11.94,1,29.84
00772B,40591,3362790,80.38,143,2703685,78.61,42,2.83
00773B,8886,2593790,95.67,43,2481845,95.25,25,0.81
00775B,183,232100,99.66,7,231330,99.23,6,0.06
00777B,224,2076650,99.92,14,2075360,99.88,13,0.01
00778B,184,1522150,99.94,11,1521483,99.92,10,0.02
00779B,639,1297150,99.57,8,1291737,99.5,7,0.1
00780B,1283,246102,97.39,9,239711,96.87,7,1.23
00781B,734,8836,30.79,3,2722,16.97,1,18.72
00782B,1259,20967,24.85,5,5218,14.34,2,15.48
00783,807,7031,11.36,1,799,0.0,0,25.67
00785B,238,1063466,99.83,11,1061786,99.7,8,0.02
00786B,1282,19566,29.51,6,5776,15.33,1,16.61
00787B,1005,11806,41.33,5,4881,16.94,1,17.77
00788B,1453,24706,27.31,7,6749,15.29,2,14.46
00789B,355,455600,99.38,11,452790,99.07,9,0.17
00791B,99,281100,99.68,6,280204,99.68,6,0.03
00792B,450,2317615,99.86,15,2314673,99.81,13,0.02
00793B,260,1526,0.0,0,0,0.0,0,31.62
00795B,37168,1514598,55.57,142,841953,51.57,41,5.91
00799B,1665,26036,25.26,8,6583,8.46,1,15.74
00830,184109,871465,21.38,61,186424,18.85,26,35.36
00834B,135,23198,94.36,4,21890,94.36,4,0.88
00836B,423,630541,99.61,12,628095,99.33,9,0.1
00840B,91,59431,99.27,3,59000,99.27,3,0.16
00841B,121,70440,99.43,5,70047,98.66,4,0.2
00842B,1003,21767,43.44,7,9459,33.1,3,10.86
00844B,298,213175,99.21,5,211503,98.91,4,0.31
00845B,221,237051,99.59,4,236105,99.34,3,0.12
00846B,257,74350,98.18,2,73000,98.18,2,0.48
00847B,305,3805,32.84,2,1250,0.0,0,16.3
00848B,153,136066,99.21,2,135000,99.21,2,0.11
00849B,106,485606,99.84,5,484872,99.74,4,0.01
00850,80406,414944,17.66,32,73338,15.15,17,39.25
00851,2131,5525,27.87,1,1540,27.87,1,42.07
00852L,573,6365,50.97,2,3245,36.02,1,14.04
00853B,2333,178134,91.02,10,162155,89.53,5,3.34
00856B,408,6792,65.55,3,4453,59.59,2,9.18
00857B,15662,601768,59.83,68,360189,55.51,23,6.49
00858,18945,117874,16.22,13,19133,12.82,6,30.0
00859B,1964,33511,21.48,8,7205,11.48,2,13.5
00860B,365,2671,0.0,0,0,0.0,0,25.91
00861,18845,69412,5.09,3,3542,3.81,2,52.99
00862B,1498,879381,98.32,10,864662,98.27,9,0.39
00863B,336,511964,99.51,8,509478,99.42,7,0.11
00864B,3822,110722,34.71,23,38449,27.29,10,7.27
00865B,10274,319744,30.5,57,97588,23.04,15,6.43
00867B,214,565150,99.72,9,563570,99.72,9,0.06
00870B,313,564151,99.6,9,561973,99.43,7,0.09
00875,7308,16488,21.48,4,3544,12.75,2,47.26
00876,22972,94524,27.41,10,25926,24.51,5,39.77
00877,13621,163288,18.25,28,29832,11.11,10,21.17
00878,1668893,18787290,11.06,872,2081270,8.92,153,20.23
00881,408695,2981903,15.31,122,456938,13.76,44,31.52
00882,83188,1974349,26.65,386,526565,17.7,92,10.25
00884B,212,75440,98.78,4,74524,98.78,4,0.41
00885,48165,591238,17.19,86,101758,11.35,31,19.19
00886,1186,4451,13.54,1,603,0.0,0,45.98
00887,20491,452351,31.14,116,140977,19.28,29,11.14
00888,92702,639478,11.1,32,71082,9.83,16,35.5
00890B,699,18264,73.58,3,13441,65.7,1,8.1
00891,190926,1876590,12.89,103,242274,10.78,35,25.47
00892,46251,321292,17.39,27,55944,14.21,12,33.61
00893,56830,356384,8.55,22,30501,5.42,5,38.79
00894,26478,148009,12.5,11,18529,10.49,6,39.95
00895,28967,142916,9.66,8,13824,7.9,4,44.43
00896,62583,510880,6.79,23,34794,5.28,10,32.42
00897,10073,136012,22.9,26,31176,14.31,7,20.75
00898,8543,112976,20.9,25,23645,11.16,7,22.6
00899,3647,16135,5.6,1,905,0.0,0,42.57
00900,128411,1520525,15.59,86,237292,13.14,22,22.97
00901,11690,62349,14.4,10,8991,5.94,2,40.99
00902,17999,222997,16.87,29,37666,12.56,13,21.87
00903,7066,46721,10.53,5,4925,6.75,2,37.75
00904,24248,156612,13.3,19,20851,6.51,5,36.21
00905,44583,359827,7.25,18,26121,5.53,7,31.33
00907,19976,147633,12.33,12,18234,9.18,6,33.39
00908,2722,34416,36.31,8,12506,24.63,3,19.32
00909,26256,101704,12.03,12,12257,6.5,3,45.81
00910,38491,112439,8.39,9,9457,4.88,3,50.52
00911,13307,32903,16.84,5,5547,11.45,2,54.87
00912,8342,58253,21.19,7,12357,19.23,5,33.14
00913,12041,57766,20.11,6,11628,17.4,4,39.33
00915,71178,505983,17.32,37,87701,15.12,18,35.41
00916,19446,101919,14.96,15,15272,8.17,5,41.53
00917,12760,62978,11.38,10,7180,5.05,3,40.92
00918,347123,4245764,9.61,271,408810,6.63,54,21.16
00919,1452123,18974135,11.13,1086,2115486,8.37,173,17.99
00920,6404,19780,19.26,4,3815,7.57,1,46.33
00921,10187,57770,6.71,5,3881,2.16,1,43.48
00922,187534,2137686,31.07,107,664545,28.96,31,20.97
00923,124339,951423,14.38,45,136973,12.9,22,32.76
00924,55295,434103,21.88,26,95097,19.72,12,27.68
00926,9248,103482,56.41,12,58397,52.5,5,19.75
00927,142057,1348897,12.11,82,163640,9.7,28,27.25
00928,7243,43356,19.93,9,8652,9.2,2,35.34
00929,461873,5309139,9.36,231,498137,7.42,52,21.86
00930,21035,135779,6.17,7,8388,4.22,3,40.06
00931B,33648,2245398,76.83,101,1725758,75.18,41,4.04
00932,13139,108283,11.1,9,12042,8.6,5,33.85
00933B,78146,6618958,76.39,458,5057710,73.1,101,2.86
00934,49801,427026,10.2,24,43656,8.49,12,31.09
00935,125954,867504,20.32,57,176425,18.62,32,29.7
00936,22252,192797,9.79,7,18902,8.85,4,31.24
00937B,211106,17040305,60.71,3214,10348016,51.78,663,2.63
00938,6411,104016,47.85,9,49785,46.74,7,17.7
00939,102430,1160976,7.28,50,84766,5.34,15,26.84
00940,313343,5152865,12.73,384,657162,9.14,77,18.16
00941,47208,453791,13.01,35,59151,9.62,12,28.41
00942B,9792,2031459,89.89,66,1826431,88.93,31,1.31
00943,4220,40389,31.27,6,12634,25.5,3,27.82
00944,7853,53081,9.21,6,4897,5.03,2,37.55
00945B,18706,831318,40.71,141,338604,33.59,42,5.16
00946,35889,440746,19.43,31,85761,17.11,12,22.76
00947,38962,277364,22.47,33,62370,18.26,15,31.92
00948B,26408,4209927,81.99,311,3452579,78.86,94,1.47
00949,17318,166428,19.91,25,33164,14.87,11,28.28
00950B,12135,4109809,91.02,145,3741220,89.69,53,0.68
00951,15921,242542,29.39,33,71338,24.72,14,17.18
00952,22931,247775,12.86,28,31922,7.19,7,24.76
00953B,51392,4644675,53.58,1389,2489509,39.7,314,2.14
00954,11218,125247,21.98,20,27546,15.02,6,22.77
00955,35452,479931,32.12,62,154278,27.25,24,18.34
00956,3221,32630,20.96,6,6846,11.76,2,23.93
00957B,3940,188263,50.83,30,95735,43.26,9,5.84
00958B,4315,120271,21.64,23,26037,15.1,9,10.13
00959B,9177,510336,48.81,82,249183,41.15,20,4.38
00960,12650,57995,18.15,6,10532,16.9,5,40.82
00961,58821,1068511,12.71,119,135952,7.47,23,14.76
00962,10463,107420,11.93,11,12827,7.16,4,26.11
00963,5151,117433,26.51,23,31160,20.39,12,10.13
00964,4550,71124,18.94,14,13486,9.32,3,15.15
00965,33442,433492,46.3,44,200795,43.34,23,18.21
00966B,3901,117732,37.66,18,44358,31.0,7,10.43
00967B,2658,181407,70.66,34,128198,62.63,13,4.08
00968B,8209,793511,68.76,102,545770,63.66,36,2.58
00969B,2084,147633,68.26,43,100803,58.35,19,3.79
00970B,5855,388229,60.24,62,233920,53.52,23,4.21
00971,6698,55177,18.3,10,10103,11.78,3,29.51
00972,1642,15172,33.13,2,5027,33.13,2,24.62
009800,19915,308891,29.1,46,89918,24.45,21,16.52
009801,8768,95119,20.51,19,19532,9.83,4,24.33
009802,42160,568495,19.51,51,111098,15.78,18,20.71
009803,30839,287828,12.83,30,36981,8.97,11,27.61
009804,18130,148392,11.04,16,16399,6.35,5,30.19
009805,55192,610316,19.02,70,116220,14.3,22,22.82
009806,1094,13661,57.7,6,7884,37.39,2,17.43
009807,1170,14260,58.1,8,8288,32.46,2,19.16
009808,4280,39011,11.19,4,4370,7.56,2,31.59
009809,2503,32363,38.01,7,12305,33.12,4,21.09
00980A,71583,789730,24.14,55,190816,22.02,25,23.45
00980B,1507,53569,47.67,14,25546,39.56,6,7.41
00980D,3407,98957,36.52,24,36165,28.12,9,7.8
00980T,3204,74918,53.01,8,39733,48.84,3,12.38
009810,1938,19154,35.87,6,6875,23.62,2,23.19
009811,22864,235450,17.31,38,40819,10.25,11,25.06
009812,5895,91382,37.12,22,33947,27.67,8,16.73
009813,23337,326324,23.7,47,77433,18.17,17,20.02
009814,13840,153076,20.19,19,30942,15.92,8,23.15
009815,29614,424670,21.85,58,92879,15.99,18,19.14
009816,918465,11962344,19.46,1491,2330409,13.73,309,19.24
009817,10103,219936,24.69,48,54334,14.97,12,13.28
009818,4916,46152,6.61,3,3059,5.6,2,33.82
009819,51667,607745,12.36,55,75287,8.19,18,25.19
00981A,985260,9552209,18.2,987,1739937,13.58,248,23.2
00981B,16700,1540613,50.88,551,784159,34.46,137,1.97
00981D,8553,520800,44.72,153,232989,31.23,39,3.32
00981T,8339,251261,35.72,73,89794,22.73,20,8.35
009820,37448,1104702,37.36,222,412938,27.88,53,9.83
009821,55127,518340,10.3,45,53499,6.58,13,30.61
009822,5073,72056,12.13,9,8753,5.64,2,24.65
009823,33791,348817,18.09,34,63192,13.89,9,27.98
009824,46841,524847,15.27,69,80229,9.17,16,26.75
009825,4452,119708,12.76,20,15307,4.56,4,11.5
009826,62097,821804,25.0,163,205562,16.43,44,18.81
009827,16241,215450,14.39,29,31027,9.0,8,22.98
009828,60831,783045,13.4,74,105077,9.16,22,24.16
009829,13874,327370,43.26,69,141733,35.66,25,11.61
00982A,180091,2215436,13.02,171,288953,9.46,35,21.49
00982B,768,25400,59.03,5,14998,53.33,3,6.92
00982D,2819,76729,36.43,20,27965,28.74,10,9.69
00982T,1926,16597,15.05,3,2500,6.26,1,32.0
00983A,8942,79186,22.77,15,18044,16.02,6,27.44
00983B,790,25153,56.03,7,14098,48.83,4,7.79
00983D,3968,104197,30.43,39,31731,10.65,5,7.41
00984A,62485,630458,15.26,43,96336,12.61,17,26.33
00984B,3473,119433,35.91,27,42907,29.07,12,6.89
00984D,14729,1146057,44.15,395,506233,27.68,99,2.45
00985A,46066,454289,16.56,42,75284,13.56,18,26.3
00985B,8711,833001,64.18,197,534769,54.15,61,2.45
00985D,2442,110732,56.08,27,62126,44.82,9,5.22
00986A,4701,39827,19.04,6,7591,11.2,2,30.91
00986B,392,20762,79.23,6,16452,73.57,4,3.89
00986D,2369,145677,51.19,42,74590,41.07,20,3.78
00987A,17443,153143,13.82,17,21200,9.98,8,31.5
00987B,2129,73327,54.26,26,39809,39.14,9,7.32
00987D,1685,96023,75.4,13,72407,72.8,10,5.37
00988A,232378,3181437,18.1,362,576335,12.82,81,18.57
00988B,5454,161333,28.69,39,46315,17.25,11,8.27
00989A,6714,66117,15.24,8,10094,11.28,4,26.25
00989B,2612,107452,39.65,35,42635,25.02,11,6.46
00990A,122027,2384022,33.62,403,802090,25.67,100,13.45
00990B,3261,88850,38.12,18,33885,31.12,8,10.86
00991A,338843,4461916,18.8,455,840078,14.25,117,19.6
00991B,404,259328,98.28,13,254909,97.44,9,0.3
00992A,179634,2266955,16.27,232,369261,11.48,56,21.53
00993A,46807,749591,20.51,97,153908,14.8,22,18.3
00994A,28638,267690,16.13,32,43233,10.41,7,26.37
00995A,24283,273035,15.56,28,42528,11.89,11,26.08
00996A,22546,284899,20.24,31,57749,15.51,9,22.92
00997A,68023,1134377,16.57,154,188290,9.86,29,17.29
00998A,23451,291109,29.95,30,87231,26.9,14,20.69
00999A,87779,1036017,10.6,88,109994,6.7,23,25.56
01001T,1357,583000,93.28,61,543908,90.05,28,0.5
01002T,3250,1393000,93.67,112,1305239,91.27,61,0.53
01004T,1243,730200,93.97,82,686365,90.32,38,0.32
01007T,1819,720000,92.8,82,668290,89.67,45,0.47
01009T,956,300000,90.21,61,270710,85.56,41,0.63
01010T,853,2308170,98.72,78,2279185,98.11,56,0.04
1101,511642,7523182,54.78,885,4122948,50.74,385,13.04
1101B,7407,200000,94.05,22,188128,91.24,14,2.19
1102,101536,3546563,81.85,330,2903794,79.61,199,5.95
1103,74292,832875,80.19,133,668057,76.64,86,5.81
1104,56064,686682,73.23,109,503020,67.79,47,8.14
1107,3432,10100,99.7,1,10070,99.7,1,0.29
1108,12979,404738,78.62,68,318279,74.79,43,6.48
1109,12069,341159,79.65,70,271829,72.96,36,5.9
1110,5172,572001,94.05,59,538076,91.42,36,0.97
1113O,178,840,0.0,0,0,0.0,0,63.21
1113R,381,2129,0.0,0,0,0.0,0,30.62
1201,87641,506063,63.84,66,323112,59.24,26,12.29
1203,55158,240000,90.94,50,218311,86.76,35,2.92
1204,3513,18357,45.78,6,8407,31.8,2,19.62
1207,46638,464094,77.29,48,358808,75.31,31,9.46
1210,100064,894767,65.14,128,583002,60.94,66,14.99
1212,30359,173922,44.29,45,77058,35.63,20,17.34
1213,6553,56623,81.16,12,45963,77.04,8,7.11
1215,97690,294790,56.27,32,165935,52.79,15,24.94
1216,142199,5682015,89.58,759,5091357,86.19,459,3.9
1217,137585,494513,61.92,131,306351,54.12,70,14.44
1218,82575,499999,66.99,65,335074,63.3,36,11.69
1219,52865,341238,64.2,79,219161,59.11,51,10.64
1220,47363,177078,67.88,47,120240,60.48,27,10.86
1221,18642,94972,34.2,22,32505,25.87,10,21.97
1224,3610,71910,88.36,20,63550,82.38,13,3.39
1225,43835,242268,89.46,39,216765,86.76,28,3.32
1227,53310,915090,67.15,72,614720,64.33,31,12.76
1228,1579,11108,38.0,5,4224,12.2,1,11.97
1229,103120,1831880,66.09,175,1211093,63.08,83,9.96
1231,36321,328300,64.8,27,212753,63.62,19,15.77
1232,16777,159975,73.51,10,117606,72.04,6,12.65
1233,10243,90592,75.86,27,68749,68.44,15,4.76
1234,24080,401871,83.05,136,333827,74.29,80,5.55
1235,2914,188578,96.36,15,181720,95.42,12,1.09
1236,11601,86674,83.66,23,72520,78.77,18,6.88
1238,2038,29935,11.74,4,3516,8.57,2,21.48
1240,3020,44232,69.69,25,30832,49.16,11,8.28
1256,6298,35781,59.9,10,21440,47.11,3,17.99
1259,16179,32390,78.33,9,25380,71.16,6,8.37
1260,1327,102098,76.37,30,77991,70.59,20,2.06
1264,9296,37052,47.19,16,17492,24.84,5,24.4
1268,3503,42224,78.11,17,32982,72.16,12,8.7
1269,728,20882,77.54,7,16195,72.54,5,3.46
1271,2879,77089,74.66,20,57575,64.42,7,5.65
1293,396,17094,74.32,11,12708,42.39,4,3.17
1294,4543,36626,60.22,16,22063,44.0,7,10.01
1295,3292,37600,57.92,15,21787,44.91,8,14.78
1301,293131,6365741,75.33,578,4796142,72.59,302,8.94
1303,280958,7930822,86.37,713,6852322,83.84,396,4.89
1304,99239,1188764,61.3,116,728967,57.82,48,13.61
1305,72181,581050,52.05,64,302616,48.61,27,16.58
1306,6129,44498,21.34,4,9502,19.41,2,23.55
1307,18031,397818,80.16,62,318985,77.3,41,6.7
1308,75807,593744,53.11,64,315436,49.95,32,16.25
1309,78585,397587,46.89,30,186527,43.94,11,21.93
1310,105143,527870,30.87,89,163036,24.82,33,24.56
1312,139255,1506620,60.09,175,905703,56.14,75,13.85
1312A,1269,20000,54.47,12,10897,21.4,2,13.56
1313,61271,1330846,68.68,167,914453,63.93,66,9.32
1314,299289,3784850,42.83,781,1622052,34.43,252,14.24
1315,5801,99099,81.67,43,80947,71.05,25,6.3
1316,61081,401646,41.9,80,168374,33.34,24,17.4
1319,31855,591477,80.22,106,474588,76.04,63,9.0
1321,3961,227228,70.54,93,160343,53.63,34,2.67
1323,14490,91275,70.58,36,64439,61.23,23,8.39
1324,23390,75122,66.27,20,49795,60.81,13,16.5
1325,36104,85281,48.73,11,41570,44.85,5,26.92
1326,183034,5861186,83.04,521,4868142,80.42,278,5.86
1333,15926,74515,51.19,14,38163,43.03,3,10.99
1336,12361,77614,51.32,23,39850,38.52,6,11.06
1337,52353,268955,47.24,54,127091,39.1,18,14.52
1338,55985,83840,44.16,25,37037,34.27,12,18.72
1339,7271,74124,75.22,16,55769,72.42,13,11.05
1340,61652,152923,35.16,27,53802,28.15,7,19.73
1341,9701,52851,83.71,16,44248,75.97,9,2.57
1342,8697,78501,59.04,15,46364,51.25,5,17.1
1343,1206,40514,66.19,22,26823,42.18,7,5.41
1402,88055,5352875,89.1,438,4770873,87.04,259,2.93
1407,162025,440648,35.29,76,155617,28.87,29,29.75
1407A,4916,67828,53.51,9,36304,52.88,8,18.87
1408,70677,351562,20.7,72,72860,12.54,23,29.38
1409,155997,1618409,61.47,206,995041,57.87,112,14.81
1410,6632,62000,77.06,20,47788,68.39,11,5.3
1413,8456,132112,76.07,26,100515,69.55,13,5.79
1414,26845,198000,88.57,38,175398,82.85,21,4.73
1416,45300,185342,56.27,39,104344,50.65,22,14.28
1417,55510,189942,57.97,49,110155,48.25,20,16.45
1418,30556,56834,71.58,19,40693,58.96,7,5.42
1419,16817,300041,90.94,74,272932,85.53,48,2.12
1423,18131,99648,83.31,29,83046,74.48,15,4.86
1432,257251,108000,54.84,14,59244,53.3,11,29.9
1434,63998,1684665,72.04,163,1213880,68.61,68,7.67
1435,33048,139780,94.87,24,132621,93.05,19,2.19
1436,14358,194152,76.47,38,148516,72.04,24,9.41
1437,8493,201871,79.68,74,160905,67.32,36,4.73
1438,5036,111206,83.05,28,92375,76.79,18,4.85
1439,4332,92000,85.75,31,78901,77.15,19,4.82
1440,93642,1656816,78.39,272,1299199,73.51,142,6.81
1441,14428,71744,65.0,15,46655,58.35,7,19.63
1442,8484,366211,87.4,109,320140,79.25,65,3.14
1443,15690,135343,89.98,40,121809,82.69,23,2.77
1444,60383,995595,64.17,138,638947,59.93,71,10.51
1445,11835,130666,68.63,40,89707,59.26,20,7.65
1446,8012,137710,66.41,29,91477,62.65,19,8.82
1447,42179,910071,70.16,128,638801,65.97,66,10.0
1449,45130,127115,38.86,28,49413,32.57,15,23.44
1450,15114,78811,25.83,14,20375,21.04,8,25.53
1451,16673,198000,63.76,40,126291,56.67,15,10.84
1452,47005,132641,49.69,40,65932,38.8,18,15.12
1453,14000,113243,75.67,18,85719,73.7,14,12.3
1454,13767,129834,81.59,35,105956,77.26,27,6.51
1455,34647,531688,67.22,80,357478,63.09,44,11.52
1456,4622,93720,85.56,15,80210,80.69,8,3.55
1457,16520,316730,75.03,71,237700,68.29,38,6.66
1458,21139,260746,59.79,59,155935,51.07,23,13.66
1459,12233,268972,84.17,60,226459,78.33,35,4.73
1460,23802,694643,72.04,124,500517,65.23,51,6.26
1462,61075,299793,46.4,98,139155,34.47,37,16.04
1463,33379,173268,81.94,42,142018,75.17,20,5.06
1464,63537,425576,61.6,88,262236,54.35,38,9.86
1465,10185,103607,71.97,37,74595,62.34,22,10.12
1466,21699,111157,69.24,35,76988,62.1,23,10.72
1467,17847,233625,67.27,45,157191,59.72,18,10.22
1468,1324,160405,97.55,18,156487,96.81,16,0.39
1469,336,87218,92.35,28,80568,87.63,21,0.17
1470,1192,85767,86.23,34,73968,70.27,13,0.71
1471,56213,150415,22.31,23,33579,16.98,8,29.53
1472,3591,52765,82.13,18,43351,69.47,7,2.54
1473,12546,146154,72.28,31,105671,69.45,24,9.91
1474,16291,129897,59.03,30,76697,53.32,17,13.32
1475,2289,66017,76.29,16,50381,69.0,8,4.29
1476,22364,274367,78.51,77,215484,71.59,45,8.34
1477,30897,246694,59.68,76,147258,50.64,40,16.35
1480,373,416085,98.13,59,408344,94.48,37,0.15
1491,1716,54818,59.65,24,32709,46.3,13,3.37
1492R,86,526,0.0,0,0,0.0,0,36.14
1503,80008,520972,73.47,66,382834,70.81,44,14.37
1504,200866,2376441,70.64,237,1679233,67.85,125,14.25
1506,21292,300389,77.32,47,232351,71.35,16,4.19
1512,19976,98183,54.06,19,53083,47.97,8,9.4
1513,155957,503113,45.99,83,231475,41.08,42,35.12
1514,101818,278571,40.77,57,113641,33.36,25,34.97
1515,24623,181474,48.84,33,88654,40.33,10,21.81
1516,43398,40008,64.82,15,25938,58.33,11,11.94
1517,46234,220000,48.4,30,106543,44.1,14,22.19
1519,85985,347469,73.9,77,256857,68.6,47,13.43
1521,23430,76230,68.06,12,51894,66.44,10,13.3
1522,30055,312898,57.59,51,180252,52.55,25,19.71
1522A,1381,30000,87.74,10,26328,80.53,7,4.12
1524,45381,165310,38.46,21,63611,35.53,12,30.71
1525,3180,73400,89.25,9,65515,86.5,6,5.46
1526,52358,60000,38.14,12,22890,29.94,3,24.0
1527,64314,138571,33.55,21,46513,29.15,11,28.45
1528,93784,191331,29.52,11,56499,27.74,4,40.28
1529,30102,195095,48.27,30,94206,45.0,20,21.61
1530,10722,94594,75.93,15,71834,70.06,6,11.04
1531,12798,182108,64.1,52,116744,54.14,21,9.33
1532,19329,422604,66.7,108,282023,58.67,52,8.34
1533,9964,98547,63.69,36,62779,52.11,18,17.44
1534,4100,67733,47.06,19,31893,35.44,7,13.11
1535,9834,123743,75.79,10,93796,75.37,9,11.07
1536,83616,278960,33.39,51,93181,27.6,24,31.2
1537,15850,82063,51.04,24,41902,43.01,14,24.43
1538,7609,32300,78.45,7,25345,70.77,3,6.66
1539,5268,65370,61.14,11,39972,60.51,10,15.6
1540,41185,85474,34.8,21,29768,23.21,5,31.79
1541,2430,78800,83.76,15,66023,79.46,10,4.75
1557,113,1722,30.57,1,527,0.0,0,13.88
1558,27471,64536,39.14,30,25272,16.74,8,22.58
1560,22354,151900,66.02,67,100316,50.31,29,10.56
1563,15023,169206,45.93,52,77744,36.51,24,13.1
1565,37597,50417,17.54,11,8856,8.4,3,38.15
1568,9650,103087,64.83,31,66850,57.23,18,12.9
1569,24215,144247,51.2,35,73878,42.66,14,13.95
1570,34879,51501,55.3,11,28492,44.49,2,11.23
1580,27747,49339,38.5,14,19004,29.88,8,26.88
1582,66499,144269,31.51,27,45494,25.78,12,35.04
1583,2501,109400,91.25,17,99839,89.51,14,3.01
1584,56092,232471,40.96,34,95266,36.68,18,22.03
1585,934,57700,65.76,33,37958,46.04,13,3.11
1586,11992,129500,72.88,50,94403,61.2,25,8.52
1587,11841,80056,47.05,21,37673,37.91,8,20.42
1589,43147,153136,28.35,30,43458,21.0,11,25.01
1590,6691,200000,72.88,101,145807,53.39,38,1.72
1591,32399,38048,20.41,9,7771,8.04,1,21.71
1592,6278,110978,26.47,25,29390,18.1,8,15.24
1593,3304,39785,50.05,18,19914,35.43,9,14.03
1594,647,33220,82.82,12,27515,75.4,8,3.24
1595,9353,57725,48.43,22,27965,36.44,12,17.9
1597,20208,89262,49.48,32,44184,37.11,15,27.79
1598,10593,179142,60.48,49,108391,52.73,29,11.51
1599,11800,73029,64.98,21,47472,56.85,12,17.02
1601,16637,106258,11.58,13,12322,6.31,3,25.92
1602,273804,386027,12.17,26,47056,9.57,9,58.26
1603,13472,191688,72.71,30,139409,69.49,21,12.56
1604,101746,384200,58.76,75,225818,52.6,36,17.1
1605,249953,4431333,75.23,370,3334384,72.8,195,10.02
1606,77429,769408,15.95,119,122828,9.55,31,24.53
1608,48993,632774,66.2,60,419102,63.28,29,15.13
1609,196149,785262,32.61,107,256294,28.49,56,30.69
1611,87093,322736,52.74,80,170267,43.93,33,20.27
1612,37453,316080,61.53,67,194530,55.51,32,17.27
1613,22765,227418,57.74,67,131348,47.38,28,9.98
1614,5188,269113,83.15,84,223821,75.52,51,2.32
1615,8688,198630,80.71,35,160367,76.85,22,6.58
1616,14652,194149,60.0,26,116522,56.52,16,15.74
1617,11771,169515,75.34,37,127744,69.13,22,10.06
1618,22113,192692,57.86,30,111515,53.37,15,21.37
1623,5840,66000,77.1,13,50892,73.47,9,10.81
1626,9861,149822,69.57,49,104260,60.15,27,8.8
1702,64005,294133,57.92,31,170438,54.85,16,19.76
1707,68792,148137,50.92,49,75456,40.62,25,22.93
1708,86040,249002,39.47,42,98320,33.94,21,34.0
1709,40074,477016,73.04,129,348512,64.24,63,8.72
1710,59346,885703,62.64,134,554974,57.41,61,11.86
1711,97750,547752,44.9,93,245996,39.45,42,24.44
1712,82461,420493,56.5,117,237650,47.63,58,14.97
1713,23542,150952,74.3,29,112185,67.7,12,7.39
1714,107696,991825,52.15,147,517382,46.81,58,16.26
1717,100004,1184245,66.81,237,791463,60.9,124,14.41
1718,190308,1685906,52.67,217,888384,47.8,85,17.04
1720,16070,196566,65.0,31,127800,61.5,18,12.78
1721,67764,184884,37.66,33,69662,31.59,14,28.05
1722,122652,980000,63.66,156,624047,58.23,69,12.47
1723,62621,236904,52.55,39,124556,46.93,15,21.52
1725,3605,181830,94.44,20,171749,93.1,16,2.65
1726,9493,162000,85.42,28,138416,83.56,23,4.84
1727,17559,128020,64.88,32,83092,57.82,16,17.74
1729,4208,180688,91.39,47,165190,85.84,32,3.55
1730,10055,63234,57.3,11,36241,53.73,8,25.35
1731,18419,132915,55.7,15,74050,51.75,7,14.96
1732,38016,42444,46.4,5,19696,44.13,4,28.41
1733,38239,99950,44.05,20,44054,31.9,4,20.12
1734,70396,190197,49.72,41,94613,41.5,17,18.36
1735,8359,99388,78.42,12,77945,77.82,11,9.67
1736,7782,303395,88.54,46,268685,83.16,23,3.27
1737,74632,200000,62.35,23,124741,59.3,13,18.11
1742,11289,92671,80.8,27,74891,72.77,15,4.25
1748,709,14304,39.61,3,5668,36.48,2,16.91
1748R,105,529,0.0,0,0,0.0,0,61.98
1752,8130,100988,63.43,17,64084,58.31,9,15.5
1760,38956,85739,43.0,22,36883,33.89,8,26.19
1762,53908,76918,45.69,16,35163,36.1,5,21.47
1773,17029,300000,74.01,56,222114,68.31,27,7.97
1776,3229,60107,65.81,32,39567,44.14,13,8.92
1777,3341,44592,59.87,9,26703,54.22,5,11.86
1780,2596,109075,78.44,44,85586,63.16,19,4.25
1781,35685,47408,44.87,22,21281,23.54,6,21.78
1783,38045,89698,63.91,19,57341,56.1,7,10.69
1784,34518,53121,28.08,14,14926,18.13,6,25.45
1785,133137,595951,42.53,107,253557,36.49,50,28.11
1786,44820,74828,51.05,24,38216,44.39,16,17.48
1788,7742,44521,49.79,15,22176,40.09,8,23.28
1789,24633,790739,76.97,53,608764,74.61,22,6.19
1794,131,1322,0.0,0,0,0.0,0,16.46
1795,41073,266738,57.28,32,152853,52.28,10,22.14
1796,7591,41460,55.76,12,23129,45.18,5,8.39
1799,18890,248776,66.28,22,164919,64.07,12,10.54
1802,200290,2908061,76.44,174,2223443,74.53,85,12.85
1805,9266,134970,77.82,39,105057,70.4,23,4.71
1806,24604,390404,74.69,60,291637,70.92,36,9.66
1807,7550,114373,47.4,37,54225,38.24,20,12.56
1808,27534,893032,80.85,96,722164,78.85,65,6.55
1809,53408,167042,48.04,31,80284,43.48,18,30.54
1810,24474,302304,61.7,69,186582,56.33,43,17.59
1813,9045,46636,47.73,16,22269,33.67,5,23.35
1814,451,18982,78.82,12,14966,53.7,5,4.45
1815,153913,585459,51.38,98,300913,47.66,63,28.11
1816,900,24515,94.8,2,23242,91.94,1,1.83
1817,4504,72600,64.99,26,47189,58.35,17,11.51
1818,135,11635,75.49,7,8785,63.87,5,1.46
1819,136,33504,84.42,17,28292,65.69,9,0.51
1903,20890,260039,81.11,65,210955,74.91,41,4.05
1904,323559,1108275,68.39,144,758182,64.11,73,12.7
1905,71118,1102835,71.28,70,786369,69.05,28,13.14
1906,12484,151000,74.34,26,112287,70.13,17,10.73
1907,81802,1660371,85.46,209,1419263,82.2,122,5.06
1909,84378,1327686,68.28,171,906637,63.79,73,8.28
1918,30816,241196,20.83,26,50314,17.85,15,31.71
2002,1315246,15734861,53.04,1506,8346668,49.26,476,15.93
2002A,5362,38268,21.77,10,8340,8.37,2,28.29
2006,58974,730214,81.25,160,593422,75.03,91,7.62
2007,27486,530652,76.75,14,407419,75.66,4,9.01
2008,7480,190852,92.58,18,176715,91.25,14,3.15
2009,47767,359622,57.79,17,207914,56.14,8,24.57
2010,34654,647655,69.19,120,448283,65.01,75,10.32
2012,44589,302163,83.85,79,253405,74.58,33,5.0
2013,43799,200000,79.48,24,158999,77.32,17,11.07
2014,173236,1435544,50.53,103,725797,47.56,34,19.82
2015,11649,581599,88.2,152,513049,82.1,93,2.82
2017,40941,446875,61.57,67,275231,56.96,31,12.93
2020,59706,267031,50.86,53,135847,44.19,28,16.82
2022,62262,337168,40.42,32,136363,37.14,14,21.74
2023,101235,1821240,79.38,117,1446122,77.79,68,7.07
2024,50374,97500,83.02,13,80957,80.78,9,6.93
2025,30245,172661,62.64,29,108193,59.38,19,11.32
2027,105184,2584261,77.8,377,2010996,73.74,203,6.94
2028,21333,325715,83.45,39,271879,81.29,28,6.34
2029,14159,321180,71.56,26,229918,67.77,5,8.61
2030,55045,280526,54.0,52,151553,48.4,29,18.06
2031,65348,321146,58.44,60,187755,53.63,35,16.55
2032,12130,130522,59.23,42,77334,49.58,21,17.83
2033,4422,80695,78.33,28,63219,66.76,15,6.34
2034,37838,528996,50.93,106,269498,44.3,46,15.66
2035,20739,350000,96.58,23,338102,96.11,21,0.64
2038,26130,194134,53.95,27,104781,49.46,13,17.15
2049,65397,353792,70.41,116,249180,60.33,58,13.53
2052R,5551,9170,10.19,2,935,0.0,0,49.42
2056,254,105000,93.38,44,98068,85.71,33,0.43
2058,37095,305261,26.02,63,79526,18.54,22,17.05
2059,51407,95297,65.2,32,62154,54.18,15,5.79
2060,135,35739,87.22,4,31173,87.22,4,0.33
2061,11658,57378,47.52,24,27276,30.52,7,15.96
2062,11499,199994,61.46,38,122958,55.43,16,12.73
2063,3380,48101,52.59,19,25304,37.55,7,12.65
2064,1627,69330,83.08,30,57608,72.44,16,4.48
2065,49503,63517,52.02,17,33049,44.41,10,19.25
2066,3089,44450,68.75,19,30566,53.56,8,11.28
2067,2231,45138,56.54,12,25528,49.07,6,10.06
2069,9108,166387,64.2,47,106849,53.44,19,12.13
2070,5250,41783,63.06,19,26353,47.35,8,19.73
2071,904,69046,85.21,25,58848,73.64,12,1.99
2072,10284,192000,74.17,24,142451,71.39,15,8.47
2073,642,27500,75.22,15,20688,51.61,6,3.25
2101,37161,733935,64.6,133,474298,58.47,59,8.84
2102,79235,473329,81.8,65,387231,78.03,37,5.53
2103,81957,825710,59.61,124,492393,54.78,57,11.48
2104,107608,984734,45.46,200,447847,37.59,73,12.34
2105,81598,3241416,80.43,317,2607515,77.36,155,5.78
2106,33200,954890,79.82,164,762440,74.7,82,5.29
2107,47929,303593,64.34,71,195402,58.83,43,13.35
2108,53100,492417,71.19,97,350680,65.39,54,11.35
2109,35142,279349,74.51,70,208207,66.68,35,5.77
2114,5305,77992,65.44,18,51048,59.19,9,10.75
2115,3611,104373,70.51,36,73616,58.78,17,5.67
2201,94597,1070001,63.88,108,683752,60.06,46,14.12
2204,42465,553620,73.81,62,408732,70.97,37,11.74
2206,67819,773676,85.53,104,661809,81.7,61,5.96
2207,13303,557103,89.76,113,500212,83.23,53,1.48
2208,123462,1274539,54.93,149,700484,49.73,41,15.1
2211,24853,417091,80.77,58,337022,77.19,34,7.38
2221,4387,42325,68.86,6,29147,66.93,5,13.14
2227,7473,300000,93.51,11,280531,93.27,10,3.54
2228,9705,79780,55.88,13,44591,53.88,10,20.59
2229,59,1462,41.04,1,600,0.0,0,7.78
2230,11596,68030,45.83,25,31191,33.58,13,15.71
2231,13682,135932,65.29,28,88764,60.99,18,15.15
2233,38525,60289,41.68,11,25136,34.51,4,27.57
2235,1363,35878,83.99,12,30137,76.08,8,6.62
2236,3261,63517,74.01,22,47023,66.58,13,6.68
2237,3302,128886,76.89,22,99127,70.63,8,4.71
2239,2712,117713,80.09,17,94296,78.12,13,4.32
2241,28916,104602,42.13,32,44094,32.38,14,16.08
2243,2838,77374,67.52,35,52258,53.78,16,6.58
2245,501,35640,80.22,12,28598,66.91,5,2.29
2246,2884,42613,68.53,3,29213,65.07,1,9.19
2247,7933,80711,76.68,14,61904,72.7,8,9.74
2248,936,47600,78.32,17,37290,67.58,9,3.0
2249,1301,28160,70.68,13,19910,54.24,6,7.37
2250,9450,36388,51.37,4,18698,48.97,3,20.95
2252,1735,106618,80.85,19,86209,76.03,10,3.35
2254,2678,63908,93.62,16,59840,89.33,12,1.48
2255,1940,60932,80.27,20,48925,71.28,10,4.46
2256,2315,39024,57.47,16,22437,41.47,5,10.88
2258,8969,1751431,93.9,54,1645064,92.82,25,1.12
2301,188116,2316108,80.88,475,1873858,75.22,276,9.35
2302,24507,166303,62.18,19,103451,57.35,7,21.63
2303,971468,12570094,74.87,1241,9413438,72.08,688,12.07
2305,23002,205661,67.44,30,138758,62.22,12,14.53
2308,635776,2597543,80.26,557,2085547,73.59,275,8.67
2312,200632,1506189,48.65,213,733138,44.18,102,24.11
2313,295320,1233821,59.24,214,731107,54.07,112,25.89
2314,53079,108596,11.52,14,12529,5.51,3,43.7
2316,61158,182741,64.41,45,117723,56.42,21,20.42
2317,1140654,14075746,69.44,1441,9776844,66.76,832,13.09
2318,28529,106023,27.01,15,28653,22.81,7,30.0
2321O,14519,30272,71.37,3,21606,71.37,3,14.13
2323,128069,1089348,46.13,210,502718,39.21,86,17.45
2324,320428,4407147,63.78,623,2811789,59.68,333,15.89
2326,48274,40335,12.69,6,5133,6.51,2,45.72
2327,624900,2058731,67.05,351,1380788,62.66,203,18.97
2328,118167,518346,41.35,62,214431,37.26,28,30.18
2329,128760,658948,50.59,69,333561,46.67,27,25.9
2330,3050518,25932370,87.48,2629,22689130,84.7,1481,5.9
2331,56554,557403,58.97,68,328793,54.27,21,17.93
2332,104030,602163,34.3,101,206694,29.05,44,23.74
2333,87645,277761,29.04,56,80728,20.37,18,32.83
2335,6028,49483,35.58,13,17615,25.39,4,20.04
2337,494950,1986261,40.49,300,804527,35.87,146,33.73
2338,87648,366849,44.7,48,164078,39.9,22,27.8
2340,109766,438623,38.11,57,167219,33.18,21,26.99
2341,23853,6852,86.94,1,5958,86.94,1,8.91
2342,142082,157335,36.94,14,58145,32.65,4,38.25
2344,585563,4720491,67.54,534,3189059,64.01,273,17.54
2345,100854,561118,70.25,220,394333,56.34,97,5.99
2347,40809,1667947,88.74,256,1480481,84.9,155,4.14
2348,25141,159486,70.03,32,111727,65.24,20,12.97
2348A,2634,30000,65.87,6,19766,55.71,2,6.99
2349,143287,693680,28.73,123,199405,21.72,42,26.8
2351,19961,195803,77.6,76,151998,68.67,49,9.69
2352,192953,1580507,48.16,201,761463,43.47,78,19.67
2353,389687,3047854,38.31,371,1167894,33.85,151,25.28
2354,185134,1414485,49.99,132,707322,46.98,66,25.44
2355,76103,397495,41.15,98,163636,33.55,47,29.58
2356,246716,3587475,73.89,392,2651692,70.74,209,13.4
2357,112376,742760,74.87,217,556264,65.92,112,10.13
2358,39731,136623,28.0,17,38264,24.24,8,27.35
2359,63619,171471,47.31,39,81146,39.2,18,34.09
2360,32870,425246,69.96,186,297609,53.01,71,3.04
2361,19314,46544,52.97,6,24656,47.24,2,20.77
2362,31275,622263,81.04,113,504462,77.15,75,7.69
2363,129468,514988,35.16,64,181175,30.96,29,34.23
2364,56110,52389,56.08,11,29390,51.35,7,21.76
2365,98404,221528,23.59,26,52306,19.65,13,44.29
2367,189659,706253,28.82,90,203694,25.15,46,41.21
2368,112573,530595,76.42,128,405608,68.12,57,9.29
2369,127578,380102,30.86,54,117366,26.31,26,37.6
2371,268143,2150835,48.63,288,1046342,43.82,120,19.22
2373,14140,236203,87.27,27,206177,86.21,23,6.87
2374,104927,337992,25.61,41,86610,21.55,19,38.63
2375,77744,108675,23.87,19,25950,15.31,4,54.88
2376,94521,669889,72.61,158,486570,65.14,81,13.59
2377,97855,844856,68.21,188,576377,62.1,107,16.21
2378,17778,141056,33.79,25,47689,26.97,9,20.35
2379,86475,515513,74.01,207,381626,59.29,88,6.64
2380,23544,60000,35.88,8,21533,32.78,5,32.59
2381,2565,119,0.0,0,0,0.0,0,32.56
2382,275649,4107627,85.35,517,3506827,81.7,287,7.74
2383,121470,358321,68.04,135,243894,55.54,62,6.45
2384,157967,2047778,28.02,329,574175,20.93,96,18.89
2385,51453,765721,74.27,176,568847,68.14,101,11.14
2387,16940,195251,58.23,29,113728,52.6,13,17.92
2388,54188,556441,71.38,69,397331,67.96,39,14.37
2390,62193,192619,38.83,25,74837,33.81,9,26.45
2392,65497,512327,50.65,64,259584,46.12,23,23.39
2393,51304,443393,67.13,124,297780,59.61,70,14.03
2395,35476,869188,85.02,211,739209,77.11,96,2.97
2396,56590,1276356,45.53,238,581442,37.15,63,10.88
2397,9193,114489,69.14,17,79170,65.42,11,13.58
2398,38407,412934,36.58,46,151154,32.8,20,19.17
2399,54114,178100,33.43,39,59579,23.78,15,36.13
2401,131202,591995,41.55,98,246083,35.75,41,25.47
2402,82555,307537,38.04,51,117073,32.92,24,33.19
2404,69620,190587,53.58,71,102170,39.17,28,19.24
2405,96974,343427,24.64,47,84683,19.47,17,30.6
2406,115947,350906,24.3,57,85352,17.28,21,37.66
2407,48652,734797,37.89,178,278590,27.9,56,11.9
2408,370062,3450206,82.81,322,2858062,80.0,166,8.91
2409,629821,7547099,50.23,902,3792069,45.71,343,17.25
2410,12540,160000,36.35,51,58208,23.71,16,11.16
2412,298660,7757447,79.65,520,6179655,77.93,302,6.67
2413,27323,127359,55.44,22,70631,50.42,13,24.74
2414,15690,161736,59.59,44,96410,49.74,18,14.15
2415,8822,90000,63.61,20,57258,58.53,12,16.76
2417,61594,157219,42.15,20,66289,39.0,12,32.45
2418,64447,1023117,47.82,137,489398,42.17,39,12.99
2419,37882,321317,64.89,15,208581,62.61,2,17.87
2420,39115,152649,48.59,37,74208,39.27,15,21.36
2421,54244,286944,64.09,101,183951,52.55,45,15.73
2423,6176,145047,76.21,34,110561,69.54,17,6.03
2424,4336,59585,80.85,6,48185,79.18,5,7.44
2425,44087,96499,47.52,21,45876,38.88,7,27.87
2426,112316,300622,45.25,53,136101,41.01,34,29.3
2427,21943,198000,53.7,15,106366,50.19,5,21.32
2428,19165,128113,60.22,30,77171,51.75,13,18.78
2429,27490,85500,48.39,14,41386,42.61,7,23.43
2430,37946,116800,63.42,24,74102,57.0,11,15.3
2431,51582,110927,42.04,15,46651,36.0,4,23.2
2432,1258,61860,77.54,9,47978,72.93,4,4.65
2433,7853,144496,79.0,18,114157,77.79,14,10.24
2434,5997,37000,78.19,3,28934,74.38,1,14.25
2435,8964,74692,32.68,10,24423,28.75,4,21.88
2436,75675,221071,26.19,46,57961,18.14,20,41.37
2438,26480,71196,58.54,21,41689,49.52,12,15.69
2439,71651,248641,30.31,53,75429,22.12,21,35.24
2440,8647,139117,70.28,26,97794,67.57,19,10.37
2441,59612,568846,68.97,89,392506,63.61,41,16.92
2442,49910,325232,54.67,53,177853,48.73,22,12.93
2443,30669,150909,55.25,45,83395,45.97,24,12.9
2444,36064,106570,30.92,21,32967,22.01,5,21.35
2445,6213,48163,15.7,7,7571,12.45,4,26.56
2449,270590,1283882,60.64,276,778925,54.88,157,21.26
2450,17522,258253,76.82,17,198445,75.97,14,11.3
2451,45425,431346,70.76,62,305322,64.76,24,13.45
2453,25579,100000,48.14,15,48159,41.48,5,27.8
2454,572616,1603879,73.91,504,1185892,63.49,234,8.05
2455,62185,188213,57.16,81,107620,40.71,33,18.42
2457,112322,424772,29.1,53,123671,24.51,21,30.67
2458,63572,303880,57.31,82,174221,48.77,42,21.41
2459,15067,105596,52.93,32,55918,41.95,11,14.19
2460,44599,169200,58.43,21,98896,53.72,7,15.91
2461,49994,191888,45.79,54,87910,37.09,26,17.28
2462,26091,150784,56.07,36,84581,50.31,21,17.03
2464,88839,218869,48.21,52,105562,40.78,26,28.22
2465,48751,93946,41.1,18,38632,32.38,5,28.14
2466,5509,173459,87.44,51,151702,80.91,33,4.52
2467,47621,161816,69.36,57,112262,58.9,30,12.77
2468,11320,69961,50.77,3,35524,50.02,2,27.82
2471,36849,47254,24.48,16,11578,6.74,1,41.59
2472,37762,164735,57.86,48,95353,48.51,24,26.29
2474,52057,538821,72.12,87,388687,67.8,54,13.81
2475,226580,6479454,71.17,1102,4612854,64.6,429,6.13
2476,19248,220145,67.78,61,149262,59.95,33,11.88
2477,11699,158573,73.57,40,116690,66.99,23,11.03
2478,59068,144731,57.11,49,82688,46.82,23,23.95
2479,13053,37738,32.48,6,12262,25.7,1,31.6
2480,41995,106360,31.77,35,33804,18.11,11,26.32
2481,104016,382116,56.62,77,216425,51.46,48,27.87
2482,38589,77883,40.5,13,31554,35.02,6,29.36
2483,9406,107890,64.03,30,69105,56.11,16,15.48
2484,89185,159421,24.23,33,38657,16.57,13,48.34
2485,136781,317689,23.27,37,73977,20.45,21,47.59
2486,90488,240768,36.83,53,88715,29.19,24,31.2
2488,40634,79999,52.72,24,42186,44.68,13,17.89
2489,132519,610000,31.76,78,193786,27.85,39,35.79
2490,15415,162918,21.55,30,35133,15.55,12,21.72
2491,13357,82008,75.16,26,61654,67.16,15,11.34
2492,123432,485205,63.21,68,306791,59.31,38,24.77
2493,45778,126797,52.39,36,66449,42.59,17,22.32
2494,10286,41493,81.48,10,33814,73.06,5,9.76
2495,38208,273552,50.97,45,139502,45.94,23,22.78
2496,4233,19100,49.57,9,9470,35.02,4,18.76
2497,11948,130888,65.5,33,85771,57.65,17,15.63
2498,163905,836440,39.14,141,327592,33.45,66,26.52
2499,47823,461172,44.19,81,203855,37.98,35,15.36
2501,44244,1159561,77.16,157,894768,72.46,72,7.43
2504,89939,1180000,75.09,203,886187,69.97,107,7.03
2505,23760,380000,80.02,68,304141,75.62,39,6.27
2506,65349,387000,77.06,75,298309,72.37,46,8.67
2509,16383,224551,69.65,44,156468,63.89,23,9.96
2511,45958,1623326,80.74,293,1310960,75.47,152,3.69
2512,43909,489945,34.23,96,167810,25.06,22,14.73
2514,17693,394729,88.1,49,347806,85.09,30,3.78
2515,142011,1688460,60.84,341,1027689,53.56,136,9.39
2516,49027,226278,73.15,63,165583,65.6,38,6.91
2520,76589,609487,74.97,97,457058,71.01,58,8.51
2521,25293,319501,35.27,57,112767,25.85,11,15.88
2523,14033,227709,44.79,58,102027,36.04,25,12.25
2524,7572,365984,93.21,37,341226,91.59,27,2.35
2525,52522,650358,31.82,172,207074,20.38,50,15.1
2527,7585,270306,80.97,35,218891,76.26,14,4.75
2528,8319,437765,84.38,88,369503,79.06,49,2.84
2530,30920,841256,85.89,140,722704,82.08,91,2.3
2533,14042,152965,38.32,37,58641,26.11,7,17.04
2534,63125,474228,72.68,110,344745,66.24,63,7.6
2535,63408,270794,60.97,65,165145,54.87,34,15.0
2536,8341,332809,78.36,81,260874,69.9,39,4.09
2537,43284,300558,61.31,75,184353,53.35,36,11.84
2538,28679,445025,73.72,127,328156,65.86,70,4.68
2539,20473,1193103,86.87,123,1036650,84.29,72,3.15
2540,17376,944874,91.12,81,861139,89.21,54,2.73
2542,104507,2153084,65.96,229,1420618,62.69,114,10.01
2543,32142,528542,71.44,75,377682,67.48,40,9.18
2545,16418,379735,76.75,43,291568,73.91,25,8.44
2546,53817,146187,63.27,23,92504,59.26,12,13.44
2547,74458,1035095,70.51,188,730062,63.93,80,5.88
2548,40751,335705,49.39,100,165876,38.95,43,19.15
2553,19287,81611,18.92,13,15465,11.16,4,33.82
2566,325,2416,0.0,0,0,0.0,0,31.89
2569,61,11552,83.38,2,9634,74.73,1,0.61
2591,80,817,0.0,0,0,0.0,0,18.25
2592,57,10494,90.43,4,9490,82.1,3,1.35
2596,3238,100000,72.24,29,72253,61.73,14,5.68
2597,12922,310716,81.38,41,252904,78.08,25,5.23
2599,1377,98524,66.04,41,65076,51.78,16,2.09
2601,107854,824776,32.08,106,264716,26.55,33,22.69
2603,270028,2165043,75.44,377,1634003,70.35,203,11.88
2605,105784,585353,55.44,115,324588,49.18,55,19.18
2606,45568,845056,78.89,120,666865,75.36,72,9.46
2607,38922,533571,78.13,90,417027,71.58,37,8.67
2608,51913,467000,76.55,70,357572,71.3,32,10.63
2609,353197,3492104,63.59,329,2221614,60.59,160,19.38
2610,243591,6144989,73.04,547,4489802,70.15,257,9.27
2611,50604,189002,48.03,25,90802,44.1,12,21.94
2612,36588,197485,76.42,17,150958,71.73,3,9.87
2613,40086,148423,56.34,29,83644,49.59,11,21.2
2614,100812,327265,46.09,44,150901,41.22,19,23.07
2615,91546,2806146,89.72,306,2518273,86.89,178,4.51
2616,213603,137282,45.06,18,61872,41.0,9,29.86
2617,27678,417294,65.58,68,273744,59.7,28,14.12
2618,195586,5400444,82.6,672,4462013,79.4,401,6.4
2626,296,2885,0.0,0,0,0.0,0,25.25
2630,23421,209438,63.97,12,134022,61.7,4,20.45
2633,104280,5628293,86.99,293,4897225,85.24,138,4.15
2634,116677,941867,48.71,72,459030,46.38,35,23.63
2636,55318,141835,44.55,34,63218,37.76,19,28.41
2637,23392,746409,84.06,152,627634,78.5,85,4.88
2639,1106,99999,99.01,2,99010,99.01,2,0.48
2640,3451,59265,73.71,25,43695,58.2,11,6.22
2641,80127,330334,28.75,50,95052,22.66,14,28.26
2642,19566,95467,60.38,7,57646,60.38,7,26.92
2643,4282,35000,63.96,9,22388,58.78,7,17.6
2644,2502,82952,80.03,34,66399,74.84,28,4.0
2645,31067,374571,80.91,31,303165,78.21,14,9.84
2646,241580,3008735,65.32,136,1965754,63.6,52,16.18
2701,14734,449968,86.34,36,388628,84.55,24,3.64
2702,12349,156613,73.71,18,115467,72.55,15,9.46
2704,30485,366923,88.72,70,325580,83.74,43,3.13
2705,83218,191313,66.68,42,127606,60.56,23,14.06
2706,16068,499998,85.41,58,427094,81.57,26,3.61
2707,18059,127403,60.9,17,77601,54.75,4,19.63
2712,2017,105000,90.79,19,95351,86.86,13,3.42
2714,3935,1138,0.0,0,0,0.0,0,87.1
2718,2632,87576,88.24,16,77286,88.24,16,3.5
2719,3285,69456,90.67,4,62977,89.18,2,5.12
2720,2751,80000,61.03,27,48837,48.9,12,3.59
2722,4911,143170,87.26,31,124956,82.09,20,4.93
2723,8954,180000,69.94,41,125933,61.82,18,8.82
2724,1024,59656,84.77,10,50580,81.32,6,1.77
2726,2437,37690,65.06,16,24526,49.92,7,8.77
2727,148854,82940,39.17,35,32504,17.19,7,26.18
2729,6239,43041,67.84,13,29204,59.29,8,16.13
2730,2322,37215,86.67,2,32256,86.67,2,2.97
2731,30592,93278,43.59,23,40676,33.76,9,29.42
2732,6057,46519,59.08,19,27487,54.13,14,20.57
2733,683,24598,77.51,8,19069,75.36,7,4.52
2734,28698,57260,38.98,13,22326,31.34,6,24.83
2736,6296,79972,55.95,17,44764,46.33,7,14.23
2738,57,67381,97.88,6,65966,94.86,3,0.02
2739,5363,91526,73.84,20,67600,69.15,13,10.26
2740,2928,16762,72.53,2,12158,72.53,2,2.83
2741,1725,22588,64.85,8,14655,48.86,3,12.14
2743,6742,46815,52.86,8,24755,50.27,6,24.44
2745,5255,33809,51.28,5,17339,51.28,5,24.9
2748,9570,105779,61.46,6,65027,59.44,2,16.89
2749,248,20800,75.15,16,15634,33.27,2,2.43
2750,180,60000,98.53,18,59126,88.06,10,0.13
2751,1562,19844,60.32,1,11970,60.32,1,11.3
2752,2577,26694,63.58,16,16976,40.59,6,9.07
2753,11892,66645,54.93,19,36617,43.81,8,17.07
2754,4355,46907,73.13,6,34309,66.51,1,11.59
2755,3855,47161,66.35,16,31300,58.35,9,10.34
2756,1611,24598,71.14,13,17503,53.58,6,8.48
2758,7436,20486,73.57,13,15075,46.27,6,8.1
2760,169,13000,89.22,6,11601,84.47,5,1.07
2761,668,17337,57.63,9,9996,46.07,6,5.96
2762,6153,112500,85.48,21,96201,80.89,13,5.23
2801,279530,12060197,77.8,1292,9385290,74.11,567,3.8
2807,7182,3162,0.0,0,0,0.0,0,75.76
2811,52223,292500,34.55,66,101117,26.43,28,22.91
2812,248102,6425075,59.38,839,3816783,54.24,269,6.75
2816,10454,223608,81.02,34,181225,75.68,14,4.45
2820,73454,1342960,66.14,154,888576,62.33,67,7.95
2825,9438,12533,5.7,1,714,0.0,0,59.87
2827,30310,129587,36.75,31,47642,29.7,16,20.49
2831,42056,1192635,62.09,167,740845,57.23,70,7.66
2832,19611,253540,69.4,53,176004,63.34,26,7.77
2834,393426,10398326,61.0,1416,6344592,55.38,430,6.39
2836,35388,1858316,85.63,177,1591784,82.72,86,3.19
2836A,2790,40000,39.03,8,15613,33.25,5,8.0
2838,50682,4607829,90.49,267,4170636,88.8,136,1.77
2838A,5989,200000,68.74,42,137526,62.31,23,6.07
2841,60338,960944,57.39,179,551750,50.11,62,7.38
2845,99300,4865285,75.87,597,3692407,71.36,235,3.71
2849,9876,1957609,98.44,56,1927504,97.98,42,0.51
2850,17918,315963,67.93,92,214700,57.79,43,9.58
2851,27596,800389,71.46,122,572066,66.72,57,7.24
2852,21704,301164,66.68,108,200896,54.07,51,7.23
2855,57998,1601414,77.23,235,1237052,72.23,104,5.24
2880,471361,14056135,82.15,1122,11549844,79.74,559,4.03
2881,377527,14007365,86.78,1022,12157274,84.58,522,4.28
2881A,18309,600000,90.58,69,543579,88.07,44,3.32
2881B,18123,666660,94.9,69,632773,91.98,40,1.89
2881C,53166,333330,84.94,52,283217,81.47,32,6.06
2882,399393,14669210,85.93,1255,12608322,83.53,678,4.65
2882A,18520,833300,95.0,84,791826,93.22,61,1.71
2882B,19064,700000,96.0,60,672090,94.25,42,1.66
2883,720136,16974612,69.29,1897,11765973,65.55,849,6.57
2883B,68505,1582142,66.36,395,1050265,56.75,150,6.54
2884,622271,17723510,74.54,2153,13214395,70.43,956,6.4
2885,452210,13331150,82.93,1269,11058312,80.26,694,5.06
2886,456185,14833378,83.47,830,12383151,81.93,462,5.6
2887,711640,25115062,75.71,2952,19019018,71.7,1276,4.62
2887E,12863,500000,85.79,59,429113,83.73,44,3.22
2887F,13057,300000,89.44,33,268350,85.89,19,3.47
2887G,16808,75000,48.03,24,36037,34.74,8,11.2
2887H,20492,219668,70.63,60,155208,63.35,34,6.69
2887I,266773,3096421,73.87,578,2287951,66.95,243,8.54
2887Z1,18001,300000,90.31,26,271010,87.55,14,3.07
2889,220975,3633563,72.28,354,2627105,69.61,198,7.61
2890,451611,14782169,81.27,1594,12015490,78.13,844,4.44
2891,577419,19675933,81.98,1883,16134107,79.14,964,5.02
2891B,24722,333330,95.9,38,319721,93.54,25,2.35
2891C,24144,166660,93.69,22,156169,90.86,16,3.59
2892,435704,14379469,72.34,1690,10405044,68.44,754,5.61
2897,27336,2805358,86.64,354,2431073,82.54,165,2.35
2897B,4850,250000,83.54,61,208908,77.81,37,4.04
2901,13615,73043,79.14,20,57826,71.6,10,7.89
2902,11477,146504,47.86,41,70160,36.81,18,12.62
2903,58549,1416941,79.9,159,1132276,76.78,84,6.36
2904,16824,77834,54.26,9,42248,50.17,4,17.17
2905,26993,1110372,84.42,128,937563,81.23,69,3.6
2906,17599,209117,65.1,35,136180,59.24,14,11.61
2908,10793,509888,92.32,55,470786,90.12,37,2.38
2910,1368,175403,96.61,40,169511,92.95,31,0.46
2911,39678,105126,45.98,20,48350,40.99,10,24.95
2912,73948,1039622,84.06,144,874188,79.62,70,7.56
2913,113176,790000,57.4,144,453626,50.15,52,14.02
2915,58223,1104319,69.63,186,769108,64.03,85,8.39
2916,4635,64627,58.93,18,38097,51.07,11,13.42
2920,974,12427,35.79,1,4449,35.79,1,18.05
2923,5129,1740297,99.53,16,1732394,99.36,11,0.2
2924,462,52036,89.51,9,46586,84.08,5,1.01
2926,2131,47390,74.63,14,35371,65.19,7,5.88
2929,50388,109494,32.22,19,35318,24.94,6,18.35
2936,154,76056,99.52,6,75695,98.55,5,0.22
2937,943,43542,84.56,20,36823,71.58,12,2.31
2938,1582,22840,69.37,7,15847,67.54,6,11.59
2939,7046,45549,76.14,28,34691,53.88,13,3.93
2940,237,25184,58.12,19,14643,16.94,3,1.03
2941,3070,15390,66.47,14,10233,20.62,2,4.58
2942,1646,60000,90.71,10,54436,88.06,7,2.89
2945,3098,67500,83.48,6,56353,83.48,6,7.35
2947,11681,23642,62.81,9,14854,54.68,6,5.03
2948,1077,32000,80.37,15,25722,69.09,9,4.96
2949,2807,30641,81.77,16,25060,62.46,8,4.15
3001,6675,75977,19.56,16,14883,10.82,5,19.44
3002,9026,102000,65.36,21,66682,59.19,11,14.17
3003,15903,155655,59.96,43,93362,52.54,26,18.49
3004,18349,64405,58.28,16,37551,45.84,4,14.9
3005,48860,624745,73.55,124,459665,68.51,71,10.54
3006,67333,298128,56.7,90,169100,47.03,44,20.7
3008,121564,130798,55.61,52,72754,38.75,12,12.76
3010,50049,259437,62.65,77,162586,51.67,33,12.67
3011,48844,129566,35.77,27,46363,27.18,8,18.11
3013,48366,205139,44.59,28,91512,39.71,11,32.34
3014,54195,165954,32.02,42,53182,20.83,12,32.33
3015,17045,187262,63.74,55,119382,54.47,28,16.17
3016,41886,292207,69.9,34,204310,66.35,18,17.55
3017,101175,394402,67.72,141,267207,55.03,58,7.59
3018,36623,75378,64.28,6,48462,62.19,3,18.24
3019,96150,279244,39.57,47,110528,33.05,19,36.08
3020,1634,122695,99.45,1,122032,99.45,1,0.48
3021,8562,94683,70.62,19,66886,65.36,13,13.82
3022,17384,176598,65.49,42,115686,59.69,25,14.43
3023,51462,240069,69.57,100,167067,56.27,49,7.7
3024,57070,277157,51.79,91,143603,38.47,36,13.98
3025,41515,56736,23.47,11,13334,12.38,2,32.51
3026,70323,165893,57.33,77,95139,38.95,28,21.51
3027,47689,129160,42.51,30,54923,33.48,10,23.85
3028,55026,237241,43.11,48,102329,38.47,28,26.12
3029,65096,167005,41.67,35,69629,35.27,17,30.15
3030,35961,236216,57.42,46,135680,50.96,20,18.73
3031,17019,173203,61.06,22,105795,58.01,13,19.49
3032,33159,113286,52.0,27,58927,44.3,11,17.22
3033,96952,524156,39.53,107,207279,32.9,51,23.98
3034,90503,608511,71.73,220,436589,60.45,106,9.91
3035,114069,260550,28.79,35,75075,23.03,13,42.77
3036,86906,1346509,83.18,236,1120218,78.47,137,6.41
3037,308575,1643892,77.83,400,1279752,70.19,201,9.03
3038,49819,157408,41.3,30,65035,33.31,12,24.25
3039,5428,66343,33.29,23,22099,17.71,7,10.35
3040,23137,66225,68.42,15,45313,64.84,10,13.39
3041,69906,142097,26.0,14,36979,22.09,5,38.02
3042,93364,342993,53.94,92,185082,47.29,55,25.16
3043,54724,38976,19.69,7,7679,14.4,3,35.66
3044,36030,525606,79.67,183,418796,69.01,94,6.12
3045,59409,3723982,92.96,379,3462813,90.36,230,2.7
3046,19939,78448,55.03,14,43190,46.74,3,19.97
3047,67588,224767,20.29,30,45647,15.07,9,35.68
3048,80893,269830,48.16,45,130011,41.8,16,27.29
3049,118569,802011,46.9,69,376300,43.36,23,22.53
3050,42099,154984,51.79,33,80300,42.21,10,18.07
3051,66737,167000,33.52,28,56001,25.55,6,26.2
3052,48952,233246,57.81,65,134863,48.01,27,9.05
3053,1490,7959,54.35,6,4327,27.94,2,15.42
3054,3394,80651,88.4,14,71314,85.16,10,3.32
3055,28106,114975,64.46,29,74137,56.05,14,15.77
3056,71625,480555,33.58,72,161512,27.36,24,18.92
3057,37319,67865,34.49,8,23420,32.89,6,30.9
3058,49847,201723,21.78,32,43990,15.15,9,25.8
3059,95746,307668,23.38,44,71975,19.19,22,38.58
3060,70106,137563,19.89,28,27385,12.43,12,32.04
3062,72197,330082,23.86,61,78797,15.87,18,34.99
3064,2938,13011,63.47,3,8260,60.15,2,10.11
3065,1471,183896,83.62,33,153793,78.86,19,2.46
3066,4947,83071,72.06,14,59874,68.99,10,10.0
3067,756,20000,71.33,4,14271,63.62,2,3.43
3069,1424,3000,35.56,1,1067,35.56,1,24.44
3070,172,7275,51.25,5,3730,18.25,1,4.13
3071,11187,110000,58.14,11,63973,56.15,7,20.64
3072,58,373,0.0,0,0,0.0,0,29.78
3073,4159,39511,57.71,20,22811,37.94,9,14.79
3075,431,7782,70.68,4,5500,70.68,4,9.56
3077,90,722,0.0,0,0,0.0,0,34.59
3078,59195,227391,37.29,53,84861,28.88,22,29.48
3079,4366,47640,32.06,12,15285,19.24,3,17.88
3081,75673,101769,46.55,39,47392,29.87,14,17.49
3082,66,455,0.0,0,0,0.0,0,24.02
3083,8803,86487,56.61,9,48975,53.1,4,20.18
3084,225,1873,0.0,0,0,0.0,0,18.99
3085,2913,69019,89.64,4,61880,87.92,2,2.87
3086,7986,272711,85.25,25,232536,83.02,16,4.65
3087,443,51306,97.95,1,50259,97.95,1,1.41
3088,16840,113011,48.48,28,54802,38.23,9,22.44
3090,72113,287567,60.78,50,174840,54.48,20,23.55
3091,95,179,0.0,0,0,0.0,0,50.23
3092,32043,106649,37.53,22,40050,30.3,10,22.57
3093,7823,145156,76.46,17,111021,71.63,6,10.45
3094,41688,83117,22.92,16,19074,14.98,6,39.2
3095,25359,14680,54.41,4,7989,41.42,1,17.89
3096,666,22786,50.21,7,11443,38.62,3,6.29
3097,635,75086,86.88,15,65246,81.35,9,1.49
3098,76,1395,0.0,0,0,0.0,0,15.12
3099,13803,225176,37.62,68,84775,23.21,16,10.52
3105,132331,423940,53.97,92,228906,48.25,48,27.33
3114,7872,65130,52.64,20,34296,41.34,9,20.41
3115,17844,72198,86.25,10,62280,85.38,9,2.37
3117,1512,22800,56.12,8,12796,42.7,4,11.55
3118,41910,32453,37.74,14,12255,18.48,4,17.5
3122,46114,40772,26.58,10,10844,15.84,4,33.18
3126,2745,48752,44.06,14,21486,31.84,3,5.67
3128,49108,47317,31.24,10,14793,23.78,5,28.91
3130,7384,33191,55.76,10,18511,49.3,6,23.28
3131,30696,30388,48.3,13,14684,31.8,5,15.46
3133,492,27262,63.27,14,17256,46.91,7,3.25
3135,20246,97635,48.25,18,47133,42.41,10,29.64
3137,80,1883,0.0,0,0,0.0,0,7.7
3138,31731,56392,27.5,12,15525,18.98,4,41.52
3141,31748,75461,28.74,25,21696,16.79,10,36.2
3142,5169,203333,51.28,71,104291,38.74,30,5.03
3147,7410,43687,55.04,13,24051,47.6,8,18.42
3149,67405,286234,26.34,56,75432,19.37,24,33.31
3150,5741,44377,53.97,11,23957,46.28,5,7.32
3151,656,4133,36.97,2,1528,26.17,1,17.95
3152,8806,39016,43.75,15,17082,28.23,7,22.08
3158,1753,30678,36.05,11,11067,23.41,5,9.1
3159,483,5840,28.6,2,1671,20.39,1,16.26
3161,179,32583,95.15,17,31010,82.62,10,0.96
3162,14853,154341,60.47,26,93351,55.83,14,15.06
3163,99424,94635,27.84,25,26364,17.59,6,44.77
3164,22729,86010,55.29,35,47564,40.03,15,17.42
3166,98,23374,96.38,2,22532,94.66,1,0.79
3167,27458,91191,55.54,38,50676,41.67,16,15.69
3168,2527,75100,75.46,20,56679,66.9,11,6.05
3169,27631,63307,36.54,12,23141,30.16,5,26.03
3171,2271,33118,76.93,5,25480,71.98,3,8.26
3176,45617,139307,37.3,32,52001,30.45,16,21.19
3177,205,4108,75.32,2,3094,60.86,1,14.54
3178,4318,45050,65.78,11,29641,61.31,7,15.72
3179,110,9847,30.35,4,2989,16.07,1,1.36
3184,3631,63074,55.91,18,35276,47.66,8,13.33
3186,2283,30000,77.49,2,23250,77.49,2,8.98
3188,7343,189088,75.89,44,143532,68.44,20,6.12
3189,145670,526910,71.99,107,379468,65.38,52,15.81
3190,59,14308,74.69,5,10689,71.03,4,0.41
3191,18247,43597,54.39,9,23718,47.59,4,11.83
3194,157,13915,73.46,9,10225,54.0,4,1.04
3202,37700,129345,24.59,20,31836,19.46,8,27.41
3205,31237,67546,66.31,8,44809,61.71,3,10.49
3206,23275,58917,55.24,22,32561,42.69,11,17.59
3207,21300,66422,37.53,21,24942,22.48,6,16.42
3208,107,3025,46.49,1,1406,46.49,1,7.97
3209,56749,235391,42.29,61,99621,34.05,30,22.14
3211,83299,154418,47.92,38,74021,39.18,15,32.04
3213,46874,58686,27.17,14,15954,16.7,4,29.85
3217,15896,90104,41.92,22,37788,31.08,6,27.55
3218,18128,84725,55.87,18,47357,49.12,9,22.91
3219,3630,71781,80.83,9,58033,76.33,4,6.2
3221,48827,104989,24.97,32,26244,9.12,5,41.93
3224,16498,78173,71.94,28,56255,63.53,17,8.38
3226,1245,64431,87.55,25,56423,71.01,8,1.84
3227,56995,151913,38.96,49,59205,25.47,14,30.97
3228,34371,71937,24.32,14,17498,19.58,8,34.19
3229,10760,64263,70.72,6,45459,67.46,2,13.16
3230,19551,86011,53.57,20,46087,46.5,11,16.39
3231,338794,3430052,70.93,553,2433318,66.76,319,14.51
3232,14687,46568,58.4,21,27207,43.96,9,9.92
3234,42807,111475,34.92,25,38938,27.45,10,29.5
3236,64518,105001,30.02,16,31543,26.46,10,41.02
3237,104,1464,0.0,0,0,0.0,0,18.82
3252,2635,50196,79.34,24,39838,66.99,14,6.72
3257,28721,79824,43.69,11,34891,37.1,3,27.31
3258,91908,273451,10.19,23,27934,7.58,10,43.11
3259,3835,72966,71.01,26,51827,62.66,16,7.51
3260,139728,334463,35.9,64,120101,30.28,34,36.47
3264,70755,490170,73.28,124,359252,66.8,72,11.39
3265,16932,136262,66.73,22,90962,59.57,6,17.4
3266,3680,352314,90.47,29,318790,89.14,21,1.79
3267,533,17062,29.55,3,5044,26.87,2,6.41
3268,42768,34721,34.77,10,12076,28.67,6,22.39
3272,9131,61177,50.3,11,30780,45.52,6,19.43
3276,47207,69713,58.74,12,40961,53.88,5,12.39
3279,113,966,0.0,0,0,0.0,0,17.27
3283,147,6656,49.63,5,3305,15.12,1,4.47
3284,21813,108628,70.1,20,76164,66.73,14,9.71
3285,9814,42735,65.21,19,27877,51.72,10,9.0
3287,3794,43970,59.55,12,26194,48.76,4,15.54
3288,11409,16380,48.2,5,7898,36.75,2,19.53
3289,58996,86746,26.66,27,23148,13.07,8,37.79
3290,26077,90215,54.5,32,49177,42.37,15,13.07
3293,109491,281802,55.52,81,156517,45.68,40,22.79
3294,16399,132016,51.91,24,68562,46.87,14,23.96
3296,7072,96724,76.64,32,74147,70.59,23,7.4
3297,9839,36049,50.46,13,18199,36.6,6,29.75
3301,996,124326,79.23,40,98519,70.3,24,2.14
3303,14219,94091,47.9,33,45082,36.23,16,17.07
3304,424,14069,33.55,7,4721,9.88,1,6.53
3305,61101,143810,42.01,26,60433,35.71,10,32.6
3306,29807,50608,48.6,8,24601,43.14,3,25.6
3308,10367,60000,61.79,8,37083,59.03,6,19.8
3310,1718,74948,82.29,32,61696,70.43,19,3.01
3311,39411,100000,57.29,18,57316,50.59,7,19.06
3312,68818,182627,44.36,19,81038,42.47,12,30.65
3313,34170,221134,76.27,21,168683,74.35,14,9.36
3317,61729,90000,31.66,17,28516,25.46,8,41.91
3318,925,52256,56.8,19,29689,41.84,6,3.13
3321,28362,86114,47.53,21,40948,37.66,7,14.43
3322,65018,137582,34.5,25,47493,29.38,13,18.76
3323,69251,99593,21.08,14,21014,15.57,5,44.08
3324,59645,93605,59.78,39,55973,37.22,9,18.87
3325,61173,110169,30.43,33,33549,14.78,6,22.36
3332,1710,48104,87.0,15,41858,77.98,9,2.96
3334,127,24680,91.54,5,22594,89.35,4,1.02
3338,62155,87908,30.32,17,26668,22.59,5,37.11
3339,30847,66568,27.14,16,18083,15.42,4,31.91
3342,762,40910,53.13,17,21746,33.08,5,4.33
3343,869,58780,44.66,10,26267,39.29,5,3.62
3345,101,36301,95.55,2,34688,93.93,1,0.42
3346,39354,121228,26.25,19,31851,20.5,8,29.38
3349,1678,47822,49.9,26,23871,26.9,9,5.72
3350,924,21585,14.05,6,3034,0.0,0,10.95
3354,6839,70112,71.7,6,50275,70.56,5,14.37
3356O,30023,80542,34.84,14,28073,29.28,7,27.41
3357,21199,118750,57.49,44,68281,41.62,15,19.77
3360,46886,76402,22.56,11,17245,16.99,4,31.81
3361,389,49553,81.55,18,40421,68.18,8,1.21
3362,32226,147446,58.71,43,86601,49.06,20,22.35
3363,70500,113641,37.86,28,43039,29.21,12,28.61
3364,216,2701,0.0,0,0,0.0,0,18.15
3369,4636,28946,56.22,3,16276,54.42,2,16.18
3372,57233,235324,54.0,27,127121,50.98,15,18.4
3373,35527,47619,26.33,4,12543,24.95,3,32.77
3374,48429,271364,67.84,41,184147,64.67,26,17.62
3376,57821,195780,40.16,61,78665,27.08,19,30.19
3377,241,19653,64.25,12,12631,35.71,2,2.0
3379,29830,38042,27.4,5,10429,24.78,3,37.07
3380,42618,541718,65.51,34,354988,63.37,15,14.09
3383,11620,75000,48.48,18,36370,38.5,6,16.7
3388,15213,85453,37.92,17,32424,29.65,6,29.92
3390,56248,79330,31.14,19,24723,17.95,3,23.72
3391,928,68860,66.0,27,45455,52.44,11,2.73
3394,162,1179,0.0,0,0,0.0,0,26.51
3397,1814,9025,0.0,0,0,0.0,0,46.57
3402,38621,73048,30.01,10,21930,24.52,4,35.81
3404,50,653,0.0,0,0,0.0,0,21.09
3406,32064,112743,61.84,53,69736,40.43,16,10.91
3412,261,8071,84.95,1,6857,84.95,1,3.49
3413,28154,111376,46.51,25,51813,41.65,15,27.47
3414,252,1360,0.0,0,0,0.0,0,39.06
3416,9455,80844,56.75,16,45884,51.66,10,16.16
3419,30584,120480,31.58,25,38072,24.96,11,24.67
3430,33322,33716,33.47,6,11286,33.47,6,33.88
3431,12537,55459,51.35,8,28481,46.69,4,17.57
3432,3475,42230,66.5,13,28088,58.48,8,13.3
3434,9317,35755,47.1,14,16845,33.02,6,20.67
3437,46582,144548,26.03,23,37649,20.73,10,37.37
3438,28325,47166,45.12,2,21285,43.53,1,29.7
3441,35208,40040,24.75,11,9916,11.49,3,44.0
3443,46559,134012,64.51,40,86494,51.95,12,8.25
3444,5008,44997,49.36,17,22215,38.58,10,16.95
3447,5774,77449,59.49,14,46097,51.2,3,15.41
3450,77361,145681,43.77,47,63788,31.69,19,30.88
3455,44526,59851,31.1,24,18620,11.28,5,33.38
3465,4575,42330,67.98,13,28783,58.2,7,6.78
3466,28964,77892,45.8,23,35690,33.77,7,18.4
3467,2501,31107,62.58,11,19472,55.59,7,12.88
3469,191,22448,63.92,14,14353,42.15,6,1.47
3471,503,5000,45.04,3,2253,25.6,1,10.99
3472,1709,76274,58.36,25,44534,43.84,7,4.68
3473,271,23451,76.15,7,17862,68.03,4,1.75
3475,1777,1784,0.0,0,0,0.0,0,46.82
3479,37648,73037,39.83,17,29103,30.26,5,33.12
3481,1002711,7989197,37.06,1042,2962113,32.44,418,25.44
3482,527,6521,44.4,4,2896,16.87,1,16.25
3483,52475,99049,21.89,24,21697,12.04,9,40.78
3484,47117,78828,32.18,20,25373,24.24,10,24.38
3485,7327,38501,51.37,18,19787,33.54,7,18.72
3489,2720,90452,81.58,10,73808,79.83,8,4.84
3490,34400,55006,24.22,13,13331,16.27,6,34.17
3491,66366,68805,35.72,26,24596,21.91,10,26.57
3492,2834,35532,47.29,5,16808,41.95,2,17.13
3494,18003,94800,61.82,12,58619,56.77,4,11.41
3496,205,21562,79.91,9,17233,70.66,5,1.93
3497,112,4588,33.29,2,1528,23.86,1,5.4
3498,54545,61273,54.96,17,33689,48.02,10,19.58
3499,41471,54971,44.33,13,24376,41.84,10,23.7
3501,12230,118258,47.38,21,56046,42.49,12,21.35
3502,283,9202,34.17,5,3145,12.4,1,6.87
3504,13036,114060,66.75,20,76157,61.82,10,18.45
3505,160,5429,87.89,1,4772,87.89,1,8.41
3506,606,8573,19.83,3,1701,0.0,0,18.33
3507,278,31800,87.08,12,27699,75.26,7,1.5
3508,67491,108867,47.64,30,51893,37.44,13,25.92
3511,9416,79973,53.75,6,42995,51.13,3,22.32
3512,4821,113072,71.83,29,81246,64.4,16,8.59
3515,13650,123521,69.65,22,86054,61.8,6,13.71
3516,3166,59561,77.92,19,46419,67.72,10,5.55
3517,663,5031,13.89,1,699,0.0,0,24.01
3518,29977,102467,35.9,28,36806,26.15,12,17.46
3519,65061,433985,50.83,48,220652,46.45,18,18.33
3520,48060,68847,41.51,18,28598,28.63,4,17.48
3521,39667,185766,81.8,16,151993,78.97,8,3.64
3522,28112,104096,56.85,27,59202,50.3,15,10.47
3523,7779,64258,83.39,13,53599,78.36,7,4.92
3524,301,20627,66.46,14,13714,39.39,5,2.68
3526,20936,67528,43.81,20,29593,29.5,6,18.16
3527,25048,44445,26.68,10,11870,20.06,5,26.14
3528,5596,66639,69.41,13,46265,62.56,5,12.42
3529,28115,74686,54.6,39,40791,32.77,13,8.87
3530,15949,77476,57.36,13,44443,53.68,8,23.15
3531,1821,61175,80.37,34,49178,60.81,15,4.91
3532,24310,387848,90.53,29,351153,88.16,14,4.87
3533,37159,112535,61.23,50,68924,43.79,18,11.73
3535,43254,79052,27.34,9,21633,24.19,5,39.3
3536,6379,52089,67.9,5,35376,65.12,3,11.35
3537,45045,56243,29.45,10,16571,23.54,5,38.07
3540,59703,84459,23.56,7,19908,21.9,4,34.81
3541,17901,56349,35.92,20,20252,24.83,11,18.65
3543,24820,110263,49.97,45,55122,33.28,15,11.04
3544,578,2444,0.0,0,0,0.0,0,40.71
3545,81821,222411,25.08,37,55832,19.05,14,39.79
3546,34520,61349,34.59,18,21233,23.07,7,27.47
3548,40616,68244,32.8,17,22404,24.26,7,33.53
3549,239,1481,0.0,0,0,0.0,0,29.8
3550,51613,107550,43.52,31,46833,31.08,12,24.9
3551,13215,62275,50.32,24,31348,34.23,8,27.08
3552,55119,97918,38.18,21,37405,32.42,12,31.07
3554,135,15858,87.29,1,13843,87.29,1,1.7
3555,4312,39999,80.49,9,32201,77.74,7,7.0
3556,64387,63703,16.52,5,10534,13.67,2,43.98
3557,20114,84315,61.03,20,51478,53.32,9,12.12
3558,12108,59061,51.04,10,30150,47.07,6,30.68
3560,194,20405,74.02,9,15107,59.92,4,1.64
3563,37154,63961,50.37,22,32235,39.46,8,24.94
3564,6518,60010,60.47,3,36296,59.07,2,19.16
3566,10580,419621,73.96,150,310433,60.69,57,1.15
3567,33626,33954,18.59,7,6322,7.93,2,34.6
3568,187,10063,72.35,5,7282,46.7,2,3.92
3570,2921,17097,54.02,4,9239,45.25,2,22.51
3571,416,3285,0.0,0,0,0.0,0,27.33
3572,330,11817,44.74,4,5290,29.87,2,4.69
3576,213496,1627795,39.02,199,635347,34.28,72,23.12
3577,4710,63966,66.57,25,42589,50.22,10,9.57
3579,6150,9580,74.14,3,7103,65.76,2,15.48
3580,41529,39471,12.46,6,4923,7.21,2,36.28
3581,7255,51006,58.28,14,29734,48.53,7,20.21
3583,31672,83859,59.72,26,50094,49.15,13,21.46
3584,21933,139767,25.45,29,35608,18.42,13,25.7
3585,14743,111679,39.64,13,44294,34.96,4,24.96
3586,88,2458,51.29,2,1261,0.0,0,7.36
3587,29849,71685,31.52,15,22603,21.81,5,37.37
3588,49332,61991,27.57,12,17096,20.2,6,33.96
3591O,43817,145387,53.68,36,78076,47.2,20,18.71
3592,36912,75855,36.07,19,27386,24.87,5,32.56
3593,24765,60825,64.2,18,39066,50.01,4,9.43
3594,20350,95948,53.47,26,51322,42.15,10,18.25
3595,24227,40696,31.72,8,12916,28.89,6,27.95
3596,25021,220354,70.37,69,155098,59.94,31,12.75
3597,2187,39236,64.47,11,25300,56.92,7,10.41
3601,688,34887,52.62,9,18366,40.76,3,3.43
3603,683,24844,71.13,10,17676,64.91,7,4.67
3605,42578,176789,67.48,59,119327,59.98,38,15.81
3606,98,16847,77.4,11,13043,43.23,2,0.73
3607,47083,121662,32.26,34,39271,21.5,14,19.04
3609,7500,38419,53.77,18,20662,34.43,4,9.42
3610,1499,40996,78.87,3,32339,76.71,1,6.04
3611,4799,47555,58.29,13,27726,46.89,4,13.37
3613,1140,63436,66.67,28,42304,50.87,13,3.89
3615,43002,68467,31.9,13,21846,24.61,4,41.16
3616,3453,94650,42.8,36,40527,25.84,10,6.41
3617,7199,94762,66.85,39,63365,52.68,16,9.32
3619,164,7626,27.79,3,2120,15.73,1,4.99
3622,25111,151328,58.59,18,88709,55.31,10,17.29
3623,8283,29186,52.09,3,15206,48.24,1,22.58
3624,43363,117341,53.26,19,62513,45.92,6,29.08
3625,43109,114247,48.69,32,55654,37.64,11,18.54
3627,14080,30991,56.06,9,17376,50.03,5,11.97
3628,7430,45000,59.15,5,26624,56.02,3,16.07
3629,1740,32955,86.89,5,28637,84.01,3,2.98
3630,27953,204192,54.12,15,110530,51.09,5,20.32
3631,1697,81821,80.24,15,65658,74.44,7,3.74
3632,33410,40890,17.2,5,7039,15.58,4,45.71
3633,1863,34024,60.69,13,20656,46.15,5,9.56
3634,218,49600,82.97,13,41166,72.48,6,0.7
3635,397,5050,0.0,0,0,0.0,0,15.06
3636,502,6000,87.18,1,5231,87.18,1,4.38
3637,824,29749,77.46,6,23047,71.3,3,4.12
3642,18060,45869,63.39,18,29086,49.5,10,7.54
3643,403,47937,97.95,1,46958,97.95,1,1.03
3644,2210,83300,77.29,32,64395,69.45,20,3.51
3645,65429,136754,37.93,38,51892,27.86,16,32.71
3646,36468,39297,48.88,21,19220,19.97,5,8.56
3647,2940,2802,0.0,0,0,0.0,0,50.0
3649,275,10819,36.51,6,3952,0.0,0,4.85
3651,69,69565,95.9,12,66730,89.61,4,0.15
3652,3513,75098,72.29,13,54292,67.94,7,8.63
3653,36121,146733,70.58,42,103593,64.05,26,4.7
3656,3282,58249,77.46,6,45128,75.19,3,7.08
3659,640,54774,86.43,16,47354,78.79,8,2.23
3661,107626,86343,33.46,37,28910,10.7,7,27.16
3662,22515,183478,53.41,26,98022,48.89,11,17.55
3663,24047,108494,64.92,11,70454,61.98,6,21.1
3664,5809,75945,68.46,7,52001,66.69,4,7.35
3665,56633,199578,61.77,86,123318,44.37,33,9.42
3666,28579,138950,83.32,16,115796,80.24,9,6.05
3669,8156,92920,58.59,9,54458,54.68,3,17.88
3671,53,14500,87.86,7,12743,72.48,3,0.41
3672,20994,40790,55.92,20,22818,40.16,9,9.13
3673,83430,406664,41.98,69,170763,36.19,32,26.66
3674,405,17814,71.06,7,12661,65.86,5,5.17
3675,14109,53058,56.94,4,30218,55.16,2,21.98
3678,1024,26422,52.54,13,13888,35.94,5,6.62
3679,5093,63022,65.87,25,41523,54.01,13,11.96
3680,29846,96501,57.15,41,55175,43.98,22,20.77
3681,341,118704,95.08,6,112879,94.39,5,0.55
3684,6129,30310,62.35,10,18905,52.87,6,13.4
3685,13377,79574,61.14,30,48670,44.65,8,7.63
3686,62483,76495,21.81,14,16695,16.77,7,33.95
3687,36371,30124,37.33,6,11249,32.52,4,36.63
3688O,3483,99176,67.87,11,67330,65.63,7,6.4
3689,34272,89529,25.6,23,22940,14.21,6,36.06
3690,1356,60356,89.17,6,53832,83.95,1,2.84
3691,13190,91883,59.27,16,54479,53.99,9,19.24
3693,23151,42991,52.24,13,22467,41.57,6,23.16
3694,14313,154891,57.87,18,89654,53.61,7,18.24
3701,48969,236669,72.8,21,172343,71.06,14,14.67
3702,97012,1751374,82.99,349,1453798,77.86,205,6.15
3703,34609,823216,72.3,105,595257,68.19,47,8.17
3704,43087,415445,64.77,81,269157,58.68,39,14.37
3705,26188,266423,69.3,70,184685,62.34,43,9.84
3706,195009,1327212,55.7,133,739554,52.71,69,22.21
3707,90838,401125,45.2,41,181369,42.37,23,31.38
3708,46387,93652,49.44,25,46320,38.01,7,24.28
3709,8583,145569,71.67,18,104351,66.31,6,9.38
3710O,42940,287251,32.88,81,94505,22.16,27,15.63
3711,361302,4487406,86.41,795,3878282,81.04,420,5.7
3712,36078,246242,58.03,28,142950,54.68,16,18.29
3713,4180,88099,56.55,31,49833,44.06,11,7.87
3714,155227,737940,43.9,122,324014,38.46,56,24.54
3715,97965,283575,28.74,60,81556,20.25,23,42.35
3716,53629,150579,52.9,35,79695,44.79,14,22.05
3717,49504,211648,37.55,54,79512,27.95,21,22.34
3718,103345,390981,41.49,59,162317,35.66,22,32.93
4102,37611,42373,46.49,12,19709,33.74,4,14.71
4104,44294,188367,45.28,24,85339,40.06,8,25.04
4105,52181,248650,48.13,67,119732,38.96,32,17.6
4106,16132,100912,50.99,17,51467,46.17,8,20.94
4107,13538,69298,61.71,24,42783,51.88,14,12.55
4108,54696,198619,28.87,26,57385,23.57,7,23.07
4109,43654,118737,43.93,29,52183,36.18,13,17.23
4111,46421,59832,42.71,23,25565,33.15,14,16.71
4113,20098,231138,74.47,74,172168,63.78,34,4.76
4114,74451,550430,44.29,116,243887,37.42,50,13.79
4115,995,60000,75.96,16,45587,69.74,10,3.25
4116,4368,44566,54.95,3,24492,54.95,3,17.53
4117,6141,70824,55.44,26,39282,37.83,7,13.91
4118,202,29993,90.11,1,27027,90.11,1,1.25
4119,26705,119509,47.67,14,56986,45.06,9,17.53
4120,7445,86747,71.55,21,62077,63.89,12,8.62
4121,51564,83111,49.77,19,41381,44.46,12,23.38
4123,47918,811858,59.19,174,480627,52.66,87,10.91
4125,218,1934,0.0,0,0,0.0,0,29.72
4126,22504,72600,63.01,24,45757,54.99,15,15.43
4127,26515,45760,73.44,15,33618,65.41,9,8.14
4128,101211,588171,43.66,68,256828,39.34,24,15.83
4129,34078,96438,59.94,33,57830,48.65,13,10.9
4131,3499,39879,77.3,6,30835,72.24,2,5.5
4132,42834,187941,46.63,49,87674,38.33,23,11.76
4133,54150,60554,23.57,11,14281,18.53,5,39.47
4135,511,26465,65.43,14,17322,44.13,5,3.75
4136,95,36147,99.3,4,35897,97.87,3,0.34
4137,7487,82492,51.19,14,42247,44.41,5,15.76
4138,21120,39930,51.42,4,20535,51.42,4,25.16
4139,1143,45010,68.67,22,30914,47.88,9,3.13
4140,473,3039,0.0,0,0,0.0,0,30.87
4142,84013,429508,40.47,86,173892,33.42,37,21.41
4147,47459,273202,52.05,66,142264,43.11,27,13.43
4148,2283,67236,79.17,11,53237,77.76,9,5.66
4150,28445,147218,48.54,51,71484,34.31,15,7.7
4151,642,50026,78.35,13,39203,71.12,7,2.65
4153,5173,58668,76.68,15,44997,72.11,11,8.39
4154,881,38390,76.61,15,29414,67.1,8,2.8
4155,33068,139668,43.36,38,60575,32.53,14,17.29
4156,894,56540,71.88,14,40645,67.52,10,4.14
4157,31716,711834,59.41,118,423012,52.55,37,8.84
4160,34607,26690,29.63,3,7910,25.36,1,33.52
4161,5133,59798,44.55,24,26650,26.96,8,11.1
4162,47039,143678,45.05,22,64747,38.96,8,21.39
4163,24896,50680,70.08,23,35526,58.66,14,8.12
4164,19006,195664,50.5,53,98846,39.89,21,16.69
4166,3764,243035,82.81,26,201282,79.18,13,2.97
4167,56403,331554,42.28,85,140240,34.34,39,13.97
4168,50042,112521,27.38,25,30837,20.05,10,22.31
4169,4403,66432,54.16,22,35989,47.47,14,10.26
4170,6422,43771,58.5,15,25616,45.21,7,9.36
4171,38250,58057,32.72,10,19007,27.66,6,25.3
4172,24451,119576,39.01,25,46680,30.08,8,10.97
4173,30505,74574,43.05,4,32109,40.0,1,21.34
4174,42952,131580,41.14,30,54149,34.47,17,23.4
4175,11394,42323,56.05,7,23724,54.98,6,22.6
4177,2160,62805,59.03,17,37091,48.19,6,7.92
4178,4219,215905,77.78,45,167983,72.41,26,3.67
4181,1737,2128,0.0,0,0,0.0,0,59.35
4183,1183,23800,62.62,13,14910,43.25,5,8.73
4184,644,39183,92.03,1,36064,92.03,1,1.69
4186,4676,90000,45.87,36,41298,26.01,9,10.03
4188,5030,63333,54.31,11,34401,47.92,4,13.0
4190,16546,61267,66.66,12,40846,62.94,9,15.55
4191,2532,100170,63.05,31,63165,48.78,9,5.6
4192,4618,35164,68.35,3,24040,66.6,2,13.62
4193,5426,67616,49.22,25,33296,33.69,6,3.85
4194,3283,145974,76.72,24,112001,73.12,14,5.16
4195,28524,80000,38.76,24,31020,28.67,12,16.02
4197,2357,30181,65.38,21,19735,40.26,7,6.08
4198,2599,24108,82.12,4,19799,78.06,3,5.78
4205,11014,97649,66.37,33,64842,58.94,21,14.62
4207,8497,198538,73.13,52,145221,64.03,22,5.28
4303,36537,94605,18.93,12,17927,12.45,1,36.93
4304,3670,61038,80.96,14,49424,74.64,7,4.49
4305,1691,55014,84.73,26,46626,74.81,19,4.35
4306,89845,676757,57.97,114,392428,52.2,47,10.0
4401,12628,122692,62.33,50,76492,47.0,23,8.81
4402,41585,67992,66.02,14,44899,60.92,8,7.83
4404,7868,112265,35.81,25,40228,26.98,7,14.68
4406,1526,51912,77.41,20,40195,61.99,7,3.44
4408,4011,67628,35.77,14,24205,30.4,8,12.66
4413,1652,31315,69.31,15,21709,52.61,6,4.67
4414,22685,263796,64.06,46,169025,57.36,18,9.11
4415,4358,43577,85.04,11,37066,76.68,5,6.77
4416,2750,73586,67.46,35,49654,53.6,18,7.21
4417,8271,83971,46.02,19,38668,38.36,8,16.25
4419,5191,169163,96.83,7,163832,95.07,3,0.72
4420,8102,40455,60.03,9,24292,54.11,4,23.56
4424,2550,59851,66.59,16,39856,62.32,11,5.5
4426,9531,172677,61.9,33,106913,54.21,12,10.24
4427,966,212542,87.52,55,186041,78.71,24,0.93
4430,8643,56274,64.1,21,36075,53.29,11,16.05
4431,2060,36536,70.86,5,25898,64.16,1,10.83
4432,4914,50589,55.43,12,28047,45.45,4,11.9
4433,10235,61300,56.25,10,34491,52.24,6,17.26
4438,4665,113425,65.78,39,74633,50.12,10,7.32
4439,1323,38215,78.29,14,29927,69.43,9,5.04
4440,3858,67598,57.01,45,38554,28.87,12,12.45
4441,2471,68176,70.39,25,48005,56.91,12,4.98
4442,961,32967,74.91,18,24702,49.6,6,4.41
4502,3845,56703,70.7,16,40096,55.45,3,5.91
4503,7613,78313,62.8,10,49194,59.8,6,15.26
4506,11123,177012,80.68,29,142848,74.07,11,8.1
4510,61203,108978,35.3,17,38504,29.65,6,36.08
4513,44199,143762,57.87,17,83227,53.25,5,15.51
4523,35964,64949,59.94,18,38950,52.02,9,13.23
4526,62282,254826,47.29,57,120539,40.53,30,25.96
4527,4374,76152,67.5,26,51411,61.92,18,9.87
4528,13427,84166,62.32,12,52464,58.69,7,19.1
4529,8806,84549,58.79,14,49717,53.99,6,12.05
4530,7318,35795,72.61,6,26001,64.46,1,5.86
4532,19980,494895,70.08,93,346897,65.12,55,8.25
4533,68169,178434,36.99,23,66036,33.09,11,31.62
4534,18663,86789,40.5,22,35170,29.58,7,21.23
4535,7113,75662,77.42,21,58599,69.7,12,4.72
4536,7061,90820,56.28,41,51142,38.54,15,11.9
4537,2355,78840,82.02,16,64679,77.0,10,4.68
4538,1648,59470,80.7,15,48000,71.86,7,3.77
4540,42298,115187,29.88,18,34446,25.53,11,42.13
4541,43450,67647,38.09,20,25781,27.11,8,27.89
4542,6865,35783,48.8,20,17466,20.72,5,21.13
4543,22237,59772,46.95,14,28068,42.0,9,23.55
4544,1564,60290,67.51,20,40707,49.87,2,1.85
4545,22242,77000,72.44,8,55803,69.05,4,9.39
4546,968,33775,70.58,15,23846,60.44,10,4.51
4547,302,23349,84.76,7,19792,72.34,2,2.65
4549,7235,57002,62.53,14,35648,58.74,10,16.44
4550,3165,37839,56.24,11,21285,49.24,7,14.81
4551,6835,115222,79.02,34,91077,70.84,18,7.27
4552,28647,116000,49.94,21,57941,44.28,8,11.96
4553,457,33020,87.11,14,28768,77.22,8,2.26
4554,2359,26327,52.18,7,13739,50.62,6,14.37
4555,4084,69988,70.48,14,49339,65.67,8,10.29
4556,3478,42303,75.16,11,31798,70.8,9,10.12
4557,27719,47972,43.27,22,20767,27.21,9,11.93
4558,1604,50000,72.83,32,36425,52.1,14,6.2
4559,665,60000,87.85,17,52718,79.9,10,2.09
4560,2518,68097,86.07,11,58627,84.16,9,3.65
4561,8837,58522,58.36,12,34163,52.18,7,24.38
4562,11828,87546,52.2,12,45709,49.92,9,28.01
4563,17733,54950,54.26,11,29826,49.6,7,20.91
4564,48729,232788,39.81,49,92733,33.14,24,21.36
4565,1439,61740,79.88,24,49324,66.01,12,2.39
4566,25831,110389,53.47,24,59045,49.09,15,24.51
4568,1602,32045,68.41,8,21925,61.98,4,7.35
4569,2003,30600,64.24,10,19665,52.36,5,7.33
4570,205,44000,95.07,16,41836,87.82,12,0.57
4571,6687,53017,66.05,21,35026,55.7,11,16.29
4572,3453,40019,64.18,11,25684,61.89,9,9.2
4573,10341,45697,41.89,16,19153,28.7,6,19.3
4575,743,38668,69.19,17,26757,53.88,8,3.07
4576,24226,119802,67.05,33,80343,60.39,20,16.44
4577,7176,49138,61.84,10,30397,55.74,5,22.7
4578,691,20300,97.0,3,19693,92.28,2,1.48
4580,5131,46803,49.25,18,23056,37.67,11,18.88
4581,1649,33899,62.81,15,21295,46.15,8,8.58
4582,2619,75480,55.06,25,41577,43.96,11,7.13
4583,7420,80171,86.0,9,68971,82.18,4,4.99
4584,1075,30002,80.08,13,24029,69.25,9,4.31
4585,19079,105782,76.68,4,81129,75.3,2,16.14
4587,949,33000,88.23,5,29117,88.23,5,3.03
4588,5167,42985,50.28,15,21624,37.41,8,20.87
4589,624,26039,69.79,11,18176,46.9,1,3.93
4590,10052,54838,50.29,21,27590,35.3,9,15.33
4609,1742,47947,76.26,24,36574,64.61,15,3.92
4702,14097,72333,51.02,9,36909,46.49,2,22.95
4703,9141,65750,26.2,7,17239,22.65,3,26.91
4706,2147,79030,82.94,15,65570,77.56,8,2.47
4707,28634,403715,70.74,59,285678,65.27,26,8.95
4711,7426,61056,60.0,10,36643,53.42,4,15.42
4712,3611,18423,45.99,2,8473,43.69,1,17.19
4714,53130,221838,29.1,36,64601,21.71,10,22.32
4716,44187,94427,33.45,25,31598,25.27,12,24.6
4717,999,155,0.0,0,0,0.0,0,99.99
4720,13395,114516,37.84,24,43346,33.29,14,24.14
4721,57370,74986,33.49,14,25124,29.5,8,38.6
4722,14806,104223,58.42,43,60908,43.4,18,12.5
4724,3038,95976,59.5,28,57124,46.4,8,7.42
4726,12695,207042,58.02,41,120157,50.32,14,12.39
4727,349,7278,18.79,3,1368,0.0,0,8.58
4728,16664,54463,84.47,36,46021,65.91,19,2.24
4729,7328,79227,49.93,11,39579,44.7,5,18.58
4730,1062,27868,69.86,13,19471,57.91,7,4.77
4732,1548,49654,67.05,30,33301,47.04,13,6.23
4734,371,10237,14.95,2,1532,0.0,0,6.16
4735,37623,41569,53.37,15,22189,42.94,8,19.55
4736,13646,95374,51.28,18,48933,44.46,8,22.1
4737,10914,77408,63.19,27,48930,49.06,9,5.73
4738,3396,77596,58.71,7,45564,54.05,1,10.68
4739,56764,124702,38.41,25,47919,31.32,9,29.29
4741,13043,34812,49.4,11,17200,40.07,5,15.48
4743,80424,480533,45.47,73,218610,40.86,33,17.2
4744,33405,56948,51.89,25,29564,35.78,11,11.86
4745,3144,66221,61.87,24,40989,53.06,14,7.96
4746,44226,120256,40.8,38,49094,30.64,18,22.17
4747,2195,90922,75.74,38,68888,65.49,22,4.57
4749,61636,94733,33.96,26,32192,23.84,9,33.36
4752,1062,84217,89.77,6,75611,87.17,2,3.02
4754,23002,30283,36.69,6,11112,28.46,3,24.46
4755,8712,100706,69.1,16,69606,64.95,9,12.14
4758,395,29210,92.15,6,26925,84.81,2,1.2
4760,11227,32146,36.4,7,11702,34.68,6,25.49
4762,139,20720,99.67,8,20653,97.29,7,0.25
4763,55162,989147,60.33,117,596946,56.09,45,11.14
4764,9884,91542,73.85,29,67631,66.32,16,10.96
4765,905,32133,55.31,16,17777,39.21,6,5.9
4766,10845,120571,69.98,28,84398,63.05,14,9.06
4767,884,31415,62.75,11,19716,46.86,5,4.62
4768,15768,47488,35.04,17,16648,19.49,4,29.48
4770,8735,79976,64.54,24,51635,59.7,18,12.58
4771,3922,58787,59.74,24,35133,44.58,9,8.73
4772,33367,147682,48.74,25,72028,42.03,9,24.5
4773,228,72709,94.99,14,69091,92.29,11,0.25
4801,783,47201,98.7,2,46594,97.82,1,0.23
4802,296,18854,87.92,2,16579,85.36,1,2.38
4803,5710,59069,57.43,8,33936,55.13,6,14.77
4804,30105,71992,62.0,11,44648,54.88,3,10.12
4806,14130,99947,89.1,10,89065,85.88,4,2.09
4807,14442,48996,68.24,16,33441,63.32,12,9.27
4903,46236,105344,42.77,13,45079,37.88,4,30.8
4904,85487,3607705,93.56,381,3376023,91.01,236,2.53
4905,1996,29260,81.7,18,23911,63.8,10,5.71
4906,92411,451706,27.26,88,123272,20.4,39,30.71
4907,2778,118146,85.8,10,101386,83.76,6,3.33
4908,34547,78217,56.2,23,43966,44.24,10,25.81
4909,63556,93357,25.14,12,23487,22.65,8,41.49
4911,3506,68817,58.15,20,40034,48.05,9,7.78
4912,25697,66953,51.27,23,34340,38.73,8,13.66
4913,475,9667,25.75,3,2490,0.0,0,11.98
4914,225,10000,77.04,5,7705,61.66,2,4.01
4915,34324,471881,59.98,121,283072,51.32,61,15.61
4916,74892,124083,27.14,19,33707,22.36,10,44.16
4919,70779,452398,62.94,46,284883,59.48,21,23.08
4920,107,41779,93.69,6,39149,86.74,1,0.35
4922,4556,44953,25.44,12,11446,11.8,2,17.24
4923,30551,37526,39.27,16,14744,23.32,6,18.77
4924,1442,37164,71.02,18,26402,55.94,9,6.16
4925,5234,71066,49.5,30,35188,31.68,9,12.49
4927,58918,264938,27.81,68,73756,17.76,25,25.57
4929,384,234,0.0,0,0,0.0,0,38.45
4930,33605,80000,63.64,13,50934,58.55,7,17.84
4931,62477,65710,25.78,18,16955,11.7,4,46.7
4932,309,2012,0.0,0,0,0.0,0,39.79
4933,5638,82690,63.48,11,52504,59.88,6,12.47
4934,70493,225000,34.73,24,78201,29.43,6,23.66
4935,7832,128864,62.52,25,80589,57.74,15,13.26
4938,144758,2675709,79.56,409,2129137,75.07,220,9.29
4939,65367,98201,35.99,21,35357,27.18,7,36.19
4942,6623,142368,62.2,39,88582,54.54,21,10.46
4943,21875,126694,64.19,26,81349,53.5,6,14.11
4946,8245,8853,42.58,1,3770,42.58,1,34.83
4949,11198,67940,52.29,27,35533,41.15,13,21.67
4950,6677,57729,73.05,5,42189,68.13,1,5.97
4951,11142,34149,19.61,8,6703,4.48,1,32.94
4952,14689,108816,52.34,9,56967,47.79,2,25.23
4953,34659,73147,45.63,17,33384,37.89,7,24.23
4956,42369,100408,39.48,21,39661,34.03,11,33.25
4958,220951,1128586,71.33,217,805378,65.72,121,16.14
4960,89398,571705,62.92,87,359811,57.69,44,15.02
4961,40280,121254,48.38,35,58683,36.73,14,26.32
4963,445,75455,83.64,9,63121,82.03,7,1.43
4966,32359,78958,30.77,22,24315,17.58,7,31.01
4967,67109,98566,21.58,19,21295,11.58,6,48.85
4968,56482,92210,15.63,13,14436,8.85,3,46.11
4969,11530,190978,55.64,56,106296,44.91,23,6.88
4971,38444,47186,44.39,22,20955,22.03,3,30.53
4972,15389,56889,50.03,21,28474,36.87,10,24.13
4973,50207,65293,22.96,13,15000,14.4,4,44.36
4974,42907,72500,42.2,7,30603,39.73,3,29.29
4975,1023,326577,96.31,11,314557,95.92,8,0.72
4976,44841,141218,30.2,16,42663,25.82,7,35.39
4977,49873,82690,16.93,12,14017,8.43,1,51.05
4978,67,5000,82.32,1,4116,82.32,1,2.2
4979,85637,142930,43.87,54,62732,26.77,14,33.52
4980,2367,45204,58.12,14,26282,50.4,7,10.89
4989,51485,172776,17.0,21,29396,11.69,6,47.8
4990,3279,102710,53.41,32,54862,43.97,17,7.92
4991,62801,121363,47.11,30,57200,37.64,11,29.89
4992,1033,210050,82.09,38,172475,76.9,22,1.01
4994,2155,66383,86.25,30,57268,80.57,23,3.22
4995,4965,42592,67.88,22,28922,52.59,11,7.66
4996,784,99070,77.8,37,77094,65.91,19,0.92
4997,271,14665,42.96,8,6303,17.41,2,3.49
4999,46545,74417,41.28,25,30739,27.29,10,25.83
5006,14005,96946,10.67,8,10348,8.25,3,21.27
5007,4896,294940,87.56,43,258287,84.24,26,1.95
5009,80900,602471,49.27,106,296985,43.42,46,17.91
5011,33735,100674,48.43,31,48779,39.56,15,14.98
5013,9017,133416,87.47,44,116733,81.84,32,2.4
5014,52388,183265,37.97,51,69612,26.84,19,19.75
5015,26573,60639,52.09,19,31600,42.22,9,19.84
5016,2625,49622,65.96,15,32742,59.94,10,9.75
5017,6850,318,0.0,0,0,0.0,0,82.07
5201,13506,38675,57.25,19,22152,37.24,8,10.2
5202,44017,89094,52.87,12,47120,48.62,7,17.81
5203,31878,77343,42.97,17,33247,33.11,5,18.89
5204,1372,6274,18.86,1,1184,18.86,1,20.61
5205,1722,13500,74.44,2,10051,71.26,1,7.78
5206,4621,201093,85.35,35,171670,80.83,19,3.08
5207,2907,15834,38.6,8,6114,14.82,2,12.0
5209,4236,30273,52.81,4,15990,50.88,3,17.91
5210,39204,82178,48.3,19,39707,39.83,8,12.22
5211,7577,32025,47.96,12,15361,40.88,7,23.73
5212,9979,34633,78.41,15,27159,66.95,9,6.28
5213,21118,762149,86.96,82,662837,85.01,57,4.26
5215,5366,64338,53.37,22,34346,42.71,11,15.99
5216,401,17847,82.4,11,14710,57.64,4,2.85
5220,7613,39667,44.69,20,17732,19.65,5,16.55
5221,346,5567,11.31,1,630,0.0,0,15.72
5222,33799,100114,32.87,27,32929,24.17,12,25.39
5223,2739,44550,62.23,12,27729,54.18,7,13.21
5225,8409,79136,44.67,11,35369,37.93,3,20.6
5226,400,23300,52.74,11,12293,31.51,3,4.34
5227,58855,96000,27.49,23,26400,18.08,7,27.53
5228,3564,38056,55.68,13,21196,44.94,6,16.36
5229,129,56189,96.51,13,54237,89.3,6,0.42
5230,29826,56304,25.31,17,14258,10.27,4,31.02
5233,2998,277249,85.35,23,236705,82.42,10,2.36
5234,11948,102716,64.8,19,66573,58.52,8,10.41
5236,6878,60004,62.47,6,37493,60.89,4,15.83
5238,691,67296,83.48,15,56187,78.62,9,2.2
5239,601,24700,30.08,8,7434,16.98,3,5.26
5240,521,26582,55.39,17,14726,30.32,5,2.71
5242,1115,124895,72.3,45,90323,58.6,18,1.89
5243,30245,168529,56.55,29,95338,49.66,11,20.69
5244,9519,68242,48.17,33,32895,28.6,11,18.32
5245,3879,46101,58.57,19,27017,41.79,8,16.24
5246,8703,44974,33.61,12,15124,21.0,3,27.18
5247,510,75000,75.94,12,56961,68.74,5,1.45
5248,1882,24500,59.24,5,14516,56.84,4,15.03
5250,209,39107,97.08,1,37967,97.08,1,1.0
5251,35446,33733,33.49,4,11305,29.21,2,39.63
5253,224,40943,81.05,20,33194,58.2,5,0.96
5254,670,22607,75.67,8,17109,70.32,6,5.01
5256,1875,71602,69.01,24,49433,61.23,15,4.57
5257,809,132750,79.64,27,105735,73.71,13,1.25
5258,25563,110365,50.52,36,55782,39.31,16,16.31
5259,2363,43563,82.07,8,35760,74.45,3,5.69
5262,8072,52699,55.99,25,29516,31.97,5,6.56
5263,26872,78937,55.17,34,43553,42.64,16,12.22
5265,123,1207,0.0,0,0,0.0,0,22.11
5267,1353,25300,62.14,13,15723,46.59,5,8.52
5269,33384,74156,60.33,13,44750,54.74,6,21.66
5271O,8135,63472,29.51,13,18742,20.52,4,23.85
5272,45751,55276,23.91,15,13229,10.26,3,36.21
5274,36184,41583,34.54,14,14371,21.71,4,10.96
5275,144,10264,30.86,6,3169,0.0,0,2.11
5276,933,39500,88.33,6,34896,85.29,4,4.17
5278,4252,300000,82.93,70,248858,77.89,45,2.61
5282,278,25006,85.81,10,21463,59.25,1,0.6
5283,27593,87601,60.98,23,53430,52.32,12,19.76
5284,9119,52893,57.08,13,30201,49.63,7,17.6
5285,12007,102041,64.17,36,65499,53.59,20,18.22
5286,910,14745,79.97,6,11795,69.95,4,4.81
5287,10018,60311,57.93,22,34957,45.75,10,21.9
5288,2885,69699,69.5,16,48454,59.24,4,6.83
5289,79900,96415,30.01,26,28957,18.69,8,33.55
5291,5282,41891,44.67,23,18719,18.68,4,20.61
5292,7122,46319,57.41,19,26599,43.55,9,14.69
5294,60,82,0.0,0,0,0.0,0,86.86
5295,157,29140,85.65,15,24968,70.39,8,0.75
5296,468,21581,35.94,7,7760,27.26,4,5.13
5297,8888,37652,18.74,9,7059,10.26,3,35.85
5299,16947,51219,50.97,10,26119,44.69,5,26.92
5301,3941,65890,80.1,10,52794,74.03,4,4.84
5302,12899,159888,50.75,20,81182,45.86,7,17.16
5304,32305,326962,88.1,23,288109,86.33,13,6.18
5306,11953,126001,69.79,23,87966,64.41,11,12.04
5307,35110,423052,41.19,93,174328,32.2,31,16.02
5309,70735,231826,33.97,35,78806,27.33,11,33.96
5310,7106,28944,57.01,15,16506,36.18,5,6.27
5312,5834,60060,55.75,17,33495,50.64,13,13.59
5314,77598,1205960,44.44,154,536167,40.03,63,13.21
5315,51077,106352,30.35,27,32293,21.21,11,22.4
5321,7589,59543,60.31,21,35922,45.89,8,9.89
5324,20918,226379,81.31,46,184106,75.22,24,4.65
5325,20368,55440,33.49,8,18575,27.55,3,38.06
5328,77048,172711,39.48,18,68226,35.46,6,40.86
5336,2955,2217,0.0,0,0,0.0,0,68.84
5340,29101,194894,59.19,30,115393,52.32,7,22.85
5344,6696,79447,75.59,7,60065,73.54,4,10.62
5345,6301,37795,78.88,2,29814,78.88,2,7.07
5346,263388,1366161,37.69,303,515286,28.35,92,20.12
5347,114984,1878502,84.4,241,1585817,81.07,143,8.07
5348,1812,14776,53.12,5,7851,40.79,2,9.46
5351,115250,328922,38.19,65,125650,30.98,27,30.49
5353,6352,75765,55.4,30,41987,37.82,10,13.19
5355,30848,166123,70.74,44,117550,63.76,26,7.01
5356,53278,103040,44.01,23,45369,39.55,16,22.24
5364,7282,63850,70.3,14,44895,61.31,3,5.82
5372,5386,48614,23.67,13,11510,12.51,4,24.39
5376,3801,33700,33.74,8,11373,28.33,4,17.23
5381,27798,207691,55.96,32,116279,48.86,10,18.3
5385,8304,11156,23.89,2,2667,18.19,1,43.86
5386,30414,54121,36.76,8,19900,32.37,4,35.71
5387,141606,45000,91.32,2,41102,90.18,1,7.18
5388,37919,304343,44.47,91,135414,34.87,44,23.26
5392,65937,176562,35.64,18,62948,32.12,8,32.58
5395,2238,1759,0.0,0,0,0.0,0,41.06
5398,41734,49465,58.21,19,28807,44.19,9,7.81
5403,9489,78176,47.11,34,36851,31.25,13,19.18
5410,56869,93546,33.65,18,31489,26.98,9,28.12
5414,5071,68584,59.72,20,40970,48.11,7,10.25
5425,106226,263485,35.18,44,92762,28.29,17,40.96
5426,35411,143800,55.67,22,80082,52.77,16,21.23
5432,5461,20688,54.1,4,11196,51.4,3,27.65
5434,32366,194008,55.38,78,107476,38.97,27,14.42
5438,37814,112537,75.2,10,84641,74.38,8,9.9
5439,35518,92977,36.19,29,33675,22.93,11,30.99
5442,4827,64800,20.66,12,13391,14.62,5,16.16
5443,66055,164747,39.33,22,64830,33.61,6,35.54
5450,11614,122403,81.3,11,99530,79.37,7,5.43
5452,68989,148764,42.72,22,63589,38.51,10,29.26
5455,3412,65502,93.99,25,61570,89.0,20,1.54
5457,17166,196237,51.95,32,101977,46.26,14,17.4
5460,31500,58778,57.07,29,33557,38.44,12,15.37
5464,4628,76967,72.49,30,55806,58.83,14,7.53
5465,7746,147683,72.27,17,106748,68.79,8,10.95
5467,1832,85548,86.4,11,73931,82.8,6,2.83
5468,6016,58923,65.69,12,38711,60.76,8,13.93
5469,36431,486166,72.85,75,354227,68.18,40,11.95
5471,68662,167877,26.53,34,44579,18.53,13,39.11
5473,2482,3031,0.0,0,0,0.0,0,78.1
5474,7889,39757,56.66,8,22534,48.5,4,26.66
5475,61639,127127,23.65,20,30101,17.93,7,46.38
5478,41306,156074,79.21,29,123672,72.96,16,9.69
5481,42054,71403,65.12,22,46512,56.07,12,7.76
5483,151156,641222,59.62,156,382456,52.96,88,22.39
5484,33856,66801,37.96,11,25370,33.97,7,37.44
5487,7097,24223,71.31,15,17277,47.88,7,7.29
5488,41157,91586,46.39,31,42500,34.18,13,16.57
5489,3141,102706,85.4,14,87729,82.62,8,4.07
5490,69654,96152,33.72,23,32445,25.61,10,23.68
5492,1371,71414,98.66,1,70463,98.66,1,1.03
5493,5543,43689,44.92,18,19633,25.01,4,19.33
5497,4829,65286,26.29,14,17179,15.67,4,16.88
5498,69480,193549,34.76,25,67308,29.96,10,37.43
5501,6087,21200,28.1,4,5959,24.3,3,20.12
5505,5918,138832,65.5,47,90974,50.79,15,7.0
5506,7574,152545,66.77,34,101885,58.45,12,6.12
5508,18206,217428,69.0,19,150057,65.86,8,14.25
5511,6006,136000,68.54,42,93243,59.92,22,7.37
5512,78088,766312,61.68,157,472733,54.74,72,8.96
5514,10316,236118,92.31,50,218010,87.59,32,1.19
5515,11393,201600,71.3,58,143764,63.26,31,7.61
5516,1767,51545,70.82,15,36517,60.51,7,4.5
5519,18222,230157,57.22,43,131739,51.16,20,14.77
5520,1223,59975,83.79,23,50264,73.58,12,2.27
5521,62892,492280,59.63,104,293682,52.84,47,9.82
5522,17969,781596,88.23,55,689741,85.9,27,4.27
5523,2555,155001,92.5,31,143413,89.24,23,1.39
5524,3909,58667,30.78,22,18074,11.6,4,16.07
5525,4810,318105,88.41,69,281304,84.14,49,2.08
5529,11368,105769,73.79,20,78078,68.05,10,4.52
5530,11639,420084,83.14,51,349325,79.43,25,4.37
5531,14778,977589,86.0,84,840808,83.46,42,3.13
5532,820,17804,31.03,8,5527,5.88,1,4.85
5533,5548,285245,80.93,78,230934,71.24,33,3.37
5534,23019,315326,68.36,84,215645,58.86,40,11.89
5536,32759,124081,56.45,61,70077,35.82,19,13.37
5538,1300,201203,93.94,22,189038,92.45,17,0.94
5541,86,26427,82.05,10,21689,76.05,7,0.26
5543,1055,46704,73.31,29,34247,50.34,11,2.54
5546,1321,82353,84.09,18,69265,76.1,8,2.43
5547,1427,51000,67.46,15,34420,58.82,8,4.23
5548,2439,63723,64.99,18,41421,58.19,12,5.74
5601,866,64800,79.68,44,51650,47.23,11,1.15
5603,30045,104877,53.98,21,56626,49.79,13,18.86
5604,10906,108783,67.18,46,73091,52.82,21,6.92
5607,17008,370553,76.95,61,285241,70.48,22,6.04
5608,91389,389276,29.86,54,116278,24.73,21,30.78
5609,37843,142884,52.65,46,75250,46.28,31,22.97
5701,51585,143000,54.16,20,77483,49.24,8,16.29
5702,1936,5282,0.0,0,0,0.0,0,45.98
5703,1937,70240,88.29,25,62024,83.83,19,3.39
5704,3375,58862,83.95,23,49424,79.45,19,6.94
5706,28277,83768,38.66,13,32395,34.27,6,31.57
5810,48611,916440,72.91,99,668371,69.02,39,7.69
5859,3567,1450278,96.81,47,1404342,96.13,31,0.5
5863,27079,320202,81.46,44,260900,77.08,23,5.17
5864,15108,504490,68.46,119,345484,60.77,55,5.28
5871,114497,1745650,70.56,373,1232105,64.84,210,10.09
5871A,8083,150000,68.7,46,103077,59.67,25,5.02
5876,49990,4910219,88.75,808,4358904,83.38,374,1.16
5878,1789,25024,72.75,13,18210,54.25,6,11.62
5880,409528,16072960,75.36,1824,12116562,71.46,745,4.35
5901,5001,22907,77.87,2,17837,77.87,2,8.64
5902,2583,94500,85.21,16,80550,81.34,10,3.57
5903,17316,223220,91.42,26,204109,88.19,16,5.39
5904,98740,1064438,79.78,186,849346,75.44,108,10.96
5905,45784,281623,45.99,39,129563,40.56,15,16.37
5906,958,35741,86.26,9,30834,82.47,7,1.81
5907,5470,195531,69.01,28,134979,64.12,13,6.56
6005,118736,2455297,70.4,318,1729181,66.88,174,7.12
6015,73037,416856,51.28,89,213889,44.28,41,11.67
6016,79103,772420,51.34,147,396779,45.04,64,9.63
6020,1898,252353,96.91,10,244590,96.26,8,0.8
6021,4018,312231,91.14,47,284648,86.97,26,1.47
6023,18472,447973,84.23,31,377409,80.96,9,4.76
6024,17306,266683,69.66,30,185819,65.6,11,9.98
6026,43739,396162,51.13,93,202613,41.56,36,10.45
6027,830,155720,95.65,10,148956,93.72,6,0.46
6028,1568,25000,64.68,12,16175,50.64,5,7.93
6035,2285,71468,93.89,20,67109,83.85,9,2.19
6101,3354,116602,88.12,40,102763,78.64,25,3.96
6103,3148,13605,90.69,5,12339,83.83,3,5.13
6104,56034,91129,19.35,16,17647,12.26,6,42.6
6107,5291,87438,40.96,17,35831,34.7,8,13.78
6108,51867,154494,56.28,42,86984,49.33,24,13.19
6109,34349,87825,49.45,31,43449,36.59,15,12.0
6110,2628,29337,18.44,7,5412,7.19,2,14.23
6111,45754,108514,45.69,25,49601,40.57,16,24.07
6112,34125,188357,58.75,13,110688,55.63,5,20.66
6113,8232,52549,53.24,8,27984,52.17,7,20.94
6114,5395,43912,72.79,8,31970,65.48,3,9.13
6115,14268,187662,60.23,29,113062,56.05,17,16.76
6116,364227,2858655,43.08,196,1232065,40.49,77,25.42
6117,13966,93416,55.35,15,51722,49.94,8,24.17
6118,8899,90890,56.69,16,51547,51.7,9,19.02
6120,59802,599000,59.31,74,355327,55.29,33,12.61
6121,19709,184971,66.44,82,122935,48.33,29,11.15
6122,35163,78092,32.93,20,25732,23.04,9,26.53
6123,10365,62089,43.87,21,27254,33.34,9,20.85
6124,8929,182480,93.76,18,171135,92.35,14,4.32
6125,91585,259011,35.11,31,90978,30.62,14,35.66
6126,70381,130485,36.93,22,48208,32.47,13,31.22
6127,74202,108080,21.12,16,22848,16.65,8,49.23
6128,7497,127589,60.54,28,77274,54.75,16,11.41
6129,32912,160574,16.42,12,26379,12.85,4,38.02
6130,29468,49300,65.25,18,32174,48.99,7,7.09
6131,5934,34793,41.19,9,14337,29.63,3,17.01
6132,4749,63781,35.5,25,22649,15.68,5,15.89
6133,22374,117006,50.85,26,59513,42.96,12,23.36
6134,17708,81882,55.1,18,45134,48.45,8,18.34
6135,7554,76189,38.45,12,29302,34.27,6,13.33
6136,44986,115536,47.03,33,54357,34.69,11,19.05
6137,11232,101358,38.83,29,39376,26.71,9,15.26
6138,31333,75634,46.6,23,35258,33.96,8,23.88
6139,55276,235576,62.26,65,146715,51.72,27,17.34
6140,9837,54898,45.4,16,24932,34.47,7,26.74
6141,18330,113354,50.38,38,57119,38.46,19,20.19
6142,46573,330779,58.69,52,194219,51.55,14,10.35
6143,55661,86059,26.1,16,22481,17.65,4,42.95
6144,1463,38274,89.54,3,34272,89.54,3,5.24
6146,20986,101867,54.25,28,55280,41.82,9,15.16
6147,154489,744578,65.38,144,487008,60.64,84,21.04
6148,28281,46604,35.2,7,16409,33.68,6,34.77
6149,3069,31880,39.03,7,12445,35.09,5,15.81
6150,39938,48346,16.22,7,7846,12.01,3,44.09
6151,19129,55257,35.61,18,19686,22.5,7,22.51
6152,40756,167738,24.29,30,40761,16.52,10,25.35
6153,80503,636178,46.62,95,296693,40.76,34,17.61
6154,10648,80080,63.35,21,50754,54.44,10,16.12
6155,15864,88024,52.57,20,46293,48.65,14,28.53
6156,38087,107875,39.54,22,42668,32.83,10,22.17
6158,36315,55029,42.07,16,23164,32.85,9,21.56
6160,48868,68489,38.76,16,26556,29.99,7,25.26
6161,23048,56237,40.82,6,22969,35.28,1,24.58
6162,3799,79759,52.0,24,41487,43.9,13,10.11
6163,46592,148839,43.87,35,65316,35.21,15,24.57
6164,46397,80000,22.56,17,18065,14.76,6,31.23
6165,41361,77753,50.95,27,39628,38.38,12,12.78
6166,16009,218113,74.09,56,161658,65.94,29,9.54
6167,25491,146000,43.69,33,63825,36.49,17,18.24
6168,32711,205762,52.2,28,107430,49.12,17,23.66
6169,40783,23395,31.09,4,7276,26.44,2,29.75
6170,33232,97260,57.86,19,56288,54.92,14,17.13
6171,2332,100000,87.48,23,87503,78.37,10,2.94
6172,1899,30000,91.42,9,27428,85.37,7,5.51
6173,54389,171200,65.19,32,111634,58.98,15,22.44
6174,9454,50000,62.92,14,31465,56.73,8,19.04
6175,22189,150122,61.14,21,91797,57.4,11,24.83
6176,61614,348770,43.21,97,150775,34.02,44,26.72
6177,20052,471891,75.94,125,358434,67.61,65,6.18
6179,48376,180933,50.22,55,90898,40.35,27,15.1
6180,57088,175494,50.85,32,89276,46.53,20,27.49
6181,3938,45626,12.14,6,5546,7.17,2,16.56
6182,240462,638650,26.66,91,170389,22.9,53,45.61
6183,37055,150000,77.44,32,116194,71.05,17,5.64
6184,7731,162128,72.17,29,117040,67.84,18,8.93
6185,46759,149868,49.95,44,74883,37.53,15,14.72
6186,61489,226908,53.37,39,121145,48.62,20,13.85
6187,52535,98263,52.6,48,51708,30.64,13,16.31
6188,68040,278359,42.49,39,118319,36.84,14,30.61
6189,63741,263955,35.2,70,92961,24.45,29,27.32
6190,60840,197189,35.73,45,70490,26.9,16,36.71
6191,80424,499303,58.11,56,290255,53.4,20,22.21
6192,8295,96156,55.73,36,53595,45.52,20,12.81
6193,8867,177807,61.39,38,109192,56.69,25,9.87
6194,4818,48000,57.41,20,27566,39.23,7,14.44
6195,11103,50193,54.09,8,27156,52.4,6,24.93
6196,33815,220330,70.28,41,154866,65.84,25,12.09
6197,51954,126111,44.47,26,56110,35.79,8,32.47
6198,6480,171400,94.58,8,162132,93.58,5,1.45
6199,1858,61760,83.76,23,51740,79.08,18,3.92
6201,5938,89200,69.11,21,61662,61.43,11,11.9
6202,56904,230388,41.27,45,95122,34.46,21,28.46
6203,10036,82401,59.22,16,48809,52.21,6,22.42
6204,22644,23102,29.71,3,6867,25.64,2,43.79
6205,12559,82236,45.21,24,37193,39.45,16,26.17
6206,16076,143062,54.87,45,78535,45.46,22,17.78
6207,68586,93572,15.65,15,14663,7.86,3,58.26
6208,12125,94462,65.45,43,61857,52.09,23,17.21
6209,62635,182401,37.85,43,69074,30.01,23,35.74
6210,3065,35048,54.11,16,18970,36.44,7,16.72
6212,964,102000,91.83,27,93683,86.12,18,0.98
6213,77758,363617,63.83,78,232166,55.69,36,18.4
6214,47789,272243,66.83,54,182004,60.27,27,14.89
6215,56140,82790,32.78,15,27154,26.4,6,42.17
6216,32397,97420,38.83,25,37842,29.96,10,24.47
6217,85490,117210,24.12,26,28291,16.07,11,49.53
6218,27770,64262,53.38,21,34315,42.17,9,20.95
6219,5797,124967,69.73,21,87152,67.28,15,7.18
6220,34517,146463,63.79,53,93432,53.65,28,9.86
6221,32316,168612,74.8,21,126151,72.35,14,7.09
6222,1838,95689,90.07,10,86210,84.51,2,2.1
6223,70560,97981,50.53,34,49523,38.82,14,11.72
6224,42001,85645,43.12,30,36945,28.93,11,22.66
6225,5571,27800,71.28,7,19819,62.15,2,8.14
6226,51912,115535,32.59,26,37667,24.98,11,34.32
6227,7093,76112,73.81,9,56188,67.6,1,12.38
6228,1852,26000,80.44,5,20917,75.5,3,8.06
6229,30475,40361,35.09,5,14164,32.8,4,24.72
6230,7502,86343,87.81,3,75819,87.81,3,7.17
6231,25627,45652,32.6,11,14890,25.31,5,34.02
6232,36850,451180,18.77,60,84813,13.45,18,18.3
6233,62027,80972,28.37,17,22989,18.73,5,35.27
6234,30728,100386,53.95,18,54180,50.22,13,22.85
6235,61076,199906,40.89,24,81773,35.47,7,28.57
6236,912,41654,92.72,4,38628,87.98,1,1.69
6237,72288,79645,18.81,11,14989,12.7,4,43.4
6239,187494,759147,61.77,166,469061,56.13,96,22.26
6240,1043,22867,85.27,10,19506,70.93,5,4.17
6241,5760,45534,56.69,6,25818,52.92,3,12.55
6242,3105,31806,63.71,7,20268,55.47,3,13.58
6243,59455,45269,20.77,6,9404,17.67,3,47.89
6244,94216,387042,32.25,71,124870,26.23,31,29.75
6245,19577,146608,45.1,23,66149,41.6,14,21.23
6246,32785,37851,62.99,7,23847,53.99,1,12.96
6248,32375,99956,48.91,24,48907,43.62,15,16.86
6249,207,2867,14.82,1,425,0.0,0,16.21
6250,1161,18249,70.88,2,12937,67.95,1,6.96
6253,452,5879,0.0,0,0,0.0,0,15.2
6254,518,30882,49.51,13,15294,36.43,6,3.4
6256,456,1833,0.0,0,0,0.0,0,52.39
6257,118281,483912,47.41,138,229488,37.89,65,24.99
6259,9674,28056,42.78,3,12005,41.09,2,24.79
6261,54912,128498,39.99,30,51417,30.67,12,30.83
6262,1343,20451,28.67,5,5866,16.81,1,16.09
6263,11046,62501,44.11,8,27577,40.96,4,25.88
6264,4127,136355,71.82,28,97972,67.49,18,5.49
6265,37161,118172,44.05,19,52071,37.61,6,25.56
6266,45760,153872,38.84,37,59786,31.6,19,19.36
6269,82622,323831,32.02,64,103775,25.29,27,32.4
6270,33788,72146,40.98,16,29580,36.56,10,28.67
6271,65281,209058,48.94,60,102362,40.38,32,28.76
6272,5281,81764,50.64,33,41426,34.8,13,13.56
6274,123028,299497,63.31,91,189698,53.87,49,18.9
6275,36767,80345,29.64,16,23827,23.41,7,35.41
6276,29888,22043,50.92,3,11227,48.78,2,26.6
6277,9899,119471,57.83,45,69125,43.65,17,16.14
6278,43305,292398,62.62,88,183141,52.11,44,20.14
6279,19888,119016,47.35,38,56371,38.66,21,23.39
6280,172,65492,99.95,1,65460,99.95,1,0.04
6281,10323,99173,55.86,36,55423,43.58,16,19.23
6282,162261,856101,40.84,107,349767,36.9,53,30.88
6283,15194,147581,63.25,22,93376,57.4,7,13.86
6284,53747,148980,49.02,15,73041,45.62,6,29.06
6285,91094,483441,63.03,107,304807,56.23,56,20.6
6287,4209,121451,94.0,7,114178,93.08,5,2.42
6289,10246,524,0.0,0,0,0.0,0,54.73
6290,58765,169708,39.76,54,67508,28.95,24,34.77
6291,10955,42000,62.85,5,26398,62.85,5,15.88
6292,6882,46601,46.92,8,21872,39.72,3,26.71
6294,12154,26047,37.3,4,9716,33.46,2,31.01
6295,348,1888,22.33,1,422,0.0,0,21.02
6299,123,25576,98.35,1,25154,98.35,1,0.71
6402,2012,58216,64.01,24,37276,48.9,10,4.06
6403,2578,15332,41.54,1,6369,41.54,1,13.4
6404,9031,24358,67.09,5,16343,63.48,4,9.82
6405,6577,65800,52.2,24,34361,37.41,8,18.38
6406,1072,35647,58.18,5,20744,53.35,2,8.78
6407,5802,75130,37.38,18,28092,30.16,9,18.22
6409,18224,88254,67.11,39,59246,53.3,18,10.65
6411,56145,99508,34.57,32,34420,21.8,11,29.09
6412,23875,400769,78.01,47,312702,74.21,22,10.08
6414,20570,157148,62.42,58,98124,48.28,23,12.97
6415,27400,390169,79.42,158,309989,65.12,65,5.38
6416,22555,73348,48.16,16,35335,37.88,4,17.96
6417,1586,42274,68.53,20,28977,54.18,11,4.92
6418,2353,34522,57.38,10,19816,52.61,7,12.35
6419,27117,13159,39.98,4,5262,32.17,2,25.98
6423,3289,31016,40.79,12,12657,23.04,4,15.9
6425,9440,51382,43.29,15,22257,34.27,7,31.34
6426,17474,38509,50.27,11,19368,38.79,4,17.86
6428,977,17682,91.64,3,16205,89.36,2,2.85
6429,268,9253,38.13,5,3530,11.88,1,6.77
6431,17633,97399,70.77,21,68947,65.33,11,4.09
6432,36173,40152,31.05,11,12477,16.62,3,37.13
6434,9034,463602,85.2,21,395043,83.97,12,4.84
6435,10391,37461,52.73,5,19756,48.37,2,26.53
6437,403,32300,65.0,19,21003,40.87,7,3.09
6438,46105,82206,33.84,22,27831,21.78,8,34.73
6441,35100,53318,45.19,6,24100,41.86,2,23.6
6442,68594,81818,54.35,32,44477,37.99,11,21.79
6443,157637,512797,16.32,41,83773,13.27,16,46.84
6446,71575,422443,56.95,159,240714,42.44,62,10.48
6449,32710,91878,71.18,27,65423,62.0,12,14.66
6451,33897,117854,64.25,14,75736,59.72,5,22.31
6452,11638,100131,39.23,24,39301,30.51,9,23.76
6453,621,3516,0.0,0,0,0.0,0,38.12
6455,563,37095,68.48,16,25409,51.48,8,2.48
6456,35651,337940,50.07,47,169236,45.79,24,21.88
6458,2714,26789,65.25,6,17483,63.74,5,6.17
6461,8398,110325,60.43,20,66702,52.73,4,10.35
6462,46650,91251,31.11,19,28401,20.62,4,36.9
6464,2164,133933,86.17,45,115435,79.66,30,1.78
6465,3253,59074,63.41,13,37469,55.17,6,8.55
6467,5910,52409,30.09,11,15779,21.86,4,18.46
6468,162,11470,98.55,1,11305,98.55,1,1.0
6469,29660,159129,47.69,32,75923,40.8,14,24.12
6470,27256,37694,41.81,2,15763,40.01,1,32.12
6471,359,851,0.0,0,0,0.0,0,61.54
6472,31192,128024,56.16,34,71928,45.53,12,22.65
6473,9752,60000,77.28,26,46380,64.55,15,2.86
6474,1618,52526,67.25,29,35331,44.6,10,4.7
6475,928,34784,73.13,12,25443,56.66,1,4.68
6477,30237,124053,40.63,20,50426,37.23,13,29.84
6479,876,57300,86.79,9,49743,79.32,3,2.03
6481,107,27204,96.01,6,26122,91.6,4,0.8
6482,2052,28634,67.6,8,19358,65.78,7,11.19
6483,17119,66808,43.7,34,29214,18.76,7,5.69
6485,40973,47366,25.86,10,12257,19.1,5,33.33
6486,30406,50893,43.16,5,21970,40.5,3,28.09
6488,117277,478114,76.51,95,365912,69.14,41,10.54
6489,278,28470,62.98,18,17933,36.92,7,1.79
6490,425,38754,70.62,10,27375,64.16,6,2.75
6491,9219,78000,64.59,24,50393,52.2,9,11.29
6492,47279,114904,38.8,26,44603,34.02,17,20.38
6493,1069,30050,80.37,9,24152,80.37,9,6.25
6494,38293,31560,16.88,8,5334,5.22,1,35.26
6495,12152,172031,52.59,39,90506,43.12,13,7.56
6496,10154,47290,65.96,9,31199,62.53,7,19.48
6497,1556,189955,97.19,5,184632,96.46,2,1.68
6498,6791,47476,67.44,18,32032,54.69,8,11.68
6499,7738,96945,41.73,13,40474,36.27,4,14.81
6502,134,8719,90.96,1,7931,90.96,1,0.83
6503,77,12012,80.41,3,9660,80.41,3,1.52
6504,5119,72600,70.73,23,51366,64.54,15,12.18
6505,89833,9525960,95.96,193,9141963,95.45,111,1.54
6506,4256,82361,61.47,40,50652,44.06,16,8.4
6508,15055,86539,61.98,16,53645,59.77,13,21.78
6509,55823,197434,36.87,48,72824,28.52,23,27.33
6510,17070,32929,56.01,11,18450,43.97,4,10.72
6511,642,60000,72.03,24,43229,57.36,9,2.89
6512,6623,25260,36.02,10,9106,17.69,3,20.21
6515,47392,36484,49.47,16,18052,36.3,8,12.14
6516,3710,56337,53.4,15,30091,43.18,5,11.16
6517,22270,30579,19.69,4,6025,17.96,3,41.76
6518,516,33333,84.49,12,28169,74.1,7,2.33
6523,6145,45048,63.08,8,28418,61.69,7,20.42
6525,13383,129047,67.84,26,87567,59.06,7,13.99
6526,20794,167506,78.72,16,131905,76.25,9,9.08
6527,2126,25459,45.17,7,11501,34.29,2,9.29
6529,399,12699,71.81,7,9121,41.45,1,5.3
6530,35971,33750,15.35,5,5182,8.93,2,46.49
6531,44831,163180,64.81,63,105795,51.81,29,11.52
6532,29542,37445,35.27,16,13216,18.46,4,29.23
6533,35143,50651,19.69,6,9983,15.87,3,46.81
6534,1918,102800,84.22,33,86601,76.76,20,2.93
6535,10894,167841,64.09,36,107590,55.97,14,9.72
6536O,1177,26324,74.31,9,19567,58.26,2,4.16
6538,36755,39445,52.32,23,20649,23.61,5,14.11
6539,1012,24349,85.23,10,20757,75.51,6,3.83
6540,131,220435,99.05,3,218375,98.57,1,0.11
6541,11984,265216,70.91,42,188114,65.58,18,7.13
6542,885,42001,84.71,14,35592,77.61,10,2.63
6543,12315,61855,66.39,28,41073,49.8,11,1.95
6545,1238,22080,44.15,7,9751,37.79,5,13.39
6546,12452,66848,41.21,14,27565,29.91,1,26.33
6547,50051,341893,35.8,67,122439,28.74,26,17.57
6548,29654,950465,87.57,94,832515,85.04,56,5.58
6549,25459,80122,31.44,28,25204,16.14,6,11.13
6550,25370,894793,76.61,83,685638,73.07,29,6.2
6551,1188,71785,83.69,11,60095,79.32,6,3.11
6552,7645,83000,58.37,7,48457,55.76,3,18.56
6555,4533,119230,69.52,17,82919,64.58,7,8.7
6556,1412,28750,77.44,12,22269,63.65,6,7.74
6558,46853,93789,41.7,11,39130,38.61,6,31.26
6559,1894,23189,52.92,11,12276,31.62,3,16.77
6560,3355,32475,40.51,7,13161,32.29,3,18.3
6561,7159,77958,72.86,12,56817,70.07,8,8.83
6562,11455,118190,52.76,10,62365,50.33,6,15.65
6563,1137,29743,31.47,11,9364,10.33,1,7.76
6564,3664,72134,65.05,11,46942,59.59,6,10.83
6565,1184,27144,39.95,9,10849,28.73,5,8.76
6566,663,32152,84.51,6,27176,79.36,3,3.43
6567,630,102850,88.54,30,91083,80.22,15,1.26
6568,24752,30796,41.91,8,12912,29.94,1,22.84
6569,4159,42821,68.08,9,29159,60.79,3,12.89
6570,7987,37119,44.65,15,16580,29.84,5,22.63
6572,4296,103650,68.78,15,71314,64.99,9,9.77
6573,5922,80499,64.22,15,51711,59.23,8,16.23
6574,2906,21990,79.53,8,17491,75.44,6,8.86
6575,6887,135270,54.4,18,73629,51.06,10,8.89
6576,30177,157579,67.82,37,106900,60.81,20,6.52
6577,3750,60060,74.0,7,44453,68.34,2,10.41
6578,18694,71942,64.36,20,46317,57.44,11,9.59
6579,7858,169451,84.43,16,143096,82.48,10,6.6
6580,3859,112120,57.79,42,64808,44.53,20,8.06
6581,2296,111271,90.0,18,100162,86.88,11,2.85
6582,9162,106174,74.26,12,78861,71.21,8,11.44
6583,313,15947,82.44,9,13150,53.46,2,2.74
6584,14615,71380,74.55,26,53224,62.72,11,12.98
6585,4415,72528,75.86,9,55036,72.39,5,9.69
6586,29257,214010,62.3,35,133385,56.11,13,8.18
6588,41087,34701,24.08,6,8362,18.13,3,34.63
6589,22779,302068,57.85,60,174795,50.25,24,14.06
6590,2330,24952,56.87,13,14196,28.77,3,13.51
6591,44575,41122,25.61,8,10542,20.08,4,31.25
6592,25164,641845,79.81,62,512445,75.7,23,6.78
6592A,3574,50000,85.41,15,42707,75.84,6,6.7
6592B,5103,50000,81.33,17,40676,67.19,8,6.92
6593,34810,31857,45.96,14,14647,29.85,6,29.98
6595,8939,49858,80.57,25,40180,57.3,6,1.33
6596,17200,38000,26.8,6,10189,22.73,3,40.25
6597,928,30042,81.19,7,24397,72.45,3,4.73
6598,37012,102819,53.67,41,55201,37.26,12,11.05
6599,297,21000,76.44,4,16057,71.03,2,1.96
6601,361,44695,86.87,5,38836,84.46,3,1.53
6602,404,1236,0.0,0,0,0.0,0,64.82
6603,24205,167443,54.51,65,91309,39.04,22,13.28
6604,996,43731,84.21,10,36835,78.45,5,4.03
6605,15750,165816,67.26,42,111578,58.37,19,11.95
6606,9541,110304,70.65,41,77945,61.06,25,6.45
6607,68,9346,81.0,5,7571,76.22,4,1.21
6608,313,60000,96.78,8,58073,93.72,6,0.98
6609,9455,72456,58.78,8,42602,55.77,4,20.56
6610,3676,205579,81.22,10,166989,79.01,3,3.84
6611,459,1467,91.68,1,1345,91.68,1,8.3
6612,2747,47581,64.92,20,30901,44.56,6,8.83
6613,10916,77801,59.44,7,46254,55.52,1,17.89
6614,3967,80661,74.21,6,59871,73.63,5,9.49
6615,5217,21593,51.51,12,11128,35.88,5,22.66
6616,1551,35428,62.11,10,22009,53.92,6,7.65
6617,7126,127506,67.6,27,86217,59.79,11,9.39
6618,35540,104816,27.91,31,29265,17.46,11,14.76
6620,19332,165982,63.76,57,105875,50.19,19,7.95
6621,32182,35501,36.84,10,13088,23.52,3,17.39
6622,923,35301,65.39,14,23091,53.34,8,4.37
6624,857,22579,74.14,8,16745,59.54,3,4.87
6625,10468,57972,49.61,15,28768,44.07,10,21.99
6626,424,8936,77.35,4,6913,59.56,1,5.62
6627,267,28352,77.55,16,21990,65.81,10,1.55
6629,945,38380,84.02,10,32252,79.95,7,3.16
6633,1367,11129,95.66,1,10646,95.66,1,3.98
6634,2237,71289,66.18,25,47189,51.25,9,6.19
6637,3344,26810,59.22,9,15881,53.8,7,19.81
6638,1137,30000,70.5,7,21156,56.74,1,6.76
6639,913,57645,71.49,19,41220,59.55,8,3.42
6640,13343,28912,65.67,3,18991,63.77,2,16.36
6641,1982,36500,60.24,16,21993,49.83,9,9.52
6642,3236,37400,58.8,12,21998,46.24,5,13.62
6643,22811,42620,37.21,7,15863,33.41,4,36.28
6645,6613,60864,43.81,24,26671,26.16,7,10.96
6648,9199,55000,68.03,21,37423,54.02,9,5.99
6649,18407,42000,53.52,19,22489,35.26,6,7.5
6650,481,31090,80.17,17,24928,61.87,8,2.26
6651,3443,34602,51.82,18,17938,32.44,5,12.75
6652,1689,137000,79.07,38,108355,69.5,16,2.81
6653,282,6000,95.45,1,5727,95.45,1,1.16
6654,3381,40963,78.39,11,32116,71.17,6,3.62
6655,978,80572,86.12,24,69413,76.44,12,1.17
6656,66,12228,90.33,4,11047,82.4,3,0.71
6657,15835,88808,35.43,27,31487,21.76,7,16.05
6658,10944,36370,43.26,12,15738,31.49,5,20.89
6659,1122,85883,80.63,23,69268,70.62,9,2.55
6661,1286,23304,66.09,6,15404,61.9,4,9.28
6662,4668,25612,47.67,10,12211,40.18,7,7.99
6664,17235,61151,54.89,24,33583,36.54,11,24.38
6665,1826,45350,65.83,8,29858,59.37,4,8.33
6666,2183,47388,78.82,9,37357,77.96,8,7.05
6667,13156,53479,54.9,11,29369,50.43,7,26.18
6668,14438,107116,54.36,13,58239,52.32,9,20.81
6669,177902,204579,63.05,51,129054,53.3,19,13.71
6670,5990,139387,78.43,65,109344,65.51,36,4.9
6671,1385,60750,75.15,36,45670,56.6,17,4.41
6672,55432,82312,32.53,27,26796,17.61,8,41.86
6673,3107,26660,30.57,4,8156,25.42,2,28.09
6674,1778,68551,84.27,9,57774,81.38,6,5.3
6676,4356,169685,61.5,43,104407,55.07,25,5.92
6677,1933,56039,63.98,13,35861,57.04,6,7.24
6679,7129,54975,53.02,17,29158,43.83,9,15.38
6680,928,25071,71.58,10,17952,63.64,7,4.23
6682,11158,152106,53.09,25,80789,47.7,12,13.65
6683,30044,27553,22.06,6,6081,11.24,1,28.3
6684,23854,44559,36.65,6,16334,31.51,2,34.2
6688,197,19000,73.88,12,14039,49.8,5,1.74
6689,10300,68000,49.07,26,33383,33.95,10,25.07
6690,5563,30000,59.73,3,17920,59.73,3,20.75
6691,18075,121487,67.79,44,82373,54.27,18,11.35
6692,2112,58844,71.75,16,42234,61.91,6,5.36
6693,6851,45720,40.57,11,18556,31.39,4,18.44
6695,22676,107018,49.52,16,53019,45.07,9,21.32
6696,29720,829240,63.39,247,525843,52.27,94,5.45
6697,2194,27323,66.75,6,18242,61.11,3,14.03
6698,35852,66390,38.34,14,25468,31.08,6,25.25
6699,762,48819,85.49,16,41744,75.24,9,1.78
6701,758,365682,97.98,3,358306,97.98,3,0.34
6702,11477,758660,79.73,98,605043,75.46,45,2.87
6703,23340,36257,51.31,13,18610,38.72,6,20.75
6704,3567,105949,44.77,34,47454,32.39,10,7.72
6705,656,18005,73.6,10,13254,54.99,4,5.15
6706,50048,78549,24.54,18,19287,15.35,6,39.67
6707,1495,59003,80.07,15,47251,71.73,7,4.83
6708,2279,29009,53.49,13,15524,42.81,7,12.6
6709,1949,69380,64.28,22,44607,53.12,8,5.99
6712,29002,100489,40.15,24,40364,31.11,8,19.69
6713,885,29477,60.25,15,17768,37.76,4,7.02
6715,6120,74274,75.11,22,55792,65.47,10,6.96
6716,3211,30242,34.82,11,10535,22.24,4,14.67
6717,427,24937,75.04,13,18714,56.28,6,3.44
6719,26707,105521,48.93,14,51639,43.05,4,27.3
6720,1362,30234,58.13,20,17581,25.49,5,5.94
6721,1641,24500,50.55,9,12388,37.77,3,9.73
6722,2556,88400,76.79,16,67896,74.1,12,5.47
6723,1230,30039,58.68,12,17634,42.18,4,7.25
6724,1841,7100,62.32,2,4425,62.32,2,16.12
6725,6397,37130,64.52,10,23965,58.66,7,18.39
6727,40455,26884,25.87,11,6960,4.8,1,27.3
6728,2898,30120,63.32,9,19077,59.01,7,13.35
6729,1500,27661,47.9,11,13253,31.19,4,9.31
6730,994,36319,74.31,20,26995,60.56,12,4.29
6731,186,54554,99.44,1,54249,99.44,1,0.44
6732,9478,48913,49.43,4,24182,46.31,1,26.52
6733,7302,134316,48.7,26,65439,40.25,7,11.65
6734,2204,40623,59.48,15,24169,46.05,5,10.11
6735,5214,46182,48.6,16,22449,35.59,6,17.6
6736,850,2596,93.39,1,2424,93.39,1,3.5
6737,1365,60050,80.84,23,48556,76.41,20,4.56
6738,535,36714,66.63,24,24470,45.89,12,2.33
6739,11079,23392,57.36,9,13419,48.11,5,19.43
6741,6760,120578,70.09,38,84534,58.33,16,9.34
6742,41114,71268,35.04,20,24987,25.94,9,26.53
6743,8976,150000,64.02,28,96076,58.02,14,11.31
6744,418,15400,65.84,7,10141,52.96,3,4.46
6748,6909,71683,35.2,20,25245,26.77,10,14.64
6750,1843,44707,59.14,22,26449,40.28,8,7.85
6751,2414,22200,64.69,4,14365,56.93,1,16.16
6752,3707,37144,47.77,19,17748,21.07,4,11.65
6753,17112,117300,58.74,24,68925,51.34,11,19.02
6754,2192,66000,83.1,9,54857,81.35,7,5.16
6755,1238,39823,53.73,16,21402,40.99,7,5.87
6756,8283,69990,62.46,8,43733,58.12,2,17.08
6757,134836,459530,75.01,29,344757,72.94,13,12.62
6758,250,13471,81.83,3,11025,74.89,1,2.73
6761,12952,34956,39.02,9,13643,29.93,3,29.22
6762,911,36930,77.6,18,28664,61.86,9,3.12
6763,18067,184039,61.53,21,113275,57.3,9,18.57
6764,255,38203,98.27,2,37543,98.27,2,0.6
6767,1465,39184,59.3,10,23244,51.86,4,7.35
6768,7066,200095,81.88,34,163889,76.18,16,6.24
6770,669631,4716793,47.18,567,2226358,42.6,209,24.28
6771,1766,31180,43.2,17,13478,18.13,4,10.59
6775,4191,109500,62.65,26,68620,56.44,15,7.18
6776,7465,91581,66.67,14,61082,61.35,6,15.35
6780,237,16470,83.42,12,13744,53.37,4,1.49
6781,28463,85419,70.04,8,59841,67.69,4,16.08
6782,6282,63000,51.63,23,32536,35.54,8,9.37
6784,895,19077,51.19,9,9768,30.34,3,8.76
6785,4453,66800,60.95,19,40725,54.52,12,9.35
6786,17433,30838,9.05,5,2793,0.0,0,28.1
6787,19693,81007,24.58,24,19929,9.83,4,20.46
6788,27976,38740,21.84,8,8472,14.22,3,40.38
6789,54278,318299,72.3,22,230196,69.2,6,14.36
6790,11106,267129,78.57,24,209927,75.33,10,7.9
6791,1962,20847,74.26,9,15487,56.02,3,11.46
6792,3987,47875,53.89,7,25808,48.08,3,15.38
6793,23749,75600,39.08,27,29563,22.4,7,11.4
6794,1148,63637,78.61,22,50033,67.21,11,3.04
6796,3016,40234,47.42,13,19082,33.96,4,12.15
6797,26743,30732,48.8,12,15005,29.99,4,18.45
6798,5881,19572,73.35,10,14360,55.68,4,1.74
6799,30264,43652,32.31,9,14111,21.07,2,31.31
6803,14712,72794,56.34,5,41023,54.28,2,24.53
6804,2182,47500,64.22,23,30513,47.17,11,7.44
6805,18357,68554,63.53,26,43562,51.27,12,7.58
6806,30964,274643,60.24,14,165490,58.45,4,17.68
6807,970,54000,81.42,15,43975,73.55,8,2.56
6808,2201,77840,54.25,19,42238,44.16,6,5.87
6810,25163,49448,35.37,14,17496,21.39,3,10.15
6811,5353,41449,66.41,4,27529,61.94,1,13.75
6812,7335,30585,40.99,11,12540,26.29,3,15.71
6813,633,23388,62.5,10,14623,48.86,5,6.95
6814,728,41874,82.81,14,34682,73.55,8,3.31
6815,8314,39706,67.2,21,26690,49.84,11,6.34
6816,434,12180,70.99,3,8648,61.98,1,5.28
6817,1097,18417,54.89,1,10110,54.89,1,10.41
6818,1383,25503,66.5,6,16962,55.91,2,10.26
6819,1287,33974,56.28,14,19127,41.13,6,6.98
6820,1613,22253,71.9,5,16000,71.9,5,8.0
6821,3921,35767,51.96,14,18592,39.67,7,19.1
6823,2491,30534,55.26,6,16876,50.99,4,12.65
6825,586,33651,73.37,11,24692,61.71,5,3.13
6826,7054,85540,74.68,17,63897,68.07,9,7.78
6827,1502,79294,62.27,26,49395,49.26,10,3.82
6829,11013,59169,66.11,4,39126,63.0,1,16.32
6830,26051,54726,31.03,19,16991,17.64,6,35.59
6831,11652,67500,57.79,30,39020,37.85,9,12.61
6832,3574,26411,86.1,3,22742,82.84,1,4.11
6833,903,57977,85.79,10,49751,79.3,4,2.93
6834,11749,88471,60.84,32,53846,47.8,15,19.52
6835,2111,66172,78.78,27,52139,68.85,15,5.91
6837,1001,32824,59.15,18,19423,41.11,9,6.89
6838,6731,150977,61.45,28,92819,54.11,10,9.17
6839,902,82020,80.58,29,66108,74.27,20,1.8
6840,1964,31583,53.41,13,16873,37.6,5,9.3
6841,11958,95223,47.6,29,45344,37.03,13,22.9
6842,2152,23133,39.35,7,9106,27.41,3,16.41
6843,1214,33304,76.75,16,25565,55.9,7,6.68
6844,3345,37428,63.45,10,23752,55.96,5,7.77
6846,1470,27066,66.78,7,18078,64.19,6,8.44
6847,638,14230,55.89,8,7956,19.67,2,8.28
6848,525,14273,52.95,8,7560,29.84,2,5.34
6849,6117,41918,48.23,12,20225,37.37,5,18.93
6850,926,33089,60.65,18,20072,41.06,8,4.38
6854,6114,117679,64.98,32,76498,54.65,13,9.32
6855,1987,23250,61.33,13,14264,41.79,6,5.71
6856,938,28200,83.6,8,23581,74.28,4,4.69
6857,417,15226,94.62,1,14408,94.62,1,2.12
6858,336,27220,89.89,9,24470,82.2,5,2.29
6859,2525,41603,64.46,15,26824,55.88,9,8.61
6861,13442,41599,48.55,1,20200,48.55,1,23.69
6862,6327,50000,69.86,7,34936,68.91,6,15.94
6863,4473,74888,75.57,10,56610,72.27,6,8.41
6864,4230,37875,37.11,19,14066,12.23,3,7.2
6865,1401,15841,50.68,7,8032,36.26,3,12.5
6867,811,24500,86.42,7,21176,78.62,4,4.44
6868,491,25043,55.37,14,13874,27.27,3,3.0
6869,20706,137830,55.03,41,75888,45.88,20,21.21
6870,2446,29167,73.76,13,21519,60.15,6,6.02
6872,2915,70751,57.56,28,40744,42.9,11,8.32
6873,11606,142649,62.14,44,88671,53.86,23,12.98
6874,2886,22000,53.6,9,11796,39.58,4,18.7
6875,4751,129183,61.35,36,79286,52.59,18,7.37
6876,20199,70529,31.69,24,22365,16.73,6,7.81
6877,3225,46967,74.5,27,35001,58.97,15,8.25
6878,1112,72641,88.93,14,64609,84.69,9,2.73
6879,350,26459,89.17,8,23597,80.25,4,1.57
6881,952,15000,57.92,4,8691,49.96,2,5.43
6882,818,23199,59.1,14,13715,31.49,4,7.13
6883,689,76274,87.72,28,66908,80.38,18,1.76
6884,1312,18390,73.01,3,13428,69.21,2,8.83
6885,22439,133099,36.85,41,49066,22.46,10,13.7
6886,14392,31810,90.03,5,28642,84.94,3,1.79
6887,858,74206,91.81,20,68144,82.02,8,1.62
6890,7466,250297,92.24,18,230891,91.97,17,3.6
6891,5739,200642,77.01,30,154576,73.74,19,6.07
6892,2588,94015,56.8,41,53424,36.89,12,5.61
6894,2781,23826,60.99,11,14533,55.07,8,10.26
6895,2866,34100,61.05,9,20823,50.99,4,11.93
6898,1565,29016,59.19,10,17179,45.84,2,9.22
6899,1979,42398,80.06,19,33950,61.26,7,7.6
6901,23692,853950,82.61,47,705642,80.53,17,4.99
6902,6816,35550,70.35,15,25018,58.93,8,5.21
6903,9782,66676,68.08,16,45402,65.51,13,15.97
6904,599,18500,79.9,8,14783,64.36,2,3.12
6906,3391,33537,57.9,13,19424,47.8,7,15.97
6907,7347,62562,65.22,7,40812,62.26,3,15.48
6908,1186,37180,86.39,2,32122,86.39,2,4.64
6909,12820,67488,37.83,25,25538,20.73,8,22.98
6910,1587,30521,57.05,8,17418,49.55,4,9.57
6911,939,22000,61.89,11,13620,44.33,5,6.69
6912,2014,144000,77.04,28,110974,69.43,9,3.04
6913,4253,43849,53.96,16,23667,42.24,9,11.9
6914,4555,66226,72.14,17,47785,67.03,11,9.49
6915,1126,35300,88.44,11,31221,84.8,9,5.35
6916,2071,67500,78.98,18,53327,72.7,12,5.6
6917,2555,55272,43.12,22,23844,28.68,9,9.75
6918,2008,34571,48.97,17,16937,27.66,5,9.95
6919,66259,1557559,73.19,321,1140263,66.99,164,7.53
6920,12269,207219,62.89,37,130372,57.0,17,11.09
6921,876,32062,78.02,11,25019,75.17,9,5.01
6922,3088,27155,62.9,9,17082,56.68,6,12.03
6923,3478,90439,69.7,37,63051,55.25,17,6.3
6924,599,20624,82.21,6,16958,73.08,3,3.93
6925,3029,20000,60.42,9,12087,41.69,2,21.8
6926,688,49800,80.75,25,40220,60.92,9,2.55
6927,1294,38236,67.91,14,25971,52.75,5,6.57
6928,4327,86000,79.69,11,68544,76.07,6,9.25
6929,1539,45090,89.57,6,40392,86.91,4,4.81
6931,3340,66152,70.05,40,46352,49.75,18,7.66
6932,5269,432596,80.46,79,348137,74.55,37,2.88
6933,4496,42558,66.73,10,28409,60.09,6,11.65
6934,1576,36130,65.87,15,23801,57.46,11,6.78
6935,579,37410,82.34,13,30804,72.81,7,2.81
6936,3781,72804,76.19,20,55485,64.77,9,8.19
6937,8453,67655,63.81,25,43186,54.42,14,14.03
6938,666,12570,67.01,6,8424,54.14,3,6.08
6939,662,35384,63.07,11,22322,56.07,8,3.3
6940,9252,320513,54.41,110,174444,39.84,34,6.9
6944,17379,99694,55.28,44,55135,36.28,14,11.84
6945,5565,97605,62.99,27,61505,52.32,11,9.67
6946,1890,323800,93.89,34,304088,90.82,18,1.08
6947,5655,106126,70.28,31,74607,60.13,14,9.28
6949,8269,1311601,93.14,179,1221846,89.42,103,1.07
6950,435,172926,95.79,27,165687,89.71,10,0.32
6951,4542,52000,66.23,4,34444,63.9,2,9.32
6952,2413,68345,86.87,18,59381,79.94,13,5.28
6953,3114,30015,63.56,6,19079,56.2,3,11.79
6955,513,24801,60.3,11,14955,49.64,6,2.44
6957,1872,55992,72.13,26,40395,54.12,11,4.25
6958,3393,401289,94.17,28,377976,93.04,21,1.36
6958A,1326,40000,83.86,7,33545,83.86,7,5.78
6959,4016,39167,40.77,12,15976,33.17,7,15.65
6961,3764,26834,44.48,6,11940,33.34,1,17.11
6962,32778,492397,52.71,79,259635,46.53,30,14.15
6963,207,15972,87.95,3,14048,85.35,2,1.45
6965,2336,156336,92.49,19,144606,91.01,15,2.39
6967,1738,30404,65.44,16,19901,39.25,4,8.09
6968,3511,49447,58.77,18,29067,44.13,7,10.1
6969,1741,43857,53.73,15,23573,40.67,6,8.5
6971,1621,38668,73.78,16,28538,61.37,8,8.09
6972,355,22935,83.82,9,19226,63.73,1,2.43
6973,882,40803,67.8,20,27671,41.45,4,4.23
6976,5978,582867,80.55,109,469567,73.74,44,2.49
6977,1818,14000,39.13,8,5479,15.91,2,14.99
6979,432,12000,59.53,4,7145,39.6,1,4.51
6980,2341,30000,77.37,6,23216,72.41,4,9.94
6982,2747,40752,65.02,15,26508,53.53,7,12.68
6983,3340,18020,43.49,9,7840,16.01,2,16.74
6984,343,19239,56.57,14,10886,27.71,4,2.42
6986,1942,52134,49.34,20,25732,36.71,9,6.72
6987,1146,224468,90.56,34,203324,86.94,21,1.06
6988,456,47600,78.58,21,37411,64.86,11,1.59
6990,5577,64454,82.27,17,53039,76.26,12,10.24
6992,464,25699,72.86,19,18728,43.34,8,2.82
6994,6872,74162,44.99,20,33378,36.98,10,19.3
6995,3715,27000,45.64,13,12328,28.93,5,7.45
6996,2460,42090,61.16,5,25749,55.68,1,8.22
6997,747,22100,82.26,3,18181,77.74,2,4.92
6999,257,23116,77.34,16,17884,57.3,8,1.35
7402,21153,35281,34.35,9,12123,26.96,4,32.73
7415,2527,30200,61.7,18,18642,33.05,5,6.39
7418,260,27554,96.14,6,26493,85.31,1,0.45
7419,4706,40000,49.48,15,19805,39.37,9,19.94
7421,537,525,0.0,0,0,0.0,0,53.65
7422,241,23272,82.47,3,19196,78.47,1,1.65
7427,5171,54026,31.03,19,16775,19.64,8,19.21
7443,348,22000,82.47,11,18147,73.22,7,2.37
7452,109,2000,87.89,1,1758,87.89,1,4.86
7455,267,25500,82.75,8,21107,73.87,4,1.44
7507,1115,102100,78.25,31,79915,70.21,18,2.27
7516,24233,19309,36.61,7,7072,14.79,1,23.66
7530,3392,46500,54.7,14,25448,45.99,8,15.5
7547,2011,33963,73.11,10,24834,66.12,7,9.88
7551,441,12100,56.65,5,6857,42.93,2,6.11
7555,417,28325,87.67,4,24834,86.14,3,1.91
7556,2695,29194,64.38,10,18799,54.58,5,9.45
7558,813,18621,52.37,12,9754,22.51,3,8.71
7561,735,30085,60.63,7,18244,55.15,4,3.1
7562,279,22779,76.4,10,17407,63.04,5,1.66
7566,7897,159773,66.92,50,106935,55.01,22,4.33
7575,559,30000,52.1,16,15635,32.69,7,2.94
7578,1757,60073,64.56,27,38803,44.44,8,5.63
7583,457,24595,88.29,13,21724,72.97,7,2.56
7584,970,16463,71.29,7,11739,51.83,2,8.76
7590,2525,122379,82.05,31,100438,77.3,22,4.59
7595,824,50465,72.12,27,36405,45.91,8,3.47
7607,675,36653,71.95,13,26377,62.37,6,2.25
7610,21976,58779,50.04,19,29426,39.66,8,20.57
7631,1243,20142,71.78,10,14461,52.83,4,8.05
7642,2052,30150,80.03,9,24131,78.35,8,9.68
7669,3670,22000,32.84,12,7229,4.94,1,13.13
7686,1841,50110,87.82,10,44008,85.86,8,2.43
7689,7706,58507,84.52,8,49458,81.71,5,7.24
7702,354,66000,92.71,10,61200,87.96,5,0.83
7703,4314,34745,59.08,9,20538,46.66,2,16.25
7704,1609,33770,59.63,14,20142,42.11,4,7.62
7705,13787,66067,68.85,10,45495,61.81,3,11.6
7706,241,10000,91.29,1,9129,91.29,1,3.4
7707,3288,45700,46.48,11,21254,39.85,6,10.41
7708,3002,25500,63.59,2,16218,61.96,1,12.24
7709,2655,39103,79.43,8,31065,77.39,7,9.45
7710,309,63906,99.02,3,63282,97.54,2,0.38
7711,9622,71700,61.18,12,43879,52.68,4,13.07
7712,4433,32562,53.63,15,17468,35.55,5,16.46
7713,764,45480,84.76,14,38561,78.28,9,2.37
7714,2779,21000,66.63,8,13996,47.95,2,14.37
7715,2106,32756,56.05,12,18369,39.76,4,12.29
7716,547,22500,82.58,9,18586,66.12,3,4.02
7717,9697,24832,51.39,10,12767,35.38,4,21.57
7718,1027,46356,78.27,18,36293,65.72,9,3.22
7719,16140,36000,20.73,7,7472,11.31,2,28.35
7721,3480,55370,60.8,17,33677,52.76,10,11.13
7722,20613,71648,84.98,4,60893,83.64,3,9.46
7723,4402,49620,56.43,19,28010,47.21,12,14.21
7724,298,35381,84.3,12,29834,70.85,5,1.57
7725,299,48327,84.13,10,40663,79.54,6,0.87
7726,181,20304,87.24,6,17716,80.37,4,1.22
7728,3373,13854,57.12,4,7916,45.73,2,15.1
7729,17159,80682,56.48,30,45588,45.32,17,8.41
7730,1209,36797,69.92,17,25734,60.72,11,5.1
7731,9024,521981,71.96,90,375706,67.42,52,4.54
7732,875,64680,88.91,20,57516,84.44,15,1.9
7734,14138,28000,71.73,11,20089,67.31,9,10.69
7735,2774,43331,92.97,8,40293,87.5,5,2.73
7736,1564,76000,84.69,23,64387,76.73,13,3.54
7737,372,29759,77.83,14,23167,56.78,5,1.78
7738,1663,27356,57.71,17,15796,32.17,6,7.07
7740,2834,60000,64.57,22,38747,54.1,12,7.5
7742,7319,66561,68.98,5,45921,65.0,1,15.73
7743,926,36483,74.67,23,27252,57.39,13,4.22
7744,2480,32077,75.52,14,24235,61.78,8,6.78
7745,546,17950,71.13,7,12770,56.71,3,7.37
7747,953,30169,79.92,6,24112,76.63,4,2.41
7748,212,14500,68.37,8,9916,50.07,4,2.4
7749,7963,46486,46.73,19,21733,28.99,5,16.87
7750,11126,71843,75.29,33,54096,61.59,16,5.29
7751,10641,26889,46.66,11,12550,36.95,6,13.22
7752,2205,200000,86.11,35,172242,81.66,20,2.23
7753,2360,25000,74.15,4,18541,65.34,1,7.7
7754,1795,101257,70.26,40,71165,56.35,15,3.38
7756,263,21283,70.83,8,15077,59.42,4,1.4
7757,2627,24100,59.28,10,14288,40.98,4,13.21
7758,377,16100,83.4,3,13428,80.09,2,2.55
7759,1022,70342,80.94,17,56951,73.5,10,2.65
7760,1494,66048,65.12,30,43024,49.88,12,3.25
7761,1435,28900,49.32,10,14256,34.23,4,10.2
7762,1432,58091,55.34,26,32154,39.54,10,3.89
7763,2901,60014,82.08,17,49269,76.51,10,6.08
7764,777,60000,81.51,26,48915,68.92,15,2.77
7765,6158,40681,60.46,4,24597,56.68,1,14.7
7767,1091,30100,71.61,16,21562,55.7,9,5.94
7768,6529,70065,64.19,21,44996,55.54,13,10.63
7769,59892,179930,67.23,46,121017,56.92,16,5.34
7770,1090,30062,74.26,14,22327,62.44,7,5.53
7771,516,20013,82.1,3,16433,75.7,1,3.06
7772,5265,26499,56.09,5,14864,52.82,3,22.76
7773,986,39911,57.6,16,22997,42.81,8,5.42
7776,1081,49102,74.56,15,36623,63.72,6,4.67
7777,19114,202606,64.46,30,130667,59.53,15,15.03
7779,369,16105,66.95,7,10784,56.73,4,2.14
7780,43370,810024,75.57,46,612367,73.52,19,10.24
7781,17570,649681,73.14,85,475322,69.03,40,5.95
7782,1111,23213,76.05,9,17656,65.8,6,7.2
7783,1166,62445,91.8,16,57331,89.51,13,2.01
7784,1452,187601,87.43,47,164065,82.12,30,1.95
7785,221,33339,85.54,13,28524,72.06,5,1.1
7786,6395,175954,82.46,32,145139,77.76,18,6.05
7788,8443,79746,69.26,35,55243,55.71,16,9.95
7789,177,21184,71.34,14,15117,42.62,4,0.85
7790,397,18585,70.29,15,13067,32.02,3,2.57
7791,4655,80000,80.08,16,64079,70.07,5,7.91
7792,3954,46662,69.38,14,32380,62.01,8,8.88
7794,1247,28000,81.49,7,22820,71.58,2,7.28
7795,16857,78828,70.35,9,55467,64.73,3,9.45
7796,2343,22963,57.25,5,13150,45.59,1,17.01
7797,694,22245,79.3,11,17645,62.68,5,4.96
7798,782,354126,94.74,63,335581,88.66,31,0.33
7799,11548,159738,79.57,38,127136,70.56,14,7.24
7801,1279,18300,70.43,3,12891,67.37,2,10.5
7803,2092,94413,79.32,31,74907,70.37,17,4.81
7805,4531,33125,70.43,7,23334,68.65,6,10.85
7806,347,29253,77.28,16,22609,58.33,7,1.74
7808,1073,70000,77.96,3,54580,76.94,2,3.0
7810,3189,20250,46.8,6,9480,36.34,3,18.54
7811,1246,33377,73.26,7,24461,65.17,2,5.97
7812,2779,60419,61.16,20,36969,53.06,12,8.38
7813,1806,19216,42.72,8,8212,27.41,3,15.11
7814,1572,45000,77.68,9,34965,71.66,5,5.79
7815,4109,32976,60.48,7,19950,50.32,2,12.15
7816,1131,29278,79.4,6,23251,71.83,2,6.25
7818,3902,167946,90.13,12,151391,89.0,8,3.81
7819,2657,25264,59.14,2,14942,55.4,1,17.94
7820,1928,37768,76.92,12,29062,66.01,6,6.7
7821,9811,121913,80.93,23,98673,74.53,12,7.22
7822,17064,45561,68.19,9,31080,63.73,6,17.52
7823,989,33491,72.62,14,24325,62.35,9,4.22
7824,380,31337,79.88,18,25038,67.2,12,1.59
7825,4192,25614,40.28,9,10324,24.81,3,25.84
7826,126,12000,84.38,9,10127,60.74,4,1.55
7827,2760,140046,79.33,30,111121,73.96,17,3.6
7828,14105,40532,65.92,19,26723,53.54,10,13.3
7829,1066,99388,82.86,43,82382,70.79,24,2.09
7831,72,13401,74.55,8,9993,56.06,4,0.1
7832,2208,580000,92.75,100,538042,87.67,58,0.94
7833,541,43011,73.67,20,31694,57.31,9,2.07
7834,259,16478,75.03,7,12364,61.04,3,2.94
7835,573,46544,69.82,18,32506,55.34,6,2.2
7836,582,49500,71.07,20,35186,61.53,12,1.41
7837,333,22800,74.89,4,17079,67.76,2,2.44
7839,485,15096,72.5,7,10946,55.95,3,3.92
7840,229,34000,89.55,13,30453,76.24,7,1.05
7841,358,24200,77.81,10,18833,66.53,6,2.22
7842,1613,18250,69.18,3,12629,62.3,1,11.52
7843,1067,33440,67.65,9,22627,61.47,6,5.17
7846,469,34412,84.06,8,28934,75.12,3,2.07
7847,543,29000,63.09,14,18301,43.49,5,3.38
7848,1315,33376,73.08,17,24399,51.35,4,4.2
7849,171,11892,95.78,1,11391,95.78,1,1.15
7850,1523,97659,70.54,39,68916,54.14,17,3.42
7851,535,67691,83.6,21,56602,74.31,9,1.53
7853,15180,48247,27.9,13,13464,19.13,4,33.39
7854,829,40300,89.32,16,36004,79.77,11,3.16
7855,14043,277305,76.24,18,211476,73.39,6,9.4
7856,8143,27177,68.18,12,18533,61.08,9,9.91
7857,621,53488,83.51,13,44681,75.92,7,1.77
7858,4057,22237,48.44,10,10775,30.41,2,15.33
7860,147,32000,94.61,11,30280,89.34,9,0.42
7861,3999,64600,77.25,23,49914,66.9,12,4.64
7862,601,40000,87.05,4,34822,84.22,2,1.38
7863,118,30000,98.43,5,29533,96.02,4,0.33
7865,869,25124,61.93,13,15566,35.32,4,6.72
7866,4789,43171,61.29,17,26470,45.73,7,9.5
7867,695,96000,95.13,25,91348,83.91,8,0.87
7868,1076,22240,57.39,10,12768,40.21,4,8.78
7869,452,27241,88.87,4,24210,86.5,3,1.03
7870,2420,18400,76.15,12,14014,49.14,3,1.39
7871,6333,134278,54.82,32,73651,48.34,17,8.68
7872,1211,30000,65.06,3,19522,61.32,1,6.91
7873,2875,149884,85.53,37,128210,76.1,15,2.68
7875,338,20000,96.46,1,19292,96.46,1,1.57
7876,1445,107510,84.1,30,90433,74.78,15,2.74
7877,383,38857,70.8,11,27516,57.48,2,1.63
7878,3123,56137,47.9,25,26904,27.55,5,8.13
7879,3202,40000,62.02,17,24813,49.58,10,11.41
7880,1436,26500,66.43,16,17609,35.84,5,8.0
7881,405,27000,84.26,6,22751,82.39,5,2.52
7882,2181,205282,83.5,47,171436,78.01,31,2.27
7883,2072,60976,71.25,24,43462,58.49,11,2.3
7885,460,29200,76.54,16,22355,57.39,6,3.04
7886,1569,24978,65.36,14,16329,43.22,5,8.48
7887,13958,81720,43.4,34,35480,28.88,14,19.76
7888,542,75235,81.19,40,61096,62.01,18,1.05
7889,194,20781,83.84,16,17428,45.61,4,0.83
7890,418,20800,86.06,12,17905,65.96,6,2.53
7891,190,19430,56.46,7,10971,53.57,6,1.38
7892,5899,47198,75.5,15,35646,63.38,6,8.0
7893,1366,40799,86.16,5,35160,80.01,1,4.14
7894,862,24000,54.3,8,13037,38.97,1,4.45
7895,13083,38790,74.13,7,28762,65.58,1,2.72
7896,600,27900,86.62,5,24171,80.82,2,1.88
7897,204,133617,98.36,2,131436,98.36,2,0.18
7898,3175,30039,69.25,6,20807,64.02,3,6.53
7899,8495,24292,42.24,12,10265,11.82,2,25.03
7901,2239,60000,84.24,13,50551,75.09,4,3.3
7902,1736,200605,89.32,43,179205,85.66,31,1.94
7904,99,15000,92.43,4,13866,85.92,2,0.94
7907,2135,39393,75.25,17,29652,65.16,11,2.03
7909,4811,70593,83.15,14,58708,76.12,7,4.52
7911,1818,40000,64.7,14,25883,49.09,4,6.86
7912,2243,22190,79.36,10,17612,72.33,7,4.89
7913,1186,45139,90.42,7,40819,86.43,4,2.13
7914,81,52848,94.88,4,50151,93.8,3,0.2
7915,1688,40100,86.14,19,34549,70.84,10,1.94
7917,2106,66903,80.05,16,53570,70.07,6,3.14
7918,14867,43100,79.72,5,34364,77.07,3,7.97
7919,602,12700,50.06,4,6358,42.07,2,7.22
7920,3570,593987,88.82,180,527631,79.41,93,1.46
7921,834,40807,83.77,11,34189,75.71,5,2.73
7922,520,66175,95.55,18,63236,94.07,17,0.82
7924,1746,133561,81.7,45,109149,74.77,30,2.11
7925,361,65600,89.65,40,58830,72.32,23,1.17
7926,1524,15002,73.49,4,11027,59.45,1,6.84
7927,553,44700,70.17,29,31374,41.79,7,1.26
7928,2441,41530,72.56,18,30137,58.54,8,4.43
7929,969,21673,81.74,12,17719,61.86,4,3.5
7930,2030,33754,67.72,12,22864,58.77,6,6.8
7931,160,24641,96.2,5,23705,84.9,1,0.41
7932,2490,50000,59.98,22,29997,40.07,5,4.73
7933,114,23563,86.76,8,20448,72.02,3,0.56
7934,1272,26029,56.2,15,14638,31.55,5,5.36
7935,207,37000,83.01,16,30717,63.8,6,0.59
7936,671,36038,67.86,3,24458,64.14,1,4.1
7939,453,19580,74.62,2,14613,71.08,1,3.21
7942,2544,31768,82.52,6,26222,77.4,3,5.49
7943,555,30651,73.6,18,22566,57.24,10,2.37
7944,233,30763,85.76,13,26385,72.44,7,1.16
7945,331,11543,71.75,5,8284,58.2,2,2.91
7947,1148,60363,81.7,19,49333,74.67,12,1.04
8002,250,1908,0.0,0,0,0.0,0,28.25
8009,627,4375,0.0,0,0,0.0,0,21.49
8010,385,6666,46.01,4,3068,20.25,1,9.66
8011,60652,165922,31.17,26,51757,25.0,10,29.7
8012,478,3800,93.02,1,3535,93.02,1,4.85
8014,591,8827,37.88,2,3344,37.88,2,10.86
8015,111,3000,29.54,2,886,0.0,0,12.06
8016,35918,120137,44.48,50,53465,29.44,21,20.58
8018,75,3449,21.62,1,746,0.0,0,3.98
8019,98,33891,93.81,3,31801,90.33,1,0.8
8020,109,8263,59.32,4,4902,32.36,1,2.37
8021,84632,147330,48.21,46,71061,37.25,23,31.26
8022,57,3000,70.18,1,2106,70.18,1,3.26
8024,22517,45160,29.89,12,13507,18.86,4,25.35
8026,61,97,0.0,0,0,0.0,0,73.87
8027,65869,113129,26.96,32,30518,14.72,10,39.83
8028,70410,184772,47.96,60,88655,36.8,27,28.2
8029,648,78017,75.2,24,58688,62.69,7,1.44
8031,121,4498,25.57,1,1151,25.57,1,4.73
8032,23277,51810,75.96,9,39360,74.21,7,12.86
8033,79486,164630,25.95,33,42753,17.81,13,40.67
8034,21999,56586,17.89,11,10138,8.72,3,32.48
8035,213,6705,44.2,4,2965,17.91,1,5.78
8036,532,7657,20.62,1,1580,20.62,1,10.9
8038,40145,62278,21.23,10,13225,15.03,4,36.37
8039,86627,263928,57.4,59,151527,49.39,25,22.53
8040,31802,96414,49.8,12,48042,44.68,3,22.07
8042,44314,133855,64.08,41,85815,57.24,26,23.65
8043,37743,79907,40.03,14,31995,37.54,10,46.62
8044,27407,204768,61.16,30,125281,56.96,16,14.11
8045,4300,95042,66.04,35,62784,55.76,19,8.3
8046,114800,646165,84.2,90,544194,79.63,42,7.31
8047,1274,41666,82.47,15,34369,74.65,10,3.67
8048,34918,57706,39.77,18,22958,28.28,7,24.42
8049,39307,118280,33.37,23,39489,27.21,11,29.22
8050,56805,205205,43.08,36,88460,36.19,15,26.37
8053,3692,411818,85.44,76,351942,80.37,42,1.93
8054,52117,108733,34.78,16,37832,28.94,4,33.83
8056,11794,389990,60.65,80,236616,53.98,35,5.95
8057,84,6344,67.07,3,4256,67.07,3,2.43
8058,2570,68800,67.46,27,46434,50.33,10,6.56
8059O,12966,194080,73.01,16,141738,69.37,5,8.2
8060,272,6083,49.68,2,3023,34.07,1,11.29
8064,80326,184818,47.78,47,88338,39.65,22,31.45
8065,928,4500,37.58,3,1692,0.0,0,18.18
8066,38090,36642,38.06,13,13952,20.04,3,32.95
8067,6995,20700,81.35,9,16844,56.73,3,6.6
8068,8233,80766,62.05,18,50122,58.72,13,15.63
8069,105310,1155111,74.72,295,863289,66.53,145,9.41
8070,36506,725648,73.81,101,535712,69.93,58,10.66
8071,35058,60084,32.94,13,19802,22.86,3,32.69
8072,12934,80000,60.18,10,48158,57.87,7,20.92
8074,45681,86974,38.62,23,33609,29.42,9,31.39
8076,89285,292214,34.12,64,99756,25.54,24,21.73
8077,1063,21946,82.07,4,18013,76.8,2,2.97
8080,14344,67164,84.74,5,56923,82.53,2,5.78
8081,21662,86172,37.24,23,32109,23.72,4,24.9
8082,4212,106609,71.71,22,76470,62.9,8,4.36
8083,2721,35133,56.52,13,19863,44.08,4,9.53
8084,3481,69514,60.52,22,42077,48.59,7,9.08
8085,35915,139983,41.45,28,58061,30.13,3,17.2
8086,77547,196516,44.54,34,87568,37.67,10,32.32
8087,9848,38646,57.49,21,22226,43.7,11,10.06
8088,54204,60922,17.43,6,10623,16.71,5,53.14
8089,27212,65999,40.91,7,27006,37.95,3,22.09
8091,18733,57185,46.78,24,26762,32.0,10,20.5
8092,20416,57172,61.1,25,34945,41.11,7,11.04
8093,3233,56568,67.55,7,38213,64.0,4,8.24
8094,337,18527,43.02,10,7975,11.96,2,2.77
8095,123,7930,51.29,6,4068,18.1,1,3.77
8096,84997,149343,41.46,28,61961,35.47,15,31.28
8097,13334,60302,72.42,20,43677,59.71,9,6.97
8098,1443,13235,57.26,8,7581,33.15,3,10.65
8099,29247,100073,81.8,18,81877,76.7,9,5.83
8101,18408,52166,81.4,3,42468,80.45,2,8.0
8102,1160,23358,38.9,10,9089,24.43,4,7.07
8103,18384,78437,50.75,32,39823,33.79,11,20.88
8104,45181,104058,34.2,9,35611,30.38,2,32.23
8105,35798,441545,63.75,41,281590,60.24,19,14.39
8106,68,3943,60.82,3,2398,27.88,1,2.19
8107,31800,75000,53.92,20,40449,44.42,10,16.99
8109,7097,82161,54.03,35,44418,34.87,11,13.4
8110,80094,517740,49.89,42,258426,46.65,15,29.52
8111,60051,109102,36.67,27,40026,26.69,9,31.27
8112,116665,565883,37.02,87,209583,32.82,48,29.37
8112A,7003,30000,50.72,13,15223,36.01,7,17.72
8114,11702,76781,46.2,31,35486,32.49,13,18.98
8115,842,70000,86.41,25,60502,78.23,16,2.47
8119,33068,63662,46.71,26,29752,27.54,8,10.47
8121,30636,212994,61.14,38,130267,54.34,15,14.62
8122,1616,402371,93.1,13,374717,92.23,7,0.77
8127,242,5558,7.67,1,427,0.0,0,7.51
8130,297,47620,70.92,21,33778,59.07,11,0.81
8131,33334,442222,70.73,27,312899,68.07,7,14.44
8147,5010,42285,45.42,14,19217,32.52,6,15.54
8150,146497,704523,60.22,142,424396,53.66,71,24.76
8155,16802,62854,44.9,14,28228,35.6,6,27.86
8157O,662,26839,78.64,2,21107,78.64,2,4.87
8162,2580,68702,74.83,27,51427,61.84,13,7.03
8163,74770,280000,44.92,43,125855,39.8,18,24.85
8171,44643,112853,61.2,27,69089,52.35,12,12.68
8172,258,1579,0.0,0,0,0.0,0,35.73
8176,36493,71701,33.9,20,24317,22.18,6,23.45
8182,11046,107041,67.13,13,71867,63.78,7,18.61
8183,37769,121251,48.43,18,58743,42.44,6,21.88
8197,637,61748,84.91,4,52437,83.38,2,2.19
8201,12057,62366,58.2,16,36315,45.88,4,16.9
8210,42382,125319,65.99,30,82722,58.11,14,19.31
8213,68580,271242,50.65,84,137420,39.33,35,17.14
8215,67677,320675,53.0,28,170013,50.26,12,20.41
8218,105,1593,0.0,0,0,0.0,0,9.2
8222,39654,68574,36.19,13,24832,31.52,7,33.21
8225,380,22380,79.65,4,17828,73.02,2,3.89
8227,28011,39543,38.6,14,15273,21.08,4,29.63
8234,16605,141226,55.05,37,77791,46.67,18,21.12
8240,37422,100004,54.02,21,54040,48.06,11,21.14
8249,35616,137824,57.41,17,79152,53.5,9,23.71
8255,25297,101979,51.12,16,52152,46.76,9,22.9
8261,76046,118878,41.94,13,49880,38.27,6,40.01
8264,496,2577,0.0,0,0,0.0,0,34.39
8271,66373,129615,41.87,24,54298,35.6,11,33.89
8272,1654,18998,38.04,6,7231,25.15,2,11.43
8276,125,3507,48.36,2,1697,33.84,1,10.33
8277O,38628,91629,21.77,13,19960,15.74,3,28.9
8279,2131,27101,60.22,5,16329,52.51,2,11.19
8281,415,29267,44.49,8,13025,34.88,3,2.37
8284,2293,47303,64.4,19,30474,48.12,8,6.94
8286,157,441,0.0,0,0,0.0,0,76.5
8287,11819,24267,70.24,1,17046,70.24,1,20.81
8289,30396,68334,43.88,17,29993,33.61,5,26.12
8291,1867,17478,71.89,3,12566,71.89,3,13.37
8297,174,15000,92.95,1,13943,92.95,1,1.78
8298,385,25632,81.42,3,20870,81.42,3,2.23
8299,211581,221439,38.08,59,84356,27.43,23,32.79
8325,204,1513,0.0,0,0,0.0,0,33.84
8329,3155,280578,91.01,36,255383,87.4,22,2.79
8341,18723,130000,48.64,15,63257,46.58,11,24.02
8342,1091,33537,72.31,9,24255,66.29,6,4.65
8345,796,60008,83.48,15,50112,73.22,6,2.26
8349,7652,208821,71.3,37,148942,67.26,23,6.55
8349A,1262,10000,10.25,2,1025,0.0,0,19.54
8351,1048,25000,72.54,3,18136,70.91,2,5.46
8354,14474,78532,65.43,32,51409,49.42,11,11.12
8358,165545,252588,34.21,55,86475,25.83,22,43.95
8359,6005,136500,83.34,26,113780,79.49,18,4.66
8367,3498,92172,70.66,33,65153,61.38,18,7.0
8374,13194,112585,71.38,11,80396,68.36,6,17.75
8375,114,7356,77.08,6,5671,40.34,2,1.96
8380,881,7121,19.39,2,1381,0.0,0,31.94
8382,10346,292574,66.04,81,193262,56.95,42,6.4
8383,57098,113760,51.9,28,59076,43.74,14,24.53
8390,31433,96116,46.06,21,44293,39.95,11,17.16
8401,11914,70669,63.2,22,44676,54.53,13,9.61
8403,36618,137640,38.33,22,52789,32.26,9,20.04
8404,15712,419934,78.94,67,331581,73.47,30,4.22
8409,25705,32000,48.75,9,15602,38.72,4,14.44
8410,2054,36589,56.94,11,20839,50.7,7,11.13
8411,10755,221139,82.07,33,181529,79.51,25,5.45
8415,8766,1031500,93.14,137,960957,89.38,76,1.76
8416,2069,28211,77.13,7,21760,77.13,7,9.06
8419,1376,30000,53.22,11,15972,40.55,4,14.2
8421,6769,63817,64.8,19,41368,58.74,13,12.49
8422,149676,1359473,38.32,137,521276,34.46,54,26.23
8423,6297,41714,63.67,14,26563,54.6,8,13.17
8424,3009,36054,60.57,7,21847,50.7,2,15.49
8426,2672,50242,74.92,6,37653,70.26,3,8.93
8429,45099,185747,42.25,27,78527,38.12,13,17.71
8431,44372,48778,34.0,18,16594,16.1,4,27.82
8432,3162,38398,61.5,4,23628,56.47,1,12.7
8433,3128,54506,67.53,17,36821,60.43,10,9.72
8435,22334,35200,41.14,13,14486,20.64,2,29.11
8436,46051,117729,35.16,31,41420,25.78,13,29.88
8437,32489,47014,41.89,19,19704,28.08,7,15.83
8438,2749,69943,78.35,21,54814,65.15,9,5.93
8440,55744,50255,32.67,7,16424,29.05,4,36.23
8442,1995,70170,71.68,24,50314,61.43,13,5.19
8443,46566,66800,69.55,23,46476,60.37,14,15.81
8444,1682,125105,85.93,33,107537,77.61,15,2.09
8446,7710,52914,51.3,15,27151,42.94,7,24.21
8450,10238,51310,58.33,14,29933,56.66,13,23.04
8454,37951,264975,81.52,20,216044,79.33,10,10.42
8455,725,25219,89.9,3,22675,87.77,2,4.47
8458,550,35850,73.63,25,26403,48.85,11,2.37
8462,6146,80387,65.64,20,52779,58.99,11,10.23
8463,3553,150000,82.47,29,123749,76.8,15,4.6
8464,3789,293020,86.54,89,253607,77.77,49,0.99
8465,232,8100,58.22,4,4717,41.56,2,3.39
8466,2134,79446,77.08,27,61248,67.48,13,4.86
8467,1676,48374,81.99,21,39670,73.86,14,4.47
8472,1020,17736,63.04,3,11182,55.75,1,5.05
8473,15080,188002,65.96,18,124057,63.03,10,12.3
8476,6328,167514,71.67,52,120100,62.18,26,6.96
8477,10908,84171,83.51,5,70298,81.6,3,5.19
8478,10876,93972,75.66,12,71103,75.66,12,13.03
8479,375,20055,62.09,7,12455,41.51,1,2.41
8481,2511,66602,66.51,24,44308,53.63,10,6.98
8482,1039,107444,95.14,18,102247,90.26,11,1.16
8485,61,1568,96.18,2,1508,0.0,0,2.98
8487,19468,26535,55.94,9,14847,46.05,5,11.82
8488,911,73500,86.97,18,63930,80.29,10,2.1
8489,29854,59949,57.12,15,34262,46.06,5,14.76
8490,1099,23760,45.75,12,10876,29.07,4,8.22
8491,1286,2900,0.0,0,0,0.0,0,35.33
8492,250,33300,92.97,12,30963,88.34,10,1.47
8495,855,127275,92.59,6,117860,91.06,3,1.6
8496,292,35675,87.43,12,31195,84.71,10,1.5
8499,2163,41166,79.88,12,32889,72.65,7,6.34
8707,6312,2565,0.0,0,0,0.0,0,43.84
8708,20443,194344,43.76,31,85066,36.7,11,17.06
8710,6838,115478,29.02,29,33530,18.25,11,13.04
8712,6932,807919,76.16,266,615487,63.8,113,1.25
8718,18051,97034,35.41,20,34381,28.34,10,24.02
8719,6763,656412,86.77,136,569746,79.45,63,1.98
8720,8587,89511,56.97,19,51006,47.39,5,13.29
8721,2240,3966,0.0,0,0,0.0,0,38.42
8722,5791,52606,62.76,15,33025,56.92,10,12.32
8723,23379,104515,50.71,31,53024,41.3,15,19.3
8724,8388,20230,40.7,6,8236,33.65,4,33.18
8725,12490,112120,32.36,23,36309,25.28,10,22.08
8905,21540,119440,92.63,26,110650,89.63,20,2.39
8906,2893,44037,56.39,16,24839,49.92,11,9.48
8908,15437,315333,89.14,47,281148,85.98,30,2.95
8916,41410,150396,66.46,48,99961,59.75,31,9.97
8916A,274,237,0.0,0,0,0.0,0,93.25
8917,1715,162652,82.64,69,134440,66.25,25,0.91
8921,1153,46592,85.56,24,39873,63.01,8,1.4
8923,5124,30376,82.32,10,25009,74.55,6,3.82
8924,16940,83800,38.85,22,32578,29.73,9,28.96
8925,19591,365243,41.31,123,150939,27.53,42,8.79
8926,62442,830282,57.12,130,474395,51.74,56,14.07
8927,25652,419068,83.6,111,350466,74.84,51,3.27
8928,4332,50854,49.19,13,25027,35.67,2,16.01
8929,11686,50581,45.67,10,23110,39.18,5,26.16
8930,5283,81809,69.01,35,56480,56.81,18,11.35
8931,18981,122255,82.06,16,100345,78.36,8,4.45
8932,10280,357963,78.81,77,282166,73.8,51,4.6
8933,42736,326724,52.96,44,173133,47.69,14,14.56
8934,504,7973,94.77,1,7556,94.77,1,1.41
8935,38031,113495,50.88,25,57765,42.46,11,12.34
8936,75531,248078,31.29,55,77677,23.3,23,30.38
8937,3270,431680,90.89,53,392433,88.11,34,1.46
8938,12270,156986,57.68,59,90575,46.09,31,12.82
8940,9321,67491,70.7,24,47725,62.42,16,13.81
8941,2205,34972,66.68,20,23323,43.32,8,6.1
8942,13112,198842,51.34,62,102135,41.5,30,13.32
8996,38635,93627,50.12,52,46944,25.13,15,12.95
8999,393,36000,63.92,29,23015,18.91,3,1.33
9103,21238,205532,11.73,32,24146,4.06,6,27.5
910322,7318,20765,29.32,5,6090,27.13,4,39.58
9105,115233,1589833,26.54,364,422133,16.46,100,18.01
910861,2735,34567,38.63,14,13358,23.04,5,16.16
9110,1743,54498,43.75,25,23852,21.54,6,7.64
911608,2163,34222,31.12,13,10656,13.04,3,15.14
911611,3110,88290,41.32,27,36505,28.83,11,9.24
911613,1401,11111,5.99,1,666,0.0,0,28.4
911622,1510,30000,52.38,9,15714,42.16,4,12.8
911868,6160,140000,36.58,37,51239,26.33,13,12.17
912000,6848,159294,34.38,49,54793,23.01,17,10.58
9136,4553,132306,67.52,33,89356,60.82,19,8.66
916665,366,816,0.0,0,0,0.0,0,57.85
9801,83354,395846,69.34,40,274587,66.07,20,17.07
9802,12171,200992,63.86,59,128396,54.78,29,10.76
9902,45131,98050,57.23,22,56133,51.31,12,17.33
9904,106799,2946787,67.91,460,2001533,62.69,211,7.95
9905,17139,305000,74.34,45,226792,71.92,31,8.21
9906,8168,90376,78.76,24,71196,74.98,18,9.13
9907,55361,1579145,74.65,183,1179246,70.56,78,6.63
9908,16389,516358,80.5,110,415773,74.71,64,5.5
9910,24172,987483,88.78,90,876967,86.78,57,4.12
9911,31202,222332,67.42,57,149923,61.12,34,15.48
9912,61766,53793,62.74,18,33762,54.91,12,15.32
9914,66914,298984,64.94,85,194210,53.77,38,13.01
9917,56487,451197,76.86,96,346897,70.48,52,8.73
9918,25128,180537,85.06,50,153593,77.2,25,2.36
9919,63463,195363,45.36,27,88677,42.41,18,27.7
9921,28572,392065,68.59,124,269034,59.13,66,11.01
9922,10416,215981,69.34,59,149806,59.04,25,7.15
9924,13044,150762,61.09,45,92122,52.66,25,16.35
9925,19390,387490,68.33,92,264834,61.47,48,9.56
9926,4224,179504,83.81,52,150476,73.65,23,2.44
9927,13990,120000,58.89,18,70704,52.67,7,17.9
9928,7125,70725,75.18,15,53182,67.16,6,7.48
9929,3746,101280,88.07,19,89223,83.92,11,2.48
9930,12242,248540,77.69,17,193134,76.43,11,8.16
9931,7811,120369,78.03,26,93960,73.39,17,3.57
9933,50414,944437,62.91,163,594436,56.83,70,9.35
9934,13510,411017,66.75,82,274403,59.1,32,6.89
9935,57720,177839,61.97,66,110236,50.02,33,7.01
9936,11626,104646,29.08,22,30454,20.09,7,20.05
9937,15741,309043,89.18,69,275682,82.15,33,1.94
9938,49994,297964,52.93,79,157736,45.13,41,15.49
9939,27826,295786,62.81,92,185833,53.78,51,14.07
9940,17051,736846,81.69,74,602099,77.92,23,4.45
9941,43485,575636,70.61,65,406610,66.83,30,12.6
9941A,3667,100000,82.12,23,82138,75.69,12,5.8
9942,9619,83161,52.33,25,43529,39.13,8,18.71
9943,15961,125172,71.1,13,89019,69.48,10,16.08
9944,10404,105908,78.82,43,83496,66.16,20,8.34
9945,101722,2844225,66.26,352,1885133,62.09,149,8.12
9946,13974,326554,81.6,38,266541,78.44,20,4.71
9948,73,203,0.0,0,0,0.0,0,70.38
9949,11034,44861,72.9,17,32716,54.92,5,11.33
9950,3611,167716,83.87,25,140693,80.99,16,4.51
9951,24283,73300,46.5,19,34097,39.25,10,22.41
9953,518,4382,0.0,0,0,0.0,0,18.02
9955,15103,104425,61.96,22,64727,55.34,10,19.68
9957,12709,3220414,96.06,73,3093918,95.5,42,0.95
9958,60167,266897,48.74,58,130157,41.23,24,24.21
9960,9521,33592,76.55,16,25725,56.82,6,5.77
9961,321,69099,93.39,16,64543,89.73,13,0.78
9962,28888,90220,46.68,26,42139,40.04,16,17.67
9965,68,776,0.0,0,0,0.0,0,21.58
YFU6,53,23060,88.01,10,20299,79.08,6,0.13
YHU4,549,232690,95.39,6,221996,94.83,3,0.54
YJS2,8992,115112,78.86,19,90793,74.07,11,3.39
YY0005,98,445,0.0,0,0,0.0,0,50.55
YY0008,55,203,0.0,0,0,0.0,0,79.3
YY0024,72,260,0.0,0,0,0.0,0,71.15
YY0027,62378,70076,12.99,10,9123,8.23,4,66.36
YY0028,33861,247242,39.82,58,98527,30.72,24,18.22
YY0029,8295,39013,30.71,8,11986,27.59,6,23.16
YY0030,3001,62719,52.22,25,32769,38.56,10,10.35
YY0031,430,4703,0.0,0,0,0.0,0,34.82
YY0032,358,3886,0.0,0,0,0.0,0,29.75
YY0033,2495,20320,18.08,4,3677,9.84,1,25.57
YY0034,266,1732,0.0,0,0,0.0,0,44.73
YY0035,15277,236904,36.51,50,86522,28.88,21,14.64
YY0036,135,347,0.0,0,0,0.0,0,75.78
YY0037,3441,80462,85.4,21,68725,79.58,14,5.56
YY0038,268,2681,26.72,1,716,0.0,0,23.4
YY0039,12842,250819,81.42,56,204249,76.5,36,5.35
YY0040,9012,73061,44.29,13,32376,37.82,6,16.03
YY0041,13678,279728,79.99,55,223817,74.54,33,7.75
YY0042,19997,70750,14.33,10,10157,10.23,5,36.43
YY0043,9570,40110,6.33,4,2548,0.0,0,52.49
YY0044,52930,444771,19.14,48,85222,15.46,21,29.33
YY0046,37337,547188,31.79,150,174080,20.45,44,13.53
YY0047,77967,1068941,31.57,283,337581,20.66,96,13.53
YY0048,7700,98781,49.38,27,48804,40.66,14,12.0
YY0049,33696,38915,26.38,7,10276,20.72,4,43.59
YY0050,55717,236287,21.61,50,51106,10.63,10,31.17
YY0051,7660,77631,33.79,17,26248,25.5,6,14.37
YY0052,4527,202295,69.17,68,139969,57.97,32,3.0
YY0053,24681,241585,46.83,45,113192,40.98,23,22.56
YY0054,5668,106913,46.92,29,50186,38.21,14,7.86
YY0055,5304,122831,46.12,54,56668,26.08,18,7.9
YY0056,2183,19785,51.38,8,10169,35.64,3,5.11
YY0057,4851,148068,56.95,40,84366,47.75,19,6.45
YY0058,3334,57674,36.12,18,20840,23.58,7,10.94
YY0059,1059,22565,21.48,6,4849,0.0,0,8.29
YY0060,683,9827,13.47,2,1325,0.0,0,14.8
YY0061,6527,53277,22.65,16,12075,8.46,4,19.24
YY0062,18030,320745,23.66,71,75929,13.36,19,16.35
YY0063,8934,20251,2.86,1,580,0.0,0,54.43
YY0064,5241,97671,63.78,30,62311,52.94,12,6.32
YY0065,17157,219900,28.36,56,62420,17.05,13,15.19
YY0066,19880,331761,30.12,79,100007,19.41,21,13.54
YY0067,6883,153015,29.72,49,45484,17.99,18,11.85
YY0068,28661,405673,23.47,66,95277,15.62,14,17.77
YY0070,22512,322815,33.99,85,109789,20.6,18,16.0
YY0071,14701,80700,18.89,11,15254,15.25,6,30.02
YY0072,2509,27500,18.32,8,5044,0.0,0,17.27
YY0073,2180,36625,35.92,16,13164,18.66,5,8.93
YY0074,10668,104211,17.7,22,18461,7.56,5,24.65
YY0075,3105,16421,10.31,3,1695,0.0,0,28.96
YY0076,450,450,0.0,0,0,0.0,0,100.0
YY0077,298,751,0.0,0,0,0.0,0,78.55
YY0078,329,2407,0.0,0,0,0.0,0,27.4
YY0079,79,330,0.0,0,0,0.0,0,63.93
YY0080,307,894,0.0,0,0,0.0,0,62.35
