stock_no,people,lots,b4_pct,b4_people,b4_lots,b1_pct,b1_people,s10_pct
00400A,133126,1857640,15.42,211,286811,10.3,48,18.61
00401A,18153,261895,25.11,32,65834,22.21,18,19.45
00402A,40093,609627,24.91,75,151959,19.08,16,20.24
00403A,816720,13479519,17.75,1450,2394313,12.58,294,17.03
00404A,28926,434295,17.6,50,76520,12.97,15,20.79
00405A,133480,2786745,20.77,375,579327,14.46,91,13.37
00406A,221095,5856562,22.3,1349,1307484,10.98,249,10.19
00407A,116064,2330739,27.84,312,649505,21.46,65,14.02
00408A,7998,139634,29.48,30,41182,19.66,9,16.73
00409A,45845,1525948,41.58,410,634928,28.59,103,8.72
00410A,9542,153860,34.89,27,53730,28.9,12,16.79
00411A,18992,409576,30.0,70,122975,22.99,23,13.88
0050,3557229,22166500,25.95,918,5755528,24.29,267,26.48
0051,12597,25000,13.85,5,3465,0.0,0,55.06
0052,453219,2542000,20.58,163,523911,18.49,74,35.6
0053,7378,10488,49.89,3,5234,45.36,2,31.66
0055,18890,89154,37.4,15,33357,30.32,3,30.32
0056,1670875,14136034,11.39,738,1613357,9.04,159,25.8
0057,3463,1527,0.0,0,0,0.0,0,37.25
0061,5972,96116,33.07,22,31800,22.63,5,15.33
006201,5138,22946,49.44,8,11348,37.36,3,27.64
006203,3463,10218,74.49,5,7613,51.18,2,9.89
006204,1144,1500,0.0,0,0,0.0,0,45.47
006205,8805,95439,46.76,27,44654,34.9,9,17.25
006206,3068,30778,33.14,7,10203,30.43,6,21.32
006207,1606,21392,16.65,5,3564,4.69,1,16.17
006208,712535,1860540,10.13,57,188533,9.56,39,51.97
00631L,283716,6867848,30.36,1469,2086153,20.32,307,8.92
00632R,65756,2710208,45.05,851,1221559,31.06,230,4.8
00633L,3788,132458,37.98,41,50331,24.0,12,6.46
00634R,750,42756,54.99,14,23522,43.65,7,3.9
00635U,58463,318014,19.38,32,61690,15.85,15,33.17
00636,8152,98825,26.39,20,26095,19.37,7,18.85
00637L,12383,816606,58.21,287,475524,43.75,94,3.44
00638R,496,22948,53.89,8,12371,38.19,2,5.06
00639,5684,100903,29.13,23,29407,19.55,9,12.72
00640L,1234,6919,36.24,3,2508,18.31,1,24.47
00641R,1274,90258,60.34,34,54483,46.17,14,2.99
00642U,7105,54821,44.59,13,24457,35.24,5,22.6
00643,3166,84003,49.25,25,41384,36.74,9,9.91
00645,9676,45997,30.56,13,14061,17.64,4,33.75
00646,114872,644485,44.52,72,287033,40.52,32,24.52
00647L,1499,6416,31.09,1,1995,31.09,1,27.85
00648R,2326,142688,48.03,37,68559,37.37,12,3.36
00650L,2243,96338,47.45,43,45729,33.74,20,5.05
00651R,367,32192,71.05,15,22876,54.6,7,2.31
00652,9321,61035,30.81,14,18814,24.96,7,28.76
00653L,1278,12403,3.8,1,472,0.0,0,21.5
00654R,359,19466,58.22,9,11336,40.94,3,4.06
00655L,2252,64458,32.78,17,21136,22.48,5,7.89
00656R,310,21357,75.58,13,16146,54.37,5,3.18
00657,1625,6569,23.59,2,1550,15.34,1,36.98
00660,1021,6531,16.18,2,1057,0.0,0,20.09
00661,7136,24425,21.25,6,5194,11.37,2,40.24
00662,111526,928529,36.36,102,337804,32.4,34,15.62
00663L,12931,128663,26.35,20,33932,20.78,10,19.96
00664R,9953,902575,59.29,393,535293,40.8,129,2.45
00665L,5032,411965,57.73,159,237863,43.18,62,2.4
00666R,117,12124,84.04,6,10189,71.95,4,1.37
00668,2061,7973,38.51,3,3071,31.33,2,32.31
00669R,3028,198117,46.28,63,91731,33.92,23,3.27
00670L,12213,75645,12.31,9,9321,6.13,2,27.82
00671R,3487,486884,68.75,202,334821,51.64,68,1.32
00673R,15884,1249551,52.91,360,661343,40.77,113,2.44
00674R,1242,14421,47.07,4,6789,41.72,3,16.06
00675L,18060,102786,20.95,12,21550,15.93,5,30.63
00676R,4318,200834,47.84,75,96113,32.04,23,4.03
00678,1868,8948,22.21,4,1988,0.0,0,27.58
00679B,232860,6220192,42.9,697,2669867,37.63,149,8.93
00680L,19288,1446576,53.52,527,774484,38.25,166,2.79
00681R,103,7594,79.63,7,6048,20.68,1,1.38
00682U,255,7644,78.46,4,5999,52.92,2,3.62
00683L,305,11434,70.37,6,8047,62.36,4,4.48
00684R,169,9688,81.2,6,7868,73.73,5,3.22
00685L,172260,5494336,34.07,1397,1872745,21.91,291,7.64
00686R,2037,266276,67.89,108,180810,50.87,39,1.45
00687B,151884,4300380,43.56,560,1874177,37.7,138,8.54
00688L,9196,609115,48.49,213,295483,33.89,69,3.14
00689R,50,6889,87.01,5,5995,73.59,3,0.47
00690,16440,83830,13.48,12,11321,8.31,5,35.44
00692,90671,612780,16.64,33,102124,14.92,16,33.16
00693U,2687,61666,44.4,17,27388,38.13,10,9.42
00694B,2005,30076,66.06,7,19873,62.8,6,11.57
00695B,2274,42686,74.95,10,32004,68.77,6,9.8
00696B,10951,624181,83.23,28,519625,82.09,17,4.03
00697B,6864,67712,21.68,10,14689,18.44,7,21.79
00700,2583,30983,11.96,5,3707,5.14,1,18.86
00701,37651,168891,6.82,11,11534,5.32,6,50.61
00702,1180,6688,54.4,5,3639,30.41,2,27.01
00703,1017,9550,26.72,4,2553,0.0,0,22.97
00706L,6015,121771,31.51,30,38384,20.31,9,10.31
00708L,19267,162073,24.73,26,40108,19.3,12,23.91
00709,2239,14460,34.0,8,4919,7.44,1,24.59
00710B,3723,181261,81.77,8,148240,81.23,6,4.82
00711B,797,871761,99.32,5,866054,99.18,3,0.16
00712,149459,6386511,34.45,1538,2201883,22.82,271,5.09
00713,271093,1711012,22.33,80,382412,21.1,47,31.94
00714,2370,20067,48.66,11,9766,22.39,3,23.06
00715L,3531,54192,54.77,13,29691,49.16,9,9.32
00717,7478,117605,26.14,22,30766,18.07,8,15.89
00719B,15055,319514,30.44,51,97313,23.77,17,10.71
00720B,77412,4017109,65.5,303,2632133,62.16,76,4.53
00722B,13493,1462739,89.66,47,1311817,88.92,28,2.41
00723B,471,1520583,99.72,13,1516475,99.65,11,0.05
00724B,6166,3059775,97.64,32,2988320,97.48,23,0.49
00725B,41143,3741206,82.15,149,3074301,80.64,57,2.66
00726B,1718,1186989,98.01,17,1163465,97.65,10,0.33
00727B,730,57189,89.81,5,51367,87.59,3,2.78
00728,9922,39423,4.39,3,1736,0.0,0,49.79
00730,12871,69044,16.48,8,11384,14.05,5,40.36
00731,8171,20100,15.67,5,3154,0.0,0,57.49
00733,20350,62466,13.41,6,8385,11.72,4,53.72
00734B,520,24979,82.55,2,20624,80.06,1,4.72
00735,30279,113789,21.37,20,24330,15.6,8,38.24
00736,486,6727,76.27,6,5131,45.67,2,9.07
00737,5441,22538,16.09,4,3630,10.35,2,43.74
00738U,32968,252799,20.81,45,52668,13.25,12,25.79
00739,1950,27988,47.6,13,13328,27.21,4,15.82
00740B,6042,2199971,96.6,45,2125648,96.17,30,0.61
00741B,1134,13128,49.67,3,6523,37.85,1,17.84
00746B,1306,2550964,99.59,27,2540705,99.5,22,0.09
00749B,193,1110500,99.75,7,1107810,99.75,7,0.02
00750B,76,148000,99.72,4,147595,99.32,3,0.03
00751B,67150,5230603,75.28,330,3939348,72.6,93,2.93
00752,17084,257716,31.0,30,79964,26.93,13,16.08
00753L,12098,734657,49.16,255,361352,34.27,79,3.66
00754B,467,1303900,99.75,14,1300670,99.75,14,0.06
00755B,1008,296230,97.72,7,289500,97.72,7,0.75
00756B,2320,1332300,97.63,18,1300854,97.31,11,0.36
00757,67459,266994,30.69,29,82000,27.78,16,33.55
00758B,120,5525,90.49,1,5000,90.49,1,2.25
00759B,119,47525,98.89,1,47000,98.89,1,0.17
00760B,622,435020,99.16,6,431381,99.16,6,0.28
00761B,3428,2744089,98.56,30,2705120,98.48,26,0.27
00762,22278,46748,18.85,6,8822,14.88,3,51.97
00763U,3750,40565,51.5,11,20898,47.23,9,17.22
00764B,8253,1550500,94.14,32,1459765,93.73,21,1.33
00768B,1768,791100,98.06,26,775933,97.59,20,0.39
00770,22091,93458,11.83,10,11074,7.58,4,42.27
00771,2078,14225,15.43,2,2197,11.94,1,29.94
00772B,40444,3365290,80.37,145,2705523,78.62,43,2.82
00773B,8858,2594790,95.67,43,2483043,95.27,25,0.8
00775B,184,232100,99.66,7,231330,99.23,6,0.06
00777B,222,2076650,99.92,14,2075360,99.88,13,0.01
00778B,183,1522150,99.94,11,1521499,99.92,10,0.01
00779B,642,1298650,99.57,8,1293237,99.5,7,0.1
00780B,1277,249102,97.42,9,242723,96.91,7,1.21
00781B,743,8836,24.6,2,2175,16.97,1,19.02
00782B,1270,21467,23.42,4,5031,18.77,3,15.16
00783,799,8031,24.22,3,1946,0.0,0,21.97
00785B,237,1063466,99.87,12,1062156,99.7,8,0.02
00786B,1269,19566,30.65,6,5999,15.33,1,16.52
00787B,1001,11306,38.88,5,4399,17.68,1,18.9
00788B,1444,24706,27.43,7,6779,15.44,2,14.43
00789B,354,455600,99.38,11,452790,99.07,9,0.17
00791B,100,281100,99.68,6,280204,99.68,6,0.02
00792B,452,2317615,99.86,15,2314719,99.81,13,0.02
00793B,260,1526,0.0,0,0,0.0,0,31.62
00795B,37143,1532598,56.24,144,862245,52.29,42,5.84
00799B,1657,26036,23.0,7,5994,7.87,1,15.52
00830,177851,875465,24.75,67,216935,22.02,28,33.86
00834B,134,23198,94.36,4,21890,94.36,4,0.84
00836B,433,630541,99.6,12,628089,99.33,9,0.11
00840B,91,59431,99.27,3,59000,99.27,3,0.15
00841B,120,70440,99.44,5,70051,98.66,4,0.2
00842B,1037,22767,41.61,7,9475,31.65,3,10.59
00844B,294,213175,99.24,5,211570,98.91,4,0.31
00845B,220,237051,99.59,4,236109,99.34,3,0.12
00846B,253,74350,98.18,2,73000,98.18,2,0.48
00847B,299,3805,29.29,2,1115,0.0,0,16.3
00848B,152,136066,99.21,2,135000,99.21,2,0.11
00849B,107,485606,99.84,5,484874,99.74,4,0.01
00850,80128,413944,17.64,32,73104,15.14,17,39.25
00851,2101,5525,27.87,1,1540,27.87,1,41.56
00852L,659,6865,43.37,3,2978,22.77,1,17.19
00853B,2337,178134,90.92,10,161988,89.53,5,3.31
00856B,409,6792,65.59,3,4456,59.63,2,9.14
00857B,15636,599268,59.44,68,356275,55.1,22,6.51
00858,18701,117874,17.51,14,20653,13.74,6,29.72
00859B,2099,36011,20.32,6,7324,14.91,3,13.63
00860B,370,2671,0.0,0,0,0.0,0,26.84
00861,18066,69412,7.3,5,5075,5.45,3,52.07
00862B,1498,887881,98.37,11,873460,98.32,10,0.39
00863B,337,513964,99.52,8,511534,99.52,8,0.11
00864B,3890,113722,35.51,23,40407,29.26,11,7.17
00865B,10513,335244,31.21,53,104694,24.85,16,6.35
00867B,214,565150,99.79,10,563972,99.72,9,0.06
00870B,311,564151,99.6,9,561985,99.39,7,0.09
00875,7204,15488,18.94,5,2936,0.0,0,50.23
00876,21806,93524,27.46,9,25706,24.05,4,39.23
00877,13814,171288,20.11,26,34489,14.1,10,20.63
00878,1681374,18813790,10.71,875,2018017,8.57,156,20.33
00881,403686,2972903,16.14,122,480372,14.56,43,31.12
00882,82832,1969849,26.65,384,525276,17.73,92,10.25
00884B,212,75440,98.78,4,74526,98.78,4,0.41
00885,48138,591238,16.49,89,97634,10.36,30,19.21
00886,1175,4451,14.33,1,638,0.0,0,45.34
00887,20471,460351,31.57,113,145411,20.17,28,10.94
00888,90503,624478,12.31,25,76973,11.41,15,35.38
00890B,694,18264,73.63,3,13449,65.7,1,8.05
00891,189749,1855590,13.13,104,244152,10.97,35,25.44
00892,46228,318792,17.45,27,55687,14.45,13,33.63
00893,56048,353884,8.53,21,30225,5.86,6,38.81
00894,26091,148009,13.42,11,19884,10.96,6,39.28
00895,28592,141916,9.5,7,13501,8.15,4,44.2
00896,61837,508380,8.88,24,45233,7.41,11,32.03
00897,9677,131512,23.14,25,30457,14.92,7,20.56
00898,8337,104976,17.63,20,18525,9.66,7,23.64
00899,3573,16135,8.19,2,1323,0.0,0,41.99
00900,127766,1501525,15.21,85,228700,12.8,22,23.17
00901,11501,62349,14.85,10,9267,7.13,2,40.79
00902,17912,226497,17.99,30,40802,13.09,11,21.39
00903,6984,46721,11.1,5,5191,7.2,2,37.29
00904,24184,158612,14.47,19,22971,8.0,6,35.69
00905,44320,359827,7.51,18,27064,6.02,8,31.27
00907,20132,150133,12.83,12,19298,11.01,8,33.12
00908,2703,34416,38.6,9,13291,28.25,4,19.34
00909,25488,100204,12.98,13,13019,7.3,4,44.67
00910,37664,111439,8.16,10,9116,3.28,2,50.52
00911,12152,29403,15.54,5,4574,7.0,1,53.64
00912,8361,58253,21.32,8,12427,18.59,5,33.26
00913,12770,57766,17.52,6,10128,16.09,5,39.93
00915,70861,501983,16.97,37,85282,14.81,18,35.54
00916,18968,98419,14.7,15,14487,8.46,6,41.96
00917,13161,67478,14.22,12,9610,7.36,4,40.18
00918,383350,4724264,11.39,288,538883,8.69,63,20.79
00919,1484028,19177135,10.43,1106,2002855,7.64,173,18.14
00920,6183,20280,24.52,5,4975,8.03,1,44.18
00921,10167,57770,6.29,4,3642,2.66,1,43.32
00922,188254,2245686,34.35,103,771894,32.41,30,20.0
00923,122424,951423,14.97,44,142644,13.63,23,32.24
00924,54875,433603,21.83,25,94760,19.67,12,27.57
00926,9172,102482,56.51,12,57928,51.76,4,19.83
00927,146137,1339397,9.58,80,128694,7.02,23,28.01
00928,7095,44356,25.06,10,11123,18.08,5,34.07
00929,460115,5315139,10.23,227,544460,8.35,53,21.72
00930,23181,160779,6.82,6,10977,5.24,3,37.72
00931B,33574,2245898,76.78,102,1724774,75.09,41,4.02
00932,12949,106783,11.71,9,12517,9.23,5,33.73
00933B,78013,6746458,76.69,476,5174729,73.35,108,2.79
00934,49562,427026,11.19,22,47836,9.96,13,30.94
00935,124429,873504,22.1,60,193190,20.4,33,28.8
00936,22064,191297,10.03,8,19205,8.87,4,31.32
00937B,211248,17082805,60.38,3287,10316900,51.29,680,2.62
00938,6446,104016,47.28,9,49197,45.13,6,17.85
00939,103092,1160476,6.72,52,78248,4.62,14,26.97
00940,310893,5067865,12.24,382,620794,8.62,77,18.31
00941,46509,453791,13.7,35,62248,10.19,11,28.16
00942B,9726,2041959,89.99,65,1838088,89.04,30,1.3
00943,4220,40389,31.52,6,12737,25.48,3,27.65
00944,7809,52581,9.22,6,4863,4.68,2,37.63
00945B,18651,846318,41.59,145,352137,34.46,44,5.04
00946,35486,435246,20.07,31,87420,17.92,13,22.77
00947,37465,284364,28.85,40,82071,23.25,16,29.35
00948B,26254,4275427,82.26,314,3517858,79.1,92,1.44
00949,17223,166928,19.85,24,33184,14.54,10,28.04
00950B,12098,4109309,90.9,144,3736148,89.6,54,0.67
00951,15328,241042,32.77,35,79046,27.89,15,16.61
00952,22578,247775,14.02,27,34785,9.07,9,24.42
00953B,52822,4741175,52.97,1447,2512299,38.67,324,2.14
00954,10691,121747,24.05,17,29302,18.21,6,22.33
00955,35365,482431,31.74,59,153260,27.23,24,18.23
00956,3252,32630,17.55,4,5728,14.49,3,24.03
00957B,3918,188263,50.81,30,95700,43.18,9,5.82
00958B,4298,118771,20.51,23,24382,13.54,8,10.22
00959B,9144,510336,48.42,83,247223,40.65,20,4.35
00960,12976,57995,19.15,7,11115,16.97,5,41.03
00961,62468,1161511,11.62,129,135220,6.36,24,14.29
00962,11307,113920,7.05,11,8045,0.0,0,26.69
00963,5338,125933,28.94,30,36472,20.95,12,9.69
00964,4701,76624,21.32,15,16348,12.46,5,14.51
00965,33131,428992,45.92,42,197097,43.23,23,18.21
00966B,3882,116232,37.47,17,43574,33.46,10,10.49
00967B,2677,181407,70.43,35,127806,62.09,13,4.12
00968B,8185,796511,68.8,103,548180,63.7,37,2.56
00969B,2111,146633,67.84,46,99489,57.14,20,3.87
00970B,5824,390229,60.36,63,235634,53.6,24,4.15
00971,6594,53677,16.92,8,9089,12.15,3,29.87
00972,1621,15172,36.18,3,5490,32.92,2,24.38
009800,19664,313391,30.77,49,96517,25.82,22,16.06
009801,8586,96119,22.51,19,21652,13.31,6,23.46
009802,41096,537495,17.06,49,91799,13.07,16,21.33
009803,30370,288328,13.67,30,39477,9.99,12,26.97
009804,17797,144392,11.52,16,16660,6.82,5,30.24
009805,54596,612816,19.15,70,117458,14.41,22,22.52
009806,1085,13661,55.22,5,7547,38.26,2,17.06
009807,1131,13760,57.79,8,7954,34.29,2,19.0
009808,4235,39011,12.73,5,4972,7.69,2,31.26
009809,2521,33363,38.68,7,12908,33.91,4,20.64
00980A,70044,784230,25.03,60,196406,22.71,27,23.06
00980B,1504,54569,49.45,15,26992,40.36,6,7.34
00980D,3389,100457,36.89,21,37081,30.04,9,7.67
00980T,3141,74918,53.92,8,40406,50.62,4,12.04
009810,1919,19154,34.91,5,6690,24.48,2,23.06
009811,22545,234950,17.85,35,41980,11.0,10,24.84
009812,5858,92382,37.49,23,34648,27.69,8,16.47
009813,22761,317824,23.37,46,74322,17.72,17,20.05
009814,13684,153076,21.34,21,32688,16.67,8,22.99
009815,29014,417170,22.02,59,91917,15.91,18,19.05
009816,929404,12105344,18.95,1537,2296802,13.04,312,19.19
009817,10021,219936,25.17,49,55409,15.12,12,13.16
009818,4764,45652,9.75,4,4457,7.86,2,32.97
009819,51098,605745,11.97,53,72600,8.24,19,25.02
00981A,931551,9330209,21.83,936,2039552,17.41,247,22.29
00981B,16888,1590613,50.77,570,807938,34.04,140,1.88
00981D,8452,520300,45.41,159,236398,31.42,39,3.31
00981T,8290,251261,35.41,73,89019,21.89,19,8.26
009820,33729,1015702,39.77,199,404074,30.49,48,9.59
009821,55738,549340,10.82,45,59535,7.34,15,29.29
009822,4819,68056,13.0,10,8864,5.71,2,24.59
009823,32932,328817,16.49,35,54283,11.8,9,28.89
009824,43522,470347,14.97,61,70559,8.85,14,27.71
009825,4400,116208,11.04,18,12837,3.53,3,11.68
009826,62114,854804,25.75,165,220290,17.41,45,18.02
009827,15759,204950,15.42,29,31634,9.82,9,23.31
009828,56735,831045,28.48,70,236846,24.96,25,21.12
009829,13547,333870,45.38,69,151573,37.67,23,11.03
00982A,176502,2174436,13.53,167,294704,10.05,36,21.45
00982B,762,25400,60.59,6,15393,53.11,3,6.81
00982D,2805,78729,38.08,20,29999,30.3,10,9.48
00982T,1895,16597,20.05,5,3330,0.0,0,31.38
00983A,8284,73686,24.58,14,18126,18.46,7,26.76
00983B,791,24653,52.84,7,13031,45.68,4,7.87
00983D,3930,104197,31.55,38,32904,13.54,7,7.33
00984A,61547,626458,15.54,42,97576,12.85,16,26.18
00984B,3425,117933,34.49,26,40693,27.38,11,6.83
00984D,15718,1228057,43.28,410,531674,27.11,102,2.42
00985A,49595,450789,12.21,36,55121,9.02,11,28.67
00985B,8887,885501,65.5,223,580205,54.73,65,2.35
00985D,2467,111732,53.47,29,59769,41.02,8,5.26
00986A,4622,39327,19.72,6,7760,11.65,2,30.52
00986B,390,20762,78.62,6,16326,73.03,4,3.82
00986D,2337,143177,50.96,42,72989,41.36,21,3.81
00987A,16571,146643,15.73,18,23099,11.15,8,31.38
00987B,2139,76327,55.8,26,42599,41.98,10,7.02
00987D,1674,95023,75.24,13,71506,73.04,10,5.38
00988A,225913,3123437,18.82,363,588594,13.6,85,18.42
00988B,5363,161333,30.0,40,48444,17.69,10,8.13
00989A,6495,63617,15.67,9,9981,10.56,4,26.38
00989B,2761,113952,38.16,40,43516,22.95,13,6.35
00990A,119077,2346022,34.07,387,799720,26.29,97,13.35
00990B,3434,97350,38.43,23,37433,28.84,9,10.23
00991A,326145,4317416,20.29,427,876794,15.93,114,19.49
00991B,404,260328,98.33,14,256031,97.39,10,0.29
00992A,173876,2224455,17.12,229,381375,12.28,54,21.23
00993A,45331,736591,21.88,96,161335,16.22,23,18.04
00994A,27099,263690,20.97,33,55368,15.67,8,25.19
00995A,23494,270035,17.03,27,46075,13.58,11,25.43
00996A,21639,274399,21.37,30,58705,16.76,9,22.85
00997A,65292,1089877,17.09,141,186604,10.82,29,17.32
00998A,25274,331109,28.74,39,95206,25.12,17,19.6
00999A,85575,1018517,11.32,87,115483,7.45,23,25.37
01001T,1355,583000,93.28,61,543891,90.03,28,0.5
01002T,3243,1393000,93.68,112,1305244,91.28,61,0.54
01004T,1245,730200,93.97,82,686291,90.31,38,0.32
01007T,1820,720000,92.78,82,668089,89.78,46,0.47
01009T,953,300000,90.35,62,271104,85.6,41,0.63
01010T,844,2308170,98.72,77,2279169,98.11,55,0.04
1101,515214,7523182,54.84,874,4127245,50.81,378,13.11
1101B,7399,200000,94.0,22,188038,91.22,14,2.21
1102,100676,3546563,82.08,338,2912106,79.71,201,5.89
1103,74279,832875,80.31,136,669059,76.66,86,5.8
1104,56197,686682,73.11,109,502166,67.55,46,8.15
1107,3432,10100,99.7,1,10070,99.7,1,0.29
1108,12953,404738,78.5,67,317811,74.73,43,6.46
1109,12050,341159,79.67,70,271893,72.97,36,5.9
1110,5195,572001,94.08,58,538302,91.38,35,0.98
1113O,178,840,0.0,0,0,0.0,0,63.21
1113R,381,2129,0.0,0,0,0.0,0,30.62
1201,87803,506063,63.03,66,319029,58.29,26,12.42
1203,55132,240000,90.95,50,218326,86.77,35,2.94
1204,3512,18354,45.79,6,8407,31.81,2,19.61
1207,46621,464094,77.3,48,358819,75.32,31,9.46
1210,99912,894767,65.16,127,583287,61.04,67,15.01
1212,30349,173916,44.29,45,77058,35.63,20,17.34
1213,6537,56623,81.12,12,45948,77.03,8,7.08
1215,97981,294790,56.18,33,165677,52.49,15,25.23
1216,142949,5682015,89.43,759,5082198,85.96,451,3.95
1217,137393,494513,61.79,128,305709,54.31,70,14.42
1218,82419,499999,67.23,68,336250,62.89,34,11.65
1219,52819,341238,64.16,77,218994,59.11,51,10.61
1220,47355,177078,67.89,47,120245,60.48,27,10.84
1221,18636,94807,34.27,22,32505,25.92,10,21.99
1224,3609,71908,88.36,20,63550,82.38,13,3.38
1225,43893,242268,89.36,39,216523,86.77,28,3.31
1227,53238,915090,67.18,73,614952,64.07,29,12.77
1228,1578,11108,38.0,5,4224,12.2,1,11.97
1229,103055,1831880,65.95,174,1208323,62.94,81,9.97
1231,36213,328300,64.81,27,212797,63.64,19,15.8
1232,16703,159975,73.76,11,118010,72.04,6,12.6
1233,10234,90592,75.96,27,68831,68.53,15,4.75
1234,24033,401871,83.05,136,333855,74.28,80,5.56
1235,2985,188578,96.34,15,181690,95.42,12,1.16
1236,11566,86674,83.78,23,72626,78.89,18,6.89
1238,2037,29933,11.74,4,3516,8.57,2,21.47
1240,3022,46444,69.57,25,32319,49.15,11,7.9
1256,6271,35781,59.9,10,21438,47.11,3,17.87
1259,16098,32390,78.86,9,25551,71.69,6,8.09
1260,1331,102098,76.37,30,77989,70.59,20,2.05
1264,9285,37052,47.19,16,17492,24.84,5,24.45
1268,3498,42224,78.11,17,32982,72.16,12,8.59
1269,725,20882,77.54,7,16195,72.54,5,3.45
1271,2858,77089,74.75,20,57643,64.43,7,5.6
1293,393,17094,74.32,11,12708,42.39,4,3.1
1294,4526,36626,60.22,16,22064,44.0,7,9.93
1295,3255,37600,57.33,15,21565,41.89,7,14.56
1301,289787,6365741,75.58,578,4812286,72.92,308,8.82
1303,281682,7930822,86.34,720,6849363,83.76,396,4.88
1304,99047,1188764,61.06,112,726181,57.85,49,13.6
1305,72066,581050,52.14,65,303092,48.43,26,16.51
1306,6127,44498,21.34,4,9502,19.41,2,23.55
1307,17896,397818,80.14,62,318874,77.05,40,6.61
1308,75654,593744,53.25,63,316342,50.09,32,16.22
1309,78390,397587,46.87,31,186412,43.85,11,21.85
1310,104781,527870,31.15,89,164534,24.61,30,24.4
1312,137083,1506620,60.66,180,914089,56.7,77,13.49
1312A,1263,20000,54.52,12,10907,21.4,2,13.5
1313,60948,1330846,68.79,168,915678,64.15,69,9.25
1314,300428,3784850,42.05,779,1592201,33.52,245,14.36
1315,5754,99099,82.1,44,81379,70.44,24,6.16
1316,61077,401646,41.45,77,166587,33.2,24,17.39
1319,31859,591477,79.92,107,472771,75.59,63,9.04
1321,3960,227228,70.59,93,160429,53.61,34,2.65
1323,14606,91275,70.62,36,64483,61.27,23,8.41
1324,23368,75122,65.67,19,49352,60.81,13,16.51
1325,36079,85281,49.2,12,41978,44.9,5,26.85
1326,184738,5861186,82.83,522,4855981,80.23,276,5.94
1333,15925,74515,51.19,14,38164,43.03,3,10.99
1336,12362,77614,52.14,24,40479,38.52,6,10.91
1337,52299,268955,47.19,54,126964,38.72,17,14.43
1338,55979,83840,45.5,27,38162,34.22,12,18.64
1339,7296,74124,75.29,16,55824,72.47,13,11.13
1340,61539,152923,35.19,27,53851,28.15,7,19.67
1341,9688,52851,83.71,16,44252,75.97,9,2.58
1342,8950,78501,57.95,13,45506,51.25,5,17.57
1343,1197,40514,66.19,22,26826,42.18,7,5.27
1402,88002,5352875,89.12,440,4770736,86.99,255,2.94
1407,161979,440588,35.3,76,155617,28.88,29,29.75
1407A,4916,67828,53.51,9,36304,52.88,8,18.87
1408,70650,351386,20.73,72,72860,12.55,23,29.38
1409,155071,1618409,61.23,208,991282,57.39,108,14.74
1410,6621,62000,77.09,20,47804,68.41,11,5.31
1413,8445,132112,76.07,26,100523,69.55,13,5.77
1414,26878,198000,88.38,37,175024,82.88,21,4.73
1416,45248,185342,56.49,39,104756,50.42,21,14.26
1417,55486,189942,58.14,49,110467,48.27,20,16.42
1418,30544,56834,71.74,19,40785,58.96,7,5.37
1419,16807,300041,90.98,74,273050,85.55,48,2.12
1423,18117,99648,83.31,29,83042,74.46,15,4.84
1432,257009,108000,54.84,14,59239,53.3,11,29.83
1434,63671,1684665,72.13,163,1215521,68.81,70,7.63
1435,33004,139780,94.87,24,132630,93.04,19,2.19
1436,14355,194152,76.16,37,147925,72.06,24,9.5
1437,8468,201871,79.71,73,160951,67.51,36,4.71
1438,5049,111206,83.21,28,92550,76.95,18,4.86
1439,4331,92000,85.89,31,79033,77.32,19,4.8
1440,93414,1656816,78.37,273,1298919,73.45,142,6.78
1441,13313,61744,63.48,12,39205,58.61,7,20.82
1442,8821,366211,86.78,107,317892,78.74,63,3.43
1443,15681,135343,90.0,40,121835,82.71,23,2.76
1444,60053,995595,64.24,137,639812,60.1,72,10.46
1445,11812,130666,68.64,40,89726,59.28,20,7.61
1446,7978,137710,66.49,29,91590,62.72,19,8.75
1447,41744,910071,70.2,126,639077,66.11,66,9.91
1449,44953,127115,39.83,30,50662,32.34,15,23.25
1450,15113,78807,25.83,14,20375,21.04,8,25.53
1451,16653,198000,63.84,40,126455,56.67,15,10.82
1452,46992,132641,49.77,40,66042,38.88,18,15.08
1453,14075,116640,75.69,18,88297,73.72,14,12.05
1454,13745,129834,81.54,35,105902,77.17,27,6.52
1455,34522,531688,67.12,80,356925,63.17,45,11.46
1456,4597,93720,85.57,15,80220,80.74,8,3.44
1457,16483,316730,75.21,72,238281,68.31,38,6.64
1458,21131,260730,59.79,59,155939,51.07,23,13.66
1459,12167,268972,84.37,61,227001,78.46,35,4.69
1460,23683,694643,72.05,124,500603,65.11,50,6.22
1462,61049,299745,46.4,98,139155,34.47,37,16.04
1463,33364,173268,82.01,42,142131,75.24,20,5.03
1464,63541,425576,61.69,88,262578,54.41,38,9.83
1465,10171,103607,72.1,37,74726,62.34,22,10.15
1466,21671,111157,68.68,35,76370,61.56,23,10.7
1467,17787,233625,67.37,45,157445,59.75,18,10.18
1468,1320,160405,97.55,18,156487,96.81,16,0.38
1469,336,87218,92.35,28,80568,87.63,21,0.17
1470,1189,85767,86.24,34,73976,70.28,13,0.7
1471,56101,150415,22.02,22,33132,17.03,8,29.42
1472,3584,52765,82.39,18,43482,69.47,7,2.56
1473,12548,146154,72.05,31,105338,69.22,24,9.97
1474,16262,129897,59.12,30,76830,53.42,17,13.32
1475,2283,66017,76.29,16,50381,69.0,8,4.25
1476,23533,274367,77.69,77,213205,70.47,43,9.11
1477,31162,246694,58.94,73,145438,50.13,39,16.71
1480,375,416085,98.13,59,408348,94.48,37,0.15
1491,1716,54818,59.65,24,32709,46.3,13,3.37
1492R,86,526,0.0,0,0,0.0,0,36.14
1503,79944,520972,73.36,65,382286,70.84,44,14.42
1504,201064,2376441,70.42,235,1673967,67.73,126,14.35
1506,21287,300389,77.16,46,231858,71.35,16,4.2
1512,19945,98183,54.05,19,53080,47.96,8,9.32
1513,154739,503113,46.09,83,231998,41.22,43,34.83
1514,101037,278571,41.1,55,114546,34.71,27,34.7
1515,24471,181474,48.73,32,88454,40.33,10,21.73
1516,41178,40008,64.82,15,25938,58.33,11,11.89
1517,46131,220000,48.8,31,107413,44.12,14,22.11
1519,86326,347469,73.77,76,256367,68.08,45,13.62
1521,23443,76230,68.06,12,51894,66.44,10,13.29
1522,29927,312898,57.54,50,180112,52.93,26,19.67
1522A,1374,30000,82.41,8,24728,73.53,4,4.17
1524,45272,165310,38.2,20,63175,35.54,12,30.66
1525,3185,73400,89.26,9,65526,86.51,6,5.43
1526,52364,60000,38.14,12,22892,29.94,3,23.93
1527,64311,138571,33.78,21,46826,29.31,11,28.39
1528,93420,191331,30.16,12,57745,27.74,4,39.99
1529,30645,202850,48.69,33,98792,44.82,20,20.22
1530,11024,103108,75.66,15,78028,69.93,6,10.22
1531,12776,182108,64.12,51,116795,54.11,20,9.36
1532,19273,422604,66.77,108,282259,58.73,52,8.33
1533,9949,98547,63.68,36,62775,52.11,18,17.42
1534,4100,67733,47.06,19,31893,35.44,7,13.11
1535,9778,123743,75.86,10,93882,75.44,9,11.02
1536,83570,278960,33.06,50,92297,27.66,24,31.32
1537,15806,82063,51.15,24,41996,43.09,14,24.39
1538,7608,32300,78.45,7,25345,70.77,3,6.66
1539,5235,65370,61.18,11,39999,60.55,10,15.44
1540,41201,85474,34.95,21,29896,24.39,6,31.76
1541,2425,78800,83.76,15,66023,79.46,10,4.74
1557,113,1722,30.57,1,527,0.0,0,13.88
1558,27356,64536,39.68,30,25621,17.14,8,22.19
1560,22294,151978,65.64,64,99802,49.03,25,10.15
1563,15492,169206,45.87,52,77656,36.43,24,13.11
1565,37653,50417,17.57,11,8871,8.4,3,38.32
1568,9641,103087,63.91,30,65902,55.14,16,12.92
1569,23858,144247,55.42,41,79977,45.8,18,12.49
1570,34862,51501,56.28,12,28998,44.49,2,11.16
1580,27741,49339,39.31,15,19402,29.88,8,26.75
1582,66343,144269,30.21,23,43607,25.75,12,34.79
1583,2488,109400,91.25,17,99839,89.51,14,3.02
1584,56172,232471,40.92,35,95193,36.43,18,22.13
1585,934,57700,65.76,33,37958,46.04,13,3.12
1586,11932,129500,72.52,47,93941,61.45,25,8.55
1587,11799,80056,47.29,21,37862,37.91,8,20.23
1589,43146,153136,28.35,30,43458,21.0,11,25.01
1590,7208,200000,73.68,106,147410,53.12,38,1.81
1591,32299,38048,20.54,9,7823,8.04,1,20.97
1592,6278,110978,26.47,25,29390,18.1,8,15.24
1593,3309,39785,50.05,18,19914,35.43,9,14.13
1594,639,33220,82.82,12,27515,75.4,8,3.21
1595,10088,57725,46.93,22,27104,34.52,11,19.42
1597,19319,89262,51.06,34,45591,37.9,16,26.13
1598,10596,179142,60.51,49,108431,52.75,29,11.52
1599,11767,73029,65.02,21,47497,56.88,12,17.06
1601,16634,106258,11.6,13,12338,6.33,3,25.92
1602,273705,385891,12.18,26,47056,9.58,9,58.26
1603,13407,191688,72.74,31,139474,68.94,20,12.46
1604,101691,384200,58.54,73,225024,52.92,37,17.05
1605,248795,4431333,75.4,369,3342602,72.99,195,9.96
1606,77406,769345,15.97,119,122954,9.57,31,24.52
1608,48972,632774,66.04,61,418035,63.01,29,15.17
1609,195250,785262,32.83,108,257954,28.99,59,30.48
1611,87222,322736,52.12,80,168269,43.49,34,20.43
1612,37282,316080,61.44,67,194257,55.1,31,17.09
1613,22763,227418,57.74,67,131351,47.38,28,9.98
1614,5501,269113,83.15,84,223836,75.53,51,2.4
1615,8690,198630,80.71,35,160355,76.82,22,6.65
1616,14612,194149,60.07,26,116660,56.05,15,15.71
1617,11260,169515,77.82,42,131952,69.07,22,9.08
1618,22022,192692,57.57,28,110980,52.95,14,21.25
1623,5858,66000,77.1,13,50897,73.47,9,10.92
1626,9817,149822,69.63,49,104360,60.14,27,8.76
1702,63828,294133,57.97,30,170591,55.02,16,19.62
1707,68912,148137,50.54,48,74894,40.55,25,23.23
1708,85707,249002,39.81,43,99173,33.94,21,33.73
1709,42604,477016,70.74,126,337582,61.98,61,10.2
1710,58737,885703,62.84,137,556802,57.48,61,11.69
1711,97546,547752,44.83,95,245619,39.09,40,24.45
1712,82511,420493,56.17,116,236281,47.49,58,15.05
1713,23508,150952,74.24,29,112084,68.35,13,7.42
1714,106300,991825,52.56,147,521510,47.35,59,15.99
1717,100162,1184245,66.79,234,791140,60.95,121,14.43
1718,187797,1685906,52.98,216,893706,48.14,85,16.72
1720,16043,196566,64.94,31,127672,61.48,18,12.74
1721,67104,184884,38.96,36,72078,32.41,15,27.17
1722,122937,980000,62.88,154,616348,57.28,67,12.62
1723,62789,236904,52.0,36,123244,46.96,15,21.7
1725,3558,181830,94.44,20,171756,93.1,16,2.62
1726,9497,162000,85.67,29,138826,83.56,23,4.83
1727,21535,128020,61.58,28,78869,56.64,18,21.42
1729,4206,180688,91.39,47,165190,85.84,32,3.55
1730,10025,63234,57.3,11,36241,53.73,8,25.23
1731,18397,132915,55.7,15,74052,51.75,7,14.94
1732,37980,42444,46.4,5,19696,44.13,4,28.12
1733,38281,99950,44.49,21,44482,31.93,4,20.19
1734,70284,190197,49.87,41,94898,41.84,17,18.26
1735,8329,99388,78.44,12,77963,77.84,11,9.65
1736,7723,303395,88.71,47,269218,83.25,23,3.22
1737,74644,200000,62.6,26,125247,58.28,11,18.18
1742,11271,92671,80.21,26,74356,72.65,15,4.22
1748,709,14304,39.61,3,5668,36.48,2,16.91
1748R,105,529,0.0,0,0,0.0,0,61.98
1752,8100,100988,63.47,17,64118,58.32,9,15.39
1760,38954,85739,43.04,22,36920,33.89,8,26.22
1762,53835,76918,46.09,16,35463,36.1,5,21.44
1773,17159,300000,74.09,56,222333,68.35,27,8.06
1776,3209,60107,65.82,32,39573,44.15,13,8.9
1777,3339,44592,59.87,9,26703,54.22,5,11.87
1780,2533,109075,78.55,44,85703,62.36,18,4.16
1781,35679,47408,44.87,22,21278,23.54,6,21.69
1783,38026,89698,63.91,19,57341,56.1,7,10.67
1784,34495,53121,28.08,14,14924,18.13,6,25.36
1785,134119,595951,42.17,106,251426,36.49,52,28.49
1786,44818,74828,51.0,24,38166,44.53,16,17.55
1788,7718,44521,49.79,15,22177,40.09,8,23.26
1789,24580,790739,77.05,54,609400,74.78,23,6.19
1794,131,1322,0.0,0,0,0.0,0,16.46
1795,41063,270155,57.83,33,156284,53.1,12,21.88
1796,7582,41460,55.76,12,23129,45.18,5,8.37
1799,18822,248776,66.13,21,164548,64.08,12,10.54
1802,200649,2908061,76.32,170,2219822,74.5,84,12.93
1805,9219,134970,77.71,38,104909,70.41,23,4.7
1806,24564,390404,74.74,60,291820,70.92,36,9.66
1807,7548,114363,47.41,37,54235,38.25,20,12.54
1808,27630,893032,80.66,96,720451,78.48,63,6.63
1809,54306,167042,47.69,32,79684,42.5,17,31.23
1810,24003,302304,62.33,69,188483,57.26,45,17.22
1813,9016,46636,47.73,16,22269,33.67,5,23.38
1814,451,18982,78.82,12,14966,53.7,5,4.45
1815,158256,585459,48.68,90,285041,45.14,59,29.56
1816,900,24515,94.8,2,23242,91.94,1,1.83
1817,4472,72600,64.99,26,47189,58.35,17,11.42
1818,135,11635,75.49,7,8785,63.87,5,1.46
1819,136,33504,84.42,17,28292,65.69,9,0.51
1903,20896,260039,81.11,65,210975,74.9,41,4.06
1904,322847,1108275,68.25,145,756676,63.84,72,12.69
1905,71008,1102835,70.94,68,782510,68.69,27,13.15
1906,12474,151000,74.31,26,112234,70.08,17,10.76
1907,81682,1660371,85.6,216,1421478,82.14,122,5.07
1909,84368,1327686,68.01,171,903131,63.51,73,8.29
1918,30809,241171,20.84,26,50329,17.86,15,31.7
2002,1311104,15734861,53.12,1504,8360335,49.36,480,15.87
2002A,5343,38268,21.75,10,8334,8.37,2,28.09
2006,58463,730214,81.41,162,594586,74.73,89,7.49
2007,27432,530652,76.67,13,407009,75.66,4,8.98
2008,7467,190852,92.59,18,176753,91.27,14,3.13
2009,47456,359622,58.13,20,209121,55.75,7,24.45
2010,34576,647655,69.25,120,448612,65.09,75,10.27
2012,44573,302163,84.01,80,253904,74.58,33,5.03
2013,43755,200000,79.47,24,158993,77.32,17,11.05
2014,172601,1435544,50.83,99,729991,48.27,38,19.7
2015,11657,581599,88.27,152,513484,82.18,93,2.82
2017,40775,446875,61.72,67,275940,57.07,31,12.85
2020,62108,267031,50.49,52,134863,44.31,28,18.36
2022,62187,337168,40.42,32,136359,37.13,14,21.68
2023,101083,1821240,79.38,120,1446087,77.59,66,7.08
2024,50348,97500,83.02,13,80957,80.78,9,6.95
2025,30342,172661,63.29,31,109299,59.05,19,11.36
2027,105111,2584261,77.81,381,2011249,73.7,206,6.94
2028,21262,325715,83.44,39,271832,81.3,28,6.29
2029,14204,321180,71.57,26,229903,67.79,5,8.62
2030,59909,280526,56.13,51,157516,51.9,31,20.03
2031,65160,321146,59.24,63,190296,53.98,35,16.4
2032,12704,130522,59.47,43,77654,49.39,21,18.5
2033,4715,120000,84.92,29,101931,77.04,16,4.72
2034,39217,528996,51.53,102,272677,45.28,47,16.08
2035,20712,350000,96.59,23,338133,96.12,21,0.64
2038,26279,194134,53.88,26,104631,49.59,13,17.18
2049,65712,353792,70.14,117,248226,60.19,59,13.75
2052R,5549,9170,10.19,2,935,0.0,0,49.42
2056,254,105000,93.38,44,98068,85.71,33,0.43
2058,37077,305251,26.04,63,79571,18.56,22,17.04
2059,53744,95297,65.63,33,62567,54.42,15,6.0
2060,135,35739,87.22,4,31173,87.22,4,0.33
2061,11465,57378,47.0,23,26978,30.6,7,14.99
2062,11468,199994,61.73,39,123488,55.46,16,12.68
2063,3376,48101,51.62,18,24835,37.49,7,12.69
2064,1625,69330,83.08,30,57608,72.44,16,4.45
2065,49531,63517,51.47,16,32711,43.07,8,19.23
2066,3087,44450,68.59,19,30498,53.56,8,11.3
2067,2219,45138,56.48,12,25500,49.07,6,10.03
2069,9174,166387,63.68,45,105989,54.15,20,12.16
2070,5202,41783,63.02,19,26342,47.35,8,19.63
2071,902,69046,85.18,25,58826,73.55,12,1.98
2072,10331,192000,74.17,24,142456,71.39,15,8.55
2073,642,27500,75.24,15,20693,51.63,6,3.19
2101,37387,733935,64.21,132,471470,58.08,57,8.97
2102,79342,473329,80.64,63,381753,76.76,35,5.62
2103,81473,825710,59.94,123,495006,54.94,56,11.36
2104,107466,984734,45.71,201,450301,37.67,72,12.33
2105,81419,3241416,80.34,310,2604916,77.48,158,5.77
2106,33194,954890,79.63,162,760525,74.7,83,5.31
2107,47876,303593,64.57,71,196100,59.12,43,13.3
2108,53037,492417,70.96,95,349477,65.05,53,11.37
2109,35143,279349,74.64,71,208563,66.32,34,5.78
2114,5276,77992,65.56,18,51145,59.32,9,10.68
2115,3585,104373,70.52,36,73621,58.78,17,5.61
2201,95061,1070001,63.42,103,678825,59.87,45,14.35
2204,42480,553620,73.54,61,407269,70.5,34,11.78
2206,67712,773676,85.5,106,661658,81.44,60,5.95
2207,13516,557103,89.69,113,499804,83.32,54,1.53
2208,122611,1274539,55.13,153,702878,49.84,43,14.95
2211,25121,417091,80.04,53,333942,76.92,33,7.62
2221,7995,42325,64.24,4,27192,64.24,4,18.71
2227,7441,300000,93.62,12,280877,93.25,10,3.51
2228,9704,79780,56.25,13,44891,53.88,10,20.72
2229,59,1462,41.04,1,600,0.0,0,7.78
2230,11722,68030,46.02,25,31325,34.05,13,15.73
2231,13596,135932,65.85,30,89546,60.93,18,15.06
2233,38550,60289,41.96,11,25305,34.47,4,27.82
2235,1359,35878,83.99,12,30137,76.08,8,6.61
2236,3296,63517,72.36,20,45969,65.71,12,6.75
2237,3254,128886,76.93,22,99182,70.63,8,4.71
2239,2714,117713,80.2,17,94421,78.23,13,4.31
2241,30053,104602,41.82,35,43760,28.76,11,18.09
2243,2801,77374,67.61,35,52328,53.83,16,6.37
2245,502,35640,80.22,12,28596,66.91,5,2.29
2246,2884,42613,68.53,3,29213,65.07,1,9.19
2247,7888,80711,76.68,14,61904,72.7,8,9.74
2248,931,47600,78.3,17,37279,67.58,9,2.97
2249,1350,28160,70.62,13,19894,54.22,6,7.78
2250,9468,36388,51.37,4,18698,48.97,3,21.12
2252,1708,106618,80.93,19,86297,76.11,10,3.27
2254,2762,63908,92.15,17,58899,83.54,9,1.59
2255,1925,60932,80.28,20,48933,71.25,10,4.44
2256,2453,42524,56.44,16,24006,42.53,6,10.26
2258,8911,1751461,93.96,54,1645983,92.85,25,1.1
2301,193663,2316108,80.38,478,1862238,74.7,277,9.62
2302,24155,166303,63.22,21,105174,58.38,8,21.11
2303,947502,12570094,75.49,1254,9490989,72.71,702,11.67
2305,25731,205661,64.9,22,133496,61.97,12,16.33
2308,607353,2597543,80.68,568,2095989,73.62,270,8.24
2312,199240,1506376,48.57,216,731927,44.14,104,23.97
2313,292735,1233821,58.94,221,727572,53.64,114,25.88
2314,52917,108596,11.53,14,12535,5.51,3,43.46
2316,60879,182741,64.61,45,118097,56.79,21,20.24
2317,1136475,14075746,69.46,1452,9779203,66.76,840,13.06
2318,28524,106023,27.03,15,28675,22.83,7,30.0
2321,14086,16555,71.46,3,11832,67.91,2,16.43
2323,125777,1089348,46.64,206,508373,39.77,84,17.27
2324,324129,4407147,62.71,623,2764483,58.72,336,16.23
2326,48262,40332,12.71,6,5136,6.52,2,45.71
2327,581518,2058731,68.87,358,1418017,64.42,208,17.43
2328,117298,518346,42.18,64,218708,38.16,31,29.79
2329,128515,658948,50.47,64,332648,46.65,24,25.83
2330,3010913,25932370,87.53,2630,22703581,84.77,1485,5.86
2331,56239,557403,59.02,67,329099,54.54,22,17.81
2332,104181,602163,33.93,102,204438,27.76,39,23.89
2333,87628,277761,29.05,56,80744,20.38,18,32.83
2335,6028,49483,35.58,13,17615,25.39,4,20.04
2337,489399,1986261,40.68,304,808307,35.89,146,33.44
2338,86763,366849,44.95,48,164998,39.94,21,27.66
2340,107273,438623,43.5,68,190904,38.17,30,25.1
2341,23848,6852,86.94,1,5958,86.94,1,8.91
2342,143973,157335,35.53,13,55920,31.75,3,40.14
2344,563205,4720491,68.57,551,3237607,65.01,286,16.77
2345,110951,561118,69.9,211,392328,57.33,100,6.61
2347,39782,1667947,88.9,258,1483128,85.03,155,4.01
2348,25135,159486,69.86,32,111453,65.24,20,13.21
2348A,2617,30000,65.45,6,19637,55.71,2,7.16
2349,143114,693680,28.43,123,197410,21.23,41,26.79
2351,21680,196352,76.86,72,150944,67.99,46,10.98
2352,192024,1580507,48.41,204,765456,43.52,77,19.57
2353,388703,3047854,38.26,376,1166483,33.72,153,25.23
2354,184991,1414485,49.63,128,702278,46.93,69,25.51
2355,75927,397495,40.91,96,162707,33.81,48,29.58
2356,247634,3587475,73.5,391,2637579,70.25,205,13.56
2357,111707,742760,74.6,219,554236,64.75,105,10.15
2358,39724,136623,28.06,17,38346,24.3,8,27.34
2359,64205,171471,46.07,36,79023,38.94,18,34.84
2360,35324,425246,70.1,192,298194,52.15,70,3.23
2361,19313,46544,52.97,6,24656,47.24,2,20.77
2362,31170,622263,81.16,117,505151,76.71,73,7.65
2363,129909,514988,35.75,64,184214,31.17,27,34.15
2364,56021,52389,57.03,12,29887,51.35,7,21.57
2365,98394,221528,23.48,27,52078,19.27,13,44.39
2367,187999,706253,29.36,89,207474,25.8,47,40.83
2368,118430,530595,76.23,123,404516,68.02,56,9.73
2369,127923,380102,30.54,55,116193,25.39,23,37.91
2371,268486,2150835,48.39,284,1041437,43.75,122,19.28
2373,14113,236203,87.32,27,206305,86.26,23,6.86
2374,104543,337992,25.32,39,85614,21.57,19,38.59
2375,77730,108675,24.65,21,26804,15.11,4,55.13
2376,90964,669889,73.81,157,494604,66.06,79,13.02
2377,96257,844856,68.65,195,580101,61.46,102,16.0
2378,17777,141056,33.79,25,47689,26.97,9,20.35
2379,84654,515513,74.6,208,384673,59.34,85,6.44
2380,23582,60000,35.89,8,21539,32.78,5,32.55
2381,2565,119,0.0,0,0,0.0,0,32.56
2382,279556,4107627,85.09,514,3495991,81.49,286,7.93
2383,134599,358321,68.22,138,244560,55.82,64,6.81
2384,157961,2047778,28.02,329,574217,20.93,96,18.89
2385,51481,765721,73.98,165,566715,68.47,99,11.2
2387,16865,195251,58.2,29,113672,52.59,13,17.79
2388,54391,556441,71.1,69,395715,67.76,39,14.4
2390,62146,192619,38.75,24,74665,33.9,9,26.33
2392,65984,512327,50.03,64,256400,45.57,24,23.68
2393,51207,443393,66.84,124,296479,59.28,69,13.98
2395,34771,869339,85.06,210,739633,77.24,98,2.89
2396,56584,1276356,45.53,238,581471,37.15,63,10.87
2397,9106,114489,69.1,17,79121,65.5,11,13.43
2398,38401,412915,36.59,46,151160,32.8,20,19.17
2399,53978,178100,34.15,44,60858,24.46,17,35.89
2401,131299,591995,41.17,95,243790,35.51,41,25.58
2402,82223,307537,38.24,50,117643,33.36,24,32.85
2404,62691,190587,56.11,72,106991,41.77,30,17.22
2405,96824,343427,24.24,45,83367,19.3,17,30.51
2406,117105,350906,23.28,55,81744,16.51,19,38.36
2407,48632,734762,37.9,178,278655,27.91,56,11.9
2408,350172,3450206,83.57,328,2884347,80.79,172,8.28
2409,599423,7547099,54.97,911,4150017,50.6,374,15.67
2410,12538,160000,36.36,51,58210,23.72,16,11.16
2412,296653,7757447,79.75,521,6187583,78.0,298,6.63
2413,27073,127359,56.03,24,71378,50.78,14,24.26
2414,15640,161736,59.65,44,96501,49.78,18,14.11
2415,9128,100000,64.19,26,64209,54.53,12,15.63
2417,61456,157219,42.09,20,66198,39.0,12,32.4
2418,64438,1023117,47.82,137,489463,42.17,39,12.98
2419,37714,321317,65.0,15,208905,62.66,2,17.64
2420,39034,152649,49.28,38,75271,39.98,16,21.1
2421,53672,286944,64.27,101,184472,52.56,45,15.49
2423,6179,145047,75.93,33,110161,69.55,17,6.06
2424,4328,59585,80.85,6,48185,79.18,5,7.43
2425,43970,96499,47.6,21,45947,38.96,7,27.49
2426,108885,300622,48.47,61,145789,43.72,38,27.02
2427,21692,198000,53.9,15,106768,50.38,5,21.08
2428,19368,128113,59.71,29,76516,52.53,14,19.23
2429,27498,86100,48.7,14,41941,43.01,7,23.38
2430,37883,116800,63.52,24,74208,57.11,11,15.23
2431,51444,110927,42.04,15,46655,36.0,4,23.09
2432,1260,61860,77.58,9,47996,72.93,4,4.61
2433,7833,144496,79.0,18,114157,77.79,14,10.22
2434,5973,37000,79.27,4,29332,74.38,1,13.87
2435,8963,74692,32.68,10,24423,28.75,4,21.88
2436,75343,221071,26.82,46,59340,19.23,21,40.69
2438,26503,71196,58.39,21,41586,49.37,12,15.64
2439,71642,248641,29.38,52,73070,21.69,22,35.29
2440,8581,139117,70.33,26,97865,67.61,19,10.23
2441,58319,568846,69.46,89,395236,64.23,42,16.42
2442,49897,325232,54.39,50,176945,48.51,21,12.92
2443,30670,150909,55.25,45,83395,45.97,24,12.9
2444,36377,106570,31.62,22,33707,21.8,5,22.02
2445,6213,48163,15.7,7,7571,12.45,4,26.56
2449,256868,1283882,63.48,290,815275,57.1,160,19.44
2450,17506,258253,76.82,17,198445,75.97,14,11.28
2451,44512,431346,71.18,60,307123,65.74,27,13.2
2453,25388,100000,48.3,15,48306,41.48,5,27.54
2454,572782,1604953,73.79,498,1184641,63.87,241,7.93
2455,64450,188813,54.51,78,102951,39.11,32,19.39
2457,112167,424772,28.97,53,123127,24.31,20,30.7
2458,64176,303880,57.06,81,173442,48.44,41,21.68
2459,15070,105596,52.48,31,55432,41.95,11,14.25
2460,44419,169200,58.41,21,98877,53.69,7,15.73
2461,49988,190294,45.66,55,86909,36.19,25,17.41
2462,26016,150784,56.18,36,84740,50.29,21,16.93
2464,93752,227369,47.35,60,107674,38.63,28,27.8
2465,48485,93946,40.84,18,38387,32.17,5,27.93
2466,5639,173459,87.2,49,151284,81.61,34,4.48
2467,48441,161821,69.28,59,112146,58.53,31,13.23
2468,11362,69961,51.53,4,36056,50.02,2,27.46
2471,36683,47254,24.9,16,11775,6.74,1,41.1
2472,38906,164735,56.9,49,93760,45.77,21,27.45
2474,50772,538821,72.74,85,392057,68.46,52,13.47
2475,226534,6479454,71.17,1102,4613137,64.6,429,6.13
2476,18748,220216,68.45,63,150788,60.72,34,11.58
2477,11703,158573,73.95,41,117295,67.04,23,10.92
2478,58533,144731,57.97,50,83936,46.92,23,23.45
2479,13052,37738,32.51,6,12276,25.73,1,31.6
2480,41805,106360,31.99,35,34039,18.32,11,26.09
2481,100351,382115,57.79,80,220914,51.41,45,26.31
2482,38587,77883,41.08,14,32004,35.02,6,29.23
2483,9639,107890,62.24,26,67181,56.27,16,15.89
2484,84351,159421,33.18,45,52917,22.82,19,41.81
2485,136029,317689,24.04,39,76428,20.84,21,47.37
2486,90731,240768,35.99,52,86679,28.6,23,31.29
2488,40650,79999,52.62,24,42111,44.69,13,17.97
2489,135521,610000,28.75,73,175468,24.9,35,37.34
2490,15412,162913,21.55,30,35143,15.55,12,21.72
2491,13350,82008,74.33,24,60968,67.32,15,11.36
2492,115954,485205,65.43,72,317544,61.51,42,22.7
2493,46492,126797,50.75,36,64382,40.06,15,23.0
2494,10286,41493,81.48,10,33814,73.06,5,9.76
2495,38038,273552,51.04,46,139715,46.28,24,22.48
2496,4310,20055,49.58,9,9946,34.95,4,17.57
2497,11978,130888,65.37,33,85583,57.57,17,15.73
2498,165231,836932,38.95,139,326163,33.6,66,26.82
2499,47813,461172,44.2,81,203903,37.99,35,15.35
2501,44471,1159561,76.77,159,890367,71.81,71,7.48
2504,89975,1180000,75.14,205,886887,69.99,107,7.06
2505,23759,380000,79.74,68,303095,75.64,41,6.27
2506,65288,387000,76.84,74,297458,72.3,45,8.66
2509,16350,224551,69.65,44,156420,63.89,23,9.93
2511,45863,1623326,80.76,295,1311384,75.4,151,3.68
2512,43900,489817,34.24,96,167810,25.07,22,14.72
2514,17666,394729,87.98,49,347417,84.81,29,3.79
2515,141334,1688460,60.55,347,1022560,52.95,135,9.41
2516,48906,226278,73.41,63,166144,65.82,38,6.81
2520,76350,609487,75.11,97,457863,71.32,58,8.46
2521,25285,319478,35.27,57,112767,25.85,11,15.88
2523,14030,227673,44.8,58,102027,36.05,25,12.25
2524,7605,366185,93.18,36,341305,91.73,27,2.39
2525,52509,650268,31.85,172,207194,20.4,50,15.09
2527,7248,270306,81.4,36,220068,76.47,14,4.48
2528,8335,437765,84.11,87,368323,78.74,47,2.85
2530,30854,841256,85.95,141,723177,81.82,89,2.31
2533,14038,152615,38.41,37,58647,26.18,7,17.07
2534,63122,474228,72.79,111,345336,66.14,62,7.61
2535,63470,270794,60.78,63,164634,54.96,34,15.12
2536,8365,332809,77.91,78,259380,69.78,38,4.09
2537,43296,300558,61.53,76,184964,52.6,33,11.85
2538,28661,445025,74.0,132,329421,65.65,72,4.69
2539,21165,1455585,87.3,151,1270923,84.7,86,2.64
2540,17348,944874,91.1,81,860946,89.28,54,2.73
2542,111694,2153084,64.5,222,1389180,61.06,103,10.87
2543,32035,528542,71.5,76,378066,67.33,39,9.21
2545,16382,379735,76.77,44,291634,73.85,25,8.45
2546,53630,146187,63.29,23,92543,59.26,12,13.36
2547,74352,1035095,70.6,191,730984,63.91,80,5.86
2548,40987,335705,49.02,99,164676,39.01,44,19.39
2553,19281,81611,18.95,13,15487,11.19,4,33.81
2566,325,2416,0.0,0,0,0.0,0,31.89
2569,61,11552,83.38,2,9634,74.73,1,0.61
2591,80,817,0.0,0,0,0.0,0,18.25
2592,57,10494,90.43,4,9490,82.1,3,1.35
2596,3227,100000,72.16,29,72183,61.71,14,5.65
2597,12960,310716,81.55,42,253418,78.09,25,5.3
2599,1372,98524,66.13,41,65172,51.87,16,2.08
2601O,106567,824776,31.57,111,260563,26.17,39,22.65
2603,268280,2165043,75.37,379,1632364,70.28,205,11.84
2605,105932,585353,54.03,116,316359,47.71,56,19.48
2606,45586,845056,78.43,118,662918,74.74,70,9.49
2607,38746,533571,78.16,90,417176,71.65,37,8.62
2608,51823,467000,76.62,71,357882,71.32,32,10.6
2609,351573,3492104,63.49,333,2217712,60.3,155,19.36
2610,242564,6144989,72.98,541,4486080,70.08,251,9.22
2611,50498,189002,48.11,25,90968,44.15,12,21.79
2612,36497,197485,76.56,16,151249,72.41,4,9.81
2613,39969,148423,56.18,28,83415,49.65,11,21.11
2614,100562,327265,46.84,49,153350,41.32,20,22.96
2615,91585,2806146,89.49,309,2511583,86.66,180,4.57
2616,213389,137282,45.04,18,61843,41.0,9,29.81
2617,27540,417294,65.52,68,273499,60.03,30,14.07
2618,193348,5400444,82.88,668,4476889,79.64,395,6.29
2626,296,2885,0.0,0,0,0.0,0,25.25
2630,23211,209438,63.79,11,133647,61.7,4,20.38
2633,105026,5628293,86.83,293,4888285,85.03,135,4.18
2634,115436,941867,48.68,71,458734,46.27,34,23.51
2636,55065,141835,44.61,34,63283,38.6,20,28.15
2637,23526,746409,83.97,152,626866,78.77,88,4.95
2639,1106,99999,99.01,2,99010,99.01,2,0.48
2640,3449,59265,73.6,25,43632,58.17,11,6.35
2641,79982,330334,28.04,45,92678,22.96,15,28.13
2642,19510,95467,60.38,7,57646,60.38,7,26.87
2643,4261,35000,64.0,9,22403,58.82,7,17.61
2644,2495,82952,80.06,34,66425,74.84,28,4.03
2645,30928,374571,80.96,31,303346,78.3,14,9.89
2646,241212,3008735,65.19,136,1961973,63.54,55,16.15
2701,14708,449968,86.36,36,388701,84.79,25,3.64
2702,12340,156613,73.71,18,115469,72.55,15,9.51
2704,30441,366923,88.73,70,325603,83.76,43,3.14
2705,83139,191313,66.71,42,127660,60.57,23,14.03
2706,16022,499998,85.49,59,427587,81.56,26,3.62
2707,18098,127403,60.91,17,77625,54.7,4,19.72
2712,2012,105000,90.79,19,95351,86.86,13,3.42
2714,3933,1137,0.0,0,0,0.0,0,87.1
2718,2617,87576,88.24,16,77286,88.24,16,3.48
2719,3276,69456,90.67,4,62977,89.18,2,5.14
2720,2751,80000,61.03,27,48837,48.9,12,3.59
2722,4886,143170,87.45,31,125241,82.28,20,4.89
2723,8901,180000,69.6,40,125329,62.29,19,8.78
2724,1037,59656,84.84,10,50618,81.39,6,1.76
2726,2434,37690,65.02,16,24512,49.97,7,8.74
2727,148457,82940,40.85,36,33901,19.06,8,25.83
2729,6153,43041,68.14,13,29330,59.59,8,15.94
2730,2322,37215,86.67,2,32256,86.67,2,2.97
2731,30529,93278,43.89,23,40958,35.01,10,29.29
2732,6042,46519,59.22,19,27554,54.15,14,20.54
2733,690,24598,77.51,8,19069,75.36,7,4.51
2734,28686,57260,38.99,13,22336,31.34,6,24.59
2736,6273,79972,55.95,17,44764,46.33,7,14.19
2738,57,67381,97.88,6,65966,94.86,3,0.02
2739,5346,91526,73.78,20,67547,69.11,13,10.2
2740,2926,16762,72.53,2,12158,72.53,2,2.8
2741,1720,22588,64.85,8,14655,48.86,3,12.09
2743,6712,46815,52.86,8,24755,50.27,6,24.46
2745,5252,33809,51.28,5,17339,51.28,5,24.84
2748,9522,105779,61.52,6,65083,59.44,2,16.8
2749,248,20800,75.15,16,15634,33.27,2,2.43
2750,180,60000,98.53,18,59126,88.06,10,0.13
2751,1560,19846,60.31,1,11970,60.31,1,11.15
2752,2579,26694,63.58,16,16976,40.59,6,9.16
2753,11769,66645,55.02,19,36679,43.85,8,16.8
2754,4339,46907,73.11,6,34302,66.51,1,11.53
2755,3850,47267,66.2,16,31300,58.22,9,10.33
2756,1590,24598,71.12,13,17498,53.58,6,8.33
2758,7433,20486,73.57,13,15075,46.27,6,8.14
2760,169,13000,89.26,6,11606,84.47,5,1.02
2761,670,17337,57.63,9,9996,46.07,6,6.01
2762,6200,112500,85.44,21,96157,80.85,13,5.36
2801,282691,12060197,77.68,1273,9370234,74.1,568,3.89
2807,7180,3162,0.0,0,0,0.0,0,75.76
2811,52204,292500,34.56,65,101158,26.44,27,22.9
2812,248731,6425075,59.07,853,3796008,53.78,270,6.79
2816,10410,223608,80.85,34,180819,75.19,13,4.45
2820,73623,1342960,65.92,160,885677,61.92,68,8.0
2825,9435,12441,5.74,1,714,0.0,0,60.28
2827,30308,129587,36.75,31,47643,29.7,16,20.49
2831,42042,1192609,62.1,167,740944,57.24,70,7.66
2832,19602,253540,69.6,54,176504,63.71,27,7.8
2834,396196,10398326,60.38,1423,6279926,54.74,434,6.49
2836,35411,1858316,85.54,179,1589967,82.58,86,3.19
2836A,2779,40000,39.09,8,15637,33.25,5,7.93
2838,50685,4607829,90.45,270,4169039,88.72,135,1.77
2838A,5970,200000,68.76,42,137588,61.79,22,6.05
2841,60331,960944,57.39,179,551750,50.11,62,7.39
2845,101784,4923425,75.7,623,3728069,70.94,237,3.53
2849,9828,1957609,98.48,57,1928164,98.04,43,0.51
2850,17930,315963,68.08,93,215152,58.04,44,9.59
2851,27526,800389,71.23,121,570278,66.13,54,7.25
2852,21687,301164,66.36,107,199937,53.41,49,7.26
2855,56475,1601414,77.5,235,1241406,72.48,102,5.05
2880,471647,14056135,82.03,1132,11532677,79.56,555,4.06
2881,378542,14007365,86.78,1035,12159212,84.58,530,4.29
2881A,18262,600000,90.58,69,543593,88.07,44,3.32
2881B,18088,666660,94.9,69,632813,91.98,40,1.89
2881C,53013,333330,84.94,52,283222,81.47,32,6.04
2882,400142,14669210,85.91,1260,12603827,83.49,681,4.66
2882A,18469,833300,95.01,84,791910,93.22,61,1.7
2882B,19014,700000,96.0,60,672199,94.26,42,1.66
2883,727331,16974612,69.0,1909,11714558,65.26,861,6.69
2883B,68167,1582142,66.79,395,1057005,57.36,153,6.51
2884,624810,17723510,74.39,2163,13187817,70.27,963,6.44
2885,459305,13864396,82.97,1324,11506129,80.27,716,4.91
2886,458495,14833378,83.34,830,12364384,81.85,470,5.66
2887,715888,25115062,75.52,2972,18973042,71.53,1298,4.69
2887E,12867,500000,85.55,59,427908,83.49,44,3.23
2887F,13028,300000,89.39,33,268220,85.85,19,3.47
2887G,16754,75000,47.96,24,35988,34.74,8,11.27
2887H,20405,219668,70.48,60,154892,63.28,34,6.65
2887I,265822,3096421,73.93,580,2290043,67.14,248,8.51
2887Z1,17956,300000,90.52,28,271596,87.21,14,3.08
2889,221904,3633563,71.65,352,2604208,68.98,196,7.71
2890,452888,14782169,81.23,1605,12009967,78.05,847,4.47
2891,580522,19675933,81.88,1885,16115416,79.02,960,5.06
2891B,24682,333330,95.9,38,319728,93.54,25,2.35
2891C,24102,166660,93.69,22,156169,90.86,16,3.58
2892,436025,14379469,72.36,1686,10408288,68.48,754,5.62
2897,27342,2805358,86.55,355,2428754,82.37,164,2.34
2897B,4822,250000,83.57,61,208947,77.81,37,4.0
2901,13522,73043,79.18,20,57851,71.6,10,7.8
2902,11474,146504,47.86,41,70162,36.81,18,12.62
2903,58758,1416941,79.73,159,1129987,76.51,81,6.41
2904,16793,77834,54.28,9,42262,50.17,4,17.12
2905,26921,1110372,84.26,129,935837,80.85,68,3.59
2906,17559,209117,65.14,35,136242,59.26,14,11.58
2908,10767,509888,92.37,54,471044,90.04,35,2.37
2910,1361,175403,96.61,40,169511,92.95,31,0.45
2911,39595,105126,45.98,20,48364,40.97,10,24.85
2912,75142,1039622,83.72,143,870544,79.46,69,7.85
2913,113059,790000,57.24,144,452327,50.25,54,14.01
2915,57759,1104319,69.9,192,772166,64.08,86,8.31
2916,4611,64627,58.93,18,38097,51.07,11,13.4
2920,974,12427,35.79,1,4449,35.79,1,18.05
2923,5112,1740297,99.54,16,1732534,99.36,11,0.2
2924,464,52036,89.48,9,46571,84.08,5,1.04
2926,2122,47390,74.64,14,35380,65.21,7,5.86
2929,50346,109494,32.78,20,35919,24.98,6,18.3
2936,154,76056,99.52,6,75695,98.55,5,0.22
2937,943,43542,84.54,20,36816,71.58,12,2.34
2938,1442,22840,71.37,8,16304,67.54,6,10.78
2939,7039,45549,76.32,28,34770,54.0,13,3.94
2940,237,25184,58.17,19,14656,16.97,3,1.05
2941,3070,15390,63.86,13,9831,20.62,2,4.56
2942,1646,60000,90.71,10,54436,88.06,7,2.91
2945,3193,67500,83.48,6,56353,83.48,6,7.43
2947,11685,23642,62.81,9,14854,54.68,6,5.08
2948,1083,32000,80.39,15,25730,69.1,9,5.04
2949,2804,30641,81.77,16,25060,61.04,7,4.11
3001,6674,75977,19.56,16,14888,10.82,5,19.43
3002,9102,102000,64.86,20,66175,59.19,11,14.38
3003,15716,155655,60.33,44,93928,53.51,27,18.37
3004,18257,64421,58.81,17,37902,47.29,5,14.8
3005,48607,624767,73.42,120,458870,68.44,70,10.51
3006,69141,298128,55.26,92,164791,44.21,40,21.84
3008,134572,130798,55.89,51,73138,40.87,15,13.79
3010,49981,259437,62.95,78,163375,51.65,33,12.64
3011,48808,129566,36.07,28,46763,27.29,8,18.11
3013,48321,213344,46.96,28,100225,43.34,14,30.81
3014,54514,165954,31.99,41,53115,20.99,12,32.01
3015,16841,187262,63.82,55,119554,54.5,28,16.0
3016,37791,295659,77.39,38,228858,74.91,26,12.53
3017,99765,395439,68.36,149,270433,54.39,57,7.45
3018,36578,75378,64.28,6,48462,62.19,3,18.32
3019,96800,279244,38.34,47,107122,32.57,20,36.92
3020,1634,122695,99.45,1,122032,99.45,1,0.48
3021,8641,94683,70.6,19,66859,65.36,13,13.97
3022,17116,176598,66.06,41,116692,60.98,26,14.04
3023,51722,240069,69.91,101,167867,56.46,49,7.95
3024,57445,277157,50.41,85,139754,37.83,35,14.43
3025,41363,56736,23.38,11,13283,12.38,2,31.87
3026,69039,165890,57.85,81,95990,38.93,30,20.88
3027,47695,129160,43.08,31,55665,34.28,11,23.76
3028,55233,237241,42.92,48,101874,37.89,28,26.27
3029,63818,167005,42.55,36,71093,35.26,17,29.06
3030,35579,236216,57.65,46,136233,51.18,20,18.5
3031,17943,173203,59.89,19,103765,57.46,12,20.35
3032,33062,113286,52.17,27,59122,44.39,11,16.95
3033,97071,524458,38.82,105,203713,31.83,47,24.07
3034,89629,608511,71.93,225,437789,59.81,104,9.73
3035,110423,260550,32.71,38,85277,28.79,21,39.96
3036,86668,1346531,83.29,253,1121821,78.03,140,6.31
3037,262148,1643937,78.82,405,1296064,71.12,204,7.98
3038,49815,157408,41.1,30,64726,33.29,12,24.29
3039,5427,66341,33.29,23,22099,17.71,7,10.35
3040,23275,66225,67.96,15,45016,64.37,10,13.63
3041,69763,142097,27.03,16,38452,23.01,6,37.9
3042,85593,342993,59.08,101,202727,51.42,59,21.22
3043,54692,38976,19.69,7,7679,14.4,3,35.57
3044,33753,525606,80.4,185,422679,69.74,95,5.73
3045,59229,3724786,93.05,381,3466412,90.43,230,2.69
3046,19892,78448,53.66,12,42107,46.74,3,19.88
3047,67516,224767,20.41,30,45916,15.12,9,35.63
3048,80750,269830,47.83,43,129130,41.62,16,27.22
3049,118289,802011,46.45,65,372747,43.17,22,22.46
3050,42092,154984,51.94,33,80511,42.8,11,18.06
3051,66576,167000,33.89,28,56629,25.7,6,25.93
3052,48902,233246,58.37,67,136200,48.01,27,9.01
3053,1488,7958,54.35,6,4327,27.94,2,15.4
3054,3367,80651,87.81,14,70839,84.66,10,3.26
3055,28982,114975,66.1,32,76011,55.99,14,15.85
3056,71625,480555,33.88,75,162888,26.81,22,18.86
3057,37302,67865,34.49,8,23419,32.89,6,30.88
3058,49771,201723,21.98,32,44381,15.12,9,25.71
3059,95377,307668,23.58,45,72586,19.2,22,38.49
3060,70064,137563,20.4,30,28097,12.4,12,32.01
3062,72134,330082,24.21,61,80006,16.47,19,34.98
3064,2933,13011,63.47,3,8260,60.15,2,10.09
3065,1469,183896,83.62,33,153802,78.86,19,2.46
3066,5045,83071,73.67,17,61213,67.18,9,10.2
3067,752,20000,71.33,4,14271,63.62,2,3.53
3069,1424,3000,35.56,1,1067,35.56,1,24.44
3070,172,7275,51.25,5,3730,18.25,1,4.13
3071,11160,110000,58.61,12,64489,55.16,6,20.63
3072,58,373,0.0,0,0,0.0,0,29.78
3073,4149,39511,57.73,20,22820,37.96,9,14.76
3075,431,7782,70.68,4,5500,70.68,4,9.56
3077,90,722,0.0,0,0,0.0,0,34.59
3078,58969,227391,36.48,49,83000,28.5,21,29.24
3079,4365,47640,32.06,12,15285,19.24,3,17.88
3081,82072,101769,44.98,37,45792,30.36,14,18.89
3082,66,455,0.0,0,0,0.0,0,24.02
3083,8759,86487,56.63,9,48989,53.1,4,20.06
3084,225,1873,0.0,0,0,0.0,0,18.99
3085,2885,69019,89.64,4,61880,87.92,2,2.84
3086,7977,272711,85.65,27,233667,83.01,16,4.67
3087,443,51306,97.95,1,50259,97.95,1,1.41
3088,16572,113011,49.34,30,55781,37.24,8,22.05
3090,71422,287567,61.36,52,176498,55.21,22,23.35
3091,95,179,0.0,0,0,0.0,0,50.23
3092,32094,106649,37.83,23,40366,30.27,10,22.67
3093,7705,145156,76.49,17,111051,71.63,6,10.33
3094,41407,83117,30.29,21,25186,24.78,12,36.16
3095,25362,14680,54.41,4,7989,41.42,1,17.91
3096,666,22786,50.21,7,11443,38.62,3,6.29
3097,633,75086,86.82,15,65198,81.35,9,1.48
3098,76,1395,0.0,0,0,0.0,0,15.12
3099,13803,225176,37.62,68,84775,23.21,16,10.52
3105,112980,423940,59.56,95,252599,53.46,50,22.5
3114,7729,65130,52.56,19,34245,41.9,9,19.59
3115,17835,72198,86.25,10,62280,85.38,9,2.33
3117,1525,22800,56.12,8,12796,42.7,4,11.75
3118,41922,32453,37.96,14,12326,18.56,4,17.45
3122,46118,40772,26.59,10,10848,15.85,4,32.96
3126,2744,48752,44.15,14,21528,31.93,3,5.67
3128,49393,50157,32.07,11,16095,23.75,5,26.48
3130,7384,33191,53.97,9,17917,49.3,6,23.3
3131,32158,30414,48.63,13,14796,35.29,6,16.62
3133,492,27262,63.27,14,17256,46.91,7,3.25
3135,21960,102374,48.45,19,49627,42.32,10,27.25
3137,80,1883,0.0,0,0,0.0,0,7.7
3138,32188,56392,25.35,10,14311,18.98,4,42.77
3141,31746,75461,27.56,27,20817,11.14,7,36.91
3142,5169,203333,51.28,71,104291,38.74,30,5.03
3147,7037,43687,54.64,13,23880,47.6,8,17.38
3149,68761,286234,25.83,54,73993,19.44,23,34.14
3150,5744,44377,53.98,11,23960,46.29,5,7.32
3151,656,4133,36.97,2,1528,26.17,1,17.95
3152,8776,39016,43.76,15,17085,28.24,7,22.07
3158,1751,30699,36.08,11,11082,23.45,5,9.16
3159,483,5840,28.6,2,1671,20.39,1,16.26
3161,179,32583,95.15,17,31010,82.62,10,0.96
3162,14096,154153,62.48,31,96348,55.7,14,13.83
3163,99776,94635,25.08,19,23755,17.42,6,45.75
3164,22682,86010,55.27,35,47560,40.03,15,17.36
3166,98,23374,96.38,2,22532,94.66,1,0.79
3167,26507,91437,56.56,38,51738,41.08,15,14.66
3168,2510,75100,75.47,20,56687,66.9,11,6.0
3169,27361,63307,37.22,13,23573,28.58,4,25.08
3171,2276,33118,76.91,5,25474,71.96,3,8.42
3176,45562,139307,37.17,32,51796,29.81,15,21.11
3177,205,4108,75.32,2,3094,60.86,1,14.54
3178,4574,45050,64.37,10,29001,61.31,7,16.5
3179,110,9847,30.35,4,2989,16.07,1,1.36
3184,3567,63074,55.89,18,35264,47.66,8,13.03
3186,2283,30000,77.49,2,23250,77.49,2,8.98
3188,7361,189088,75.61,43,142998,68.36,20,6.17
3189,111724,526910,75.66,113,398747,69.38,58,11.99
3190,59,14308,74.69,5,10689,71.03,4,0.41
3191,18234,43597,54.4,9,23721,47.6,4,11.8
3194,163,13915,72.9,9,10146,53.43,4,1.06
3202,37700,129345,24.59,20,31836,19.46,8,27.41
3205,31193,67546,66.34,8,44826,61.71,3,10.48
3206,23249,58917,55.22,22,32544,42.7,11,17.47
3207,21316,66422,37.78,21,25113,22.48,6,16.28
3208,107,3025,46.49,1,1406,46.49,1,7.97
3209,56783,235391,41.93,60,98738,33.78,29,22.25
3211,82484,154418,50.78,41,78435,40.07,14,30.74
3213,46810,58686,28.9,16,16968,16.7,4,29.73
3217,15853,90104,41.34,21,37260,31.08,6,27.65
3218,18120,84725,55.66,18,47165,48.78,9,22.95
3219,4222,71781,84.34,14,60557,76.11,4,6.78
3221,48127,104989,25.31,30,26592,10.33,6,40.41
3224,16475,78173,71.94,28,56252,63.52,17,8.39
3226,1231,64431,87.87,25,56630,71.4,8,1.81
3227,57264,151913,38.42,48,58390,25.03,14,31.35
3228,34563,71937,23.93,14,17223,19.19,8,34.46
3229,11496,64263,68.21,3,43843,67.46,2,15.86
3230,19499,86011,53.79,20,46286,46.69,11,16.18
3231,338730,3430052,70.31,565,2412577,66.02,325,14.63
3232,14671,46568,58.25,21,27133,43.96,9,9.91
3234,45905,126475,34.29,29,43395,25.47,10,28.52
3236,63722,105001,32.9,22,34572,26.56,10,39.28
3237,104,1464,0.0,0,0,0.0,0,18.82
3252,2627,50196,79.19,24,39758,66.46,14,6.69
3257,28589,79824,43.72,11,34925,37.1,3,27.12
3258,91881,273383,10.19,23,27934,7.58,10,43.11
3259,3797,72966,70.98,26,51808,62.62,16,7.39
3260,142866,334463,33.58,63,112365,27.57,31,37.84
3264,85050,490170,68.25,128,334719,61.51,73,15.06
3265,15409,136262,68.6,27,93502,58.33,5,15.58
3266,3679,352314,90.48,29,318826,89.14,21,1.8
3267,533,17062,29.55,3,5044,26.87,2,6.41
3268,42716,34721,34.6,10,12019,28.51,6,21.92
3272,9095,61177,50.3,11,30777,45.51,6,19.4
3276,47211,69713,59.67,13,41612,53.96,5,12.39
3279,113,966,0.0,0,0,0.0,0,17.27
3283,146,6655,49.64,5,3305,15.13,1,4.46
3284,21745,108628,69.98,20,76025,66.72,14,9.61
3285,9781,42735,65.28,19,27905,51.79,10,8.98
3287,3845,43970,58.58,11,25768,48.76,4,15.82
3288,11389,16380,48.2,5,7898,36.75,2,19.26
3289,58631,86746,27.31,27,23712,13.15,8,37.26
3290,26404,90215,53.59,32,48363,39.58,13,13.63
3293,99041,281802,58.98,84,166243,49.08,42,20.24
3294,17163,132016,50.81,22,67098,45.94,13,24.95
3296,6988,96724,76.96,32,74463,70.72,23,7.26
3297,9772,36049,50.46,13,18199,36.6,6,29.31
3301,996,124326,79.23,40,98519,70.3,24,2.14
3303,14190,94791,47.93,34,45446,34.79,15,16.92
3304,424,14069,33.55,7,4721,9.88,1,6.53
3305,60736,143810,41.49,24,59688,35.7,10,32.36
3306,29742,50608,48.86,8,24737,43.14,3,25.26
3308,10293,60000,61.96,8,37182,59.2,6,19.59
3310,1711,74948,82.31,32,61708,70.44,19,2.98
3311,38298,100000,61.33,24,61358,51.72,8,16.66
3312,68853,182627,44.54,19,81357,42.62,12,30.59
3313,34132,221134,76.27,21,168685,74.35,14,9.34
3317,62743,90000,28.9,16,26028,22.89,6,43.46
3318,924,52256,56.8,19,29689,41.84,6,3.11
3321,28382,86114,47.53,21,40948,37.66,7,14.41
3322,64936,137582,34.85,26,47967,29.99,14,18.62
3323,69071,99593,21.27,14,21189,16.64,6,43.81
3324,59802,93684,59.93,43,56167,34.45,9,18.27
3325,61075,110169,30.44,33,33562,14.78,6,22.29
3332,1701,48104,86.99,15,41852,77.98,9,2.96
3334,127,24680,91.54,5,22594,89.35,4,1.02
3338,62024,87908,30.31,16,26661,22.59,5,36.89
3339,31370,66568,25.01,16,16660,13.85,3,33.36
3342,762,40910,53.13,17,21746,33.08,5,4.33
3343,869,58780,44.66,10,26267,39.29,5,3.62
3345,101,36301,95.55,2,34688,93.93,1,0.42
3346,39334,121228,27.42,22,33272,20.5,8,29.24
3349,1684,47822,50.57,27,24190,26.68,9,5.67
3350,923,21579,14.05,6,3034,0.0,0,10.93
3354,6930,70112,72.36,7,50742,70.56,5,14.61
3356,14004,68550,34.28,14,23510,27.87,6,29.12
3357,21039,118820,57.1,43,67874,41.44,15,19.68
3360,46759,76402,22.53,11,17225,16.99,4,31.52
3361,389,49553,81.55,18,40421,68.18,8,1.21
3362,32062,147446,58.81,43,86722,49.06,20,22.36
3363,71812,113641,36.65,28,41674,27.95,11,29.65
3364,216,2701,0.0,0,0,0.0,0,18.15
3369,4639,28946,56.22,3,16276,54.42,2,16.17
3372,57036,235324,53.84,26,126764,50.98,15,18.36
3373,35512,47619,26.41,4,12582,25.03,3,32.76
3374,52437,271364,67.07,41,182020,62.87,22,18.51
3376,57775,195780,39.67,57,77710,28.31,20,30.7
3377,241,19653,64.25,12,12631,35.71,2,2.0
3379,29806,38042,28.5,6,10849,24.78,3,36.87
3380,43449,541718,65.2,37,353287,62.57,13,14.43
3383,11620,75000,48.48,18,36370,38.5,6,16.7
3388,15207,85453,38.07,17,32553,29.8,6,30.23
3390,56146,79330,31.16,19,24733,17.95,3,23.5
3391,928,68860,66.0,27,45455,52.44,11,2.73
3394,162,1179,0.0,0,0,0.0,0,26.51
3397,1813,9023,0.0,0,0,0.0,0,46.56
3402,38481,73048,29.32,9,21425,24.52,4,35.39
3404,50,653,0.0,0,0,0.0,0,21.09
3406,35276,112743,61.66,57,69536,39.4,16,12.57
3412,261,8071,84.95,1,6857,84.95,1,3.49
3413,27920,111376,47.59,27,53017,40.66,14,27.09
3414,252,1360,0.0,0,0,0.0,0,39.06
3416,9431,80861,56.9,16,46033,51.63,10,16.16
3419,30624,120480,31.03,24,37418,24.05,10,24.7
3430,33307,33716,33.52,6,11302,33.52,6,33.44
3431,12536,55459,51.35,8,28481,46.69,4,17.57
3432,3498,42230,66.5,13,28088,58.48,8,13.28
3434,9336,35755,47.1,14,16846,33.02,6,20.15
3437,46924,144548,25.51,22,36905,20.66,10,37.72
3438,28321,47166,45.12,2,21285,43.53,1,29.63
3441,33462,40040,30.35,14,12156,11.45,3,38.11
3443,49413,134012,65.24,42,87462,51.29,11,7.99
3444,5016,44997,49.37,17,22220,38.59,10,17.09
3447,5762,77449,59.56,14,46150,51.2,3,15.42
3450,81076,145681,41.6,48,60632,30.49,21,33.93
3455,44166,59851,34.52,27,20672,13.27,6,31.47
3465,4548,42330,68.07,13,28823,58.2,7,6.76
3466,29041,77892,45.96,23,35824,33.71,7,18.54
3467,2767,31107,62.34,11,19398,55.36,7,13.6
3469,191,22448,63.92,14,14353,42.15,6,1.47
3471,503,5000,45.04,3,2253,25.6,1,10.99
3472,1709,76274,58.36,25,44534,43.84,7,4.68
3473,271,23491,76.03,7,17864,67.92,4,1.79
3475,1777,1784,0.0,0,0,0.0,0,46.82
3479,37229,73056,39.79,17,29089,30.25,5,32.18
3481,985099,7989197,37.7,1038,3013115,33.08,419,24.96
3482,527,6521,44.4,4,2896,16.87,1,16.25
3483,52293,99049,22.16,24,21968,13.26,10,40.38
3484,47004,78828,32.34,20,25499,24.56,10,24.19
3485,7226,38501,51.37,18,19790,33.54,7,18.54
3489,2670,90452,81.58,10,73808,79.83,8,4.71
3490,34185,55006,25.65,14,14117,16.11,6,33.12
3491,64708,68805,36.88,26,25386,22.99,10,26.06
3492,2811,35532,47.22,5,16783,41.95,2,16.99
3494,17979,94800,61.82,12,58617,56.76,4,11.39
3496,205,21562,79.91,9,17233,70.66,5,1.93
3497,112,4588,33.29,2,1528,23.86,1,5.4
3498,54432,61273,53.76,16,32951,47.43,10,19.06
3499,41452,54971,44.34,13,24377,41.85,10,23.58
3501,12249,118258,47.36,21,56024,42.49,12,21.42
3502,283,9202,34.17,5,3145,12.4,1,6.87
3504,13161,114060,66.39,21,75747,60.5,9,18.79
3505,160,5429,87.89,1,4772,87.89,1,8.41
3506,606,8573,19.83,3,1701,0.0,0,18.33
3507,278,31800,87.08,12,27699,75.26,7,1.5
3508,67374,108867,47.88,30,52144,37.63,13,25.7
3511,9373,79973,53.64,6,42913,51.13,3,22.24
3512,4798,113072,72.03,30,81476,63.56,15,8.53
3515,13658,123521,68.71,20,84888,61.8,6,13.82
3516,3138,59561,77.96,19,46445,67.72,10,5.47
3517,663,5031,13.89,1,699,0.0,0,24.01
3518,31122,102467,38.13,32,39097,25.95,11,19.27
3519,65054,433985,50.84,48,220711,46.46,18,18.32
3520,48728,83847,51.59,19,43270,42.63,6,14.27
3521,39620,185766,81.61,16,151633,78.78,8,3.64
3522,28081,104096,56.89,27,59235,50.31,15,10.38
3523,7772,64258,83.41,13,53604,78.36,7,4.91
3524,301,20627,66.46,14,13714,39.39,5,2.68
3526,21004,67546,44.46,21,30039,29.48,6,18.27
3527,25004,44445,26.64,10,11851,20.06,5,26.02
3528,5569,66639,69.48,13,46308,62.63,5,12.36
3529,26740,74686,52.87,36,39496,34.39,14,8.37
3530,15926,77476,57.35,13,44437,53.68,8,23.11
3531,1816,61175,80.39,34,49189,60.82,15,4.9
3532,25306,387848,90.11,28,349583,88.05,15,5.15
3533,36267,112535,60.2,47,67778,43.18,17,11.3
3535,43090,79052,26.8,9,21203,24.1,5,39.06
3536,6379,52089,67.9,5,35376,65.12,3,11.35
3537,44776,56243,30.48,11,17153,23.54,5,37.19
3540,59597,84459,22.97,6,19402,21.9,4,34.54
3541,17942,56349,35.97,20,20281,24.84,11,18.72
3543,24981,146263,62.04,44,90774,49.14,14,8.47
3544,578,2444,0.0,0,0,0.0,0,40.71
3545,81819,222411,24.76,38,55087,18.85,14,39.87
3546,34448,61349,34.87,19,21407,22.44,7,27.46
3548,40574,68244,32.85,17,22434,24.35,7,33.66
3549,239,1481,0.0,0,0,0.0,0,29.8
3550,51921,107550,42.77,32,46017,31.69,13,25.32
3551,13533,62275,49.63,23,30922,34.23,8,27.64
3552,55439,97918,36.02,18,35290,32.42,12,31.85
3554,135,15858,87.29,1,13843,87.29,1,1.7
3555,4333,39999,80.53,10,32214,76.17,7,7.2
3556,64246,63703,16.52,5,10534,13.67,2,43.68
3557,20104,84315,61.05,20,51494,53.32,9,12.13
3558,12013,59061,51.04,10,30150,47.07,6,30.63
3560,194,20405,74.02,9,15107,59.92,4,1.64
3563,36377,63961,51.2,22,32759,39.4,8,24.07
3564,6407,60010,59.94,3,35976,59.04,2,18.71
3566,10580,419621,73.96,150,310433,60.69,57,1.15
3567,33636,33954,18.59,7,6322,7.93,2,34.61
3568,186,10061,72.36,5,7282,46.71,2,3.9
3570,2886,17097,54.02,4,9239,45.25,2,22.48
3571,416,3285,0.0,0,0,0.0,0,27.33
3572,330,11817,44.74,4,5290,29.87,2,4.69
3576,210883,1627795,40.89,197,665884,36.52,81,22.56
3577,4657,63966,67.23,25,43019,52.36,11,9.57
3579,6150,9580,74.14,3,7103,65.76,2,15.48
3580,41268,39471,14.01,7,5533,7.21,2,34.75
3581,7353,51006,57.07,13,29119,48.54,7,20.41
3583,32142,83859,59.41,26,49837,47.94,12,21.97
3584,21929,139767,25.47,29,35627,18.44,13,25.69
3585,14580,111679,39.26,12,43863,34.96,4,24.64
3586,88,2458,51.29,2,1261,0.0,0,7.36
3587,29922,71685,31.36,15,22486,21.81,5,37.43
3588,49177,61991,27.11,12,16818,18.58,5,33.45
3591,17106,130387,53.02,34,69162,46.63,20,19.5
3592,37622,75855,36.11,20,27408,24.87,5,33.32
3593,24785,60825,64.29,18,39118,50.01,4,9.48
3594,20243,95948,53.53,27,51381,40.54,9,18.14
3595,25507,40696,31.76,8,12929,28.89,6,29.59
3596,25208,220354,69.28,66,152687,59.39,31,13.07
3597,2181,39236,64.46,11,25297,56.91,7,10.33
3601,691,34887,52.62,9,18366,40.76,3,3.43
3603,681,24844,71.13,10,17676,64.91,7,4.68
3605,43002,177050,68.81,57,121848,59.37,33,15.28
3606,98,16847,77.4,11,13043,43.23,2,0.73
3607,47078,121662,33.58,37,40881,21.47,14,18.93
3609,7466,38419,52.09,17,20023,33.83,4,9.3
3610,1499,40996,78.87,3,32339,76.71,1,6.04
3611,4791,47555,58.29,13,27726,46.89,4,13.36
3613,1140,63436,66.67,28,42304,50.87,13,3.89
3615,43316,68467,30.82,11,21110,24.99,4,41.66
3616,3455,94650,42.66,36,40397,25.84,10,6.41
3617,7176,94762,66.59,39,63125,52.68,16,9.32
3619,164,7626,27.79,3,2120,15.73,1,4.99
3622,25017,151328,58.56,18,88655,55.34,10,17.2
3623,8130,29186,53.8,4,15703,48.24,1,21.79
3624,39710,117341,58.85,23,69069,50.69,9,23.97
3625,42487,114247,48.92,32,55921,37.64,11,18.36
3627,14077,30991,56.06,9,17376,50.03,5,11.94
3628,7371,45000,59.15,5,26624,56.02,3,15.94
3629,1737,32955,86.88,5,28633,84.0,3,2.99
3630,27910,204192,54.12,15,110534,51.09,5,20.28
3631,1655,81821,80.28,15,65693,74.44,7,3.52
3632,32761,40890,17.2,5,7039,15.58,4,45.44
3633,1855,34024,60.69,13,20656,46.15,5,9.43
3634,217,49600,82.97,13,41166,72.48,6,0.7
3635,397,5050,0.0,0,0,0.0,0,15.06
3636,502,6000,87.18,1,5231,87.18,1,4.38
3637,824,29749,77.46,6,23047,71.3,3,4.12
3642,18059,45869,63.39,18,29086,49.5,10,7.54
3643,403,47937,97.95,1,46958,97.95,1,1.03
3644,2412,83300,76.16,31,63466,67.83,19,3.97
3645,66614,136754,36.86,37,50438,27.86,16,33.97
3646,36435,39297,48.81,21,19191,19.97,5,8.52
3647,2940,2802,0.0,0,0,0.0,0,50.0
3649,275,10819,36.51,6,3952,0.0,0,4.85
3651,69,69565,95.9,12,66730,89.61,4,0.15
3652,3469,75098,72.29,13,54292,67.94,7,8.48
3653,33013,146733,70.12,40,102925,64.33,26,4.6
3656,3282,58249,77.46,6,45128,75.19,3,7.08
3659,628,54774,86.52,16,47399,78.88,8,2.15
3661,106803,86350,34.86,41,30122,9.76,7,27.17
3662,22514,183478,53.41,26,98024,48.89,11,17.55
3663,24118,108494,64.97,11,70509,62.08,6,21.22
3664,5788,75945,68.46,7,52001,66.69,4,7.34
3665,47000,199578,62.13,85,124037,43.85,31,7.96
3666,28545,138950,83.35,16,115836,80.27,9,6.0
3669,8162,92920,58.58,9,54448,54.68,3,17.96
3671,53,14500,87.86,7,12743,72.48,3,0.41
3672,20979,40790,55.92,20,22818,40.16,9,9.07
3673,85871,406664,41.19,69,167572,34.57,28,27.28
3674,405,17814,71.06,7,12661,65.86,5,5.17
3675,13997,53058,56.82,4,30155,55.16,2,21.49
3678,1013,26422,52.57,13,13896,35.97,5,6.62
3679,5093,63022,65.87,25,41523,54.01,13,11.9
3680,29166,96787,58.16,43,56313,43.98,22,20.28
3681,339,118704,95.08,6,112879,94.39,5,0.52
3684,6093,30310,62.72,10,19014,56.18,7,13.33
3685,13433,79574,62.85,33,50027,44.54,8,7.52
3686,62562,76495,21.86,14,16730,16.77,7,34.19
3687,36347,30124,37.33,6,11249,32.52,4,36.53
3689,34042,89539,26.31,23,23577,14.35,6,35.78
3690,1355,60356,89.17,6,53832,83.95,1,2.81
3691,13208,91883,60.34,18,55464,53.98,9,18.98
3693,23601,42991,49.76,13,21404,36.52,5,24.66
3694,14193,154891,58.32,19,90350,53.63,7,18.13
3701,48110,236669,74.61,25,176617,71.78,15,13.78
3702,95083,1751374,83.37,349,1460448,78.19,204,5.91
3703,34661,823216,72.2,106,594530,67.89,46,8.19
3704,43256,415445,65.02,86,270237,57.66,36,14.58
3705,26072,266423,69.66,70,185622,62.66,43,9.78
3706,195455,1327212,55.46,134,736426,52.42,70,22.37
3707,92111,401125,45.48,46,182491,42.02,24,31.46
3708,46442,93721,50.14,25,47003,39.28,7,24.21
3709,8540,145569,71.63,18,104302,66.31,6,9.3
3710,23008,177087,26.06,41,46178,16.69,15,19.99
3711,326909,4488196,87.03,796,3907028,81.67,420,5.19
3712,36207,246242,58.11,28,143134,55.15,17,18.2
3713,4178,88099,56.6,31,49881,44.11,11,7.83
3714,155886,737940,43.74,121,322921,38.16,56,24.81
3715,96998,283575,29.72,63,84305,21.48,26,41.73
3716,53615,150579,52.79,34,79524,45.51,15,22.03
3717,51182,222307,37.95,55,84407,29.93,25,22.6
3718,102637,390981,41.33,58,161701,35.17,20,32.87
4102,37605,42373,46.42,12,19680,33.78,4,14.72
4104,44176,188367,45.39,24,85539,40.06,8,24.94
4105,52076,248650,48.02,67,119452,38.48,31,17.49
4106,16069,100912,51.08,17,51570,46.24,8,20.89
4107,13544,69298,61.71,24,42781,51.88,14,12.64
4108,54640,198619,29.04,27,57731,23.57,7,23.05
4109,43634,118737,43.98,29,52244,36.18,13,17.18
4111,46370,59832,42.76,23,25595,33.2,14,16.62
4113,20070,231138,73.86,72,170766,64.06,35,4.76
4114,74344,550430,44.26,118,243716,36.89,49,13.79
4115,994,60000,75.96,16,45587,69.74,10,3.23
4116,4366,44566,54.95,3,24492,54.95,3,17.43
4117,6114,70824,55.03,25,38989,37.83,7,13.79
4118O,202,29993,90.11,1,27027,90.11,1,1.25
4119,26611,119509,47.67,14,56988,45.06,9,17.49
4120,7438,86747,71.57,21,62094,63.89,12,8.63
4121,51547,83111,49.58,19,41218,44.47,12,23.38
4123,47320,811858,59.48,173,483047,52.98,87,10.89
4125,218,1934,0.0,0,0,0.0,0,29.72
4126,22447,72600,63.11,24,45829,55.09,15,15.38
4127,26645,45760,71.74,14,32834,65.58,9,9.21
4128,101003,588171,43.35,65,255079,39.33,24,15.78
4129,34024,96438,60.68,34,58539,49.08,13,10.9
4131,3502,39879,77.3,6,30835,72.24,2,5.64
4132,42833,187941,46.63,49,87674,38.33,23,11.76
4133,54046,60554,23.57,11,14281,18.53,5,39.3
4135,511,26465,65.43,14,17322,44.13,5,3.75
4136,95,36147,99.3,4,35897,97.87,3,0.34
4137,7500,82492,51.2,14,42263,44.36,5,15.82
4138,21087,39930,51.42,4,20535,51.42,4,25.08
4139,1127,45010,68.46,22,30825,49.83,10,3.08
4140,473,3039,0.0,0,0,0.0,0,30.87
4142,83787,429508,40.92,88,175862,33.54,37,21.3
4147,47397,273202,52.25,66,142824,43.53,27,13.45
4148,2277,67236,79.16,11,53227,77.75,9,5.69
4150,28445,147218,48.54,51,71484,34.31,15,7.7
4151,642,50026,78.35,13,39203,71.12,7,2.65
4153,5164,58668,76.68,15,45001,72.11,11,8.35
4154,880,38390,77.07,15,29589,67.56,8,2.8
4155,32034,139668,42.62,36,59540,32.54,14,17.3
4156,893,56540,71.9,14,40657,67.54,10,4.14
4157,31696,711834,59.17,116,421330,52.35,36,8.84
4160,34586,26690,29.63,3,7910,25.36,1,33.48
4161,5115,59798,44.58,24,26667,26.98,8,11.11
4162,46991,143678,45.33,23,65161,38.72,8,21.3
4163,24869,50675,70.08,22,35524,61.63,15,8.12
4164,18886,195664,50.49,52,98837,40.13,21,16.63
4166,3751,243035,83.03,27,201831,80.02,15,2.96
4167,56288,331554,42.55,85,141193,34.27,38,13.93
4168,50021,112521,27.19,24,30613,21.06,11,22.28
4169,4369,66432,54.91,23,36486,47.61,14,10.19
4170,6411,43771,58.5,15,25616,45.21,7,9.32
4171,38269,58057,32.71,10,19002,27.65,6,25.29
4172,24470,119576,38.68,24,46278,30.08,8,10.99
4173,30484,74574,43.05,4,32109,40.0,1,21.29
4174,42551,131580,42.96,31,56559,37.44,19,23.19
4175,11371,42323,56.05,7,23724,54.98,6,22.54
4177,2159,62805,59.03,17,37091,48.19,6,7.92
4178,4226,215905,77.78,45,167977,72.41,26,3.65
4181,1737,2128,0.0,0,0,0.0,0,59.35
4183,1175,23800,62.84,13,14961,43.48,5,8.64
4184,644,39183,92.03,1,36064,92.03,1,1.69
4186,4649,90000,45.8,36,41239,26.04,9,9.96
4188,5035,63333,54.19,11,34326,47.92,4,13.09
4190,16509,61267,66.68,12,40861,62.96,9,15.49
4191,2532,100170,63.05,31,63165,48.78,9,5.6
4192,4607,35164,68.36,3,24044,66.6,2,13.55
4193,5426,67616,49.26,25,33321,33.69,6,3.85
4194,3259,145974,76.72,24,112001,73.12,14,5.14
4195,28564,80000,38.42,24,30757,30.04,13,16.24
4197,2340,30181,65.55,21,19786,40.26,7,5.97
4198,2576,24108,82.32,4,19847,78.26,3,5.69
4205,11014,97649,66.37,33,64842,58.94,21,14.63
4207,8455,198538,73.24,52,145433,64.16,22,5.24
4303,37233,132447,20.01,15,26533,14.21,3,29.21
4304,3703,61038,80.97,14,49434,74.64,7,4.62
4305,1687,55014,84.73,26,46626,74.81,19,4.34
4306,89788,676757,57.7,115,390606,51.84,46,10.02
4401,12593,122692,62.44,50,76630,47.1,23,8.71
4402,41597,67992,66.06,14,44926,60.96,8,7.8
4404,7867,112265,35.81,25,40228,26.98,7,14.68
4406,1522,51912,77.84,20,40420,62.26,7,3.39
4408,4010,67628,35.79,14,24218,30.42,8,12.63
4413,1628,31315,69.31,15,21709,52.61,6,4.62
4414,22469,263796,64.1,46,169151,57.38,18,9.09
4415,4358,43577,85.04,11,37066,76.68,5,6.77
4416,2824,73586,67.16,38,49433,49.84,16,7.12
4417,8202,83971,46.01,19,38663,38.35,8,16.07
4419,5126,169163,96.82,7,163825,95.06,3,0.64
4420,8077,40455,59.04,8,23891,54.11,4,23.65
4424,2548,59850,66.59,16,39856,62.32,11,5.49
4426,9503,172677,61.67,32,106538,54.21,12,10.26
4427,966,212542,87.52,55,186041,78.71,24,0.93
4430,8625,56274,64.1,21,36075,53.29,11,16.11
4431,2055,36536,70.89,5,25908,64.19,1,10.84
4432,4904,50589,55.44,12,28049,45.45,4,11.83
4433,10290,61300,56.25,10,34491,52.24,6,17.7
4438,4647,113425,65.92,39,74790,50.12,10,7.35
4439,1309,38215,78.33,14,29940,69.44,9,5.02
4440,3842,67598,57.01,45,38554,28.87,12,12.39
4441,2484,68176,70.18,25,47850,55.44,11,4.96
4442,957,33125,75.66,19,25071,49.36,6,4.2
4502,3826,56703,70.82,16,40164,55.45,3,5.9
4503,7552,78313,62.9,10,49276,59.91,6,15.09
4506,11153,177012,80.66,29,142817,74.04,11,8.12
4510,60954,108978,35.77,18,39012,29.65,6,35.81
4513,44128,143762,57.72,17,83017,53.16,5,15.4
4523,35974,64949,59.96,18,38962,52.01,9,13.23
4526,62224,254826,47.63,58,121431,40.46,30,25.8
4527O,4354,76152,67.51,26,51423,61.93,18,9.87
4528,13384,84166,62.32,12,52464,58.69,7,19.11
4529,8770,84549,58.79,14,49717,53.99,6,11.97
4530,7326,35795,71.47,5,25595,64.46,1,5.86
4532,19836,494895,70.11,95,347037,64.78,54,8.17
4533,68009,178434,36.52,21,65197,33.01,11,31.5
4534,18306,86789,40.34,22,35041,29.58,7,20.67
4535,7102,75662,76.87,20,58186,69.7,12,4.7
4536,7016,90820,55.92,39,50803,39.22,15,11.81
4537,2376,78840,82.02,16,64680,77.0,10,4.74
4538,1646,59470,80.75,15,48030,71.9,7,3.73
4540,41092,115187,31.75,20,36599,26.54,12,40.44
4541,43419,67647,37.31,19,25258,28.0,9,27.62
4542,7158,35783,47.47,19,16994,20.72,5,21.54
4543,22460,62761,47.63,15,29901,43.67,10,22.09
4544,1566,60290,67.52,20,40712,49.87,2,1.88
4545,22187,77000,72.25,8,55649,68.88,4,9.41
4546,968,33775,70.58,15,23846,60.44,10,4.51
4547,302,23349,84.76,7,19792,72.34,2,2.65
4549,7359,58142,62.53,14,36361,58.74,10,15.33
4550,3153,37839,56.3,11,21307,49.24,7,14.71
4551,6913,115222,78.44,33,90413,70.22,17,7.22
4552,28636,116000,50.07,21,58100,44.28,8,11.87
4553,453,33020,87.29,14,28828,77.4,8,2.25
4554,2427,30277,53.59,8,16226,50.62,6,12.97
4555,4076,69988,70.54,14,49386,65.67,8,10.31
4556,3055,42303,74.74,11,31620,70.38,9,8.29
4557,27744,47972,43.15,22,20708,27.09,9,11.88
4558,1612,50000,72.74,32,36384,52.06,14,6.26
4559,661,60000,87.86,17,52727,79.9,10,2.06
4560,2516,68097,86.15,11,58671,84.16,9,3.66
4561,8765,58522,58.36,12,34163,52.18,7,24.29
4562,11706,87546,52.77,13,46220,49.94,9,27.73
4563,17674,54950,54.26,11,29826,49.6,7,20.2
4564,48412,232788,39.82,49,92754,33.47,25,21.23
4565,1443,61740,79.89,24,49331,66.05,12,2.39
4566,25014,110393,56.85,27,62779,51.48,17,22.58
4568,1595,32045,68.43,8,21931,62.0,4,7.3
4569,1981,30600,64.24,10,19665,52.36,5,7.36
4570,205,44000,95.07,16,41837,87.84,12,0.56
4571,6635,53017,65.96,21,34980,55.7,11,16.16
4572,3470,40019,64.18,11,25684,61.89,9,9.2
4573,10204,45697,43.12,16,19715,31.02,7,18.29
4575,741,38668,69.19,17,26758,53.88,8,3.04
4576,24390,119802,66.55,32,79735,59.36,19,16.7
4577,7009,49138,61.95,10,30453,55.74,5,22.11
4578,691,20300,97.0,3,19693,92.28,2,1.48
4580,5102,46803,49.26,18,23064,37.69,11,18.69
4581,1647,33899,62.8,15,21293,46.14,8,8.57
4582,2592,75480,55.05,25,41575,43.96,11,7.07
4583,7468,80171,86.03,9,68976,82.19,4,5.05
4584,1077,30002,80.08,13,24029,69.25,9,4.34
4585,19083,105782,76.67,4,81124,75.3,2,16.08
4587,948,33000,88.23,5,29117,88.23,5,2.98
4588,5105,42985,50.27,15,21620,37.4,8,20.63
4589,618,26039,70.57,11,18378,47.63,1,3.89
4590,10015,54838,49.73,21,27284,35.22,9,15.3
4609,1738,47947,76.27,24,36579,64.61,15,3.87
4702,14070,72333,51.02,9,36908,46.49,2,22.91
4703,9140,65750,26.22,7,17257,22.67,3,26.91
4706,2135,79030,82.97,15,65587,77.59,8,2.43
4707,30195,413808,70.76,59,292921,65.82,28,8.11
4711,7432,61056,60.0,10,36643,53.42,4,15.5
4712,3611,18423,45.99,2,8473,43.69,1,17.19
4714,52675,221838,29.54,34,65567,22.73,12,21.98
4716,44097,94427,33.54,25,31693,24.35,11,24.44
4717,999,155,0.0,0,0,0.0,0,99.99
4720,13363,114516,37.53,22,42997,34.23,15,24.08
4721,57197,74986,33.45,15,25095,28.05,7,38.06
4722,14685,104223,59.49,46,62025,42.27,17,12.18
4724,3070,95976,59.52,28,57141,46.41,8,7.46
4726,12650,207042,58.03,41,120204,50.34,14,12.3
4727,349,7278,18.79,3,1368,0.0,0,8.58
4728,16641,54463,84.28,36,45911,65.91,19,2.25
4729,7357,79227,50.48,12,40013,44.71,5,18.81
4730,1062,27868,69.86,13,19471,57.91,7,4.77
4732,1541,49654,67.11,30,33329,47.1,13,6.2
4734,371,10237,14.95,2,1532,0.0,0,6.16
4735,37580,41569,53.37,15,22189,42.94,8,19.57
4736,13581,95374,51.16,18,48815,44.38,8,21.98
4737,10907,77409,63.8,28,49402,49.13,9,5.78
4738,3389,77596,58.73,7,45589,54.05,1,10.65
4739,56879,124702,38.29,25,47766,31.08,9,29.44
4741,13029,34812,49.3,11,17164,40.07,5,15.52
4743,80129,480548,45.79,75,220126,41.04,33,17.1
4744,33411,56948,51.79,25,29505,35.6,11,11.76
4745,3137,66221,62.53,26,41422,51.68,14,7.94
4746,44248,120256,40.13,34,48276,31.21,18,21.98
4747,2207,90922,75.81,38,68951,65.57,22,4.6
4749,62290,94733,32.71,23,31010,22.79,8,34.03
4752,1062,84217,89.77,6,75611,87.17,2,3.02
4754,22998,30283,36.69,6,11112,28.46,3,24.48
4755,8681,100706,69.06,16,69570,64.95,9,12.07
4758,395,29210,92.15,6,26925,84.81,2,1.2
4760,11575,32778,36.4,7,11936,34.71,6,23.69
4762,139,20720,99.67,8,20653,97.29,7,0.25
4763,55825,989147,59.99,112,593596,55.85,46,11.3
4764,10295,91542,73.48,28,67288,65.89,16,12.08
4765,910,32133,55.32,16,17782,39.21,6,5.97
4766,10751,120571,69.79,27,84180,63.04,14,8.96
4767,885,31415,62.76,11,19719,46.87,5,4.67
4768,17447,48200,32.08,14,15477,19.49,4,29.43
4770,8838,79976,68.09,28,54472,59.7,18,11.4
4771,3915,58787,59.21,23,34826,44.41,9,8.79
4772,33625,147682,49.17,26,72646,41.94,9,24.35
4773,228,72709,94.99,14,69091,92.29,11,0.25
4801,783,47201,98.7,2,46594,97.82,1,0.23
4802,296,18854,87.92,2,16579,85.36,1,2.38
4803,5710,59069,57.43,8,33936,55.13,6,14.77
4804,30104,71992,62.0,11,44648,54.88,3,10.12
4806,2479,69924,87.28,6,61042,83.69,2,2.44
4807,14399,48996,68.26,16,33452,63.32,12,9.34
4903,47037,105344,42.47,13,44763,36.81,3,31.19
4904,85305,3607705,93.53,381,3375243,90.93,234,2.53
4905,2048,29260,81.75,18,23926,63.85,10,5.9
4906,90541,451706,28.63,89,129426,21.6,40,29.64
4907,2762,118146,85.79,10,101390,83.76,6,3.31
4908,35664,78217,53.1,21,41553,42.42,10,28.7
4909,63479,93357,25.12,12,23474,22.86,8,41.4
4911,3500,68817,58.15,20,40031,48.05,9,7.73
4912,25339,66953,54.84,27,36728,38.8,8,12.38
4913,475,9667,25.75,3,2490,0.0,0,11.98
4914,226,10000,77.04,5,7705,61.66,2,4.01
4915,34088,471881,60.57,123,285934,51.69,62,15.43
4916,75506,124083,25.53,19,31698,20.86,9,44.86
4919,71586,452398,62.71,45,283779,59.01,20,23.0
4920,107,41779,93.69,6,39149,86.74,1,0.35
4922,4553,44948,25.44,12,11446,11.8,2,17.23
4923,30851,38115,36.81,15,14036,20.18,5,19.52
4924,1555,37164,70.93,18,26368,56.06,9,6.25
4925,5283,71066,50.25,31,35721,31.92,9,12.48
4927,58658,264938,28.44,68,75378,18.16,24,25.21
4929,384,234,0.0,0,0,0.0,0,38.45
4930,33558,80000,63.65,13,50939,58.55,7,17.85
4931,63600,65710,25.3,17,16636,12.04,4,48.84
4932,309,2012,0.0,0,0,0.0,0,39.79
4933,5621,82700,63.47,11,52504,59.87,6,12.43
4934,70508,225000,34.45,24,77555,29.24,6,23.67
4935,7826,128864,62.1,24,80046,57.74,15,13.22
4938,144475,2675709,79.49,413,2127566,75.0,222,9.28
4939,66077,98201,34.57,20,33980,27.17,8,38.07
4942,6617,142368,62.29,39,88701,54.55,21,10.46
4943,21847,126694,64.21,26,81365,53.52,6,14.06
4946,8200,8853,42.58,1,3770,42.58,1,33.93
4949,11077,67940,52.77,28,35865,41.11,13,21.44
4950,6674,57729,73.08,5,42206,68.13,1,5.94
4951,11324,34149,17.64,7,6029,4.48,1,33.67
4952,14623,108816,53.08,11,57788,47.79,2,25.14
4953,34732,73147,45.38,17,33210,37.89,7,24.5
4956,44184,100408,40.06,23,40233,32.74,10,34.85
4958,225193,1133397,71.09,204,805944,65.78,111,16.5
4960,90323,571705,61.73,84,353027,56.53,41,15.42
4961,39717,121254,49.5,37,60041,38.36,16,25.55
4963,445,75455,83.64,9,63121,82.03,7,1.43
4966,31812,78958,32.05,23,25328,19.97,8,30.7
4967,66580,98566,21.34,19,21050,14.94,9,48.57
4968,56466,92210,17.07,16,15753,8.85,3,45.94
4969,11528,190978,55.64,56,106298,44.91,23,6.88
4971,38920,47186,40.96,18,19337,22.03,3,32.26
4972,15342,56889,50.11,21,28516,36.94,10,24.02
4973,50075,65293,22.78,13,14883,14.23,4,44.66
4974,42857,72500,42.23,7,30628,39.73,3,29.18
4975,1023,326577,96.31,11,314557,95.92,8,0.72
4976,44647,141218,30.1,16,42539,25.64,7,35.27
4977,52459,90990,18.89,15,17201,10.29,2,48.17
4978,67,5000,82.32,1,4116,82.32,1,2.2
4979,84428,142942,43.8,52,62644,26.88,13,33.38
4980,2353,45204,58.12,14,26282,50.4,7,10.79
4989,50872,172776,17.57,22,30384,11.7,6,47.41
4990,3276,102699,53.41,32,54862,43.97,17,7.92
4991,62724,121363,48.32,35,58674,35.73,9,30.07
4992,1033,210050,82.09,38,172475,76.9,22,1.01
4994,2141,66383,86.78,30,57619,81.11,23,3.17
4995,4952,42592,67.13,21,28598,52.8,11,7.66
4996,784,99070,77.8,37,77094,65.91,19,0.92
4997,271,14665,42.96,8,6303,17.41,2,3.49
4999,46524,74417,41.32,25,30760,27.29,10,25.79
5006,13998,96944,10.7,8,10377,8.28,3,21.26
5007,4898,294940,87.54,43,258272,84.22,26,1.95
5009,81532,602471,48.83,107,294310,42.92,47,18.16
5011,33745,100674,48.43,31,48773,38.65,14,15.09
5013,9194,133416,86.8,43,115848,81.81,32,2.73
5014,52404,183265,37.74,50,69199,26.84,19,19.7
5015,26566,60639,52.1,19,31610,42.22,9,19.74
5016,2681,49622,65.96,15,32739,59.94,10,9.82
5017,6849,318,0.0,0,0,0.0,0,82.07
5201,13484,38675,56.82,18,21982,40.27,9,10.12
5202,44180,89094,52.83,12,47087,48.6,7,18.26
5203,31883,77343,42.46,16,32854,33.11,5,18.85
5204,1370,6271,18.87,1,1184,18.87,1,20.57
5205,1723,14200,75.7,2,10751,72.67,1,7.39
5206,4301,201093,85.13,34,171225,80.86,19,2.95
5207,2906,15834,38.6,8,6114,14.82,2,12.0
5209,4312,30528,52.37,4,15990,50.45,3,18.35
5210,40107,82178,48.84,20,40151,39.84,8,11.94
5211,7541,32025,47.96,12,15361,40.88,7,23.58
5212,9954,34633,78.4,15,27155,66.94,9,6.13
5213,21091,762149,87.07,84,663779,85.03,57,4.25
5215,5368,64338,53.37,22,34346,42.71,11,15.99
5216,401,17847,82.4,11,14710,57.64,4,2.85
5220,7756,39667,44.71,20,17740,19.67,5,16.95
5221,346,5567,11.31,1,630,0.0,0,15.72
5222,33607,100114,32.94,27,32996,24.33,12,25.36
5223,2727,44550,62.23,12,27733,54.19,7,13.19
5225,8359,79136,44.41,11,35165,37.93,3,20.45
5226,400,23300,52.74,11,12293,31.51,3,4.34
5227,58804,96000,27.03,22,25969,18.05,7,27.49
5228,3460,38056,55.35,13,21070,44.94,6,15.64
5229,129,56189,96.51,13,54237,89.3,6,0.42
5230,29522,56304,27.04,18,15235,12.09,5,29.94
5233,2998,277249,85.35,23,236705,82.42,10,2.36
5234,12335,102716,64.78,19,66549,58.52,8,10.95
5236,6882,60004,62.46,6,37489,60.89,4,15.79
5238,691,67296,83.48,15,56187,78.62,9,2.2
5239,601,24700,30.08,8,7434,16.98,3,5.26
5240,519,26582,55.6,17,14782,30.32,5,2.71
5242,1114,124895,72.33,45,90368,58.63,18,1.89
5243,30192,168529,55.92,28,94282,49.09,10,20.66
5244,9466,68242,48.24,33,32933,28.61,11,18.13
5245,3934,46101,57.41,19,26478,36.99,6,16.54
5246,8494,44974,33.46,12,15055,21.0,3,26.5
5247,509,75000,75.95,12,56970,68.74,5,1.44
5248,1883,24500,59.24,5,14516,56.84,4,15.21
5250,209,39107,97.08,1,37967,97.08,1,1.0
5251,35153,33733,33.49,4,11305,29.21,2,39.03
5253,224,40943,81.05,20,33194,58.2,5,0.96
5254,665,22607,75.42,8,17054,70.07,6,4.96
5256,1875,71602,69.01,24,49433,61.23,15,4.57
5257,809,132750,79.64,27,105735,73.71,13,1.25
5258,25620,110365,51.16,37,56490,39.38,16,16.53
5259,2361,43563,82.07,8,35762,74.45,3,5.68
5262,8056,52699,55.98,25,29513,31.97,5,6.59
5263,26917,78937,54.89,34,43338,41.28,15,12.28
5265,123,1207,0.0,0,0,0.0,0,22.11
5267,1337,25300,62.14,13,15723,46.59,5,8.51
5269,32342,74156,60.88,14,45159,54.74,6,21.26
5271,6626,42526,27.29,10,11612,16.66,2,27.12
5272,45733,55276,23.92,15,13232,10.26,3,36.15
5274,35456,41583,34.55,14,14373,21.69,4,11.06
5275,144,10264,30.86,6,3169,0.0,0,2.11
5276,932,39500,88.33,6,34896,85.29,4,4.14
5278,4225,300000,82.96,70,248962,77.9,45,2.59
5282,278,25006,85.81,10,21463,59.25,1,0.6
5283,27723,101617,62.07,26,63093,54.45,16,18.47
5284,9636,55143,55.95,14,30861,48.49,7,17.3
5285,11991,102041,64.27,35,65597,53.4,19,18.2
5286,910,14745,79.97,6,11795,69.95,4,4.81
5287,10045,60310,57.63,22,34774,45.55,10,21.95
5288,2868,69885,69.35,16,48475,59.09,4,6.73
5289,83922,98335,29.8,26,29318,18.65,8,33.19
5291,5193,41891,44.81,23,18783,18.68,4,20.09
5292,6959,46319,58.45,19,27084,44.5,9,14.36
5294,60,82,0.0,0,0,0.0,0,86.86
5295,157,29140,85.65,15,24968,70.39,8,0.75
5296,467,21501,36.07,7,7760,27.36,4,5.15
5297,8871,37652,18.59,9,7005,10.25,3,36.18
5299,16783,51224,52.14,11,26719,44.69,5,26.25
5301O,3930,65890,80.3,10,52921,75.67,5,4.82
5302,12844,159888,50.77,20,81202,45.87,7,17.1
5304,32301,326962,88.1,23,288111,86.33,13,6.18
5306,11949,126001,69.91,23,88106,64.41,11,12.01
5307,35102,423052,41.19,93,174344,32.2,31,16.02
5309,70916,232019,36.02,39,83639,28.55,13,33.38
5310,7111,28944,57.09,15,16529,36.18,5,6.39
5312,5813,60060,55.76,17,33501,50.64,13,13.55
5314,97024,1205960,40.29,145,486015,36.05,55,16.97
5315,51035,106352,31.01,28,32994,21.21,11,22.39
5321,7556,59543,61.6,22,36693,46.4,8,9.85
5324,20852,226379,81.41,46,184327,75.32,24,4.63
5325,20364,55396,33.51,8,18575,27.57,3,38.09
5328,75691,172711,41.77,22,72174,37.22,8,39.53
5336,2955,2217,0.0,0,0,0.0,0,68.84
5340,28875,194894,58.92,30,114867,52.1,7,22.84
5344,6726,79447,75.59,7,60065,73.54,4,10.78
5345,6281,37795,78.88,2,29814,78.88,2,7.06
5346,263369,1366161,37.79,304,516574,28.44,93,20.12
5347,112023,1878502,85.18,250,1600260,81.63,144,7.65
5348,1808,14776,53.12,5,7851,40.79,2,9.48
5351,116270,329021,36.45,70,119990,28.75,29,31.36
5353,6344,75765,54.87,29,41585,37.82,10,13.16
5355,29810,166123,70.88,44,117791,63.92,26,6.92
5356,53278,103040,43.99,23,45351,39.53,16,22.26
5364,7270,63850,70.36,14,44929,61.31,3,5.77
5372,5384,48614,23.72,13,11537,12.56,4,24.38
5376,3801,33700,33.74,8,11373,28.33,4,17.23
5381,27828,207691,55.92,32,116185,48.86,10,18.11
5385,8304,11156,23.89,2,2667,18.19,1,43.86
5386,30314,54121,36.71,8,19873,32.37,4,35.73
5387,141592,45000,91.33,2,41102,90.19,1,7.18
5388,38138,304343,43.92,92,133734,34.69,45,23.58
5392,65832,176562,35.77,20,63181,31.58,8,32.73
5395,2238,1759,0.0,0,0,0.0,0,41.06
5398,41797,49465,58.4,19,28903,44.19,9,7.86
5403,9470,78121,47.08,34,36789,31.21,13,19.17
5410,56865,93599,33.62,19,31492,26.53,9,28.18
5414,5070,68584,59.72,20,40970,48.11,7,10.25
5425,105480,263485,36.3,46,95730,29.59,20,40.33
5426,35167,143800,56.2,23,80840,53.53,17,20.98
5432,5472,20688,54.1,4,11196,51.4,3,27.58
5434,32173,194008,55.37,76,107450,39.14,26,14.32
5438,37815,112537,75.18,11,84621,73.12,7,9.93
5439,35942,92977,35.26,27,32800,23.34,11,31.78
5442,4827,64800,20.66,12,13391,14.62,5,16.16
5443,66655,164747,38.33,20,63164,32.69,5,36.15
5450,11591,122403,80.95,10,99103,79.37,7,5.36
5452,68851,148764,42.92,22,63868,38.7,10,29.04
5455,3413,65502,93.99,25,61570,89.0,20,1.55
5457,17376,196237,51.56,34,101214,44.77,12,17.79
5460,31475,58778,57.07,29,33556,38.44,12,15.26
5464,4566,77176,72.12,30,55675,58.56,14,7.54
5465,7928,147683,72.35,17,106868,68.79,8,10.96
5467,1832,85548,86.4,11,73931,82.8,6,2.83
5468,5951,58923,65.44,12,38576,58.87,7,13.76
5469,36243,486166,72.97,74,354873,68.53,40,11.91
5471,68357,167877,26.68,35,44821,18.27,13,38.88
5473,2481,3030,0.0,0,0,0.0,0,78.09
5474,7759,39757,56.66,8,22534,48.5,4,26.17
5475,62528,127127,23.12,18,29421,19.08,8,47.71
5478,41297,156074,79.21,29,123681,72.95,16,9.67
5481,41990,71403,64.73,21,46230,56.34,12,7.67
5483,149315,641222,60.21,164,386263,52.84,87,21.75
5484,33811,66801,37.95,11,25363,33.96,7,37.35
5487,7089,24223,71.4,15,17298,47.96,7,7.18
5488,41107,91586,46.75,31,42826,34.18,13,16.45
5489,3117,102706,85.4,14,87721,82.62,8,4.04
5490,69650,96152,33.97,24,32681,25.62,10,23.74
5492,1370,71408,98.67,1,70463,98.67,1,1.02
5493,5499,43689,44.72,18,19548,25.01,4,19.02
5497,4829,65286,26.29,14,17179,15.67,4,16.88
5498,69203,193549,35.2,26,68194,29.94,10,37.45
5501,6086,21200,28.1,4,5959,24.3,3,20.12
5505,5916,138832,65.51,47,90976,50.8,15,7.0
5506,7573,152545,66.77,34,101889,58.45,12,6.12
5508,18186,217428,68.8,18,149658,65.86,8,14.35
5511,5992,136000,68.68,42,93422,60.11,22,7.38
5512,77967,766312,61.63,157,472397,55.0,74,8.92
5514,10295,236118,92.32,50,218018,87.6,32,1.18
5515,11364,201600,71.59,57,144373,63.05,28,7.59
5516,1762,51545,70.81,15,36515,60.51,7,4.5
5519,18215,230157,56.95,42,131109,51.16,20,14.88
5520,1220,59975,83.79,23,50264,73.58,12,2.26
5521,62737,492280,59.86,104,294766,52.84,47,9.76
5522,18123,781596,88.35,58,690682,86.07,29,4.32
5523,2545,155001,92.58,31,143538,89.32,23,1.38
5524,3909,58667,30.78,22,18074,11.6,4,16.07
5525,4802,318105,88.42,69,281304,84.13,49,2.1
5529,11329,105769,73.7,20,77972,68.13,10,4.41
5530,11647,420084,83.13,51,349252,79.46,25,4.39
5531,14860,977589,85.52,86,836193,82.9,43,3.16
5532,820,17804,31.03,8,5527,5.88,1,4.85
5533,5532,285245,80.83,77,230605,71.28,33,3.37
5534,23066,315326,68.05,84,214688,58.68,40,11.88
5536,36446,124081,55.84,60,69309,35.58,19,14.07
5538,1295,201203,93.74,21,188634,92.45,17,0.96
5541,86,26427,82.05,10,21689,76.05,7,0.26
5543,1052,46704,73.39,29,34284,50.37,11,2.55
5546,1317,82353,83.97,18,69167,76.12,8,2.45
5547,1410,51000,67.47,15,34426,58.82,8,4.3
5548,2397,63723,65.01,17,41439,58.19,11,5.73
5601,873,64800,79.68,44,51650,47.23,11,1.17
5603,30044,104877,53.92,21,56576,49.74,13,18.91
5604,10885,108783,67.18,46,73097,52.85,21,6.91
5607,16975,370553,76.85,61,284830,69.95,21,6.05
5608,90689,389276,30.44,53,118584,25.18,20,30.33
5609,37766,142884,53.27,48,76136,46.32,31,22.98
5701,51550,143000,54.08,20,77367,49.14,8,16.24
5702,1936,5282,0.0,0,0,0.0,0,45.98
5703,1938,70240,88.29,25,62024,83.83,19,3.36
5704,3362,58862,83.99,23,49447,79.45,19,6.91
5706,28229,83768,38.19,12,32008,34.27,6,31.47
5810,48596,916440,72.92,99,668420,69.03,39,7.69
5859,3561,1450278,96.84,48,1404860,96.13,31,0.5
5863,27154,326606,81.71,45,266933,77.7,25,5.07
5864,15089,504490,68.61,120,346277,60.86,55,5.26
5871,116950,1745650,69.56,366,1214678,63.98,209,10.48
5871A,8061,150000,69.33,48,104032,59.66,25,5.04
5876,49657,4910219,88.8,815,4361219,83.35,375,1.16
5878,1779,25024,72.38,13,18115,54.26,6,11.61
5880,409011,16072960,75.32,1827,12109642,71.39,745,4.37
5901,5001,22907,77.87,2,17837,77.87,2,8.64
5902,2576,94500,85.23,16,80556,81.35,10,3.56
5903,17211,223220,91.42,26,204109,88.19,16,5.34
5904,99774,1064438,78.84,175,839401,75.09,107,11.44
5905,45756,281623,45.97,39,129533,40.55,15,16.34
5906,958,35741,86.25,9,30830,82.46,7,1.81
5907,5468,195531,69.0,28,134973,63.56,12,6.54
6005,118572,2455297,70.27,319,1725801,66.6,169,7.16
6015,72922,416968,50.45,85,210446,43.99,39,11.64
6016,78959,772420,51.28,149,396312,44.8,65,9.65
6020,1899,252353,96.91,10,244590,96.26,8,0.81
6021,4059,312006,91.05,45,284150,87.24,26,1.52
6023,18359,447973,84.09,29,376798,81.41,10,4.8
6024,17249,266683,69.37,29,185035,65.15,10,10.02
6026,43615,396162,51.62,97,204574,41.84,38,10.37
6027,828,155720,95.65,10,148966,93.72,6,0.44
6028,1551,25000,62.32,11,15583,50.64,5,7.98
6035,2283,71468,93.89,20,67109,83.85,9,2.2
6101,3310,116602,88.27,40,102951,78.59,25,3.9
6103,3182,13605,90.69,5,12339,83.83,3,5.59
6104,56105,91129,19.31,17,17618,10.97,5,42.74
6107,5291,87438,40.96,17,35831,34.7,8,13.78
6108,51139,154494,56.26,41,86962,48.44,22,12.95
6109,34218,87825,49.84,32,43790,36.61,15,11.93
6110,2627,29335,18.44,7,5412,7.19,2,14.22
6111,45685,108514,45.69,24,49602,41.63,17,23.91
6112,33751,188357,59.04,14,111244,56.23,6,20.35
6113,8179,52549,53.34,8,28037,52.17,7,20.71
6114,5404,43912,72.79,8,31970,65.48,3,9.18
6115,14270,187662,60.2,29,113016,56.04,17,16.79
6116,362264,2858655,43.82,197,1253333,41.21,77,25.25
6117,13966,93416,55.14,15,51532,49.97,8,24.3
6118,8960,90890,56.66,16,51511,51.7,9,19.14
6120,61828,599000,59.46,78,356316,55.15,35,13.51
6121,19935,184971,66.53,82,123109,48.5,29,11.35
6122,34450,78092,37.95,24,29659,27.1,11,23.55
6123,10355,62089,43.88,21,27260,33.34,9,20.85
6124,8911,182480,93.76,18,171141,92.35,14,4.31
6125,91300,259011,35.19,31,91209,30.71,14,35.54
6126,70230,130622,37.19,22,48597,32.42,13,30.97
6127,72726,108080,25.26,19,27321,19.74,10,46.06
6128,7495,127589,60.54,28,77275,54.75,16,11.39
6129,33216,160574,16.54,12,26578,13.59,5,37.71
6130,29476,49300,66.05,18,32571,48.98,6,7.24
6131,5934,34793,41.19,9,14337,29.63,3,17.01
6132,4749,63781,35.5,25,22649,15.68,5,15.89
6133,22076,117006,51.89,24,60743,47.32,15,22.46
6134,17692,81882,54.77,17,44860,48.49,8,18.38
6135,7550,76189,38.5,12,29338,34.32,6,13.32
6136,44896,115536,47.12,33,54471,34.75,11,18.88
6137,11232,101358,38.83,29,39376,26.71,9,15.26
6138,31068,75634,45.97,22,34782,33.96,8,23.71
6139,59226,235576,62.56,67,147408,52.03,28,17.98
6140,9806,54898,45.05,16,24740,34.47,7,26.59
6141,18771,113354,49.44,37,56062,39.28,20,20.64
6142,44807,330779,59.06,54,195423,51.55,14,10.31
6143,55525,86059,25.6,15,22046,17.65,4,43.0
6144,1455,38274,89.54,3,34272,89.54,3,5.16
6146,20960,101867,55.18,30,56231,41.95,9,15.18
6147,155529,744578,65.25,151,485997,60.61,91,21.05
6148,28118,46604,36.11,8,16834,33.68,6,34.71
6149,3069,31880,39.03,7,12445,35.09,5,15.81
6150,39679,48346,16.17,7,7826,12.01,3,42.88
6151,19115,55257,35.65,19,19709,20.53,6,22.52
6152,40382,167738,25.44,32,42710,17.9,12,24.8
6153,80374,636178,47.0,97,299235,41.61,39,17.59
6154,10606,80080,63.37,21,50763,54.44,10,16.03
6155,15524,88024,54.62,23,48094,48.59,14,27.13
6156,37968,107875,39.54,23,42686,31.68,9,21.98
6158,36272,55029,42.09,16,23174,32.86,9,21.53
6160,50563,68489,38.75,16,26550,29.99,7,25.22
6161,23029,56237,40.93,6,23027,35.28,1,24.33
6162,3798,79759,52.02,24,41505,43.92,13,10.11
6163,46456,148839,44.0,36,65502,34.81,15,24.49
6164,46324,80000,23.32,18,18670,14.87,6,31.03
6165,41231,77753,52.19,29,40593,37.8,12,12.4
6166,14652,218149,74.29,55,162088,66.71,30,8.53
6167,24651,146000,44.37,35,64804,37.36,18,18.16
6168,31750,205762,58.27,29,119950,55.5,19,21.45
6169,40793,23395,31.11,4,7281,26.44,2,29.8
6170,33183,97260,58.16,19,56576,55.22,14,16.94
6171,2468,100000,87.2,23,87223,78.37,10,3.25
6172,1899,30000,91.42,9,27428,85.37,7,5.51
6173,55028,171200,63.17,29,108174,56.66,13,23.7
6174,8925,50000,64.17,15,32090,56.73,8,17.07
6175,22430,150122,61.16,23,91860,56.15,10,24.98
6176,61506,348770,42.38,93,147902,33.1,42,26.87
6177,20143,471891,75.84,124,357966,67.82,65,6.27
6179,50086,181122,43.24,54,78348,30.68,20,17.55
6180,56737,175494,50.95,32,89448,46.68,20,27.32
6181,3938,45626,12.14,6,5546,7.17,2,16.56
6182,237643,639242,27.57,93,176367,22.79,45,44.45
6183,37005,150000,77.47,32,116231,71.08,17,5.64
6184,7791,162128,72.17,29,117040,67.84,18,9.06
6185,46741,149868,49.67,43,74466,37.53,15,14.78
6186,60192,226908,53.32,38,121017,48.77,20,13.5
6187,53527,98263,52.85,49,51940,30.27,13,16.81
6188,67792,278359,42.78,40,119138,36.79,13,30.54
6189,63392,263955,35.59,70,93978,25.02,30,26.97
6190,60327,197317,36.48,47,72045,27.04,16,36.22
6191,89980,529392,56.52,62,299299,51.32,21,23.04
6192,8344,96156,56.11,37,53960,45.48,20,12.92
6193,8864,177807,61.39,38,109197,56.69,25,9.87
6194,4808,48000,56.63,19,27194,37.09,6,14.4
6195,11045,50193,54.17,8,27194,52.4,6,24.82
6196,31959,220330,71.69,45,158015,66.07,25,11.35
6197,50590,126180,44.59,27,56289,35.77,8,31.75
6198,6470,171400,94.58,8,162132,93.58,5,1.43
6199,1796,61760,85.02,24,52515,79.54,18,3.37
6201,5951,89200,69.11,21,61663,61.43,11,11.96
6202,57137,230388,41.89,46,96555,34.75,20,28.5
6203,9996,82401,59.22,16,48810,52.21,6,22.39
6204,22781,23102,29.71,3,6867,25.64,2,43.68
6205,13639,82236,43.95,23,36154,39.45,16,27.88
6206,16047,143062,54.69,44,78267,45.3,21,17.91
6207,68122,93625,21.45,22,20090,11.35,6,56.2
6208,12051,94462,65.51,43,61907,52.1,23,17.12
6209,61284,182811,38.74,45,70869,31.28,25,34.3
6210,3060,35048,54.11,16,18970,36.44,7,16.69
6212,964,102000,91.84,27,93689,86.12,18,0.98
6213,69286,363617,66.48,81,241810,58.63,38,15.52
6214,46538,272243,70.05,53,190780,63.67,26,14.08
6215,56036,82790,32.27,14,26734,26.4,6,42.11
6216,32383,97420,38.82,25,37836,29.95,10,24.44
6217,85279,117210,24.18,27,28362,16.16,11,49.75
6218,26924,64262,50.82,18,32674,40.1,8,20.05
6219,5759,124967,70.15,22,87677,67.29,15,7.19
6220,34501,146463,63.38,52,92860,53.48,28,9.86
6221,32414,168612,74.36,20,125408,72.32,14,7.24
6222,1838,95689,90.07,10,86205,84.51,2,2.11
6223,83256,97981,49.83,34,48838,37.1,13,12.68
6224,41952,85645,40.7,26,34873,29.24,11,23.11
6225,6608,60000,53.25,20,31964,35.44,4,6.46
6226,53081,115535,30.85,25,35658,23.86,10,34.94
6227,7159,76112,72.26,6,55007,67.6,1,12.54
6228,1887,29000,82.46,5,23917,78.04,3,7.26
6229,30468,40361,35.23,5,14222,32.94,4,24.74
6230,7464,86343,87.81,3,75819,87.81,3,7.16
6231,25434,45652,32.9,11,15028,25.33,5,33.34
6232,36841,451136,18.79,60,84878,13.47,18,18.3
6233,61920,80972,28.6,17,23167,18.74,5,34.9
6234,30860,100386,54.76,20,54994,51.29,14,23.01
6235,61017,199906,40.51,23,81020,35.52,7,28.56
6236,913,41654,92.73,4,38631,87.98,1,1.68
6237,72448,79645,18.67,11,14882,12.7,4,43.95
6239,184818,759147,62.68,165,475911,56.97,95,21.76
6240,1024,22867,85.65,10,19592,70.93,5,3.99
6241,5956,45534,56.69,6,25818,52.92,3,12.56
6242,3101,31806,63.7,7,20265,55.47,3,13.61
6243,59552,45269,20.74,6,9393,17.67,3,48.26
6244,94681,387042,31.33,71,121341,25.0,29,30.09
6245,19119,146608,46.27,25,67861,42.07,14,20.64
6246,32784,37851,63.0,7,23851,53.99,1,12.95
6248,32380,99956,48.87,24,48865,43.58,15,16.85
6249,207,2867,14.82,1,425,0.0,0,16.21
6250,1160,18249,70.88,2,12937,67.95,1,6.92
6253,451,5879,0.0,0,0,0.0,0,15.2
6254,518,30882,49.51,13,15294,36.43,6,3.4
6256,456,1833,0.0,0,0,0.0,0,52.39
6257,112032,483912,52.93,146,256226,42.69,67,21.85
6259,9517,28056,42.64,3,11967,41.09,2,23.78
6261,54771,128498,40.33,30,51843,31.61,13,30.67
6262,1343,20451,28.67,5,5866,16.81,1,16.09
6263,10964,62501,44.07,8,27553,40.96,4,25.77
6264,4110,136355,72.21,29,98497,67.53,18,5.44
6265,37293,118172,42.11,15,49787,36.69,5,26.18
6266,45739,153872,38.84,37,59791,31.6,19,19.37
6269,82994,323831,31.38,65,101655,23.91,25,32.81
6270,33672,72146,41.11,16,29673,36.56,10,28.33
6271,64523,209058,49.27,61,103041,39.99,31,28.38
6272,5242,81764,50.65,33,41431,34.8,13,13.44
6274,122001,299497,63.77,97,191066,53.49,49,18.44
6275,36588,80345,29.64,16,23831,23.41,7,35.01
6276,29921,22043,50.89,3,11220,48.75,2,26.57
6277,9885,119471,55.88,41,66781,43.68,17,16.24
6278,43111,292398,65.34,93,191091,54.68,47,18.33
6279,19865,119016,47.4,38,56448,38.81,21,23.48
6280,172,65492,99.95,1,65460,99.95,1,0.04
6281,10282,99173,55.85,36,55404,43.58,16,19.24
6282,162152,856101,40.27,106,344874,36.44,53,31.06
6283,15169,147581,63.2,22,93297,57.38,7,13.84
6284,53501,148980,49.02,15,73071,45.49,6,28.77
6285,89930,483441,63.34,105,306305,57.06,58,20.33
6287,4209,121451,94.0,7,114178,93.08,5,2.42
6289,10246,524,0.0,0,0,0.0,0,54.73
6290,58173,169736,40.6,52,68938,30.12,24,33.82
6291,11864,42000,62.85,5,26398,62.85,5,18.01
6292,6675,46601,47.92,9,22338,39.72,3,26.05
6294,12163,26047,37.3,4,9717,33.46,2,31.06
6295,347,1887,22.34,1,422,0.0,0,20.97
6299,123,25576,98.35,1,25154,98.35,1,0.71
6402,2012,58216,64.01,24,37276,48.9,10,4.06
6403,2578,15332,41.54,1,6369,41.54,1,13.4
6404,9030,24358,67.1,5,16346,63.49,4,9.8
6405,6985,65800,50.3,22,33108,36.65,8,19.34
6406,1072,35647,58.18,5,20744,53.35,2,8.78
6407,5754,75130,37.4,18,28115,30.19,9,18.16
6409,18251,88254,66.61,38,58804,52.15,17,10.8
6411,56111,99508,34.83,33,34675,20.75,10,29.12
6412,23842,400769,77.89,47,312247,74.26,23,10.09
6414,20570,157148,62.55,60,98331,47.85,23,12.84
6415,27149,390363,79.76,159,311446,65.52,67,5.4
6416,22390,73348,50.29,19,36906,38.3,4,17.61
6417,1596,42274,68.42,20,28932,54.14,11,4.96
6418,2316,34522,58.8,11,20305,52.54,7,12.07
6419,27050,13159,39.98,4,5262,32.17,2,25.79
6423,3207,31016,41.01,13,12726,19.58,3,15.6
6425,10212,51384,42.23,14,21709,34.27,7,32.81
6426,19187,38509,49.03,10,18887,41.57,5,22.38
6428,964,17682,91.64,3,16205,89.36,2,2.94
6429,268,9253,38.13,5,3530,11.88,1,6.77
6431,17636,97399,70.81,21,68982,65.33,11,4.11
6432,35951,40152,34.71,12,13945,20.28,4,35.42
6434,8940,463602,85.18,21,394997,83.75,11,4.81
6435,10285,37461,52.76,5,19766,48.4,2,26.12
6437,401,32300,65.14,19,21048,40.87,7,3.08
6438,45375,82206,35.27,24,29017,23.13,9,33.19
6441,35090,53318,45.19,6,24100,41.86,2,23.64
6442,71624,81818,55.18,34,45154,36.67,10,23.66
6443,160417,512797,14.55,37,74725,12.15,15,48.32
6446,76709,422443,56.18,159,237441,41.6,59,11.03
6449,32293,91878,69.52,24,63891,60.87,11,14.25
6451,33630,117854,64.8,16,76383,59.68,5,22.52
6452,11637,100131,39.23,24,39307,30.51,9,23.76
6453,620,3506,0.0,0,0,0.0,0,37.95
6455,563,37095,68.48,16,25409,51.48,8,2.48
6456,31851,337940,57.74,51,195171,54.41,33,18.53
6458,2714,26789,65.25,6,17483,63.74,5,6.17
6461,8638,110325,60.6,20,66871,53.76,5,10.24
6462,46467,91251,31.51,21,28774,21.3,5,36.71
6464,2145,133933,86.36,46,115698,79.89,31,1.76
6465,3276,59074,63.43,13,37480,55.17,6,8.73
6467,6531,52409,29.23,10,15326,21.86,4,20.36
6468,162,11470,98.55,1,11305,98.55,1,1.0
6469,29591,159131,47.29,31,75290,40.88,14,24.2
6470,27279,37694,41.81,2,15763,40.01,1,31.99
6471,358,850,0.0,0,0,0.0,0,61.5
6472,30730,128022,56.36,35,72177,45.42,12,22.28
6473,9749,60000,78.03,27,46830,64.65,15,2.83
6474,1611,52526,67.25,29,35331,44.6,10,4.69
6475,928,34784,73.13,12,25443,56.66,1,4.68
6477,30807,124053,40.57,22,50350,35.94,12,30.39
6479,876,57300,86.79,9,49743,79.32,3,2.03
6481,107,27204,96.01,6,26122,91.6,4,0.8
6482,2039,28634,67.6,8,19358,65.78,7,11.04
6483,17171,66808,42.95,33,28711,18.76,7,5.76
6485,40669,47366,29.59,14,14020,19.44,5,31.82
6486,30400,50893,43.21,5,21993,40.55,3,27.96
6488,109149,528114,79.74,92,421223,74.14,46,8.84
6489,278,28470,62.98,18,17933,36.92,7,1.79
6490,425,38754,70.62,10,27375,64.16,6,2.75
6491,8677,78000,65.13,25,50812,52.27,9,10.4
6492,47202,114904,39.9,29,45855,33.06,16,20.14
6493,1050,30050,80.37,9,24152,80.37,9,6.16
6494,38280,31560,16.92,8,5344,5.22,1,35.2
6495,12151,172031,52.59,39,90506,43.12,13,7.56
6496,10126,47290,65.96,9,31199,62.53,7,19.44
6497,1555,189955,97.19,5,184632,96.46,2,1.68
6498,6775,47476,67.54,18,32075,54.77,8,11.55
6499,7671,96945,41.54,13,40302,36.12,4,14.68
6502,134,8719,90.96,1,7931,90.96,1,0.83
6503,77,12012,80.41,3,9660,80.41,3,1.52
6504,5104,72600,70.77,23,51396,64.58,15,12.16
6505,84472,9525960,96.24,191,9170475,95.76,112,1.4
6506,4226,82361,61.54,40,50701,43.98,16,8.31
6508,14878,86539,63.36,17,54838,61.06,14,21.46
6509,55474,197434,37.24,50,73550,29.14,24,27.01
6510,22131,32929,52.46,8,17284,42.49,3,12.93
6511,642,60000,72.03,24,43229,57.36,9,2.89
6512,6609,25260,36.01,10,9105,17.69,3,20.16
6515,63786,36484,47.35,15,17282,35.89,8,15.34
6516,3679,56337,53.4,15,30094,43.18,5,11.08
6517,22212,30579,19.71,4,6030,17.96,3,41.99
6518,513,33333,84.51,12,28174,74.1,7,2.31
6523,6135,45048,63.08,8,28418,61.69,7,20.75
6525,13247,129047,67.6,24,87263,59.72,8,13.95
6526,17366,167506,81.41,23,136408,77.22,11,7.02
6527,2113,25459,45.71,7,11641,34.52,2,9.33
6529,399,12699,71.81,7,9121,41.45,1,5.3
6530,36901,33750,13.1,4,4425,8.93,2,50.62
6531,45419,163191,64.5,63,105307,52.09,29,11.85
6532,29442,37445,40.74,20,15266,18.46,4,26.81
6533,31945,50651,30.72,13,15573,20.21,5,35.83
6534,1910,102800,84.33,33,86712,76.75,20,2.9
6535,10855,167841,64.14,36,107689,56.05,14,9.66
6536,1104,12305,58.26,2,7170,53.2,1,6.12
6538,37399,39628,54.84,25,21739,24.87,5,14.97
6539,1008,24349,85.23,10,20757,75.51,6,3.83
6540,131,220435,99.05,3,218375,98.57,1,0.11
6541,12011,265216,70.52,41,187111,65.81,19,7.19
6542,884,42001,84.72,14,35596,77.61,10,2.65
6543,12298,61855,66.4,28,41077,49.8,11,1.94
6545,1238,22080,44.15,7,9751,37.79,5,13.39
6546,12464,66848,41.18,14,27540,29.91,1,26.43
6547,49645,346604,36.5,74,126597,28.4,27,17.21
6548,29511,950465,87.64,95,833089,84.95,55,5.58
6549,25437,80122,31.46,28,25218,16.14,6,11.09
6550,24938,464846,74.31,43,345541,71.3,18,8.49
6551,1188,71785,83.69,11,60095,79.32,6,3.11
6552,7604,83000,58.37,7,48457,55.76,3,18.46
6555,4495,119230,69.54,17,82944,64.58,7,8.64
6556,1406,28750,77.5,12,22289,63.72,6,7.65
6558,46748,93789,42.11,11,39513,38.61,6,31.17
6559,1876,23189,52.92,11,12276,31.62,3,16.93
6560,3340,33475,42.26,7,14151,34.31,3,17.72
6561,7224,77958,72.74,12,56716,69.96,8,8.96
6562,11455,118190,52.76,10,62365,50.33,6,15.65
6563,1173,29743,31.44,11,9355,10.33,1,7.99
6564,3658,72134,65.07,11,46965,60.98,7,10.82
6565,1184,27144,39.84,9,10817,28.73,5,8.86
6566,663,32152,84.51,6,27176,79.36,3,3.43
6567,630,102850,88.54,30,91083,80.22,15,1.26
6568,24722,30796,42.09,8,12965,29.94,1,22.83
6569,4137,42821,68.09,9,29160,60.79,3,12.77
6570,8020,37119,43.56,14,16172,29.85,5,23.03
6572,4285,103650,68.83,15,71354,65.0,9,9.78
6573,5822,80499,64.21,15,51705,59.22,8,15.93
6574,2900,21990,77.32,7,17005,75.44,6,8.92
6575,6887,135270,54.4,18,73629,51.06,10,8.89
6576,30164,157579,67.76,37,106802,60.79,20,6.52
6577,3723,60060,74.66,8,44853,68.34,2,10.35
6578,18689,71942,64.55,20,46449,58.85,12,9.67
6579,7662,169451,84.75,17,143632,82.47,10,6.49
6580,3871,112120,57.73,42,64748,44.48,20,8.09
6581,2291,111271,90.06,18,100238,86.88,11,2.85
6582,9160,106174,74.26,12,78861,71.21,8,11.41
6583,310,15947,82.44,9,13150,53.46,2,2.74
6584,14729,71380,74.16,26,52947,62.69,11,13.31
6585,4432,72642,75.85,9,55112,72.28,5,9.76
6586,29207,214010,62.27,35,133302,56.1,13,8.04
6588,41661,34701,23.8,6,8264,18.13,3,35.74
6589,22457,302068,58.3,61,176130,50.42,24,13.81
6590,2310,24952,56.84,13,14188,28.77,3,13.34
6591,44583,41122,25.19,8,10367,20.08,4,31.29
6592,25369,641845,79.69,63,511612,75.34,21,6.87
6592A,3562,50000,85.41,15,42707,75.84,6,6.69
6592B,5079,50000,81.33,17,40676,67.19,8,6.89
6593,34825,31857,46.01,14,14663,29.86,6,30.03
6595,8936,49858,80.37,25,40080,57.1,6,1.32
6596,17151,38000,26.56,6,10097,22.73,3,40.07
6597,928,30042,81.29,7,24427,72.45,3,4.62
6598,36986,102819,52.48,38,53987,37.26,12,10.94
6599,300,21000,76.44,4,16057,71.03,2,2.01
6601,361,44695,86.87,5,38836,84.46,3,1.53
6602,404,1236,0.0,0,0,0.0,0,64.82
6603,24701,167443,54.7,66,91633,38.42,21,13.61
6604,1124,43731,82.61,9,36130,78.07,5,4.5
6605,15591,165816,67.22,41,111504,58.49,19,11.75
6606,9538,110304,70.67,41,77964,61.09,25,6.45
6607,68,9346,81.0,5,7571,76.22,4,1.21
6608,313,60000,96.78,8,58073,93.72,6,0.98
6609,9389,72456,58.9,8,42687,55.82,4,20.52
6610,4040,223579,82.6,11,184754,80.66,4,3.9
6611,459,1467,91.68,1,1345,91.68,1,8.3
6612,2777,52332,65.69,21,34390,48.6,8,8.16
6613,10708,77801,59.45,7,46257,55.52,1,17.51
6614,3977,80661,74.2,6,59858,73.62,5,9.5
6615,5220,21593,51.51,12,11128,35.88,5,22.64
6616,1548,35428,62.17,10,22034,53.92,6,7.64
6617,7121,127506,67.62,27,86246,59.79,11,9.53
6618,34064,104816,28.45,35,29832,15.35,10,14.13
6620,20515,165982,62.1,51,103099,49.99,18,9.06
6621,32174,35501,36.95,10,13128,23.52,3,17.29
6622,915,35301,65.49,14,23127,53.38,8,4.28
6624,851,22840,74.36,8,16988,58.86,3,4.74
6625,10486,57972,49.63,15,28782,44.07,10,22.08
6626,424,8936,77.35,4,6913,59.56,1,5.62
6627,267,28352,77.55,16,21990,65.81,10,1.55
6629,941,38380,84.24,10,32336,80.01,7,3.18
6633,1367,11129,95.66,1,10646,95.66,1,3.98
6634,2230,71289,66.14,25,47165,51.22,9,6.23
6637,3331,26810,59.25,9,15889,53.8,7,19.76
6638,1127,30000,70.5,7,21156,56.74,1,6.71
6639,935,57645,69.71,18,40194,58.61,8,3.54
6640,13683,28912,66.96,4,19364,63.77,2,17.04
6641,1990,36500,60.25,16,21996,49.83,9,9.58
6642,3162,37400,57.91,11,21664,46.24,5,13.03
6643,22917,42620,37.13,7,15831,33.27,4,36.39
6645,6599,60864,43.84,24,26691,26.16,7,10.95
6648,9190,55000,68.03,21,37423,54.02,9,5.96
6649,18383,42000,53.56,19,22503,35.26,6,7.48
6650,485,31090,80.17,17,24928,61.87,8,2.3
6651,3447,34602,50.18,17,17367,32.41,5,12.86
6652,1689,137000,79.07,38,108355,69.5,16,2.81
6653,281,6000,95.45,1,5727,95.45,1,1.16
6654,3389,40963,79.25,12,32470,71.17,6,3.58
6655,981,80572,86.14,24,69423,76.46,12,1.16
6656,66,12228,90.33,4,11047,82.4,3,0.71
6657,15777,88808,35.43,27,31487,21.76,7,15.91
6658,10864,38370,46.28,13,17767,35.05,6,19.38
6659,1119,85883,80.87,23,69471,70.77,9,2.46
6660,87,42627,92.35,13,39378,81.53,7,0.24
6661,1285,23304,66.1,6,15407,61.91,4,9.23
6662,4662,25612,47.67,10,12212,40.18,7,7.98
6664,16967,61152,55.06,24,33683,36.54,11,23.95
6665,1824,45350,65.83,8,29858,59.37,4,8.31
6666,2171,47388,78.82,9,37357,77.96,8,7.01
6667,13518,53479,49.5,11,26480,44.14,6,26.25
6668,14615,107116,54.69,14,58597,51.37,8,21.12
6669,192710,211423,61.16,48,129355,53.08,21,15.21
6670,6032,139387,78.64,65,109636,65.65,36,4.98
6671,1378,60750,75.17,36,45682,56.6,17,4.41
6672,51208,82312,41.93,28,34522,28.89,13,32.61
6673,3075,26660,30.57,4,8156,25.42,2,27.92
6674,1888,68222,83.53,10,56996,78.37,5,5.64
6676,4336,169685,61.57,43,104512,55.08,25,5.92
6677,1917,56039,63.97,13,35856,57.04,6,7.16
6679,7140,54975,53.82,18,29596,43.82,9,15.43
6680,924,25071,71.58,10,17953,63.65,7,4.2
6682,11152,152106,53.04,25,80707,47.68,12,13.67
6683,32771,27553,20.5,5,5652,11.24,1,31.0
6684,23719,44559,36.84,6,16421,31.51,2,33.68
6688,197,19000,73.88,12,14039,49.8,5,1.74
6689,10159,68000,48.36,25,32902,33.92,10,24.99
6690,5677,30000,59.71,3,17914,59.71,3,21.22
6691,17847,133547,69.78,47,93211,58.09,23,9.75
6692,2101,58844,71.77,16,42244,61.93,6,5.32
6693,8009,45720,41.61,12,19035,31.39,4,21.04
6695,22456,107018,51.23,19,54845,45.54,9,20.71
6696,31242,837140,62.89,244,526620,51.82,93,5.64
6697,2217,27323,66.8,6,18258,61.11,3,14.61
6698,35930,66390,38.33,14,25460,31.06,6,25.32
6699,762,48819,85.49,16,41744,75.24,9,1.78
6701,758,365682,97.98,3,358306,97.98,3,0.34
6702,11475,758660,79.73,98,605045,75.46,45,2.87
6703,23344,36257,51.23,13,18580,38.78,6,20.81
6704,3579,105949,44.82,34,47511,32.36,10,7.82
6705,648,18005,73.6,10,13254,54.99,4,5.05
6706,49086,78549,24.8,18,19496,15.4,6,38.05
6707,1480,59003,80.07,15,47251,71.73,7,4.83
6708,2507,29009,52.06,12,15108,42.81,7,13.76
6709,1952,69380,64.25,22,44586,53.12,8,6.03
6712,28832,100489,39.86,23,40074,31.08,8,19.55
6713,885,29477,60.25,15,17768,37.76,4,7.02
6715,5813,74274,76.81,25,57065,65.37,10,6.48
6716,3267,30242,34.15,11,10329,22.18,4,14.9
6717,427,24937,75.04,13,18714,56.28,6,3.44
6719,26601,105521,48.57,13,51266,43.05,4,27.43
6720,1367,30234,57.83,20,17489,25.46,5,5.95
6721,1640,24500,50.55,9,12388,37.77,3,9.76
6722,2557,88400,76.79,17,67896,74.1,13,5.46
6723,1225,30039,58.68,12,17634,42.18,4,7.24
6724,1841,7100,62.32,2,4425,62.32,2,16.12
6725,6365,37130,64.34,10,23895,58.66,7,18.59
6727,41079,26884,24.16,11,6504,3.77,1,29.39
6728,2883,30120,63.32,9,19077,59.01,7,13.19
6729,1462,27661,47.9,11,13253,31.19,4,9.19
6730,988,36319,74.33,20,27002,60.56,12,4.25
6731,186,54554,99.44,1,54249,99.44,1,0.44
6732,9403,48913,49.4,4,24165,46.31,1,26.51
6733,7299,134316,48.72,26,65473,40.25,7,11.68
6734,2174,40623,59.52,15,24185,46.05,5,9.91
6735,5176,46182,48.58,16,22440,35.59,6,17.5
6736,850,2596,93.39,1,2424,93.39,1,3.5
6737,1366,60050,80.89,23,48584,76.46,20,4.55
6738,531,36714,67.06,24,24628,46.32,12,2.27
6739,11242,23392,57.35,9,13418,48.11,5,20.09
6741,6770,120578,69.57,37,83903,57.96,16,9.37
6742,41212,71268,35.03,20,24983,25.94,9,26.71
6743,8697,150000,65.27,30,97925,58.42,14,10.83
6744,415,15400,65.84,7,10141,52.96,3,4.42
6748,6977,71683,35.11,20,25178,26.68,10,14.76
6750,1836,44707,59.2,22,26477,40.28,8,7.86
6751,2396,22200,64.81,4,14392,56.93,1,16.02
6752,3688,37144,47.76,19,17747,21.07,4,11.68
6753,17144,117300,58.13,23,68209,50.48,10,19.13
6754,2197,66000,83.08,9,54845,81.35,7,5.17
6755,1231,39823,53.73,16,21402,40.99,7,5.74
6756,8272,69990,62.28,8,43598,58.12,2,17.11
6757,134415,459530,74.79,28,343772,72.61,12,12.66
6758,251,13471,81.83,3,11025,74.89,1,2.7
6761,12902,34956,39.02,9,13645,29.93,3,29.3
6762,903,36930,77.6,18,28664,61.86,9,3.17
6763,18028,184039,61.51,21,113225,57.3,9,18.57
6764,255,38203,98.27,2,37543,98.27,2,0.6
6767,1467,39184,59.33,10,23256,51.86,4,7.35
6768,7104,200095,81.64,34,163408,76.65,17,6.26
6770,643810,4717575,49.59,568,2340554,45.13,216,23.09
6771,1745,31180,43.68,17,13626,18.13,4,10.54
6775,4182,109500,62.66,26,68629,56.44,15,7.13
6776,7440,91581,66.7,14,61111,61.35,6,15.39
6780,236,16470,83.48,12,13753,53.41,4,1.48
6781,28673,85419,70.56,9,60278,67.7,4,16.27
6782,6248,63000,51.41,23,32407,35.38,8,9.48
6784,894,19077,51.19,9,9768,30.34,3,8.7
6785,4482,66800,60.89,19,40686,54.46,12,9.52
6786,17449,30838,9.05,5,2793,0.0,0,28.24
6787,19652,81007,24.71,24,20038,9.88,4,20.39
6788,27897,38740,21.87,8,8484,14.25,3,41.03
6789,53186,318299,72.09,23,229526,68.22,4,14.14
6790,11098,267129,78.58,24,209955,75.34,10,7.92
6791,1959,20847,74.26,9,15487,56.02,3,11.41
6792,3976,47875,53.89,7,25808,48.08,3,15.37
6793,23749,75600,39.12,27,29592,22.4,7,11.37
6794,1144,63637,78.48,22,49954,67.11,11,3.02
6796,3016,40234,47.42,13,19082,33.96,4,12.1
6797,26757,30732,48.85,12,15020,29.99,4,18.59
6798,5875,19572,73.4,10,14371,55.68,4,1.71
6799,30153,43652,33.13,10,14466,21.07,2,30.4
6803,14712,72794,56.35,5,41025,54.28,2,24.6
6804,2163,47500,64.61,23,30697,46.95,11,7.39
6805,16584,68554,64.23,28,44041,51.25,12,6.8
6806,30963,274643,60.24,14,165490,58.45,4,17.68
6807,970,54000,81.41,15,43973,73.55,8,2.55
6808,2200,77840,54.33,19,42305,44.24,6,5.89
6810,25176,49448,35.37,14,17497,21.39,3,10.13
6811,5410,41449,66.54,4,27583,61.92,1,13.94
6812,7394,30585,40.99,11,12540,26.29,3,15.9
6813,633,23388,62.5,10,14623,48.86,5,6.95
6814,734,41874,82.89,14,34717,73.55,8,3.39
6815,8305,39706,67.19,21,26688,49.84,11,6.28
6816,430,12180,70.99,3,8648,61.98,1,5.19
6817,1096,18417,54.89,1,10110,54.89,1,10.49
6818,1367,25503,66.52,6,16968,55.93,2,10.13
6819,1255,33974,55.55,13,18878,40.74,6,6.66
6820,1575,22253,71.71,5,15958,71.71,5,8.08
6821,3865,36017,51.7,14,18628,39.48,7,18.75
6823,2494,33234,58.89,6,19576,54.97,4,11.53
6825,653,39339,75.64,15,29765,66.71,9,2.69
6826,7012,85540,74.73,17,63939,66.71,8,7.79
6827,1551,79294,61.8,26,49026,48.94,10,3.98
6829,11657,59169,66.11,4,39126,63.0,1,18.27
6830,26510,54817,29.19,18,16008,16.3,6,36.32
6831,12376,67500,57.54,31,38854,36.33,8,14.35
6832,3572,26411,86.13,3,22751,82.84,1,4.07
6833,902,57977,85.79,10,49751,79.3,4,2.93
6834,10517,88471,61.99,35,54866,48.27,16,17.13
6835,2098,66172,78.76,27,52129,68.84,15,5.79
6837,1001,32824,59.15,18,19423,41.11,9,6.89
6838,6724,150977,61.73,29,93230,54.11,10,9.19
6839,892,82020,80.71,29,66219,74.4,20,1.76
6840,1999,31835,55.24,14,17594,37.26,5,9.33
6841,11952,95223,47.81,29,45541,37.27,13,22.83
6842,2214,24288,39.32,7,9555,31.72,4,14.9
6843,1217,33304,76.75,16,25565,55.9,7,6.65
6844,3358,37428,63.45,10,23752,55.96,5,7.81
6846,1462,27066,66.78,7,18078,64.19,6,8.45
6847,645,14230,55.89,8,7956,19.67,2,8.37
6848,520,14273,52.95,8,7560,29.84,2,5.29
6849,6152,41918,47.94,12,20105,37.37,5,19.08
6850,919,33089,60.74,18,20101,41.06,8,4.33
6854,6109,117679,65.06,32,76581,54.65,13,9.28
6855,1986,23250,61.33,13,14264,41.79,6,5.68
6856,939,28200,83.73,8,23618,74.37,4,4.69
6857,417,15226,94.62,1,14408,94.62,1,2.07
6858,331,27220,89.89,9,24470,82.2,5,2.23
6859,2479,41603,64.47,15,26827,55.88,9,8.53
6861,14637,41599,48.55,1,20200,48.55,1,25.59
6862,6281,50000,69.87,7,34938,68.92,6,15.74
6863,4465,74888,75.44,10,56512,72.27,6,8.43
6864,4229,37882,37.12,19,14069,12.23,3,7.29
6865,1381,15841,50.87,7,8061,36.45,3,12.36
6867,808,24500,86.5,7,21195,78.62,4,4.32
6868,488,25043,55.37,14,13874,27.27,3,2.99
6869,20392,137830,55.2,40,76122,46.04,20,20.95
6870,2406,29468,73.36,13,21620,59.7,6,5.91
6872,2916,70751,57.48,28,40682,42.8,11,8.45
6873,11541,142649,61.66,42,87987,54.02,23,12.94
6874,2882,22000,53.59,9,11794,39.58,4,18.71
6875,4836,129183,60.81,36,78592,51.56,17,7.52
6876,20242,70529,31.68,24,22357,16.73,6,7.91
6877,3145,47167,74.11,27,34968,58.78,15,7.94
6878,1102,72641,88.93,14,64609,84.69,9,2.69
6879,347,26459,89.17,8,23597,80.25,4,1.54
6881,950,15000,57.92,4,8691,49.96,2,5.42
6882,808,23199,59.33,14,13769,31.51,4,7.18
6883,689,76274,87.72,28,66908,80.38,18,1.76
6884,1313,18390,73.01,3,13428,69.21,2,8.78
6885,22474,133099,35.32,38,47032,23.31,11,13.84
6886,14385,34991,90.93,6,31823,86.31,4,1.63
6887,852,74206,91.81,20,68140,82.02,8,1.63
6890,7462,250297,92.25,18,230931,91.98,17,3.61
6891,5701,200642,76.9,30,154361,73.63,19,5.98
6892,2588,94015,56.76,41,53389,36.89,12,5.68
6894,2715,23851,60.92,11,14533,55.01,8,10.26
6895,2869,34100,61.06,9,20825,50.99,4,11.86
6898,1559,29016,59.19,10,17179,45.84,2,9.21
6899,1955,42398,80.02,19,33938,61.26,7,7.55
6901,23802,853950,82.34,45,703339,80.19,16,4.99
6902,7414,35550,67.22,15,23904,56.25,8,7.29
6903,9684,66676,68.08,16,45402,65.51,13,15.69
6904,594,18500,79.9,8,14783,64.36,2,3.1
6906,3350,33537,57.94,13,19436,47.84,7,15.62
6907,7270,62562,64.48,6,40347,62.26,3,15.03
6908,2112,37180,77.84,3,28946,76.47,2,11.16
6909,12747,67488,38.26,26,25835,20.81,8,22.69
6910,1591,30521,57.09,8,17429,49.59,4,9.71
6911,930,22000,61.88,11,13619,44.33,5,6.65
6912,2025,165000,79.59,30,131359,73.09,11,2.68
6913,4257,43849,55.12,17,24176,42.24,9,12.08
6914,4742,79471,72.9,19,57944,67.97,12,8.43
6915,1114,35300,88.44,11,31221,84.8,9,5.23
6916,2065,67500,79.03,18,53357,72.7,12,5.64
6917,2590,55272,42.72,22,23622,26.62,8,10.03
6918,2014,34571,48.97,17,16937,27.67,5,9.92
6919,67135,1560449,72.68,325,1134481,66.39,165,7.69
6920,11966,207219,63.04,39,130686,56.61,17,10.9
6921,880,32062,78.02,11,25019,75.17,9,5.09
6922,2845,27155,62.87,9,17076,56.65,6,10.67
6923,3451,90439,69.79,37,63139,55.34,17,6.3
6924,579,20624,82.21,6,16958,73.08,3,3.73
6925,3382,20000,58.02,8,11608,41.69,2,23.61
6926,686,49800,80.76,25,40223,60.92,9,2.54
6927,1306,38236,67.9,14,25970,52.74,5,6.66
6928,4292,86000,79.69,11,68544,76.07,6,9.15
6929,1530,45090,89.6,6,40404,86.91,4,4.78
6931,3365,66152,70.67,41,46760,49.74,18,7.8
6932,5234,432730,80.48,80,348350,74.48,37,2.86
6933,5612,42575,62.1,7,26441,59.8,6,13.84
6934,1557,36130,64.74,15,23395,57.46,11,6.67
6935,575,37410,82.34,13,30804,72.81,7,2.83
6936,3765,72804,76.2,20,55489,64.77,9,8.17
6937,8202,67655,63.63,25,43063,54.06,14,13.45
6938,676,12570,67.01,6,8424,54.14,3,6.28
6939,658,35384,63.07,11,22322,56.07,8,3.33
6940,9242,320513,54.17,110,173665,39.64,34,6.85
6944,17015,99694,56.1,45,55955,36.3,14,11.45
6945,5256,97785,63.51,27,62116,53.75,12,9.35
6946,1892,323800,93.88,34,304053,90.81,18,1.07
6947,5600,106126,70.34,31,74665,59.44,13,9.25
6949,8697,1311601,92.84,175,1217927,89.36,103,1.16
6950,449,172926,95.73,27,165572,89.65,10,0.35
6951,4521,52000,66.23,4,34444,63.9,2,9.36
6952,2408,68345,86.93,18,59423,80.0,13,5.24
6953,3055,30015,63.56,6,19079,56.2,3,11.64
6955,528,30381,63.36,13,19255,49.64,6,2.07
6957,2137,57011,72.03,27,41077,53.27,11,4.71
6958,3461,421454,94.15,28,396900,93.51,23,1.27
6958A,1310,40000,83.86,7,33545,83.86,7,5.67
6959,4017,39167,40.77,12,15977,33.17,7,15.72
6961,3750,26834,44.48,6,11940,33.34,1,17.12
6962,32511,492397,52.15,78,256870,45.82,27,14.02
6963,212,17250,87.88,3,15160,85.28,2,1.28
6965,2326,156336,92.58,19,144747,91.1,15,2.42
6967,1669,30404,65.44,16,19901,39.25,4,7.75
6968,3503,49447,59.06,18,29211,44.12,7,10.09
6969,1764,43857,53.41,15,23436,40.67,6,8.68
6971,1616,38668,73.78,16,28538,61.37,8,8.06
6972,355,22935,83.82,9,19226,63.73,1,2.41
6973,890,40803,67.83,20,27681,41.45,4,4.26
6976,5964,583127,80.54,110,469779,73.82,45,2.47
6977,1905,16794,44.77,10,7522,15.91,2,14.1
6979,441,12000,59.53,4,7145,39.6,1,4.47
6980,2329,30000,77.13,6,23145,72.36,4,9.93
6982,2749,40752,64.09,14,26126,53.65,7,12.66
6983,3278,18020,43.49,9,7840,16.01,2,16.44
6984,341,19239,56.57,14,10886,27.71,4,2.47
6986,1908,52134,50.11,21,26134,36.71,9,6.64
6987,1098,224468,90.7,34,203635,87.1,21,1.0
6988,473,47600,77.55,20,36922,64.94,11,1.69
6990,5581,64454,81.86,17,52774,75.85,12,10.4
6992,459,25699,72.88,19,18731,43.34,8,2.88
6994,6800,74162,45.26,20,33577,37.08,10,19.24
6995,3706,27000,45.64,13,12327,28.93,5,7.44
6996,2457,42090,60.26,4,25368,55.68,1,8.26
6997,751,22100,82.26,3,18181,77.74,2,4.92
6999,258,23116,77.33,16,17881,57.3,8,1.36
7402,21109,35281,34.35,9,12123,26.96,4,32.29
7415,2715,30200,61.63,19,18621,31.85,5,7.26
7418,260,27554,96.13,6,26492,85.31,1,0.44
7419,4687,40000,49.3,15,19730,39.37,9,19.96
7421,537,525,0.0,0,0,0.0,0,53.65
7422,237,23272,82.47,3,19197,78.47,1,1.49
7427,5202,54026,30.97,19,16744,19.64,8,19.28
7443,346,22000,82.47,11,18147,73.22,7,2.35
7452,109,2000,87.89,1,1758,87.89,1,4.86
7455,266,25500,82.75,8,21107,73.87,4,1.44
7507,1111,102100,78.24,31,79912,70.2,18,2.24
7516,24243,19309,36.61,7,7073,14.79,1,23.52
7530,3369,46500,53.87,13,25060,45.99,8,15.56
7547,2160,33963,73.11,10,24834,66.12,7,10.65
7551,439,12100,56.65,5,6857,42.93,2,6.11
7555,417,33325,89.52,4,29834,88.22,3,1.61
7556,2628,29194,64.38,10,18799,54.58,5,9.24
7558,810,18621,52.32,12,9744,22.46,3,8.7
7561,734,30085,60.63,7,18244,55.15,4,3.11
7562,283,23228,76.41,10,17751,63.05,5,1.54
7566,7902,159773,66.94,50,106984,55.03,22,4.33
7575,558,30000,53.15,16,15952,32.69,7,2.94
7578,1755,60073,64.57,27,38808,44.44,8,5.73
7583,456,24595,88.29,13,21724,72.97,7,2.57
7584,971,16463,71.29,7,11739,51.83,2,8.87
7590,2506,122379,81.99,31,100357,77.3,22,4.57
7595,827,50465,72.12,27,36404,45.91,8,3.49
7607,676,36653,71.97,13,26383,62.37,6,2.27
7610,22801,58820,49.46,19,29105,37.06,7,21.27
7631,1286,20142,70.63,10,14230,52.58,4,8.55
7642,2061,30150,80.03,9,24131,78.35,8,9.82
7669,3657,22000,32.8,12,7221,4.94,1,13.18
7686,1869,50110,87.89,10,44046,86.01,8,2.58
7689,7712,58507,84.52,8,49458,81.71,5,7.16
7702,353,66000,92.72,10,61204,87.94,5,0.82
7703,4290,34745,59.17,9,20568,46.66,2,16.06
7704,1611,33770,59.62,14,20140,42.11,4,7.5
7705,13886,66067,68.85,10,45495,61.81,3,11.61
7706,239,10000,91.29,1,9129,91.29,1,3.38
7707,3284,45700,46.42,11,21220,39.79,6,10.41
7708,3029,25500,63.6,2,16219,61.96,1,12.32
7709,2665,39103,79.43,8,31065,77.39,7,9.59
7710,600,63906,97.35,4,62215,96.46,3,0.87
7711,9449,71700,61.81,13,44332,52.68,4,12.92
7712,4277,32562,54.86,16,17869,35.55,5,15.9
7713,766,45480,84.76,14,38561,78.28,9,2.36
7714,2913,21000,66.63,8,13996,47.95,2,15.64
7715,2119,32894,55.89,12,18389,39.6,4,12.2
7716,546,22500,82.6,9,18590,66.14,3,3.92
7717,9960,24832,51.01,10,12673,35.38,4,22.49
7718,1029,46356,78.15,18,36239,65.84,9,3.25
7719,16182,36000,21.87,8,7881,11.32,2,28.35
7721,3458,55370,60.74,17,33646,52.74,10,11.02
7722,20506,71652,84.98,4,60895,83.63,3,9.51
7723,4393,49620,56.43,19,28010,47.21,12,14.15
7724,298,35381,84.36,12,29854,70.95,5,1.52
7725,296,48327,84.26,10,40726,79.67,6,0.85
7726,181,20304,87.24,6,17717,80.37,4,1.22
7728,3526,13854,57.12,4,7916,45.73,2,15.64
7729,17550,80682,57.71,31,46575,44.3,15,8.68
7730,1182,36797,69.61,17,25620,60.66,11,5.08
7731,8974,521981,71.89,90,375392,67.38,52,4.51
7732,878,64680,88.81,20,57455,82.88,14,1.91
7734,13828,28000,71.73,11,20089,67.31,9,10.4
7735,2768,43331,92.93,8,40276,87.5,5,2.73
7736,1566,76000,84.82,23,64483,76.73,13,3.5
7737,371,29759,77.82,14,23165,56.78,5,1.79
7738,1651,27356,57.7,17,15791,32.17,6,6.97
7740,2862,60000,64.74,23,38857,53.43,12,7.52
7742,7211,66561,68.98,5,45921,65.0,1,15.62
7743,913,36483,74.67,23,27251,57.39,13,4.16
7744,2380,32077,75.49,14,24220,61.81,8,6.58
7745,544,17950,71.13,7,12770,56.71,3,7.42
7747,948,30169,79.95,6,24125,75.63,4,2.42
7748,209,14500,68.37,8,9916,50.07,4,2.45
7749,8065,46486,45.63,18,21217,28.12,5,17.05
7750,11466,71843,75.15,33,54003,61.59,16,5.53
7751,10370,26889,46.65,11,12547,36.95,6,12.66
7752,2194,200000,86.14,36,172326,81.96,21,2.23
7753,2364,25000,74.15,4,18541,65.34,1,7.72
7754,1886,101489,69.58,39,70643,56.11,15,3.57
7756,260,21283,70.79,8,15070,59.42,4,1.43
7757,2619,24100,59.29,10,14293,40.99,4,13.18
7758,380,16100,83.37,3,13424,80.08,2,2.58
7759,1118,70342,80.38,17,56554,71.78,9,3.06
7760,1475,64548,64.59,30,41710,47.84,11,3.29
7761,1431,28900,47.88,9,13842,34.25,4,10.18
7762,1427,58091,55.34,26,32155,39.54,10,3.89
7763,3000,60014,82.08,17,49269,76.51,10,6.25
7764,782,60000,81.43,26,48869,68.89,15,2.83
7765,6141,40681,59.34,3,24140,56.68,1,14.6
7767,1078,30100,71.68,16,21582,55.77,9,5.81
7768,6641,70065,64.47,21,45189,55.54,13,10.65
7769,72760,179930,66.42,42,119543,57.14,16,6.15
7770,1082,30062,74.26,14,22327,62.44,7,5.57
7771,520,20013,80.09,2,16030,75.7,1,3.1
7772,5122,26499,56.38,5,14942,52.82,3,21.29
7773,985,39911,57.67,16,23024,42.82,8,5.53
7776,1086,49102,74.41,15,36547,63.72,6,4.7
7777,17937,202606,63.69,28,129084,59.5,15,14.62
7779,368,16105,66.95,7,10783,56.73,4,2.15
7780,43145,810024,75.49,45,611641,73.53,20,10.18
7781,17661,649681,72.85,83,473376,68.89,40,6.01
7782,1106,23213,76.06,9,17659,65.8,6,7.21
7783,1182,62445,91.82,16,57341,89.53,13,2.03
7784,1518,187601,87.26,47,163748,81.98,30,2.04
7785,227,33339,85.55,13,28526,72.06,5,1.15
7786,6355,175954,82.58,32,145328,77.88,18,6.02
7788,8768,79746,67.91,33,54172,55.47,16,10.81
7789,179,21184,71.34,14,15117,42.63,4,0.9
7790,397,18585,70.29,15,13067,32.02,3,2.59
7791,4637,80000,80.08,16,64076,70.07,5,7.89
7792,3866,46662,72.17,16,33685,61.93,8,7.68
7794,1240,28000,81.49,7,22820,71.58,2,7.32
7795,17042,78828,70.01,8,55197,64.99,3,9.46
7796,2378,22963,56.75,5,13035,45.34,1,17.17
7797,692,22245,79.32,11,17649,62.68,5,4.96
7798,783,354126,94.82,64,335854,88.62,31,0.33
7799,12032,159738,79.43,39,126914,69.67,13,7.34
7801,1269,18300,69.64,5,12747,66.58,4,10.31
7803,2087,94413,79.35,31,74937,70.37,17,4.82
7805,4693,39750,73.11,11,29069,68.01,7,10.13
7806,373,29253,77.27,16,22607,58.4,7,1.79
7808,1092,70000,77.96,3,54580,76.94,2,3.04
7810,3157,20250,46.8,6,9480,36.34,3,17.81
7811,1234,33377,73.43,7,24515,65.17,2,5.85
7812,3082,64399,58.28,20,37541,49.95,12,8.57
7813,1813,19404,42.31,8,8212,27.14,3,14.93
7814,1552,45000,77.65,9,34953,71.66,5,5.72
7815,4195,32976,61.6,8,20319,50.32,2,12.34
7816,1121,29278,79.42,6,23259,71.85,2,6.26
7818,3867,167946,90.14,12,151396,89.0,8,3.78
7819,2635,25264,59.14,2,14942,55.4,1,18.02
7820,1901,37768,76.96,12,29075,66.04,6,6.64
7821,9907,122213,78.41,22,95854,72.04,11,7.81
7822,16723,45561,68.19,9,31080,63.73,6,17.2
7823,1007,33491,72.5,15,24287,62.25,10,4.38
7824,384,31337,79.93,18,25052,67.25,12,1.63
7825,4100,25614,40.28,9,10324,24.81,3,25.66
7826,125,12000,84.38,9,10127,60.74,4,1.54
7827,2687,140046,79.22,29,110967,74.16,17,3.52
7828,14782,40532,64.79,18,26268,53.44,10,13.59
7829,1099,99388,82.76,43,82277,70.7,24,2.14
7831,71,13401,74.55,8,9993,56.06,4,0.1
7832,2242,580000,92.78,101,538279,87.63,58,0.96
7833,573,43011,73.57,20,31656,57.17,9,2.25
7834,259,16478,75.03,7,12364,61.04,3,2.94
7835,583,46544,69.44,18,32326,55.34,6,2.29
7836,588,49500,70.88,20,35095,61.33,12,1.4
7837,333,22800,74.89,4,17080,67.76,2,2.39
7839,483,15096,72.5,7,10946,55.95,3,3.86
7840,227,34000,89.52,13,30443,76.24,7,1.05
7841,357,24200,77.78,10,18826,66.58,6,2.24
7842,1601,18250,69.18,3,12629,62.3,1,11.6
7843,1076,33440,67.64,9,22626,61.47,6,5.15
7846,709,34412,83.98,8,28904,75.12,3,2.79
7847,544,29000,63.09,14,18301,43.49,5,3.39
7848,1461,33376,72.79,17,24303,51.35,4,4.81
7849,171,11892,95.78,1,11391,95.78,1,1.24
7850,1605,97659,70.45,40,68818,53.59,17,3.61
7851,559,67691,82.59,20,55920,73.9,9,1.63
7853,14138,48247,28.46,13,13735,19.13,4,32.02
7854,836,40300,89.32,16,36004,79.77,11,3.19
7855,13773,277305,76.21,17,211387,73.49,6,9.28
7856,14140,33000,61.49,15,20300,50.3,9,13.28
7857,622,53488,83.43,13,44637,75.85,7,1.83
7858,4087,22237,48.47,10,10783,30.41,2,15.38
7860,146,32000,94.64,11,30286,89.37,9,0.42
7861,4169,64600,77.21,23,49888,66.9,12,4.73
7862,601,40000,87.05,4,34822,84.22,2,1.37
7863,119,30000,98.41,5,29527,96.02,4,0.39
7865,874,25124,61.89,13,15556,35.32,4,6.71
7866,4809,43171,61.34,17,26492,45.71,7,9.57
7867,705,96000,95.11,25,91334,83.91,8,0.9
7868,1084,22240,57.39,10,12768,40.21,4,8.85
7869,454,27241,88.57,4,24129,86.19,3,0.98
7870,2426,18400,76.06,12,13999,49.15,3,1.4
7871,6756,134278,53.93,32,72442,47.48,17,9.19
7872,1197,30000,65.06,3,19522,61.32,1,6.9
7873,3137,149884,85.07,36,127540,76.0,15,2.91
7875,338,20000,96.46,1,19292,96.46,1,1.59
7876,1605,107535,82.02,27,88206,74.63,15,3.14
7877,386,38857,71.95,12,27966,57.48,2,1.61
7878,3569,56137,47.22,24,26519,27.55,5,8.61
7879,3176,40000,62.07,17,24835,49.63,10,11.4
7880,1412,26500,66.45,16,17613,34.52,5,7.97
7881,416,27000,84.07,6,22701,82.2,5,2.6
7882,2210,205282,83.48,47,171398,78.48,32,2.32
7883,2096,60976,71.28,24,43477,58.52,11,2.4
7885,459,29200,76.53,16,22352,57.39,6,3.04
7886,1575,24978,65.2,14,16291,43.06,5,8.66
7887,13932,81720,42.87,33,35036,28.9,14,19.76
7888,554,75851,80.95,40,61414,61.9,18,1.07
7889,201,20781,83.86,16,17432,45.61,4,0.93
7890,415,20800,86.06,12,17905,65.96,6,2.47
7891,188,19430,56.47,7,10974,53.58,6,1.34
7892,5962,47198,75.0,15,35406,62.98,6,8.15
7893,1361,40799,86.16,5,35157,80.01,1,4.14
7894,960,24000,54.27,8,13030,38.97,1,4.85
7895,13097,38790,73.04,6,28339,65.58,1,2.64
7896,618,27900,86.61,5,24169,80.81,2,1.95
7897,204,133617,98.36,2,131432,98.36,2,0.18
7898,3179,30039,68.98,6,20724,63.78,3,6.68
7899,8581,24292,42.22,13,10261,11.32,2,25.56
7901,2235,60000,84.19,13,50521,75.04,4,3.29
7902,1725,200605,89.32,43,179221,85.66,31,1.92
7904,97,15000,92.51,4,13877,85.92,2,0.92
7907,2186,39393,75.29,17,29668,65.45,11,2.12
7909,4744,70593,83.29,14,58809,77.56,8,4.47
7911,1893,40000,62.71,13,25087,48.27,4,7.24
7912,2219,22205,79.29,10,17611,72.28,7,5.12
7913,1214,45139,90.25,7,40746,86.34,4,2.26
7914,94,52848,94.68,4,50042,93.6,3,0.23
7915,1838,40100,85.86,19,34438,70.58,10,2.32
7917,2178,66903,80.07,16,53582,70.04,6,3.28
7918,14888,43100,78.28,5,33744,75.61,3,8.48
7919,605,12700,50.06,4,6358,42.07,2,7.34
7920,3615,593987,88.58,181,526325,79.16,93,1.49
7921,821,40807,83.95,11,34262,75.89,5,2.7
7922,514,66175,95.56,18,63241,94.08,17,0.82
7924,2208,133561,80.99,46,108204,74.05,31,2.42
7925,368,65600,89.59,40,58780,72.24,23,1.21
7926,1542,15002,69.66,3,10452,59.45,1,6.97
7927,551,44700,70.12,29,31355,41.74,7,1.26
7928,2558,41530,72.06,18,29932,55.9,7,4.79
7929,1021,21673,76.19,10,16515,61.82,4,4.01
7930,2094,33754,67.76,12,22876,58.84,6,6.98
7931,158,24641,96.19,5,23705,84.9,1,0.42
7932,3197,50000,58.76,21,29384,40.15,5,6.08
7933,114,23563,86.62,8,20417,72.02,3,0.57
7934,2319,26029,53.94,15,14047,26.81,4,7.41
7935,207,37000,82.84,16,30655,63.62,6,0.61
7936,705,36038,67.61,3,24370,63.93,1,4.2
7939,464,19580,74.62,2,14613,71.08,1,3.4
7942,2877,31768,81.0,5,25737,77.24,3,5.91
7943,565,30651,73.48,18,22528,57.02,10,2.41
7944,236,30763,85.72,13,26372,72.44,7,1.1
7945,330,11543,71.77,5,8286,58.3,2,3.36
7947,1458,60363,81.46,19,49190,74.43,12,1.45
7949,336,60000,97.39,1,58440,97.39,1,0.78
7950,250,12900,83.67,3,10794,75.92,2,2.96
8002,250,1908,0.0,0,0,0.0,0,28.25
8009,626,4361,0.0,0,0,0.0,0,21.56
8010,385,6666,46.01,4,3068,20.25,1,9.66
8011,60646,165922,30.91,26,51326,24.29,9,29.76
8012,478,3800,93.02,1,3535,93.02,1,4.85
8014,591,8827,37.88,2,3344,37.88,2,10.86
8015,111,3000,29.54,2,886,0.0,0,12.06
8016,35749,120137,44.84,52,53896,29.26,21,20.43
8018,75,3449,21.62,1,746,0.0,0,3.98
8019,98,33891,93.81,3,31801,90.33,1,0.8
8020,109,8263,59.32,4,4902,32.36,1,2.37
8021,82377,147330,49.03,46,72262,38.26,23,30.12
8022,57,3000,70.18,1,2106,70.18,1,3.26
8024,22505,45160,29.88,12,13502,18.86,4,25.34
8026,61,97,0.0,0,0,0.0,0,73.87
8027,65138,113130,28.03,32,31738,17.01,12,38.7
8028,74295,184855,46.46,53,85915,35.89,21,29.31
8029,648,78017,75.2,24,58688,62.69,7,1.44
8031,121,4498,25.57,1,1151,25.57,1,4.73
8032,23326,51810,75.96,9,39360,74.21,7,12.86
8033,78807,164630,26.62,35,43863,17.79,13,40.44
8034,21966,56586,18.53,12,10494,8.72,3,32.27
8035,213,6705,44.2,4,2965,17.91,1,5.78
8036,532,7657,20.62,1,1580,20.62,1,10.9
8038,40027,62278,21.23,10,13234,15.02,4,35.85
8039,86296,263928,57.81,58,152634,50.72,27,22.07
8040,33176,96414,49.36,11,47613,44.68,3,23.55
8042,44685,133899,64.32,42,86151,57.38,26,23.92
8043,37220,79907,39.98,14,31949,37.54,10,46.06
8044,27389,204768,60.81,30,124561,56.07,14,14.12
8045,4261,95042,66.0,35,62753,55.75,19,8.18
8046,88839,646165,85.35,92,551589,80.6,44,5.88
8047,1258,41666,83.31,15,34719,75.49,10,3.67
8048,35232,59437,40.19,19,23906,28.16,7,22.96
8049,39252,118280,33.77,24,39973,27.21,11,29.16
8050,56630,205205,44.04,40,90420,36.19,15,26.18
8053,3692,411818,85.44,76,351942,80.37,42,1.93
8054,52283,108733,34.58,16,37622,28.49,4,34.18
8056,11791,389990,60.66,80,236652,53.99,35,5.95
8057,84,6344,67.07,3,4256,67.07,3,2.43
8058,2603,68800,67.39,27,46377,50.06,10,6.68
8059,7494,116466,71.56,10,83370,67.57,2,10.11
8060,272,6083,49.68,2,3023,34.07,1,11.29
8064,80239,184818,48.94,46,90475,40.95,22,30.88
8065,928,4500,37.58,3,1692,0.0,0,18.18
8066,38059,36642,38.07,13,13958,20.04,3,32.82
8067,6987,20700,81.35,9,16844,56.73,3,6.56
8068,8325,80766,61.87,18,49981,58.62,13,15.89
8069,107157,1155168,73.86,289,853520,65.86,143,9.81
8070,36232,725648,73.88,103,536257,69.88,58,10.61
8071,34977,60084,33.03,13,19862,22.86,3,32.61
8072,12868,80000,60.25,10,48210,57.87,7,20.74
8074,45438,86974,38.58,23,33564,29.46,9,31.09
8076,89245,292214,34.15,64,99847,25.66,24,21.71
8077,1063,21946,82.07,4,18013,76.8,2,2.97
8080,14331,67164,84.74,5,56923,82.53,2,5.77
8081,21648,86172,38.35,25,33062,23.72,4,25.01
8082,4212,106609,71.71,22,76470,62.9,8,4.36
8083,2711,35133,51.87,9,18228,44.1,4,9.44
8084,4639,69514,55.17,18,38358,45.03,5,12.22
8085,35913,139983,41.49,28,58107,30.13,3,17.17
8086,76935,196516,45.2,33,88868,38.66,11,31.74
8087,9830,38646,57.19,21,22109,40.85,10,10.07
8088,54104,60922,17.16,6,10461,14.82,4,52.9
8089,27184,65999,40.86,7,26975,37.95,3,21.86
8091,18792,57551,46.41,24,26723,31.8,10,20.57
8092,20458,57172,60.87,25,34814,41.11,7,11.05
8093,3215,56568,67.55,7,38213,64.0,4,8.23
8094,337,18527,43.02,10,7975,11.96,2,2.77
8095,123,7930,51.29,6,4068,18.1,1,3.77
8096,85259,149343,39.56,26,59099,34.19,14,32.12
8097,13323,60302,72.59,20,43786,60.1,9,7.0
8098,1621,13235,56.7,8,7506,33.04,3,12.13
8099,29213,100073,81.69,18,81759,76.62,9,5.78
8101,18401,52166,81.4,3,42468,80.45,2,7.98
8102,1146,23358,38.9,10,9089,24.43,4,7.07
8103,20567,78437,46.23,30,36278,31.04,9,24.88
8104,45011,104058,34.33,9,35746,30.38,2,31.92
8105,36474,441545,63.26,42,279422,60.23,21,14.73
8106,68,3943,60.82,3,2398,27.88,1,2.19
8107,31791,75000,53.95,20,40471,44.42,10,16.98
8109,6949,82161,53.95,35,44354,34.87,11,12.9
8110,83379,517740,48.61,39,251752,45.31,12,30.57
8111,59641,109102,36.78,27,40150,26.16,8,31.32
8112,118064,565883,35.17,83,199092,31.37,46,30.28
8112A,6964,30000,50.72,13,15223,36.01,7,17.68
8114,11795,76791,47.03,32,36128,32.36,13,19.48
8115,842,70000,86.41,25,60502,78.23,16,2.47
8119,33051,63662,46.71,26,29754,27.57,8,10.4
8121,30977,212994,60.24,37,128364,53.31,13,14.81
8122,1616,402371,93.1,13,374717,92.23,7,0.77
8127,242,5558,7.67,1,427,0.0,0,7.51
8130,297,47620,70.92,21,33778,59.07,11,0.81
8131,33171,442222,70.73,27,312827,68.35,8,14.35
8147,5206,42294,45.97,15,19448,32.52,6,15.73
8150,122014,704523,70.52,144,497025,64.1,75,17.35
8155,17353,62887,43.37,13,27285,35.58,6,29.5
8157,662,13419,78.63,2,10553,73.65,1,6.63
8162,2675,68702,74.63,27,51288,61.83,13,7.04
8163,74681,280000,45.11,45,126366,39.68,18,24.86
8171,44604,112853,61.08,27,68951,52.26,12,12.67
8172,258,1579,0.0,0,0,0.0,0,35.73
8176,35233,71701,33.34,19,23916,22.21,6,23.34
8182,10808,107041,67.6,14,72374,63.78,7,17.83
8197,637,61748,84.91,4,52437,83.38,2,2.19
8201,12228,62366,59.01,16,36819,47.64,5,16.98
8210,46429,125619,63.39,28,79659,56.11,13,22.13
8213,68523,271242,50.57,82,137214,39.96,36,17.02
8215,67892,320675,53.42,29,171333,50.72,13,20.56
8218,105,1593,0.0,0,0,0.0,0,9.2
8222,39565,68574,36.16,13,24809,31.52,7,33.21
8225,380,22380,79.65,4,17828,73.02,2,3.89
8227,28816,39543,38.18,14,15108,22.06,4,30.31
8234,16560,141226,54.25,35,76651,46.66,18,21.21
8240,38062,100004,54.11,21,54125,48.06,11,22.07
8249,35541,137824,57.48,17,79255,53.5,9,23.56
8255,25203,101979,51.18,16,52216,46.76,9,22.8
8261,74508,118878,43.88,16,52186,39.23,7,38.41
8264,496,2577,0.0,0,0,0.0,0,34.39
8271,66525,129615,40.63,24,52690,35.26,12,34.55
8272,1645,18998,38.04,6,7231,25.15,2,11.5
8276,124,2320,21.96,1,510,0.0,0,15.62
8277,12599,39500,16.48,3,6512,16.48,3,39.6
8279,2132,27101,60.23,5,16330,52.51,2,11.15
8281,415,29267,44.49,8,13025,34.88,3,2.37
8284,2289,47303,64.4,19,30474,48.12,8,6.93
8286,157,441,0.0,0,0,0.0,0,76.5
8287,11818,24267,70.24,1,17046,70.24,1,20.81
8289,30165,68334,43.4,16,29666,33.76,5,25.32
8291,1843,17478,71.89,3,12566,71.89,3,13.22
8297,174,15000,92.95,1,13943,92.95,1,1.78
8298,381,25632,81.42,3,20870,81.42,3,2.22
8299,201952,221439,39.21,64,86874,28.55,26,31.91
8325,204,1513,0.0,0,0,0.0,0,33.84
8329,3154,280578,91.01,36,255386,87.4,22,2.79
8341,18682,130000,49.01,16,63730,46.65,11,24.01
8342,1092,33537,72.33,9,24262,66.31,6,4.69
8345,811,60008,83.43,15,50079,73.22,6,2.32
8349,7618,208821,71.46,37,149244,67.46,23,6.53
8349A,1260,10000,10.25,2,1025,0.0,0,19.67
8351,1048,25000,72.54,3,18136,70.91,2,5.46
8354,14596,78532,65.58,32,51515,49.53,11,11.09
8358,166961,252588,34.64,55,87549,27.93,26,44.19
8359,6004,136500,83.34,26,113780,79.49,18,4.66
8367,3484,92172,70.65,33,65148,61.38,18,6.99
8374,13149,112585,71.03,10,79997,68.36,6,17.72
8375,114,7356,77.08,6,5671,40.34,2,1.96
8380,880,7121,19.46,2,1386,0.0,0,31.87
8382,10344,292574,66.04,81,193262,56.95,42,6.4
8383,56651,113760,52.54,29,59795,44.13,14,23.69
8390,31499,96116,45.19,20,43454,38.49,10,17.44
8401,11886,70669,63.21,22,44680,54.54,13,9.55
8403,36572,137640,38.05,21,52401,32.26,9,20.05
8404,15699,419934,78.88,67,331305,73.47,30,4.23
8409,25679,32000,48.8,9,15619,38.75,4,14.4
8410,2077,36589,56.95,11,20844,50.7,7,11.25
8411,10717,221139,82.02,33,181423,79.44,25,5.47
8415,8800,1031500,93.08,137,960286,89.39,77,1.78
8416,2083,28211,77.13,7,21762,77.13,7,9.08
8419,1376,30000,53.22,11,15972,40.55,4,14.2
8421,6701,63817,64.83,19,41386,58.77,13,12.43
8422,149081,1359643,38.18,133,519387,34.45,51,26.12
8423,6276,41714,63.66,14,26558,54.59,8,13.06
8424,3005,36054,60.57,7,21845,50.7,2,15.34
8426,2650,50242,75.0,6,37691,70.26,3,8.8
8429,45055,185747,42.29,27,78581,38.15,13,17.65
8431,44354,48778,32.6,16,15912,18.72,5,27.72
8432,3147,38398,61.6,4,23663,56.47,1,12.61
8433,3129,54506,66.8,16,36421,60.43,10,9.71
8435,22325,35200,41.14,13,14486,20.64,2,29.22
8436,46023,117729,35.08,31,41328,26.23,13,29.9
8437,32505,47014,41.85,19,19684,28.08,7,15.81
8438,2880,69943,78.77,22,55113,66.98,10,6.08
8440,55748,50255,31.76,6,15967,29.05,4,36.17
8442,1992,70170,71.69,24,50318,61.45,13,5.24
8443,46522,66800,69.65,23,46539,60.37,14,15.8
8444,1678,125105,85.93,33,107528,77.61,15,2.09
8446,7703,52914,51.31,15,27161,42.95,7,24.14
8450,10210,51310,58.33,14,29933,56.66,13,22.99
8454,37839,264975,81.54,20,216120,79.33,10,10.48
8455,712,25219,89.9,3,22675,87.77,2,4.45
8458,550,35850,73.63,25,26403,48.85,11,2.36
8462,6183,80387,65.58,20,52731,58.93,11,10.29
8463,3547,150000,82.4,29,123644,76.82,15,4.6
8464,3825,293020,87.06,91,255160,77.84,48,1.02
8465,232,8100,58.22,4,4717,41.56,2,3.39
8466,2129,79446,77.11,27,61269,67.52,13,4.85
8467,1666,48374,81.99,21,39670,73.86,14,4.45
8472,1030,17736,63.04,3,11182,55.75,1,5.36
8473,15017,188732,66.33,20,125247,63.24,11,12.29
8476,6254,167544,72.43,54,121392,62.42,26,6.87
8477,10879,84171,83.51,5,70305,81.6,3,5.12
8478,10842,93972,76.09,13,71509,75.66,12,12.96
8479,375,20055,62.09,7,12455,41.51,1,2.41
8481,2497,66602,66.51,24,44310,53.63,10,6.96
8482,1034,107444,95.14,18,102246,90.26,11,1.15
8485,61,1568,96.18,2,1508,0.0,0,2.98
8487,19455,26535,55.94,9,14847,46.05,5,11.72
8488,899,73500,86.82,18,63826,80.22,10,2.07
8489,29875,59949,56.84,14,34083,46.07,5,14.88
8490,1099,23760,45.75,12,10876,29.07,4,8.22
8491,1286,2900,0.0,0,0,0.0,0,35.33
8492,250,33300,92.97,12,30963,88.34,10,1.47
8495,855,127275,92.59,6,117860,91.06,3,1.6
8496,292,35675,87.43,12,31195,84.71,10,1.5
8499,2145,41166,79.86,12,32881,72.65,7,6.26
8707,6307,2565,0.0,0,0,0.0,0,43.83
8708,20439,194330,43.76,31,85066,36.7,11,17.03
8710,6837,115478,29.02,29,33531,18.25,11,13.04
8712,6932,807919,76.16,266,615487,63.8,113,1.25
8718,18045,96998,35.44,20,34389,28.36,10,24.01
8719,6761,656412,86.78,136,569786,79.46,63,1.98
8720,8585,89511,56.97,19,51009,47.39,5,13.29
8721,2240,3966,0.0,0,0,0.0,0,38.42
8722,5790,52605,62.76,15,33025,56.92,10,12.32
8723,23378,104515,50.72,31,53027,41.3,15,19.3
8724,8386,20229,40.7,6,8236,33.65,4,33.18
8725,12486,112120,32.37,23,36314,25.29,10,22.07
8905,21559,119440,92.62,26,110649,89.62,20,2.4
8906,2901,44037,56.54,16,24908,49.92,11,9.42
8908,15547,315333,89.05,46,280873,85.98,30,2.94
8916,41362,148612,66.14,47,98334,60.08,32,10.07
8916A,272,236,0.0,0,0,0.0,0,93.21
8917,1712,162652,82.64,69,134442,66.25,25,0.91
8921,1151,46592,85.56,24,39873,63.01,8,1.4
8923,5119,30376,82.32,10,25009,74.55,6,3.82
8924,16911,83800,38.82,22,32549,29.73,9,28.88
8925,19587,365243,41.31,123,150951,27.53,42,8.78
8926,62224,830282,57.09,129,474202,51.73,55,14.06
8927,25595,419068,83.74,112,351049,74.89,51,3.26
8928,4322,50854,49.15,13,25006,35.67,2,15.99
8929,11651,50581,45.67,10,23110,39.18,5,26.15
8930,5290,81809,68.54,34,56084,58.02,19,11.31
8931,18903,122255,81.94,16,100197,78.05,8,4.4
8932,10027,357963,79.01,77,282900,74.21,52,4.53
8933,42677,326724,52.83,43,172694,47.69,14,14.51
8934,504,7973,94.77,1,7556,94.77,1,1.41
8935,38042,113495,51.01,26,57911,41.44,10,12.19
8936,75142,248078,31.34,55,77789,23.18,22,30.13
8937,3328,441680,91.0,53,402056,88.5,35,1.44
8938,12243,156986,57.77,60,90724,45.67,31,12.79
8940,9284,67491,70.72,24,47734,62.43,16,13.77
8941,2197,34972,66.74,20,23346,44.35,8,6.09
8942,13130,198842,51.29,62,102032,41.65,30,13.37
8996,36214,93627,50.86,51,47634,28.07,17,11.94
8999,391,36000,63.91,29,23013,18.91,3,1.34
9103,21192,205532,11.4,31,23476,3.96,6,27.42
910322,7315,20765,28.94,5,6012,26.75,4,39.79
9105,113025,1571842,26.57,371,417870,16.21,101,17.85
910861,2710,33485,37.54,13,12574,23.31,5,16.46
9110,1744,54498,43.82,25,23886,21.6,6,7.66
911608,2154,34222,31.53,13,10797,13.42,3,15.05
911611,3110,88290,41.32,27,36505,28.83,11,9.24
911613,1401,11111,5.99,1,666,0.0,0,28.4
911622,1496,30000,52.52,9,15757,42.21,4,12.69
911868,6132,140000,36.58,37,51249,25.66,12,12.12
912000,6794,159294,34.76,50,55388,22.94,17,10.45
9136,4510,131645,67.55,33,88938,61.17,19,8.61
916665,366,816,0.0,0,0,0.0,0,57.85
9801,83329,395846,69.35,40,274599,66.08,20,17.07
9802,12217,200992,62.81,56,126274,54.14,28,10.89
9902,45118,98050,57.19,22,56090,51.34,12,17.38
9904,106232,2946787,67.98,466,2004069,62.72,211,7.89
9905,17088,305000,74.15,44,226208,71.92,31,8.16
9906,8167,90376,78.74,24,71182,74.97,18,9.14
9907,55359,1579145,74.59,186,1178052,70.42,78,6.61
9908,16362,516358,80.52,110,415844,74.75,64,5.49
9910,23931,987483,89.03,92,879418,86.97,58,4.06
9911,31229,222332,66.91,55,148808,61.03,34,15.58
9912,61730,53793,62.84,18,33815,54.91,12,15.23
9914,67109,298984,64.97,85,194297,54.39,40,13.32
9917,56503,451197,76.87,97,346879,70.4,52,8.73
9918,25084,180537,85.08,50,153619,77.22,25,2.35
9919,63410,195363,45.38,27,88700,42.41,18,27.67
9921,28507,392065,69.46,125,272414,59.73,66,11.04
9922,10414,215980,69.34,59,149806,59.04,25,7.15
9924,13006,150762,61.17,45,92245,52.66,25,16.32
9925,19394,387490,67.81,91,262802,61.17,48,9.63
9926,4219,179504,83.81,52,150468,73.65,23,2.42
9927,14345,120000,58.68,18,70455,52.67,7,18.69
9928,7106,70725,75.18,15,53183,67.16,6,7.49
9929,3738,101280,88.11,20,89255,83.32,11,2.49
9930,12283,248540,77.64,17,193013,76.45,11,8.21
9931,7788,120369,78.02,26,93941,73.39,17,3.54
9933,50265,944437,62.97,163,594861,57.08,72,9.33
9934,13512,411017,66.55,82,273622,59.04,32,6.9
9935,57705,177839,61.93,66,110182,50.01,33,6.98
9936,11624,104512,29.12,22,30454,20.12,7,20.07
9937,15706,309043,89.21,69,275763,82.18,33,1.95
9938,50073,297964,52.81,80,157421,44.52,40,15.59
9939,27893,295786,62.34,92,184465,52.18,47,14.14
9940,17058,736846,81.53,72,600956,77.91,23,4.47
9941,44379,587149,70.11,66,411787,66.28,29,12.39
9941A,3659,100000,82.12,23,82138,75.69,12,5.78
9942,9607,83161,51.19,23,42585,39.07,8,18.7
9943,15927,125172,71.1,13,89019,69.48,10,16.07
9944,10389,105908,79.2,44,83900,66.16,20,8.34
9945,101117,2844225,66.41,357,1889516,62.02,148,8.06
9946,13933,326554,81.9,40,267513,78.33,20,4.73
9948,73,203,0.0,0,0,0.0,0,70.38
9949,10989,44861,73.43,16,32950,58.15,5,11.38
9950,3594,167716,83.91,25,140768,81.03,16,4.5
9951,24380,73300,46.5,19,34097,39.25,10,22.39
9953,518,4382,0.0,0,0,0.0,0,18.02
9955,15158,104425,61.49,21,64231,55.34,10,19.82
9957,12806,3220414,96.03,71,3092964,95.5,42,0.97
9958,59708,266897,49.33,58,131716,42.53,26,24.12
9960,9428,33592,78.07,17,26234,56.96,6,5.21
9961,321,69099,93.39,16,64543,89.73,13,0.78
9962,28872,90220,46.72,26,42176,40.08,16,17.61
9965,68,776,0.0,0,0,0.0,0,21.58
YFU6,53,23060,88.01,10,20299,79.08,6,0.13
YHP6,82,44587,98.74,1,44027,98.74,1,0.21
YHU4,549,232690,95.39,6,221996,94.83,3,0.54
YJS2,8993,115112,78.86,19,90793,74.07,11,3.4
YMB6,3468,49794,81.48,5,40577,78.63,3,7.56
YY0005,98,445,0.0,0,0,0.0,0,50.55
YY0008,55,203,0.0,0,0,0.0,0,79.3
YY0024,72,260,0.0,0,0,0.0,0,71.15
YY0027,62354,70056,13.0,10,9123,8.24,4,66.36
YY0028,33847,247229,39.85,58,98573,30.74,24,18.21
YY0029,8295,39013,30.71,8,11986,27.59,6,23.16
YY0030,3000,62718,52.22,25,32769,38.56,10,10.35
YY0031,430,4703,0.0,0,0,0.0,0,34.82
YY0032,358,3886,0.0,0,0,0.0,0,29.75
YY0033,2494,20320,18.08,4,3677,9.84,1,25.57
YY0034,266,1732,0.0,0,0,0.0,0,44.73
YY0035,15274,236892,36.51,50,86522,28.88,21,14.63
YY0036,135,347,0.0,0,0,0.0,0,75.78
YY0037,3441,80462,85.4,21,68725,79.58,14,5.56
YY0038,268,2681,26.72,1,716,0.0,0,23.4
YY0039,12838,250819,81.42,56,204251,76.5,36,5.35
YY0040,9007,73018,44.31,13,32376,37.84,6,16.03
YY0041,13672,279722,79.99,55,223817,74.54,33,7.75
YY0042,19995,70745,14.33,10,10157,10.23,5,36.43
YY0043,9569,40110,6.34,4,2549,0.0,0,52.49
YY0044,52919,444749,19.14,48,85240,15.46,21,29.33
YY0046,37326,547178,31.81,150,174148,20.47,44,13.53
YY0047,77944,1068536,31.58,283,337581,20.67,96,13.53
YY0048,7699,98781,49.38,27,48805,40.66,14,12.0
YY0049,33686,38915,26.39,7,10281,20.73,4,43.57
YY0050,55705,236287,21.62,50,51136,10.64,10,31.16
YY0051,7658,77631,33.8,17,26252,25.51,6,14.37
YY0052,4527,202295,69.17,68,139969,57.97,32,3.0
YY0053,24671,241574,46.84,45,113227,40.99,23,22.55
YY0054,5666,106913,46.93,29,50190,38.22,14,7.85
YY0055,5303,122831,46.12,54,56669,26.08,18,7.9
YY0056,2183,19785,51.38,8,10169,35.64,3,5.11
YY0057,4849,148068,56.96,40,84371,47.76,19,6.45
YY0058,3334,57674,36.12,18,20840,23.58,7,10.94
YY0059,1059,22565,21.48,6,4849,0.0,0,8.29
YY0060,683,9827,13.47,2,1325,0.0,0,14.8
YY0061,6526,53277,22.65,16,12075,8.46,4,19.24
YY0062,18025,320733,23.67,71,75979,13.37,19,16.34
YY0063,8933,20251,2.86,1,580,0.0,0,54.43
YY0064,5241,97671,63.78,30,62311,52.94,12,6.32
YY0065,17151,219899,28.36,56,62423,17.05,13,15.19
YY0066,19875,331761,30.14,79,100063,19.43,21,13.54
YY0067,6880,153015,29.73,49,45509,18.0,18,11.84
YY0068,28656,405642,23.47,66,95285,15.62,14,17.77
YY0070,22509,322640,34.01,85,109795,20.61,18,16.02
YY0071,14699,80698,18.89,11,15254,15.25,6,30.02
YY0072,2508,27455,18.36,8,5044,0.0,0,17.3
YY0073,2179,36625,35.94,16,13168,18.68,5,8.92
YY0074,10667,104211,17.75,22,18511,7.61,5,24.65
YY0075,3104,16416,10.31,3,1695,0.0,0,28.94
YY0076,450,450,0.0,0,0,0.0,0,100.0
YY0077,298,751,0.0,0,0,0.0,0,78.55
YY0078,329,2407,0.0,0,0,0.0,0,27.4
YY0079,79,330,0.0,0,0,0.0,0,63.93
YY0080,307,894,0.0,0,0,0.0,0,62.35
