stock_no,people,lots,b4_pct,b4_people,b4_lots,b1_pct,b1_people,s10_pct
00400A,132509,1902140,17.76,205,338078,12.81,45,18.08
00401A,17893,261895,26.72,32,70042,23.59,18,19.19
00402A,42171,674627,27.25,87,183959,20.93,17,19.23
00403A,844857,14583019,21.09,1503,3079451,16.1,295,16.28
00404A,28966,435795,17.75,46,77439,13.66,15,20.8
00405A,135920,2987245,24.81,376,741370,18.94,92,12.7
00406A,182915,4968062,24.3,1121,1208489,13.24,207,9.9
00407A,119571,2472739,29.66,317,733779,23.52,68,13.65
00408A,8067,146134,32.13,31,46990,22.23,9,16.14
00409A,46395,1729948,46.01,442,796336,33.74,113,7.81
00410A,9590,156860,34.51,27,54174,28.63,12,16.7
00411A,18415,473576,38.62,77,183004,31.53,23,11.72
0050,3539949,22051000,25.91,914,5718470,24.27,271,26.5
0051,12653,25000,13.84,5,3464,0.0,0,55.02
0052,451795,2547000,20.85,162,531305,18.71,72,35.49
0053,7159,10488,50.21,3,5268,45.33,2,30.65
0055,17218,87154,38.58,16,33640,30.71,3,29.19
0056,1661306,14074034,11.41,733,1608607,9.06,158,25.78
0057,3498,1527,0.0,0,0,0.0,0,38.22
0061,5979,96116,33.27,22,31998,22.85,5,15.34
006201,5217,22946,49.24,8,11302,37.24,3,27.65
006203,3587,10218,74.49,5,7613,50.97,2,9.95
006204,1145,1500,0.0,0,0,0.0,0,46.15
006205,8804,93439,45.81,26,42817,33.18,7,17.66
006206,3078,26778,21.34,4,5719,14.92,2,24.59
006207,1603,20892,13.42,5,2806,0.0,0,16.52
006208,712360,1860540,10.18,57,189875,9.67,40,51.93
00631L,284072,6961848,31.48,1462,2193231,21.59,302,8.82
00632R,66893,2715208,44.23,861,1201389,30.05,232,4.91
00633L,3618,121458,35.83,40,43539,20.48,11,6.75
00634R,761,42756,54.52,14,23323,43.18,7,3.98
00635U,57406,311514,19.87,32,61960,16.32,15,32.98
00636,8170,93825,21.75,19,20427,14.54,6,19.84
00637L,11726,756606,57.63,275,436160,42.72,91,3.51
00638R,496,22948,53.72,8,12332,38.02,2,4.93
00639,5675,95903,25.86,20,24817,16.57,7,13.47
00640L,1258,7419,39.2,3,2910,24.35,1,23.58
00641R,1275,90258,58.78,32,53075,46.54,14,2.96
00642U,6903,54821,45.79,12,25111,36.83,5,21.78
00643,3163,77503,45.35,23,35158,31.88,7,10.75
00645,9714,45997,30.2,13,13896,17.33,4,33.89
00646,114509,641485,44.22,72,283707,39.96,30,24.54
00647L,1499,6416,31.13,1,1997,31.13,1,28.29
00648R,2325,142688,47.7,37,68083,37.21,12,3.38
00650L,2200,96338,48.71,44,46949,35.56,21,4.87
00651R,366,32192,70.95,15,22846,54.18,7,2.34
00652,9305,61035,30.95,14,18893,25.09,7,28.62
00653L,1262,12403,6.53,1,810,0.0,0,21.21
00654R,360,19466,57.1,9,11117,39.82,3,4.08
00655L,2189,57958,28.84,19,16722,15.73,5,8.56
00656R,314,20357,73.79,13,15026,46.73,4,3.16
00657,1634,6579,22.91,2,1508,0.0,0,36.78
00660,1016,6531,16.18,2,1057,0.0,0,19.81
00661,7196,23925,18.03,5,4318,7.53,1,41.28
00662,110799,924529,36.73,102,339733,32.69,33,15.52
00663L,13066,132163,27.13,19,35897,21.72,9,19.85
00664R,10078,887575,58.25,401,517239,39.11,130,2.53
00665L,5000,410965,58.25,155,239491,44.0,61,2.38
00666R,120,12124,84.1,6,10197,71.86,4,1.53
00668,2039,7483,34.93,2,2614,34.93,2,33.94
00669R,3049,198117,45.55,61,90285,34.23,24,3.29
00670L,12226,76645,13.31,9,10213,7.19,2,27.46
00671R,3497,502884,69.59,204,350107,52.7,67,1.28
00673R,16483,1249551,51.57,353,644452,39.53,110,2.58
00674R,1265,14421,46.56,4,6715,41.22,3,16.37
00675L,18154,104286,20.76,12,21666,15.7,5,30.45
00676R,4370,200834,47.17,74,94760,31.24,22,4.1
00678,1870,8948,24.3,4,2175,0.0,0,27.79
00679B,232542,6178692,42.8,693,2645481,37.55,148,8.99
00680L,18920,1427576,54.04,502,771686,38.99,153,2.77
00681R,94,7594,90.73,6,6892,70.73,4,1.3
00682U,256,7644,77.96,4,5960,52.36,2,3.66
00683L,311,11434,68.87,6,7876,60.86,4,4.52
00684R,168,9688,81.24,6,7871,73.77,5,3.17
00685L,172578,5546836,35.08,1426,1946573,22.77,292,7.59
00686R,2054,266276,68.53,111,182535,50.71,37,1.5
00687B,151879,4237880,42.71,551,1810432,36.88,137,8.65
00688L,8989,609115,49.89,205,304022,35.65,67,3.09
00690,16440,83830,14.37,13,12068,9.45,6,35.39
00692,90775,613280,16.66,33,102282,14.88,16,33.15
00693U,2819,64166,43.2,17,27722,38.45,11,9.71
00694B,1999,29576,64.87,7,19190,58.85,5,11.82
00695B,2258,41686,74.6,10,31110,65.63,5,9.98
00696B,10889,618181,83.23,28,514625,82.09,17,4.05
00697B,6756,66712,21.94,10,14645,18.74,7,21.78
00700,2594,31483,13.35,6,4210,4.72,1,18.57
00701,37672,168891,6.92,11,11706,5.43,6,50.64
00702,1173,6688,54.46,5,3643,30.46,2,26.7
00703,1019,9550,27.18,4,2597,0.0,0,22.85
00706L,6004,122271,31.58,29,38640,22.27,11,10.26
00708L,18040,157073,26.72,26,42005,19.75,9,22.6
00709,2244,14460,34.08,8,4931,7.44,1,24.37
00710B,3714,180261,81.56,7,147052,81.02,5,4.83
00711B,793,871761,99.32,5,866040,99.18,3,0.15
00712,148244,6116511,32.55,1492,1991778,20.8,271,5.32
00713,270466,1691012,21.72,80,367791,20.46,46,32.25
00714,2369,19567,45.52,10,8911,17.96,2,23.59
00715L,3562,55192,56.64,13,31272,49.51,8,9.42
00717,7497,117605,26.51,23,31206,18.07,8,15.93
00719B,14954,315514,30.06,49,94911,23.55,17,10.73
00720B,77281,4011609,65.76,300,2639037,62.47,75,4.54
00722B,13421,1460239,89.93,49,1313414,89.17,29,2.41
00723B,470,1520583,99.72,13,1516476,99.65,11,0.05
00724B,6152,3059275,97.68,32,2988562,97.53,24,0.5
00725B,41000,3738206,82.33,151,3078733,80.8,57,2.66
00726B,1712,1186989,98.01,17,1163498,97.65,10,0.32
00727B,724,57189,89.68,5,51298,87.58,3,2.75
00728,9903,39423,4.19,3,1653,0.0,0,49.9
00730,12951,69044,16.77,9,11584,13.74,5,40.66
00731,8160,20100,18.01,6,3622,0.0,0,57.41
00733,20498,62966,13.35,6,8411,11.66,4,53.46
00734B,519,24979,82.55,2,20623,80.06,1,4.63
00735,30602,114289,21.79,21,24930,15.12,8,38.42
00736,490,6727,76.27,6,5131,45.67,2,9.01
00737,5442,22538,17.7,5,3993,9.66,2,43.81
00738U,32169,246799,21.19,41,52344,14.38,12,25.55
00739,1955,24988,38.43,9,9606,19.59,2,17.84
00740B,5992,2195471,96.68,46,2122898,96.28,32,0.6
00741B,1131,13128,49.73,3,6532,37.85,1,17.83
00746B,1311,2550964,99.57,27,2540543,99.43,20,0.09
00749B,193,1110500,99.75,7,1107810,99.75,7,0.02
00750B,77,148000,99.71,4,147587,99.32,3,0.04
00751B,66941,5225103,75.58,330,3949949,72.87,92,2.94
00752,17114,257716,30.94,31,79803,26.78,13,16.11
00753L,11693,702657,48.82,249,343252,33.72,78,3.74
00754B,462,1303900,99.75,14,1300670,99.75,14,0.06
00755B,1004,296230,97.72,7,289500,97.72,7,0.77
00756B,2317,1332300,97.64,18,1301057,97.31,11,0.35
00757,67593,266494,30.45,29,81224,27.5,16,33.6
00758B,121,5525,90.49,1,5000,90.49,1,2.31
00759B,119,47525,98.89,1,47000,98.89,1,0.18
00760B,620,435020,99.16,6,431380,99.16,6,0.28
00761B,3419,2735089,98.55,30,2696124,98.45,25,0.27
00762,22280,46748,18.51,6,8662,14.68,3,52.06
00763U,3723,40565,51.67,11,20964,47.4,9,17.16
00764B,8264,1540500,94.1,32,1449749,93.62,19,1.34
00768B,1757,791100,98.11,26,776342,97.64,20,0.39
00770,22138,93458,11.56,10,10824,7.31,4,42.5
00771,2065,14225,15.56,2,2215,11.94,1,29.85
00772B,40415,3361290,80.5,142,2706267,78.75,42,2.83
00773B,8861,2592790,95.67,44,2481071,95.21,24,0.8
00775B,183,232100,99.66,7,231330,99.23,6,0.06
00777B,222,2076650,99.92,14,2075360,99.88,13,0.01
00778B,184,1522150,99.94,11,1521482,99.92,10,0.01
00779B,638,1298650,99.57,8,1293237,99.5,7,0.1
00780B,1283,246102,97.39,9,239723,96.87,7,1.23
00781B,735,8836,30.61,3,2706,16.97,1,18.72
00782B,1257,20967,24.99,5,5244,14.46,2,15.49
00783,796,7031,13.23,1,931,0.0,0,25.37
00785B,238,1063466,99.83,11,1061746,99.7,8,0.02
00786B,1272,19566,29.86,6,5845,15.33,1,16.55
00787B,1001,11306,38.78,5,4387,17.68,1,18.68
00788B,1447,24706,27.6,7,6821,15.58,2,14.49
00789B,354,455600,99.38,11,452790,99.07,9,0.17
00791B,100,281100,99.68,6,280204,99.68,6,0.03
00792B,450,2317615,99.86,15,2314705,99.81,13,0.03
00793B,260,1526,0.0,0,0,0.0,0,31.62
00795B,37035,1515598,55.98,144,848764,51.92,41,5.89
00799B,1652,26036,25.7,8,6697,11.76,2,15.54
00830,180272,881965,23.81,65,210196,21.17,27,34.25
00834B,135,23198,94.36,4,21890,94.36,4,0.87
00836B,432,630541,99.6,12,628089,99.33,9,0.11
00840B,91,59431,99.27,3,59000,99.27,3,0.16
00841B,121,70440,99.43,5,70047,98.66,4,0.2
00842B,1013,21767,39.05,5,8504,33.1,3,10.79
00844B,296,213175,99.21,5,211503,98.91,4,0.31
00845B,219,237051,99.59,4,236098,99.34,3,0.12
00846B,255,74350,98.18,2,73000,98.18,2,0.48
00847B,302,3805,31.76,2,1209,0.0,0,16.37
00848B,154,136066,99.21,2,135000,99.21,2,0.12
00849B,107,485606,99.84,5,484873,99.74,4,0.01
00850,80113,414444,17.8,32,73854,15.3,17,39.16
00851,2104,5525,27.87,1,1540,27.87,1,41.58
00852L,619,6865,49.16,3,3376,41.93,2,15.52
00853B,2328,178134,91.24,11,162559,89.53,5,3.32
00856B,409,6792,65.53,3,4452,59.57,2,9.22
00857B,15637,599268,59.69,69,357819,55.23,22,6.51
00858,18787,117874,16.85,13,19882,13.45,6,29.78
00859B,2046,35511,21.83,8,7753,14.55,3,13.3
00860B,369,2671,0.0,0,0,0.0,0,26.64
00861,18327,69412,6.83,5,4753,3.72,2,52.38
00862B,1495,886881,98.38,11,872540,98.33,10,0.39
00863B,338,514464,99.59,9,512386,99.51,8,0.11
00864B,3877,111722,34.38,24,38432,26.88,10,7.3
00865B,10437,327244,30.17,52,98792,23.71,15,6.47
00867B,212,565150,99.72,9,563570,99.72,9,0.06
00870B,312,564151,99.61,9,561976,99.43,7,0.09
00875,7018,15488,19.87,5,3080,0.0,0,49.43
00876,22275,94024,27.33,9,25709,24.95,5,39.49
00877,13451,162288,18.44,26,29958,11.44,9,21.0
00878,1671493,18787290,10.94,879,2060375,8.79,154,20.25
00881,403479,2978403,16.26,122,484953,14.71,44,31.11
00882,83089,1974349,26.63,386,526181,17.67,92,10.26
00884B,211,75440,98.78,4,74526,98.78,4,0.41
00885,48127,591238,16.71,87,98963,10.91,31,19.18
00886,1181,4451,13.72,1,611,0.0,0,45.73
00887,20456,452851,31.1,115,140922,19.36,29,11.16
00888,90730,624478,11.16,26,69824,10.14,15,35.54
00890B,700,18264,73.58,3,13440,65.7,1,8.08
00891,187915,1867090,14.2,106,265369,12.01,35,25.1
00892,45612,318792,17.93,27,57204,15.26,14,33.32
00893,56297,353884,8.26,21,29284,5.36,5,38.9
00894,26061,148009,13.81,11,20473,11.97,7,39.21
00895,28725,142916,10.11,8,14454,8.77,5,44.05
00896,62149,510880,8.15,23,41743,6.68,10,32.12
00897,9893,134512,23.26,26,31295,14.79,7,20.62
00898,8385,107476,19.34,24,20815,8.32,6,23.32
00899,3597,16135,5.62,1,908,0.0,0,42.14
00900,128065,1508525,15.3,85,231182,12.94,23,23.1
00901,11567,62349,14.52,10,9055,6.66,2,40.87
00902,17946,223997,17.06,29,38235,12.37,11,21.72
00903,7006,46721,11.2,5,5241,7.27,2,37.53
00904,23909,156612,14.05,19,22047,6.98,5,35.7
00905,44351,359827,7.6,18,27423,5.86,7,31.2
00907,20043,150133,13.61,12,20465,11.73,8,32.92
00908,2708,34416,36.66,8,12622,24.69,3,19.33
00909,25024,100704,16.15,12,16271,11.46,4,43.69
00910,37894,111439,7.73,9,8635,3.38,2,50.54
00911,12659,30403,13.48,4,4102,10.0,2,55.24
00912,8287,58253,21.33,7,12435,19.34,5,32.96
00913,12072,57766,19.9,6,11506,17.53,4,38.37
00915,70880,503983,17.2,36,86812,15.31,19,35.41
00916,19075,99419,14.74,15,14671,7.86,5,41.64
00917,12932,64478,12.74,11,8226,5.11,3,40.74
00918,374480,4617264,10.97,285,507546,8.21,61,20.81
00919,1466235,19043635,10.79,1093,2059367,8.02,171,18.06
00920,6253,20280,23.81,5,4832,8.03,1,44.64
00921,10181,57770,6.73,5,3897,2.5,1,43.48
00922,186910,2137686,30.98,105,662861,28.88,31,20.92
00923,122613,951423,15.08,45,143630,13.69,23,32.28
00924,54987,433603,21.89,26,95018,19.68,12,27.61
00926,9191,102482,56.29,12,57707,52.31,5,19.84
00927,140300,1333897,12.57,78,167794,10.35,28,27.05
00928,7145,44356,24.54,10,10893,17.54,5,34.1
00929,459684,5315139,10.18,230,542082,8.26,51,21.72
00930,22995,159779,6.46,6,10354,5.11,3,37.75
00931B,33506,2242898,76.93,103,1725825,75.24,42,4.02
00932,13029,107783,11.42,9,12327,8.88,5,33.7
00933B,77897,6709958,76.75,459,5151729,73.53,103,2.81
00934,49821,427026,10.2,24,43621,8.51,12,31.17
00935,123252,872504,22.13,61,193188,20.43,35,28.76
00936,22124,192797,10.13,7,19568,9.2,4,31.14
00937B,210191,16963805,60.67,3213,10294521,51.73,665,2.63
00938,6456,104016,47.56,9,49492,45.47,6,17.76
00939,102752,1160976,6.97,53,81040,4.84,15,26.91
00940,311799,5087365,12.22,384,622560,8.58,77,18.31
00941,46825,454291,13.52,36,61493,9.94,12,28.26
00942B,9750,2035959,89.95,66,1831668,88.99,31,1.3
00943,4217,40389,31.43,6,12700,25.46,3,27.74
00944,7817,53081,9.66,6,5140,6.96,3,37.33
00945B,18703,842818,41.31,145,348236,33.99,42,5.07
00946,35649,439746,20.22,31,89008,18.11,13,22.67
00947,36525,281864,29.29,38,82627,24.19,16,29.0
00948B,26280,4273427,82.33,310,3519418,79.24,92,1.44
00949,17265,166428,19.48,25,32468,14.65,12,28.18
00950B,12046,4105809,91.07,145,3740100,89.75,53,0.67
00951,15691,244042,30.58,35,74695,25.84,15,16.85
00952,22729,247775,13.6,28,33752,8.49,9,24.53
00953B,52223,4680675,53.05,1413,2483685,38.86,314,2.15
00954,10984,126247,22.96,17,29012,16.14,5,22.12
00955,35310,482431,32.24,61,155601,27.68,25,18.21
00956,3251,32630,17.87,4,5834,11.87,2,24.03
00957B,3923,188263,51.04,30,96127,43.52,9,5.79
00958B,4315,118771,20.28,22,24103,14.31,9,10.25
00959B,9142,508836,48.81,81,248452,41.37,21,4.38
00960,12237,57995,19.87,7,11529,17.79,5,40.03
00961,61109,1102511,9.98,122,110318,4.55,21,14.77
00962,10800,107920,8.75,11,9467,3.18,2,26.86
00963,5273,120933,26.82,26,32459,20.3,12,10.02
00964,4620,71124,18.15,15,12926,8.22,4,15.24
00965,33177,431992,46.28,42,200015,43.46,22,18.14
00966B,3881,116232,36.78,16,42776,32.15,8,10.52
00967B,2659,181407,70.5,34,127926,62.44,13,4.07
00968B,8176,793511,68.83,102,546404,63.68,36,2.57
00969B,2072,147633,68.78,44,101570,59.23,20,3.81
00970B,5822,389229,60.72,63,236392,53.9,23,4.18
00971,6621,53677,16.35,8,8781,11.64,3,29.92
00972,1628,15172,33.56,2,5093,33.56,2,24.51
009800,19702,312391,30.57,49,95566,25.64,22,16.14
009801,8639,95119,21.19,18,20167,11.82,5,23.93
009802,41308,554995,19.2,48,106639,15.23,15,20.79
009803,30359,288828,14.4,30,41660,10.76,12,26.96
009804,17808,144392,11.21,16,16203,6.62,5,30.47
009805,54796,609816,18.73,69,114322,13.92,21,22.7
009806,1083,13661,57.89,6,7910,38.26,2,17.08
009807,1150,13760,57.2,8,7874,33.65,2,19.42
009808,4249,39011,12.51,5,4888,7.78,2,31.34
009809,2528,33363,38.43,7,12824,33.68,4,20.84
00980A,70259,788730,25.3,57,199671,23.18,27,23.0
00980B,1505,53569,47.96,14,25701,39.85,6,7.43
00980D,3411,98957,36.02,22,35667,28.67,9,7.83
00980T,3166,74918,53.59,8,40163,49.03,3,12.17
009810,1926,19154,36.17,6,6931,23.09,2,23.08
009811,22675,235450,17.77,35,41887,11.14,11,24.85
009812,5895,91382,36.74,22,33592,26.42,7,16.76
009813,22953,319324,23.32,46,74517,18.04,18,20.14
009814,13700,153076,20.96,21,32109,16.26,8,22.94
009815,29217,421170,22.17,58,93456,16.6,20,19.02
009816,918275,12023844,19.72,1512,2373564,13.89,309,19.11
009817,10074,219936,24.48,46,53876,15.0,11,13.21
009818,4807,45652,8.4,4,3840,6.49,2,33.32
009819,51277,606745,12.22,54,74273,8.34,19,25.08
00981A,945851,9579709,22.59,951,2165392,18.2,247,22.08
00981B,16861,1569113,50.66,564,795332,34.02,138,1.94
00981D,8507,521800,45.07,155,235238,31.47,39,3.31
00981T,8240,251261,36.55,71,91878,23.52,19,8.23
009820,34869,1063702,39.96,206,425314,30.93,51,9.47
009821,55043,526340,11.03,46,58189,7.39,15,30.22
009822,4788,70056,16.52,11,11587,9.56,3,23.77
009823,32946,339317,18.56,35,63064,13.76,8,28.03
009824,44254,490347,16.03,63,78728,9.96,14,27.0
009825,4402,118208,12.94,20,15329,5.15,4,11.52
009826,61908,846804,26.04,165,220639,17.73,45,18.15
009827,15643,209950,16.9,32,35514,10.63,9,22.64
009828,57368,905045,31.46,74,284862,28.05,24,19.69
009829,13113,321870,45.94,66,147949,38.34,24,11.04
00982A,177169,2201436,14.23,169,313431,10.74,36,21.27
00982B,764,25400,61.11,6,15525,53.33,3,6.84
00982D,2802,76729,36.78,20,28234,29.05,10,9.63
00982T,1901,16597,17.94,4,2980,0.0,0,31.53
00983A,8439,75686,24.7,14,18700,18.27,6,26.62
00983B,779,25653,57.83,8,14839,49.0,4,7.4
00983D,3947,104197,31.22,39,32551,11.23,5,7.41
00984A,61880,629958,15.82,43,99812,13.21,17,26.12
00984B,3431,116933,35.29,27,41282,27.73,11,6.96
00984D,15172,1169057,42.82,396,500883,26.53,99,2.47
00985A,45633,454289,17.21,42,78319,14.33,19,26.13
00985B,8782,859001,64.77,212,556647,54.26,63,2.38
00985D,2437,110732,55.61,29,61591,43.4,9,5.24
00986A,4655,39327,18.54,5,7298,12.03,2,30.76
00986B,387,20762,79.23,6,16451,73.57,4,3.84
00986D,2364,143177,50.28,42,72022,40.71,21,3.86
00987A,16818,152643,17.31,19,26451,12.43,8,30.54
00987B,2130,73827,55.17,26,40742,40.95,10,7.29
00987D,1652,95023,75.75,12,71992,72.15,8,5.36
00988A,228230,3165437,19.12,361,605419,13.88,83,18.36
00988B,5406,161333,29.69,40,47923,17.97,11,8.19
00989A,6584,66117,17.29,8,11444,11.65,3,25.84
00989B,2674,111452,39.96,38,44562,25.24,13,6.39
00990A,120134,2361522,34.02,392,803979,26.22,98,13.4
00990B,3446,90850,34.15,21,31041,24.52,8,10.96
00991A,330841,4427416,20.72,442,918751,16.28,116,19.27
00991B,402,259328,98.43,14,255273,97.63,10,0.28
00992A,174843,2265455,18.58,231,421345,13.9,58,20.95
00993A,45821,748091,22.15,96,165871,16.45,22,17.98
00994A,27616,266690,19.65,34,52473,13.84,8,25.42
00995A,23763,273035,17.12,27,46815,13.62,11,25.46
00996A,21623,279899,22.9,31,64162,18.18,9,22.31
00997A,66462,1114877,17.35,146,193569,10.92,28,17.24
00998A,24867,320109,28.66,35,91816,25.44,16,19.92
00999A,86186,1028517,11.72,88,120719,7.97,25,25.3
01001T,1357,583000,93.27,61,543852,90.03,28,0.49
01002T,3246,1393000,93.68,112,1305307,91.28,61,0.54
01004T,1243,730200,93.96,82,686324,90.31,38,0.31
01007T,1821,720000,92.77,82,668078,89.64,45,0.47
01009T,956,300000,90.34,62,271071,85.59,41,0.63
01010T,844,2308170,98.73,78,2279426,98.12,56,0.04
1101,512238,7523182,55.1,877,4145901,51.11,382,13.02
1101B,7411,200000,94.0,22,188038,91.22,14,2.22
1102,100836,3546563,82.08,334,2911628,79.79,201,5.9
1103,74271,832875,80.3,134,669009,76.76,86,5.8
1104,56147,686682,73.05,108,501818,67.45,45,8.16
1107,3432,10100,99.7,1,10070,99.7,1,0.29
1108,12963,404738,78.61,68,318209,74.77,43,6.46
1109,12060,341159,79.66,70,271838,72.97,36,5.89
1110,5190,572001,94.05,59,538114,91.42,36,0.98
1113O,178,840,0.0,0,0,0.0,0,63.21
1113R,381,2129,0.0,0,0,0.0,0,30.62
1201,87784,506063,63.36,68,320745,58.53,27,12.39
1203,55148,240000,90.94,50,218313,86.76,35,2.94
1204,3513,18357,45.78,6,8407,31.8,2,19.62
1207,46627,464094,77.29,48,358812,75.31,31,9.46
1210,99900,894767,65.16,127,583284,61.14,68,14.96
1212,30356,173917,44.29,45,77058,35.63,20,17.34
1213,6543,56623,81.16,12,45968,77.03,8,7.11
1215,97993,294790,55.99,33,165086,52.11,14,25.2
1216,142311,5682015,89.56,760,5090139,86.12,454,3.92
1217,137477,494513,61.87,130,306065,54.02,69,14.44
1218,82478,499999,67.03,66,335223,62.85,34,11.67
1219,52828,341238,64.23,78,219204,59.11,51,10.62
1220,47362,177078,67.89,47,120245,60.48,27,10.86
1221,18640,94851,34.25,22,32505,25.9,10,21.99
1224,3610,71910,88.36,20,63550,82.38,13,3.39
1225,43867,242268,89.45,39,216749,86.77,28,3.32
1227,53276,915090,67.34,75,616419,64.36,31,12.76
1228,1579,11108,38.0,5,4224,12.2,1,11.97
1229,103148,1831880,66.09,175,1210925,63.02,81,9.98
1231,36250,328300,64.84,27,212886,63.66,19,15.77
1232,16730,159975,73.76,11,118010,72.04,6,12.6
1233,10238,90592,75.92,27,68799,68.5,15,4.76
1234,24061,401871,83.05,136,333846,74.28,80,5.56
1235,2940,188578,96.34,15,181689,95.42,12,1.11
1236,11588,86674,83.73,23,72581,78.84,18,6.88
1238,2037,29933,11.74,4,3516,8.57,2,21.47
1240,3040,46444,69.59,25,32327,49.15,11,7.93
1256,6285,35781,59.9,10,21438,47.11,3,17.97
1259,16139,32390,78.63,9,25477,71.46,6,8.21
1260,1336,102098,76.37,30,77989,70.59,20,2.05
1264,9287,37052,47.19,16,17492,24.84,5,24.43
1268,3496,42224,78.11,17,32982,72.16,12,8.66
1269,726,20882,77.54,7,16195,72.54,5,3.45
1271,2878,77089,74.7,20,57604,64.43,7,5.61
1293,396,17094,74.32,11,12708,42.39,4,3.17
1294,4531,36626,60.22,16,22064,44.0,7,10.0
1295,3289,37600,57.95,15,21799,44.94,8,14.73
1301,292897,6365741,75.25,580,4791817,72.55,305,8.94
1303,297086,7930822,85.91,716,6815095,83.28,387,5.24
1304,99104,1188764,61.21,114,727967,57.98,50,13.6
1305,72133,581050,51.91,63,301691,48.7,28,16.56
1306,6128,44498,21.34,4,9502,19.41,2,23.55
1307,18010,397818,80.07,61,318610,77.28,41,6.71
1308,75700,593744,53.1,62,315368,49.93,31,16.22
1309,78491,397587,46.97,31,186862,43.92,11,21.89
1310,104976,527870,31.06,90,164028,24.87,33,24.48
1312,137955,1506620,60.43,176,910923,56.67,78,13.64
1312A,1263,20000,54.52,12,10907,21.4,2,13.49
1313,60990,1330846,68.7,166,914672,64.02,67,9.25
1314,299056,3784850,42.56,774,1611730,34.12,245,14.24
1315,5769,99099,81.66,43,80948,70.44,24,6.21
1316,61059,401646,41.82,79,168066,33.37,24,17.36
1319,31752,591477,80.04,106,473513,75.94,64,9.0
1321,3963,227228,70.56,93,160388,53.64,34,2.66
1323,14542,91275,70.58,36,64447,61.23,23,8.4
1324,23378,75122,66.25,20,49783,60.81,13,16.5
1325,36103,85281,49.2,12,41966,44.85,5,26.86
1326,184748,5861186,82.83,523,4855483,80.19,276,5.95
1333,15925,74515,51.19,14,38164,43.03,3,10.99
1336,12352,77614,50.38,22,39123,38.52,6,10.92
1337,52317,268955,47.2,54,127021,39.13,18,14.46
1338,55972,83840,44.87,26,37640,34.24,12,18.69
1339,7273,74124,75.25,16,55785,72.45,13,11.06
1340,61597,152923,35.15,27,53783,28.15,7,19.71
1341,9691,52851,83.71,16,44251,75.97,9,2.57
1342,8954,78501,57.87,13,45439,51.25,5,17.58
1343,1198,40514,66.19,22,26825,42.18,7,5.35
1402,88095,5352875,89.07,438,4768612,86.96,256,2.94
1407,162001,440619,35.3,76,155617,28.88,29,29.75
1407A,4916,67828,53.51,9,36304,52.88,8,18.87
1408,70663,351487,20.7,72,72860,12.54,23,29.38
1409,155658,1618409,61.24,208,991418,57.4,108,14.82
1410,6628,62000,77.07,20,47798,68.4,11,5.31
1413,8454,132112,76.07,26,100518,69.55,13,5.77
1414,26866,198000,88.56,38,175381,82.86,21,4.74
1416,45264,185342,56.2,38,104190,50.33,21,14.3
1417,55493,189942,57.74,48,109728,48.26,20,16.43
1418,30546,56834,71.69,19,40757,58.96,7,5.41
1419,16820,300041,90.98,74,273051,85.56,48,2.12
1423,18119,99648,83.3,29,83039,74.46,15,4.85
1432,257057,108000,54.84,14,59244,53.3,11,29.86
1434,63854,1684665,72.11,162,1215112,68.84,70,7.65
1435,33029,139780,94.86,24,132624,93.04,19,2.18
1436,14348,194152,76.24,37,148061,72.05,24,9.46
1437,8475,201871,79.62,73,160762,67.41,36,4.71
1438,5052,111206,83.07,28,92396,76.81,18,4.86
1439,4338,92000,85.77,31,78921,77.19,19,4.82
1440,93526,1656816,78.41,272,1299424,73.49,141,6.8
1441O,14428,71744,65.0,15,46655,58.35,7,19.63
1442,8791,366211,86.88,108,318218,78.59,63,3.39
1443,15685,135343,89.99,40,121821,82.7,23,2.76
1444,60223,995595,64.23,139,639550,59.95,71,10.48
1445,11822,130666,68.61,40,89683,59.26,20,7.62
1446,7987,137710,66.48,29,91570,62.71,19,8.8
1447,41900,910071,70.18,128,638873,65.98,66,9.94
1449,45021,127115,39.75,30,50553,32.28,15,23.31
1450,15114,78811,25.83,14,20375,21.04,8,25.53
1451,16666,198000,63.78,40,126347,56.67,15,10.83
1452,46995,132641,49.75,40,66010,38.86,18,15.1
1453,13986,116640,76.39,19,89116,74.47,15,11.92
1454,13758,129834,81.6,35,105974,77.24,27,6.5
1455,34570,531688,67.17,80,357233,63.06,44,11.49
1456,4621,93720,85.49,15,80151,80.66,8,3.52
1457,16504,316730,75.18,72,238189,68.3,38,6.64
1458,21132,260730,59.79,59,155938,51.07,23,13.66
1459,12209,268972,84.24,60,226629,78.4,35,4.73
1460,23740,694643,72.03,124,500534,65.23,51,6.24
1462,61061,299788,46.4,98,139155,34.47,37,16.04
1463,33372,173268,81.99,42,142098,75.22,20,5.05
1464,63545,425576,61.66,88,262495,54.38,38,9.84
1465,10174,103607,72.09,37,74716,62.34,22,10.16
1466,21667,111157,69.26,35,77005,62.13,23,10.68
1467,17821,233625,67.37,45,157434,59.75,18,10.21
1468,1322,160405,97.54,18,156485,96.81,16,0.38
1469,336,87218,92.35,28,80568,87.63,21,0.17
1470,1190,85767,86.23,34,73968,70.27,13,0.7
1471,56149,150415,21.98,22,33089,17.0,8,29.51
1472,3592,52765,82.29,18,43430,69.47,7,2.57
1473,12541,146154,72.18,31,105535,69.35,24,9.92
1474,16272,129897,59.04,30,76724,53.34,17,13.32
1475,2285,66017,76.29,16,50381,69.0,8,4.26
1476,23072,274367,78.04,76,214157,71.01,44,8.79
1477,31046,246694,59.16,74,145990,50.58,40,16.58
1480,373,416085,98.13,59,408367,94.48,37,0.15
1491,1716,54818,59.65,24,32709,46.3,13,3.37
1492R,86,526,0.0,0,0,0.0,0,36.14
1503,79968,520972,73.42,66,382621,70.62,43,14.4
1504,201453,2376441,70.4,232,1673358,67.7,124,14.36
1506,21297,300389,77.31,47,232302,71.35,16,4.19
1512,19950,98183,54.05,19,53079,47.96,8,9.35
1513,155285,503113,46.17,83,232350,41.49,44,34.95
1514,101188,278571,41.26,57,115023,34.75,28,34.64
1515,24480,181474,48.78,33,88539,40.33,10,21.72
1516,42095,40008,64.82,15,25938,58.33,11,11.93
1517,46174,220000,48.58,30,106909,44.11,14,22.17
1519,85527,347469,73.88,76,256780,68.87,48,13.37
1521,23452,76230,68.06,12,51894,66.44,10,13.27
1522,29980,312898,57.63,51,180413,52.55,25,19.68
1522A,1371,30000,87.74,10,26328,80.53,7,4.04
1524,45281,165310,38.59,21,63827,35.53,12,30.61
1525,3178,73400,89.25,9,65520,86.5,6,5.47
1526,52369,60000,38.15,12,22897,29.94,3,23.98
1527,64266,138571,33.62,21,46606,29.23,11,28.37
1528,93722,191331,30.25,12,57925,28.3,5,40.01
1529,30851,202850,48.47,32,98368,44.81,20,20.22
1530,10717,94594,75.94,15,71847,70.06,6,11.07
1531,12777,182108,64.12,52,116783,53.76,20,9.34
1532,19290,422604,66.84,108,282560,58.78,52,8.34
1533,9968,98547,63.66,36,62760,52.11,18,17.46
1534,4100,67733,47.06,19,31893,35.44,7,13.11
1535,9805,123743,75.82,10,93832,75.4,9,11.05
1536,83561,278960,33.45,52,93390,27.65,24,31.26
1537,15813,82063,51.1,24,41961,43.04,14,24.36
1538,7604,32300,78.45,7,25345,70.77,3,6.65
1539,5252,65370,61.14,11,39976,60.51,10,15.54
1540,41184,85474,34.8,21,29768,23.21,5,31.76
1541,2426,78800,83.76,15,66023,79.46,10,4.74
1557,113,1722,30.57,1,527,0.0,0,13.88
1558,27407,64536,39.43,30,25461,16.89,8,22.34
1560,22319,151933,65.98,68,100278,48.91,28,10.3
1563,15382,169206,45.88,52,77658,36.5,24,13.16
1565,37622,50417,17.57,11,8871,8.4,3,38.3
1568,9634,103087,64.48,31,66496,56.15,17,12.88
1569,24006,144247,55.16,42,79590,46.68,19,12.94
1570,34872,51501,55.37,11,28530,44.49,2,11.23
1580,27741,49339,38.46,14,18984,29.88,8,26.76
1582,66430,144269,30.88,25,44573,25.75,12,34.94
1583,2501,109400,91.25,17,99839,89.51,14,3.02
1584,56060,232471,40.87,34,95063,36.55,18,22.02
1585,934,57700,65.76,33,37958,46.04,13,3.11
1586,11954,129500,72.99,49,94547,61.39,25,8.54
1587,11810,80056,47.29,21,37864,37.91,8,20.34
1589,43146,153136,28.35,30,43458,21.0,11,25.01
1590,6941,200000,72.94,101,145920,52.95,37,1.77
1591,32319,38048,19.41,8,7392,8.04,1,21.28
1592,6278,110978,26.47,25,29390,18.1,8,15.24
1593,3305,39785,50.05,18,19914,35.43,9,14.07
1594,641,33220,82.82,12,27515,75.4,8,3.21
1595,9634,57725,47.83,22,27619,36.3,12,17.92
1597,20153,89262,49.43,32,44144,36.92,15,27.8
1598,10594,179142,60.72,50,108822,52.73,29,11.53
1599,11781,73029,65.03,21,47505,56.89,12,17.04
1601,16634,106258,11.6,13,12338,6.33,3,25.92
1602,273745,385951,12.17,26,47056,9.57,9,58.26
1603,13462,191688,72.34,29,138706,68.94,20,12.53
1604,101709,384200,58.8,75,226005,52.93,37,17.07
1605,250051,4431333,75.15,371,3331032,72.7,195,10.04
1606,77417,769400,15.96,119,122912,9.56,31,24.52
1608,48946,632774,66.22,61,419199,63.22,29,15.16
1609,195681,785262,32.79,107,257623,28.94,58,30.63
1611,87235,322736,52.25,81,168685,43.26,33,20.43
1612,37361,316080,61.21,66,193553,55.3,32,17.2
1613,22764,227418,57.74,67,131348,47.38,28,9.98
1614,5406,269113,83.14,84,223813,75.52,51,2.36
1615,8687,198630,80.7,35,160333,76.81,22,6.62
1616,14610,194149,60.16,26,116826,56.62,16,15.73
1617,11749,169515,75.67,37,128295,69.13,22,10.0
1618,22037,192692,57.97,30,111737,53.43,15,21.23
1623,5851,66000,77.1,13,50897,73.47,9,10.88
1626,9837,149822,69.6,49,104306,60.15,27,8.78
1702,63889,294133,58.1,31,170961,54.96,16,19.68
1707,68795,148137,50.83,49,75325,40.57,25,22.95
1708,85619,249002,39.67,41,98791,34.9,23,33.84
1709,42213,477016,70.92,127,338375,62.12,61,9.81
1710,59122,885703,62.46,132,553378,57.28,60,11.83
1711,97587,547752,44.88,93,246020,39.5,42,24.45
1712,82425,420493,56.51,117,237705,47.59,58,14.98
1713,23520,150952,74.63,30,112678,68.48,13,7.42
1714,107030,991825,52.08,147,516775,46.68,58,16.14
1717,100073,1184245,66.54,233,788304,60.73,121,14.47
1718,189078,1685906,52.79,218,890122,47.87,85,16.88
1720,16055,196566,64.99,31,127776,61.49,18,12.76
1721,67213,184884,38.76,34,71693,32.69,15,27.34
1722,122743,980000,63.31,156,620701,57.62,67,12.53
1723,62672,236904,52.1,37,123488,46.48,14,21.6
1725,3578,181830,94.44,20,171754,93.1,16,2.64
1726,9492,162000,85.42,28,138413,83.56,23,4.83
1727,16013,128020,68.87,33,88188,62.27,19,15.64
1729,4207,180688,91.39,47,165190,85.84,32,3.55
1730,10040,63234,57.3,11,36241,53.73,8,25.28
1731,18394,132915,55.7,15,74052,51.75,7,14.92
1732,37986,42444,46.4,5,19696,44.13,4,28.23
1733,38247,99950,44.13,20,44123,31.9,4,20.14
1734,70332,190197,49.93,41,94994,41.7,17,18.3
1735,8339,99388,78.43,12,77955,77.83,11,9.68
1736,7797,303395,88.71,47,269200,83.2,23,3.29
1737,74650,200000,62.68,26,125423,58.24,11,18.16
1742,11280,92671,80.28,26,74413,72.73,15,4.23
1748,709,14304,39.61,3,5668,36.48,2,16.91
1748R,105,529,0.0,0,0,0.0,0,61.98
1752,8114,100988,63.45,17,64093,58.31,9,15.42
1760,38950,85739,42.98,22,36868,33.89,8,26.18
1762,53870,76918,45.94,16,35347,36.1,5,21.44
1773,17224,300000,73.87,55,221677,67.99,26,8.08
1776,3217,60107,65.81,32,39567,44.14,13,8.91
1777,3341,44592,59.87,9,26703,54.22,5,11.86
1780,2569,109075,78.5,44,85650,63.22,19,4.21
1781,35672,47408,44.87,22,21280,23.54,6,21.75
1783,38042,89698,63.91,19,57341,56.1,7,10.69
1784,34500,53121,28.88,15,15350,18.13,6,25.3
1785,133460,595951,42.41,106,252821,36.61,51,28.35
1786,44813,74828,51.01,24,38183,44.51,16,17.52
1788,7736,44521,49.79,15,22176,40.09,8,23.29
1789,24612,790739,76.98,53,608964,74.49,21,6.2
1794,131,1322,0.0,0,0,0.0,0,16.46
1795,41039,266738,57.42,32,153211,52.25,10,22.15
1796,7585,41460,55.76,12,23129,45.18,5,8.37
1799,18862,248776,66.29,22,164941,64.07,12,10.55
1802,200969,2908061,76.29,173,2219125,74.37,83,12.93
1805,9236,134970,77.89,39,105160,70.4,23,4.71
1806,24571,390404,74.7,60,291712,70.9,36,9.65
1807,7549,114363,47.4,37,54225,38.24,20,12.55
1808,27616,893032,80.76,93,721481,78.61,61,6.62
1809,53386,167042,48.55,32,81114,43.63,18,30.49
1810,24207,302304,62.01,69,187554,56.47,43,17.4
1813,9029,46636,47.73,16,22269,33.67,5,23.33
1814,451,18982,78.82,12,14966,53.7,5,4.45
1815,151500,585459,51.9,94,304005,48.41,62,27.28
1816,900,24515,94.8,2,23242,91.94,1,1.83
1817,4470,72600,64.99,26,47189,58.35,17,11.39
1818,135,11635,75.49,7,8785,63.87,5,1.46
1819,136,33504,84.42,17,28292,65.69,9,0.51
1903,20895,260039,81.08,65,210905,74.9,41,4.05
1904,323008,1108275,68.47,145,758931,64.03,72,12.65
1905,70988,1102835,71.16,67,785049,68.97,27,13.11
1906,12481,151000,74.3,26,112219,70.09,17,10.75
1907,81715,1660371,85.59,215,1421585,82.24,124,5.05
1909,84365,1327686,68.14,169,904937,63.71,72,8.28
1918,30813,241183,20.83,26,50314,17.85,15,31.7
2002,1314855,15734861,52.92,1512,8330006,49.13,479,15.93
2002A,5349,38268,21.73,10,8324,8.37,2,28.15
2006,58426,730214,81.46,161,594988,75.3,93,7.49
2007,27447,530652,76.75,14,407436,75.66,4,9.0
2008,7472,190852,92.6,18,176748,91.27,14,3.13
2009,47370,359622,58.29,20,209689,56.17,8,24.34
2010,34609,647655,69.18,119,448246,65.06,75,10.31
2012,44578,302163,84.02,80,253919,74.58,33,5.01
2013,43778,200000,79.5,24,159021,77.34,17,11.07
2014,172955,1435544,50.62,101,726857,47.83,36,19.77
2015,11652,581599,88.24,152,513267,82.15,93,2.82
2017,40851,446875,61.63,67,275525,57.01,31,12.88
2020,59700,267031,50.86,53,135872,44.6,29,16.81
2022,62213,337168,40.42,32,136354,37.13,14,21.69
2023,101159,1821240,79.38,120,1446099,77.61,66,7.07
2024,50354,97500,83.02,13,80957,80.78,9,6.93
2025,30207,172661,63.16,31,109089,59.38,19,11.23
2027,105183,2584261,77.75,379,2009750,73.69,204,6.95
2028,21297,325715,83.44,39,271818,81.3,28,6.31
2029,14154,321180,71.52,26,229745,67.78,5,8.6
2030,55001,280526,55.91,60,156915,48.61,30,17.58
2031,65214,321146,58.87,62,189116,53.89,35,16.44
2032,12050,130522,59.9,43,78207,49.74,21,17.65
2033,4766,120000,84.07,26,100891,77.4,15,4.78
2034,37890,528996,51.11,105,270567,44.57,46,15.68
2035,20724,350000,96.59,23,338133,96.12,21,0.64
2038,26207,194134,53.84,26,104548,49.52,13,17.14
2049,65949,353792,69.93,118,247435,59.82,58,13.81
2052R,5549,9170,10.19,2,935,0.0,0,49.42
2056,254,105000,93.38,44,98068,85.71,33,0.43
2058,37084,305261,26.03,63,79543,18.55,22,17.04
2059,50749,95297,65.52,32,62458,54.62,15,5.78
2060,135,35739,87.22,4,31173,87.22,4,0.33
2061,11479,57378,47.21,23,27093,30.74,7,15.33
2062,11487,199994,61.69,39,123434,55.43,16,12.7
2063,3381,48101,51.63,18,24843,37.5,7,12.68
2064,1624,69330,83.08,30,57608,72.44,16,4.48
2065,49507,63517,51.29,16,32591,43.8,9,19.24
2066,3089,44450,68.62,19,30509,53.56,8,11.28
2067,2223,45138,56.54,12,25528,49.07,6,10.05
2069,9151,166387,63.55,44,105788,54.19,20,12.23
2070,5243,41783,63.09,19,26371,47.35,8,19.77
2071,906,69046,85.23,25,58863,73.66,12,1.99
2072,10318,192000,74.17,24,142451,71.39,15,8.54
2073,642,27500,75.23,15,20691,51.62,6,3.19
2101,37229,733935,64.44,132,473099,58.33,58,8.88
2102,79342,473329,81.14,68,384152,76.87,36,5.61
2103,81702,825710,59.9,125,494725,54.98,57,11.43
2104,107339,984734,46.07,199,453800,38.37,74,12.28
2105,81742,3241416,80.3,313,2603578,77.31,155,5.8
2106,33213,954890,79.73,163,761525,74.66,82,5.3
2107,47885,303593,64.4,71,195584,58.92,43,13.3
2108,53044,492417,71.1,96,350209,65.18,53,11.35
2109,35143,279349,74.67,71,208626,66.68,35,5.79
2114,5286,77992,65.52,18,51112,59.28,9,10.71
2115,3593,104373,70.52,36,73621,58.78,17,5.63
2201,95082,1070001,63.6,102,680691,60.0,44,14.31
2204,42462,553620,73.73,62,408277,70.63,35,11.76
2206,67705,773676,85.49,105,661562,81.62,61,5.93
2207,13315,557103,89.74,113,500076,83.3,54,1.5
2208,122679,1274539,55.34,153,705581,50.09,44,14.95
2211,24931,417091,80.46,55,335651,77.2,34,7.46
2221,6528,42325,64.24,4,27192,64.24,4,17.37
2227,7451,300000,93.49,11,280482,93.25,10,3.53
2228,9701,79780,56.01,13,44697,53.88,10,20.73
2229,59,1462,41.04,1,600,0.0,0,7.78
2230,11667,68030,45.96,25,31279,34.01,13,15.7
2231,13629,135932,65.54,29,89126,61.0,18,15.04
2233,38516,60289,41.62,11,25104,34.33,4,27.61
2235,1360,35878,83.99,12,30137,76.08,8,6.61
2236,3241,63517,73.51,21,46705,66.7,13,6.63
2237,3284,128886,76.9,22,99137,70.63,8,4.73
2239,2720,117713,80.19,17,94416,78.22,13,4.3
2241,29478,104602,41.44,32,43372,29.76,12,16.97
2243,2791,77374,67.58,35,52309,53.8,16,6.42
2245,502,35640,80.22,12,28596,66.91,5,2.29
2246,2884,42613,68.53,3,29213,65.07,1,9.19
2247,7917,80711,76.68,14,61904,72.7,8,9.74
2248,933,47600,78.3,17,37279,67.58,9,2.97
2249,1324,28160,70.66,13,19905,54.22,6,7.44
2250,9445,36388,51.37,4,18698,48.97,3,21.04
2252,1714,106618,80.9,19,86261,76.08,10,3.28
2254,2745,63908,93.34,17,59662,87.07,11,1.59
2255,1934,60932,80.28,20,48933,71.25,10,4.43
2256,2485,42524,57.42,17,24426,42.55,6,10.34
2258,8952,1751431,93.9,53,1644767,92.84,25,1.12
2301,191257,2316108,80.65,480,1868377,74.91,275,9.48
2302,24756,166303,62.14,20,103375,56.69,6,21.85
2303,941247,12570094,75.58,1244,9502239,72.86,701,11.59
2305,23517,205661,67.02,24,137861,63.3,11,14.78
2308,608092,2597543,80.62,566,2094789,73.56,270,8.26
2312,199747,1506358,48.63,214,733001,44.22,103,24.01
2313,293956,1233821,58.89,220,726816,53.47,113,25.87
2314,52994,108596,11.52,14,12529,5.51,3,43.61
2316,61155,182741,64.62,46,118119,56.43,21,20.39
2317,1135066,14075746,69.52,1447,9788591,66.85,838,13.03
2318,28527,106023,27.01,15,28654,22.81,7,30.0
2321,14103,16555,71.43,3,11826,67.91,2,16.54
2323,127236,1089348,46.3,210,504650,39.33,85,17.37
2324,322386,4407147,63.22,625,2786992,59.16,335,16.09
2326,48267,40335,12.7,6,5135,6.52,2,45.72
2327,603686,2058731,67.8,356,1396136,63.34,205,18.29
2328,117626,518346,41.81,62,216815,37.85,30,29.93
2329,128386,658948,50.57,65,333323,46.8,25,25.78
2330,3020649,25932370,87.53,2633,22704713,84.77,1487,5.86
2331,56365,557403,59.05,68,329262,54.47,22,17.84
2332,104688,602163,34.14,106,205759,28.06,42,24.07
2333,87636,277761,29.05,56,80740,20.38,18,32.83
2335,6028,49483,35.58,13,17615,25.39,4,20.04
2337,492473,1986261,40.42,303,803194,35.74,146,33.59
2338,86930,366849,44.95,49,164992,40.15,23,27.74
2340,109286,438623,38.61,60,169429,33.73,24,26.75
2341,23850,6852,86.94,1,5958,86.94,1,8.91
2342,140433,157335,40.22,18,63308,35.55,7,35.99
2344,580631,4720491,67.76,542,3199504,64.3,283,17.36
2345,105332,561118,70.31,219,394630,56.42,97,6.26
2347,40082,1667947,88.83,258,1481979,85.03,157,4.03
2348,25177,159486,69.75,31,111275,65.26,20,13.15
2348A,2628,30000,65.45,6,19637,55.71,2,7.0
2349,143139,693680,28.64,123,198823,21.56,42,26.78
2351,20136,196291,77.53,75,152227,67.96,47,9.9
2352,192342,1580507,48.42,204,765476,43.53,77,19.59
2353,389277,3047854,38.2,373,1164854,33.86,157,25.26
2354,184729,1414485,49.81,132,704822,46.89,68,25.43
2355,76032,397495,41.28,99,164152,33.61,48,29.57
2356,246937,3587475,73.71,392,2645096,70.51,208,13.45
2357,112342,742760,74.62,216,554425,65.13,106,10.18
2358,39726,136623,28.01,17,38277,24.25,8,27.34
2359,64136,171471,46.22,36,79292,38.95,18,34.69
2360,30899,425246,70.1,190,298155,52.66,71,2.94
2361,19313,46544,52.97,6,24656,47.24,2,20.77
2362,31134,622263,81.25,116,505735,77.03,74,7.64
2363,130312,514988,35.58,62,183353,31.47,29,34.2
2364,56026,52389,56.99,12,29866,51.35,7,21.58
2365,98343,221528,24.11,28,53457,19.75,13,44.24
2367,188824,706253,28.97,88,204727,25.49,47,41.04
2368,106434,530595,77.22,130,409863,68.91,59,8.65
2369,128699,380102,29.78,53,113251,24.58,22,38.3
2371,267471,2150835,48.73,289,1048512,43.98,122,19.16
2373,14126,236203,87.3,27,206258,86.24,23,6.86
2374,104776,337992,25.31,39,85624,21.32,18,38.62
2375,77537,108675,24.13,19,26249,15.2,4,54.94
2376,91623,669889,73.68,160,493680,66.03,82,13.09
2377,97208,844856,68.55,194,579237,61.61,103,16.12
2378,17777,141056,33.79,25,47689,26.97,9,20.35
2379,84792,515513,74.1,205,382157,59.03,84,6.43
2380,23568,60000,35.88,8,21535,32.78,5,32.56
2381,2565,119,0.0,0,0,0.0,0,32.56
2382,276737,4107627,85.23,515,3501636,81.66,289,7.81
2383,127162,358321,68.23,137,244520,55.74,63,6.61
2384,157964,2047778,28.02,329,574198,20.93,96,18.89
2385,51571,765721,73.84,167,565505,68.4,100,11.21
2387,16878,195251,58.44,30,114128,52.59,13,17.83
2388,54596,556441,71.03,68,395352,67.81,39,14.51
2390,62170,192619,38.99,25,75122,33.91,9,26.41
2392,66064,512327,50.34,65,258039,45.69,23,23.65
2393,51337,443393,66.83,124,296445,59.27,70,14.05
2395,34751,869194,85.11,211,739964,77.26,98,2.9
2396,56588,1276356,45.53,238,581442,37.15,63,10.87
2397,9142,114489,68.79,16,78767,65.46,11,13.46
2398,38402,412916,36.59,46,151160,32.8,20,19.17
2399,53774,178100,33.09,39,58965,24.37,16,35.88
2401,131070,591995,41.39,96,245145,35.73,41,25.46
2402,82508,307537,38.01,50,116983,33.36,25,33.05
2404,64528,190587,55.52,74,105847,40.82,30,17.74
2405,96825,343427,24.39,45,83839,19.44,17,30.55
2406,117292,350906,23.61,57,82926,16.92,20,38.48
2407,48641,734762,37.9,178,278625,27.91,56,11.9
2408,346436,3450206,83.82,328,2892659,81.0,170,8.16
2409,581955,7547099,56.04,897,4231250,51.7,367,15.2
2410,12539,160000,36.35,51,58209,23.71,16,11.16
2412,297048,7757447,79.72,522,6186370,77.99,299,6.64
2413,27210,127359,55.95,24,71283,50.78,14,24.26
2414,15662,161736,59.61,44,96451,49.75,18,14.14
2415,8807,90000,64.14,21,57739,58.53,12,16.77
2417,61506,157219,42.16,20,66308,39.63,13,32.43
2418,64440,1023117,47.82,137,489460,42.17,39,12.98
2419,37884,321317,64.86,14,208472,62.97,3,17.74
2420,39126,152649,48.64,37,74277,39.3,15,21.39
2421,53748,286944,64.11,100,184016,52.32,44,15.5
2423,6164,145047,76.23,34,110584,69.55,17,6.01
2424,4329,59585,80.85,6,48185,79.18,5,7.38
2425,44029,96499,47.62,21,45971,38.92,7,27.7
2426,110699,300622,46.56,62,140034,40.76,35,28.17
2427,21774,198000,53.96,15,106873,49.83,4,21.18
2428,19376,128113,59.72,29,76522,52.54,14,19.13
2429,27484,85500,48.39,14,41386,42.61,7,23.42
2430,37910,116800,63.44,24,74137,57.03,11,15.24
2431,51473,110927,42.04,15,46655,36.0,4,23.13
2432,1258,61860,77.56,9,47988,72.93,4,4.6
2433,7840,144496,79.0,18,114157,77.79,14,10.21
2434,5913,37000,78.18,3,28929,74.38,1,13.91
2435,8964,74692,32.68,10,24423,28.75,4,21.88
2436,75941,221071,26.34,46,58248,18.03,20,41.5
2438,26476,71196,58.44,21,41619,49.42,12,15.57
2439,71562,248641,29.9,52,74394,21.82,21,35.2
2440,8605,139117,70.28,26,97794,67.57,19,10.24
2441,58064,568846,69.85,90,397481,64.42,42,16.27
2442,49900,325232,54.51,51,177361,48.76,22,12.96
2443,30670,150909,55.25,45,83395,45.97,24,12.9
2444,36425,106570,31.31,22,33386,21.87,5,22.02
2445,6213,48163,15.7,7,7571,12.45,4,26.56
2449,244713,1283882,64.9,289,833451,58.92,165,18.15
2450,17503,258253,76.82,17,198445,75.97,14,11.27
2451,44946,431346,70.83,60,305597,65.47,27,13.32
2453,25423,100000,48.16,15,48174,41.48,5,27.56
2454,532871,1603879,74.13,502,1189382,63.85,238,7.65
2455,64789,188705,54.27,79,102453,38.49,32,19.6
2457,112125,424772,29.28,52,124403,24.93,21,30.65
2458,63863,303880,56.99,81,173235,48.08,40,21.58
2459,15057,105596,52.9,32,55880,41.95,11,14.2
2460,44471,169200,58.51,21,99017,53.78,7,15.75
2461,49973,190294,45.39,55,86411,36.57,26,17.4
2462,26033,150784,56.17,36,84724,50.29,21,16.97
2464,88136,218869,47.91,54,104898,39.9,27,27.54
2465,48632,93946,41.15,18,38681,32.32,5,28.07
2466,5386,173459,87.22,50,151312,80.89,33,4.44
2467,48127,161817,69.23,58,112062,59.48,32,13.09
2468,11535,69961,50.66,3,35450,50.02,2,27.95
2471,36717,47254,24.72,16,11689,6.74,1,41.15
2472,38375,164735,56.27,46,92723,46.42,22,26.99
2474,51061,538821,72.66,86,391643,68.39,54,13.53
2475,226549,6479454,71.17,1102,4613062,64.6,429,6.13
2476,18825,220186,68.07,61,149927,60.67,34,11.63
2477,11701,158573,73.9,41,117219,66.99,23,10.92
2478,58711,144731,57.81,51,83700,46.84,23,23.66
2479,13052,37738,32.51,6,12276,25.73,1,31.6
2480,41805,106360,31.84,35,33889,18.21,11,26.1
2481,100282,382115,58.14,82,222224,51.86,47,26.4
2482,38582,77883,41.01,14,31956,35.02,6,29.29
2483,9301,107890,63.92,29,68982,56.27,16,15.27
2484,88701,159421,25.73,36,41041,16.62,13,47.7
2485,136309,317689,23.73,38,75421,20.75,21,47.44
2486,90911,240768,35.91,50,86493,29.11,24,31.57
2488,40651,79999,52.72,24,42189,44.68,13,17.95
2489,133997,610000,29.97,76,182874,25.8,35,36.7
2490,15413,162918,21.55,30,35143,15.55,12,21.72
2491,13399,82008,73.61,23,60374,67.25,15,11.51
2492,122823,485205,63.1,67,306314,58.83,36,24.68
2493,46611,126797,50.33,35,63846,39.27,14,23.07
2494,10286,41493,81.48,10,33814,73.06,5,9.76
2495,38109,273552,50.97,45,139466,46.37,24,22.58
2496,4233,19100,49.56,9,9470,34.97,4,18.83
2497,11945,130888,65.46,33,85704,57.58,17,15.65
2498,164924,836442,38.99,139,326351,33.46,65,26.78
2499,47821,461172,44.19,81,203860,37.98,35,15.36
2501,44410,1159561,76.92,159,892109,72.02,71,7.47
2504,89925,1180000,75.18,204,887418,70.07,107,7.03
2505,23776,380000,79.76,69,303197,75.3,40,6.28
2506,65344,387000,76.9,75,297710,72.2,45,8.67
2509,16364,224551,69.83,45,156828,63.89,23,9.95
2511,45913,1623326,80.77,296,1311476,75.38,151,3.68
2512,43903,489918,34.23,96,167810,25.06,22,14.72
2514,17682,394729,88.06,49,347732,85.08,30,3.78
2515,141612,1688460,60.73,347,1025614,53.13,136,9.41
2516,48952,226278,73.3,63,165894,65.72,38,6.82
2520,76442,609487,75.26,99,458830,71.3,59,8.46
2521,25288,319491,35.27,57,112767,25.85,11,15.88
2523,14031,227678,44.8,58,102027,36.05,25,12.25
2524,7575,365984,93.23,37,341279,91.61,27,2.37
2525,52517,650358,31.82,172,207098,20.38,50,15.09
2527,7354,270306,81.45,36,220218,76.56,14,4.54
2528,8330,437765,84.3,88,369151,79.01,49,2.85
2530,30888,841256,85.84,139,722322,82.05,91,2.31
2533,14039,152615,38.41,37,58646,26.18,7,17.07
2534,63108,474228,72.82,110,345413,66.23,62,7.61
2535,63394,270794,60.89,64,164916,54.91,34,15.03
2536,8362,332809,78.16,79,260150,69.77,38,4.11
2537,43271,300558,61.48,75,184833,53.04,34,11.85
2538,28693,445025,73.76,131,328287,65.75,73,4.7
2539,21256,1455585,87.34,142,1271651,85.08,84,2.61
2540,17339,944874,91.25,83,862454,89.27,54,2.72
2542,110617,2153084,64.47,225,1388517,61.11,108,10.77
2543,32110,528542,71.26,73,376812,67.48,40,9.21
2545,16397,379735,76.86,44,291938,73.9,25,8.45
2546,53687,146187,63.27,23,92514,59.26,12,13.35
2547,74395,1035095,70.67,190,731734,64.12,81,5.87
2548,40818,335705,49.81,102,167275,39.12,44,19.19
2553,19283,81611,18.95,13,15486,11.19,4,33.81
2566,325,2416,0.0,0,0,0.0,0,31.89
2569,61,11552,83.38,2,9634,74.73,1,0.61
2591,80,817,0.0,0,0,0.0,0,18.25
2592,57,10494,90.43,4,9490,82.1,3,1.35
2596,3230,100000,72.18,29,72207,61.72,14,5.66
2597,12942,310716,81.34,41,252785,78.07,25,5.25
2599,1377,98524,66.13,41,65172,51.87,16,2.09
2601,106567,824776,31.57,111,260563,26.17,39,22.65
2603,268257,2165043,75.57,379,1636562,70.47,205,11.8
2605,104834,585353,55.57,115,325343,49.41,56,18.87
2606,45378,845056,78.77,118,665794,75.17,70,9.42
2607,38825,533571,78.18,90,417239,71.63,37,8.65
2608,51866,467000,76.53,70,357507,71.31,32,10.62
2609,352216,3492104,63.51,329,2218584,60.33,150,19.39
2610,242550,6144989,73.09,541,4493102,70.24,254,9.22
2611,50522,189002,48.15,25,91051,44.15,12,21.79
2612,36509,197485,76.73,17,151555,71.83,3,9.82
2613,40005,148423,56.12,28,83318,49.61,11,21.12
2614,100717,327265,46.4,46,151935,41.16,19,23.03
2615,91630,2806146,89.56,307,2513650,86.75,179,4.55
2616,213475,137282,45.04,18,61838,41.0,9,29.83
2617,27508,417294,65.63,67,273926,60.25,30,14.01
2618,193315,5400444,82.95,671,4480408,79.72,395,6.28
2626,296,2885,0.0,0,0,0.0,0,25.25
2630,23325,209438,63.72,11,133506,61.69,4,20.44
2633,104758,5628293,86.89,291,4891128,85.14,137,4.17
2634,116267,941867,48.65,71,458393,46.47,36,23.64
2636,55208,141835,44.63,34,63321,37.78,19,28.31
2637,23222,746409,84.05,152,627476,78.69,87,4.85
2639,1106,99999,99.01,2,99010,99.01,2,0.48
2640,3455,59265,73.62,25,43646,58.17,11,6.33
2641,80079,330334,28.48,47,94100,22.76,14,28.23
2642,19530,95467,60.38,7,57646,60.38,7,26.87
2643,4270,35000,63.97,9,22390,58.79,7,17.6
2644,2503,82952,80.05,34,66414,74.84,28,4.02
2645,31041,374571,80.95,31,303252,78.25,14,9.9
2646,241334,3008735,65.29,137,1964921,63.6,54,16.16
2701,14720,449968,86.36,36,388688,84.79,25,3.63
2702,12326,156613,73.71,18,115468,72.55,15,9.43
2704,30459,366923,88.83,71,325970,83.75,43,3.15
2705,83185,191313,66.7,42,127633,60.58,23,14.03
2706,16044,499998,85.49,59,427551,81.55,26,3.61
2707,18056,127403,60.93,17,77655,54.73,4,19.66
2712,2012,105000,90.79,19,95351,86.86,13,3.41
2714,3933,1137,0.0,0,0,0.0,0,87.1
2718,2621,87576,88.24,16,77286,88.24,16,3.47
2719,3278,69456,90.67,4,62977,89.18,2,5.11
2720,2751,80000,61.03,27,48837,48.9,12,3.59
2722,4894,143170,87.45,31,125241,82.28,20,4.93
2723,8907,180000,69.92,41,125883,61.77,18,8.78
2724,1028,59656,84.84,10,50618,81.39,6,1.76
2726,2434,37690,65.04,16,24520,49.97,7,8.75
2727,148792,82940,39.49,36,32775,17.12,7,26.3
2729,6174,43041,68.1,13,29315,59.55,8,15.96
2730,2322,37215,86.67,2,32256,86.67,2,2.97
2731,30497,93278,43.83,23,40897,34.93,10,29.24
2732,6046,46519,59.22,19,27553,54.15,14,20.51
2733,684,24598,77.51,8,19069,75.36,7,4.57
2734,28680,57260,38.99,13,22336,31.34,6,24.67
2736,6291,79972,55.95,17,44764,46.33,7,14.24
2738,57,67381,97.88,6,65966,94.86,3,0.02
2739,5354,91526,73.83,20,67581,69.14,13,10.21
2740,2928,16762,72.53,2,12158,72.53,2,2.82
2741,1726,22588,64.85,8,14655,48.86,3,12.12
2743,6729,46815,52.86,8,24755,50.27,6,24.5
2745,5250,33809,51.28,5,17339,51.28,5,24.83
2748,9549,105779,61.46,6,65025,59.44,2,16.87
2749,248,20800,75.15,16,15634,33.27,2,2.43
2750,180,60000,98.53,18,59126,88.06,10,0.13
2751,1558,19846,60.31,1,11970,60.31,1,11.25
2752,2574,26694,63.58,16,16976,40.59,6,9.09
2753,11882,66645,54.98,19,36649,43.84,8,17.01
2754,4337,46907,73.13,6,34312,66.51,1,11.56
2755,3844,47262,66.21,16,31300,58.23,9,10.34
2756,1599,24598,71.12,13,17498,53.58,6,8.39
2758,7436,20486,73.57,13,15075,46.27,6,8.21
2760,169,13000,89.19,6,11596,84.47,5,1.02
2761,670,17337,57.63,9,9996,46.07,6,5.99
2762,6155,112500,85.45,21,96164,80.86,13,5.25
2801,282214,12060197,77.71,1278,9373907,74.11,569,3.87
2807,7181,3162,0.0,0,0,0.0,0,75.76
2811,52214,292500,34.55,66,101121,26.43,28,22.91
2812,248123,6425075,59.32,851,3812679,54.03,269,6.76
2816,10430,223608,80.95,34,181054,75.21,13,4.43
2820,73435,1342960,66.17,158,888821,62.31,69,7.96
2825,9437,12529,5.7,1,714,0.0,0,59.85
2827,30310,129587,36.75,31,47642,29.7,16,20.49
2831,42051,1192624,62.1,167,740913,57.24,70,7.66
2832,19593,253540,69.47,54,176219,63.31,26,7.77
2834,395149,10398326,60.57,1417,6300440,54.93,426,6.46
2836,35385,1858316,85.55,176,1590254,82.7,86,3.18
2836A,2787,40000,39.07,8,15629,33.25,5,7.99
2838,50637,4607829,90.5,269,4170848,88.75,134,1.77
2838A,5978,200000,68.75,42,137561,61.79,22,6.06
2841,60334,960944,57.39,179,551750,50.11,62,7.38
2845,99414,4865285,75.8,599,3689008,71.26,236,3.71
2849,9836,1957609,98.52,59,1929024,97.98,42,0.51
2850,17860,315963,67.95,92,214769,57.82,43,9.55
2851,27445,800389,71.46,121,572070,66.59,56,7.21
2852,21685,301164,66.54,107,200487,53.79,50,7.23
2855,56285,1601414,77.88,239,1247302,72.93,108,4.99
2880,471698,14056135,82.08,1129,11541068,79.63,555,4.06
2881,377248,14007365,86.8,1025,12161191,84.6,524,4.28
2881A,18292,600000,90.57,69,543569,88.06,44,3.32
2881B,18100,666660,94.9,69,632781,91.98,40,1.89
2881C,53087,333330,84.94,52,283217,81.47,32,6.05
2882,399731,14669210,85.9,1252,12605293,83.51,677,4.65
2882A,18498,833300,95.01,84,791897,93.22,61,1.71
2882B,19033,700000,96.01,60,672198,94.26,42,1.67
2883,722527,16974612,69.23,1906,11755672,65.47,850,6.6
2883B,68349,1582142,66.54,394,1052928,56.97,151,6.52
2884,624871,17723510,74.45,2159,13198276,70.33,961,6.43
2885,458836,13864396,83.08,1321,11520600,80.42,721,4.87
2886,457269,14833378,83.42,829,12377317,81.94,471,5.62
2887,714172,25115062,75.61,2961,18994673,71.62,1292,4.65
2887E,12867,500000,85.72,59,428761,83.66,44,3.22
2887F,13043,300000,89.41,33,268277,85.87,19,3.49
2887G,16769,75000,47.89,24,35935,34.74,8,11.19
2887H,20453,219668,70.64,60,155216,63.39,34,6.68
2887I,266236,3096421,73.91,579,2289120,67.04,245,8.52
2887Z1,17977,300000,90.45,27,271413,87.55,14,3.08
2889,221511,3633563,72.03,354,2617831,69.28,195,7.66
2890,451689,14782169,81.25,1600,12013734,78.12,851,4.44
2891,578626,19675933,81.95,1885,16129642,79.11,962,5.03
2891B,24703,333330,95.9,38,319726,93.54,25,2.35
2891C,24128,166660,93.69,22,156169,90.86,16,3.59
2892,435884,14379469,72.37,1693,10409673,68.48,757,5.62
2897,27275,2805358,86.62,354,2430350,82.56,167,2.34
2897B,4831,250000,83.57,61,208947,77.81,37,4.01
2901,13552,73043,79.13,20,57813,71.6,10,7.82
2902,11477,146504,47.86,41,70160,36.81,18,12.62
2903,58558,1416941,79.97,161,1133512,76.73,83,6.36
2904,16802,77834,54.27,9,42253,50.17,4,17.14
2905,26949,1110372,84.36,129,936880,81.04,69,3.59
2906,17575,209117,65.12,35,136225,59.26,14,11.59
2908,10780,509888,92.33,54,470831,90.13,36,2.36
2910,1364,175403,96.61,40,169511,92.95,31,0.44
2911,39630,105126,45.99,20,48374,40.98,10,24.87
2912,74487,1039622,83.89,144,872433,79.67,70,7.71
2913,113109,790000,57.26,143,452450,50.14,52,14.01
2915,57897,1104319,69.85,190,771664,64.05,85,8.34
2916,4625,64627,58.93,18,38097,51.07,11,13.43
2920,974,12427,35.79,1,4449,35.79,1,18.05
2923,5102,1740297,99.54,16,1732563,99.36,11,0.2
2924,462,52036,89.51,9,46586,84.08,5,1.02
2926,2124,47390,74.64,14,35374,65.2,7,5.88
2929,50361,109494,32.74,20,35871,24.98,6,18.35
2936,154,76056,99.52,6,75695,98.55,5,0.22
2937,943,43542,84.55,20,36820,71.58,12,2.34
2938,1469,22840,69.37,7,15847,67.54,6,10.94
2939,7041,45549,76.14,28,34690,53.88,13,3.95
2940,238,25184,58.13,19,14646,16.94,3,1.03
2941,3069,15390,66.47,14,10233,20.62,2,4.55
2942,1649,60000,90.71,10,54436,88.06,7,2.9
2945,3174,67500,83.48,6,56353,83.48,6,7.47
2947,11683,23642,62.81,9,14854,54.68,6,5.04
2948,1080,32000,80.37,15,25725,69.09,9,4.99
2949,2806,30641,81.77,16,25060,62.46,8,4.15
3001,6674,75977,19.56,16,14888,10.82,5,19.43
3002,9147,102000,64.88,20,66187,59.19,11,14.52
3003,15846,155655,60.28,44,93848,53.33,27,18.48
3004,18306,64420,58.91,17,37962,45.77,4,14.92
3005,48584,624763,73.71,123,460646,68.7,71,10.47
3006,68791,298128,55.43,92,165327,45.13,42,21.61
3008,123794,130798,55.34,49,72413,40.98,15,13.15
3010,50006,259437,62.88,78,163158,51.7,33,12.64
3011,48830,129566,35.97,28,46628,27.2,8,18.14
3013,48269,205139,44.49,27,91316,39.93,11,32.29
3014,54295,165954,32.89,44,54617,20.97,12,31.85
3015,16962,187262,63.81,55,119514,54.48,28,16.13
3016,35538,295332,75.39,39,222724,71.77,22,12.81
3017,97831,394479,67.59,142,266701,54.56,57,7.47
3018,36599,75378,64.28,6,48462,62.19,3,18.3
3019,96143,279244,38.98,47,108877,32.69,19,36.36
3020,1634,122695,99.45,1,122032,99.45,1,0.48
3021,8465,94683,70.62,19,66886,65.36,13,13.72
3022,17141,176598,65.74,40,116153,60.35,25,14.17
3023,51487,240069,70.11,102,168371,56.74,50,7.76
3024,57474,277157,50.6,85,140296,37.95,35,14.4
3025,41509,56736,23.23,11,13193,12.38,2,32.42
3026,72231,165890,55.42,76,91970,36.81,27,22.88
3027,47697,129160,42.6,30,55049,33.48,10,23.86
3028,55081,237241,42.72,47,101396,37.68,27,26.18
3029,64069,167005,42.9,39,71672,35.21,17,29.28
3030,35868,236216,57.36,45,135560,51.18,20,18.76
3031,17549,173203,60.35,20,104541,57.42,12,20.17
3032,33090,113286,52.1,27,59049,44.39,11,16.96
3033,97224,524458,39.16,106,205494,32.11,48,24.12
3034,89692,608511,71.9,225,437586,60.15,106,9.74
3035,112244,260550,31.67,39,82565,26.84,19,40.97
3036,87776,1346515,82.97,245,1117431,77.76,134,6.46
3037,273127,1643901,78.74,407,1294608,70.86,202,8.17
3038,49821,157408,41.23,30,64932,33.3,12,24.31
3039,5427,66341,33.29,23,22099,17.71,7,10.35
3040,23169,66225,68.18,15,45160,64.61,10,13.42
3041,69748,142097,26.94,16,38308,23.07,6,37.86
3042,88750,342993,56.64,95,194379,49.18,55,22.72
3043,54686,38976,19.69,7,7679,14.4,3,35.45
3044,33717,525606,79.99,182,420523,69.23,93,5.69
3045,59330,3724725,92.98,378,3464151,90.43,230,2.7
3046,19898,78448,54.54,13,42804,46.74,3,19.85
3047,67570,224767,20.17,29,45396,14.98,9,35.67
3048,80733,269830,48.04,43,129674,41.9,16,27.16
3049,118807,802011,46.32,64,371638,43.15,22,22.59
3050,42102,154984,52.07,34,80736,42.21,10,18.06
3051,66588,167000,34.22,29,57172,25.68,6,25.91
3052,48936,233246,58.27,67,135946,48.01,27,9.02
3053,1489,7959,54.35,6,4327,27.94,2,15.42
3054,3384,80651,88.38,14,71303,85.16,10,3.3
3055,28226,114975,66.08,31,75998,56.01,14,14.99
3056,71612,480555,34.1,76,163931,27.47,25,18.87
3057,37308,67865,34.49,8,23420,32.89,6,30.85
3058,49777,201723,21.9,32,44233,15.12,9,25.67
3059,95536,307668,23.8,46,73287,19.33,22,38.49
3060,70085,137563,20.14,29,27741,12.43,12,32.0
3062,72324,330082,24.21,61,79974,16.3,19,35.06
3064,2935,13011,63.47,3,8260,60.15,2,10.09
3065,1469,183896,83.62,33,153802,78.86,19,2.46
3066,5022,83071,73.57,17,61130,67.25,9,10.25
3067,755,20000,71.33,4,14271,63.62,2,3.53
3069,1424,3000,35.56,1,1067,35.56,1,24.44
3070,172,7275,51.25,5,3730,18.25,1,4.13
3071,11178,110000,58.54,12,64419,55.16,6,20.66
3072,58,373,0.0,0,0,0.0,0,29.78
3073,4161,39511,57.73,20,22820,37.96,9,14.78
3075,431,7782,70.68,4,5500,70.68,4,9.56
3077,90,722,0.0,0,0,0.0,0,34.59
3078,59079,227391,37.04,52,84286,28.4,21,29.37
3079,4365,47640,32.06,12,15285,19.24,3,17.88
3081,80519,101769,45.27,38,46091,30.15,14,18.54
3082,66,455,0.0,0,0,0.0,0,24.02
3083,8780,86487,56.61,9,48975,53.1,4,20.12
3084,225,1873,0.0,0,0,0.0,0,18.99
3085,2904,69019,89.64,4,61880,87.92,2,2.85
3086,7958,272711,85.5,26,233215,83.02,16,4.65
3087,443,51306,97.95,1,50259,97.95,1,1.41
3088,16592,113011,48.81,29,55173,37.29,8,22.14
3090,71444,287567,61.48,53,176824,54.81,21,23.3
3091,95,179,0.0,0,0,0.0,0,50.23
3092,32016,106649,38.0,23,40544,30.31,10,22.48
3093,7762,145156,76.18,16,110605,71.63,6,10.36
3094,40865,83117,29.34,17,24407,24.76,10,36.3
3095,25363,14680,54.41,4,7989,41.42,1,17.96
3096,666,22786,50.21,7,11443,38.62,3,6.29
3097,635,75086,86.84,15,65213,81.35,9,1.5
3098,76,1395,0.0,0,0,0.0,0,15.12
3099,13803,225176,37.62,68,84775,23.21,16,10.52
3105,125535,423940,55.69,93,236183,49.69,48,25.67
3114,7780,65130,52.92,20,34482,41.57,9,20.08
3115,17843,72198,86.25,10,62280,85.38,9,2.37
3117,1512,22800,56.12,8,12796,42.7,4,11.64
3118,41913,32453,37.79,14,12271,18.51,4,17.49
3122,46109,40772,26.59,10,10845,15.85,4,33.02
3126,2744,48752,44.15,14,21528,31.93,3,5.67
3128,49102,47317,31.27,10,14805,23.78,5,28.89
3130,7388,33191,55.42,10,18396,49.3,6,23.3
3131,30894,30414,50.13,14,15254,35.29,6,15.64
3133,492,27262,63.27,14,17256,46.91,7,3.25
3135,22146,102355,48.51,19,49670,43.32,11,27.03
3137,80,1883,0.0,0,0,0.0,0,7.7
3138,32153,56392,26.17,11,14771,18.98,4,42.7
3141,31761,75461,27.66,26,20886,10.28,6,36.54
3142,5169,203333,51.28,71,104291,38.74,30,5.03
3147,7307,43687,54.79,13,23944,47.6,8,18.18
3149,67011,286234,26.13,56,74819,19.51,24,33.2
3150,5745,44377,53.98,11,23960,46.29,5,7.3
3151,656,4133,36.97,2,1528,26.17,1,17.95
3152,8785,39016,43.76,15,17083,28.24,7,21.99
3158,1751,30697,36.09,11,11085,23.46,5,9.13
3159,483,5840,28.6,2,1671,20.39,1,16.26
3161,179,32583,95.15,17,31010,82.62,10,0.96
3162,14601,154341,60.92,28,94064,55.63,14,14.71
3163,99273,94635,27.07,23,25642,17.59,6,45.03
3164,22703,86010,55.29,35,47569,40.03,15,17.38
3166,98,23374,96.38,2,22532,94.66,1,0.79
3167,28368,91387,52.89,32,48353,41.64,15,16.26
3168,2521,75100,75.47,20,56687,66.9,11,6.02
3169,27528,63307,36.54,12,23147,28.58,4,25.51
3171,2273,33118,76.93,5,25480,71.98,3,8.3
3176,45560,139307,37.33,32,52045,30.53,16,21.14
3177,205,4108,75.32,2,3094,60.86,1,14.54
3178,4601,45050,64.37,10,29001,61.31,7,16.54
3179,110,9847,30.35,4,2989,16.07,1,1.36
3184,3587,63074,55.91,18,35276,47.66,8,13.19
3186,2283,30000,77.49,2,23250,77.49,2,8.98
3188,7358,189088,75.64,43,143059,68.4,20,6.15
3189,123223,526910,73.94,106,389703,68.03,56,13.36
3190,59,14308,74.69,5,10689,71.03,4,0.41
3191,18246,43597,54.39,9,23720,47.59,4,11.82
3194,161,13915,73.1,9,10174,53.63,4,1.06
3202,37700,129345,24.59,20,31836,19.46,8,27.41
3205,31212,67546,66.33,8,44821,61.71,3,10.45
3206,23256,58917,55.2,22,32537,42.69,11,17.49
3207,21317,66422,37.56,21,24964,22.48,6,16.39
3208,107,3025,46.49,1,1406,46.49,1,7.97
3209,56719,235391,42.43,61,99938,34.32,30,22.13
3211,82755,154418,49.44,41,76389,39.19,14,31.37
3213,46855,58686,28.12,15,16508,16.7,4,29.73
3217,15881,90104,41.9,22,37763,31.08,6,27.54
3218,18142,84725,55.53,18,47065,48.78,9,23.0
3219,3818,71781,82.66,12,59350,76.22,4,6.54
3221,48262,104989,26.04,33,27357,10.12,6,40.76
3224,16488,78173,71.94,28,56250,63.52,17,8.39
3226,1233,64431,87.66,25,56493,71.15,8,1.87
3227,57120,151913,39.08,50,59397,25.19,14,31.22
3228,34397,71937,24.29,14,17484,19.55,8,34.21
3229,11278,64263,68.21,3,43843,67.46,2,15.12
3230,19484,86011,53.75,20,46240,46.65,11,16.23
3231,351243,3430052,69.47,569,2383823,65.09,321,15.27
3232,14674,46568,58.39,21,27200,43.95,9,9.88
3234,46629,126475,35.21,30,44556,26.11,10,27.93
3236,64320,105001,30.05,16,31577,26.49,10,40.75
3237,104,1464,0.0,0,0,0.0,0,18.82
3252,2631,50196,79.17,24,39754,66.59,14,6.72
3257,28651,79824,43.72,11,34922,37.1,3,27.28
3258,91896,273423,10.19,23,27934,7.58,10,43.11
3259,3820,72966,70.99,26,51819,62.64,16,7.46
3260,141309,334463,34.24,64,114581,28.41,32,37.2
3264,74633,490170,72.27,130,354371,65.14,72,12.09
3265,15698,136262,68.77,26,93724,59.63,6,15.82
3266,3678,352314,90.47,29,318791,89.14,21,1.8
3267,533,17062,29.55,3,5044,26.87,2,6.41
3268,42764,34721,34.64,10,12032,28.51,6,22.32
3272,9116,61177,50.29,11,30775,45.51,6,19.41
3276,47210,69713,59.59,13,41557,53.88,5,12.4
3279,113,966,0.0,0,0,0.0,0,17.27
3283,146,6655,49.64,5,3305,15.13,1,4.46
3284,21772,108628,70.07,20,76124,66.72,14,9.71
3285,9796,42735,65.23,19,27885,51.74,10,8.98
3287,3877,43970,58.55,11,25756,48.76,4,15.76
3288,11395,16380,48.2,5,7898,36.75,2,19.35
3289,58834,86746,27.01,27,23450,13.05,8,37.58
3290,26101,90215,54.56,33,49235,40.59,14,13.15
3293,108091,281802,55.7,81,157043,45.95,41,22.64
3294,16230,132016,51.75,23,68354,46.98,14,23.62
3296,7019,96724,76.96,32,74456,70.72,23,7.31
3297,9780,36049,50.46,13,18199,36.6,6,29.17
3301,996,124326,79.23,40,98519,70.3,24,2.14
3303,14200,94091,47.46,33,44676,35.03,15,17.02
3304,424,14069,33.55,7,4721,9.88,1,6.53
3305,60965,143810,42.05,26,60505,35.71,10,32.59
3306,29769,50608,48.69,8,24648,43.14,3,25.45
3308,10342,60000,61.83,8,37103,59.07,6,19.73
3310,1718,74948,82.3,32,61703,70.43,19,3.0
3311,39118,100000,57.74,18,57756,50.59,7,18.55
3312,69030,182627,44.47,19,81249,42.55,12,30.73
3313,34147,221134,76.27,21,168684,74.35,14,9.34
3317,61839,90000,31.87,19,28690,24.07,7,41.69
3318,925,52256,56.8,19,29689,41.84,6,3.13
3321,28373,86114,47.53,21,40948,37.66,7,14.38
3322,64976,137582,34.7,26,47763,29.32,13,18.68
3323,69171,99593,20.97,14,20898,15.5,5,43.87
3324,55570,93641,60.19,41,56375,36.37,10,17.21
3325,61106,110169,30.44,33,33558,14.78,6,22.31
3332,1710,48104,87.0,15,41858,77.98,9,2.97
3334,127,24680,91.54,5,22594,89.35,4,1.02
3338,62058,87908,30.65,17,26957,22.59,5,36.97
3339,31115,66568,26.57,17,17692,13.83,3,32.6
3342,762,40910,53.13,17,21746,33.08,5,4.33
3343,869,58780,44.66,10,26267,39.29,5,3.62
3345,101,36301,95.55,2,34688,93.93,1,0.42
3346,39390,121228,27.05,21,32825,20.5,8,29.26
3349,1676,47822,49.89,26,23868,26.89,9,5.68
3350,923,21579,14.05,6,3034,0.0,0,10.93
3354,6846,70112,71.7,6,50275,70.56,5,14.61
3356,13809,68550,34.5,14,23656,27.84,6,28.99
3357,21034,118793,57.36,44,68174,41.44,15,19.65
3360,46819,76402,22.59,11,17279,16.99,4,31.65
3361,389,49553,81.55,18,40421,68.18,8,1.21
3362,32115,147446,58.75,43,86656,49.06,20,22.44
3363,71560,113641,37.12,28,42211,28.06,11,29.36
3364,216,2701,0.0,0,0,0.0,0,18.15
3369,4634,28946,56.22,3,16276,54.42,2,16.17
3372,57164,235324,53.81,26,126690,50.98,15,18.44
3373,35517,47619,26.37,4,12563,24.99,3,32.74
3374,49048,271364,67.77,41,183949,64.17,25,17.54
3376,57798,195780,39.77,58,77919,27.56,19,30.43
3377,241,19653,64.25,12,12631,35.71,2,2.0
3379,29803,38042,28.51,6,10851,24.78,3,36.98
3380,42917,541718,65.64,38,355708,63.11,15,14.2
3383,11620,75000,48.48,18,36370,38.5,6,16.7
3388,15221,85453,37.93,17,32429,29.65,6,30.14
3390,56190,79330,31.21,19,24775,17.95,3,23.62
3391,928,68860,66.0,27,45455,52.44,11,2.73
3394,162,1179,0.0,0,0,0.0,0,26.51
3397,1813,9023,0.0,0,0,0.0,0,46.56
3402,38541,73048,30.72,11,22451,24.52,4,35.52
3404,50,653,0.0,0,0,0.0,0,21.09
3406,34666,112743,60.93,54,68709,39.78,16,12.7
3412,261,8071,84.95,1,6857,84.95,1,3.49
3413,28066,111376,46.79,25,52128,41.98,15,27.33
3414,252,1360,0.0,0,0,0.0,0,39.06
3416,9464,80857,56.66,16,45820,51.58,10,16.21
3419,30604,120480,31.27,25,37700,24.06,10,24.72
3430,33243,33716,33.52,6,11302,33.52,6,33.44
3431,12537,55459,51.35,8,28481,46.69,4,17.57
3432,3503,42230,66.5,13,28088,58.48,8,13.35
3434,9281,35755,47.1,14,16845,33.02,6,20.1
3437,47137,144548,25.4,22,36750,19.88,9,37.97
3438,28309,47166,45.12,2,21285,43.53,1,29.58
3441,34926,40040,25.54,12,10233,11.45,3,42.61
3443,45271,134012,64.79,41,86859,51.28,11,7.92
3444,5047,44997,49.35,17,22214,38.57,10,17.19
3447,5773,77449,59.48,14,46088,51.2,3,15.44
3450,78609,145681,43.24,50,63022,31.32,21,32.27
3455,44133,59851,31.73,25,18998,11.28,5,33.04
3465,4560,42330,68.03,13,28805,58.2,7,6.77
3466,28997,77892,45.81,23,35701,33.76,7,18.45
3467,2584,31107,62.38,11,19409,55.4,7,12.68
3469,191,22448,63.92,14,14353,42.15,6,1.47
3471,503,5000,45.04,3,2253,25.6,1,10.99
3472,1709,76274,58.36,25,44534,43.84,7,4.68
3473,270,23491,76.03,7,17861,67.92,4,1.75
3475,1777,1784,0.0,0,0,0.0,0,46.82
3479,37494,73037,39.82,17,29098,30.26,5,32.89
3481,996700,7989197,37.07,1041,2963319,32.42,418,25.33
3482,527,6521,44.4,4,2896,16.87,1,16.25
3483,52370,99049,21.81,24,21628,13.05,10,40.56
3484,47074,78828,32.37,20,25525,24.43,10,24.24
3485,7270,38501,51.37,18,19789,33.54,7,18.72
3489,2699,90452,81.58,10,73808,79.83,8,4.79
3490,34341,55006,24.77,13,13635,19.07,7,33.71
3491,64003,68805,36.52,26,25143,22.66,10,25.61
3492,2826,35532,47.22,5,16783,41.95,2,17.09
3494,17999,94800,61.82,12,58612,56.76,4,11.43
3496,205,21562,79.91,9,17233,70.66,5,1.93
3497,112,4588,33.29,2,1528,23.86,1,5.4
3498,53995,61273,55.35,17,33925,48.11,10,18.46
3499,41453,54971,44.34,13,24377,41.85,10,23.62
3501,12232,118258,47.37,21,56040,42.49,12,21.37
3502,283,9202,34.17,5,3145,12.4,1,6.87
3504,13156,114060,66.13,20,75447,60.57,9,18.83
3505,160,5429,87.89,1,4772,87.89,1,8.41
3506,606,8573,19.83,3,1701,0.0,0,18.33
3507,278,31800,87.08,12,27699,75.26,7,1.5
3508,67413,108867,47.75,30,52003,37.53,13,25.78
3511,9383,79973,53.61,6,42885,51.13,3,22.29
3512,4810,113072,71.88,29,81313,64.42,16,8.55
3515,13669,123521,69.14,21,85424,61.8,6,13.8
3516,3145,59561,77.96,19,46445,67.72,10,5.51
3517,663,5031,13.89,1,699,0.0,0,24.01
3518,29821,102467,36.29,29,37201,26.08,12,17.13
3519,65059,433985,50.83,48,220655,46.45,18,18.32
3520,48041,68847,41.1,18,28313,28.63,4,17.44
3521,39645,185766,81.8,16,151993,78.97,8,3.65
3522,28090,104096,56.86,27,59210,50.31,15,10.44
3523,7776,64258,83.4,13,53601,78.36,7,4.9
3524,301,20627,66.46,14,13714,39.39,5,2.68
3526,20954,67528,44.49,21,30060,29.46,6,18.19
3527,25023,44445,26.65,10,11855,20.06,5,25.99
3528,5565,66639,69.54,13,46354,62.6,5,12.33
3529,26872,74686,53.85,38,40235,31.34,12,8.39
3530,15931,77476,57.41,13,44483,53.68,8,23.08
3531,1821,61175,80.37,34,49182,60.81,15,4.9
3532,23750,387848,90.37,29,350584,87.97,14,4.75
3533,37152,112535,61.18,50,68878,44.16,18,11.77
3535,43282,79052,26.36,8,20851,24.14,5,39.48
3536,6379,52089,67.9,5,35376,65.12,3,11.35
3537,44991,56243,29.45,10,16571,23.54,5,38.03
3540,59603,84459,23.52,7,19870,21.9,4,34.57
3541,17972,56349,35.93,20,20259,24.84,11,18.83
3543,24777,146263,61.83,44,90460,49.68,15,8.28
3544,578,2444,0.0,0,0,0.0,0,40.71
3545,81633,222411,24.98,36,55592,19.26,14,39.62
3546,34486,61349,34.59,18,21231,23.07,7,27.41
3548,40605,68244,32.71,17,22337,24.21,7,33.73
3549,239,1481,0.0,0,0,0.0,0,29.8
3550,51553,107550,43.94,32,47283,32.88,14,24.68
3551,13867,62275,50.12,24,31224,34.23,8,28.53
3552,55136,97918,36.84,20,36093,32.42,12,31.37
3554,135,15858,87.29,1,13843,87.29,1,1.7
3555,4311,39999,80.48,9,32197,77.74,7,7.05
3556,64337,63703,16.52,5,10534,13.67,2,43.83
3557,20099,84315,61.05,20,51494,53.32,9,12.11
3558,12051,59061,51.04,10,30150,47.07,6,30.58
3560,194,20405,74.02,9,15107,59.92,4,1.64
3563,36712,63961,50.57,22,32357,39.11,8,24.08
3564,6452,60010,60.19,3,36130,59.07,2,18.94
3566,10580,419621,73.96,150,310433,60.69,57,1.15
3567,33620,33954,18.59,7,6322,7.93,2,34.37
3568,186,10061,72.36,5,7282,46.71,2,3.9
3570,2900,17097,54.02,4,9239,45.25,2,22.59
3571,416,3285,0.0,0,0,0.0,0,27.33
3572,330,11817,44.74,4,5290,29.87,2,4.69
3576,211959,1627795,39.59,196,644543,35.11,75,22.81
3577,4620,63966,67.22,25,43015,52.36,11,9.4
3579,6150,9580,74.14,3,7103,65.76,2,15.48
3580,41064,39471,15.24,8,6023,7.21,2,34.41
3581,7185,51006,59.14,15,30169,48.54,7,20.06
3583,31755,83859,59.65,26,50038,46.74,11,21.51
3584,21932,139767,25.46,29,35615,18.43,13,25.7
3585,14665,111679,39.66,13,44314,34.96,4,24.91
3586,88,2458,51.29,2,1261,0.0,0,7.36
3587,29884,71685,31.35,15,22482,21.81,5,37.42
3588,49295,61991,27.46,12,17032,18.58,5,33.86
3591,17175,130387,52.43,34,68394,45.6,19,20.01
3592,36841,75855,36.79,21,27927,24.87,5,32.5
3593,24758,60825,64.24,18,39088,50.01,4,9.43
3594,20319,95948,53.49,26,51340,42.11,10,18.28
3595,24773,40696,30.72,7,12506,28.89,6,28.86
3596,25146,220354,69.3,65,152732,59.88,31,12.98
3597,2187,39236,64.46,11,25297,56.91,7,10.41
3601,688,34887,52.62,9,18366,40.76,3,3.43
3603,681,24844,71.13,10,17676,64.91,7,4.67
3605,40932,176866,69.66,57,123255,61.62,36,14.01
3606,98,16847,77.4,11,13043,43.23,2,0.73
3607,47085,121662,32.25,34,39265,21.49,14,19.02
3609,7478,38419,52.6,17,20213,34.35,4,9.29
3610,1499,40996,78.87,3,32339,76.71,1,6.04
3611,4793,47555,58.29,13,27726,46.89,4,13.35
3613,1140,63436,66.67,28,42304,50.87,13,3.89
3615,42954,68467,31.41,12,21520,24.72,4,40.95
3616,3455,94650,42.66,36,40397,25.84,10,6.41
3617,7181,94762,66.32,38,62867,52.68,16,9.33
3619,164,7626,27.79,3,2120,15.73,1,4.99
3622,25066,151328,58.58,18,88690,55.33,10,17.22
3623,8206,29186,53.6,4,15646,48.24,1,22.09
3624,40043,117341,57.26,21,67198,50.14,9,24.63
3625,42829,114247,48.7,32,55668,37.64,11,18.43
3627,14080,30991,56.06,9,17376,50.03,5,11.97
3628,7403,45000,59.15,5,26624,56.02,3,15.93
3629,1739,32955,86.89,5,28637,84.01,3,2.99
3630,27915,204192,54.16,15,110628,51.09,5,20.29
3631,1672,81821,80.25,15,65667,74.44,7,3.65
3632,33223,40890,17.2,5,7039,15.58,4,45.61
3633,1856,34024,60.69,13,20656,46.15,5,9.45
3634,217,49600,82.97,13,41166,72.48,6,0.7
3635,397,5050,0.0,0,0,0.0,0,15.06
3636,502,6000,87.18,1,5231,87.18,1,4.38
3637,824,29749,77.46,6,23047,71.3,3,4.12
3642,18060,45869,63.39,18,29086,49.5,10,7.54
3643,403,47937,97.95,1,46958,97.95,1,1.03
3644,2270,83300,76.25,31,63524,67.82,19,3.61
3645,65741,136754,37.59,38,51421,27.86,16,33.03
3646,36454,39297,48.81,21,19194,19.97,5,8.54
3647,2940,2802,0.0,0,0,0.0,0,50.0
3649,275,10819,36.51,6,3952,0.0,0,4.85
3651,69,69565,95.9,12,66730,89.61,4,0.15
3652,3493,75098,72.29,13,54292,67.94,7,8.5
3653,31995,146733,70.61,42,103660,64.26,26,4.54
3656,3282,58249,77.46,6,45128,75.19,3,7.08
3659,628,54774,86.52,16,47399,78.88,8,2.15
3661,105945,86350,35.31,42,30514,9.73,7,26.91
3662,22514,183478,53.41,26,98024,48.89,11,17.55
3663,23980,108494,64.96,11,70506,61.98,6,21.11
3664,5801,75945,68.46,7,52001,66.69,4,7.35
3665,49970,199578,62.53,87,124849,45.03,34,8.4
3666,28557,138950,83.34,16,115827,80.26,9,6.03
3669,8152,92920,58.58,9,54453,54.68,3,17.92
3671,53,14500,87.86,7,12743,72.48,3,0.41
3672,20983,40790,55.92,20,22818,40.16,9,9.1
3673,83359,406664,41.71,69,169689,35.99,32,26.66
3674,405,17814,71.06,7,12661,65.86,5,5.17
3675,13435,53058,58.48,6,31037,55.16,2,20.74
3678,1017,26422,52.55,13,13890,35.95,5,6.62
3679,5096,63022,65.87,25,41523,54.01,13,11.85
3680,29425,96651,57.58,42,55660,43.9,22,20.59
3681,341,118704,95.08,6,112879,94.39,5,0.55
3684,6111,30310,62.43,10,18929,52.87,6,13.33
3685,13407,79574,62.21,32,49523,44.54,8,7.55
3686,62542,76495,21.85,14,16725,16.77,7,34.15
3687,36356,30124,37.33,6,11249,32.52,4,36.56
3689,34124,89539,26.41,24,23667,14.12,6,35.82
3690,1356,60356,89.17,6,53832,83.95,1,2.84
3691,12830,91883,59.71,16,54872,54.18,9,18.5
3693,22644,42991,52.81,14,22716,41.76,7,22.33
3694,14260,154891,57.97,18,89800,53.65,7,18.25
3701,48851,236669,72.82,21,172368,70.63,13,14.59
3702,95908,1751374,83.11,347,1455818,78.02,205,6.04
3703,34598,823216,72.4,106,596207,68.23,47,8.18
3704,43383,415445,64.85,84,269524,57.96,36,14.57
3705,26125,266423,69.52,70,185267,62.56,43,9.81
3706,196072,1327212,55.34,131,734791,52.45,70,22.42
3707,92393,401125,45.3,46,181801,41.78,22,31.83
3708,46360,93715,49.07,24,46002,38.35,7,24.16
3709,8542,145569,71.93,19,104733,66.31,6,9.37
3710,22975,177087,26.0,41,46091,16.67,15,20.07
3711,331101,4487686,86.98,799,3904501,81.51,418,5.24
3712,36093,246242,58.0,28,142857,55.03,17,18.27
3713,4185,88099,56.59,31,49869,44.1,11,7.9
3714,156218,737940,43.75,122,322950,38.26,57,24.81
3715,97351,283575,29.64,62,84082,20.48,23,41.88
3716,53613,150579,52.82,34,79576,45.5,15,22.06
3717,49722,217393,39.67,57,86280,31.64,26,21.6
3718,102843,390981,41.78,61,163420,35.52,21,32.82
4102,37608,42373,46.47,12,19696,33.76,4,14.71
4104,44243,188367,45.27,24,85317,40.06,8,25.01
4105,52109,248650,48.23,68,119995,39.02,32,17.51
4106,16095,100912,51.02,17,51508,46.2,8,20.89
4107,13540,69298,61.71,24,42783,51.88,14,12.6
4108,54661,198619,28.84,26,57333,23.57,7,23.05
4109,43652,118737,43.87,29,52098,36.1,13,17.26
4111,46390,59832,42.72,23,25570,33.16,14,16.64
4113,20090,231138,74.29,74,171742,63.67,34,4.77
4114,74386,550430,44.28,117,243841,37.26,50,13.79
4115,996,60000,75.96,16,45587,69.74,10,3.25
4116,4371,44566,54.95,3,24492,54.95,3,17.47
4117,6127,70824,54.94,25,38921,37.83,7,13.83
4118O,202,29993,90.11,1,27027,90.11,1,1.25
4119,26660,119509,47.67,14,56986,45.06,9,17.47
4120,7446,86747,71.56,21,62087,63.89,12,8.63
4121,51550,83111,49.63,19,41257,44.47,12,23.39
4123,47482,811858,59.38,177,482205,52.71,87,10.92
4125,218,1934,0.0,0,0,0.0,0,29.72
4126,22468,72600,63.1,24,45818,55.08,15,15.39
4127,26594,45760,71.74,14,32834,65.58,9,8.65
4128,101123,588171,43.56,67,256307,39.55,25,15.81
4129,34032,96438,60.12,33,57996,48.89,13,10.86
4131,3495,39879,77.3,6,30835,72.24,2,5.51
4132,42834,187941,46.63,49,87674,38.33,23,11.76
4133,54079,60554,23.57,11,14281,18.53,5,39.34
4135,511,26465,65.43,14,17322,44.13,5,3.75
4136,95,36147,99.3,4,35897,97.87,3,0.34
4137,7492,82492,51.24,14,42296,44.39,5,15.79
4138,21091,39930,51.42,4,20535,51.42,4,25.04
4139,1132,45010,68.6,22,30888,50.01,10,3.1
4140,473,3039,0.0,0,0,0.0,0,30.87
4142,83907,429508,40.44,85,173785,33.52,37,21.37
4147,47308,273202,52.36,66,143094,43.61,27,13.31
4148,2272,67236,79.17,11,53237,77.76,9,5.65
4150,28445,147218,48.54,51,71484,34.31,15,7.7
4151,642,50026,78.35,13,39203,71.12,7,2.65
4153,5171,58668,76.68,15,44999,72.11,11,8.37
4154,880,38390,76.61,15,29414,67.1,8,2.81
4155,32538,139668,43.15,37,60306,32.53,14,17.27
4156,894,56540,71.88,14,40645,67.52,10,4.14
4157,31666,711834,59.36,117,422655,52.43,36,8.83
4160,34589,26690,29.63,3,7910,25.36,1,33.49
4161,5121,59798,44.57,24,26663,26.97,8,11.11
4162,47013,143678,45.4,23,65261,39.42,9,21.33
4163,24869,50675,70.07,22,35520,61.63,15,8.14
4164,18919,195664,50.75,53,99342,40.54,22,16.56
4166,3762,243035,83.03,27,201841,79.6,14,2.98
4167,56305,331554,42.33,84,140404,34.45,39,13.92
4168,50022,112521,27.44,25,30902,20.95,11,22.25
4169,4385,66432,54.24,22,36040,47.55,14,10.29
4170,6415,43771,58.5,15,25616,45.21,7,9.35
4171,38255,58057,32.71,10,19002,27.65,6,25.29
4172,24464,119576,38.68,24,46278,30.08,8,10.97
4173,30494,74574,43.05,4,32109,40.0,1,21.36
4174,42685,131580,42.46,30,55880,36.42,18,23.15
4175,11381,42323,56.05,7,23724,54.98,6,22.58
4177,2159,62805,59.03,17,37091,48.19,6,7.92
4178,4204,215905,77.78,45,167976,72.41,26,3.66
4181,1737,2128,0.0,0,0,0.0,0,59.35
4183,1179,23800,62.79,13,14949,43.43,5,8.72
4184,644,39183,92.03,1,36064,92.03,1,1.69
4186,4660,90000,45.82,36,41250,26.03,9,9.98
4188,5037,63333,54.19,11,34329,47.92,4,13.14
4190,16532,61267,66.67,12,40856,62.95,9,15.53
4191,2532,100170,63.05,31,63165,48.78,9,5.6
4192,4607,35164,68.36,3,24042,66.6,2,13.56
4193,5426,67616,49.26,25,33321,33.69,6,3.85
4194,3273,145974,76.72,24,112001,73.12,14,5.15
4195,28483,80000,38.89,24,31131,30.04,13,15.9
4197,2349,30181,65.48,21,19765,40.26,7,6.03
4198,2583,24108,82.26,4,19833,78.2,3,5.66
4205,11023,97649,66.37,33,64842,58.94,21,14.64
4207,8472,198538,73.23,52,145420,64.14,22,5.27
4303,37400,132447,20.13,15,26690,14.14,3,29.3
4304,3725,61038,80.97,14,49432,74.64,7,4.58
4305,1689,55014,84.73,26,46626,74.81,19,4.35
4306,89814,676757,57.84,115,391606,51.69,44,10.01
4401,12611,122692,62.4,50,76587,47.07,23,8.75
4402,41587,67992,66.04,14,44917,60.94,8,7.83
4404,7868,112265,35.81,25,40228,26.98,7,14.68
4406,1528,51912,77.73,20,40360,62.15,7,3.45
4408,4011,67628,35.78,14,24208,30.41,8,12.65
4413,1641,31315,69.31,15,21709,52.61,6,4.68
4414,22498,263796,64.1,46,169128,57.37,18,9.1
4415,4358,43577,85.04,11,37066,76.68,5,6.77
4416,2840,73586,65.85,36,48464,49.85,16,7.08
4417,8228,83971,46.01,19,38665,38.35,8,16.1
4419,5198,169163,96.83,7,163832,95.07,3,0.74
4420,8092,40455,59.04,8,23891,54.11,4,23.6
4424,2549,59850,66.59,16,39856,62.32,11,5.49
4426,9520,172677,61.66,32,106512,54.21,12,10.25
4427,966,212542,87.52,55,186041,78.71,24,0.93
4430,8639,56274,64.1,21,36075,53.29,11,16.08
4431,2052,36536,70.89,5,25908,64.19,1,10.8
4432,4908,50589,55.44,12,28049,45.45,4,11.86
4433,10276,61300,56.25,10,34491,52.24,6,17.56
4438,4664,113425,65.78,39,74626,50.12,10,7.34
4439,1314,38215,78.32,14,29938,69.43,9,5.05
4440,3851,67598,57.01,45,38554,28.87,12,12.45
4441,2470,68176,70.3,25,47940,55.42,11,4.94
4442,961,33125,74.6,18,24717,49.36,6,4.29
4502,3835,56703,70.74,16,40118,55.45,3,5.89
4503,7578,78313,62.79,10,49193,59.8,6,15.18
4506,11138,177012,80.68,29,142828,74.05,11,8.12
4510,61033,108978,35.79,18,39032,29.65,6,35.85
4513,44149,143762,57.43,16,82591,53.14,5,15.46
4523,35972,64949,59.94,18,38950,52.01,9,13.28
4526,61924,254826,47.9,58,122098,41.04,31,25.66
4527,4360,76152,67.51,26,51420,61.93,18,9.9
4528,13405,84166,62.32,12,52464,58.69,7,19.13
4529,8776,84549,58.79,14,49717,53.99,6,11.99
4530,7320,35795,71.47,5,25595,64.46,1,5.89
4532,19902,494895,70.03,93,346688,64.87,54,8.2
4533,68057,178434,36.49,22,65159,32.21,10,31.55
4534,18492,86789,40.32,22,35017,29.58,7,20.93
4535,7110,75662,76.88,20,58193,69.7,12,4.71
4536,7012,90820,55.88,39,50766,39.11,15,11.78
4537,2364,78840,82.02,16,64680,77.0,10,4.7
4538,1646,59470,80.75,15,48031,71.91,7,3.74
4540,41855,115187,30.19,18,34802,25.53,11,41.81
4541,43327,67647,38.07,20,25765,26.78,8,27.23
4542,6903,35783,47.6,19,17041,20.72,5,21.11
4543,22233,62761,49.49,15,31069,44.76,10,22.42
4544,1565,60290,67.51,20,40707,49.87,2,1.88
4545,22119,77000,72.38,8,55746,69.01,4,9.33
4546,968,33775,70.58,15,23846,60.44,10,4.51
4547,302,23349,84.76,7,19792,72.34,2,2.65
4549,7208,57002,62.53,14,35648,58.74,10,16.42
4550,3161,37839,56.29,11,21304,49.24,7,14.76
4551,6715,115222,79.69,36,91844,70.03,17,7.04
4552,28634,116000,50.04,21,58060,44.28,8,11.91
4553,455,33020,87.17,14,28787,77.28,8,2.25
4554,2358,30277,58.41,8,17688,57.06,7,12.46
4555,4074,69988,70.51,14,49362,65.67,8,10.3
4556,3300,42303,75.14,11,31791,70.78,9,9.46
4557,27718,47972,43.13,22,20700,27.07,9,11.83
4558,1608,50000,72.82,32,36420,52.09,14,6.2
4559,662,60000,87.86,17,52725,79.9,10,2.06
4560,2522,68097,86.07,11,58627,84.16,9,3.65
4561,8787,58522,58.36,12,34163,52.18,7,24.2
4562,11762,87546,52.72,13,46166,49.92,9,27.87
4563,17701,54950,54.26,11,29826,49.6,7,20.61
4564,48499,232788,40.01,49,93185,33.6,25,21.33
4565,1436,61740,79.91,24,49341,66.05,12,2.37
4566,25545,110389,53.56,24,59144,48.17,14,23.97
4568,1598,32045,68.43,8,21931,62.0,4,7.3
4569,1995,30600,64.24,10,19665,52.36,5,7.4
4570,205,44000,95.07,16,41836,87.83,12,0.57
4571,6658,53017,66.0,21,34997,55.7,11,16.22
4572,3463,40019,64.18,11,25684,61.89,9,9.19
4573,10097,45697,42.55,16,19447,28.7,6,18.71
4575,743,38668,69.19,17,26758,53.88,8,3.05
4576,24513,119802,66.59,32,79791,59.43,19,16.9
4577,7115,49138,61.84,10,30397,55.74,5,22.63
4578,691,20300,97.0,3,19693,92.28,2,1.48
4580,5099,46803,49.25,18,23058,37.68,11,18.79
4581,1648,33899,62.8,15,21293,46.14,8,8.56
4582,2606,75480,55.05,25,41573,43.96,11,7.13
4583,7435,80171,86.03,9,68984,82.19,4,5.01
4584,1072,30002,80.08,13,24029,69.25,9,4.31
4585,19155,105782,76.68,4,81129,75.3,2,16.07
4587,951,33000,88.23,5,29117,88.23,5,3.02
4588,5123,42985,50.27,15,21620,37.4,8,20.75
4589,621,26039,70.52,11,18366,47.63,1,3.97
4590,10000,54838,50.2,21,27540,35.34,9,15.11
4609,1741,47947,76.27,24,36579,64.61,15,3.88
4702,14084,72333,51.02,9,36908,46.49,2,22.9
4703,9141,65750,26.22,7,17255,22.67,3,26.92
4706,2142,79030,82.94,15,65570,77.56,8,2.45
4707,28523,403715,70.76,59,285802,65.82,28,8.85
4711,7433,61056,60.0,10,36643,53.42,4,15.47
4712,3611,18423,45.99,2,8473,43.69,1,17.19
4714,52747,221838,29.82,36,66175,22.32,11,22.08
4716,44121,94427,33.61,25,31753,24.12,11,24.52
4717,999,155,0.0,0,0,0.0,0,99.99
4720,13442,114516,38.2,24,43767,34.22,15,24.26
4721,57271,74986,33.66,15,25245,28.05,7,38.31
4722,14722,104223,58.83,45,61339,43.17,18,12.43
4724,3080,95976,59.5,28,57129,46.4,8,7.5
4726,12675,207042,58.03,41,120185,50.33,14,12.34
4727,349,7278,18.79,3,1368,0.0,0,8.58
4728,16652,54463,84.36,36,45959,65.91,19,2.25
4729,7322,79227,49.94,11,39584,44.71,5,18.61
4730,1062,27868,69.86,13,19471,57.91,7,4.77
4732,1542,49654,67.1,30,33324,47.09,13,6.2
4734,371,10237,14.95,2,1532,0.0,0,6.16
4735,37605,41569,53.37,15,22189,42.94,8,19.59
4736,13577,95374,51.24,18,48894,44.38,8,21.96
4737,10899,77409,63.29,27,49015,49.15,9,5.74
4738,3380,77596,58.72,7,45579,54.05,1,10.66
4739,56667,124702,38.61,25,48166,31.59,9,29.25
4741,12956,34812,49.39,11,17199,40.07,5,15.44
4743,80273,480548,45.63,73,219351,41.07,33,17.15
4744,33407,56948,51.83,25,29530,35.78,11,11.76
4745,3142,66221,62.53,25,41425,53.06,14,7.96
4746,44171,120256,41.53,38,49963,31.52,19,21.96
4747,2206,90922,75.78,38,68918,65.53,22,4.55
4749,61955,94733,32.75,23,31044,23.88,9,33.8
4752,1062,84217,89.77,6,75611,87.17,2,3.02
4754,23001,30283,36.69,6,11112,28.46,3,24.52
4755,8718,100706,68.69,15,69189,64.96,9,12.19
4758,395,29210,92.15,6,26925,84.81,2,1.2
4760,11159,32146,36.4,7,11703,34.68,6,25.38
4762,139,20720,99.67,8,20653,97.29,7,0.25
4763,55570,989147,60.14,112,595081,56.36,49,11.21
4764,9879,91542,73.37,28,67184,66.96,17,11.42
4765,904,32133,55.31,16,17777,39.21,6,5.94
4766,10774,120571,69.8,27,84182,63.04,14,9.0
4767,886,31415,62.76,11,19718,46.87,5,4.7
4768,15679,47488,34.14,16,16229,19.49,4,29.32
4770,8077,79976,67.9,29,54317,59.7,18,11.0
4771,3914,58787,59.34,23,34896,44.45,9,8.78
4772,33302,147682,48.84,25,72158,42.02,9,24.45
4773,228,72709,94.99,14,69091,92.29,11,0.25
4801,783,47201,98.7,2,46594,97.82,1,0.23
4802,296,18854,87.92,2,16579,85.36,1,2.38
4803,5710,59069,57.43,8,33936,55.13,6,14.77
4804,30104,71992,62.0,11,44648,54.88,3,10.12
4806,13269,99947,89.15,10,89118,85.88,4,2.05
4807,14406,48996,68.24,16,33441,63.32,12,9.29
4903,46865,105344,42.9,14,45217,37.77,4,31.07
4904,85249,3607705,93.58,383,3376684,90.98,236,2.53
4905,1999,29260,81.71,18,23916,63.81,10,5.72
4906,92070,451706,27.5,91,124335,20.7,41,30.62
4907,2776,118146,85.79,10,101389,83.76,6,3.31
4908,35392,78217,52.59,20,41149,42.28,10,28.06
4909,63478,93357,25.63,13,23948,22.69,8,41.36
4911,3502,68817,58.15,20,40031,48.05,9,7.77
4912,25632,66953,53.48,26,35819,38.89,8,13.41
4913,475,9667,25.75,3,2490,0.0,0,11.98
4914,225,10000,77.04,5,7705,61.66,2,4.01
4915,34004,471881,60.5,123,285565,51.49,62,15.4
4916,75457,124083,25.15,17,31226,21.72,10,44.69
4919,74893,452398,61.57,44,278632,58.06,19,24.16
4920,107,41779,93.69,6,39149,86.74,1,0.35
4922,4555,44953,25.44,12,11446,11.8,2,17.24
4923,30674,38025,37.61,15,14308,20.33,5,18.88
4924,1534,37164,71.05,18,26413,55.97,9,6.22
4925,5223,71066,49.62,30,35267,31.85,9,12.44
4927,58963,264938,27.83,67,73782,17.89,25,25.39
4929,384,234,0.0,0,0,0.0,0,38.45
4930,33580,80000,63.65,13,50938,58.55,7,17.85
4931,63294,65710,26.31,19,17299,12.37,4,48.65
4932,309,2012,0.0,0,0,0.0,0,39.79
4933,5624,82690,63.48,11,52504,59.88,6,12.46
4934,70521,225000,34.45,24,77565,29.25,6,23.68
4935,7838,128864,62.1,24,80049,57.74,15,13.26
4938,144312,2675709,79.6,411,2130588,75.2,224,9.24
4939,65026,98201,36.28,21,35651,28.07,8,36.15
4942,6603,142368,62.31,39,88723,54.55,21,10.44
4943,21841,126694,64.2,26,81356,53.51,6,14.09
4946,8219,8853,42.58,1,3770,42.58,1,33.93
4949,11134,67940,52.91,28,35961,41.11,13,21.58
4950,6672,57729,73.08,5,42206,68.13,1,5.96
4951,11295,34149,17.62,7,6023,4.48,1,33.26
4952,14655,108816,52.36,9,56995,47.79,2,25.16
4953,34722,73147,46.01,18,33668,37.89,7,24.35
4956,43059,100408,41.13,22,41319,35.73,12,33.11
4958,231160,1129334,70.2,200,793117,64.94,111,17.18
4960,90381,571705,61.71,84,352871,56.45,41,15.47
4961,39905,121254,48.76,35,59159,38.44,16,25.94
4963,445,75455,83.64,9,63121,82.03,7,1.43
4966,31964,78958,32.06,23,25332,19.97,8,30.73
4967,66736,98566,20.67,18,20397,13.87,8,48.58
4968,56414,92210,15.71,13,14517,8.85,3,45.93
4969,11529,190978,55.64,56,106296,44.91,23,6.88
4971,38821,47186,42.28,20,19955,22.04,3,31.7
4972,15363,56889,50.09,21,28508,36.92,10,24.07
4973,50165,65293,22.78,13,14880,14.23,4,44.57
4974,42875,72500,42.19,7,30595,39.73,3,29.23
4975,1023,326577,96.31,11,314557,95.92,8,0.72
4976,44716,141218,30.04,16,42462,25.62,7,35.32
4977,50060,82690,16.16,11,13378,8.43,1,51.73
4978,67,5000,82.32,1,4116,82.32,1,2.2
4979,82257,142941,45.73,54,65383,27.93,13,31.84
4980,2355,45204,58.12,14,26282,50.4,7,10.81
4989,51088,172776,17.07,21,29546,11.58,6,47.4
4990,3278,102707,53.41,32,54862,43.97,17,7.92
4991,63301,121363,47.02,31,57096,35.73,9,30.63
4992,1033,210050,82.09,38,172475,76.9,22,1.01
4994,2149,66383,86.29,30,57299,80.62,23,3.17
4995,4964,42592,67.97,22,28957,52.68,11,7.68
4996,784,99070,77.8,37,77094,65.91,19,0.92
4997,271,14665,42.96,8,6303,17.41,2,3.49
4999,46515,74417,41.3,25,30749,27.29,10,25.77
5006,14002,96946,10.7,8,10374,8.28,3,21.26
5007,4900,294940,87.54,43,258267,84.23,26,1.95
5009,80859,602471,49.11,106,295964,43.36,47,17.95
5011,33736,100674,48.33,31,48673,38.64,14,15.03
5013,9053,133416,87.41,44,116665,81.84,32,2.48
5014,52376,183265,37.73,50,69203,26.84,19,19.71
5015,26562,60639,52.09,19,31600,42.22,9,19.75
5016,2621,49622,65.96,15,32740,59.94,10,9.77
5017,6849,318,0.0,0,0,0.0,0,82.07
5201,13491,38675,56.6,18,21898,40.04,9,10.23
5202,44161,89094,52.84,12,47100,48.6,7,18.21
5203,31877,77343,43.14,17,33373,33.11,5,18.87
5204,1371,6273,18.86,1,1184,18.86,1,20.6
5205,1722,14200,75.7,2,10751,72.67,1,7.42
5206,4370,201093,85.11,34,171180,80.84,19,2.98
5207,2906,15834,38.6,8,6114,14.82,2,12.0
5209,4262,30433,52.53,4,15990,50.61,3,18.1
5210,39169,82178,48.84,20,40146,39.82,8,12.1
5211,7555,32025,47.96,12,15361,40.88,7,23.68
5212,9959,34633,78.4,15,27157,66.94,9,6.2
5213,21105,762149,86.94,82,662795,85.02,57,4.24
5215,5358,64338,53.37,22,34346,42.71,11,15.99
5216,401,17847,82.4,11,14710,57.64,4,2.85
5220,7603,39667,44.71,20,17740,19.67,5,16.49
5221,346,5567,11.31,1,630,0.0,0,15.72
5222,33672,100114,32.88,27,32946,24.28,12,25.45
5223,2732,44550,62.22,12,27728,54.18,7,13.17
5225,8386,79136,44.49,11,35224,37.93,3,20.51
5226,400,23300,52.74,11,12293,31.51,3,4.34
5227,58835,96000,27.0,22,25931,18.09,7,27.53
5228,3525,38056,55.39,13,21085,44.94,6,16.39
5229,129,56189,96.51,13,54237,89.3,6,0.42
5230,29624,56304,26.84,19,15118,10.27,4,30.3
5233,2998,277249,85.35,23,236705,82.42,10,2.36
5234,11978,102716,65.09,20,66873,58.52,8,10.47
5236,6883,60004,62.46,6,37489,60.89,4,15.78
5238,691,67296,83.48,15,56187,78.62,9,2.2
5239,601,24700,30.08,8,7434,16.98,3,5.26
5240,520,26582,55.52,17,14761,30.32,5,2.7
5242,1114,124895,72.33,45,90368,58.63,18,1.89
5243,30276,168529,56.37,29,95049,50.27,12,20.81
5244,9476,68242,48.39,33,33032,28.61,11,18.18
5245,3894,46101,57.98,19,26737,39.31,7,16.31
5246,8592,44974,33.54,12,15093,21.0,3,26.91
5247,510,75000,75.94,12,56961,68.74,5,1.45
5248,1879,24500,59.24,5,14516,56.84,4,15.16
5250,209,39107,97.08,1,37967,97.08,1,1.0
5251,35221,33733,33.49,4,11305,29.21,2,39.38
5253,224,40943,81.05,20,33194,58.2,5,0.96
5254,668,22607,75.65,8,17104,70.3,6,5.02
5256,1875,71602,69.01,24,49433,61.23,15,4.57
5257,809,132750,79.64,27,105735,73.71,13,1.25
5258,25637,110365,50.57,36,55841,39.36,16,16.55
5259,2362,43563,82.07,8,35762,74.45,3,5.68
5262,8068,52699,55.99,25,29516,31.97,5,6.56
5263,26895,78937,55.03,34,43462,41.33,15,12.29
5265,123,1207,0.0,0,0,0.0,0,22.11
5267,1345,25300,62.14,13,15723,46.59,5,8.54
5269,32456,74156,60.74,13,45060,54.74,6,21.26
5271,6541,42526,27.32,10,11627,16.66,2,27.09
5272,45726,55276,23.9,15,13218,10.26,3,36.2
5274,31367,41583,34.66,14,14420,21.71,4,10.88
5275,144,10264,30.86,6,3169,0.0,0,2.11
5276,934,39500,88.33,6,34896,85.29,4,4.16
5278,4227,300000,82.92,70,248811,77.88,45,2.59
5282,278,25006,85.81,10,21463,59.25,1,0.6
5283,27473,87601,60.99,23,53441,52.33,12,19.77
5284,9648,55143,55.39,13,30558,48.49,7,17.14
5285,12034,102041,63.69,35,65013,51.96,18,18.28
5286,910,14745,79.97,6,11795,69.95,4,4.81
5287,10029,60310,57.77,22,34855,45.59,10,21.84
5288,2868,69699,69.5,16,48455,59.24,4,6.75
5289,80169,96415,29.37,25,28346,18.67,8,33.89
5291,5243,41891,44.72,23,18744,18.68,4,20.32
5292,7099,46319,57.53,19,26654,43.66,9,14.66
5294,60,82,0.0,0,0,0.0,0,86.86
5295,157,29140,85.65,15,24968,70.39,8,0.75
5296,467,21501,36.07,7,7760,27.36,4,5.15
5297,8899,37652,18.65,9,7026,10.26,3,36.09
5299,16852,51224,51.81,11,26549,44.69,5,26.53
5301,3935,65890,80.22,10,52866,74.11,4,4.83
5302,12877,159888,50.73,20,81154,45.87,7,17.11
5304,32303,326962,88.1,23,288111,86.33,13,6.18
5306,11934,126001,69.9,23,88091,64.41,11,12.01
5307,35108,423052,41.19,93,174334,32.2,31,16.02
5309,70518,231852,34.28,36,79526,26.96,10,33.8
5310,7085,28944,57.1,15,16530,36.18,5,6.18
5312,5822,60060,55.76,17,33501,50.64,13,13.52
5314,94507,1205960,40.95,148,494094,36.55,56,16.5
5315,51047,106352,31.01,28,32996,21.21,11,22.35
5321,7565,59543,60.79,21,36208,46.23,8,9.77
5324,20885,226379,81.16,45,183756,75.25,24,4.64
5325,20366,55439,33.49,8,18575,27.55,3,38.06
5328,76570,172711,39.58,18,68391,35.46,6,40.74
5336,2955,2217,0.0,0,0,0.0,0,68.84
5340,29181,194894,59.02,30,115056,52.13,7,22.98
5344,6731,79447,75.59,7,60065,73.54,4,10.73
5345,6291,37795,78.88,2,29814,78.88,2,7.07
5346,263373,1366161,37.78,304,516399,28.36,92,20.12
5347,112129,1878502,84.92,244,1595693,81.43,141,7.83
5348,1811,14776,53.12,5,7851,40.79,2,9.5
5351,116249,328961,37.06,67,121954,29.4,28,31.24
5353,6344,75765,54.87,29,41585,37.82,10,13.18
5355,30322,166123,70.8,44,117656,63.82,26,6.96
5356,53268,103040,43.57,22,44916,39.55,16,22.27
5364,7270,63850,70.36,14,44929,61.31,3,5.79
5372,5386,48614,23.67,13,11510,12.51,4,24.39
5376,3801,33700,33.74,8,11373,28.33,4,17.23
5381,27809,207691,55.74,31,115804,48.85,10,18.21
5385,8304,11156,23.89,2,2667,18.19,1,43.86
5386,30412,54121,36.71,8,19875,32.37,4,35.97
5387,141599,45000,91.32,2,41102,90.18,1,7.18
5388,37986,304343,44.05,90,134129,35.02,45,23.36
5392,65848,176562,35.82,19,63276,31.93,8,32.57
5395,2238,1759,0.0,0,0,0.0,0,41.06
5398,41760,49465,58.37,19,28886,44.19,9,7.8
5403,9479,78176,47.14,34,36865,31.26,13,19.14
5410,56872,93577,33.86,19,31699,26.6,9,28.17
5414,5070,68584,59.72,20,40970,48.11,7,10.25
5425,105854,263485,35.88,46,94599,29.42,20,40.64
5426,35250,143800,56.07,23,80650,52.77,16,21.1
5432,5433,20688,54.1,4,11196,51.4,3,27.33
5434,32229,194008,55.37,78,107461,38.4,26,14.35
5438,37816,112537,75.2,10,84641,74.38,8,9.92
5439,35482,92977,36.0,28,33488,24.49,12,30.97
5442,4827,64800,20.66,12,13391,14.62,5,16.16
5443,66077,164747,39.44,23,64993,33.43,6,35.6
5450,11611,122403,80.96,10,99111,79.37,7,5.44
5452,68930,148764,42.83,22,63734,38.53,10,29.15
5455,3412,65502,93.99,25,61570,89.0,20,1.55
5457,17307,196237,52.08,35,102236,45.26,13,17.67
5460,31492,58778,57.07,29,33555,38.44,12,15.31
5464,4581,77131,72.24,30,55741,58.58,14,7.54
5465,7826,147683,72.04,16,106416,68.79,8,10.79
5467,1832,85548,86.4,11,73931,82.8,6,2.83
5468,5996,58923,65.52,12,38617,60.6,8,13.87
5469,36422,486166,72.84,74,354253,68.34,40,11.96
5471,68529,167877,26.43,34,44410,18.44,13,38.99
5473,2482,3031,0.0,0,0,0.0,0,78.1
5474,7819,39757,56.66,8,22534,48.5,4,26.27
5475,62059,127127,22.8,17,29013,19.08,8,47.09
5478,41309,156074,79.22,29,123686,72.96,16,9.67
5481,42012,71403,65.14,22,46529,56.03,12,7.66
5483,153446,641222,58.75,154,376873,52.36,87,23.03
5484,33826,66801,37.96,11,25371,33.97,7,37.35
5487,7092,24223,71.39,15,17297,47.96,7,7.21
5488,41135,91586,46.7,31,42784,34.18,13,16.52
5489,3138,102706,85.4,14,87725,82.62,8,4.06
5490,69661,96152,33.57,23,32301,25.61,10,23.8
5492,1370,71408,98.67,1,70463,98.67,1,1.02
5493,5472,43689,44.76,18,19566,25.01,4,18.93
5497,4829,65286,26.29,14,17179,15.67,4,16.88
5498,69393,193549,35.13,26,68019,29.39,9,37.5
5501,6087,21200,28.1,4,5959,24.3,3,20.12
5505,5918,138832,65.5,47,90974,50.79,15,7.0
5506,7573,152545,66.77,34,101889,58.45,12,6.12
5508,18196,217428,69.15,20,150412,65.86,8,14.33
5511,5997,136000,68.67,42,93411,60.07,22,7.36
5512,78021,766312,61.57,155,472034,54.9,73,8.94
5514,10304,236118,92.31,50,218009,87.59,32,1.18
5515,11387,201600,71.53,58,144232,63.24,30,7.63
5516,1763,51545,70.82,15,36517,60.51,7,4.5
5519,18221,230157,57.32,44,131979,51.16,20,14.82
5520,1218,59975,83.79,23,50264,73.58,12,2.27
5521,62824,492280,59.62,102,293603,52.64,45,9.8
5522,18092,781596,88.3,56,690259,85.98,28,4.3
5523,2550,155001,92.53,31,143469,89.27,23,1.39
5524,3909,58667,30.78,22,18074,11.6,4,16.07
5525,4807,318105,88.42,69,281332,84.14,49,2.08
5529,11335,105769,73.8,20,78085,68.11,10,4.43
5530,11627,420084,83.27,52,349889,79.5,25,4.39
5531,14865,977589,85.69,87,837834,82.87,42,3.16
5532,820,17804,31.03,8,5527,5.88,1,4.85
5533,5540,285245,80.77,77,230443,71.25,33,3.36
5534,23020,315326,68.49,85,216029,58.78,40,11.86
5536,35180,124081,55.78,60,69247,35.69,19,14.24
5538,1299,201203,93.94,22,189036,92.45,17,0.95
5541,86,26427,82.05,10,21689,76.05,7,0.26
5543,1056,46704,73.37,29,34270,50.36,11,2.55
5546,1319,82353,84.03,18,69221,76.12,8,2.43
5547,1423,51000,67.47,15,34426,58.82,8,4.26
5548,2414,63723,65.0,17,41433,58.19,11,5.73
5601,868,64800,79.68,44,51650,47.23,11,1.17
5603,30049,104877,53.95,21,56593,49.76,13,18.87
5604,10896,108783,67.17,46,73085,52.84,21,6.92
5607,16981,370553,76.84,61,284771,70.36,22,6.04
5608,90849,389276,30.38,53,118347,25.6,22,30.44
5609,37794,142884,52.97,47,75711,46.35,31,22.95
5701,51557,143000,54.1,20,77397,49.16,8,16.26
5702,1936,5282,0.0,0,0,0.0,0,45.98
5703,1938,70240,88.29,25,62024,83.83,19,3.37
5704,3370,58862,83.99,23,49446,79.45,19,6.91
5706,28251,83768,38.19,12,32001,34.27,6,31.52
5810,48604,916440,72.91,99,668394,69.02,39,7.69
5859,3564,1450278,96.81,47,1404343,96.13,31,0.5
5863,27069,320202,81.46,44,260918,77.08,23,5.16
5864,15131,504490,68.42,120,345263,60.25,53,5.28
5871,116357,1745650,69.9,368,1220362,64.22,210,10.36
5871A,8074,150000,68.7,46,103080,59.66,25,5.01
5876,49807,4910219,88.77,814,4360012,83.33,374,1.16
5878,1786,25024,72.38,13,18115,54.26,6,11.6
5880,408972,16072960,75.35,1821,12114345,71.43,741,4.35
5901,5001,22907,77.87,2,17837,77.87,2,8.64
5902,2580,94500,85.48,16,80796,81.6,10,3.56
5903,17274,223220,91.42,26,204109,88.19,16,5.36
5904,98560,1064438,79.4,179,845328,75.45,108,11.07
5905,45772,281623,45.98,39,129545,40.55,15,16.37
5906,960,35741,86.25,9,30830,82.46,7,1.81
5907,5468,195531,69.05,28,135048,63.56,12,6.55
6005,118180,2455297,70.63,322,1734668,67.02,174,7.09
6015,72899,416876,51.29,89,213890,44.78,42,11.61
6016,78907,772420,51.6,149,398775,45.22,65,9.58
6020,1902,252353,96.91,10,244584,96.26,8,0.81
6021,4055,312006,91.05,45,284150,87.24,26,1.49
6023,18339,447973,84.21,31,377305,81.06,9,4.74
6024,17262,266683,69.65,30,185801,65.27,10,10.01
6026,43610,396162,51.7,95,204901,42.46,39,10.4
6027,826,155720,95.66,10,148973,93.73,6,0.46
6028,1558,25000,64.68,12,16175,50.64,5,7.88
6035,2287,71468,93.89,20,67109,83.85,9,2.2
6101,3331,116602,88.3,40,102972,78.82,25,3.92
6103,3152,13605,90.69,5,12339,83.83,3,5.21
6104,56100,91129,19.12,16,17436,10.97,5,42.67
6107,5291,87438,40.96,17,35831,34.7,8,13.78
6108,51493,154494,56.53,44,87372,47.97,22,13.03
6109,34216,87825,49.36,31,43376,36.6,15,11.96
6110,2627,29335,18.44,7,5412,7.19,2,14.22
6111,45719,108514,45.88,25,49809,40.61,16,24.05
6112,33761,188357,59.16,14,111477,55.64,5,20.21
6113,8221,52549,53.3,8,28015,52.17,7,21.0
6114,5407,43912,72.79,8,31970,65.48,3,9.2
6115,14266,187662,60.22,29,113051,56.04,17,16.78
6116,363593,2858655,43.57,200,1246272,40.93,80,25.34
6117,13939,93416,55.21,15,51593,49.93,8,24.16
6118,8823,90890,57.62,18,52393,51.7,9,18.85
6120,60515,599000,59.01,73,353614,55.43,35,12.94
6121,19849,184971,66.44,82,122943,48.41,29,11.28
6122,35019,78092,35.33,23,27609,23.14,9,25.65
6123,10351,62089,43.88,21,27261,33.34,9,20.84
6124,8922,182480,93.76,18,171135,92.35,14,4.31
6125,91448,259011,35.16,31,91119,30.69,14,35.62
6126,70280,130622,37.14,22,48546,32.56,13,31.02
6127,73871,108080,22.07,17,23871,17.76,9,48.81
6128,7502,127589,60.54,28,77275,54.75,16,11.41
6129,33119,160574,16.52,12,26553,13.59,5,37.84
6130,29465,49300,65.24,17,32171,48.98,6,7.23
6131,5934,34793,41.19,9,14337,29.63,3,17.01
6132,4749,63781,35.5,25,22649,15.68,5,15.89
6133,22126,117006,51.57,24,60359,46.87,15,23.1
6134,17716,81882,55.22,18,45225,48.46,8,18.39
6135,7552,76189,38.5,12,29336,34.32,6,13.32
6136,44948,115536,47.13,33,54474,34.75,11,18.99
6137,11232,101358,38.83,29,39376,26.71,9,15.26
6138,31203,75634,46.52,23,35191,33.96,8,23.9
6139,56445,235576,62.45,66,147171,51.36,26,17.49
6140,9787,54898,44.98,16,24703,34.47,7,26.4
6141,18915,113354,49.59,38,56239,39.04,20,20.91
6142,45506,330779,58.85,53,194728,51.54,14,10.28
6143,55575,86059,25.53,15,21988,17.65,4,42.94
6144,1459,38274,89.54,3,34272,89.54,3,5.21
6146,20969,101867,54.61,29,55657,41.84,9,15.23
6147,155761,744578,64.89,146,483339,60.65,92,21.27
6148,27987,46604,36.11,8,16834,33.68,6,34.33
6149,3069,31880,39.03,7,12445,35.09,5,15.81
6150,39911,48346,16.15,7,7814,12.01,3,44.02
6151,19110,55257,35.77,19,19775,20.53,6,22.43
6152,40510,167738,24.53,30,41182,16.48,10,25.05
6153,80493,636178,46.76,96,297600,40.83,34,17.64
6154,10628,80080,63.37,21,50763,54.44,10,16.08
6155,15694,88024,53.89,22,47459,48.63,14,28.24
6156,38027,107875,39.52,22,42659,32.81,10,22.07
6158,36302,55029,42.09,16,23175,32.86,9,21.59
6160,50678,68489,38.76,16,26555,29.99,7,25.2
6161,23026,56237,40.89,6,23009,35.28,1,24.45
6162,3799,79759,52.0,24,41487,43.9,13,10.11
6163,46486,148839,43.98,35,65492,35.16,15,24.48
6164,46357,80000,22.68,17,18159,14.76,6,31.2
6165,41256,77753,51.58,28,40123,38.06,12,12.56
6166,14998,218113,73.89,54,161219,66.22,29,8.8
6167,25127,146000,43.88,33,64104,37.24,18,18.2
6168,33274,205762,55.98,27,115227,53.18,17,23.0
6169,40791,23395,31.11,4,7280,26.44,2,29.76
6170,33228,97260,58.01,19,56426,55.07,14,17.13
6171,2357,100000,87.06,22,87079,78.37,10,3.01
6172,1899,30000,91.42,9,27428,85.37,7,5.51
6173,53737,171200,64.64,31,110685,58.4,15,22.46
6174,9312,50000,63.06,14,31536,56.73,8,18.63
6175,22048,150122,61.44,22,92265,57.95,12,24.73
6176,61516,348770,42.69,95,148951,33.52,43,26.75
6177,20108,471891,76.01,125,358781,67.84,65,6.22
6179,50099,181009,44.24,53,80117,33.99,24,17.46
6180,56838,175494,50.95,32,89450,46.55,20,27.39
6181,3938,45626,12.14,6,5546,7.17,2,16.56
6182,235998,639230,27.53,91,176145,23.35,49,44.51
6183,37031,150000,77.44,32,116194,71.05,17,5.64
6184,7795,162128,71.92,28,116633,67.84,18,9.04
6185,46741,149868,49.67,43,74464,37.53,15,14.75
6186,60314,226908,53.57,39,121599,48.77,20,13.55
6187,53478,98263,51.84,46,50968,31.56,14,16.84
6188,67930,278359,42.46,39,118225,36.58,13,30.59
6189,63569,263955,35.38,70,93457,24.87,30,27.14
6190,60727,197295,36.04,46,71154,26.3,15,36.64
6191,80291,499303,58.12,55,290298,53.54,20,22.2
6192,8328,96156,55.72,36,53585,45.52,20,12.86
6193,8864,177807,61.39,38,109197,56.69,25,9.87
6194,4810,48000,57.45,20,27586,37.09,6,14.39
6195,11080,50193,54.13,8,27177,52.4,6,24.86
6196,33157,220330,70.95,44,156370,65.86,25,11.89
6197,51127,126136,44.11,25,55662,36.59,9,32.17
6198,6474,171400,94.58,8,162132,93.58,5,1.44
6199,1781,61760,84.89,24,52441,77.81,17,3.52
6201,5945,89200,69.11,21,61662,61.43,11,11.93
6202,56890,230388,41.47,43,95587,35.31,21,28.33
6203,10019,82401,59.22,16,48810,52.21,6,22.49
6204,22721,23102,29.71,3,6867,25.64,2,43.87
6205,12418,82236,46.51,26,38264,39.45,16,25.53
6206,16017,143062,54.88,44,78528,45.4,21,17.8
6207,68998,93603,16.87,17,15801,7.86,3,59.15
6208,12068,94462,65.48,43,61888,52.1,23,17.2
6209,62419,182401,37.69,43,68799,29.98,23,35.63
6210,3062,35048,54.11,16,18970,36.44,7,16.7
6212,963,102000,91.83,27,93688,86.12,18,0.98
6213,72036,363617,65.79,78,239252,58.33,38,16.43
6214,47075,272243,68.11,61,185449,60.32,29,14.42
6215,56037,82790,32.24,14,26713,26.4,6,42.06
6216,32386,97420,38.82,25,37838,29.95,10,24.48
6217,85775,117210,23.63,25,27724,16.12,11,50.22
6218,26978,64262,52.2,19,33551,40.77,8,20.07
6219,5789,124967,69.83,21,87276,67.29,15,7.21
6220,34508,146463,63.39,52,92865,53.5,28,9.87
6221,32336,168612,74.36,20,125410,72.32,14,7.22
6222,1841,95689,90.07,10,86210,84.51,2,2.13
6223,74736,97981,50.66,35,49643,38.55,14,11.93
6224,41936,85645,41.78,28,35795,28.28,10,22.84
6225,8658,60000,51.84,19,31122,35.44,4,9.8
6226,53712,115535,31.11,24,35961,24.96,11,36.17
6227,7256,76112,72.01,6,54831,67.6,1,12.63
6228,1853,29000,82.46,5,23917,78.04,3,7.18
6229,30464,40361,35.09,5,14164,32.8,4,24.66
6230,7474,86343,87.81,3,75819,87.81,3,7.15
6231,25484,45652,32.9,11,15023,25.49,5,33.59
6232,36845,451140,18.79,60,84865,13.47,18,18.3
6233,61978,80972,28.46,17,23059,18.73,5,35.11
6234,30793,100386,54.33,19,54560,51.28,14,22.77
6235,60991,199906,40.93,24,81868,35.51,7,28.47
6236,915,41654,92.73,4,38631,87.98,1,1.68
6237,72215,79645,18.82,11,14997,12.7,4,43.32
6239,183643,759147,62.77,164,476725,57.1,95,21.55
6240,1031,22867,85.51,10,19561,70.93,5,4.09
6241,5845,45534,56.69,6,25818,52.92,3,12.59
6242,3104,31806,63.71,7,20270,55.47,3,13.62
6243,59313,45269,20.71,6,9381,17.67,3,47.23
6244,94497,387042,32.13,74,124424,25.62,30,29.92
6245,19351,146608,45.56,23,66827,42.0,14,20.95
6246,32774,37851,63.0,7,23851,53.99,1,12.93
6248,32370,99956,48.89,24,48887,43.6,15,16.85
6249,207,2867,14.82,1,425,0.0,0,16.21
6250,1160,18249,70.88,2,12937,67.95,1,6.92
6253,452,5879,0.0,0,0,0.0,0,15.2
6254,518,30882,49.51,13,15294,36.43,6,3.4
6256,456,1833,0.0,0,0,0.0,0,52.39
6257,111076,483912,52.48,140,254024,42.8,67,21.83
6259,9602,28056,42.72,3,11989,41.09,2,24.45
6261,54800,128498,40.64,31,52256,31.63,13,30.66
6262,1343,20451,28.67,5,5866,16.81,1,16.09
6263,11015,62501,44.12,8,27585,40.96,4,25.79
6264,4118,136355,71.84,28,97993,67.51,18,5.46
6265,37177,118172,43.14,17,50991,36.7,5,25.82
6266,45747,153872,38.83,37,59766,31.6,19,19.36
6269,83263,323831,31.02,62,100528,24.18,26,32.93
6270,33721,72146,41.66,17,30074,36.56,10,28.56
6271,64499,209058,49.67,62,103877,40.8,32,28.28
6272,5234,81764,50.64,33,41421,34.8,13,13.48
6274,122140,299497,63.49,95,190204,53.4,49,18.61
6275,36666,80345,29.65,16,23836,23.41,7,35.21
6276,29890,22043,50.95,3,11233,48.81,2,26.51
6277,9892,119471,57.41,44,68610,43.69,17,16.16
6278,42109,292398,64.58,90,188875,54.04,45,18.76
6279,19895,119016,47.79,39,56906,38.75,21,23.46
6280,172,65492,99.95,1,65460,99.95,1,0.04
6281,10300,99173,55.86,36,55419,43.58,16,19.24
6282,162103,856101,40.63,107,348029,36.81,54,30.96
6283,15185,147581,63.19,22,93291,57.39,7,13.86
6284,53576,148980,49.12,15,73196,45.61,6,28.96
6285,90645,483441,63.05,106,304864,56.1,55,20.52
6287,4209,121451,94.0,7,114178,93.08,5,2.42
6289,10246,524,0.0,0,0,0.0,0,54.73
6290,57844,169736,41.17,54,69915,29.92,24,33.67
6291,11729,42000,63.8,6,26800,62.85,5,17.55
6292,6783,46601,46.98,8,21901,39.72,3,26.49
6294,12161,26047,37.3,4,9716,33.46,2,31.06
6295,348,1888,22.33,1,422,0.0,0,21.02
6299,123,25576,98.35,1,25154,98.35,1,0.71
6402,2012,58216,64.01,24,37276,48.9,10,4.06
6403,2578,15332,41.54,1,6369,41.54,1,13.4
6404,9030,24358,67.1,5,16346,63.49,4,9.8
6405,6669,65800,51.77,23,34076,36.91,8,18.86
6406,1072,35647,58.18,5,20744,53.35,2,8.78
6407,5780,75130,37.41,18,28118,30.2,9,18.19
6409,18210,88254,66.69,38,58868,53.34,18,10.72
6411,56091,99508,34.69,32,34541,21.78,11,29.03
6412,23857,400769,77.91,47,312365,74.26,23,10.1
6414,20723,157148,62.37,59,98044,48.06,23,13.18
6415,26608,390213,80.07,163,312470,65.02,66,5.25
6416,22346,73348,49.72,18,36477,38.41,4,17.58
6417,1589,42274,68.57,20,28995,54.18,11,4.97
6418,2338,34522,58.64,11,20251,52.61,7,12.3
6419,27077,13159,39.98,4,5262,32.17,2,25.99
6423,3256,31016,40.85,12,12675,23.06,4,15.7
6425,9727,51384,42.27,14,21731,34.27,7,31.82
6426,17502,38509,53.73,12,20700,38.38,4,17.71
6428,961,17682,91.64,3,16205,89.36,2,2.94
6429,268,9253,38.13,5,3530,11.88,1,6.77
6431,17634,97399,70.77,21,68945,65.33,11,4.14
6432,36291,40152,31.06,11,12480,16.63,3,37.72
6434,8996,463602,85.19,21,394994,83.98,12,4.81
6435,10297,37461,52.76,5,19766,48.4,2,26.25
6437,402,32300,65.01,19,21005,40.87,7,3.08
6438,45974,82206,33.84,22,27840,21.79,8,34.4
6441,35103,53318,45.19,6,24100,41.86,2,23.66
6442,70301,81818,55.53,34,45451,36.79,10,22.81
6443,160079,512797,15.36,40,78893,12.85,17,47.97
6446,74532,422443,56.4,157,238314,42.07,60,10.84
6449,32708,91878,69.52,24,63883,60.87,11,14.82
6451,33680,117854,64.61,15,76175,59.72,5,22.29
6452,11638,100131,39.23,24,39301,30.51,9,23.76
6453,621,3516,0.0,0,0,0.0,0,38.12
6455,563,37095,68.48,16,25409,51.48,8,2.48
6456,32959,337940,54.46,51,184097,50.32,30,19.75
6458,2714,26789,65.25,6,17483,63.74,5,6.17
6461,8586,110325,60.5,20,66760,53.67,5,10.3
6462,46611,91251,31.02,19,28324,20.51,4,36.88
6464,2155,133933,86.18,45,115455,79.71,30,1.76
6465,3279,59074,63.43,13,37480,55.17,6,8.75
6467,6331,52409,29.23,10,15329,21.86,4,19.86
6468,162,11470,98.55,1,11305,98.55,1,1.0
6469,29630,159129,47.74,32,75994,40.83,14,24.18
6470,27281,37694,41.81,2,15763,40.01,1,32.06
6471,358,850,0.0,0,0,0.0,0,61.5
6472,30726,128024,56.48,35,72344,45.47,12,22.23
6473,9755,60000,78.02,27,46824,64.64,15,2.84
6474,1608,52526,67.25,29,35331,44.6,10,4.69
6475,928,34784,73.13,12,25443,56.66,1,4.68
6477,30471,124053,40.83,22,50685,35.94,12,30.1
6479,876,57300,86.79,9,49743,79.32,3,2.03
6481,107,27204,96.01,6,26122,91.6,4,0.8
6482,2044,28634,67.6,8,19358,65.78,7,11.08
6483,17141,66808,43.69,34,29209,18.76,7,5.72
6485,40984,47366,24.99,10,11843,19.1,5,33.27
6486,30400,50893,43.98,6,22388,40.53,3,28.09
6488,112641,478114,76.91,90,367860,71.08,45,10.18
6489,278,28470,62.98,18,17933,36.92,7,1.79
6490,425,38754,70.62,10,27375,64.16,6,2.75
6491,8885,78000,64.61,24,50408,52.41,9,10.73
6492,47239,114904,39.12,27,44964,33.06,16,20.29
6493,1058,30050,80.37,9,24152,80.37,9,6.26
6494,38288,31560,17.08,8,5395,5.22,1,34.98
6495,12152,172031,52.59,39,90506,43.12,13,7.56
6496,10144,47290,65.96,9,31199,62.53,7,19.48
6497,1555,189955,97.19,5,184632,96.46,2,1.68
6498,6787,47476,67.5,18,32058,54.73,8,11.68
6499,7723,96945,41.94,14,40685,36.07,4,14.75
6502,134,8719,90.96,1,7931,90.96,1,0.83
6503,77,12012,80.41,3,9660,80.41,3,1.52
6504,5113,72600,70.76,23,51383,64.57,15,12.16
6505,87624,9525960,96.04,192,9150130,95.53,110,1.49
6506,4243,82361,61.52,40,50683,44.03,16,8.36
6508,14916,86539,63.35,17,54827,61.05,14,21.45
6509,55604,197434,37.26,48,73613,28.97,23,27.17
6510,18164,32929,54.9,10,18084,42.44,3,11.12
6511,642,60000,72.03,24,43229,57.36,9,2.89
6512,6609,25260,36.02,10,9106,17.69,3,20.18
6515,59991,36484,47.32,15,17271,35.84,8,14.64
6516,3698,56337,53.4,15,30095,43.18,5,11.13
6517,22245,30579,19.71,4,6030,17.96,3,41.89
6518,514,33333,84.51,12,28174,74.1,7,2.32
6523,6123,45048,63.08,8,28418,61.69,7,20.48
6525,13324,129047,68.11,26,87906,58.82,7,14.01
6526,16579,167506,81.43,23,136423,76.68,10,6.78
6527,2124,25459,45.38,7,11558,34.39,2,9.28
6529,399,12699,71.81,7,9121,41.45,1,5.3
6530,36197,33750,14.59,5,4931,8.93,2,47.47
6531,43341,163191,65.2,62,106421,53.35,31,10.93
6532,29671,37445,35.38,16,13257,18.46,4,29.19
6533,34285,50651,21.27,8,10778,15.55,3,44.13
6534,1911,102800,84.31,33,86695,76.76,20,2.9
6535,10878,167841,64.15,36,107697,56.02,14,9.65
6536,1098,12305,58.26,2,7170,53.2,1,6.12
6538,37053,39590,53.67,24,21259,23.78,5,14.61
6539,1010,24349,85.23,10,20757,75.51,6,3.83
6540,131,220435,99.05,3,218375,98.57,1,0.11
6541,11991,265216,70.73,41,187615,65.47,18,7.16
6542,882,42001,84.72,14,35596,77.61,10,2.62
6543,12302,61855,66.39,28,41072,49.8,11,1.95
6545,1238,22080,44.15,7,9751,37.79,5,13.39
6546,12461,66848,41.39,14,27683,29.91,1,26.43
6547,49877,345888,36.72,73,127068,28.51,26,17.26
6548,29486,950465,87.62,94,832957,84.87,54,5.54
6549,25447,80122,31.46,28,25218,16.14,6,11.11
6550O,25370,894793,76.61,83,685638,73.07,29,6.2
6551,1188,71785,83.69,11,60095,79.32,6,3.11
6552,7612,83000,58.37,7,48457,55.76,3,18.49
6555,4517,119230,69.54,17,82944,64.58,7,8.65
6556,1408,28750,77.46,12,22278,63.68,6,7.69
6558,46769,93789,41.87,11,39294,38.61,6,31.21
6559,1881,23189,52.92,11,12276,31.62,3,16.66
6560,3342,33475,42.26,7,14151,34.31,3,17.76
6561,7148,77958,72.84,12,56793,70.04,8,8.83
6562,11455,118190,52.76,10,62365,50.33,6,15.65
6563,1160,29743,31.5,11,9373,10.33,1,7.93
6564,3654,72134,65.07,11,46963,60.98,7,10.79
6565,1181,27144,39.9,9,10834,28.73,5,8.74
6566,663,32152,84.51,6,27176,79.36,3,3.43
6567,630,102850,88.54,30,91083,80.22,15,1.26
6568,24727,30796,41.96,8,12925,29.94,1,22.9
6569,4146,42821,68.08,9,29159,60.79,3,12.83
6570,8006,37119,43.55,14,16171,29.84,5,22.83
6572,4286,103650,68.81,15,71344,64.99,9,9.76
6573,5863,80499,64.21,15,51702,59.22,8,16.08
6574,2908,21990,79.19,8,17417,75.44,6,8.92
6575,6887,135270,54.4,18,73629,51.06,10,8.89
6576,30187,157579,67.67,37,106669,60.69,20,6.52
6577,3737,60060,74.66,8,44853,68.34,2,10.41
6578,18687,71942,64.45,20,46374,58.84,12,9.61
6579,7774,169451,84.47,16,143158,82.48,10,6.53
6580,3869,112120,57.74,42,64758,44.48,20,8.13
6581,2296,111271,90.07,18,100249,86.88,11,2.85
6582,9167,106174,74.26,12,78861,71.21,8,11.44
6583,311,15947,82.44,9,13150,53.46,2,2.74
6584,14667,71380,74.51,26,53201,62.69,11,13.17
6585,4409,72528,75.96,9,55109,72.39,5,9.73
6586,29263,214010,62.3,35,133374,56.11,13,8.17
6588,42052,34701,23.84,6,8280,18.13,3,35.69
6589,22523,302068,58.38,61,176403,51.37,27,13.88
6590,2332,24952,56.86,13,14193,28.77,3,13.51
6591,44574,41122,25.37,8,10441,20.08,4,31.15
6592,25296,641845,79.76,62,512087,75.68,23,6.83
6592A,3570,50000,85.41,15,42707,75.84,6,6.7
6592B,5097,50000,81.33,17,40676,67.19,8,6.92
6593,34798,31857,46.0,14,14658,29.86,6,29.99
6595,8938,49858,80.57,25,40180,57.3,6,1.32
6596,17144,38000,26.65,6,10130,22.73,3,40.01
6597,920,30042,81.27,7,24422,72.45,3,4.62
6598,36984,102819,52.83,39,54334,37.25,12,10.94
6599,298,21000,76.44,4,16057,71.03,2,1.99
6601,361,44695,86.87,5,38836,84.46,3,1.53
6602,404,1236,0.0,0,0,0.0,0,64.82
6603,24435,167443,53.92,64,90319,38.26,21,13.53
6604,1080,43731,84.06,10,36764,78.32,5,4.24
6605,15637,165816,66.96,40,111054,58.43,19,11.84
6606,9533,110304,70.66,41,77958,61.07,25,6.44
6607,68,9346,81.0,5,7571,76.22,4,1.21
6608,313,60000,96.78,8,58073,93.72,6,0.98
6609,9408,72456,58.84,8,42644,55.79,4,20.51
6610,3789,205579,81.32,10,167222,78.99,3,3.97
6611,459,1467,91.68,1,1345,91.68,1,8.3
6612,2842,52332,65.69,21,34389,48.6,8,8.25
6613,10823,77801,59.44,7,46254,55.52,1,17.73
6614,3976,80661,74.21,6,59866,73.63,5,9.5
6615,5219,21593,51.51,12,11128,35.88,5,22.71
6616,1549,35428,62.16,10,22032,53.92,6,7.66
6617,7053,127506,67.26,26,85779,59.79,11,9.27
6618,34490,104816,27.64,34,28991,14.16,9,14.36
6620,19866,165982,62.25,50,103365,50.58,19,8.44
6621,32181,35501,36.89,10,13104,23.52,3,17.44
6622,919,35301,65.49,14,23127,53.38,8,4.29
6624,857,22579,74.15,8,16747,59.54,3,4.79
6625,10476,57972,49.63,15,28782,44.07,10,22.05
6626,424,8936,77.35,4,6913,59.56,1,5.62
6627,267,28352,77.55,16,21990,65.81,10,1.55
6629,944,38380,84.24,10,32336,80.01,7,3.17
6633,1367,11129,95.66,1,10646,95.66,1,3.98
6634,2227,71289,66.18,25,47189,51.25,9,6.17
6637,3334,26810,59.22,9,15881,53.8,7,19.69
6638,1130,30000,70.5,7,21156,56.74,1,6.72
6639,927,57645,70.06,18,40397,58.98,8,3.48
6640,13701,28912,65.67,3,18991,63.77,2,17.11
6641,1979,36500,60.25,16,21994,49.83,9,9.52
6642,3197,37400,57.67,11,21576,46.24,5,13.47
6643,22685,42620,37.05,7,15800,33.36,4,36.38
6645,6602,60864,43.82,24,26681,26.16,7,10.93
6648,9199,55000,68.03,21,37423,54.02,9,6.02
6649,18395,42000,53.51,19,22485,35.26,6,7.49
6650,482,31090,80.17,17,24928,61.87,8,2.27
6651,3401,34602,51.72,18,17901,32.41,5,12.5
6652,1689,137000,79.07,38,108355,69.5,16,2.81
6653,281,6000,95.45,1,5727,95.45,1,1.16
6654,3389,40963,79.29,12,32490,71.17,6,3.62
6655,978,80572,86.13,24,69420,76.45,12,1.16
6656,66,12228,90.33,4,11047,82.4,3,0.71
6657,15792,88808,35.43,27,31487,21.76,7,15.9
6658,10910,36370,43.27,12,15745,31.5,5,20.77
6659,1119,85883,80.75,23,69375,70.68,9,2.51
6661,1286,23304,66.1,6,15407,61.91,4,9.27
6662,4665,25612,47.67,10,12211,40.18,7,7.98
6664,17108,61151,54.95,24,33616,36.54,11,24.19
6665,1826,45350,65.83,8,29858,59.37,4,8.35
6666,2179,47388,78.82,9,37357,77.96,8,7.03
6667,13676,53479,48.72,10,26064,44.14,6,26.28
6668,14612,107116,54.73,14,58641,51.39,8,21.12
6669,188205,210781,62.83,51,132502,53.51,20,14.66
6670,5996,139387,78.63,65,109622,65.64,36,4.95
6671,1382,60750,75.16,36,45677,56.6,17,4.39
6672,54294,82312,33.64,27,27702,20.72,10,40.02
6673,3086,26660,30.57,4,8156,25.42,2,27.99
6674,1929,68222,83.44,10,56934,78.37,5,5.8
6676,4346,169685,61.51,43,104397,55.07,25,5.9
6677,1914,56039,63.97,13,35856,57.04,6,7.14
6679,7129,54975,53.83,18,29603,43.86,9,15.31
6680,924,25071,71.58,10,17953,63.64,7,4.2
6682,11155,152106,53.08,25,80767,47.69,12,13.66
6683,31996,27553,20.64,5,5690,11.24,1,30.03
6684,23745,44559,36.78,6,16396,31.51,2,33.86
6688,197,19000,73.88,12,14039,49.8,5,1.74
6689,10187,68000,48.97,26,33316,33.92,10,24.88
6690,5617,30000,59.71,3,17914,59.71,3,20.86
6691,19080,133547,67.92,45,90725,57.07,22,10.55
6692,2106,58844,71.76,16,42239,61.92,6,5.33
6693,6445,45720,42.48,13,19431,31.39,4,17.4
6695,22639,107018,50.07,17,53608,45.33,9,21.13
6696,29619,836330,63.42,245,530522,52.22,93,5.36
6697,2193,27323,66.75,6,18242,61.11,3,14.08
6698,35846,66390,38.34,14,25463,31.07,6,25.2
6699,762,48819,85.49,16,41744,75.24,9,1.78
6701,758,365682,97.98,3,358306,97.98,3,0.34
6702,11476,758660,79.73,98,605043,75.46,45,2.87
6703,23338,36257,51.27,13,18594,38.72,6,20.79
6704,3575,105949,44.82,34,47502,32.36,10,7.76
6705,654,18005,73.6,10,13254,54.99,4,5.12
6706,49669,78549,24.67,18,19386,15.36,6,39.11
6707,1494,59003,80.07,15,47251,71.73,7,4.91
6708,2275,29009,53.59,13,15551,42.81,7,12.64
6709,1947,69380,64.3,22,44615,53.13,8,5.99
6712,28877,100489,39.79,23,40011,31.09,8,19.53
6713,885,29477,60.25,15,17768,37.76,4,7.02
6715,5712,74274,76.53,24,56859,65.62,10,6.37
6716,3218,30242,35.81,12,10833,22.18,4,14.68
6717,427,24937,75.04,13,18714,56.28,6,3.44
6719,26644,105521,48.83,14,51543,43.05,4,27.34
6720,1360,30234,57.86,20,17499,25.49,5,5.94
6721,1640,24500,50.55,9,12388,37.77,3,9.73
6722,2554,88400,76.79,16,67896,74.1,12,5.45
6723,1227,30039,58.68,12,17634,42.18,4,7.21
6724,1841,7100,62.32,2,4425,62.32,2,16.12
6725,6374,37130,64.52,10,23965,58.66,7,18.47
6727,40857,26884,23.31,10,6272,4.47,1,29.15
6728,2895,30120,63.32,9,19077,59.01,7,13.31
6729,1477,27661,47.9,11,13253,31.19,4,9.43
6730,994,36319,74.33,20,27000,60.56,12,4.26
6731,186,54554,99.44,1,54249,99.44,1,0.44
6732,9434,48913,49.42,4,24173,46.31,1,26.52
6733,7302,134316,48.71,26,65461,40.25,7,11.67
6734,2183,40623,59.52,15,24185,46.05,5,10.07
6735,5188,46182,48.59,16,22445,35.59,6,17.53
6736,850,2596,93.39,1,2424,93.39,1,3.5
6737,1367,60050,80.84,23,48556,76.41,20,4.57
6738,532,36714,66.75,24,24513,46.01,12,2.28
6739,11215,23392,57.36,9,13419,48.11,5,19.87
6741,6751,120578,70.36,39,84849,58.16,16,9.33
6742,41342,71268,34.4,19,24530,25.94,9,27.08
6743,8875,150000,64.83,30,97276,58.17,14,11.1
6744,416,15400,65.84,7,10141,52.96,3,4.44
6748,6734,71683,35.22,20,25261,26.79,10,14.31
6750,1834,44707,59.17,22,26460,40.28,8,7.84
6751,2405,22200,64.76,4,14380,56.93,1,16.12
6752,3696,37144,47.76,19,17747,21.07,4,11.68
6753,17161,117300,58.18,23,68259,50.48,10,19.11
6754,2197,66000,83.09,9,54848,81.35,7,5.15
6755,1234,39823,53.73,16,21402,40.99,7,5.79
6756,8285,69990,62.39,8,43681,58.12,2,17.02
6757,134561,459530,75.07,31,345034,72.55,12,12.63
6758,250,13471,81.83,3,11025,74.89,1,2.7
6761,12931,34956,39.02,9,13645,29.93,3,29.3
6762,909,36930,77.6,18,28664,61.86,9,3.1
6763,18019,184039,61.5,21,113215,57.3,9,18.55
6764,255,38203,98.27,2,37543,98.27,2,0.6
6767,1468,39184,59.33,10,23254,51.86,4,7.37
6768,7077,200095,81.84,34,163789,76.25,16,6.21
6770,647784,4717004,49.23,574,2322521,44.67,216,23.23
6771,1762,31180,43.33,17,13515,18.13,4,10.55
6775,4175,109500,62.65,26,68620,56.44,15,7.16
6776,7438,91581,66.67,14,61084,61.35,6,15.32
6780,236,16470,83.46,12,13750,53.41,4,1.48
6781,28523,85419,70.55,9,60271,67.7,4,16.21
6782,6281,63000,51.46,23,32434,35.39,8,9.51
6784,896,19077,51.19,9,9768,30.34,3,8.79
6785,4475,66800,60.9,19,40696,54.47,12,9.46
6786,17429,30838,9.05,5,2793,0.0,0,28.25
6787,19666,81007,24.61,24,19954,9.84,4,20.38
6788,27898,38740,21.84,8,8472,14.22,3,40.28
6789,53806,318299,72.52,23,230928,68.83,5,14.23
6790,11095,267129,78.57,24,209945,75.33,10,7.9
6791,1961,20847,74.26,9,15487,56.02,3,11.44
6792,3976,47875,53.89,7,25808,48.08,3,15.38
6793,23743,75600,39.12,27,29591,22.4,7,11.41
6794,1150,63637,78.55,22,49999,67.16,11,3.03
6796,3013,40234,47.42,13,19082,33.96,4,12.17
6797,26741,30732,48.83,12,15013,29.99,4,18.47
6798,5878,19572,73.39,10,14368,55.68,4,1.73
6799,30193,43652,32.26,9,14086,21.07,2,30.77
6803,14722,72794,56.3,5,40992,54.28,2,24.61
6804,2175,47500,64.6,23,30695,47.17,11,7.43
6805,15680,68554,62.88,24,43122,52.19,12,6.33
6806,30962,274643,60.24,14,165490,58.45,4,17.68
6807,970,54000,81.41,15,43973,73.55,8,2.55
6808,2208,77840,54.27,19,42259,44.18,6,5.92
6810,25168,49448,35.37,14,17497,21.39,3,10.11
6811,5320,41449,66.83,4,27707,61.93,1,13.61
6812,7365,30585,40.99,11,12540,26.29,3,15.79
6813,633,23388,62.5,10,14623,48.86,5,6.95
6814,726,41874,82.81,14,34682,73.55,8,3.33
6815,8312,39706,67.19,21,26688,49.84,11,6.35
6816,434,12180,70.99,3,8648,61.98,1,5.26
6817,1103,18417,54.89,1,10110,54.89,1,10.43
6818,1375,25503,66.49,6,16961,55.9,2,10.25
6819,1259,33974,56.06,14,19052,40.84,6,6.61
6820,1555,22253,71.82,5,15984,71.82,5,7.82
6821,3900,35767,51.97,14,18597,39.68,7,19.02
6823,2487,33234,58.89,6,19576,54.97,4,11.58
6825,622,39339,76.95,15,30277,65.89,7,2.63
6826,7044,85540,74.74,17,63948,68.07,9,7.81
6827,1524,79294,62.16,26,49311,49.26,10,3.9
6829,11425,59169,66.11,4,39126,63.0,1,17.62
6830,26354,54817,29.23,18,16033,16.3,6,36.1
6831,11882,67500,56.54,29,38171,36.33,8,13.12
6832,3569,26411,86.12,3,22748,82.84,1,4.09
6833,902,57977,85.79,10,49751,79.3,4,2.95
6834,11454,88471,60.93,33,53924,48.6,16,18.78
6835,2098,66172,78.76,27,52123,68.83,15,5.82
6837,1001,32824,59.15,18,19423,41.11,9,6.89
6838,6739,150977,61.41,28,92744,54.11,10,9.2
6839,894,82020,80.64,29,66158,74.33,20,1.78
6840,2029,31777,54.02,13,17177,37.34,5,9.32
6841,11927,95223,47.53,29,45277,37.03,13,22.85
6842,2226,24283,39.34,7,9555,31.73,4,14.91
6843,1221,33304,76.75,16,25565,55.9,7,6.65
6844,3350,37428,63.45,10,23752,55.96,5,7.8
6846,1464,27066,66.78,7,18078,64.19,6,8.45
6847,634,14230,55.89,8,7956,19.67,2,8.22
6848,519,14273,52.95,8,7560,29.84,2,5.24
6849,6105,41918,48.08,12,20160,37.37,5,18.94
6850,921,33089,60.75,18,20104,41.06,8,4.34
6854,6096,117679,65.12,32,76660,54.65,13,9.24
6855,1986,23250,61.33,13,14264,41.79,6,5.71
6856,941,28200,83.68,8,23601,74.34,4,4.67
6857,416,15226,94.62,1,14408,94.62,1,2.07
6858,336,27220,89.89,9,24470,82.2,5,2.26
6859,2494,41603,64.44,15,26815,55.88,9,8.59
6861,14319,41599,49.52,2,20604,48.55,1,25.12
6862,6301,50000,69.86,7,34936,68.91,6,15.84
6863,4462,74888,75.43,10,56499,72.27,6,8.39
6864,4230,37875,37.12,19,14069,12.23,3,7.24
6865,1395,15841,50.68,7,8032,36.26,3,12.54
6867,810,24500,86.46,7,21187,78.62,4,4.39
6868,490,25043,55.37,14,13874,27.27,3,3.03
6869,20496,137830,55.01,40,75865,45.86,20,21.03
6870,2414,29395,72.96,13,21452,59.79,6,5.87
6872,2939,70751,57.54,28,40726,42.87,11,8.49
6873,11545,142649,61.29,41,87459,53.94,23,12.89
6874,2883,22000,53.6,9,11796,39.58,4,18.68
6875,4830,129183,60.99,36,78816,51.55,17,7.52
6876,20212,70529,31.68,24,22357,16.73,6,7.83
6877,3193,46967,74.49,27,34996,58.97,15,8.03
6878,1105,72641,88.93,14,64609,84.69,9,2.7
6879,348,26459,89.17,8,23597,80.25,4,1.56
6881,947,15000,57.92,4,8691,49.96,2,5.38
6882,816,23199,59.15,14,13728,31.49,4,7.15
6883,689,76274,87.72,28,66908,80.38,18,1.76
6884,1310,18390,73.01,3,13428,69.21,2,8.77
6885,22502,133099,35.29,38,46988,23.3,11,13.87
6886,14387,31810,90.03,5,28642,84.94,3,1.79
6887,854,74206,91.81,20,68141,82.02,8,1.61
6890,7474,250297,92.24,18,230891,91.97,17,3.61
6891,5713,200642,76.97,30,154501,73.7,19,6.02
6892,2580,94015,56.77,41,53399,36.89,12,5.64
6894,2725,23846,60.94,11,14533,55.03,8,10.16
6895,2868,34100,61.05,9,20822,50.99,4,11.87
6898,1553,29016,59.19,10,17179,45.84,2,9.22
6899,1959,42398,80.03,19,33940,61.26,7,7.53
6901,23633,853950,82.5,44,704655,80.64,18,4.97
6902,7263,35550,68.13,15,24229,57.16,8,6.75
6903,9676,66676,68.08,16,45402,65.51,13,15.83
6904,597,18500,79.9,8,14783,64.36,2,3.11
6906,3369,33537,57.92,13,19430,47.82,7,15.77
6907,7373,62562,65.15,7,40764,62.26,3,15.54
6908,1957,37180,77.71,2,28893,77.71,2,10.75
6909,12768,67488,38.25,26,25831,22.31,9,22.85
6910,1584,30521,57.09,8,17428,49.59,4,9.59
6911,937,22000,61.88,11,13619,44.33,5,6.69
6912,2031,165000,79.59,30,131352,73.07,11,2.67
6913,4258,43849,54.89,17,24075,42.24,9,12.0
6914,4550,66226,72.14,17,47786,67.03,11,9.46
6915,1113,35300,88.44,11,31221,84.8,9,5.27
6916,2072,67500,78.98,18,53327,72.7,12,5.6
6917,2582,55272,43.04,22,23799,28.6,9,9.9
6918,2005,34571,48.97,17,16937,27.67,5,9.92
6919,66588,1557559,72.94,324,1136350,66.67,165,7.6
6920,12127,207219,63.02,38,130634,56.84,17,11.01
6921,882,32062,78.02,11,25019,75.17,9,5.07
6922,2995,27155,62.9,9,17082,56.68,6,11.35
6923,3463,90439,69.74,37,63091,55.29,17,6.25
6924,587,20624,82.21,6,16958,73.08,3,3.89
6925,3030,20000,58.02,8,11608,41.69,2,21.6
6926,688,49800,80.75,25,40221,60.92,9,2.55
6927,1297,38236,67.9,14,25970,52.74,5,6.6
6928,4318,86000,79.69,11,68544,76.07,6,9.2
6929,1532,45090,89.6,6,40404,86.91,4,4.79
6931,3358,66152,70.04,40,46348,49.74,18,7.71
6932,5257,432596,80.43,79,347997,74.51,37,2.88
6933,4593,42572,65.43,9,27859,62.75,7,11.99
6934,1569,36130,65.05,15,23505,57.46,11,6.76
6935,578,37410,82.34,13,30804,72.81,7,2.81
6936,3776,72804,76.2,20,55489,64.77,9,8.16
6937,8220,67655,64.03,25,43334,54.6,14,13.59
6938,664,12570,67.01,6,8424,54.14,3,6.18
6939,660,35384,63.07,11,22322,56.07,8,3.33
6940,9080,320513,54.3,109,174097,39.87,34,6.74
6944,17242,99694,55.32,44,55170,36.3,14,11.69
6945,5265,97605,63.43,27,61936,53.56,12,9.23
6946,1892,323800,93.88,34,304053,90.81,18,1.08
6947,5640,106126,70.23,31,74562,60.13,14,9.24
6949,8622,1311601,92.88,177,1218450,89.33,103,1.15
6950,438,172926,95.78,27,165664,89.68,10,0.35
6951,4529,52000,66.23,4,34444,63.9,2,9.36
6952,2411,68345,86.9,18,59403,79.97,13,5.25
6953,3091,30015,63.56,6,19079,56.2,3,11.7
6955,513,24801,60.3,11,14957,49.64,6,2.4
6957,1962,56667,71.23,26,40373,53.48,11,4.37
6958,3485,421454,94.15,28,396894,93.51,23,1.27
6958A,1315,40000,83.86,7,33545,83.86,7,5.74
6959,3996,39167,40.76,12,15972,33.17,7,15.58
6961,3761,26834,44.48,6,11940,33.34,1,17.15
6962,32623,492397,52.59,78,259064,46.65,30,14.11
6963,207,15972,87.95,3,14048,85.35,2,1.45
6965,2339,156336,92.5,19,144622,91.02,15,2.39
6967,1722,30404,65.44,16,19901,39.25,4,8.31
6968,3508,49447,58.99,18,29180,44.13,7,10.15
6969,1740,43857,53.62,15,23530,40.67,6,8.56
6971,1620,38668,73.78,16,28538,61.37,8,8.13
6972,356,22935,83.82,9,19226,63.73,1,2.4
6973,872,40803,67.81,20,27672,41.45,4,4.09
6976,5958,583127,80.48,109,469404,73.84,45,2.47
6977,1811,14000,39.13,8,5479,15.91,2,15.0
6979,430,12000,59.53,4,7145,39.6,1,4.51
6980,2335,30000,77.23,6,23174,72.36,4,9.89
6982,2746,40752,65.06,15,26524,53.59,7,12.67
6983,3333,18020,43.49,9,7840,16.01,2,16.79
6984,343,19239,56.57,14,10886,27.71,4,2.42
6986,1915,52134,49.33,20,25729,36.71,9,6.66
6987,1125,224468,90.64,34,203510,87.03,21,1.03
6988,461,47600,77.53,20,36912,64.93,11,1.64
6990,5541,64454,82.01,17,52868,76.0,12,10.29
6992,462,25699,72.89,19,18735,43.34,8,2.83
6994,6877,74162,45.04,20,33418,37.01,10,19.41
6995,3708,27000,45.64,13,12328,28.93,5,7.44
6996,2461,42090,60.24,4,25363,55.68,1,8.26
6997,753,22100,82.26,3,18181,77.74,2,4.95
6999,257,23116,77.33,16,17881,57.3,8,1.36
7402,21157,35281,34.35,9,12123,26.96,4,32.49
7415,2580,30200,61.64,18,18619,33.05,5,6.57
7418,264,27554,96.13,6,26491,85.31,1,0.45
7419,4700,40000,49.32,15,19737,39.37,9,19.99
7421,537,525,0.0,0,0,0.0,0,53.65
7422,238,23272,82.48,3,19199,78.47,1,1.54
7427,5186,54026,30.97,19,16741,19.64,8,19.23
7443,347,22000,82.47,11,18147,73.22,7,2.4
7452,109,2000,87.89,1,1758,87.89,1,4.86
7455,266,25500,82.75,8,21107,73.87,4,1.44
7507,1113,102100,78.24,31,79912,70.2,18,2.25
7516,24230,19309,36.6,7,7071,14.79,1,23.66
7530,3378,46500,53.74,13,25001,45.99,8,15.54
7547,2001,33963,73.11,10,24834,66.12,7,9.76
7551,439,12100,56.65,5,6857,42.93,2,6.11
7555,417,28325,87.67,4,24834,86.14,3,1.91
7556,2650,29194,64.38,10,18799,54.58,5,9.36
7558,813,18621,52.35,12,9749,22.49,3,8.71
7561,735,30085,60.63,7,18244,55.15,4,3.13
7562,278,22779,76.4,10,17407,63.04,5,1.6
7566,7894,159773,66.93,50,106958,55.02,22,4.32
7575,559,30000,52.1,16,15635,32.69,7,2.94
7578,1752,60073,64.56,27,38803,44.44,8,5.64
7583,454,24595,88.3,13,21725,72.97,7,2.55
7584,970,16463,71.29,7,11739,51.83,2,8.76
7590,2514,122379,82.0,31,100373,77.3,22,4.57
7595,826,50465,72.13,27,36410,45.91,8,3.49
7607,676,36653,71.97,13,26383,62.37,6,2.26
7610,22013,58790,49.68,19,29219,37.24,7,20.87
7631,1260,20142,71.63,10,14431,52.59,4,8.32
7642,2059,30150,80.03,9,24131,78.35,8,9.79
7669,3656,22000,32.82,12,7225,4.94,1,13.12
7686,1914,50110,87.9,10,44054,85.94,8,2.55
7689,7720,58507,84.52,8,49458,81.71,5,7.27
7702,355,66000,92.72,10,61205,87.95,5,0.82
7703,4283,34745,59.15,9,20561,46.66,2,16.13
7704,1612,33770,59.62,14,20140,42.11,4,7.55
7705,13834,66067,68.85,10,45495,61.81,3,11.56
7706,240,10000,91.29,1,9129,91.29,1,3.39
7707,3273,45700,46.44,11,21232,39.81,6,10.34
7708,3011,25500,63.6,2,16219,61.96,1,12.28
7709,2635,39103,79.43,8,31065,77.39,7,9.42
7710,407,63906,98.82,3,63158,97.54,2,0.55
7711,9827,71700,61.15,12,43854,52.68,4,13.16
7712,4269,32562,54.91,16,17885,35.55,5,15.75
7713,769,45480,84.76,14,38561,78.28,9,2.39
7714,2872,21000,66.63,8,13996,47.95,2,15.32
7715,2108,32756,56.05,12,18369,39.76,4,12.34
7716,548,22500,82.59,9,18588,66.13,3,3.97
7717,9904,24832,51.21,10,12720,35.38,4,22.37
7718,1028,46356,78.19,18,36252,65.82,9,3.22
7719,16163,36000,20.74,7,7475,11.32,2,28.45
7721,3457,55370,60.76,17,33656,52.76,10,11.03
7722,20541,71652,84.98,4,60895,83.63,3,9.45
7723,4395,49620,56.43,19,28010,47.21,12,14.16
7724,299,35381,84.32,12,29840,70.86,5,1.53
7725,298,48327,84.26,10,40726,79.67,6,0.87
7726,181,20304,87.24,6,17717,80.37,4,1.22
7728,3608,13854,57.12,4,7916,45.73,2,16.21
7729,17377,80682,57.53,31,46432,45.13,16,8.29
7730,1216,36797,70.05,17,25781,60.77,11,5.14
7731,8984,521981,71.93,90,375583,67.4,52,4.51
7732,874,64680,88.81,20,57455,82.88,14,1.9
7734,14278,28000,71.73,11,20089,67.31,9,10.83
7735,2770,43331,92.95,8,40285,87.5,5,2.73
7736,1559,76000,84.74,23,64426,76.73,13,3.5
7737,371,29759,77.83,14,23167,56.78,5,1.77
7738,1655,27356,57.7,17,15792,32.17,6,7.02
7740,2833,60000,64.92,23,38968,53.58,12,7.49
7742,7268,66561,68.98,5,45921,65.0,1,15.7
7743,918,36483,74.67,23,27251,57.39,13,4.15
7744,2396,32077,75.47,14,24214,61.78,8,6.54
7745,544,17950,71.13,7,12770,56.71,3,7.35
7747,946,30169,79.95,6,24124,76.63,4,2.42
7748,210,14500,68.37,8,9916,50.07,4,2.47
7749,7980,46486,45.69,18,21247,28.12,5,16.7
7750,11231,71843,75.12,33,53981,61.59,16,5.41
7751,10672,26889,46.66,11,12550,36.95,6,13.28
7752,2201,200000,86.13,35,172295,82.18,21,2.24
7753,2366,25000,74.15,4,18541,65.34,1,7.68
7754,1875,101257,69.2,38,70089,56.27,15,3.56
7756,261,21283,70.79,8,15070,59.42,4,1.43
7757,2617,24100,59.28,10,14288,40.98,4,13.12
7758,379,16100,83.39,3,13427,80.08,2,2.55
7759,1088,70342,80.67,17,56760,73.27,10,2.91
7760,1478,66048,65.32,30,43153,50.08,12,3.22
7761,1442,28900,49.34,10,14262,34.25,4,10.2
7762,1425,58091,55.34,26,32155,39.54,10,3.88
7763,2947,60014,82.08,17,49269,76.51,10,6.16
7764,773,60000,81.47,26,48889,68.91,15,2.79
7765,6112,40681,59.37,3,24153,56.68,1,14.41
7767,1085,30100,71.63,16,21567,55.72,9,5.9
7768,6590,70065,64.18,21,44992,55.54,13,10.65
7769,64778,179930,67.03,44,120620,57.2,16,5.71
7770,1078,30062,74.26,14,22327,62.44,7,5.47
7771,521,20013,80.09,2,16030,75.7,1,3.1
7772,5166,26499,56.38,5,14942,52.82,3,21.63
7773,990,39911,57.64,16,23012,42.81,8,5.47
7776,1081,49102,74.5,15,36593,63.72,6,4.65
7777,18239,202606,63.84,28,129397,59.53,15,14.85
7779,368,16105,66.95,7,10783,56.73,4,2.15
7780,43227,810024,75.61,47,612643,73.53,20,10.21
7781,17632,649681,72.94,83,473941,68.97,40,5.99
7782,1109,23213,76.06,9,17659,65.8,6,7.28
7783,1168,62445,91.81,16,57336,89.52,13,2.01
7784,1482,187601,87.32,47,163844,82.03,30,2.02
7785,218,33339,85.55,13,28527,72.06,5,1.09
7786,6364,175954,82.51,32,145216,77.81,18,6.04
7788,8458,79746,68.36,33,54527,56.11,16,10.0
7789,177,21184,71.35,14,15119,42.63,4,0.85
7790,397,18585,70.29,15,13067,32.02,3,2.57
7791,4641,80000,80.08,16,64077,70.07,5,7.88
7792,3622,46662,70.42,15,32868,61.93,8,7.75
7794,1248,28000,81.49,7,22820,71.58,2,7.36
7795,17397,78828,70.03,8,55210,64.99,3,10.16
7796,2359,22963,57.01,5,13094,45.47,1,17.16
7797,694,22245,79.29,11,17643,62.68,5,4.97
7798,780,354126,94.74,63,335581,88.66,31,0.33
7799,11545,159738,79.66,39,127277,69.8,13,7.14
7801,1275,18300,69.64,5,12747,66.58,4,10.44
7803,2088,94413,79.33,31,74925,70.37,17,4.83
7805,4718,39750,73.11,10,29069,68.01,6,9.98
7806,351,29253,77.29,16,22611,58.33,7,1.76
7808,1092,70000,77.96,3,54580,76.94,2,3.04
7810,3182,20250,46.8,6,9480,36.34,3,18.04
7811,1239,33377,73.35,7,24488,65.17,2,5.9
7812,3027,64399,58.35,20,37586,50.04,12,8.45
7813,1804,19404,42.31,8,8212,27.14,3,14.86
7814,1561,45000,77.68,9,34966,71.66,5,5.72
7815,4171,32976,60.39,7,19919,50.32,2,12.22
7816,1120,29278,79.42,6,23257,71.85,2,6.21
7818,3890,167946,90.14,12,151396,89.0,8,3.8
7819,2645,25264,59.14,2,14942,55.4,1,17.93
7820,1917,37768,77.0,12,29090,66.08,6,6.71
7821,9892,121913,78.62,22,95855,72.22,11,7.71
7822,16970,45561,68.19,9,31080,63.73,6,17.55
7823,1001,33491,72.56,15,24304,62.3,10,4.3
7824,385,31337,79.91,18,25048,67.23,12,1.64
7825,4091,25614,40.28,9,10324,24.81,3,25.83
7826,125,12000,84.38,9,10127,60.74,4,1.54
7827,2725,140046,79.12,29,110825,74.06,17,3.53
7828,14225,40532,64.89,18,26308,53.49,10,13.15
7829,1084,99388,82.86,43,82375,70.79,24,2.14
7831,72,13401,74.55,8,9993,56.06,4,0.1
7832,2214,580000,92.65,99,537484,87.64,58,0.94
7833,563,43011,73.61,20,31669,57.22,9,2.2
7834,259,16478,75.03,7,12364,61.04,3,2.94
7835,584,46544,69.6,18,32402,55.34,6,2.35
7836,583,49500,71.07,20,35187,61.53,12,1.41
7837,332,22800,74.9,4,17081,67.76,2,2.42
7839,479,15096,72.5,7,10946,55.95,3,3.79
7840,226,34000,89.54,13,30447,76.24,7,1.04
7841,355,24200,77.83,10,18838,66.55,6,2.21
7842,1607,18250,69.18,3,12629,62.3,1,11.59
7843,1068,33440,67.64,9,22626,61.47,6,5.16
7846,473,34412,84.01,8,28912,75.12,3,2.16
7847,544,29000,63.09,14,18301,43.49,5,3.37
7848,1380,33376,72.89,17,24332,51.35,4,4.57
7849,173,11892,95.78,1,11391,95.78,1,1.24
7850,1522,97659,70.56,39,68922,54.14,17,3.43
7851,555,67691,83.48,21,56522,74.19,9,1.63
7853,14858,48247,27.9,13,13466,19.13,4,33.07
7854,825,40300,89.32,16,36004,79.77,11,3.18
7855,13899,277305,76.23,18,211471,73.39,6,9.31
7856,12434,33000,61.33,15,20247,50.3,9,13.01
7857,626,53488,83.46,13,44651,75.88,7,1.82
7858,4050,22237,48.52,10,10793,30.41,2,15.38
7860,146,32000,94.62,11,30283,89.35,9,0.42
7861,4073,64600,77.23,23,49905,66.9,12,4.67
7862,601,40000,87.05,4,34822,84.22,2,1.37
7863,119,30000,98.41,5,29527,96.02,4,0.35
7865,870,25124,61.92,13,15562,35.32,4,6.68
7866,4788,43171,61.41,17,26519,45.71,7,9.51
7867,694,96000,95.13,25,91349,83.91,8,0.87
7868,1080,22240,57.39,10,12768,40.21,4,8.83
7869,451,27241,88.66,4,24154,86.3,3,1.03
7870,2424,18400,76.09,12,14005,49.15,3,1.38
7871,6559,134278,54.29,32,72932,48.51,18,8.95
7872,1200,30000,65.06,3,19522,61.32,1,6.82
7873,3039,149884,85.17,36,127695,76.08,15,2.82
7875,334,20000,96.46,1,19292,96.46,1,1.58
7876,1456,107520,83.7,30,90013,74.74,15,2.75
7877,385,38857,71.89,12,27943,57.48,2,1.6
7878,3579,56137,47.17,24,26494,27.53,5,8.49
7879,3196,40000,62.05,17,24828,49.61,10,11.4
7880,1421,26500,66.45,16,17611,34.52,5,7.96
7881,408,27000,84.1,6,22708,82.23,5,2.56
7882,2194,205282,83.49,47,171413,78.0,31,2.28
7883,2074,60976,71.29,24,43482,58.53,11,2.36
7885,459,29200,76.54,16,22355,57.39,6,3.03
7886,1576,24978,65.28,14,16309,43.14,5,8.58
7887,13959,81720,42.86,33,35032,28.9,14,19.75
7888,554,75851,80.94,40,61408,61.89,18,1.08
7889,193,20781,83.85,16,17430,45.61,4,0.86
7890,416,20800,86.06,12,17905,65.96,6,2.48
7891,190,19430,56.46,7,10971,53.57,6,1.39
7892,5901,47198,75.07,15,35440,62.98,6,8.07
7893,1357,40799,86.15,5,35154,80.01,1,4.12
7894,862,24000,54.27,8,13030,38.97,1,4.5
7895,13091,38790,73.06,6,28348,65.58,1,2.73
7896,607,27900,86.62,5,24171,80.82,2,1.91
7897,204,133617,98.36,2,131435,98.36,2,0.18
7898,3161,30039,69.21,6,20795,64.0,3,6.44
7899,8533,24292,41.85,12,10174,11.46,2,25.36
7901,2237,60000,84.23,13,50546,75.08,4,3.31
7902,1723,200605,89.32,43,179228,85.66,31,1.92
7904,98,15000,92.47,4,13871,85.92,2,0.92
7907,2148,39393,75.23,17,29645,65.44,11,2.09
7909,4747,70593,83.27,14,58792,77.54,8,4.44
7911,1830,40000,63.09,13,25242,48.59,4,7.05
7912,2217,22205,79.29,10,17612,72.28,7,5.04
7913,1182,45139,90.38,7,40803,86.43,4,2.19
7914,89,52848,94.85,4,50133,93.77,3,0.2
7915,1690,40100,86.15,19,34551,70.85,10,1.94
7917,2116,66903,80.04,16,53557,70.05,6,3.19
7918,14850,43100,79.73,5,34369,77.07,3,7.96
7919,607,12700,50.06,4,6358,42.07,2,7.35
7920,3574,593987,88.76,181,527374,79.46,94,1.47
7921,823,40807,83.85,11,34220,75.79,5,2.7
7922,517,66175,95.56,18,63241,94.08,17,0.82
7924,2056,133561,81.43,46,108782,74.55,31,2.31
7925,364,65600,89.65,40,58822,72.3,23,1.16
7926,1527,15002,73.49,4,11027,59.45,1,6.71
7927,549,44700,70.14,29,31363,41.76,7,1.27
7928,2489,41530,72.28,18,30024,58.33,8,4.59
7929,980,21673,81.59,12,17686,61.84,4,3.63
7930,2062,33754,67.77,12,22880,58.84,6,6.76
7931,159,24641,96.2,5,23705,84.9,1,0.41
7932,3026,50000,58.88,21,29446,40.15,5,5.63
7933,114,23563,86.69,8,20435,72.02,3,0.56
7934,1856,26029,55.56,16,14469,26.81,4,6.8
7935,207,37000,82.84,16,30653,63.62,6,0.59
7936,668,36038,67.81,3,24443,64.05,1,4.09
7939,459,19580,74.62,2,14613,71.08,1,3.29
7942,2668,31768,82.33,6,26159,77.31,3,5.86
7943,549,30651,73.63,18,22573,57.2,10,2.39
7944,230,30763,85.75,13,26381,72.44,7,1.14
7945,337,11543,71.73,5,8281,58.25,2,3.17
7947,1369,60363,81.62,19,49284,74.59,12,1.42
7949,388,60000,97.4,1,58443,97.4,1,1.02
8002,250,1908,0.0,0,0,0.0,0,28.25
8009,627,4375,0.0,0,0,0.0,0,21.49
8010,385,6666,46.01,4,3068,20.25,1,9.66
8011,60621,165922,31.78,28,52760,24.99,10,29.73
8012,478,3800,93.02,1,3535,93.02,1,4.85
8014,591,8827,37.88,2,3344,37.88,2,10.86
8015,111,3000,29.54,2,886,0.0,0,12.06
8016,35802,120137,44.92,52,53998,29.23,21,20.47
8018,75,3449,21.62,1,746,0.0,0,3.98
8019,98,33891,93.81,3,31801,90.33,1,0.8
8020,109,8263,59.32,4,4902,32.36,1,2.37
8021,83225,147330,49.19,48,72508,38.38,24,30.59
8022,57,3000,70.18,1,2106,70.18,1,3.26
8024,22514,45160,29.88,12,13502,18.86,4,25.47
8026,61,97,0.0,0,0,0.0,0,73.87
8027,65399,113130,26.77,30,30310,16.73,12,39.65
8028,71346,184802,48.07,60,88880,35.77,23,28.42
8029,648,78017,75.2,24,58688,62.69,7,1.44
8031,121,4498,25.57,1,1151,25.57,1,4.73
8032,23289,51810,75.96,9,39360,74.21,7,12.89
8033,79284,164630,25.91,33,42694,17.16,12,40.65
8034,21979,56586,18.4,12,10424,8.72,3,32.37
8035,213,6705,44.2,4,2965,17.91,1,5.78
8036,532,7657,20.62,1,1580,20.62,1,10.9
8038,40100,62278,21.23,10,13225,15.03,4,36.25
8039,86265,263928,56.88,56,150167,50.03,27,22.56
8040,32105,96414,49.35,11,47611,44.68,3,22.2
8042,44729,133855,63.9,41,85564,57.22,26,24.24
8043,37408,79907,40.06,14,32020,37.54,10,46.49
8044,27413,204768,60.64,29,124208,56.03,14,14.15
8045,4285,95042,65.94,35,62692,55.75,19,8.28
8046,104445,646165,84.75,94,547770,80.2,45,6.76
8047,1268,41666,82.51,15,34386,74.69,10,3.68
8048,35276,59437,40.11,19,23853,28.07,7,23.04
8049,39281,118280,33.42,23,39567,27.21,11,29.2
8050,56581,205205,43.5,38,89305,36.73,16,26.31
8053,3692,411818,85.44,76,351942,80.37,42,1.93
8054,52292,108733,34.62,16,37670,28.43,4,34.21
8056,11792,389990,60.66,80,236649,53.99,35,5.95
8057,84,6344,67.07,3,4256,67.07,3,2.43
8058,2596,68800,67.45,27,46424,50.34,10,6.61
8059,7510,116466,71.55,10,83356,67.57,2,10.22
8060,272,6083,49.68,2,3023,34.07,1,11.29
8064,80580,184818,48.29,45,89277,40.94,23,31.44
8065,928,4500,37.58,3,1692,0.0,0,18.18
8066,38066,36642,38.07,13,13955,20.04,3,32.86
8067,6993,20700,81.35,9,16844,56.73,3,6.64
8068,8363,80766,61.39,17,49593,58.67,13,15.91
8069,106504,1155168,74.05,287,855582,66.2,144,9.68
8070,36413,725648,73.84,103,536007,69.95,59,10.65
8071,35011,60084,32.97,13,19828,22.86,3,32.53
8072,12896,80000,60.16,10,48142,57.87,7,20.86
8074,45562,86974,39.14,24,34054,29.43,9,31.33
8076,89277,292214,34.08,64,99636,25.19,23,21.74
8077,1062,21946,82.07,4,18013,76.8,2,3.0
8080,14335,67164,84.74,5,56923,82.53,2,5.77
8081,21667,86172,37.36,23,32209,23.72,4,25.03
8082,4212,106609,71.71,22,76470,62.9,8,4.36
8083,2716,35133,54.21,11,19052,44.1,4,9.5
8084,3935,69514,57.28,19,39832,47.05,6,10.43
8085,35917,139983,41.47,28,58078,30.13,3,17.19
8086,77379,196516,44.4,32,87293,37.65,10,32.2
8087,9836,38646,57.36,21,22173,41.04,10,10.07
8088,54180,60922,17.29,6,10539,16.57,5,53.08
8089,27206,65999,40.87,7,26980,37.95,3,21.94
8091,18768,57514,46.55,24,26781,31.82,10,20.41
8092,20436,57172,60.86,25,34809,41.1,7,11.07
8093,3219,56568,67.55,7,38213,64.0,4,8.22
8094,337,18527,43.02,10,7975,11.96,2,2.77
8095,123,7930,51.29,6,4068,18.1,1,3.77
8096,85105,149343,40.33,27,60249,34.84,14,31.83
8097,13337,60302,71.77,19,43288,61.52,10,7.03
8098,1443,13235,57.12,8,7561,33.14,3,11.14
8099,29208,100073,81.75,18,81825,76.66,9,5.77
8101,18410,52166,81.4,3,42468,80.45,2,8.0
8102,1155,23358,38.9,10,9089,24.43,4,7.09
8103,20355,78437,46.0,30,36099,27.56,7,24.61
8104,45132,104058,33.81,8,35214,30.38,2,32.1
8105,35907,441545,63.57,41,280813,60.46,21,14.44
8106,68,3943,60.82,3,2398,27.88,1,2.19
8107,31782,75000,53.92,20,40455,44.42,10,16.98
8109,7011,82161,54.0,35,44393,34.87,11,13.17
8110,83601,517740,48.68,38,252152,45.33,11,30.55
8111,59914,109102,36.25,27,39558,25.55,8,31.79
8112,117558,565883,35.93,85,203420,31.62,46,29.96
8112A,6981,30000,50.72,13,15223,36.01,7,17.72
8114,11775,76781,46.9,32,36029,32.42,13,19.35
8115,842,70000,86.41,25,60502,78.23,16,2.47
8119,33057,63662,46.71,26,29754,27.56,8,10.43
8121,30558,212994,61.23,38,130429,54.31,15,14.61
8122,1616,402371,93.1,13,374717,92.23,7,0.77
8127,242,5558,7.67,1,427,0.0,0,7.51
8130,297,47620,70.92,21,33778,59.07,11,0.81
8131,33489,442222,70.46,26,311703,68.04,7,14.48
8147,5006,42294,44.1,13,18654,32.52,6,15.54
8150,129636,704523,67.66,149,476837,60.71,75,19.42
8155,16746,62867,45.39,15,28547,35.59,6,27.78
8157,662,13419,78.63,2,10553,73.65,1,6.63
8162,2643,68702,73.98,26,50839,61.84,13,7.12
8163,74703,280000,45.06,44,126232,39.81,18,24.84
8171,44614,112853,61.15,27,69025,52.33,12,12.69
8172,258,1579,0.0,0,0,0.0,0,35.73
8176,35777,71701,33.32,19,23902,22.19,6,23.38
8182,11169,107041,67.15,13,71890,63.78,7,18.75
8183,36918,121251,48.33,18,58615,42.33,6,21.95
8197,637,61748,84.91,4,52437,83.38,2,2.19
8201,12037,62366,58.16,16,36289,45.88,4,16.96
8210,43273,125319,64.97,29,81440,57.32,14,19.99
8213,68519,271242,50.51,83,137074,39.79,36,17.07
8215,67875,320675,53.59,29,171891,50.67,13,20.57
8218,105,1593,0.0,0,0,0.0,0,9.2
8222,39578,68574,36.23,13,24859,31.52,7,33.17
8225,380,22380,79.65,4,17828,73.02,2,3.89
8227,27905,39543,38.16,13,15100,22.17,4,29.03
8234,16602,141226,54.94,37,77607,46.69,18,21.21
8240,37290,100004,54.48,22,54503,48.06,11,20.95
8249,35546,137824,57.82,18,79709,53.5,9,23.55
8255,25343,101979,51.57,17,52615,46.76,9,22.97
8261,74870,118878,44.12,17,52473,38.33,6,38.65
8264,496,2577,0.0,0,0,0.0,0,34.39
8271,66487,129615,40.93,24,53077,34.99,11,34.34
8272,1647,18998,38.04,6,7231,25.15,2,11.49
8276,125,3507,48.36,2,1697,33.84,1,10.33
8277,12481,39500,15.9,3,6284,13.48,2,39.96
8279,2138,27101,60.23,5,16330,52.51,2,11.35
8281,415,29267,44.49,8,13025,34.88,3,2.37
8284,2294,47303,64.4,19,30474,48.12,8,6.93
8286,157,441,0.0,0,0,0.0,0,76.5
8287,11818,24267,70.24,1,17046,70.24,1,20.81
8289,30387,68334,44.65,18,30525,33.74,5,26.04
8291,1848,17478,71.89,3,12566,71.89,3,13.26
8297,174,15000,92.95,1,13943,92.95,1,1.78
8298,380,25632,81.42,3,20870,81.42,3,2.21
8299,198861,221439,39.55,61,87608,29.18,26,31.23
8325,204,1513,0.0,0,0,0.0,0,33.84
8329,3156,280578,91.0,36,255376,87.39,22,2.79
8341,18713,130000,48.64,15,63246,46.58,11,24.02
8342,1091,33537,72.33,9,24262,66.31,6,4.68
8345,804,60008,83.43,15,50081,73.22,6,2.32
8349,7655,208821,71.35,37,149028,67.35,23,6.57
8349A,1261,10000,10.25,2,1025,0.0,0,19.47
8351,1048,25000,72.54,3,18136,70.91,2,5.46
8354,14520,78532,65.52,32,51468,49.52,11,11.08
8358,163803,252588,35.41,56,89502,27.61,25,43.16
8359,6004,136500,83.34,26,113780,79.49,18,4.66
8367,3488,92172,70.66,33,65153,61.38,18,6.99
8374,13167,112585,71.41,11,80429,68.36,6,17.72
8375,114,7356,77.08,6,5671,40.34,2,1.96
8380,880,7121,19.46,2,1386,0.0,0,31.87
8382,10346,292574,66.04,81,193262,56.95,42,6.4
8383,56878,113760,52.08,28,59279,43.91,14,24.2
8390,31453,96116,45.98,21,44212,39.64,11,17.32
8401,11902,70669,63.2,22,44676,54.53,13,9.58
8403,36581,137640,38.34,22,52800,32.26,9,20.01
8404,15708,419934,78.92,67,331526,73.21,29,4.22
8409,25690,32000,48.77,9,15608,38.73,4,14.44
8410,2066,36589,56.95,11,20844,50.7,7,11.27
8411,10728,221139,82.05,33,181495,79.49,25,5.45
8415,8788,1031500,93.12,137,960694,89.52,78,1.77
8416,2067,28211,77.13,7,21760,77.13,7,9.1
8419,1376,30000,53.22,11,15972,40.55,4,14.2
8421,6742,63817,64.8,19,41368,58.74,13,12.47
8422,149592,1359638,38.0,133,516870,34.14,49,26.22
8423,6287,41714,63.66,14,26558,54.59,8,13.07
8424,3008,36054,60.57,7,21847,50.7,2,15.48
8426,2665,50242,74.92,6,37653,70.26,3,8.92
8429,45069,185747,42.24,27,78500,38.11,13,17.69
8431,44489,48778,33.4,17,16299,18.55,5,28.18
8432,3151,38398,61.56,4,23647,56.47,1,12.64
8433,3127,54506,66.8,16,36420,60.43,10,9.7
8435,22326,35200,41.14,13,14486,20.64,2,29.21
8436,46007,117729,35.67,32,42018,26.31,13,29.87
8437,32490,47014,41.88,19,19698,28.08,7,15.79
8438,2832,69943,79.06,22,55307,67.17,10,6.15
8440,55716,50255,32.68,7,16429,29.05,4,36.1
8442,1984,70170,71.69,24,50320,61.44,13,5.21
8443,46534,66800,69.59,23,46509,60.37,14,15.82
8444,1683,125105,85.93,33,107528,77.61,15,2.09
8446,7712,52914,51.3,15,27153,42.94,7,24.14
8450,10216,51310,58.33,14,29933,56.66,13,22.98
8454,37875,264975,81.35,19,215611,79.33,10,10.44
8455,719,25219,89.9,3,22675,87.77,2,4.46
8458,551,35850,73.63,25,26403,48.85,11,2.37
8462,6166,80387,65.65,20,52793,58.99,11,10.3
8463,3554,150000,82.45,29,123703,76.83,15,4.62
8464,3746,293020,87.02,92,255033,77.8,49,0.98
8465,232,8100,58.22,4,4717,41.56,2,3.39
8466,2136,79446,77.09,27,61255,67.5,13,4.84
8467,1672,48374,81.99,21,39670,73.86,14,4.45
8472,1012,17736,63.04,3,11182,55.75,1,4.93
8473,15046,188728,66.16,19,124912,63.75,12,12.29
8476,6306,167514,72.19,54,120972,62.22,26,6.91
8477,10897,84171,83.51,5,70303,81.6,3,5.15
8478,10878,93972,75.66,12,71103,75.66,12,12.99
8479,375,20055,62.09,7,12455,41.51,1,2.41
8481,2504,66602,66.51,24,44308,53.63,10,6.96
8482,1034,107444,95.14,18,102246,90.26,11,1.14
8485,61,1568,96.18,2,1508,0.0,0,2.98
8487,19460,26535,55.94,9,14847,46.05,5,11.79
8488,902,73500,86.84,18,63838,80.22,10,2.08
8489,29874,59949,56.83,14,34078,46.07,5,14.88
8490,1099,23760,45.75,12,10876,29.07,4,8.22
8491,1286,2900,0.0,0,0,0.0,0,35.33
8492,250,33300,92.97,12,30963,88.34,10,1.47
8495,855,127275,92.59,6,117860,91.06,3,1.6
8496,292,35675,87.43,12,31195,84.71,10,1.5
8499,2149,41166,79.87,12,32885,72.65,7,6.31
8707,6310,2565,0.0,0,0,0.0,0,43.84
8708,20441,194340,43.76,31,85066,36.7,11,17.05
8710,6838,115478,29.02,29,33530,18.25,11,13.04
8712,6932,807919,76.16,266,615487,63.8,113,1.25
8718,18047,97034,35.42,20,34387,28.35,10,24.01
8719,6762,656412,86.78,136,569756,79.46,63,1.98
8720,8586,89511,56.97,19,51008,47.39,5,13.29
8721,2240,3966,0.0,0,0,0.0,0,38.42
8722,5790,52605,62.76,15,33025,56.92,10,12.32
8723,23378,104515,50.72,31,53027,41.3,15,19.3
8724,8388,20230,40.7,6,8236,33.65,4,33.18
8725,12488,112120,32.37,23,36312,25.29,10,22.08
8905,21547,119440,92.63,26,110650,89.63,20,2.39
8906,2902,44037,56.39,16,24839,49.92,11,9.45
8908,15490,315333,89.16,47,281255,85.98,30,2.95
8916,41383,148612,66.04,48,98186,59.26,31,10.1
8916A,273,237,0.0,0,0,0.0,0,93.24
8917,1708,162652,82.64,69,134442,66.25,25,0.92
8921,1153,46592,85.56,24,39873,63.01,8,1.4
8923,5121,30376,82.32,10,25009,74.55,6,3.82
8924,16939,83800,38.8,22,32531,29.73,9,28.95
8925,19589,365243,41.31,123,150947,27.53,42,8.78
8926,62479,830282,56.96,128,473073,51.76,56,14.1
8927,25616,419068,83.7,112,350856,74.84,51,3.26
8928,4332,50854,49.14,13,25002,35.67,2,16.02
8929,11665,50581,45.67,10,23110,39.18,5,26.14
8930,5287,81809,69.12,35,56556,58.05,19,11.31
8931,18942,122255,82.01,16,100285,78.19,8,4.43
8932,10079,357963,78.9,77,282492,74.09,52,4.55
8933,42692,326724,52.83,43,172694,47.69,14,14.54
8934,504,7973,94.77,1,7556,94.77,1,1.41
8935,38034,113495,51.26,26,58207,42.46,11,12.28
8936,75266,248078,31.68,56,78626,23.53,23,30.19
8937,3283,431680,90.89,53,392435,88.25,35,1.46
8938,12242,156986,57.77,59,90718,46.02,31,12.78
8940,9305,67491,70.71,24,47735,62.44,16,13.78
8941,2200,34972,66.7,20,23333,44.31,8,6.08
8942,13119,198842,51.31,62,102057,41.67,30,13.34
8996,35382,93627,51.66,51,48381,27.2,16,11.43
8999,392,36000,63.91,29,23013,18.91,3,1.34
9103,21209,205532,11.72,32,24126,4.08,6,27.47
910322,7318,20765,28.93,5,6010,26.74,4,39.8
9105,114257,1587950,26.56,366,421999,16.49,102,17.88
910861,2723,33915,37.47,13,12710,23.33,5,16.27
9110,1746,54498,43.8,25,23877,21.58,6,7.65
911608,2157,34222,31.48,13,10778,13.37,3,15.08
911611,3110,88290,41.32,27,36505,28.83,11,9.24
911613,1401,11111,5.99,1,666,0.0,0,28.4
911622,1502,30000,52.47,9,15741,42.16,4,12.7
911868,6150,140000,36.68,37,51386,26.44,13,12.16
912000,6806,159294,34.44,49,54909,23.03,17,10.5
9136,4533,131875,67.58,33,89155,61.0,19,8.67
916665,366,816,0.0,0,0,0.0,0,57.85
9801,83342,395846,69.34,40,274590,66.07,20,17.07
9802,12173,200992,63.54,58,127756,54.24,28,10.82
9902,45122,98050,57.17,22,56068,51.32,12,17.31
9904,106404,2946787,68.01,458,2004951,62.93,213,7.89
9905,17108,305000,74.3,45,226673,71.92,31,8.19
9906,8171,90376,78.74,24,71179,74.97,18,9.13
9907,55372,1579145,74.63,184,1178753,70.46,77,6.62
9908,16364,516358,80.57,111,416131,74.71,64,5.48
9910,23940,987483,88.96,91,878647,86.84,57,4.06
9911,31210,222332,67.19,56,149401,61.07,34,15.55
9912,61742,53793,62.81,18,33796,54.91,12,15.3
9914,67063,298984,64.79,84,193757,54.08,39,13.2
9917,56444,451197,76.92,97,347104,70.45,52,8.71
9918,25104,180537,85.05,50,153599,77.2,25,2.36
9919,63384,195363,45.39,27,88721,42.41,18,27.6
9921,28499,392065,69.52,125,272638,59.99,67,11.01
9922,10416,215981,69.34,59,149806,59.04,25,7.15
9924,13022,150762,61.13,45,92187,52.66,25,16.34
9925,19368,387490,68.17,92,264209,61.4,48,9.55
9926,4222,179504,83.81,52,150475,73.65,23,2.42
9927,14038,120000,58.89,18,70704,52.67,7,17.96
9928,7117,70725,75.18,15,53182,67.16,6,7.49
9929,3742,101280,88.1,19,89252,83.95,11,2.48
9930,12262,248540,77.67,17,193076,76.44,11,8.19
9931,7801,120369,78.02,26,93941,73.39,17,3.54
9933,50315,944437,62.86,163,593846,56.77,70,9.34
9934,13521,411017,66.62,82,273894,59.08,32,6.9
9935,57717,177839,61.75,65,109838,50.03,33,6.99
9936,11626,104646,29.08,22,30454,20.09,7,20.05
9937,15727,309043,89.18,69,275682,82.15,33,1.94
9938,50074,297964,52.93,79,157746,44.69,40,15.55
9939,27848,295786,62.33,90,184449,52.94,49,14.11
9940,17045,736846,81.61,73,601462,77.92,23,4.46
9941,44252,587149,70.62,66,414772,67.11,32,12.23
9941A,3665,100000,82.12,23,82138,75.69,12,5.78
9942,9610,83161,51.73,24,43037,39.07,8,18.68
9943,15932,125172,71.1,13,89019,69.48,10,16.07
9944,10395,105908,78.82,43,83499,66.16,20,8.34
9945,101348,2844225,66.36,352,1887952,62.1,148,8.08
9946,13941,326554,81.91,40,267550,78.4,20,4.71
9948,73,203,0.0,0,0,0.0,0,70.38
9949,11012,44861,73.0,17,32755,54.92,5,11.34
9950,3601,167716,83.9,25,140746,81.02,16,4.5
9951,24334,73300,46.5,19,34097,39.25,10,22.36
9953,518,4382,0.0,0,0,0.0,0,18.02
9955,15097,104425,61.51,21,64248,55.34,10,19.66
9957,12686,3220414,96.06,73,3093957,95.5,42,0.95
9958,59804,266897,49.16,58,131252,41.54,24,24.16
9960,9476,33592,77.78,17,26137,56.82,6,5.4
9961,321,69099,93.39,16,64543,89.73,13,0.78
9962,28872,90220,46.7,26,42150,40.06,16,17.63
9965,68,776,0.0,0,0,0.0,0,21.58
YFU6,53,23060,88.01,10,20299,79.08,6,0.13
YHP6,82,44587,98.74,1,44027,98.74,1,0.21
YHU4,549,232690,95.39,6,221996,94.83,3,0.54
YJS2,8992,115112,78.86,19,90793,74.07,11,3.39
YMB6,3469,49794,81.48,6,40577,78.63,4,7.56
YY0005,98,445,0.0,0,0,0.0,0,50.55
YY0008,55,203,0.0,0,0,0.0,0,79.3
YY0024,72,260,0.0,0,0,0.0,0,71.15
YY0027,62368,70067,13.0,10,9123,8.24,4,66.36
YY0028,33857,247240,39.82,58,98532,30.72,24,18.21
YY0029,8295,39013,30.71,8,11986,27.59,6,23.16
YY0030,3000,62718,52.22,25,32769,38.56,10,10.35
YY0031,430,4703,0.0,0,0,0.0,0,34.82
YY0032,358,3886,0.0,0,0,0.0,0,29.75
YY0033,2494,20320,18.08,4,3677,9.84,1,25.57
YY0034,266,1732,0.0,0,0,0.0,0,44.73
YY0035,15276,236897,36.51,50,86522,28.88,21,14.63
YY0036,135,347,0.0,0,0,0.0,0,75.78
YY0037,3441,80462,85.4,21,68725,79.58,14,5.56
YY0038,268,2681,26.72,1,716,0.0,0,23.4
YY0039,12840,250819,81.42,56,204250,76.5,36,5.35
YY0040,9011,73060,44.29,13,32376,37.82,6,16.03
YY0041,13673,279723,79.99,55,223817,74.54,33,7.75
YY0042,19997,70750,14.33,10,10157,10.23,5,36.43
YY0043,9569,40110,6.34,4,2549,0.0,0,52.49
YY0044,52927,444771,19.14,48,85225,15.46,21,29.33
YY0046,37331,547188,31.81,150,174146,20.47,44,13.53
YY0047,77957,1068739,31.57,283,337581,20.66,96,13.53
YY0048,7699,98781,49.38,27,48805,40.66,14,12.0
YY0049,33691,38915,26.38,7,10277,20.72,4,43.58
YY0050,55712,236287,21.61,50,51113,10.63,10,31.16
YY0051,7659,77631,33.79,17,26248,25.5,6,14.37
YY0052,4527,202295,69.17,68,139969,57.97,32,3.0
YY0053,24673,241583,46.84,45,113227,40.99,23,22.55
YY0054,5667,106913,46.92,29,50186,38.21,14,7.86
YY0055,5303,122831,46.12,54,56669,26.08,18,7.9
YY0056,2183,19785,51.38,8,10169,35.64,3,5.11
YY0057,4850,148068,56.95,40,84369,47.75,19,6.45
YY0058,3334,57674,36.12,18,20840,23.58,7,10.94
YY0059,1059,22565,21.48,6,4849,0.0,0,8.29
YY0060,683,9827,13.47,2,1325,0.0,0,14.8
YY0061,6527,53277,22.65,16,12075,8.46,4,19.24
YY0062,18028,320743,23.66,71,75929,13.36,19,16.35
YY0063,8933,20251,2.86,1,580,0.0,0,54.43
YY0064,5241,97671,63.78,30,62311,52.94,12,6.32
YY0065,17155,219900,28.36,56,62421,17.05,13,15.19
YY0066,19879,331761,30.12,79,100009,19.41,21,13.54
YY0067,6882,153015,29.72,49,45493,17.99,18,11.84
YY0068,28658,405672,23.47,66,95285,15.62,14,17.77
YY0070,22511,322815,33.99,85,109790,20.6,18,16.0
YY0071,14700,80698,18.89,11,15254,15.25,6,30.02
YY0072,2509,27500,18.32,8,5044,0.0,0,17.27
YY0073,2179,36625,35.94,16,13168,18.68,5,8.92
YY0074,10668,104211,17.7,22,18461,7.56,5,24.65
YY0075,3105,16421,10.31,3,1695,0.0,0,28.96
YY0076,450,450,0.0,0,0,0.0,0,100.0
YY0077,298,751,0.0,0,0,0.0,0,78.55
YY0078,329,2407,0.0,0,0,0.0,0,27.4
YY0079,79,330,0.0,0,0,0.0,0,63.93
YY0080,307,894,0.0,0,0,0.0,0,62.35
