stock_no,people,lots,b4_pct,b4_people,b4_lots,b1_pct,b1_people,s10_pct
00400A,136735,1886640,15.65,195,295738,11.04,50,19.67
00401A,17536,240895,26.63,26,64181,23.79,14,21.2
00402A,51369,747127,17.82,109,133278,10.6,19,21.32
00403A,997455,15783519,16.04,1762,2535310,10.51,332,18.05
00404A,23952,353295,23.71,34,83863,20.11,12,21.55
00405A,157782,3114245,17.47,426,545164,10.88,95,14.35
00406A,44543,874062,20.08,131,175634,13.2,27,15.42
00407A,160986,2885739,18.55,403,535783,11.83,85,16.1
00408A,7354,176634,38.52,39,68066,28.81,14,13.25
0050,3357248,21072000,27.59,873,5817371,25.91,249,26.23
0051,13680,24500,13.77,5,3376,0,0,55.88
0052,469381,2581500,19.3,159,498548,17.08,66,36.52
0053,6364,5488,19.04,1,1045,19.04,1,48.14
0055,12254,90154,46.43,18,41872,38.61,5,25.73
0056,1620840,13927534,11.97,700,1669934,9.68,148,25.77
0057,3092,1527,0,0,0,0,0,29.24
0061,6157,97616,33.26,23,32484,23.23,6,15.63
006201,3349,20446,47.74,6,9764,35.93,2,29.56
006203,1178,10218,80.98,6,8278,51.02,1,8.82
006204,1145,1500,0,0,0,0,0,45.57
006205,9027,95939,45.72,28,43885,33.08,7,17.71
006206,3217,27278,19.51,4,5323,11.06,1,25.44
006207,1575,20892,16.37,5,3424,5.62,1,17.02
006208,709379,1833040,10.01,58,184072,9.29,36,52.31
00631L,322905,6926348,29.98,1362,2078706,20.98,308,10.51
00632R,60498,2332708,44.09,763,1028985,29.07,203,5.01
00633L,3611,116458,33.85,38,39442,20.67,13,6.86
00634R,788,47256,54.33,16,25686,38.53,6,3.56
00635U,58211,304514,18.53,30,56507,15.48,15,33.97
00636,8322,98325,22.83,21,22475,14.94,7,19.6
00637L,11673,740106,57.03,275,422204,41.64,90,3.55
00638R,532,24448,51.99,9,12717,34.99,2,5.12
00639,5766,98403,26.92,26,26516,15.62,8,13.31
00640L,1314,6919,23.37,2,1617,16.65,1,27.25
00641R,1334,79758,51.2,31,40851,37.48,14,3.48
00642U,11136,104821,37.08,15,38885,32.28,7,21.79
00643,3219,72503,38.24,19,27735,25.03,5,11.61
00645,10030,43997,25.01,10,11011,15.55,3,36.45
00646,108152,567485,40.1,63,227673,35.69,24,25.94
00647L,1542,6416,27.45,1,1761,27.45,1,28.39
00648R,2426,140688,44.06,38,62028,32.37,12,3.61
00650L,2570,129338,50.36,49,65163,37.51,20,4.22
00651R,414,32192,68.83,16,22163,48.47,6,3.0
00652,9731,65035,31.16,14,20277,25.89,7,28.04
00653L,1326,15403,18.62,3,2871,10.77,1,18.57
00654R,384,19466,53.47,9,10411,33.89,2,4.53
00655L,2201,57958,29.29,20,16984,13.79,4,8.61
00656R,326,20357,72.83,12,14831,47.82,4,3.18
00657,1670,6584,21.38,2,1408,0,0,37.54
00660,1050,7531,32.62,4,2457,0,0,17.55
00661,7322,23425,17.78,5,4169,7.07,1,42.2
00662,106156,865029,37.77,88,327002,34.05,29,15.51
00663L,16551,148163,21.86,20,32418,18.2,11,22.21
00664R,6726,770575,59.35,358,457522,39.87,120,1.56
00665L,5506,518965,62.01,178,321936,48.75,67,2.03
00666R,124,14624,84.73,6,12391,84.73,6,1.34
00668,2011,7483,30.92,3,2315,15.46,1,32.8
00669R,3216,205117,45.95,64,94302,34.51,25,3.37
00670L,12340,74145,11.73,9,8707,5.84,2,27.94
00671R,3687,540384,68.96,217,372800,51.71,71,1.23
00673R,9273,480551,45.45,167,218541,30.53,51,3.97
00674R,1421,15421,41.71,4,6432,41.71,4,18.3
00675L,20138,112786,17.75,11,20051,13.49,4,31.24
00676R,4222,172834,41.71,63,72110,26.3,22,4.69
00678,1823,8448,16.66,3,1408,0,0,28.62
00679B,239635,6525192,43.85,688,2862899,38.96,151,8.77
00680L,19955,1508576,53.25,535,803612,38.02,159,2.73
00681R,101,7594,90.32,4,6860,80.98,3,1.79
00682U,271,7644,77.47,4,5922,51.67,2,4.08
00683L,342,11434,63.96,6,7315,51.47,3,5.46
00684R,184,9688,80.21,6,7773,63.07,4,3.57
00685L,190304,5038836,33.76,1206,1702000,22.49,262,9.71
00686R,1800,191776,60.67,83,116385,42.49,30,1.84
00687B,159265,4707135,45.31,573,2134218,39.84,138,8.17
00688L,9629,641115,47.57,220,305124,32.98,71,3.11
00689R,53,6889,89.75,5,6184,64.58,2,0.45
00690,17476,80830,10.52,10,8525,4.92,3,37.09
00692,92370,614780,17.04,33,104826,15.15,16,33.38
00693U,3512,85166,41.27,27,35166,32.16,13,9.41
00694B,1992,39576,74.21,8,29372,70.66,6,8.81
00695B,2287,39686,73.96,8,29359,70.19,6,10.59
00696B,11233,618681,82.8,28,512368,81.62,17,4.21
00697B,6608,64212,22.94,12,14736,19.46,8,22.19
00700,2725,34983,12.29,5,4303,7.36,2,17.55
00701,38387,173391,8.69,13,15081,6.59,6,50.1
00702,1169,6688,49.23,5,3293,15.25,1,26.49
00703,1060,9550,22.31,3,2133,0,0,23.72
00706L,6929,156271,30.82,41,48205,19.61,12,9.37
00708L,16282,126573,22.08,25,27987,13.64,7,25.44
00709,2422,15460,36.87,9,5703,7.76,1,23.95
00710B,3705,180761,82.01,9,148264,80.78,5,4.81
00711B,803,872261,99.35,5,866691,99.3,4,0.17
00712,136553,5182511,32.77,1161,1699253,21.79,202,5.91
00713,273631,1736512,23.07,77,400960,22.0,48,31.84
00714,2519,21067,45.12,11,9508,19.85,3,23.73
00715L,7665,125192,39.55,22,49541,35.89,14,12.4
00717,7761,124605,28.86,32,35989,17.35,8,15.67
00719B,14263,548514,60.53,54,332094,56.26,17,6.02
00720B,80000,3986109,64.5,310,2571967,61.07,76,4.71
00722B,13774,1457739,89.9,43,1310646,89.26,27,2.5
00723B,460,1519583,99.74,13,1515803,99.68,11,0.05
00724B,6365,3023775,97.58,33,2951084,97.37,22,0.52
00725B,42280,3716206,81.78,163,3039574,80.05,57,2.78
00726B,1778,1191489,97.97,20,1167431,97.57,12,0.33
00727B,720,56689,89.69,5,50848,87.13,3,2.77
00728,9566,38423,1.38,1,533,0,0,50.73
00730,13413,71044,17.61,10,12518,13.7,5,40.78
00731,8515,22100,20.72,5,4584,10.18,2,55.31
00733,21278,65966,17.28,10,11408,12.72,4,52.1
00734B,529,24979,84.44,3,21098,80.06,1,4.81
00735,33436,111289,16.08,18,17920,10.15,6,42.31
00736,514,6727,76.18,6,5125,42.86,2,9.28
00737,5539,22538,14.3,5,3225,4.88,1,45.17
00738U,34631,247799,17.91,40,44414,11.39,13,27.55
00739,1990,25988,39.17,10,10183,18.71,2,17.28
00740B,6082,2180471,96.77,46,2110282,96.32,30,0.6
00741B,1180,12628,42.55,2,5375,39.35,1,19.35
00746B,1335,2533964,99.56,26,2523008,99.46,21,0.09
00749B,204,1110500,99.78,8,1108236,99.75,7,0.03
00750B,73,148000,99.59,4,147403,99.32,3,0.04
00751B,68381,5107103,74.73,320,3817562,72.14,95,3.08
00752,17739,287716,35.53,36,102301,31.26,15,15.05
00753L,10931,752157,52.99,257,398754,38.29,77,3.06
00754B,448,1278400,99.73,15,1275136,99.7,14,0.06
00755B,1034,280230,97.76,8,273990,97.59,7,0.83
00756B,2331,1316800,97.65,19,1286037,97.22,10,0.37
00757,70987,274494,30.81,29,84602,28.31,17,33.78
00758B,123,5525,90.49,1,5000,90.49,1,2.12
00759B,113,47525,98.89,1,47000,98.89,1,0.16
00760B,643,435020,99.15,6,431351,99.15,6,0.29
00761B,3498,2734089,98.55,32,2694995,98.41,26,0.28
00762,23210,48248,20.41,7,9853,15.48,3,51.56
00763U,4915,48065,52.0,15,25001,45.06,10,20.85
00764B,8626,1543000,93.86,33,1448542,93.4,20,1.39
00768B,1674,762100,98.38,30,749870,97.66,22,0.38
00770,18389,79458,12.36,10,9835,5.74,3,41.73
00771,2088,14225,15.93,2,2268,11.94,1,30.44
00772B,41562,3370790,80.27,142,2706668,78.54,43,2.9
00773B,9152,2554790,95.5,43,2440485,95.13,27,0.84
00775B,183,232100,99.85,8,231790,99.23,6,0.06
00777B,212,2076650,99.92,14,2075360,99.88,13,0
00778B,185,1514150,99.94,12,1513461,99.89,10,0.01
00779B,664,1296650,99.57,8,1291237,99.5,7,0.11
00780B,1311,268102,97.51,9,261459,97.2,8,1.17
00781B,678,8336,32.28,3,2692,17.99,1,18.48
00782B,1245,19467,20.74,4,4041,13.07,2,16.46
00783,817,7031,7.44,1,523,0,0,25.33
00785B,249,998966,99.81,11,997126,99.72,9,0.02
00786B,1344,21566,32.36,6,6982,20.67,2,15.99
00787B,1042,12306,39.43,6,4854,16.25,1,17.58
00788B,1525,25206,25.53,8,6440,12.03,2,15.17
00789B,369,455600,99.38,11,452790,99.07,9,0.17
00791B,96,279100,99.67,6,278204,99.67,6,0.02
00792B,447,2277115,99.87,16,2274575,99.78,13,0.02
00793B,415,3026,14.53,1,440,0,0,27.24
00795B,38593,1559598,55.56,149,866801,51.59,45,5.97
00799B,1686,25536,21.13,5,5399,12.01,2,16.72
00830,174403,777965,24.11,57,187726,21.56,25,35.65
00834B,138,23198,96.16,5,22309,94.36,4,0.98
00836B,431,611041,99.56,12,608474,99.22,9,0.11
00840B,91,59431,99.27,3,59000,99.27,3,0.15
00841B,117,70440,98.66,4,69500,98.66,4,0.2
00842B,867,17267,47.77,5,8250,41.9,3,11.23
00844B,309,222175,98.95,4,219860,98.95,4,0.31
00845B,219,237051,99.54,4,235993,99.34,3,0.12
00846B,265,74350,98.18,2,73000,98.18,2,0.51
00847B,408,8305,58.73,3,4878,42.14,1,10.48
00848B,159,136066,99.55,3,135475,99.21,2,0.13
00849B,109,486106,99.7,5,484708,99.6,4,0.01
00850,80871,415444,17.55,31,72992,15.57,19,39.48
00851,2204,5525,27.87,1,1540,27.87,1,43.32
00852L,479,8365,65.16,3,5452,46.93,1,8.7
00853B,2369,181134,91.36,11,165501,89.86,6,3.27
00856B,421,6792,64.46,3,4379,44.16,1,9.04
00857B,16479,534268,51.63,68,275956,46.84,24,7.73
00858,19566,117374,16.01,14,18814,12.1,6,30.56
00859B,1475,28511,25.87,5,7380,20.9,3,11.56
00860B,356,3171,20.35,1,645,0,0,20.45
00861,19705,68912,5.19,4,3591,3.3,2,53.47
00862B,1551,879881,98.33,12,865439,98.16,9,0.41
00863B,341,511964,99.55,8,509701,99.42,7,0.12
00864B,3492,100722,32.91,21,33167,26.48,10,7.26
00865B,8842,281744,29.41,45,82917,22.14,12,6.14
00867B,207,504150,99.81,10,503236,99.68,9,0.06
00870B,317,564151,99.6,8,561968,99.41,6,0.08
00875,3551,13488,15.05,3,2032,0,0,49.18
00876,22955,90024,25.79,10,23223,21.56,4,40.05
00877,12305,152788,20.2,29,30898,13.64,13,20.31
00878,1614392,18338290,11.38,858,2090826,9.23,148,20.24
00881,318637,2377403,13.84,106,329351,12.27,40,31.76
00882,85967,2049849,26.22,402,537633,17.01,89,10.22
00884B,213,75440,98.74,4,74498,97.42,3,0.41
00885,50324,615238,17.05,90,104960,11.12,31,19.13
00886,1209,4451,12.33,1,549,0,0,45.7
00887,19510,409851,30.34,103,124411,19.26,29,11.68
00888,72199,486478,12.56,25,61251,11.29,14,36.0
00890B,719,18264,71.17,2,13000,65.7,1,8.38
00891,174286,1660590,12.46,98,207094,10.07,31,26.43
00892,47048,320792,15.34,27,49267,12.94,15,34.38
00893,58529,363884,8.78,22,32025,5.9,6,38.68
00894,25671,148509,14.81,13,22028,12.44,7,38.3
00895,29991,148916,10.66,8,15890,9.45,5,43.82
00896,49522,391880,9.77,27,38412,7.19,10,32.93
00897,10316,143012,20.1,28,28777,10.22,5,20.62
00898,10303,143976,18.27,26,26339,9.33,7,21.89
00899,4036,16635,9.23,2,1537,0,0,44.12
00900,135795,1625525,14.49,93,235934,12.01,24,22.74
00901,12268,63349,12.95,11,8214,3.91,2,41.18
00902,18447,226497,17.31,29,39265,13.17,13,21.97
00903,7314,49221,11.64,5,5734,8.05,2,37.08
00904,25329,165112,12.46,18,20604,6.14,4,36.19
00905,44604,350827,6.48,17,22774,4.72,6,32.27
00907,20514,159633,13.31,13,21280,10.83,7,32.12
00908,2814,35416,37.07,9,13136,26.5,4,19.27
00909,27833,107204,11.82,9,12686,7.79,3,46.12
00910,43083,128939,13.68,12,17664,10.69,5,48.23
00911,12861,25903,15.4,6,3991,4.81,1,56.53
00912,8567,60253,19.31,7,11642,16.73,4,33.28
00913,10561,43766,11.08,6,4853,2.88,1,45.06
00915,74446,525483,16.75,36,88135,14.77,18,35.59
00916,22353,126919,15.26,17,19394,10.03,7,39.46
00917,11992,61478,13.95,10,8584,5.2,2,40.12
00918,274088,3510264,13.09,192,460144,10.88,56,20.38
00919,1368849,18095135,10.82,1030,1960303,8.02,147,17.87
00920,7418,20280,19.0,5,3856,5.02,1,48.59
00921,9055,54770,11.9,7,6525,5.92,2,40.62
00922,189361,2096686,30.74,104,644823,28.63,31,21.61
00923,106263,850923,16.13,38,137361,14.92,21,31.91
00924,55966,441603,23.9,28,105607,21.76,14,27.3
00926,9431,88482,48.37,11,42821,44.83,6,23.34
00927,137604,1304897,11.78,98,153891,8.55,29,27.19
00928,7403,43856,14.07,7,6179,6.7,2,37.05
00929,418388,4594639,9.53,184,438315,7.79,43,22.98
00930,19517,133279,9.0,7,12031,7.71,5,37.78
00931B,35025,2140898,74.51,107,1595796,72.63,41,4.4
00932,13983,122783,13.79,9,16961,11.96,6,31.73
00933B,79731,6431458,75.77,414,4875024,72.71,94,3.03
00934,48866,417526,8.68,24,36333,6.62,10,31.68
00935,119464,795004,20.38,52,162146,18.3,24,30.21
00936,23383,207297,9.67,8,20081,8.65,5,30.82
00937B,215486,16965805,60.39,3092,10249213,51.55,596,2.73
00938,6391,93516,40.35,9,37742,39.38,8,20.26
00939,104615,1196976,7.25,52,87097,5.37,17,26.81
00940,329702,5499365,12.44,432,685152,8.63,81,17.96
00941,49163,444791,10.06,37,44818,6.26,10,29.53
00942B,10191,2009959,89.42,67,1797589,88.37,30,1.37
00943,4122,41889,34.7,5,14542,32.52,4,26.24
00944,8038,55081,10.44,7,5762,5.2,2,37.23
00945B,19056,800318,38.61,131,309057,31.04,35,5.55
00946,37555,465246,18.21,32,84833,16.2,14,22.71
00947,39283,275864,20.06,30,55406,15.89,13,32.75
00948B,27224,4000427,80.53,312,3222705,77.15,92,1.62
00949,18155,177928,21.14,26,37660,15.96,11,27.75
00950B,12621,4014809,90.63,145,3639332,89.27,54,0.72
00951,15781,215042,26.24,36,56465,20.09,14,19.14
00952,22999,243775,10.96,25,26765,5.97,7,25.39
00953B,48882,4248675,52.28,1250,2221989,38.63,296,2.27
00954,10933,112247,20.46,18,22990,13.26,5,24.37
00955,43287,592431,24.81,74,147130,19.99,27,18.48
00956,3377,34630,20.55,5,7121,13.09,2,24.17
00957B,4076,195763,51.23,31,100351,44.75,12,5.92
00958B,4464,127771,24.69,25,31573,18.03,10,9.96
00959B,9530,515836,48.59,76,250754,41.97,22,4.53
00960,9773,62495,13.03,6,8153,10.76,4,39.59
00961,30834,422511,8.42,41,35657,3.85,7,20.19
00962,5739,54420,22.99,9,12524,17.06,5,27.43
00963,4415,97933,31.04,24,30412,23.07,11,10.72
00964,4211,69124,21.52,14,14891,13.3,5,14.32
00965,36572,441992,41.29,44,182564,38.85,26,19.53
00966B,4003,120732,38.1,20,46020,31.62,9,10.47
00967B,2653,181407,70.87,35,128606,62.41,12,4.1
00968B,8419,720011,65.01,93,468174,60.36,39,2.94
00969B,2133,160133,71.14,46,113945,60.68,20,3.63
00970B,6005,380229,59.17,56,225080,53.0,22,4.45
00971,7095,59677,19.67,10,11746,14.02,5,28.68
00972,1733,18672,35.38,3,6607,33.21,2,21.26
009800,20371,288891,24.27,46,70153,19.48,22,18.02
009801,8357,97619,24.98,18,24395,19.12,9,22.35
009802,40610,532995,13.22,54,70549,8.42,15,21.46
009803,19793,173828,13.13,17,22851,10.5,10,27.42
009804,18800,153892,6.63,13,10238,2.05,2,30.55
009805,55148,631816,21.81,73,137964,17.01,22,22.58
009806,1123,14661,59.62,6,8742,52.3,4,16.53
009807,1234,14760,56.81,8,8389,37.42,3,19.6
009808,4410,40511,9.86,4,3999,5.85,2,31.54
009809,2612,30363,30.39,8,9234,17.62,2,23.74
00980A,70759,703730,16.15,51,113830,13.94,23,26.1
00980B,1548,53569,45.42,14,24342,37.03,6,7.63
00980D,3297,98457,40.07,25,39486,31.15,10,7.63
00980T,3373,71418,47.42,10,33873,43.06,5,13.54
009810,1931,19154,27.65,4,5299,21.31,2,23.36
009811,24022,250950,19.34,36,48594,13.62,13,24.84
009812,6201,99382,37.51,23,37293,29.78,10,16.35
009813,25400,356324,22.76,53,81177,16.78,18,20.05
009814,12891,147076,16.8,20,24731,12.69,10,23.22
009815,32149,477670,22.22,67,106233,16.16,20,18.69
009816,903004,10848344,17.43,1180,1892888,12.28,248,21.23
009817,10852,247436,28.02,59,69392,17.81,14,12.62
009818,5515,53652,6.44,2,3457,4.93,1,32.72
009819,58558,678745,13.85,59,94215,10.23,21,25.79
00981A,990438,9359209,19.2,909,1799907,14.86,237,23.34
00981B,15422,1420113,52.58,504,747005,36.3,124,2.02
00981D,8846,549800,47.05,165,258750,32.4,36,3.24
00981T,7605,202261,32.52,59,65800,19.43,16,9.69
009820,41160,1313202,41.62,260,546885,31.81,59,9.17
009821,73179,740840,12.63,65,93766,9.39,24,28.82
009822,7109,108056,11.05,13,11952,5.89,4,23.64
009823,35544,366317,15.69,37,57509,10.31,7,28.91
009824,53908,669847,18.16,86,121867,11.6,16,24.58
009825,5668,211208,19.33,41,40861,9.7,9,8.32
00982A,179114,2157436,14.81,162,319780,11.35,35,21.83
00982B,775,28400,64.95,6,18447,63.19,5,6.35
00982D,2808,73729,35.56,22,26225,24.57,8,10.03
00982T,1811,18597,35.64,6,6630,22.79,3,27.64
00983A,10301,102686,22.48,17,23100,17.21,8,24.87
00983B,838,28653,61.36,9,17585,49.72,3,7.15
00983D,4037,102197,29.55,30,30230,14.95,7,7.69
00984A,64673,615458,13.42,44,82693,10.19,14,27.93
00984B,3776,130933,37.23,34,48772,26.85,10,6.9
00984D,8421,534057,41.48,179,221620,26.48,50,3.49
00985A,48639,468289,15.15,40,71005,11.78,13,27.09
00985B,8134,612001,58.01,142,355120,48.64,47,3.32
00985D,1761,81732,63.77,18,52136,54.45,7,5.19
00986A,4983,41327,16.3,7,6739,6.35,2,31.63
00986B,402,24762,83.85,8,20766,77.37,5,3.75
00986D,2385,157177,50.86,45,79985,41.99,24,3.43
00987A,19010,169643,14.04,16,23854,10.77,7,31.19
00987B,2272,69327,51.13,20,35464,39.5,9,8.67
00988A,240924,3265937,23.69,358,774568,18.52,82,18.46
00988B,4352,114833,28.38,18,32603,21.77,7,10.09
00989A,7110,74117,20.36,9,15102,16.95,5,25.09
00989B,1669,71952,57.72,14,41546,50.43,7,7.29
00990A,125738,2430022,35.95,408,874073,27.86,98,13.48
00990B,3838,119350,49.58,26,59203,39.98,10,10.23
00991A,326945,4116416,19.68,461,810829,14.68,115,20.43
00992A,192786,2374955,16.52,235,392988,12.04,60,22.06
00993A,51402,784591,16.21,101,127298,10.36,22,19.12
00994A,32004,294190,15.87,34,46737,10.99,10,26.77
00995A,27029,296535,12.89,27,38299,9.21,9,26.34
00996A,25743,321399,17.62,39,56725,12.06,9,23.13
00997A,74303,1263877,20.48,150,259141,14.92,33,17.17
00998A,15627,208109,38.53,23,80205,35.53,12,19.5
00999A,102015,1216517,12.79,96,155788,9.07,23,25.69
01001T,1369,583000,93.2,60,543431,90.11,28,0.5
01002T,3284,1393000,93.62,112,1304373,91.22,61,0.54
01004T,1241,730200,94.06,82,687000,90.42,38,0.31
01007T,1820,720000,92.82,82,668462,89.59,45,0.47
01009T,952,300000,90.33,60,271047,86.02,41,0.62
01010T,860,2308170,98.74,82,2279350,97.98,56,0.04
1101,514383,7523182,54.93,912,4134339,50.88,412,13.09
1101B,7449,200000,94.13,22,188301,91.32,14,2.14
1102,104621,3546563,81.13,328,2877661,78.98,199,6.19
1103,74185,832875,80.27,136,668709,76.47,85,5.86
1104,55853,686682,72.92,108,500877,67.37,44,8.24
1107,3436,10100,99.7,1,10070,99.7,1,0.29
1108,13041,404738,79.59,75,322173,74.82,43,6.52
1109,12115,341159,79.36,70,270819,72.87,36,5.92
1110,5236,572001,94.06,59,538130,91.26,35,1.0
1113O,178,840,0,0,0,0,0,63.21
1113R,382,2129,0,0,0,0,0,30.66
1201,87889,506063,63.57,63,321876,59.35,27,12.47
1203,55431,240000,90.93,50,218288,86.74,35,2.97
1204,3519,18375,45.74,6,8407,31.77,2,19.64
1207,46708,464094,77.25,48,358632,75.27,31,9.48
1210,98886,894767,65.73,131,588298,61.65,71,14.52
1212,30417,174156,44.23,45,77058,35.58,20,17.36
1213,6597,56623,81.62,12,46219,77.05,8,7.25
1215,96765,294790,58.6,38,172794,54.07,19,23.73
1216,144095,5682015,89.55,770,5089453,86.01,452,3.97
1217,138843,494513,60.57,127,299606,53.22,70,14.87
1218,82855,499999,67.71,68,338630,63.52,35,11.69
1219,53084,341238,63.1,78,215350,57.89,51,10.76
1220,47264,177078,67.57,46,119694,60.42,27,10.72
1221,18671,95062,34.18,22,32505,25.85,10,21.98
1224,3618,71910,88.35,20,63542,82.37,13,3.39
1225,43195,242268,89.83,39,217677,87.46,29,3.28
1227,54140,915090,67.5,78,617843,64.29,30,12.92
1228,1583,11130,37.93,5,4224,12.17,1,11.98
1229,102238,1795961,65.44,160,1175599,62.7,79,10.58
1231,35278,298454,64.68,27,193056,62.81,17,16.72
1232,16721,159975,73.8,11,118094,72.1,6,12.67
1233,10287,90592,75.33,27,68262,67.9,15,4.92
1234,24403,401871,83.01,136,333696,74.27,80,5.68
1235,2959,188578,96.4,16,181810,95.22,12,1.13
1236,11858,86674,82.95,23,71918,78.04,18,7.25
1238,2043,29948,11.73,4,3516,8.56,2,21.52
1240,3060,44232,69.61,25,30797,49.08,11,8.35
1256,6249,35775,59.91,10,21440,47.12,3,17.42
1259,16407,32390,77.1,9,24978,71.38,6,9.08
1260,1334,102098,75.9,29,77514,70.63,20,2.09
1264,9130,37052,47.27,16,17524,24.84,5,23.93
1268,3362,42224,78.11,17,32982,72.16,12,8.42
1269,693,20902,77.74,7,16253,72.74,5,3.15
1271,2979,60389,66.95,18,40438,55.47,7,7.52
1293,400,17094,74.29,11,12702,42.36,4,3.1
1294,4505,30572,56.24,13,17198,40.78,6,11.68
1295,3150,34475,56.49,14,19483,44.94,8,15.78
1301,303967,6365741,74.9,559,4769544,72.32,298,9.34
1303,243207,7930822,86.83,693,6888389,84.35,382,4.52
1304,101069,1188764,61.11,110,726673,57.83,46,13.9
1305,72820,581050,51.41,60,298828,48.16,26,16.92
1306,6136,44554,21.32,4,9502,19.39,2,23.6
1307,17858,397818,81.47,63,324197,78.09,41,6.51
1308,76837,593744,52.48,64,311659,48.82,28,16.75
1309,79186,397587,46.42,30,184645,42.88,8,22.33
1310,107845,527870,29.71,83,156940,23.91,30,25.74
1312,137121,1506620,60.02,179,904554,56.12,81,13.89
1312A,1274,20000,54.29,12,10862,21.4,2,13.52
1313,63411,1330846,67.8,157,902524,63.78,69,9.76
1314,309803,3784850,41.53,753,1572480,33.39,243,14.91
1315,5933,99099,80.7,42,79987,70.24,25,6.54
1316,61040,401646,42.89,89,172329,32.68,23,17.42
1319,33947,591477,79.91,102,472831,75.98,61,9.67
1321,4034,227228,70.31,93,159783,53.41,34,2.71
1323,13439,91275,70.45,36,64324,61.03,23,8.65
1324,23535,75122,66.66,21,50094,59.28,12,16.56
1325,36085,85281,47.81,9,40779,44.85,5,27.36
1326,190505,5861186,82.32,493,4825533,79.89,264,6.18
1333,15936,74515,51.19,14,38159,43.03,3,11.0
1336,12006,77614,49.84,21,38694,38.11,6,11.81
1337,52437,268955,48.11,58,129458,39.79,20,14.62
1338,55798,83840,42.73,24,35839,31.35,10,19.2
1339,7322,74124,74.56,15,55271,72.44,13,11.2
1340,61862,152923,34.55,23,52865,28.96,8,19.98
1341,9792,52851,83.7,16,44242,75.97,9,2.6
1342,8713,78001,60.01,15,46811,51.58,5,16.53
1343,1243,40514,66.01,22,26753,42.1,7,5.77
1402,91682,5352875,88.46,423,4735819,86.49,255,3.11
1407,162342,441197,35.25,76,155617,28.84,29,29.77
1407A,4927,67909,53.45,9,36304,52.82,8,18.89
1408,70818,352334,20.66,72,72860,12.51,23,29.38
1409,154697,1618409,63.76,213,1032105,60.13,119,14.36
1410,6670,62000,76.25,19,47285,68.23,11,5.42
1413,8521,132112,75.84,26,100220,69.32,13,5.8
1414,26579,198000,88.19,37,174641,83.26,23,4.78
1416,45954,185342,54.34,38,100760,49.04,22,14.77
1417,55641,189942,58.46,52,111080,48.19,20,16.66
1418,30684,56834,71.46,19,40626,58.96,7,5.47
1419,17038,300041,90.81,72,272522,85.61,48,2.18
1423,18271,99648,83.35,27,83081,76.15,16,4.92
1432,256355,108000,54.85,16,59246,53.36,13,30.18
1434,64172,1684665,72.12,158,1215335,68.93,68,7.69
1435,33292,139780,94.87,24,132622,93.06,19,2.26
1436,14300,194152,76.8,42,149151,73.42,30,9.3
1437,8675,201871,79.23,74,159978,66.76,36,4.9
1438,5076,111206,83.11,29,92433,76.4,18,5.04
1439,4434,92000,84.3,30,77574,74.68,17,5.02
1440,95697,1656816,77.77,267,1288688,73.11,143,7.12
1441,14862,71744,65.0,15,46655,58.35,7,19.86
1442,8953,366211,86.65,107,317390,78.39,63,3.46
1443,15757,135343,89.9,40,121697,81.1,21,2.78
1444,63119,995595,63.76,132,634951,59.77,70,11.11
1445,11953,130666,68.74,40,89841,59.0,20,7.7
1446,8059,137710,65.6,28,90366,61.86,19,8.85
1447,45811,910071,69.88,124,636163,65.81,67,10.85
1449,46081,127115,38.33,27,48754,31.45,14,24.84
1450,15148,79161,25.72,14,20375,20.95,8,25.46
1451,16927,198000,63.19,39,125164,56.63,15,11.03
1452,47154,132641,48.88,41,64861,37.72,18,15.43
1453,14186,113243,75.6,18,85632,73.67,14,12.47
1454,13831,129834,81.72,35,106127,77.54,27,6.48
1455,35557,531688,66.69,79,354652,62.62,42,11.94
1456,4604,93720,85.41,15,80069,80.56,8,3.42
1457,16753,316730,74.53,70,236122,68.1,38,6.81
1458,21177,260762,59.75,59,155846,51.03,23,13.68
1459,13926,358629,85.75,78,307596,79.68,43,4.45
1460,24555,694643,71.84,124,499148,64.95,50,6.52
1462,61221,300712,46.47,99,139820,34.36,37,16.05
1463,33500,173268,81.19,41,140712,74.67,20,5.22
1464,63419,425576,61.25,84,260744,54.06,37,10.02
1465,10292,103607,72.8,38,75457,62.37,22,10.16
1466,22162,111157,68.08,34,75682,61.73,23,11.4
1467,18265,233625,66.41,42,155192,59.31,17,10.55
1468,1334,160405,97.56,18,156506,96.81,16,0.42
1469,336,87218,92.35,28,80568,87.63,21,0.17
1470,1227,85767,87.25,36,74851,70.23,13,0.77
1471,56661,150415,22.21,23,33437,16.87,8,30.21
1472,3652,52488,81.11,17,42587,69.81,7,2.75
1473,12691,146154,71.63,30,104732,69.22,24,9.95
1474,16510,129897,59.42,32,77204,52.94,17,13.54
1475,2316,66017,76.28,16,50373,68.99,8,4.47
1476,19289,274367,80.03,80,219632,73.24,50,6.53
1477,29392,246694,62.57,81,154410,52.64,43,14.79
1480,361,416085,98.22,60,408717,94.46,37,0.16
1491,1720,54818,59.65,25,32708,44.24,12,3.37
1492R,86,526,0,0,0,0,0,36.14
1503,80944,520972,73.16,63,381267,70.57,42,14.46
1504,212092,2376441,69.6,224,1654405,66.84,118,15.2
1506,21471,300389,77.28,46,232216,71.33,15,4.27
1512,20057,98183,53.89,19,52930,47.81,8,9.52
1513,165998,503113,43.37,74,218285,38.95,38,37.72
1514,100949,273108,41.69,59,113917,33.53,24,36.52
1515,23603,181474,51.96,40,94346,42.64,14,20.01
1516,44898,40008,64.74,15,25908,58.69,11,11.6
1517,46271,220000,49.01,31,107847,44.67,15,22.08
1519,87712,315881,72.48,76,228978,65.37,40,14.65
1521,23568,76230,68.08,12,51912,66.46,10,13.59
1522,30819,312898,57.57,51,180213,52.39,24,20.23
1522A,1467,30000,89.08,10,26728,81.87,7,4.61
1524,46216,165310,38.2,21,63181,35.27,12,31.86
1525,3267,73400,88.19,8,64740,86.25,6,5.67
1526,52169,60000,37.07,11,22251,29.94,3,23.83
1527,64637,138571,32.36,22,44865,27.77,11,29.19
1528,92177,191331,29.82,11,57081,27.74,4,39.29
1529,27787,155095,46.9,25,72760,41.65,12,25.12
1530,10847,94594,75.94,15,71852,70.06,6,11.21
1531,12887,182108,64.22,53,116984,54.12,21,9.3
1532,19756,422604,66.41,108,280770,58.82,54,8.58
1533,9954,98547,63.28,35,62375,52.11,18,17.28
1534,4106,67738,46.92,19,31798,35.3,7,13.13
1535,9936,123743,75.51,10,93454,75.1,9,11.19
1536,84676,278960,34.26,53,95636,28.44,26,31.69
1537,15524,82063,52.25,26,42897,42.7,14,23.53
1538,7635,32300,78.45,7,25345,70.77,3,6.72
1539,5394,65370,60.13,10,39309,60.13,10,16.17
1540,39904,85474,36.89,24,31547,23.69,6,30.95
1541,2473,78800,83.75,15,66013,79.45,10,4.79
1557,114,1733,30.38,1,527,0,0,13.79
1558,28270,64536,35.0,30,22600,10.35,5,24.77
1560,23844,150289,66.57,64,100069,50.72,27,11.68
1563,43261,225608,47.93,71,108155,35.66,27,12.14
1565,37382,50417,18.16,12,9164,8.33,3,38.22
1568,9649,103087,64.87,32,66894,55.03,16,12.86
1569,24256,144247,52.42,35,75647,43.52,14,14.79
1570,34893,51501,55.86,13,28775,42.94,2,11.85
1580,27429,49339,40.17,15,19829,29.88,8,25.88
1582,66934,144269,30.47,23,43986,26.35,13,35.39
1583,2511,109400,91.25,17,99839,89.51,14,3.05
1584,56398,232471,41.23,38,95907,36.08,18,22.22
1585,934,57700,65.6,32,37868,45.88,12,3.12
1586,11553,131849,76.58,41,100998,67.35,22,7.87
1587,12197,80056,46.44,21,37192,37.85,8,21.17
1589,43146,153136,28.36,30,43474,21.01,11,24.98
1590,6505,200000,72.68,100,145388,53.29,37,1.75
1591,32074,38048,21.76,10,8286,8.54,1,22.11
1592,6284,110978,26.43,25,29351,18.1,8,15.25
1593,3324,39785,50.04,18,19911,35.42,9,13.91
1594,677,33220,82.82,12,27515,75.4,8,3.5
1595,9357,55725,45.67,21,25458,31.9,10,18.6
1597,18696,89262,51.16,33,45685,38.25,15,26.14
1598,10742,179142,59.84,47,107241,53.0,29,11.73
1599,11981,73029,64.7,20,47271,57.17,12,17.25
1601,16664,106268,11.52,13,12260,6.25,3,25.98
1602,274329,386974,12.14,26,47056,9.55,9,58.28
1603,13846,191688,72.39,30,138794,69.02,20,13.05
1604,101979,384200,58.02,69,222993,52.73,36,17.29
1605,270831,4431333,72.81,365,3227626,70.4,190,11.18
1606,77587,770216,15.84,120,122111,9.45,32,24.56
1608,53209,632774,63.87,54,404300,60.58,21,16.78
1609,199651,785262,32.11,110,252224,28.5,61,31.41
1611,86929,322736,53.72,82,173430,45.29,36,20.26
1612,38591,316080,59.88,61,189326,54.19,30,18.06
1613,22769,227418,57.73,67,131331,47.37,28,9.98
1614,4236,269113,82.76,83,222753,75.4,51,2.24
1615,8507,196664,80.44,34,158250,76.84,22,6.67
1616,15049,194149,59.98,27,116491,55.75,15,16.13
1617,11667,169515,76.44,40,129605,69.78,23,9.6
1618,23024,192692,57.03,27,109913,53.72,15,22.36
1623,6264,66000,76.5,11,50501,74.98,9,11.81
1626,10004,149822,69.71,50,104468,60.09,27,8.81
1702,64234,294133,57.28,30,168537,53.88,14,20.12
1707,68142,148137,52.94,50,78463,41.97,26,21.82
1708,85755,249002,41.21,45,102660,35.69,25,32.98
1709,42475,477016,66.75,123,318474,57.63,55,10.73
1710,61351,885703,62.76,137,555978,57.54,61,12.38
1711,101228,547752,44.05,79,241425,39.74,39,25.57
1712,82215,420493,57.29,127,241038,47.06,59,14.71
1713,23609,150952,73.76,30,111350,66.61,11,7.29
1714,108715,991825,54.66,142,542171,49.78,61,16.17
1717,102153,1172245,65.63,225,769585,59.83,117,15.74
1718,196007,1685906,53.89,206,908944,49.41,79,17.22
1720,15247,178696,65.65,32,117341,59.6,15,14.1
1721,68774,184884,37.25,31,68917,31.58,14,29.02
1722,121890,980000,65.77,155,644826,60.42,71,11.97
1723,63103,236904,52.54,40,124497,46.96,16,21.97
1725,3799,181830,94.21,19,171334,93.1,16,2.89
1726,9574,162000,85.67,27,138810,83.83,22,4.88
1727,23857,128020,55.37,23,70913,50.51,13,25.91
1729,4209,180688,91.39,47,165189,85.84,32,3.55
1730,10191,63234,57.3,11,36241,53.73,8,25.65
1731,18617,132915,55.99,19,74444,51.39,9,15.3
1732,38089,42444,46.4,5,19696,44.13,4,28.69
1733,38591,99950,41.66,16,41660,32.76,5,21.34
1734,70572,190197,49.88,46,94898,40.84,18,18.51
1735,8449,99388,78.39,12,77913,77.79,11,9.81
1736,7997,303395,88.51,46,268607,83.26,22,3.51
1737,74624,200000,63.81,28,127638,59.32,13,17.81
1742,11425,92671,80.89,27,74983,71.99,14,4.44
1748,710,14304,39.26,3,5618,36.13,2,16.91
1748R,105,529,0,0,0,0,0,61.98
1752,8305,100988,64.08,20,64742,57.64,11,15.76
1760,38862,85739,42.27,21,36266,33.85,8,25.76
1762,54009,76918,46.15,17,35513,36.1,5,21.71
1773,15582,300000,75.62,60,226946,69.69,30,7.2
1776,3313,60107,65.78,32,39549,44.12,13,9.05
1777,3389,44592,59.53,9,26553,51.64,4,12.14
1780,2949,109075,76.27,42,83216,61.89,19,4.81
1781,35641,47408,44.49,22,21096,23.55,6,22.03
1783,38264,89698,63.49,19,56963,55.68,7,10.59
1784,34513,53121,28.23,14,15005,18.13,6,25.55
1785,129434,595980,43.8,106,261145,38.16,52,26.7
1786,44608,74828,52.13,26,39020,44.03,16,17.54
1788,7797,44521,50.04,15,22286,40.1,8,23.33
1789,24946,790739,76.97,55,608765,74.76,24,6.28
1794,131,1322,0,0,0,0,0,16.46
1795,41647,266874,57.45,30,153355,52.73,10,22.02
1796,7648,41460,55.72,12,23115,45.18,5,8.58
1799,5766,124690,68.13,9,84967,66.48,5,8.16
1802,207063,2908061,76.67,171,2230285,74.77,85,12.91
1805,9526,134970,77.44,37,104556,70.37,22,5.09
1806,24812,390404,74.43,59,290627,70.64,35,9.71
1807,7562,114400,47.35,37,54177,38.19,20,12.55
1808,28445,893032,79.95,96,714184,77.77,64,6.79
1809,54806,167042,48.13,30,80439,44.19,19,31.12
1810,22151,302304,66.63,74,201488,61.82,50,15.05
1813,9121,46636,47.72,16,22266,33.67,5,23.28
1814,452,18982,74.93,11,14225,57.36,6,4.45
1815,180019,585479,32.54,67,190664,30.15,45,39.46
1816,901,24515,94.8,2,23242,91.94,1,1.83
1817,4601,72600,65.13,26,47296,58.37,17,11.6
1818,135,11635,75.49,7,8785,63.87,5,1.46
1819,136,33504,84.42,17,28292,65.69,9,0.51
1903,21109,260039,81.16,66,211100,74.87,41,4.15
1904,330746,1108275,66.63,138,738514,62.19,65,13.53
1905,73804,1102835,71.56,70,789420,69.25,28,13.57
1906,12666,151000,74.49,26,112507,70.25,17,10.93
1907,84750,1660371,84.75,209,1407406,81.27,118,5.43
1909,84049,1327686,67.36,167,894624,62.79,70,8.53
1918,30885,241332,20.58,26,49737,17.6,15,31.77
2002,1351437,15734861,51.66,1520,8132044,47.85,471,16.48
2002A,5401,38268,22.5,10,8618,11.45,3,28.53
2006,62840,730214,79.58,154,581230,73.79,90,8.73
2007,27867,530652,76.76,14,407476,75.66,4,9.14
2008,7605,190852,92.41,18,176398,91.08,14,3.25
2009,49407,359622,56.88,16,204630,55.32,6,25.61
2010,35520,647655,68.42,116,443288,64.23,72,10.71
2012,44555,302163,84.08,80,254109,74.59,33,4.99
2013,44204,200000,79.5,25,159038,76.61,16,11.32
2014,175397,1435544,49.94,101,717231,46.87,29,20.19
2015,11883,581599,88.16,151,512841,82.03,92,2.9
2017,41105,446875,62.19,68,278014,57.88,34,12.89
2020,60121,267031,50.48,51,134836,44.76,29,17.14
2022,62710,337168,39.74,30,134045,36.74,14,22.19
2023,102855,1841240,79.03,115,1455438,77.54,67,7.16
2024,50502,97500,83.01,13,80944,80.77,9,6.95
2025,30377,172661,62.22,29,107468,59.09,20,11.6
2027,119227,2584261,74.27,375,1919776,70.17,201,8.35
2028,21651,325715,83.5,40,272051,81.21,28,6.51
2029,14547,321180,71.17,21,228640,68.36,6,8.88
2030,57123,280526,48.23,43,135383,44.15,25,20.29
2031,66435,321146,56.74,61,182314,51.43,33,17.38
2032,12291,130522,58.95,43,76980,48.58,20,18.01
2033,4980,80695,74.0,30,59729,61.27,16,8.45
2034,38989,528996,49.42,102,261533,43.11,45,16.15
2035,20835,350000,96.71,23,338528,96.24,21,0.63
2038,24898,194134,53.99,27,104846,49.48,13,17.3
2049,68541,353792,68.67,104,243019,60.49,56,14.84
2052R,5566,9170,10.19,2,935,0,0,49.58
2056,254,105000,93.63,45,98339,85.7,33,0.43
2058,37175,305362,25.87,63,79072,18.39,22,17.08
2059,19848,95297,66.76,32,63640,56.37,16,4.81
2060,135,35739,87.22,4,31173,87.22,4,0.33
2061,11173,57378,51.19,26,29384,31.59,8,13.47
2062,11559,199994,61.55,38,123124,55.42,16,12.79
2063,3381,48101,53.43,19,25708,37.45,7,12.86
2064,1643,69330,83.04,30,57585,72.44,16,4.52
2065,49384,63517,52.87,18,33590,44.43,10,19.31
2066,3061,44450,68.86,19,30620,53.56,8,10.88
2067,2249,45138,56.5,12,25510,49.07,6,10.23
2069,9488,166387,61.96,43,103121,52.23,18,12.99
2070,5809,41783,57.15,15,23885,47.35,8,22.37
2071,1008,69046,83.49,24,57660,72.13,11,2.31
2072,9576,192000,75.31,27,144627,72.12,16,7.76
2073,631,27500,75.16,15,20672,51.55,6,3.32
2101,36802,733935,65.36,135,479812,59.37,62,8.62
2102,79290,473329,80.9,68,382968,76.48,35,5.63
2103,85348,825710,56.6,120,467453,51.9,53,12.54
2104,108424,984734,45.04,200,443707,36.34,64,12.5
2105,80768,3241416,81.25,302,2634011,78.63,163,5.71
2106,33271,954890,79.99,163,763984,75.05,85,5.26
2107,47907,303593,63.27,73,192170,57.82,44,13.84
2108,54202,492417,70.3,96,346268,64.96,55,11.87
2109,35098,279349,74.44,70,208000,66.67,35,5.8
2114,5366,77992,65.75,19,51293,58.96,9,10.95
2115,3773,104373,70.34,36,73432,58.61,17,6.08
2201,91887,1070001,63.98,109,684757,59.89,42,13.49
2204,40209,553620,75.0,59,415375,72.3,36,11.46
2206,69280,773676,84.45,102,653504,80.7,60,6.35
2207,15017,557103,89.36,113,497927,82.83,52,1.77
2208,124171,1274539,55.54,143,708203,50.73,44,15.18
2211,23831,417091,82.5,55,344161,78.91,33,6.7
2221,3297,42325,65.83,5,27867,64.71,4,13.56
2227,7642,300000,93.51,11,280532,93.27,10,3.62
2228,10024,79780,56.54,14,45115,53.88,10,21.29
2229,59,1462,41.04,1,600,0,0,7.78
2230,10542,68030,45.52,26,30975,30.24,11,16.48
2231,13756,135932,66.58,30,90520,62.7,19,14.61
2233,37360,60289,50.45,19,30429,32.36,3,23.1
2235,1379,35878,83.9,12,30108,76.08,8,6.63
2236,3115,63517,73.51,23,46705,62.47,11,6.14
2237,2121,121773,80.82,21,98432,74.81,8,3.4
2239,2769,117713,80.02,17,94198,77.26,12,4.44
2241,28589,104602,46.08,38,48223,32.64,14,16.48
2243,2958,77374,68.82,35,53269,53.51,16,6.99
2245,494,32400,77.72,10,25189,66.91,5,2.68
2246,2881,42613,68.53,3,29213,65.07,1,9.14
2247,8248,80711,76.68,14,61904,72.7,8,10.28
2248,1023,47600,78.44,16,37349,69.67,10,3.34
2249,1158,25538,71.46,14,18258,54.36,6,6.89
2250,9284,36388,51.12,4,18605,48.97,3,21.18
2252,1904,106618,80.0,19,85316,74.25,9,3.79
2254,2649,63908,92.88,15,59370,87.89,10,1.4
2255,1957,60932,79.17,18,48250,73.38,11,4.48
2256,2310,39024,57.73,15,22534,42.62,5,11.29
2258,9129,1751267,93.86,55,1643998,92.65,23,1.15
2301,216023,2316108,78.45,437,1817659,73.49,261,11.46
2302,24668,166303,61.05,18,101578,56.69,6,21.88
2303,928227,12576985,76.45,1214,9618272,73.82,693,11.31
2305,21448,205661,68.37,30,140642,63.03,12,13.78
2308,561412,2597543,81.37,571,2114308,74.38,283,7.43
2312,211129,1505964,47.25,206,711975,42.85,97,25.33
2313,295744,1191821,58.16,202,693447,52.81,105,26.96
2314,53426,106126,9.73,15,10347,3.31,3,45.51
2316,59874,182741,65.81,45,120296,58.67,24,19.21
2317,1181472,14075746,68.83,1443,9690408,66.04,812,13.63
2318,28578,106036,26.95,15,28589,22.75,7,30.05
2321,14695,30272,71.07,3,21517,67.91,2,14.42
2323,136125,1089348,46.22,199,503763,39.46,77,17.73
2324,339418,4407147,62.75,589,2766276,59.06,324,17.05
2326,48333,40340,12.63,6,5108,6.45,2,45.79
2327,487175,2071465,72.87,363,1510023,68.1,204,13.98
2328,120671,518346,40.38,56,209463,36.45,26,31.03
2329,130722,658948,51.11,71,336920,46.88,27,26.1
2330,2941980,25932370,87.67,2614,22736352,84.91,1477,5.74
2331,57673,557403,58.35,61,325352,54.17,21,18.3
2332,99840,602170,41.36,112,249220,35.87,54,21.28
2333,87766,277761,28.97,56,80511,20.3,18,32.88
2335,6034,49504,35.56,13,17615,25.37,4,20.03
2337,486734,1981861,44.41,308,880535,39.87,157,31.7
2338,81221,366849,48.43,59,177755,43.15,28,24.97
2340,111067,438623,37.79,56,165878,33.4,23,27.53
2341,23871,6852,86.94,1,5957,86.94,1,8.92
2342,143401,157475,38.25,18,60255,33.16,5,38.04
2344,545135,4519021,69.81,473,3156140,66.74,251,16.5
2345,74099,561118,71.09,222,399045,57.23,99,4.52
2347,40166,1667947,88.9,255,1483096,85.38,161,4.1
2348,24721,151899,69.04,29,104896,65.48,20,14.17
2348A,2699,30000,65.81,6,19748,55.71,2,7.3
2349,144950,693680,28.84,116,200171,21.97,40,27.23
2351,27232,194738,71.22,76,138725,60.44,44,14.08
2352,194673,1580507,48.76,208,770875,43.98,85,19.77
2353,401305,3047854,37.21,358,1134685,33.19,156,26.11
2354,198059,1414485,45.12,122,638502,42.29,55,28.11
2355,79799,397495,39.46,101,156925,31.08,46,31.07
2356,270513,3587475,72.43,368,2599253,69.43,194,14.61
2357,128365,742760,72.56,218,539064,61.91,97,12.33
2358,39765,136623,27.69,17,37850,23.45,7,27.37
2359,61211,171471,48.52,39,83241,40.21,18,32.05
2360,33808,425246,71.13,190,302588,54.51,77,3.18
2361,19323,46544,52.93,6,24642,47.2,2,20.72
2362,33552,622263,79.43,109,494336,75.95,74,8.61
2363,130202,514988,36.73,70,189293,31.27,30,33.48
2364,56326,52389,55.02,10,28829,51.35,7,22.48
2365,99666,221528,23.83,32,52823,18.74,13,45.4
2367,199434,706253,27.24,87,192510,23.53,44,43.02
2368,90203,524945,78.66,129,413052,70.49,61,7.57
2369,126021,380102,36.65,52,139338,32.8,31,34.67
2371,274773,2150835,46.99,292,1011108,42.15,121,19.95
2373,14288,236203,87.25,28,206113,86.18,24,7.01
2374,105687,337992,27.52,44,93087,23.1,21,38.06
2375,77152,108675,29.32,22,31888,21.95,9,50.63
2376,105308,669889,69.6,158,466381,62.29,81,15.84
2377,110180,844856,64.55,171,545549,58.56,91,19.13
2378,17797,141164,33.7,25,47608,26.89,9,20.34
2379,89031,515513,73.89,203,380991,59.04,84,6.89
2380,23008,60000,36.43,9,21868,32.76,5,32.52
2381,2567,119,0,0,0,0,0,32.57
2382,269418,3862627,85.46,493,3301834,81.71,266,7.92
2383,100859,358321,69.24,130,248173,57.95,64,5.74
2384,158005,2047778,28.0,329,573749,20.92,96,18.9
2385,50868,765721,74.4,171,569855,68.4,99,10.97
2387,17000,195251,58.04,30,113384,51.9,13,17.86
2388,58677,556376,68.5,73,381247,64.39,39,15.84
2390,61933,192619,39.96,28,77004,33.55,8,26.63
2392,67899,512327,48.24,57,247210,44.19,22,24.53
2393,50501,443393,68.67,129,304583,60.69,71,13.48
2395,33407,869046,85.67,202,744676,78.17,94,3.15
2396,56610,1276356,45.5,239,581160,37.06,63,10.89
2397,9439,114489,69.28,17,79340,65.98,11,14.1
2398,38469,413087,36.52,47,150910,32.6,20,19.19
2399,54736,178100,31.69,36,56465,23.69,15,37.22
2401,131836,591995,42.77,96,253294,37.33,42,25.29
2402,84346,307537,37.9,45,116622,34.02,25,33.75
2404,65467,190587,54.44,71,103774,40.44,30,17.78
2405,97986,343427,24.18,45,83141,18.93,15,31.27
2406,113391,350906,31.26,57,109712,25.78,28,34.58
2407,48728,734918,37.8,178,277956,27.81,56,11.92
2408,360378,3450206,82.33,273,2841526,80.18,149,9.38
2409,661114,7547099,48.1,885,3631756,43.7,335,18.37
2410,12556,160010,36.33,51,58176,23.69,16,11.18
2412,306536,7757447,79.09,511,6136866,77.33,292,6.95
2413,26349,127359,57.46,27,73195,50.63,14,23.77
2414,15670,161736,59.19,46,95775,48.53,18,14.07
2415,9108,90000,63.58,20,57238,58.68,12,17.05
2417,61442,157219,42.28,19,66498,40.31,14,32.07
2418,64535,1023385,47.76,137,488924,42.11,39,12.99
2419,38124,321317,64.66,13,207836,62.97,3,17.97
2420,38372,152649,50.38,40,76944,39.9,15,20.11
2421,61909,286944,57.11,95,163935,45.47,40,21.02
2423,6332,145047,75.43,32,109421,69.51,17,6.2
2424,4372,59585,80.85,6,48185,79.18,5,7.53
2425,39669,96499,49.29,25,47579,38.46,8,26.61
2426,104474,300622,42.64,54,128248,37.8,31,28.19
2427,22521,198000,53.42,15,105809,49.78,4,22.16
2428,16197,128113,64.23,39,82326,50.79,13,15.1
2429,27018,85500,51.69,18,44210,43.27,7,21.85
2430,38225,116800,63.46,25,74153,55.87,10,15.6
2431,52110,110927,41.96,16,46553,34.92,3,23.9
2432,1273,61860,77.36,9,47857,72.89,4,4.74
2433,7976,144496,78.99,18,114144,77.82,14,10.43
2434,5472,37000,78.19,3,28934,74.38,1,11.63
2435,8976,74737,32.31,10,24160,28.39,4,21.87
2436,72745,208207,26.76,43,55733,20.07,20,41.04
2438,26157,71196,58.44,21,41622,49.43,12,15.4
2439,71230,253645,33.81,55,85810,25.71,22,33.51
2440,8757,139117,70.5,27,98091,67.22,19,10.35
2441,58704,568846,69.86,92,397486,64.64,45,16.26
2442,48479,325232,57.67,63,187620,49.71,23,11.56
2443,30675,150909,55.24,45,83392,45.96,24,12.89
2444,36089,101570,27.46,21,27910,18.06,5,22.6
2445,6217,48174,15.7,7,7569,12.45,4,26.58
2449,220617,1222745,66.55,281,813984,60.09,154,17.97
2450,17470,258253,77.21,19,199463,75.97,14,11.17
2451,43923,431346,72.52,66,312878,67.18,31,13.27
2453,25800,100000,45.83,13,45853,40.29,4,28.81
2454,630906,1603895,74.59,485,1196647,64.33,221,8.29
2455,71304,187454,50.5,80,94716,34.44,32,25.34
2457,113052,424772,30.38,55,129147,25.97,24,30.91
2458,60050,303880,60.91,96,185161,49.69,45,18.87
2459,15252,105596,53.06,32,56059,42.0,11,14.39
2460,45196,169200,58.68,21,99318,53.82,7,16.24
2461,50608,191888,45.7,58,87725,36.07,28,18.26
2462,26327,150784,55.97,35,84425,50.3,21,17.14
2464,97653,217826,39.37,43,85819,33.05,21,35.63
2465,48463,93946,36.66,14,34465,29.58,3,28.55
2466,4541,173459,90.15,54,156416,84.03,38,3.31
2467,48250,161548,68.76,55,111101,60.18,33,12.68
2468,10947,69961,50.02,2,34998,50.02,2,27.89
2471,36669,47254,24.08,15,11392,6.74,1,41.5
2472,37967,164735,58.12,47,95779,48.12,21,24.63
2474,60505,538821,68.44,92,368881,64.59,61,16.13
2475,226839,6479454,71.12,1104,4609795,64.54,430,6.14
2476,19549,220048,67.21,67,147920,58.81,37,12.06
2477,9744,158573,73.22,39,116149,67.0,23,10.77
2478,55597,144731,62.62,49,90662,53.81,28,19.25
2479,13081,37738,32.36,6,12220,25.58,1,31.68
2480,42208,106360,30.81,34,32795,18.01,11,26.86
2481,87822,382115,66.37,90,253700,60.17,56,21.06
2482,38682,77883,41.57,15,32390,35.02,6,29.67
2483,9343,107890,64.55,26,69659,60.72,19,14.45
2484,86913,159421,31.58,39,50386,23.04,17,43.18
2485,142475,317689,20.98,35,66714,17.64,16,49.68
2486,80460,240710,42.6,54,102592,35.9,28,26.07
2488,40619,79999,52.44,25,41961,44.57,14,18.54
2489,132069,610000,30.15,83,184039,25.71,38,36.07
2490,15440,162955,21.34,30,34803,15.34,12,21.75
2491,12940,82008,74.25,24,60905,66.44,15,10.52
2492,86226,485205,72.96,71,354128,69.18,42,16.44
2493,44397,126797,54.75,38,69454,47.58,22,20.56
2494,10298,41493,81.47,10,33811,73.05,5,9.77
2495,39134,273552,49.74,45,136136,43.33,19,23.86
2496,4223,19100,49.57,9,9470,35.07,4,18.1
2497,11385,130888,69.74,40,91303,58.59,18,14.35
2498,165124,836097,39.22,139,328083,33.78,65,26.63
2499,47861,461172,44.15,81,203677,37.94,35,15.37
2501,44855,1159561,77.34,159,897101,72.61,75,7.51
2504,89710,1180000,75.18,202,887372,70.27,110,7.08
2505,24016,380000,79.7,68,302954,75.15,39,6.34
2506,65867,387000,76.91,77,297718,71.72,45,8.79
2509,16787,224551,69.78,46,156753,63.87,24,10.27
2511,46811,1623326,80.26,299,1303324,74.62,148,3.81
2512,43985,490536,34.19,96,167810,25.03,22,14.75
2514,17819,394729,88.06,51,347649,84.82,31,3.77
2515,139738,1607904,61.51,295,989349,54.25,112,9.96
2516,49302,226278,72.38,62,163860,63.76,35,7.18
2520,79072,609487,72.31,103,440860,68.23,61,9.6
2521,25338,319741,35.24,57,112767,25.83,11,15.89
2523,14063,228343,44.67,58,102027,35.94,25,12.22
2524,7728,365984,93.17,37,341078,91.55,27,2.42
2525,52614,650757,31.7,172,206364,20.26,50,15.11
2527,8075,270306,81.42,37,220140,76.11,13,5.04
2528,8394,435996,83.98,82,366265,79.35,49,2.87
2530,31168,841256,85.69,142,721121,81.59,89,2.33
2533,14064,153039,38.27,37,58600,26.07,7,17.07
2534,63360,474228,71.93,112,341232,64.8,60,7.81
2535,63348,270794,61.86,66,167590,54.88,33,14.82
2536,8815,332809,77.73,81,258751,69.03,37,4.45
2537,44149,300558,59.22,72,178048,51.25,32,12.82
2538,28601,445025,75.26,132,335026,66.65,71,4.58
2539,19695,1193103,86.94,125,1037585,84.3,72,2.95
2540,17577,944874,91.02,80,860271,89.26,55,2.76
2542,112069,2153084,63.06,244,1358134,59.43,114,10.84
2543,32855,528542,71.28,74,376870,66.82,37,9.44
2545,16762,379735,76.37,42,290071,73.85,26,8.61
2546,53403,130524,62.09,19,81058,58.78,11,14.7
2547,75316,1035095,69.98,183,724453,63.41,79,6.04
2548,39012,319719,50.5,102,161528,38.34,42,18.97
2553,19313,81658,18.85,13,15413,11.09,4,33.83
2566,325,2416,0,0,0,0,0,31.89
2569,61,11552,83.38,2,9634,74.73,1,0.61
2591,80,817,0,0,0,0,0,18.25
2592,57,10494,90.43,4,9490,82.1,3,1.35
2596,3315,100000,72.36,29,72383,61.79,14,5.9
2597,13388,310716,81.46,41,253178,78.15,25,5.44
2599,1384,98524,65.96,41,64999,51.72,16,2.13
2601,114400,824776,31.75,104,261996,26.08,31,23.5
2603,313903,2165043,70.59,345,1528704,65.94,188,15.23
2605,106285,585353,53.44,94,312902,49.1,50,19.71
2606,52805,845056,75.11,109,634814,72.49,72,11.59
2607,39948,533571,77.22,88,412070,70.26,32,9.04
2608,52118,467000,76.69,68,358237,71.65,33,10.66
2609,393749,3492104,55.55,312,1940641,52.81,155,22.8
2610,249508,6144989,72.42,521,4450830,69.56,235,9.55
2611,50623,189002,47.29,25,89404,43.32,12,22.07
2612,37808,197485,73.7,17,145572,68.89,3,11.31
2613,39980,148423,56.02,28,83174,49.47,11,20.86
2614,101138,327265,47.36,42,155099,43.11,20,23.12
2615,118668,2806146,85.38,270,2396306,82.83,157,7.03
2616,214667,137282,44.46,16,61053,41.0,9,30.25
2617,29160,417294,62.76,60,261969,58.24,27,15.28
2618,215774,5400444,79.76,621,4308792,76.58,348,7.37
2626,297,2890,0,0,0,0,0,25.38
2630,22753,209438,65.93,15,138114,62.5,5,19.04
2633,107092,5628293,86.41,298,4864923,84.58,134,4.3
2634,109308,941867,51.42,70,484523,48.93,33,22.07
2636,56385,141835,41.21,33,58476,34.82,17,30.15
2637,26626,746409,82.48,139,615687,77.95,85,5.95
2639,1106,99999,99.01,2,99010,99.01,2,0.48
2640,3464,59265,73.55,25,43599,58.31,11,6.16
2641,80458,330334,28.74,46,94982,23.22,14,28.81
2642,19864,95467,60.38,7,57646,60.38,7,27.17
2643,4309,35000,63.89,9,22364,58.71,7,17.64
2644,2541,82952,79.61,32,66043,75.4,27,4.0
2645,22291,374571,86.17,42,322831,82.36,19,6.34
2646,244406,3008735,65.2,134,1962036,63.47,51,16.42
2701,14907,449968,86.3,37,388368,84.47,24,3.69
2702,12471,156613,73.69,18,115432,72.53,15,9.56
2704,30722,366923,88.44,72,324572,83.2,42,3.22
2705,83149,191313,66.31,43,126914,59.75,23,14.28
2706,16270,499998,85.29,57,426530,81.58,26,3.67
2707,18250,127403,61.42,18,78269,54.75,4,19.85
2712,2037,105000,90.8,19,95354,86.86,13,3.46
2714,3942,1138,0,0,0,0,0,87.11
2718,2599,87576,88.24,16,77286,88.24,16,3.46
2719,3321,69182,91.02,4,62977,89.53,2,5.21
2720,2751,80000,61.03,27,48837,48.9,12,3.59
2722,5013,143170,87.44,32,125228,82.36,21,5.04
2723,9608,180000,68.69,38,123682,61.59,18,9.59
2724,1033,59656,83.61,10,49880,79.45,5,1.72
2726,2511,37922,65.37,16,24798,49.7,7,9.0
2727,151248,82940,35.11,31,29139,17.49,8,29.6
2729,6290,43041,66.43,13,28600,57.11,7,16.44
2730,2322,37215,86.67,2,32256,86.67,2,2.97
2731,30994,93278,42.48,21,39652,33.73,9,29.75
2732,6145,46519,58.75,19,27335,53.54,14,20.79
2733,694,24598,77.41,8,19044,75.26,7,4.65
2734,28761,57260,37.4,12,21426,31.34,6,25.38
2736,6423,79972,55.95,17,44764,46.33,7,14.59
2738,57,67381,97.88,6,65966,94.86,3,0.02
2739,5647,91526,73.52,20,67312,68.0,12,10.98
2740,2900,16762,72.53,2,12158,72.53,2,2.84
2741,1733,22588,67.51,9,15253,53.84,4,12.67
2743,6790,46815,52.86,8,24755,50.27,6,24.1
2745,5072,33809,52.99,6,17920,51.28,5,23.6
2748,9744,105779,61.31,6,64875,58.44,1,17.19
2749,248,20800,75.15,16,15634,33.27,2,2.43
2750,180,60000,98.53,18,59126,88.06,10,0.13
2751,1563,19826,60.37,1,11970,60.37,1,11.19
2752,2574,26694,63.69,16,17006,40.7,6,8.86
2753,12096,66645,54.68,19,36450,43.66,8,17.74
2754,4413,46907,73.09,6,34291,66.51,1,11.42
2755,3505,37540,63.52,12,23853,59.36,9,11.08
2756,1641,24598,73.25,14,18023,53.58,6,8.93
2758,7484,20486,73.57,13,15075,46.27,6,8.18
2760,174,13000,88.33,6,11484,84.01,5,1.05
2761,678,17337,57.71,9,10010,46.15,6,6.0
2762,6073,112500,86.3,23,97108,80.91,13,5.12
2801,269129,11766046,77.49,1300,9121005,73.78,581,3.9
2807,7197,3172,0,0,0,0,0,75.83
2811,52305,292500,34.43,66,100776,26.31,28,22.94
2812,243574,6021626,59.22,764,3567036,54.08,237,7.28
2816,10961,223608,80.16,33,179279,74.82,13,4.96
2820,73841,1342960,66.09,149,887877,62.34,64,8.01
2825,9457,12560,5.68,1,714,0,0,59.94
2827,30321,129587,36.74,31,47634,29.69,16,20.5
2831,42120,1192716,62.04,167,740248,57.18,70,7.68
2832,19400,253540,69.18,49,175459,62.95,23,7.7
2834,379683,9718062,61.17,1381,5946429,55.6,481,6.71
2836,35056,1839917,85.46,176,1572647,82.7,88,3.28
2836A,2827,40000,38.4,8,15361,30.5,4,7.99
2838,48359,4340552,90.65,255,3935356,88.85,126,1.82
2838A,6018,200000,68.8,43,137644,62.45,24,6.05
2841,60350,960944,57.39,179,551739,50.11,62,7.39
2845,100717,4865285,74.87,632,3643273,70.0,240,3.76
2849,9967,1957609,98.48,59,1928191,97.93,41,0.52
2850,17979,315963,67.63,92,213769,57.05,41,9.69
2851,28110,800389,71.22,121,570113,66.31,55,7.57
2852,22244,301164,65.65,107,197749,53.86,53,7.69
2855,61375,1601414,75.7,241,1212547,70.7,109,5.75
2867,66958,5899501,85.8,599,5062299,82.4,267,2.31
2880,474913,13916965,81.5,1134,11344878,79.05,565,4.17
2881,388369,14007365,86.32,999,12094372,84.15,499,4.47
2881A,18461,600000,90.56,68,543483,88.11,44,3.32
2881B,18325,666660,94.9,69,632709,92.0,40,1.9
2881C,54126,333330,84.86,52,282932,81.27,32,6.18
2882,411507,14669210,85.54,1240,12551201,83.14,668,4.84
2882A,18751,833300,94.84,80,790504,93.32,61,1.72
2882B,19261,700000,95.92,59,671617,94.38,43,1.68
2883,735075,16974847,67.79,1955,11509422,63.84,846,6.79
2883B,69926,1582142,65.51,395,1036789,55.79,147,6.69
2884,591517,16174000,72.66,2059,11755998,68.23,888,6.91
2885,451760,13331150,82.97,1235,11065199,80.4,677,5.06
2886,459371,14833378,83.1,824,12328870,81.6,466,5.68
2887,706417,24866399,74.86,2978,18621269,70.78,1286,4.96
2887E,12863,500000,86.52,58,432745,84.59,44,3.15
2887F,13214,300000,89.67,33,269049,85.77,18,3.43
2887G,17228,75000,46.59,23,34966,34.12,8,11.68
2887H,20996,219668,69.88,60,153558,62.0,32,6.96
2887I,273258,3096421,72.93,568,2258649,66.04,231,8.79
2887Z1,18468,300000,89.89,28,269711,86.97,14,3.25
2889,219601,3633563,73.83,364,2683418,71.15,208,7.46
2890,449900,14492322,80.81,1577,11713509,77.57,828,4.67
2891,583250,19676898,81.81,1866,16100175,78.99,957,5.11
2891B,24988,333330,95.89,38,319701,93.54,25,2.36
2891C,24414,166660,93.84,22,156420,91.01,16,3.65
2892,444051,14379469,71.38,1694,10267841,67.46,749,5.74
2897,28830,2805358,85.57,365,2400874,81.24,168,2.52
2897B,5007,250000,83.41,59,208559,78.08,37,4.29
2901,13754,73043,79.18,20,57855,71.63,10,7.91
2902,11492,146889,47.66,41,70037,35.95,17,12.61
2903,58850,1416941,79.89,157,1132317,76.78,84,6.37
2904,16995,77834,54.23,9,42216,50.17,4,17.17
2905,27676,1110372,84.1,131,933991,80.57,67,3.71
2906,17925,209117,64.89,36,135729,59.02,14,11.83
2908,11046,509888,92.14,55,469921,89.75,34,2.45
2910,1405,175403,96.49,39,169291,93.11,31,0.47
2911,39758,105126,46.06,20,48437,40.97,10,25.15
2912,70660,1039622,85.07,149,884488,80.44,71,7.17
2913,114330,790000,57.1,151,451245,49.61,53,14.41
2915,60192,1104319,68.85,186,760590,63.16,82,8.9
2916,4670,64627,58.22,17,37636,50.98,11,13.39
2920,976,12442,35.75,1,4449,35.75,1,18.15
2923,5256,1740297,99.51,15,1731913,99.39,11,0.21
2924,461,52036,89.58,9,46623,84.08,5,1.0
2926,2155,47390,74.47,14,35296,64.89,7,6.03
2929,50595,109494,31.01,17,33976,24.92,6,18.85
2936,155,76056,99.51,6,75691,98.55,5,0.23
2937,939,43542,84.55,20,36822,71.58,12,2.23
2938,725,20140,80.43,4,16200,78.35,3,6.07
2939,7103,45549,75.95,27,34606,58.11,15,3.94
2940,240,25184,56.41,18,14213,12.88,2,1.18
2941,3079,15390,66.47,14,10233,20.62,2,4.61
2942,1640,60000,90.71,10,54436,88.06,7,2.87
2945,3115,67500,83.48,6,56353,83.48,6,7.33
2947,11500,21493,63.31,9,13610,55.2,6,5.17
2948,1072,31000,80.36,15,24914,69.03,9,5.28
2949,2822,30641,83.07,15,25460,68.02,9,4.21
3001,6682,76012,19.48,16,14829,10.74,5,19.44
3002,9297,102000,64.88,20,66191,59.21,11,14.66
3003,17173,155655,58.47,43,91050,51.17,25,20.16
3004,17876,64391,59.25,17,38168,47.97,5,13.28
3005,52337,624587,71.8,115,448594,66.88,67,11.62
3006,70298,298128,54.56,84,162713,45.26,40,23.58
3008,115117,130798,54.36,50,71122,36.4,10,15.15
3010,50699,259437,62.28,75,161616,52.29,33,13.29
3011,48878,129601,36.04,26,46722,28.97,10,18.58
3013,48627,205139,44.54,29,91402,38.81,10,31.8
3014,51904,165979,32.76,43,54416,21.58,12,30.44
3015,17399,187262,63.8,54,119519,54.92,28,16.25
3016,40852,290922,71.68,34,208577,67.62,17,16.82
3017,147075,392725,65.24,137,256279,52.3,53,10.58
3018,36795,75378,64.28,6,48462,62.19,3,17.95
3019,95691,279244,38.84,50,108519,31.96,19,36.29
3020,1636,122696,99.45,1,122032,99.45,1,0.48
3021,8509,94890,70.95,20,67344,65.24,13,13.63
3022,17918,176598,62.63,43,110623,55.03,22,15.6
3023,53038,240069,68.89,102,165417,54.88,48,8.26
3024,58142,277157,48.86,85,135469,35.92,31,15.41
3025,41252,56736,23.57,11,13389,12.38,2,32.15
3026,63774,165890,57.82,70,95955,43.38,34,20.15
3027,47615,129960,42.45,29,55189,33.93,10,24.28
3028,54219,237241,45.23,45,107328,41.02,28,24.83
3029,65478,167005,40.57,32,67783,34.65,16,31.76
3030,36841,236216,57.07,45,134852,50.46,20,18.5
3031,17538,173203,60.12,15,104156,58.35,11,19.95
3032,33351,113286,51.81,26,58717,44.18,11,18.06
3033,96423,520872,45.53,109,237205,38.46,51,22.67
3034,101469,608511,69.96,208,425857,58.28,97,11.86
3035,116150,260550,30.81,39,80333,24.35,14,43.15
3036,76611,1270930,85.27,223,1083938,80.61,130,5.49
3037,388249,1641965,74.71,373,1227025,67.5,185,12.21
3038,49923,157408,42.29,33,66608,33.25,12,24.48
3039,5432,66387,33.19,23,22045,17.62,7,10.36
3040,20113,66225,69.51,17,46040,64.38,10,11.79
3041,69694,140224,26.29,15,36899,22.11,6,38.64
3042,96166,342993,55.27,96,189640,46.08,46,25.03
3043,54670,38976,19.1,7,7448,14.41,3,36.19
3044,38272,525606,79.53,177,418089,69.56,92,6.83
3045,62829,3723431,92.3,362,3437527,89.98,227,2.95
3046,20596,78448,53.17,12,41724,45.4,2,21.2
3047,68093,224762,20.61,30,46345,15.42,9,36.14
3048,80438,269830,50.78,45,137065,45.35,21,26.07
3049,119646,802011,46.66,68,374300,43.04,21,22.74
3050,42282,154984,51.98,33,80594,43.64,12,18.49
3051,67437,167000,34.09,30,56956,25.61,6,26.76
3052,49121,233246,57.39,64,133914,48.23,28,9.12
3053,1492,7959,54.35,6,4327,27.94,2,15.43
3054,3466,80651,87.85,13,70872,85.16,10,3.53
3055,25053,114975,70.17,30,80706,63.77,19,11.94
3056,71936,480555,33.0,73,158729,26.36,22,19.41
3057,37301,67865,34.07,8,23132,32.55,6,31.23
3058,50162,201723,22.42,32,45261,16.6,12,26.09
3059,96573,307702,24.59,49,75722,19.54,24,38.49
3060,69791,137563,24.63,29,33920,19.15,16,31.07
3062,73655,330092,23.7,57,78306,16.04,17,35.74
3064,2960,13011,63.47,3,8260,60.15,2,10.21
3065,1475,183911,83.6,33,153781,78.84,19,2.47
3066,5043,83071,72.44,15,60197,67.73,9,10.56
3067,762,20000,71.34,4,14273,63.63,2,3.6
3069,1425,3000,35.56,1,1067,35.56,1,24.45
3070,172,7275,51.25,5,3730,18.25,1,4.13
3071,11195,110000,58.58,12,64460,56.04,7,20.2
3072,58,373,0,0,0,0,0,29.78
3073,4345,39511,55.14,18,21798,37.71,9,15.89
3075,431,7782,70.68,4,5500,70.68,4,9.56
3077,90,722,0,0,0,0,0,34.59
3078,59916,227391,37.75,53,85888,29.05,22,29.8
3079,4372,47640,32.01,12,15257,19.24,3,17.9
3081,68847,92517,45.82,31,42404,32.71,13,19.58
3082,66,455,0,0,0,0,0,24.02
3083,8970,86487,56.26,8,48668,53.1,4,20.51
3084,225,1873,0,0,0,0,0,18.99
3085,3024,69019,89.64,4,61880,87.92,2,2.94
3086,8122,272711,85.57,26,233445,83.16,16,4.75
3087,444,51311,97.94,1,50259,97.94,1,1.42
3088,15617,111071,49.72,26,55242,40.06,9,21.05
3090,60210,287567,69.06,67,198639,62.16,33,16.81
3091,95,179,0,0,0,0,0,50.23
3092,32267,106649,37.66,23,40184,30.18,10,22.95
3093,8232,145156,76.28,16,110755,70.97,5,10.69
3094,42975,83117,16.62,11,13831,11.44,4,43.98
3095,25322,10000,33.08,4,3309,14.01,1,26.7
3096,670,23118,49.48,7,11443,38.06,3,6.2
3097,643,75086,86.93,15,65289,81.35,9,1.53
3098,76,1395,0,0,0,0,0,15.12
3099,13821,225194,37.56,68,84641,23.15,16,10.53
3105,139153,423940,51.85,90,219887,46.93,55,29.55
3114,7850,65130,51.75,18,33719,43.23,10,19.77
3115,17892,72198,86.25,10,62280,85.38,9,2.39
3117,1431,22800,56.3,8,12841,46.98,5,11.31
3118,41693,32453,37.01,14,12015,15.06,3,17.85
3122,45984,40772,26.81,10,10936,15.91,4,34.37
3126,2746,48752,44.04,14,21476,31.82,3,5.69
3128,48904,47317,30.09,9,14244,23.83,5,28.97
3130,7326,33191,59.13,10,19629,54.69,7,22.55
3131,23433,29904,48.42,11,14484,36.92,6,11.36
3133,493,27262,63.27,14,17256,46.91,7,3.25
3135,18243,97159,50.36,19,48949,43.07,9,26.42
3137,80,1883,0,0,0,0,0,7.7
3138,32056,56396,27.37,11,15447,18.99,4,42.08
3141,33164,75461,15.74,16,11890,5.21,3,41.96
3142,5174,203398,51.24,71,104265,38.71,30,5.04
3147,7306,43687,57.09,14,24946,49.95,9,17.27
3149,62611,226234,25.19,43,57040,19.14,20,36.57
3150,5784,44377,54.86,12,24355,46.27,5,7.55
3151,657,8265,45.63,3,3772,26.17,1,12.0
3152,8279,39016,43.57,15,17010,28.05,7,21.33
3158,1756,30661,37.4,12,11470,23.39,5,9.27
3159,483,5840,28.6,2,1671,20.39,1,16.26
3161,179,32583,94.26,16,30722,82.62,10,0.96
3162,14851,154341,61.66,28,95177,57.39,16,14.72
3163,86903,80541,32.42,24,26128,20.47,8,40.3
3164,22866,86010,55.09,35,47402,39.97,15,17.53
3166,98,23374,96.38,2,22532,94.66,1,0.79
3167,22427,90308,60.46,38,54623,48.67,19,13.74
3168,2564,75100,75.31,20,56571,66.82,11,6.07
3169,27416,63307,35.2,10,22292,30.19,5,26.33
3171,2295,33118,76.93,5,25481,71.98,3,8.61
3176,46124,139307,35.35,30,49286,28.67,14,22.07
3177,206,4124,75.01,2,3094,60.61,1,14.47
3178,4266,45050,65.75,11,29627,61.31,7,15.79
3179,110,9847,30.35,4,2989,16.07,1,1.36
3184,3220,63074,58.17,19,36698,50.15,9,11.86
3186,2285,30000,77.49,2,23249,77.49,2,8.98
3188,7483,189088,75.6,43,142993,68.44,20,6.39
3189,139332,526916,73.19,108,385722,67.06,55,15.2
3190,59,14308,74.69,5,10689,71.03,4,0.41
3191,18407,43597,53.61,9,23379,46.87,4,12.59
3202,37705,129345,24.59,21,31836,19.46,9,27.44
3205,31532,67546,66.92,9,45221,61.71,3,10.78
3206,23356,58917,54.33,21,32024,42.65,11,17.82
3207,21063,66422,40.91,26,27191,22.44,7,16.53
3208,107,3025,46.49,1,1406,46.49,1,7.97
3209,54760,235391,46.77,62,110151,37.81,29,19.06
3211,75877,154387,54.05,55,83488,41.85,25,26.92
3213,46915,58686,30.88,17,18137,16.7,4,29.79
3217,15034,90104,46.08,27,41534,30.28,5,24.82
3218,18283,84725,56.62,19,47990,50.39,10,23.01
3219,4026,71781,81.34,8,58402,77.28,4,7.38
3221,49875,105062,24.89,31,26158,9.54,5,42.66
3224,16625,78173,71.85,28,56184,63.45,17,8.61
3226,1297,64431,86.59,25,55808,70.05,8,2.11
3227,57184,151938,40.51,48,61572,28.67,16,30.7
3228,35034,71937,24.41,14,17565,19.68,8,35.31
3229,9880,64263,70.04,4,45014,69.03,3,12.32
3230,19335,86011,54.21,22,46643,45.3,10,15.99
3231,412723,3180412,61.14,498,1945255,56.96,282,20.58
3232,14720,46568,58.16,21,27090,43.7,9,9.88
3234,39771,111475,31.36,26,34974,22.69,10,29.09
3236,65109,105001,30.55,17,32094,26.33,10,40.15
3237,105,1499,0,0,0,0,0,18.39
3252,2685,50196,78.62,22,39477,68.52,14,6.97
3257,29417,79824,43.77,11,34952,37.1,3,27.92
3258,92051,273852,10.18,23,27934,7.57,10,43.14
3259,3931,72966,70.4,25,51386,62.73,16,7.71
3260,147874,334463,30.09,57,100694,25.19,31,39.24
3264,73134,490170,71.47,119,350431,65.2,68,12.17
3265,17309,136262,64.91,23,88473,57.55,6,18.02
3266,3842,352314,90.33,28,318323,89.14,21,1.92
3267,534,17066,29.55,3,5044,26.87,2,6.44
3268,42726,34721,32.77,9,11380,28.36,6,23.01
3272,9225,61177,50.79,11,31077,45.96,6,19.74
3276,47050,69713,58.17,12,40567,52.0,4,12.73
3279,113,966,0,0,0,0,0,17.27
3283,149,6673,49.5,5,3305,15.08,1,4.48
3284,22294,108482,70.02,20,75975,67.5,15,10.34
3285,10002,42735,64.74,19,27673,51.32,10,9.51
3287,4096,43970,58.4,11,25687,48.76,4,17.38
3288,11411,16380,48.2,5,7898,36.75,2,19.16
3289,59950,86746,26.27,25,22806,12.57,8,38.56
3290,25853,90215,57.5,34,51887,45.22,16,12.72
3293,109653,281802,53.76,72,151555,44.47,33,22.42
3294,16871,132016,52.71,25,69611,47.08,14,24.35
3296,7181,96724,77.02,31,74518,71.52,23,7.5
3297,9841,36049,50.45,13,18195,36.6,6,29.06
3301,997,124326,79.23,40,98518,70.3,24,2.14
3303,14537,94091,46.81,31,44065,36.37,16,17.53
3304,424,14069,33.55,7,4721,9.88,1,6.53
3305,59620,144723,46.49,28,67308,39.98,13,29.62
3306,29929,50608,47.82,7,24205,43.14,3,26.12
3308,10537,60000,61.62,8,36977,58.86,6,20.39
3310,1755,74948,82.2,32,61621,69.86,19,3.18
3311,39376,100000,55.74,17,55767,50.34,8,19.22
3312,69107,182627,45.11,21,82411,42.5,12,30.44
3313,34314,221134,76.17,21,168479,74.26,14,9.43
3317,63486,90000,29.77,18,26803,22.88,6,42.83
3318,925,52256,56.8,19,29689,41.84,6,3.13
3321,28327,86114,47.96,22,41326,37.36,7,14.73
3322,65058,137582,36.47,26,50208,31.39,14,18.94
3323,69951,99593,21.76,15,21680,14.44,4,45.09
3324,87689,93077,43.13,28,40149,27.13,6,34.25
3325,61600,110169,30.38,33,33479,14.73,6,22.93
3332,1740,48104,86.9,15,41809,77.9,9,3.04
3334,126,24680,91.54,5,22594,89.35,4,1.02
3338,62278,87908,31.2,17,27443,23.81,6,37.28
3339,31255,66568,25.55,14,17018,17.0,5,33.46
3342,762,40910,53.13,17,21746,33.08,5,4.33
3343,870,58794,44.65,10,26267,39.28,5,3.62
3345,101,36301,95.55,2,34688,93.93,1,0.42
3346,39491,121228,25.79,18,31288,20.5,8,29.49
3349,1727,46072,47.38,25,21836,22.25,7,6.35
3350,927,21687,13.98,6,3034,0,0,10.9
3354,6536,70112,72.4,7,50764,70.67,5,13.87
3356,36072,80542,33.0,15,26592,26.62,7,28.99
3357,21357,117725,57.99,43,68290,42.52,16,19.0
3360,47571,76402,23.95,13,18316,16.99,4,33.28
3361,389,49553,81.55,18,40421,68.18,8,1.21
3362,30849,147445,59.82,45,88239,48.77,21,21.93
3363,70122,113641,41.43,33,47113,30.17,13,27.84
3364,216,2701,0,0,0,0,0,18.15
3369,4641,28946,56.18,3,16265,54.38,2,16.22
3372,53762,175324,46.61,24,81752,43.64,15,22.94
3373,35476,47619,26.25,4,12506,24.87,3,32.67
3374,47393,271364,64.97,39,176338,61.66,24,19.85
3376,52173,195780,44.62,60,87398,34.36,25,27.12
3377,241,19653,64.25,12,12631,35.71,2,2.0
3379,30084,38042,28.51,6,10851,24.78,3,37.04
3380,42278,541718,66.66,36,361288,64.61,18,13.76
3383,11635,75000,48.43,18,36336,38.5,6,16.72
3388,12220,78059,40.22,16,31416,30.75,5,27.23
3390,56620,79330,32.18,21,25543,17.95,3,24.49
3391,929,68860,66.03,27,45483,51.03,10,2.73
3394,163,1180,0,0,0,0,0,26.58
3397,1816,9040,0,0,0,0,0,46.54
3402,38507,73048,32.12,11,23474,27.35,6,34.69
3404,50,653,0,0,0,0,0,21.09
3406,35494,112743,54.59,49,61569,36.33,17,17.67
3412,261,8071,84.95,1,6857,84.95,1,3.49
3413,23901,111057,52.6,32,58442,44.67,18,21.42
3414,252,1360,0,0,0,0,0,39.06
3416,9364,80606,56.99,17,45957,51.19,10,15.88
3419,30826,120480,31.63,26,38146,23.6,10,24.99
3426,921,26400,63.05,10,16651,48.61,4,5.17
3430,33381,33716,33.47,6,11285,33.47,6,33.7
3431,12547,55459,51.29,8,28452,46.69,4,17.62
3432,3545,42230,66.5,13,28088,58.48,8,13.41
3434,8445,35755,45.55,14,16291,30.2,5,22.47
3437,47223,144548,24.23,19,35049,20.08,9,38.54
3438,28121,47166,45.12,2,21285,43.53,1,30.31
3441,30792,40040,24.46,10,9803,14.62,4,39.87
3443,66863,134012,64.24,39,86120,53.0,12,10.34
3444,5056,44997,48.86,17,21993,38.18,10,17.65
3447,5901,77449,58.92,13,45650,51.2,3,15.47
3450,71696,145681,46.95,51,68429,35.2,22,29.16
3455,44428,59851,29.11,22,17433,12.97,6,34.72
3465,4159,35330,65.91,11,23291,54.67,5,6.88
3466,28022,77892,46.33,26,36105,34.1,10,17.31
3467,2026,31107,62.47,11,19435,55.71,7,11.52
3469,191,22448,63.92,14,14353,42.15,6,1.47
3471,503,5000,45.04,3,2253,25.6,1,10.99
3472,1711,76274,57.36,24,43771,43.84,7,4.68
3473,262,22858,76.84,6,17568,68.49,3,1.56
3475,1778,1784,0,0,0,0,0,46.82
3479,37101,72856,41.05,17,29924,31.2,5,31.48
3481,985899,7989197,40.1,1061,3205387,35.35,424,24.19
3482,527,6521,44.4,4,2896,16.87,1,16.25
3483,52975,99049,22.65,25,22456,11.97,9,41.41
3484,47568,78828,31.38,21,24750,22.44,10,24.99
3485,7696,38501,52.35,19,20159,33.53,7,18.65
3489,3281,90452,73.78,18,66763,66.59,8,7.0
3490,34659,55006,16.03,8,8824,12.07,4,38.18
3491,73963,68805,33.49,27,23058,15.41,7,28.81
3492,2799,35532,47.32,5,16815,44.69,3,16.68
3494,18078,94800,61.31,12,58146,56.39,4,11.58
3496,207,21611,79.72,9,17233,70.5,5,1.95
3497,112,4588,33.29,2,1528,23.86,1,5.4
3498,56126,61273,48.9,16,29981,39.52,7,25.8
3499,41008,54971,43.27,12,23793,41.7,10,23.92
3501,12465,118258,48.52,23,57404,43.34,13,21.38
3502,283,9202,34.17,5,3145,12.4,1,6.87
3504,13028,114060,65.03,18,74193,60.28,9,19.32
3505,160,5429,87.89,1,4772,87.89,1,8.41
3506,606,8573,19.83,3,1701,0,0,18.33
3507,279,31800,87.08,12,27699,75.26,7,1.53
3508,68081,104312,43.75,29,45661,34.24,13,28.1
3511,9810,79973,54.62,8,43686,51.13,3,23.06
3512,4940,113072,71.93,31,81359,63.91,16,8.81
3515,14098,123544,69.9,19,86376,64.31,8,14.11
3516,3247,59561,77.02,18,45890,69.41,11,5.61
3517,666,5037,13.87,1,699,0,0,24.1
3518,29825,102467,37.17,30,38104,26.41,12,17.04
3519,65115,433985,50.72,48,220182,46.34,18,18.35
3520,48593,68847,37.32,14,25709,28.63,4,20.31
3521,39918,185766,81.54,16,151512,78.72,8,3.75
3522,28243,104096,56.45,26,58776,50.23,15,10.46
3523,7869,64258,83.37,13,53583,78.36,7,5.08
3524,301,20627,66.46,14,13714,39.39,5,2.68
3526,20546,67007,47.32,21,31727,31.89,7,17.31
3527,25164,44445,27.17,10,12090,20.06,5,26.28
3528,5577,66639,68.51,11,45672,62.67,5,11.83
3529,22759,74686,50.99,35,38096,31.42,12,8.43
3530,15883,77476,57.37,13,44450,53.68,8,22.75
3531,1840,61175,80.32,34,49158,60.76,15,4.93
3532,18925,387848,90.98,36,352938,87.12,12,4.17
3533,20405,112535,63.92,52,71958,45.43,20,6.07
3535,44343,79052,25.52,9,20188,22.63,5,40.91
3536,6381,52089,67.89,5,35374,65.11,3,11.35
3537,44951,56243,29.35,10,16522,23.54,5,37.82
3540,59463,84459,26.76,10,22619,24.31,6,33.81
3541,17904,56349,35.79,20,20178,24.83,11,19.04
3543,25200,110263,48.03,42,52983,33.41,16,12.73
3544,579,2447,0,0,0,0,0,40.79
3545,82616,222456,24.7,38,54983,17.96,13,40.46
3546,34472,58427,33.73,18,19720,23.07,7,29.72
3548,40679,67744,33.41,18,22643,22.89,6,33.7
3549,239,1481,0,0,0,0,0,29.8
3550,51607,107550,45.12,31,48549,33.57,13,24.72
3551,13052,62275,51.75,25,32248,34.23,8,25.34
3552,55178,97918,37.44,20,36681,32.42,12,31.69
3554,135,15858,87.29,1,13843,87.29,1,1.7
3555,4519,39999,80.51,9,32207,77.74,7,7.86
3556,65227,63703,15.82,4,10084,13.67,2,45.35
3557,20279,84315,60.55,19,51067,53.32,9,12.16
3558,12476,59061,51.03,10,30144,47.07,6,31.46
3560,194,20405,74.02,9,15107,59.92,4,1.64
3563,37984,63961,49.63,22,31758,35.09,6,25.4
3564,6522,59123,60.06,2,35513,60.06,2,19.29
3566,10582,419621,73.96,150,310433,60.69,57,1.15
3567,33811,33954,18.59,7,6322,7.93,2,35.37
3568,187,10063,72.35,5,7282,46.7,2,3.92
3570,2890,17097,53.92,4,9223,45.21,2,22.13
3571,417,3302,0,0,0,0,0,27.18
3572,331,11817,40.53,4,4792,25.66,2,4.69
3576,220845,1627795,37.37,185,608474,32.96,67,24.15
3577,3967,63966,68.7,28,43953,50.03,10,8.38
3579,6152,9580,74.12,3,7102,65.74,2,15.49
3580,41840,39471,10.7,5,4227,7.1,2,38.53
3581,7293,51006,57.79,15,29487,45.34,6,19.53
3583,30011,83859,61.79,27,51834,51.74,14,20.35
3584,21959,139767,25.22,29,35281,18.19,13,25.75
3585,15486,111679,40.38,14,45123,34.96,4,25.32
3586,88,2458,51.29,2,1261,0,0,7.36
3587,26063,71685,33.46,17,23998,21.81,5,36.53
3588,49580,61993,29.29,15,18175,18.42,5,34.26
3591,52372,145387,55.16,37,80226,49.17,23,19.46
3592,36671,75855,37.14,21,28189,22.7,4,31.79
3593,24578,60825,64.15,18,39035,50.01,4,9.48
3594,20498,95948,53.41,26,51270,42.19,10,17.84
3595,19421,33913,31.84,8,10806,23.33,4,26.07
3596,21720,220354,74.85,77,164966,62.87,34,9.47
3597,2297,39236,64.32,11,25244,56.92,7,10.96
3601,688,34887,52.62,9,18366,40.76,3,3.43
3603,695,24844,70.91,10,17621,64.91,7,4.74
3605,47390,175524,52.05,48,91408,44.32,26,23.82
3606,98,16847,77.4,11,13043,43.23,2,0.73
3607,47036,121662,32.37,34,39401,21.26,14,19.37
3609,7547,38419,53.1,18,20409,31.65,4,9.31
3610,1500,54015,79.65,4,43027,76.71,1,5.1
3611,4816,47555,58.21,13,27691,46.79,4,13.31
3613,1140,63436,66.67,28,42304,50.87,13,3.89
3615,44031,68467,28.77,9,19713,23.13,3,43.09
3616,3451,94650,42.55,35,40291,26.06,10,6.41
3617,7885,94766,66.86,39,63367,52.63,16,10.59
3619,164,7626,27.79,3,2120,15.73,1,4.99
3622,24757,151328,59.19,22,89594,53.68,9,16.51
3623,8452,29186,51.89,3,15148,48.24,1,23.61
3624,40487,117341,59.2,22,69499,52.54,10,25.67
3625,48268,114247,44.98,26,51418,37.41,12,20.45
3627,14082,30991,56.06,9,17376,50.03,5,11.97
3628,7680,45000,59.15,5,26624,56.02,3,17.2
3629,1736,32955,86.89,5,28637,84.01,3,3.02
3630,28207,204192,53.92,14,110135,51.09,5,20.21
3631,1835,81821,80.48,15,65856,74.99,7,4.2
3632,37336,40890,17.2,5,7037,15.58,4,45.99
3633,1925,34024,60.67,13,20647,46.15,5,10.3
3634,218,49600,82.97,13,41166,72.48,6,0.7
3635,398,5050,0,0,0,0,0,15.07
3636,503,6000,87.18,1,5231,87.18,1,4.38
3637,823,29749,77.46,6,23047,71.3,3,4.11
3642,18065,45869,63.39,18,29086,49.5,10,7.54
3643,403,47937,97.95,1,46958,97.95,1,1.03
3644,1849,83300,79.17,34,65977,70.03,20,2.87
3645,62167,136754,44.01,43,60224,35.18,22,28.23
3646,36407,39297,48.88,21,19214,19.93,5,8.81
3647,2945,2802,0,0,0,0,0,50.05
3649,275,10819,36.51,6,3952,0,0,4.85
3651,69,69565,95.9,12,66730,89.61,4,0.15
3652,3571,75098,71.57,12,53758,67.58,7,9.03
3653,62921,146733,69.19,43,101565,59.59,20,7.17
3656,3283,58249,77.46,6,45124,75.19,3,7.09
3659,634,54124,87.46,15,47348,80.81,8,1.98
3661,83618,86232,37.41,39,32274,16.49,10,21.67
3662,22523,183478,53.41,26,98010,48.89,11,17.55
3663,24521,108494,65.0,11,70536,62.56,6,20.94
3664,5790,75945,68.74,7,52212,66.97,4,7.25
3665,61129,195078,60.91,88,118863,43.53,33,10.39
3666,28696,138950,83.06,16,115436,79.93,9,6.32
3669,8053,92920,59.6,10,55397,54.68,3,17.8
3671,53,14500,87.86,7,12743,72.48,3,0.41
3672,21115,40790,55.82,20,22779,40.12,9,9.6
3673,86067,406664,41.47,66,168727,35.94,30,27.46
3674,405,17814,71.06,7,12661,65.86,5,5.17
3675,14407,53058,57.9,4,30729,55.16,2,20.61
3678,1045,26422,52.02,13,13748,35.41,5,7.01
3679,5042,63022,65.87,25,41523,54.01,13,11.92
3680,28867,96212,55.72,42,53633,42.82,23,21.59
3681,342,118704,95.07,6,112868,94.38,5,0.55
3684,6241,30310,61.43,10,18626,53.1,6,14.24
3685,12844,79574,61.22,30,48724,45.44,9,8.39
3686,62513,76495,21.59,14,16526,16.58,7,34.78
3687,36292,30124,37.33,6,11249,32.52,4,37.09
3688,3476,99176,67.87,11,67330,65.63,7,6.38
3689,33833,89509,29.32,27,26263,16.96,8,34.43
3690,1358,60356,89.17,6,53829,83.95,1,2.86
3691,13545,91883,56.87,13,52270,53.5,9,19.76
3693,28682,42991,43.71,11,18800,33.58,4,33.3
3694,14346,154929,59.89,21,92812,55.24,8,17.58
3701,49336,236669,73.53,24,174063,71.19,14,14.73
3702,92994,1747758,84.1,344,1470191,79.03,203,5.66
3703,35032,823216,72.45,109,596653,68.01,49,8.21
3704,42512,415445,66.3,79,275537,60.35,39,14.0
3705,26772,266423,68.7,72,183076,61.37,43,10.15
3706,205353,1327212,52.89,127,702204,49.7,63,23.42
3707,93968,400607,46.66,46,186994,43.29,24,31.51
3708,46460,92762,49.77,24,46194,40.3,9,24.41
3709,7242,125569,72.36,19,90888,66.99,8,9.1
3710,47891,287251,32.15,79,92399,21.88,27,16.17
3711,337140,4476487,87.08,806,3899240,81.79,428,5.36
3712,29902,246242,56.7,22,139689,54.42,14,18.88
3713,4244,88099,56.25,31,49571,43.81,11,8.02
3714,162886,737940,41.34,129,305264,34.88,51,25.7
3715,97761,283575,29.9,60,84854,21.79,24,41.48
3716,53676,149766,53.58,33,80274,46.57,15,22.18
3717,50348,210948,39.35,55,83034,29.28,21,23.27
4102,37679,42373,46.21,12,19587,33.38,4,14.93
4104,44834,188367,45.38,24,85533,40.06,8,25.22
4105,52218,248650,48.98,71,121840,38.82,32,17.63
4106,16466,100912,50.3,16,50771,46.04,8,21.61
4107,13493,69298,61.81,24,42847,51.98,14,12.32
4108,54901,198619,29.93,28,59458,23.57,7,23.05
4109,43726,118737,43.38,26,51534,35.96,11,17.59
4111,46465,59832,43.5,25,26036,32.24,14,16.51
4113,20278,231138,74.6,75,172462,63.45,33,4.91
4114,73842,510176,43.48,107,221936,37.14,50,14.93
4115,974,60000,75.68,16,45416,69.46,10,3.14
4116,4532,44566,54.95,3,24492,54.95,3,18.51
4117,6307,70824,52.91,23,37480,37.83,7,14.38
4118,202,29993,90.11,1,27027,90.11,1,1.25
4119,27208,119509,46.91,15,56078,43.99,9,18.18
4120,7716,86747,70.69,20,61344,63.8,12,9.21
4121,51551,83111,50.05,20,41610,44.3,12,23.71
4123,47017,769546,57.72,168,444389,50.66,80,12.0
4125,218,1934,0,0,0,0,0,29.72
4126,22608,72600,63.0,25,45752,53.65,14,15.6
4127,26676,45760,74.76,18,34217,61.03,8,7.64
4128,101442,588171,43.82,68,257808,39.68,26,16.08
4129,34158,96438,59.72,36,57612,47.23,14,10.93
4130,42427,137888,65.08,17,89753,61.97,9,12.56
4131,3528,39879,76.11,5,30361,72.24,2,5.57
4132,42832,187941,46.63,49,87674,38.33,23,11.76
4133,54337,60554,23.53,11,14255,18.53,5,40.23
4135,511,26465,65.43,14,17322,44.13,5,3.75
4136,95,36147,99.3,4,35897,97.87,3,0.34
4137,7547,82492,53.71,16,44323,45.43,5,15.52
4138,21325,39930,51.42,4,20535,51.42,4,25.53
4139,1187,45010,67.93,22,30586,48.01,9,3.44
4140,473,3039,0,0,0,0,0,30.87
4142,84799,429508,39.88,85,171409,32.64,35,21.92
4147,47607,273202,52.57,67,143646,44.13,30,13.58
4148,2309,67236,79.56,11,53498,78.16,9,5.85
4150,31330,147218,42.05,54,61921,27.11,15,9.54
4151,642,50026,78.35,13,39203,71.12,7,2.65
4153,5265,58668,76.48,15,44877,71.94,11,8.59
4154,896,38390,76.54,15,29389,67.1,8,2.9
4155,35423,144684,45.66,40,66092,34.85,15,16.7
4156,895,56540,71.87,14,40643,67.51,10,4.15
4157,32169,711834,58.88,115,419328,52.29,36,8.99
4160,34551,26690,29.63,3,7910,25.36,1,32.95
4161,5208,59808,44.25,24,26471,26.8,8,11.34
4162,47233,145678,45.68,22,66574,40.15,9,21.42
4163,25204,50680,70.45,22,35713,62.57,15,9.48
4164,19104,195311,50.86,53,99386,41.64,24,16.66
4166,3897,243035,82.72,27,201063,79.18,13,3.01
4167,55806,310444,42.35,76,131542,34.34,34,16.09
4168,50272,112521,27.23,25,30670,20.1,10,22.64
4169,4153,66432,53.88,22,35806,46.0,13,9.11
4170,6515,43771,58.14,15,25456,42.69,6,9.35
4171,37909,58057,32.91,10,19117,27.71,6,25.43
4172,24381,119576,38.99,25,46645,30.03,8,11.15
4173,30344,74574,43.54,5,32484,40.0,1,21.01
4174,42630,131580,41.98,32,55259,35.57,18,23.94
4175,11547,42323,56.05,7,23724,54.98,6,23.06
4177,2160,62805,59.03,17,37091,48.19,6,7.92
4178,4593,215867,77.77,45,167920,72.42,26,3.94
4181,1740,2129,0,0,0,0,0,59.38
4183,1197,23800,62.21,13,14810,42.8,5,8.8
4184,644,39183,92.03,1,36064,92.03,1,1.69
4186,4720,90000,45.82,35,41263,27.09,10,10.13
4188,4696,63333,54.3,12,34399,47.92,4,11.95
4190,16748,61450,66.07,12,40605,62.36,9,15.82
4191,2532,100170,63.05,31,63165,48.78,9,5.62
4192,4666,35164,68.15,3,23969,66.6,2,13.62
4193,5426,67616,49.22,25,33296,33.69,6,3.85
4194,3305,145974,76.68,24,111940,73.12,14,5.21
4195,28527,80000,37.68,22,30161,30.21,13,16.41
4197,2279,30181,65.73,21,19842,40.26,7,5.51
4198,2685,24108,81.35,4,19613,77.29,3,6.4
4205,11037,97649,65.93,32,64412,58.94,21,14.48
4207,8703,198538,72.53,53,144053,63.65,23,5.46
4303,35817,94605,19.26,10,18237,13.63,2,35.83
4304,3537,61038,81.93,15,50023,74.64,7,3.85
4305,1704,55014,84.73,26,46626,74.81,19,4.31
4306,90615,676757,57.25,110,387573,51.89,47,10.2
4401,12746,122692,62.18,50,76309,46.89,23,8.99
4402,41311,67992,65.83,16,44772,60.74,10,7.93
4404,7881,112286,35.72,25,40130,26.89,7,14.69
4406,1564,51912,75.86,20,39392,60.54,7,3.55
4408,4015,67628,35.74,14,24181,30.37,8,12.66
4413,1659,31315,69.3,15,21705,52.6,6,4.8
4414,22963,263796,63.75,47,168214,56.65,17,9.29
4415,4360,43577,85.04,11,37066,76.68,5,6.77
4416,2428,73586,73.14,33,53839,61.55,19,6.08
4417,8500,83971,46.22,20,38834,37.07,7,17.03
4419,5210,169163,96.84,7,163853,95.08,3,0.69
4420,8164,40455,59.14,8,23931,54.11,4,23.37
4424,2556,59856,66.58,16,39856,62.31,11,5.5
4426,9688,172677,61.72,32,106612,54.12,12,10.39
4427,967,212542,87.41,55,185828,78.71,24,0.93
4430,8695,56274,63.3,20,35626,53.29,11,16.19
4431,2141,36536,67.79,4,24775,62.4,1,11.35
4432,4971,50589,55.24,12,27949,45.45,4,12.04
4433,10175,61300,57.06,11,34991,52.24,6,16.48
4438,4559,113425,66.42,39,75357,50.12,10,7.04
4439,1220,38115,78.42,14,29894,69.71,9,4.9
4440,3941,67598,56.48,44,38191,27.74,11,12.9
4441,2206,68176,73.25,30,49950,58.92,13,4.67
4442,903,32341,77.13,20,24953,42.79,4,4.27
4502,3889,57470,69.47,14,39931,56.32,3,5.94
4503,7420,78313,64.28,12,50354,59.81,6,14.46
4506,11414,177012,80.45,29,142442,74.19,11,8.35
4510,60311,108978,36.17,18,39444,30.57,7,35.54
4513,44801,143762,56.33,14,80988,53.16,5,16.21
4523,35812,64949,59.63,18,38734,51.82,9,13.75
4526,60297,254826,50.74,63,129341,43.35,35,24.09
4527,4494,76152,66.69,25,50798,61.69,18,10.08
4528,13583,84166,62.86,13,52921,60.34,9,19.16
4529,8850,84549,58.72,14,49675,52.78,5,12.13
4530,7319,35795,71.65,5,25655,64.46,1,6.06
4532,20106,494895,70.4,90,348524,65.47,54,8.16
4533,68648,158434,29.43,23,46647,23.35,8,35.71
4534,19089,86789,44.94,26,39026,33.42,9,18.78
4535,7184,75662,77.42,21,58599,69.66,12,4.81
4536,7616,90820,55.75,42,50660,37.17,14,12.89
4537,2181,78840,82.0,16,64659,76.98,10,4.37
4538,1692,59470,80.42,15,47835,71.62,7,3.9
4540,41146,115187,31.45,21,36250,25.52,11,40.98
4541,44209,67647,39.62,23,26823,25.56,8,27.89
4542,5717,35269,54.64,24,19279,21.02,5,17.39
4543,22258,59772,46.54,13,27828,42.21,9,23.91
4544,1581,60290,67.48,20,40692,49.87,2,1.89
4545,21716,77000,72.78,8,56053,69.27,4,9.65
4546,1301,33775,59.36,11,20055,48.78,5,6.32
4547,302,23349,84.76,7,19792,72.34,2,2.65
4549,7545,57002,61.64,13,35142,58.74,10,17.12
4550,3237,37839,55.76,11,21107,49.01,7,15.01
4551,4787,115223,83.05,31,95709,77.73,21,4.76
4552,28534,116000,50.89,21,59053,44.52,8,11.96
4553,472,33020,86.89,14,28695,76.85,8,2.34
4554,2415,26327,52.18,7,13739,50.62,6,14.74
4555,4129,69988,71.62,16,50137,65.67,8,10.18
4556,3108,42303,75.0,11,31731,72.94,10,9.37
4557,27562,47972,43.09,20,20686,28.53,8,12.38
4558,1604,50000,73.95,33,36982,50.22,13,6.3
4559,672,60000,87.93,17,52771,79.9,10,2.09
4560,2453,68097,86.17,12,58693,83.61,9,3.39
4561,8771,58522,58.2,12,34067,52.04,7,24.49
4562,12201,87546,52.14,12,45656,50.03,9,28.59
4563,6534,54950,54.26,11,29826,49.6,7,21.66
4564,48851,232788,41.07,54,95671,34.53,27,21.07
4565,1438,61740,79.92,24,49351,66.05,12,2.44
4566,26293,110091,52.53,21,57849,48.53,14,26.09
4568,1623,31730,69.01,8,21899,62.52,4,7.48
4569,2060,30600,66.34,11,20305,52.36,5,7.76
4570,199,44000,95.01,16,41810,87.53,12,0.6
4571,6591,53017,66.22,21,35121,55.58,11,16.02
4572,3503,40019,64.17,11,25680,61.89,9,9.45
4573,10653,41697,41.82,14,17440,28.38,5,24.92
4575,769,38668,68.73,17,26582,53.73,8,3.25
4576,25659,119802,65.64,28,78644,60.49,19,19.0
4577,7216,49138,60.38,9,29679,55.81,5,22.94
4578,691,20300,97.0,3,19693,92.28,2,1.48
4580,5062,46803,49.43,18,23146,35.72,10,18.36
4581,1663,33899,62.95,15,21344,46.35,8,8.86
4582,2631,75480,56.42,26,42602,45.32,12,7.39
4583,6925,80171,86.95,10,69724,81.82,4,4.47
4584,1059,30002,80.09,13,24034,69.26,9,4.38
4585,18853,105649,75.94,3,80246,75.39,2,16.38
4587,985,33000,88.23,5,29117,88.23,5,3.15
4588,5316,42985,50.32,15,21639,37.45,8,21.6
4589,611,25968,70.45,12,18297,45.36,1,3.75
4590,10082,54838,50.05,21,27453,35.92,9,15.42
4609,1747,47947,76.19,24,36540,64.55,15,3.86
4702,14253,72333,51.09,9,36961,46.49,2,22.88
4703,9148,65750,26.12,7,17191,22.57,3,26.94
4706,2132,79030,82.66,15,65337,77.18,8,2.44
4707,28192,403715,71.54,58,288859,66.21,27,8.46
4711,7557,61056,60.0,10,36643,53.42,4,15.78
4712,3612,18423,45.99,2,8473,43.69,1,17.23
4714,54349,221838,29.02,35,64403,21.98,9,23.06
4716,43504,94427,36.82,28,34789,27.0,13,22.13
4717,1001,155,0,0,0,0,0,99.98
4720,14039,114516,38.85,24,44526,34.56,15,25.16
4721,57518,74986,35.56,18,26675,28.03,7,38.69
4722,13989,104125,61.63,47,64201,47.0,21,10.56
4724,3102,95976,59.03,27,56677,46.37,8,7.62
4726,12902,207042,57.87,41,119858,50.27,14,12.58
4727,349,7278,18.79,3,1368,0,0,8.58
4728,16848,54463,84.5,36,46034,65.91,19,2.31
4729,7436,79227,50.87,11,40312,46.43,6,18.54
4730,1063,27868,69.84,13,19466,57.91,7,4.79
4732,1586,49644,66.49,30,33016,46.52,13,6.44
4734,371,10237,14.95,2,1532,0,0,6.16
4735,37675,41569,53.36,15,22187,42.93,8,19.42
4736,14032,95374,50.82,17,48491,44.87,8,23.18
4737,11018,77399,61.95,26,47961,48.87,9,6.1
4738,3550,77596,58.43,7,45348,54.05,1,11.24
4739,56240,124700,41.61,31,51899,30.66,9,27.3
4741,12370,34812,47.11,10,16406,40.07,5,16.63
4743,80648,480533,46.26,73,222407,42.04,36,17.11
4744,33334,56948,52.62,26,29978,35.2,11,12.46
4745,3137,69706,64.88,25,45237,57.16,16,7.53
4746,43097,120256,43.59,42,52450,32.28,19,20.54
4747,2119,45461,65.96,23,29995,50.31,11,6.32
4749,58928,92733,34.71,25,32203,23.8,9,32.48
4752,1065,84397,89.58,6,75611,86.99,2,3.03
4754,23052,30283,36.69,6,11112,28.46,3,24.09
4755,8391,100706,70.19,19,70703,64.77,9,11.36
4758,396,29217,92.13,6,26925,84.79,2,1.23
4760,11223,32218,37.72,8,12155,34.77,6,24.7
4762,139,20720,99.67,8,20653,97.29,7,0.25
4763,55884,989147,59.6,108,589650,55.57,44,11.33
4764,7401,85542,76.92,31,65819,66.43,17,8.14
4765,910,32133,55.11,16,17715,39.21,6,5.9
4766,11168,120571,70.08,29,84526,61.98,13,9.47
4767,897,31415,64.06,12,20130,46.89,5,4.85
4768,16354,47488,34.3,16,16300,19.49,4,29.81
4770,9697,79976,64.24,24,51391,59.56,18,14.51
4771,4092,58761,59.64,23,35061,45.5,9,9.55
4772,33303,147682,49.0,25,72398,41.81,9,24.39
4773,228,72709,94.99,14,69091,92.29,11,0.25
4801,784,47201,98.7,2,46594,97.82,1,0.23
4802,296,18854,87.92,2,16579,85.36,1,2.38
4803,5715,59069,57.43,8,33936,55.13,6,14.81
4804,30105,71992,62.0,11,44648,54.88,3,10.09
4806,18014,99947,88.9,10,88860,85.88,4,2.12
4807,14541,48996,68.27,16,33458,63.32,12,9.25
4903,46677,105344,42.65,13,44946,36.69,2,31.6
4904,87891,3607705,93.43,378,3371227,90.86,232,2.63
4905,1995,29260,81.67,18,23903,63.71,10,5.87
4906,92718,451846,29.33,85,132644,23.34,41,30.45
4907,2915,118146,84.96,8,100391,83.76,6,3.55
4908,33603,78217,54.1,21,42326,44.3,10,26.25
4909,63890,93357,26.55,14,24808,21.97,7,41.86
4911,3492,63720,57.57,19,36691,46.73,8,8.26
4912,25925,66993,51.44,25,34476,36.97,7,14.83
4913,475,9667,25.75,3,2490,0,0,11.98
4914,226,10000,77.04,5,7705,61.66,2,4.01
4915,31534,471881,63.75,131,300864,55.14,70,14.16
4916,75530,124083,29.23,21,36297,24.1,11,43.12
4919,74735,452398,62.55,48,283040,58.5,19,23.46
4920,107,41779,93.69,6,39149,86.74,1,0.35
4922,4559,44958,25.44,12,11446,11.8,2,17.24
4923,30853,37362,37.08,15,13866,23.33,6,20.87
4924,1496,37164,70.84,18,26336,53.84,9,6.4
4925,5293,70746,48.16,31,34088,30.62,10,12.66
4927,61444,264938,24.24,59,64261,16.07,22,27.97
4929,384,234,0,0,0,0,0,38.45
4930,33753,80000,63.63,13,50922,58.75,7,17.86
4931,62574,65566,29.7,21,19489,13.65,4,46.32
4932,311,2020,0,0,0,0,0,40.02
4933,5757,82663,63.86,12,52801,59.71,6,12.79
4934,70486,225000,35.42,24,79742,29.99,6,23.76
4935,8082,128864,62.56,25,80650,56.86,14,13.69
4938,158616,2682044,77.53,408,2079948,73.06,219,10.48
4939,63181,98201,36.47,20,35837,29.55,8,33.82
4942,6609,142368,62.6,41,89139,54.54,22,10.44
4943,22073,126694,63.97,26,81064,53.36,6,14.34
4946,8338,8853,42.58,1,3770,42.58,1,37.42
4949,10912,67752,52.59,28,35642,41.06,13,20.53
4950,6645,57729,72.71,5,41983,68.13,1,6.17
4951,11343,34149,19.69,8,6730,4.48,1,33.55
4952,15286,108816,52.81,10,57478,47.79,2,26.04
4953,34504,73147,47.43,19,34709,37.73,7,24.01
4956,42063,100408,38.04,18,38206,32.45,9,33.02
4958,190646,1113780,74.2,242,826779,67.29,121,13.51
4960,90404,571705,62.33,88,356447,57.42,46,15.63
4961,42008,121254,44.63,30,54128,35.06,12,29.13
4963,445,75455,83.64,9,63121,82.03,7,1.43
4966,30762,78958,38.17,29,30156,21.57,9,27.28
4967,66509,98311,20.5,22,20169,10.66,6,50.35
4968,56936,92210,18.95,18,17486,10.51,4,47.02
4969,11533,190978,55.64,56,106290,44.91,23,6.89
4971,34388,47186,47.05,23,22210,22.05,3,25.11
4972,15579,56889,49.58,21,28218,36.43,10,24.43
4973,50422,65293,23.99,13,15677,15.82,4,42.99
4974,43093,72500,41.71,6,30253,39.73,3,29.79
4975,1025,326577,96.31,11,314557,95.92,8,0.73
4976,44867,141351,28.93,14,40920,25.06,6,35.52
4977,47553,82690,22.82,17,18892,12.4,3,47.76
4978,67,5000,82.32,1,4116,82.32,1,2.2
4979,90584,142802,37.81,36,54018,26.24,12,40.14
4980,2376,45204,58.12,14,26282,50.4,7,10.77
4989,41706,137776,26.32,25,36297,20.44,13,46.96
4990,3287,102734,53.4,32,54862,43.96,17,7.95
4991,56226,121086,54.92,37,66517,43.62,15,24.62
4992,1034,210050,82.08,38,172445,76.89,22,1.01
4994,2187,66383,86.17,30,57213,79.0,22,3.24
4995,5130,42592,66.77,21,28450,51.66,11,8.53
4996,784,99070,77.8,37,77094,65.91,19,0.92
4997,272,14665,42.96,8,6303,17.41,2,3.49
4999,46392,74417,41.13,25,30615,27.29,10,26.12
5006,14037,97063,10.2,8,9912,7.79,3,21.32
5007,4913,294940,87.76,44,258923,84.68,28,1.97
5009,81947,602471,48.43,97,291887,44.13,51,18.28
5011,33717,100674,50.11,33,50470,38.23,15,14.82
5013,9028,133416,86.97,43,116066,80.88,31,2.35
5014,52330,183265,37.44,50,68657,27.38,21,19.98
5015,26671,60639,51.92,19,31497,42.13,9,20.11
5016,2741,49622,65.97,15,32747,59.95,10,10.3
5017,6866,320,0,0,0,0,0,82.12
5201,13624,38675,56.84,18,21987,33.86,6,10.47
5202,43865,89094,53.12,12,47336,48.77,7,17.59
5203,31604,79343,45.56,19,36165,34.82,6,18.09
5204,1377,6405,18.48,1,1184,18.48,1,20.21
5205,1742,13500,74.44,2,10051,71.26,1,7.94
5206,3670,171518,85.13,31,146047,80.19,16,3.04
5207,2909,15834,38.6,8,6114,14.82,2,12.01
5209,4214,28654,55.52,4,15912,53.48,3,18.65
5210,39141,82178,45.15,18,37122,36.0,6,12.89
5211,7624,32025,47.95,12,15357,40.87,7,23.69
5212,10027,34633,79.67,16,27595,66.99,9,6.25
5213,21349,721334,86.14,80,621540,84.22,56,4.51
5215,5438,64338,53.17,22,34217,42.71,11,16.25
5216,401,17847,82.4,11,14710,57.64,4,2.85
5220,7697,39667,44.56,20,17685,19.61,5,16.79
5221,347,5573,11.3,1,630,0,0,15.82
5222,33207,91119,32.17,24,29324,22.68,10,27.13
5223,2787,44550,62.14,12,27695,54.17,7,13.42
5225,8404,79136,46.16,12,36550,39.3,4,20.26
5226,400,23300,52.74,11,12293,31.51,3,4.34
5227,58668,68000,15.57,6,10598,11.18,1,37.44
5228,3610,38056,54.91,13,20904,44.94,6,16.03
5229,129,58238,96.46,13,56185,89.33,6,0.41
5230,29864,56304,24.75,17,13948,10.27,4,31.7
5233,3000,277249,85.35,23,236705,82.42,10,2.36
5234,11322,102716,65.19,19,66970,59.55,9,9.59
5236,6731,60004,63.7,7,38234,60.89,4,15.01
5238,692,67296,83.45,15,56167,78.59,9,2.2
5239,601,24700,30.08,8,7434,16.98,3,5.26
5240,514,26582,53.83,16,14312,30.32,5,2.67
5242,1115,124895,72.3,45,90323,58.6,18,1.89
5243,31235,168529,57.05,30,96178,50.23,12,21.23
5244,9840,68242,46.31,30,31623,28.98,11,19.22
5245,3921,45127,57.84,18,26112,40.72,7,16.39
5246,8842,44830,35.18,11,15776,27.03,4,27.28
5247,511,75000,75.92,12,56951,68.74,5,1.47
5248,1919,24500,58.91,5,14436,56.84,4,15.01
5250,209,39107,97.08,1,37967,97.08,1,1.0
5251,35411,33733,33.43,4,11286,29.21,2,39.27
5253,224,40943,81.05,20,33194,58.2,5,0.96
5254,662,22607,75.75,8,17127,70.4,6,4.96
5256,1873,71602,69.68,25,49908,61.23,15,4.55
5257,809,132750,79.64,27,105735,73.71,13,1.25
5258,25431,110365,51.68,40,57062,37.78,15,15.76
5259,2364,43563,82.07,8,35759,74.45,3,5.69
5262,8013,52699,55.94,25,29487,31.97,5,6.1
5263,26618,73937,56.76,31,41984,45.28,16,12.36
5265,123,1207,0,0,0,0,0,22.11
5267,1345,25300,62.14,13,15723,46.59,5,8.6
5269,36020,74157,59.97,13,44481,54.45,6,23.61
5271,8601,63472,29.47,13,18716,20.52,4,24.52
5272,45686,55276,23.88,15,13209,10.26,3,36.42
5274,60388,37803,33.91,13,12827,18.62,3,12.99
5275,144,10264,30.86,6,3169,0,0,2.11
5276,942,39500,88.2,6,34848,85.29,4,4.16
5278,4384,300000,82.51,69,247584,77.53,45,2.69
5282,278,25006,85.81,10,21463,59.25,1,0.6
5283,27590,87601,61.11,24,53536,52.59,14,20.31
5284,9416,52893,57.38,14,30363,49.55,7,18.36
5285,13098,102041,62.19,36,63478,49.51,17,19.63
5286,910,14745,79.97,6,11795,69.95,4,4.81
5287,9814,60311,59.21,22,35728,47.06,10,21.08
5288,2964,69699,69.25,15,48286,59.82,4,7.11
5289,66606,96405,35.49,32,34230,20.86,9,28.2
5291,5442,41891,46.56,24,19511,18.56,4,21.08
5292,7567,42108,50.6,15,21317,40.05,8,17.21
5294,60,82,0,0,0,0,0,86.86
5295,156,29140,86.34,15,25168,71.08,8,0.75
5296,469,21595,35.92,7,7760,27.24,4,5.13
5297,8838,37652,19.29,9,7269,10.65,3,35.95
5299,17296,50889,51.17,10,26049,44.98,5,26.95
5301,4034,65890,80.71,11,53187,73.58,4,4.93
5302,13231,159888,51.37,20,82163,46.5,7,17.56
5304,32308,326962,88.1,23,288108,86.33,13,6.18
5306,12183,126001,69.44,23,87513,64.41,11,12.16
5307,35138,423111,41.16,93,174224,32.17,31,16.03
5309,71756,231300,36.47,41,84409,28.69,12,34.27
5310,7166,28944,58.57,15,16959,38.38,5,6.35
5312,5857,60060,55.65,17,33430,50.72,13,13.68
5314,54985,292000,40.55,37,118459,36.55,18,29.51
5315,51187,106352,31.38,27,33395,22.58,12,22.45
5321,7980,53180,57.81,22,30752,42.0,8,12.77
5324,21240,226379,79.8,48,180698,73.56,25,4.91
5325,20411,55492,33.46,8,18575,27.52,3,38.12
5328,76790,172711,41.81,21,72233,36.28,7,38.2
5336,2959,2217,0,0,0,0,0,68.85
5340,26365,194894,60.84,32,118607,53.42,8,20.55
5344,6806,79447,75.59,7,60066,73.54,4,10.72
5345,6407,37795,78.88,2,29814,78.88,2,7.34
5346,263547,1366161,37.68,306,515097,28.03,89,20.13
5347,108862,1879568,85.13,265,1600454,81.61,159,7.36
5348,1838,14776,56.32,6,8324,40.79,2,9.72
5351,110171,328678,40.08,61,131807,34.1,31,28.7
5353,6521,75765,54.23,28,41100,37.82,10,13.6
5355,32586,166123,70.47,44,117091,62.63,25,7.13
5356,53039,103040,44.05,23,45411,39.58,16,22.39
5364,7378,63850,70.83,15,45233,61.31,3,5.92
5371,107468,390981,43.0,51,168227,39.53,28,33.44
5372,5393,48616,23.56,13,11457,12.4,4,24.4
5376,3811,33732,33.69,9,11370,23.82,3,17.22
5381,27198,207691,55.65,31,115637,48.71,10,18.66
5385,8314,11156,23.82,2,2658,18.19,1,43.93
5386,27888,36081,37.53,7,13549,28.28,2,36.06
5387,141660,45000,91.32,2,41101,90.18,1,7.18
5388,32974,304343,52.42,102,159577,41.04,47,19.06
5392,67037,176562,35.4,22,62523,29.25,5,33.2
5395,2242,1759,0,0,0,0,0,41.07
5398,41239,49465,57.99,19,28696,45.83,10,7.73
5403,9563,78176,47.79,35,37376,31.13,13,19.04
5410,56763,93369,36.69,22,34285,30.03,12,27.69
5414,5081,68584,59.71,20,40961,48.1,7,10.26
5425,106214,263485,40.02,44,105516,34.0,22,37.82
5426,35809,143800,56.33,24,81025,52.77,16,21.55
5432,5567,20688,54.1,4,11196,51.4,3,28.84
5434,30441,194008,54.44,73,105670,38.41,25,14.07
5438,37979,112537,75.44,11,84913,74.25,8,10.01
5439,34539,92977,45.45,30,42279,36.2,17,27.97
5442,4830,64865,20.62,12,13387,14.59,5,16.15
5443,66857,164747,39.5,21,65107,33.54,6,35.9
5450,11672,122403,81.15,12,99353,78.42,6,5.44
5452,69965,148764,41.82,20,62230,38.5,10,30.27
5455,3459,65502,93.99,25,61570,89.0,20,1.62
5457,17294,196429,52.82,30,103787,48.77,17,17.17
5460,31673,58778,56.29,29,33099,37.2,12,16.11
5464,4541,71071,72.49,26,51529,60.42,13,7.75
5465,7951,147683,71.92,16,106237,68.79,8,11.27
5467,1835,85552,86.4,11,73931,82.8,6,2.84
5468,6038,58923,65.81,13,38790,60.06,8,13.44
5469,38018,486166,71.79,79,349139,66.55,39,12.48
5471,66844,167877,30.17,42,50677,22.15,19,36.64
5473,2488,3039,0,0,0,0,0,78.16
5474,8074,39757,56.66,8,22534,48.5,4,26.74
5475,52193,127127,41.29,27,52502,34.61,12,34.24
5478,41110,156074,79.55,30,124206,73.08,16,9.54
5481,42298,71403,65.52,23,46802,55.13,11,7.97
5483,122014,641222,65.96,156,423040,58.23,81,16.63
5484,33986,66801,37.95,11,25361,34.07,7,37.61
5487,7155,24223,71.13,15,17235,47.78,7,7.31
5488,41660,91586,44.96,31,41187,34.76,14,18.09
5489,3229,102706,85.4,14,87718,82.63,8,4.24
5490,69904,96152,35.44,25,34092,27.8,12,24.28
5492,1374,71414,98.66,1,70463,98.66,1,1.03
5493,5665,43689,43.88,17,19181,24.9,4,19.54
5497,4838,65325,26.18,14,17118,15.56,4,16.91
5498,70988,193549,33.19,20,64275,29.67,9,38.85
5501,6091,21200,28.1,4,5959,24.3,3,20.14
5505,5924,138832,65.61,47,91117,50.9,15,7.01
5506,7580,152545,66.77,34,101882,58.45,12,6.12
5508,18778,217428,68.87,18,149801,65.91,8,14.65
5511,5887,113440,65.91,36,74802,55.8,18,8.73
5512,78637,766312,61.58,157,472109,54.58,71,9.13
5514,10404,236118,92.42,51,218259,87.52,32,1.2
5515,11903,201600,69.85,57,140866,61.93,30,8.21
5516,1819,51545,69.45,14,35807,60.51,7,4.77
5519,17714,219197,57.66,44,126456,51.35,20,16.85
5520,1218,59975,83.75,23,50242,73.58,12,2.2
5521,63800,492280,57.91,96,285146,52.07,50,10.36
5522,17592,781596,89.11,60,696680,86.75,30,4.12
5523,2602,155001,92.12,31,142827,88.86,23,1.41
5524,3913,58669,30.77,22,18069,11.6,4,16.08
5525,4731,318105,88.33,69,281053,84.15,49,2.03
5529,11489,105769,74.17,21,78473,67.76,10,4.63
5530,12367,420084,82.56,49,346914,79.45,27,4.67
5531,14904,977589,85.97,83,840637,83.49,41,3.17
5532,821,17804,31.03,8,5527,5.88,1,4.86
5533,5685,285245,80.5,79,229689,71.32,35,3.49
5534,22553,315326,69.54,85,219341,60.76,44,11.42
5536,26708,124081,58.4,62,72495,37.88,19,10.83
5538,1303,201203,94.09,21,189343,93.07,18,0.95
5541,86,26427,82.05,10,21689,76.05,7,0.26
5543,1077,46704,72.81,29,34019,46.24,9,2.76
5546,1322,82353,84.75,18,69811,77.99,9,2.49
5547,1374,45288,65.82,13,29820,54.69,6,5.1
5548,2371,58529,64.61,17,37834,58.65,12,6.25
5601,869,64800,79.52,44,51545,47.23,11,1.17
5603,29897,104877,54.87,22,57562,49.82,13,18.42
5604,11012,108783,67.11,46,73021,52.78,21,7.1
5607,17653,370553,75.42,59,279540,68.91,21,6.41
5608,89947,389276,28.46,52,110905,22.8,17,30.36
5609,38060,142884,52.47,46,74995,46.74,32,23.36
5701,51824,143000,53.88,20,77079,48.98,8,16.74
5702,1937,5294,0,0,0,0,0,45.88
5703,1976,70240,88.29,25,62024,83.83,19,3.53
5704,3530,58862,83.88,23,49386,79.45,19,7.23
5706,28434,84911,38.72,13,32888,35.23,7,31.23
5810,48660,916440,72.87,99,667971,68.98,39,7.71
5859,3599,1450278,96.81,47,1404457,96.14,31,0.51
5863,27018,320202,81.43,44,260805,77.08,23,5.18
5864,13969,454496,68.21,106,310143,59.19,42,5.75
5871,113820,1711421,70.07,362,1199614,64.2,202,10.45
5871A,8191,150000,68.98,45,103502,60.84,26,5.05
5876,52557,4861603,87.33,822,4246851,81.77,375,1.57
5878,1802,25024,72.36,13,18111,54.25,6,11.61
5880,411768,15680937,73.91,1798,11592599,69.91,727,4.72
5901,5003,22907,77.87,2,17837,77.87,2,8.64
5902,2595,94500,85.47,16,80785,81.56,10,3.6
5903,17418,223220,91.42,26,204109,88.19,16,5.4
5904,31903,106444,68.89,46,73349,52.84,19,9.33
5905,45891,281623,47.72,46,134425,41.54,18,16.35
5906,976,35741,86.27,9,30838,82.48,7,1.9
5907,5565,195531,69.33,28,135597,64.91,13,6.68
6005,112834,2170908,72.17,272,1567182,68.75,152,8.24
6015,73317,403665,49.82,88,201192,42.21,38,12.19
6016,77420,686596,51.56,142,354120,44.61,61,10.86
6020,1930,252353,96.68,10,244005,96.03,8,0.85
6021,4189,312231,90.38,47,282261,86.46,27,1.58
6023,14412,319976,86.04,21,275380,83.73,9,4.67
6024,16950,249938,68.91,30,172290,64.78,11,10.87
6026,44014,396162,49.65,89,196768,41.03,36,10.86
6027,834,155720,95.61,10,148915,93.82,6,0.46
6028,1671,25000,64.46,12,16120,50.64,5,9.26
6035,2285,71440,93.92,20,67109,83.88,9,2.19
6101,3585,116589,87.04,39,101492,78.5,25,4.32
6103,3145,13605,91.11,5,12396,83.83,3,4.26
6104,56721,91129,19.75,18,18013,12.27,6,43.78
6107,5296,87438,40.93,17,35809,34.67,8,13.79
6108,60478,154494,52.64,44,81369,42.2,18,15.39
6109,34028,87825,50.35,33,44234,38.71,18,12.27
6110,2634,29375,18.41,7,5412,7.18,2,14.26
6111,45586,108511,44.48,24,48282,40.22,17,24.58
6112,34316,188357,58.62,13,110455,56.24,6,21.12
6113,8314,52549,53.16,8,27943,52.17,7,20.93
6114,5403,43912,73.88,9,32447,65.48,3,8.85
6115,14226,187662,61.37,30,115205,56.66,17,16.58
6116,381927,2858655,42.31,187,1210131,39.99,77,26.52
6117,14407,92587,53.84,14,49856,49.06,7,25.12
6118,9109,90890,57.05,16,51864,51.7,9,19.51
6120,59821,599000,60.69,75,363633,56.37,32,12.57
6121,18588,184971,67.97,84,125775,50.45,32,10.51
6122,35686,78092,31.65,20,24729,21.88,9,27.86
6123,10435,62089,43.16,20,26807,33.39,9,20.97
6124,9029,182480,93.72,18,171061,92.31,14,4.38
6125,91405,259011,36.58,37,94790,31.36,15,35.24
6126,71242,130118,36.52,24,47553,30.8,13,32.88
6127,75084,108080,21.92,17,23719,16.96,8,48.7
6128,7572,127589,59.39,26,75809,54.39,16,11.52
6129,75657,180944,17.32,15,31376,14.44,6,37.52
6130,29464,46300,61.82,14,28632,47.59,6,8.52
6131,5937,34793,41.17,9,14331,29.61,3,17.04
6132,4751,63800,35.48,25,22649,15.67,5,15.88
6133,23063,117006,47.26,21,55321,42.89,12,24.64
6134,17900,81882,54.17,17,44368,46.56,7,19.11
6135,7559,76189,38.43,12,29285,34.25,6,13.35
6136,45457,115536,45.11,33,52151,34.09,13,20.04
6137,11243,101363,38.74,29,39285,26.62,9,15.27
6138,30145,75636,46.18,24,34947,30.67,6,21.85
6139,43428,235576,68.14,77,160572,56.24,35,12.92
6140,9907,54898,46.46,17,25522,34.47,7,26.91
6141,15425,113354,53.29,41,60425,42.87,22,15.17
6142,49414,330779,58.94,54,195034,51.49,15,10.83
6143,55248,86059,29.43,19,25343,18.87,5,41.4
6144,1488,38274,89.55,3,34277,89.55,3,5.37
6146,20924,101867,55.95,31,57019,43.04,10,14.63
6147,159195,744594,65.65,141,488958,60.44,79,21.52
6148,27819,46604,37.05,9,17271,33.68,6,33.86
6149,3073,31880,39.03,7,12445,35.09,5,15.83
6150,40252,48346,17.39,8,8412,12.01,3,45.3
6151,19190,55257,36.71,19,20297,22.45,7,23.28
6152,41512,167738,24.19,31,40608,15.86,9,26.88
6153,80876,636178,48.18,99,306568,42.36,38,17.63
6154,10803,80080,63.27,21,50676,54.44,10,16.35
6155,15923,88024,55.04,23,48467,49.3,14,27.29
6156,38727,107875,39.18,22,42284,31.98,9,23.12
6158,36436,55698,42.43,15,23643,34.17,9,21.46
6160,45165,68489,38.49,16,26375,29.69,7,25.59
6161,23275,56237,39.38,5,22157,35.28,1,25.69
6162,3805,79768,51.98,24,41474,43.88,13,10.13
6163,47010,148839,44.63,35,66455,37.25,17,24.92
6164,46395,80000,25.84,21,20685,13.99,5,31.36
6165,41287,77753,48.99,26,38109,37.58,13,13.09
6166,11819,217779,77.29,57,168369,69.17,30,6.96
6167,29134,146000,43.01,32,62834,35.79,16,18.92
6168,35363,205762,46.64,23,96002,44.11,14,27.38
6169,40824,23395,30.74,4,7195,26.44,2,30.25
6170,33403,97260,56.4,20,54881,52.68,14,17.97
6171,2378,100000,87.64,23,87645,79.37,11,2.99
6172,1899,30000,91.42,9,27428,85.37,7,5.51
6173,54739,171200,65.26,28,111762,59.3,13,22.2
6174,9768,50000,63.09,14,31552,56.73,8,18.75
6175,21737,150122,64.5,28,96866,59.14,14,22.44
6176,72909,465027,48.55,143,225856,38.06,65,24.78
6177,21006,471891,75.48,127,356253,66.9,66,6.65
6179,49961,177325,41.8,49,74154,31.56,19,18.42
6180,57682,175494,50.65,32,88925,45.76,19,27.94
6181,3946,45630,11.94,6,5455,6.97,2,16.59
6182,193869,635112,42.43,120,269565,37.45,70,32.11
6183,37353,150000,77.43,32,116171,71.06,17,5.74
6184,7720,162128,72.4,30,117409,67.84,18,8.8
6185,46508,149868,52.62,47,78891,40.0,16,14.23
6186,57562,194908,52.43,35,102232,46.48,16,13.4
6187,61385,98263,51.49,47,50621,33.41,17,20.52
6188,69365,278359,42.42,39,118126,36.08,11,31.12
6189,64389,263919,34.0,68,89791,23.49,29,28.01
6190,61039,195376,36.65,43,71650,29.46,20,36.37
6191,83277,499303,58.04,54,289893,54.21,24,22.6
6192,8119,96156,57.7,39,55497,45.59,20,12.21
6193,8876,177808,61.36,38,109140,56.66,25,9.89
6194,4961,48000,55.1,18,26461,39.89,7,15.09
6195,11352,50193,53.24,7,26729,52.4,6,25.77
6196,30641,220330,72.48,47,159743,67.07,26,11.55
6197,49887,124567,45.39,24,56561,39.32,11,30.11
6198,6545,171400,94.22,8,161531,92.9,4,1.45
6199,1892,61760,83.44,22,51541,77.54,16,4.06
6201,5905,89200,69.11,21,61661,61.43,11,11.67
6202,58255,230388,41.21,47,94982,34.04,21,29.13
6203,10057,82401,59.2,16,48786,52.21,6,22.49
6204,22225,23102,29.71,3,6867,25.64,2,44.46
6205,13051,82236,45.4,25,37350,39.47,16,27.39
6206,16885,143062,51.98,42,74390,42.93,20,19.63
6207,69218,92534,20.57,20,19049,12.23,6,57.0
6208,13031,94462,63.32,42,59825,50.7,23,18.59
6209,59749,182009,40.7,46,74109,33.64,28,33.45
6210,3092,35048,54.11,16,18968,36.44,7,17.13
6212,983,102000,91.79,27,93646,86.12,18,1.01
6213,72051,363597,63.82,77,232132,56.7,39,19.53
6214,55994,272243,56.55,75,153999,45.29,28,20.94
6215,56250,82790,32.69,13,27084,26.4,6,41.55
6216,32372,97400,39.25,26,38246,29.92,10,24.39
6217,83763,117210,30.19,30,35413,20.62,13,45.14
6218,28602,64262,47.88,18,30789,37.47,7,27.59
6219,5853,124967,69.39,21,86720,66.57,14,7.31
6220,34574,146463,64.05,54,93848,53.59,28,9.93
6221,31508,168612,74.74,21,126059,72.39,14,6.97
6222,1855,95689,90.09,11,86223,84.51,3,2.12
6223,52520,97981,49.54,32,48561,37.96,13,10.14
6224,43589,85645,38.56,25,33046,25.79,9,26.59
6225,5563,27800,65.08,7,18097,55.2,2,7.26
6226,49890,115535,31.4,25,36295,24.86,12,32.67
6227,7580,76112,73.36,9,55842,68.98,2,13.7
6228,1895,26000,80.44,5,20917,75.5,3,8.28
6229,30551,40361,36.46,6,14721,32.8,4,25.28
6230,7535,86343,87.81,3,75819,87.81,3,7.15
6231,25481,45652,32.71,10,14940,26.03,5,33.42
6232,36911,451517,18.66,60,84359,13.34,18,18.32
6233,62020,81022,27.3,16,22133,17.73,5,35.55
6234,31729,100386,53.73,20,53955,49.62,13,24.09
6235,62083,199906,40.73,24,81468,36.4,9,29.41
6236,909,41654,92.69,4,38614,87.98,1,1.64
6237,72518,79645,19.12,11,15231,12.7,4,44.24
6239,174379,759147,66.98,182,508605,60.51,101,19.0
6240,1069,22867,82.79,9,18939,70.93,5,4.72
6241,29518,48700,46.37,9,22596,38.75,3,16.03
6242,3178,31806,63.7,7,20264,55.47,3,13.65
6243,58817,45269,24.56,9,11124,17.67,3,44.92
6244,95603,387042,33.64,69,130265,28.03,31,30.24
6245,20376,146608,44.7,24,65545,39.44,12,22.26
6246,32651,37851,62.99,7,23847,53.99,1,13.11
6248,32343,99956,48.89,24,48885,43.6,15,16.88
6249,207,2867,14.82,1,425,0,0,16.21
6250,1161,18249,70.88,2,12937,67.95,1,6.96
6253,453,5879,0,0,0,0,0,15.31
6254,518,30882,49.51,13,15294,36.43,6,3.4
6256,457,1843,0,0,0,0,0,52.65
6257,111536,483912,51.54,143,249489,42.27,70,22.61
6259,9733,28056,42.82,3,12017,41.09,2,23.77
6261,55587,128498,39.72,32,51065,30.0,12,31.25
6262,1344,20451,28.67,5,5866,16.81,1,16.1
6263,11772,62501,43.35,7,27100,40.96,4,27.48
6264,4203,136355,71.68,28,97762,67.31,18,5.6
6265,38933,118172,44.68,15,52833,40.09,6,27.4
6266,45819,153872,38.68,37,59536,30.97,18,19.52
6269,81736,323831,30.3,66,98163,22.72,25,32.61
6270,34404,72146,41.23,16,29763,36.56,10,30.09
6271,63682,209058,52.85,66,110526,43.21,34,27.19
6272,4969,81764,51.46,33,42093,36.21,14,12.64
6274,103558,299337,66.54,100,199209,54.97,47,15.89
6275,36783,80345,29.1,15,23399,23.41,7,35.44
6276,29703,22043,48.84,5,10767,48.84,5,27.41
6277,10325,119471,55.55,40,66389,43.52,17,17.54
6278,46128,292398,60.89,88,178096,50.4,42,22.26
6279,20757,119016,44.85,34,53390,36.5,19,24.39
6280,172,65492,99.95,1,65460,99.95,1,0.04
6281,10378,99173,55.82,37,55382,43.58,17,19.14
6282,165333,856101,43.3,111,370849,39.97,62,30.06
6283,15436,148981,62.79,20,93582,57.79,7,14.06
6284,54639,148980,48.18,18,71817,43.16,5,29.4
6285,94834,483664,63.53,111,307354,56.7,58,20.69
6287,4210,121451,94.0,7,114178,93.08,5,2.42
6289,10248,524,0,0,0,0,0,54.73
6290,60707,169652,38.95,48,66116,28.22,22,36.25
6291,9920,42000,64.04,6,26898,62.85,5,14.71
6292,7245,46601,46.64,8,21741,39.7,3,28.36
6294,12199,26047,37.18,4,9686,33.46,2,31.81
6295,350,1915,22.01,1,422,0,0,20.7
6299,123,25576,98.35,1,25154,98.35,1,0.71
6402,2016,58255,63.97,24,37276,48.87,10,4.06
6403,2577,15332,41.54,1,6369,41.54,1,13.4
6404,9034,24358,67.09,5,16343,63.48,4,9.82
6405,6877,65800,52.47,23,34533,36.71,8,18.6
6406,1073,35647,58.18,5,20744,53.35,2,8.78
6407,6222,75130,36.59,18,27504,28.07,8,19.44
6409,16915,88254,66.17,38,58416,51.39,17,10.2
6411,56398,99514,34.8,32,34652,21.93,11,28.99
6412,23797,400769,79.41,52,318327,75.09,25,9.58
6414,16209,153914,66.3,65,102072,49.23,22,11.0
6415,26643,389623,78.78,152,307006,65.7,67,4.91
6416,22737,73348,46.34,16,33997,35.93,4,19.81
6417,1510,42274,66.87,19,28275,52.12,10,4.85
6418,2468,34522,57.18,10,19747,52.41,7,13.38
6419,27588,13159,39.11,4,5148,32.17,2,29.26
6423,3479,31016,39.41,12,12231,21.95,4,17.05
6425,9437,51382,42.84,14,22021,34.09,7,30.75
6426,19378,38509,42.66,7,16436,34.93,3,28.55
6428,1263,17682,91.64,3,16205,89.36,2,3.62
6429,270,9348,37.74,5,3530,11.76,1,6.76
6431,17767,97399,69.98,19,68178,65.31,11,4.41
6432,36835,39736,33.97,13,13503,16.8,3,38.06
6434,9426,463602,84.82,20,393359,83.6,11,4.98
6435,9935,37461,55.87,7,20937,48.35,2,22.9
6437,403,32300,65.0,19,21003,40.87,7,3.09
6438,46788,82206,33.3,21,27389,24.15,10,35.77
6441,34872,53318,45.26,6,24138,41.86,2,24.07
6442,69070,81818,56.33,35,46108,35.82,10,21.49
6443,161947,512797,17.06,42,87551,14.02,15,47.7
6446,50559,381610,57.13,141,218073,44.16,60,9.81
6449,31109,91886,74.87,28,68811,64.2,12,11.79
6451,30486,114726,70.87,19,81335,63.55,6,18.5
6452,11648,100131,39.17,24,39244,30.45,9,23.79
6453,622,3516,0,0,0,0,0,38.12
6455,564,37095,68.47,16,25404,51.47,8,2.5
6456,38046,337940,48.11,45,162667,44.6,24,23.2
6458,2714,26789,65.25,6,17483,63.74,5,6.17
6461,27559,178352,63.13,31,112611,54.52,7,8.61
6462,47216,91251,30.85,19,28161,21.37,5,37.83
6464,2169,128782,85.29,41,109867,78.15,26,1.88
6465,2662,47074,68.5,6,32255,65.09,3,8.66
6467,4239,52409,36.41,17,19092,21.73,4,15.11
6468,162,12074,98.62,1,11909,98.62,1,0.94
6469,28943,150103,48.37,31,72627,41.53,14,24.64
6470,27099,37694,40.01,1,15083,40.01,1,32.29
6471,360,853,0,0,0,0,0,61.63
6472,32602,128006,55.51,33,71079,45.05,11,24.24
6473,9774,40000,69.24,23,27705,51.78,12,4.1
6474,1630,52526,67.52,29,35472,44.6,10,4.95
6475,930,34784,73.13,12,25443,56.66,1,4.69
6477,29714,123787,43.15,27,53431,36.05,12,28.66
6479,877,57300,86.32,9,49474,79.32,3,2.03
6481,107,27204,96.01,6,26122,91.6,4,0.8
6482,2027,28634,67.6,8,19358,65.78,7,11.26
6483,16787,66808,45.84,37,30641,18.76,7,5.66
6485,41160,47366,25.12,10,11909,19.1,5,33.33
6486,30204,50893,42.96,5,21868,40.34,3,28.6
6488,60939,478114,80.94,109,387068,72.81,52,6.27
6489,279,28470,62.98,18,17933,36.92,7,1.79
6490,425,38754,70.62,10,27375,64.16,6,2.75
6491,10731,78000,63.35,22,49423,53.81,10,13.3
6492,45791,89904,30.72,19,27632,26.43,12,23.89
6493,1063,30050,80.37,9,24152,80.37,9,6.24
6494,38395,31560,14.97,7,4730,5.22,1,35.95
6495,12155,172031,52.59,39,90506,43.12,13,7.57
6496,10264,47290,65.96,9,31199,62.53,7,19.6
6497,1559,189955,97.19,5,184632,96.46,2,1.69
6498,6597,47315,70.35,18,33300,56.41,8,10.33
6499,7911,96945,42.17,14,40901,36.04,4,14.98
6502,134,8719,90.96,1,7931,90.96,1,0.83
6503,77,12012,80.41,3,9660,80.41,3,1.52
6504,5185,72600,70.41,23,51129,64.34,15,12.32
6505,93537,9525960,95.59,179,9107737,95.14,107,1.71
6506,4375,82361,60.96,39,50232,45.44,17,8.77
6508,15446,86539,61.18,15,52950,59.67,13,22.57
6509,56867,197434,37.78,46,74604,29.1,22,28.18
6510,17462,32929,50.93,8,16776,40.76,3,11.2
6511,642,60000,72.03,24,43229,57.36,9,2.89
6512,6714,25260,36.06,10,9117,17.69,3,20.34
6515,40426,36445,49.39,15,18005,36.79,8,10.28
6516,3643,56337,53.65,15,30236,43.2,5,11.15
6517,22382,30579,21.2,5,6487,17.96,3,43.17
6518,529,33333,84.44,12,28151,74.1,7,2.42
6523,6155,45048,63.08,8,28418,61.69,7,20.24
6525,12372,129047,69.1,29,89202,57.09,5,12.09
6526,20942,167506,78.52,15,131546,76.23,9,9.17
6527,2200,25459,42.57,7,10840,28.09,1,9.83
6529,399,12699,71.81,7,9121,41.45,1,5.3
6530,34687,33750,17.41,6,5877,8.93,2,43.98
6531,44980,163169,65.16,62,106343,52.89,28,11.71
6532,30293,37445,34.36,15,12871,18.46,4,34.96
6533,32671,50651,22.76,9,11540,16.34,3,42.75
6534,1973,102800,82.98,34,85323,75.29,21,3.09
6535,10862,167841,64.59,37,108426,56.66,15,9.4
6536,1197,26324,74.24,9,19549,58.26,2,4.24
6538,38712,38359,36.77,18,14115,13.69,4,27.65
6539,1005,24349,85.23,10,20757,75.51,6,3.89
6540,131,220435,99.05,3,218375,98.57,1,0.11
6541,12148,265125,71.81,47,190436,65.23,17,7.11
6542,906,42001,84.7,14,35586,77.61,10,2.75
6543,12295,55855,66.71,26,37274,49.64,10,2.02
6545,1238,22080,44.15,7,9751,37.79,5,13.39
6546,12472,66848,40.34,13,26982,29.91,1,25.94
6547,50609,329460,35.43,62,116785,28.33,22,18.87
6548,31165,950465,87.65,97,833224,84.95,57,5.65
6549,25476,80122,29.57,25,23702,16.14,6,11.43
6550,25642,894793,77.01,79,689249,73.79,31,6.2
6551,1188,71785,83.69,11,60095,79.32,6,3.11
6552,7789,83000,58.38,7,48467,55.76,3,18.72
6555,4640,119230,69.49,17,82889,64.58,7,8.85
6556,1365,28750,78.62,12,22609,67.5,7,7.36
6558,47291,93789,40.77,9,38254,38.61,6,31.7
6559,1960,23189,52.92,11,12276,31.62,3,17.6
6560,3379,32475,39.32,6,12776,32.29,3,18.76
6561,7198,77958,73.09,12,56993,70.23,8,8.84
6562,11454,118190,52.76,9,62365,50.33,5,15.65
6563,1127,29743,30.51,11,9080,10.33,1,7.7
6564,3720,72134,64.49,11,46540,59.48,6,11.02
6565,1220,27144,41.35,10,11229,28.43,5,8.95
6566,663,32152,84.51,6,27176,79.36,3,3.43
6567,630,102850,88.54,30,91083,80.22,15,1.26
6568,24796,30800,40.47,7,12466,29.94,1,22.95
6569,3915,39071,66.61,7,26031,61.23,3,12.75
6570,8250,37119,43.39,14,16111,29.73,5,23.57
6572,4347,103650,69.16,16,71711,64.92,9,9.82
6573,6169,80499,64.13,15,51642,59.27,8,16.36
6574,3147,21990,78.4,7,17243,75.44,6,8.62
6575,6889,135270,54.36,18,73566,51.02,10,8.89
6576,30429,157579,66.88,37,105428,59.8,20,6.71
6577,3549,60060,74.85,8,44967,70.03,3,10.14
6578,18899,71942,63.08,20,45400,55.74,10,10.23
6579,7300,169451,85.68,19,145215,83.33,11,6.07
6580,3918,112120,58.11,42,65181,45.71,21,8.09
6581,2296,111271,90.19,18,100372,86.87,11,2.84
6582,9287,106174,74.26,12,78861,71.21,8,11.68
6583,320,15947,82.44,9,13150,53.46,2,2.81
6584,10054,71312,76.46,27,54540,64.14,12,9.69
6585,4238,72338,78.8,11,57016,72.58,5,8.96
6586,29474,214010,61.98,34,132678,55.65,12,8.22
6588,37779,34701,24.32,6,8447,18.13,3,32.52
6589,23549,307076,57.21,56,175729,49.84,21,14.44
6590,2263,24964,57.01,13,14237,30.04,3,13.16
6591,44511,41122,25.65,8,10557,20.08,4,31.96
6592,25128,623150,79.6,57,496157,76.16,25,7.24
6592A,3646,50000,85.41,15,42707,75.84,6,6.69
6592B,5208,50000,81.28,17,40648,67.19,8,7.02
6593,34331,31857,44.6,14,14216,29.8,6,29.38
6595,9050,49858,78.51,20,39150,62.04,6,1.42
6596,17051,38000,26.8,6,10190,22.73,3,41.45
6597,979,30042,80.64,7,24234,72.45,3,4.91
6598,37207,102819,52.36,36,53854,39.81,14,12.08
6599,288,21000,76.44,4,16057,71.03,2,1.89
6601,361,44695,86.87,5,38836,84.46,3,1.53
6602,404,1236,0,0,0,0,0,64.82
6603,25145,167443,50.82,54,85128,39.39,23,14.79
6604,869,43731,86.1,9,37659,79.79,4,3.28
6605,16665,165816,65.23,37,108187,58.35,20,13.01
6606,9825,110304,71.06,43,78401,59.0,23,6.94
6607,68,9346,81.0,5,7571,76.22,4,1.21
6608,313,60000,96.78,8,58073,93.72,6,0.98
6609,9844,72456,57.37,7,41575,55.31,4,21.63
6610,2970,205579,83.34,13,171377,81.03,6,3.27
6611,459,1467,91.68,1,1345,91.68,1,8.3
6612,2780,47515,63.81,20,30329,44.47,6,8.98
6613,9260,77801,60.59,8,47151,55.52,1,15.28
6614,4054,80661,74.42,6,60042,73.84,5,9.72
6615,5188,21593,51.5,12,11125,35.88,5,22.75
6616,1580,35478,62.65,11,22235,53.85,6,7.83
6617,7111,127506,67.57,27,86189,59.79,11,9.5
6618,37010,104816,31.23,30,32746,21.88,12,13.73
6620,19992,169982,59.69,44,101495,48.65,13,9.07
6621,32088,35501,36.75,10,13052,23.52,3,17.7
6622,949,35301,63.56,13,22445,52.95,8,4.49
6624,844,22579,76.5,8,17276,59.54,3,4.71
6625,10463,57972,49.57,15,28747,44.07,10,22.66
6626,424,8936,77.35,4,6913,59.56,1,5.62
6627,267,28352,77.55,16,21990,65.81,10,1.55
6629,946,38380,85.09,11,32662,79.92,7,3.01
6633,1367,11129,95.66,1,10646,95.66,1,3.98
6634,2212,71289,66.34,25,47305,51.39,9,6.1
6637,3300,26810,60.83,10,16314,53.8,7,19.12
6638,1144,30000,70.25,7,21081,56.74,1,6.81
6639,909,57645,72.89,18,42027,62.42,9,3.35
6640,14034,28912,65.67,3,18991,63.77,2,17.68
6641,2029,36500,59.33,15,21660,49.83,9,9.88
6642,3540,37400,56.11,10,20993,46.24,5,15.32
6643,22791,42090,36.34,6,15298,33.83,4,36.35
6645,6624,60864,43.63,24,26572,26.17,7,10.92
6648,9230,50000,64.71,21,32369,49.42,9,6.69
6649,18456,42000,52.38,18,22013,32.85,5,7.5
6650,491,31090,80.17,17,24926,61.87,8,2.29
6651,3658,34602,51.01,17,17651,32.57,5,14.1
6652,1689,137000,79.07,38,108355,69.5,16,2.81
6653,282,6000,95.45,1,5727,95.45,1,1.16
6654,3494,40963,78.22,11,32048,71.18,6,4.03
6655,968,80572,86.16,24,69441,76.47,12,1.22
6656,66,12228,90.33,4,11047,82.4,3,0.71
6657,15527,88808,35.23,26,31305,20.92,6,15.89
6658,11214,36370,41.02,11,14927,31.36,5,22.53
6659,1042,85883,81.9,22,70355,72.86,9,2.22
6661,1301,23304,65.88,6,15355,61.69,4,9.38
6662,4676,25612,47.62,10,12200,40.13,7,7.92
6664,16664,61151,55.72,24,34081,36.54,11,22.73
6665,1825,45350,65.84,8,29863,59.39,4,8.33
6666,2229,47388,78.84,9,37366,77.98,8,7.2
6667,13311,49279,50.32,10,24806,43.57,5,28.99
6668,14053,107116,53.36,12,57168,51.5,8,20.79
6669,102193,187318,62.59,43,117274,53.41,15,8.69
6670,6512,139387,78.52,67,109493,65.18,36,5.39
6671,1380,60750,75.0,36,45581,56.63,17,4.38
6672,53999,81723,33.83,26,27661,20.67,9,41.26
6673,3227,26660,30.57,4,8156,25.42,2,28.46
6674,1786,68551,84.74,9,58103,81.38,6,5.37
6676,4385,169679,62.33,44,105792,55.72,25,5.97
6677,1889,56039,64.02,13,35881,57.04,6,7.2
6679,6066,54975,58.07,19,31937,48.62,10,12.43
6680,940,23954,72.75,10,17433,64.51,7,4.71
6682,11103,147106,52.76,22,77652,47.35,10,14.64
6683,29499,27557,22.58,6,6226,11.24,1,27.96
6684,24135,44559,35.01,5,15604,31.51,2,35.04
6688,197,19000,73.88,12,14039,49.8,5,1.74
6689,10105,68000,48.11,24,32729,35.56,11,25.32
6690,5301,30000,59.88,3,17965,59.88,3,21.4
6691,14894,121487,69.47,45,84431,54.67,18,9.07
6692,2166,58844,71.44,16,42057,61.58,6,5.51
6693,5225,45720,47.42,16,21690,33.8,5,14.4
6695,17252,107000,50.97,20,54556,45.2,10,21.38
6696,11701,82920,41.86,29,34732,28.7,11,15.86
6697,2207,27323,66.79,6,18252,61.11,3,14.17
6698,35608,66390,39.15,15,26003,31.08,6,25.55
6699,762,48819,85.49,16,41744,75.24,9,1.78
6701,758,365682,97.98,3,358306,97.98,3,0.34
6702,11485,758660,79.7,98,604788,75.43,45,2.87
6703,23150,32984,51.5,13,16995,39.15,6,22.0
6704,3572,95949,39.6,32,38023,26.79,9,8.57
6705,630,18005,74.09,10,13344,54.99,4,5.08
6706,48103,78549,27.35,21,21493,16.92,7,37.39
6707,1519,59003,80.19,15,47326,71.38,7,4.94
6708,2333,29009,52.06,12,15108,42.81,7,13.08
6709,1979,59380,59.62,21,35418,45.72,6,7.19
6712,29053,101764,41.34,24,42080,32.17,9,20.14
6713,885,29477,60.25,15,17768,37.76,4,7.02
6715,4331,68274,80.55,23,55006,68.71,10,5.37
6716,3529,30242,35.6,12,10771,22.07,4,16.66
6717,427,24937,75.04,13,18714,56.28,6,3.44
6719,27632,105517,52.54,20,55452,44.28,5,26.78
6720,1365,30226,57.88,20,17501,28.85,6,6.13
6721,1636,24500,52.32,10,12822,37.5,3,9.38
6722,2611,88400,76.32,14,67478,74.09,11,5.7
6723,1142,30039,58.67,12,17631,42.18,4,7.06
6724,1841,7100,62.32,2,4425,62.32,2,16.12
6725,6382,37130,64.52,10,23965,58.66,7,17.78
6727,41314,26884,26.54,9,7140,9.68,1,30.36
6728,2918,30120,63.32,9,19075,59.01,7,13.33
6729,1539,27661,47.89,11,13251,31.18,4,9.67
6730,983,36298,73.99,20,26863,60.59,12,4.16
6731,186,54554,99.44,1,54249,99.44,1,0.44
6732,9633,48913,49.65,4,24289,46.31,1,26.97
6733,7377,134316,48.74,26,65495,40.25,7,11.75
6734,2169,40623,59.41,15,24140,46.08,5,9.75
6735,5400,46182,48.65,16,22475,35.59,6,17.69
6736,850,2596,93.39,1,2424,93.39,1,3.5
6737,1394,60050,80.65,23,48435,74.71,19,4.67
6738,580,36714,64.63,25,23737,41.66,11,2.66
6739,11235,23392,59.28,10,13868,48.11,5,19.67
6741,6861,120578,69.81,37,84203,58.77,17,9.39
6742,41579,71268,34.69,20,24738,25.92,9,27.95
6743,9244,150000,63.4,29,95125,57.08,14,11.8
6744,422,15400,64.26,6,9898,52.96,3,4.46
6748,6131,71218,36.4,20,25939,27.93,10,13.38
6750,1885,44707,58.0,21,25941,40.28,8,8.16
6751,2455,22200,62.5,3,13879,56.93,1,16.32
6752,3698,37144,47.59,19,17682,21.04,4,11.66
6753,16175,117300,62.46,28,73295,54.68,14,17.35
6754,2241,66000,83.12,9,54864,81.35,7,5.28
6755,1252,39823,53.64,16,21364,40.87,7,6.08
6756,8719,69990,61.65,8,43154,57.46,2,18.08
6757,137969,459530,75.63,28,347642,73.57,12,12.63
6758,237,13471,81.83,3,11025,74.89,1,2.78
6761,12340,34956,39.76,9,13905,26.98,2,27.99
6762,901,35172,77.88,18,27399,61.89,9,3.18
6763,18606,184039,61.46,21,113142,57.3,9,19.01
6764,280,38203,97.22,2,37142,97.22,2,0.78
6767,1464,39184,59.27,10,23232,51.86,4,7.37
6768,7136,200095,82.85,34,165840,78.91,21,6.15
6770,657874,4714393,49.26,503,2323299,45.42,201,23.59
6771,1844,31180,40.86,16,12745,18.13,4,11.71
6775,4421,109500,62.49,22,68449,57.06,13,7.69
6776,7823,91581,66.22,13,60664,61.35,6,15.95
6780,244,16470,83.75,12,13797,52.7,4,1.6
6781,31030,85419,69.56,7,59425,67.66,4,18.18
6782,7354,63000,47.21,21,29750,31.18,6,12.48
6784,928,19077,49.27,9,9403,30.23,3,9.23
6785,4469,66800,61.92,20,41381,54.83,12,9.23
6786,17358,30838,9.03,5,2789,0,0,28.14
6787,19654,81007,24.74,24,20060,9.63,4,20.37
6788,28702,38740,24.13,10,9358,14.22,3,41.03
6789,54720,318299,72.98,26,232364,69.09,6,14.18
6790,11159,267129,78.58,24,209984,75.34,10,7.88
6791,2015,20847,74.21,9,15477,56.02,3,11.54
6792,4077,47875,53.89,7,25808,48.08,3,15.67
6793,23563,75600,38.33,26,28993,22.4,6,11.93
6794,1144,63637,78.4,21,49904,66.35,10,2.98
6796,3076,40234,47.36,12,19062,35.45,4,12.32
6797,26617,30732,48.51,12,14914,29.99,4,18.67
6798,5933,19572,70.8,9,13861,55.49,4,2.12
6799,29615,43712,32.24,9,14102,21.04,2,30.4
6803,14676,72794,55.67,4,40529,54.28,2,24.7
6804,2390,47500,62.46,22,29679,47.15,11,8.07
6805,28991,68554,58.24,24,39938,45.23,10,14.28
6806,30981,274643,59.93,15,164626,58.14,5,17.69
6807,982,54000,83.41,17,45054,73.55,8,2.62
6808,2310,77840,52.14,20,40605,40.22,5,6.17
6810,25095,49448,36.07,15,17845,21.39,3,10.48
6811,5544,41449,64.22,3,26625,61.99,1,15.06
6812,6891,30603,40.94,11,12535,26.32,3,16.18
6813,633,23388,61.22,9,14323,48.86,5,6.95
6814,723,41874,82.61,14,34598,73.54,8,3.31
6815,8422,39706,67.21,21,26693,49.84,11,6.63
6816,438,12180,70.99,3,8648,61.98,1,5.34
6817,1116,18417,54.89,1,10110,54.89,1,10.39
6818,1456,25503,66.76,5,17028,59.93,2,10.67
6819,1409,33974,57.05,13,19390,45.72,7,7.7
6820,1591,22253,73.6,5,16380,73.6,5,8.3
6821,4276,35767,48.83,12,17475,38.85,7,20.94
6823,2511,30534,55.88,6,17069,51.82,4,12.56
6825,572,33651,73.37,11,24692,61.71,5,2.96
6826,7273,85540,75.18,18,64326,69.25,10,8.06
6827,1478,79330,62.6,26,49674,49.29,10,3.76
6829,11749,59169,67.49,5,39936,63.0,1,17.69
6830,24483,54604,34.4,21,18794,17.51,6,33.56
6831,9206,67500,61.29,30,41386,41.7,10,9.42
6832,3589,26411,84.52,2,22325,82.86,1,4.25
6833,889,49977,84.96,8,42471,79.9,4,3.29
6834,10207,88471,58.21,32,51516,44.81,13,17.15
6835,2187,66172,78.59,27,52017,68.66,15,6.11
6837,1001,32824,59.15,18,19423,41.11,9,6.89
6838,6903,150977,61.71,28,93189,55.34,11,9.47
6839,932,82020,80.22,29,65812,73.87,20,1.88
6840,2406,30767,53.65,12,16514,38.84,5,12.77
6841,12276,95223,47.31,28,45074,37.03,13,23.12
6842,2193,23130,40.33,8,9335,24.83,3,16.55
6843,1252,33304,76.67,16,25542,55.83,7,6.89
6844,3368,37428,64.93,11,24305,55.96,5,7.81
6846,1488,27066,66.77,7,18073,64.18,6,8.62
6847,629,14230,55.89,8,7956,19.67,2,7.53
6848,480,14273,52.95,8,7560,29.84,2,4.78
6849,6125,41918,51.22,12,21478,41.83,6,18.66
6850,930,33089,60.35,18,19977,41.05,8,4.46
6854,6266,117679,65.05,34,76574,53.73,13,9.5
6855,2008,23250,61.35,13,14268,41.79,6,5.74
6856,961,28200,83.27,8,23487,74.28,4,4.85
6857,418,15226,94.62,1,14408,94.62,1,2.11
6858,338,27220,89.89,9,24470,82.2,5,2.16
6859,2535,41589,64.56,15,26856,56.08,9,8.71
6861,12360,41599,53.26,3,22161,52.16,2,20.08
6862,6677,50000,69.72,7,34864,68.8,6,15.56
6863,4659,74888,75.49,10,56543,72.27,6,8.81
6864,4198,37875,36.73,19,13917,12.23,3,7.24
6865,1422,15841,50.49,7,8001,36.07,3,12.91
6867O,948,35000,87.48,8,30623,82.29,5,4.23
6868,496,25043,55.36,13,13868,31.27,3,3.14
6869,21448,137830,54.3,38,74876,44.44,18,21.89
6870,2324,23655,71.73,11,16972,57.88,5,6.69
6872,2521,70751,58.05,28,41085,43.48,11,7.44
6873,11788,142649,61.58,44,87886,52.46,22,13.04
6874,2799,22000,53.53,9,11779,39.58,4,18.22
6875,4805,129183,61.3,36,79210,52.59,18,7.4
6876,20233,71091,32.4,24,23050,17.24,7,7.63
6877,3434,46967,74.67,26,35080,57.22,14,8.66
6878,1056,72641,88.71,14,64453,84.38,9,2.73
6879,358,26459,89.17,8,23597,80.25,4,1.6
6881,918,15000,57.92,4,8691,49.96,2,5.17
6882,833,23199,58.91,14,13671,31.49,4,7.27
6883,702,76274,88.05,28,67173,80.63,18,1.89
6884,1340,18390,73.19,3,13462,69.39,2,8.71
6885,22180,133099,36.92,41,49182,22.46,10,14.08
6886,14429,31810,90.03,5,28642,84.94,3,1.81
6887,894,74176,91.86,20,68151,82.06,8,1.82
6890,7460,250296,92.77,20,232256,91.93,17,3.46
6891,6112,200642,77.17,30,154871,73.93,19,6.41
6892,2567,94015,57.89,43,54442,37.95,13,5.58
6894,2691,23800,61.05,11,14532,55.13,8,9.73
6895,3030,34100,61.26,9,20892,51.16,4,12.68
6898,1563,29016,59.2,10,17181,45.85,2,8.9
6899,2069,42398,80.09,19,33969,65.95,9,7.87
6901,23940,853600,83.19,48,710282,80.93,15,4.99
6902,6919,35533,71.1,15,25270,57.89,7,5.69
6903,8926,66676,70.45,19,46984,64.15,12,13.48
6904,604,18500,79.9,8,14783,64.36,2,3.12
6906,3405,33537,57.75,13,19374,47.65,7,16.23
6907,4826,62537,69.92,11,43734,64.04,4,10.03
6908,1189,37180,86.39,2,32122,86.39,2,4.68
6909,12920,67448,38.49,25,25972,21.5,8,23.21
6910,1625,30521,56.88,8,17365,49.38,4,10.09
6911,954,22000,60.04,10,13214,44.33,5,6.97
6912,2003,144000,77.0,28,110906,68.61,8,3.09
6913,4465,43849,54.08,16,23720,42.3,9,13.06
6914,4315,66226,71.75,17,47528,66.66,11,8.8
6915,1145,35300,88.45,11,31224,84.81,9,5.38
6916,2120,67500,78.96,18,53313,72.69,12,5.71
6917,2360,55272,44.9,23,24831,29.11,9,9.4
6918,2036,34571,50.1,18,17327,27.92,5,9.92
6919,61739,1557268,74.53,356,1161016,67.31,176,6.72
6920,12903,207219,64.44,38,133572,57.47,15,11.62
6921,915,32062,78.09,11,25039,75.24,9,5.29
6922,3654,27155,62.97,9,17102,56.75,6,15.38
6923,3572,91488,69.7,38,63793,54.95,17,6.52
6924,591,20624,80.24,5,16552,73.08,3,4.3
6925,3094,20000,60.37,9,12076,41.69,2,21.95
6926,700,49800,80.7,25,40194,60.92,9,2.6
6927,1337,38279,68.07,14,26065,52.88,5,7.05
6928,4408,86000,79.2,10,68125,76.07,6,9.41
6929,1577,45090,89.53,6,40375,86.91,4,4.93
6931,3286,66152,69.7,39,46120,49.95,18,7.46
6932,5167,432596,80.92,80,350182,75.16,38,2.84
6933,5705,42418,61.35,6,26028,61.35,6,18.71
6934,1724,36130,66.01,15,23854,55.26,10,7.7
6935,564,37410,84.94,15,31782,73.18,7,2.74
6936,3764,72804,76.02,20,55366,64.74,9,7.99
6937,8970,67655,63.0,24,42635,54.37,14,15.33
6938,685,12570,67.47,6,8482,54.14,3,6.38
6939,640,35399,64.33,12,22778,56.05,8,3.09
6940,9261,312180,53.89,111,168333,37.95,32,7.02
6944,13134,76688,52.13,35,39990,34.4,12,10.89
6945,5907,97234,62.74,26,61019,52.52,11,10.44
6946,1927,323800,93.86,33,303984,90.92,18,1.1
6947,3678,94333,73.31,27,69171,63.34,13,6.76
6949,1909,65580,73.98,29,48524,61.68,16,2.98
6951,4494,46000,66.21,4,30461,63.9,2,10.6
6952,2493,68345,86.68,18,59253,79.75,13,5.61
6953,3161,30015,63.56,6,19079,56.2,3,12.23
6955,501,24801,60.3,11,14955,49.64,6,2.41
6957,1947,55560,72.96,27,40547,55.63,12,4.48
6958,3465,401289,94.14,28,377846,92.75,20,1.38
6958A,1411,40000,83.86,7,33545,83.86,7,6.38
6959,4152,39167,40.78,12,15978,33.17,7,15.84
6961,3909,26834,44.32,6,11896,33.34,1,17.88
6962,32757,492397,53.17,80,261906,46.77,30,14.09
6963,205,15972,87.3,3,13945,84.7,2,1.36
6965,2429,156336,92.34,19,144382,90.86,15,2.5
6967,1287,24904,75.65,15,18844,47.92,4,8.24
6968,3519,49447,58.75,18,29059,44.18,7,10.22
6969,1220,43857,58.64,15,25732,47.37,7,5.26
6971,1611,38668,73.78,16,28538,61.37,8,8.22
6972,369,22935,83.82,9,19226,63.73,1,2.57
6973,846,40803,67.35,20,27490,41.37,4,3.9
6976,5998,583011,80.52,104,469596,74.51,46,2.49
6977,1778,14000,42.79,9,5992,15.91,2,14.07
6979,418,12000,59.53,4,7145,39.6,1,4.14
6980,2433,30000,77.66,6,23301,72.41,4,10.08
6982,2801,40752,65.01,15,26501,53.39,7,12.9
6983,3611,18020,44.17,9,7963,16.01,2,17.96
6984,343,19239,56.61,14,10895,27.7,4,2.52
6986,2059,52134,49.08,21,25598,34.09,8,7.06
6987,1223,224468,90.06,34,202208,85.96,20,1.15
6988,443,47600,78.32,20,37292,66.58,12,1.53
6990,2945,63291,90.11,18,57039,86.5,15,5.96
6994,6755,74162,48.06,22,35657,38.04,11,18.19
6995,3721,25331,44.06,12,11166,21.07,3,8.01
6996,2359,41998,59.6,4,25037,55.8,1,7.96
6997,753,22100,82.26,3,18181,77.74,2,4.94
6999,245,22015,77.52,16,17071,57.39,8,1.46
7402,20372,35281,38.53,12,13596,26.96,4,29.64
7415,2076,26498,61.87,14,16400,36.97,4,5.34
7418,263,27554,96.13,6,26489,85.31,1,0.53
7419,4888,40000,49.55,15,19825,39.16,9,20.34
7421,537,525,0,0,0,0,0,53.65
7427,4953,54026,31.93,20,17262,19.64,8,18.64
7443,360,22000,82.45,12,18142,69.59,7,2.39
7452,114,4000,87.89,1,3516,87.89,1,3.42
7455,254,25500,82.61,8,21070,73.71,4,1.46
7507,1135,102100,78.24,31,79893,70.25,18,2.25
7516,24093,19309,36.66,7,7082,14.81,1,23.48
7530,3568,46500,55.18,15,25669,45.7,8,16.41
7547,2097,33956,73.12,10,24834,66.13,7,10.32
7551,453,12100,56.72,5,6864,42.93,2,6.36
7555,418,28325,87.67,5,24834,86.14,4,1.91
7556,2620,27718,64.61,10,17914,54.78,5,10.23
7558,822,18621,52.8,12,9835,22.96,3,8.79
7561,738,30085,60.63,7,18244,55.15,4,3.07
7562,262,22602,78.85,11,17824,63.54,5,1.66
7566,7947,139773,62.32,43,87129,51.85,19,5.05
7575,632,30000,55.03,20,16518,26.04,6,3.67
7578,1771,60073,64.5,28,38761,44.4,9,5.7
7583,447,24575,88.83,13,21834,73.03,7,2.48
7584,970,16463,71.21,7,11727,53.0,2,8.96
7590,2655,122379,82.61,32,101122,78.26,23,4.82
7595,838,50465,71.19,26,35934,45.91,8,3.58
7607,677,35553,71.15,13,25302,61.38,6,2.33
7610,15190,48585,49.28,17,23949,38.01,7,20.79
7631,1342,20142,75.01,11,15111,54.32,4,8.65
7642,2159,30150,80.03,9,24131,78.35,8,10.19
7669,3731,22000,32.62,12,7180,4.94,1,13.37
7689,5791,53164,91.81,8,48814,88.39,5,3.22
7702,360,66000,92.51,10,61069,86.38,4,0.84
7703,4455,34745,57.75,8,20076,46.66,2,16.13
7704,1742,33770,59.37,13,20056,43.12,4,8.53
7705,13056,66067,68.85,10,45499,61.81,3,11.49
7706,238,10000,91.29,1,9129,91.29,1,3.47
7707,3388,45700,45.73,10,20905,40.0,6,10.88
7708,3013,25500,63.59,2,16218,61.96,1,12.27
7709,2446,39103,79.45,8,31072,77.41,7,8.9
7710,222,63906,99.26,3,63438,99.26,3,0.18
7711,9986,71700,61.81,12,44328,54.67,5,15.28
7712,4382,32562,52.24,14,17015,35.55,5,16.19
7713,790,45479,84.64,14,38501,78.17,9,2.56
7714,2591,21000,68.58,9,14405,47.95,2,13.97
7715,2191,32756,57.55,13,18860,39.76,4,12.59
7716,560,22500,82.74,9,18622,65.93,3,4.35
7717,9267,24832,55.69,11,13835,35.38,4,21.74
7718,1036,46356,78.58,18,36437,67.92,10,3.27
7719,15890,36000,20.89,7,7527,11.27,2,28.31
7721,3701,55370,60.69,17,33612,52.04,10,11.8
7722,20293,68000,84.99,4,57796,83.93,3,9.54
7723,4325,49620,56.49,19,28042,48.42,13,13.94
7724,282,35381,84.24,12,29813,68.11,4,1.43
7725,291,48327,83.73,10,40471,79.14,6,0.85
7726,185,20304,87.16,6,17701,80.29,4,1.28
7728,3361,13854,57.12,4,7916,47.18,2,14.53
7729,16761,80682,56.95,31,45967,44.15,16,7.96
7730,1155,36797,70.07,16,25788,60.9,10,4.88
7731,9316,521981,72.36,93,377789,67.49,52,4.76
7732,894,64680,88.8,20,57450,81.92,13,2.06
7734,11082,28000,74.7,12,20921,67.13,9,8.34
7735,2482,43331,94.31,6,40872,88.44,3,2.47
7736,1623,76000,83.94,22,63814,76.73,13,3.7
7737,366,29759,78.32,13,23313,60.14,5,1.69
7738,1631,27356,57.82,17,15823,32.18,6,7.21
7740,2514,53200,65.32,21,34758,54.63,11,8.39
7742,7734,66501,69.05,5,45933,65.06,1,16.24
7743,954,36483,74.73,23,27273,57.39,13,4.38
7744,2830,32077,77.29,15,24796,58.61,7,7.72
7745,529,17950,71.19,7,12783,56.72,3,7.4
7747,920,27426,77.84,4,21352,70.7,2,2.65
7748,206,14500,70.44,8,10216,58.43,5,2.21
7749,8022,46486,50.59,22,23525,29.01,5,16.48
7750,10633,71843,77.56,37,55737,61.59,16,5.15
7751,11363,26889,47.15,11,12684,36.95,6,14.63
7752,2261,200000,86.13,35,172318,81.69,20,2.3
7753,2403,25000,74.15,4,18541,65.34,1,7.82
7754,1687,101142,71.5,40,72341,59.3,17,3.03
7756,267,21283,70.86,8,15084,59.42,4,1.38
7757,2676,24100,57.9,9,13958,43.47,4,13.52
7758,368,16100,83.34,3,13418,80.13,2,2.69
7759,1013,70068,81.38,17,57038,73.91,10,2.7
7760,1586,66048,62.94,31,41579,47.05,12,3.4
7761,1432,28900,51.48,11,14883,33.99,4,10.23
7762,1417,57233,55.34,26,31682,39.53,10,4.43
7763,3119,60014,81.43,16,48879,76.51,10,6.65
7764,783,60000,81.05,25,48643,68.81,15,2.77
7765,5357,40681,60.76,3,24720,59.65,2,13.24
7767,1032,30100,72.04,17,21689,54.77,9,6.21
7768,6538,70065,64.45,22,45178,55.2,13,10.74
7769,58219,179930,67.26,48,121061,57.34,17,5.43
7770,1087,30062,74.47,14,22392,62.44,7,5.39
7771,488,20013,82.19,3,16450,75.71,1,3.28
7772,5524,26499,56.09,5,14864,52.82,3,23.24
7773,990,39911,56.78,15,22671,43.08,8,5.61
7776,1089,49102,74.96,15,36817,63.72,6,4.66
7777,13597,182500,69.48,30,126845,62.98,13,15.44
7779,380,16105,66.3,7,10679,56.73,4,2.18
7780,44175,810024,75.58,46,612368,73.57,20,10.54
7781,17258,599681,74.13,59,444649,71.75,36,6.87
7782,1129,23213,75.87,9,17613,65.8,6,7.29
7783,1246,62445,91.17,15,56938,89.58,13,2.23
7784,1345,187601,88.73,46,166488,84.19,31,1.76
7785,201,33339,85.59,13,28539,72.06,5,0.93
7786,6529,175954,82.13,34,144555,76.18,17,6.2
7788,7954,79746,69.47,33,55422,57.12,15,9.83
7789,175,21184,71.38,14,15126,42.6,4,0.99
7790,400,17700,70.24,15,12435,32.02,3,3.14
7791,4664,80000,80.21,16,64176,70.07,5,7.74
7792,4388,46662,70.97,15,33129,62.17,8,10.58
7794,1280,28000,81.49,7,22820,71.58,2,7.64
7795,16059,78828,76.81,17,60560,64.62,3,8.16
7796,2319,22963,59.46,5,13658,46.86,1,16.35
7797,712,22245,78.89,11,17555,62.26,5,5.45
7798,689,308692,94.51,48,291815,89.41,24,0.43
7799,12448,158270,79.14,34,125292,71.43,14,7.8
7801,1315,18300,70.43,3,12891,67.37,2,10.22
7803,2164,94413,78.73,30,74349,70.37,17,5.08
7805,4097,33125,70.55,8,23373,65.32,5,9.99
7806,321,27860,74.67,14,20806,58.33,7,1.75
7808,1052,70000,77.96,3,54583,76.94,2,2.93
7810,3452,20250,46.8,6,9480,36.34,3,20.06
7811,1327,33377,71.79,6,23971,65.17,2,6.4
7812,2726,60419,61.38,18,37092,53.92,11,8.13
7813,1726,19196,42.76,8,8212,27.44,3,14.39
7814,1900,45000,77.57,9,34917,71.66,5,6.27
7815,4179,32976,60.85,7,20071,50.32,2,12.22
7816,1093,29278,78.9,6,23105,71.26,2,6.43
7818,4158,167946,89.82,12,150864,88.66,8,4.06
7819,2711,25264,59.12,2,14936,55.4,1,18.24
7820,2079,37768,76.18,12,28777,65.32,6,7.27
7821,10068,121913,80.95,20,98723,75.14,10,7.3
7822,17220,45561,68.19,9,31080,63.73,6,17.85
7823,940,33491,73.13,15,24495,58.6,8,4.23
7824,377,31337,79.74,18,24993,67.06,12,1.59
7825,2283,23114,47.73,10,11037,27.49,3,16.17
7826,132,12000,84.38,9,10127,60.74,4,1.51
7827,2867,139972,77.23,30,108135,70.34,15,3.75
7828,15096,40494,64.45,18,26102,53.84,10,14.77
7829,1067,99388,83.12,43,82629,71.2,24,2.05
7831,73,13401,77.47,9,10385,55.97,4,0.16
7832,2116,580000,92.94,101,539200,87.57,57,0.88
7833,545,43011,74.51,21,32054,57.49,9,2.03
7834,290,16478,74.62,7,12298,60.54,3,3.43
7836,569,51250,72.04,20,36930,63.44,13,1.33
7837,317,22800,75.06,4,17119,67.76,2,2.35
7839,567,15096,75.46,8,11393,55.95,3,4.43
7840,226,34000,89.6,13,30469,76.24,7,1.12
7841,357,24200,77.77,10,18823,66.49,6,2.32
7842,1728,18250,64.66,2,11804,62.3,1,13.19
7843,1092,33440,67.65,9,22627,61.47,6,5.47
7846,424,34412,85.45,9,29408,75.12,3,2.06
7847,551,29000,63.07,14,18296,43.49,5,3.54
7848,1187,29800,67.2,12,20031,51.52,4,4.33
7849,181,11892,95.78,1,11391,95.78,1,1.09
7850,1474,97659,71.38,40,69724,55.46,18,3.33
7851,518,67691,83.8,21,56737,74.43,9,1.44
7853,15685,47555,25.97,12,12353,17.95,4,34.84
7854,891,40300,89.47,16,36064,79.77,11,3.1
7855,313,192528,99.35,3,191295,99.35,3,0.16
7856,6023,27177,66.41,11,18053,61.1,9,10.47
7857,558,53488,83.65,13,44755,76.06,7,1.52
7858,4101,22237,45.7,9,10167,30.41,2,14.74
7860,155,32000,94.53,11,30253,89.27,9,0.5
7861,3835,64600,77.36,23,49994,66.9,12,4.59
7862,618,40000,87.69,4,35078,84.22,2,1.54
7863,113,30000,98.53,5,29564,96.02,4,0.33
7865,726,18424,73.08,10,13468,47.79,4,7.36
7866,4868,43171,61.82,16,26691,48.47,7,9.63
7867,642,96000,95.52,25,91719,85.56,9,0.76
7868,1052,22240,60.1,11,13374,40.66,4,8.4
7869,423,27241,88.88,4,24216,86.5,3,0.93
7870,2445,18400,78.4,13,14428,49.01,3,1.28
7871,4230,134278,63.25,31,84961,57.55,18,6.47
7872,1281,30000,65.09,3,19530,61.32,1,7.4
7873,2504,149884,86.25,36,129319,76.98,15,2.23
7875,344,20000,96.46,1,19292,96.46,1,1.58
7876,1073,107292,86.01,29,92304,77.34,16,2.06
7877,382,38857,73.74,11,28657,61.47,2,1.78
7878,2902,53537,46.83,19,25085,31.36,5,7.32
7879,3397,40000,62.11,17,24853,45.8,8,11.8
7880,1479,26500,70.23,17,18617,38.23,5,7.8
7881,383,27000,84.45,4,22804,82.58,3,2.45
7882,2124,205282,83.64,47,171735,77.9,30,2.28
7883,1969,60976,71.3,23,43486,59.51,11,2.27
7885,466,29200,76.63,16,22381,57.43,6,3.07
7886,1598,24978,65.77,14,16433,43.6,5,8.31
7887,14186,81720,43.1,34,35237,27.51,13,19.76
7888,544,75235,80.78,40,60790,62.17,18,1.03
7889,177,20781,83.94,16,17448,45.73,4,0.76
7890,425,20800,86.06,12,17905,65.96,6,2.76
7891,187,19430,56.31,7,10944,53.46,6,1.33
7892,5659,46898,75.32,14,35337,63.51,6,7.3
7893,1420,40799,86.37,5,35248,80.01,1,4.04
7894,836,24000,64.31,9,15440,47.27,1,4.0
7895,12961,38790,74.1,7,28753,65.6,1,2.63
7896,593,27900,90.95,6,25381,83.02,2,1.89
7897,202,133617,98.33,2,131396,98.33,2,0.19
7898,3253,30039,69.34,5,20832,64.16,2,6.19
7899,8360,24292,43.03,11,10458,23.98,4,23.92
7901,2259,60000,84.63,13,50781,75.46,4,3.37
7902,1581,200605,90.17,45,180927,85.74,31,1.72
7904,99,15000,92.36,3,13855,89.32,2,1.1
7907,1892,39393,74.44,14,29332,67.2,9,2.08
7909,4871,70593,83.78,15,59154,76.12,7,4.54
7911,1620,40000,66.98,12,26798,50.31,2,5.78
7912,2453,22190,79.33,10,17606,72.33,7,5.06
7913,1212,45139,90.43,7,40826,86.43,4,2.1
7915,1773,40100,86.18,19,34564,70.82,10,1.87
7918,15291,43100,79.39,5,34218,77.07,3,8.33
7919,589,12700,50.06,4,6358,42.07,2,6.84
7920,3340,593987,90.02,177,534817,81.17,94,1.33
7921,856,40807,83.32,11,34003,75.26,5,2.82
7922,522,66175,95.42,18,63152,93.94,17,0.78
7924,1180,133561,83.87,45,112049,76.33,28,1.45
7926,1030,15002,73.49,4,11027,59.45,1,4.95
7927,478,44700,71.0,28,31742,42.61,6,1.0
7928,2276,41530,74.44,19,30929,59.12,8,3.56
7929,888,21500,83.0,12,17846,62.59,4,3.0
7930,678,33754,67.23,11,22696,58.88,6,2.62
7931,174,24641,96.69,5,23828,84.9,1,0.41
7935,56,37000,91.04,10,33688,79.25,4,0.14
8002,250,1908,0,0,0,0,0,28.25
8009,627,4375,0,0,0,0,0,21.49
8010,385,6666,46.01,4,3068,20.25,1,9.66
8011,61080,165922,30.62,25,50849,24.75,10,30.34
8012,478,3800,93.02,1,3535,93.02,1,4.85
8014,591,8827,37.88,2,3344,37.88,2,10.86
8015,111,3000,29.54,2,886,0,0,12.06
8016,36437,120137,45.97,55,55239,28.42,19,20.59
8018,75,3449,21.62,1,746,0,0,3.98
8019,98,33891,93.81,3,31801,90.33,1,0.8
8020,109,8263,59.32,4,4902,32.36,1,2.37
8021,81357,147088,47.46,46,69830,37.93,23,29.34
8022,57,3000,70.18,1,2106,70.18,1,3.26
8024,22643,45160,28.59,11,12919,18.86,4,25.9
8026,61,97,0,0,0,0,0,73.87
8027,66942,112878,27.29,32,30833,16.54,12,38.89
8028,60922,184207,55.83,69,102866,42.89,31,20.71
8029,655,78017,75.2,25,58688,62.69,8,1.45
8031,121,4498,25.57,1,1151,25.57,1,4.73
8032,22945,51810,76.01,9,39385,74.26,7,12.83
8033,67254,164630,39.19,40,64547,30.81,19,30.46
8034,22078,56586,17.97,11,10181,8.72,3,32.98
8035,214,6812,43.5,4,2965,17.63,1,5.68
8036,534,7662,20.61,1,1580,20.61,1,10.95
8038,40372,62278,20.22,9,12614,15.0,4,37.2
8039,60215,263804,68.01,70,179452,60.12,38,12.99
8040,31452,96414,51.12,14,49305,44.6,3,20.76
8042,41264,132105,67.15,45,88738,57.65,25,19.91
8043,37798,79907,41.01,14,32780,38.15,10,44.72
8044,27712,204768,61.45,33,125863,54.78,12,14.36
8045,4202,95042,66.87,36,63569,55.62,19,8.18
8046,82566,646165,85.68,94,553709,81.15,46,5.68
8047,1334,41666,80.74,14,33645,71.65,9,3.68
8048,34732,57706,40.83,19,23571,28.04,7,23.91
8049,39307,118280,33.02,23,39073,27.15,11,29.07
8050,56362,205205,42.54,34,87353,36.53,16,26.29
8053,3692,411818,85.44,75,351941,80.37,41,1.93
8054,52560,106233,36.58,18,38877,29.88,5,34.87
8056,11811,389990,60.57,80,236316,53.9,35,5.95
8057,84,6344,67.07,3,4256,67.07,3,2.43
8058,2508,68800,69.69,27,47965,52.29,10,6.23
8059,14105,194080,72.94,16,141604,69.35,5,8.51
8060,273,6084,49.67,2,3023,34.06,1,11.29
8064,83959,184818,43.62,38,80646,36.62,17,33.82
8065,930,4500,37.58,3,1692,0,0,18.21
8066,38130,36642,38.74,13,14203,21.76,4,33.15
8067,7006,20700,81.35,9,16844,56.73,3,6.43
8068,8471,80766,61.99,16,50085,58.01,11,16.1
8069,97393,1154678,76.89,312,888011,68.42,155,7.93
8070,38474,725648,73.78,100,535542,70.15,60,11.15
8071,35526,60084,31.94,12,19206,22.86,3,33.79
8072,13066,80000,59.93,9,47958,57.87,7,20.95
8074,46485,86974,38.63,23,33621,29.37,9,31.91
8076,89018,292214,34.42,62,100615,25.25,22,21.63
8077,1075,21946,82.25,4,18053,76.98,2,2.84
8080,14459,67164,84.11,4,56503,82.53,2,6.14
8081,21068,86172,38.75,25,33405,25.2,5,23.67
8082,4216,106609,71.69,22,76456,62.88,8,4.37
8083,2678,35133,55.63,12,19549,43.84,4,9.47
8084,2939,69514,63.79,20,44357,53.04,8,7.54
8085,36140,139983,41.01,26,57446,31.67,5,18.2
8086,70341,196516,53.06,38,104313,47.24,17,25.26
8087,9869,38669,57.66,21,22304,43.9,11,10.16
8088,54459,60922,19.91,6,12141,18.03,4,52.83
8089,27266,65999,41.11,7,27140,37.87,3,22.79
8091,18563,56428,48.75,25,27518,32.26,10,20.19
8092,20206,57172,60.41,24,34552,41.1,7,11.06
8093,3244,56568,67.55,7,38213,64.0,4,8.21
8094,337,18527,43.02,10,7975,11.96,2,2.77
8095,124,7932,51.28,6,4068,18.09,1,3.8
8096,81504,149343,52.52,34,78464,46.1,20,24.74
8097,13431,63802,73.21,22,46720,60.51,9,6.75
8098,1424,12653,57.66,8,7297,33.15,3,11.04
8099,29374,100073,81.85,19,81926,74.59,8,5.94
8101,18464,52166,82.29,4,42937,80.45,2,8.08
8102,1146,23358,39.62,10,9258,25.15,4,6.97
8103,19269,78437,43.11,28,33825,29.17,9,25.51
8104,46323,104058,34.38,9,35805,30.38,2,33.94
8105,40199,441545,61.37,32,271076,58.61,12,17.5
8106,68,3943,60.82,3,2398,27.88,1,2.19
8107,31883,75000,53.79,19,40361,45.64,10,17.18
8109,6851,82161,54.08,35,44449,34.87,11,12.69
8110,80772,517740,51.48,45,266624,48.47,17,29.42
8111,56426,109102,35.98,27,39270,25.31,8,28.2
8112,118332,525293,35.05,75,184229,31.04,40,33.86
8112A,7126,30000,52.2,13,15664,36.01,7,18.02
8114,11130,76583,47.63,32,36493,33.75,14,17.74
8115,842,70000,86.41,25,60502,78.23,16,2.47
8119,33043,63662,46.31,26,29489,27.15,8,10.86
8121,31072,212994,61.82,40,131718,55.33,16,14.34
8122,1616,402371,93.1,13,374717,92.23,7,0.77
8127,243,5561,7.67,1,427,0,0,7.57
8130,297,47620,70.92,21,33778,59.07,11,0.81
8131,30845,442222,74.41,30,329130,72.03,13,12.63
8147,5084,41817,48.74,16,20388,30.41,5,15.46
8150,108542,704523,75.73,147,533618,69.54,79,14.1
8155,15901,62415,47.78,17,29837,35.85,6,26.31
8157,662,26839,78.64,2,21107,78.64,2,4.87
8162,2785,68702,74.24,26,51028,61.89,13,7.23
8163,75064,280000,46.52,46,130309,40.99,19,24.67
8171,44832,112853,61.04,27,68905,51.69,11,12.97
8172,263,1603,0,0,0,0,0,36.72
8176,37537,71701,32.49,18,23309,21.73,6,23.66
8182,11772,107041,67.04,12,71776,64.93,8,19.22
8183,42256,121251,46.57,13,56496,43.37,7,22.26
8197,637,61748,84.91,4,52437,83.38,2,2.19
8201,12218,62366,57.84,16,36082,45.88,4,17.41
8210,31808,125319,70.61,29,88513,62.51,13,13.78
8213,68298,271242,50.44,80,136846,40.78,37,16.99
8215,68148,320675,53.22,30,170731,50.04,12,20.7
8218,105,1593,0,0,0,0,0,9.2
8222,39740,68574,38.67,16,26522,33.01,8,33.02
8225,380,22380,79.65,4,17828,73.02,2,3.89
8227,30460,39543,27.86,8,11026,18.22,3,42.97
8234,17047,141226,54.37,36,76813,46.7,18,21.35
8240,37446,100004,53.71,21,53739,47.02,10,21.14
8249,36149,137824,57.63,18,79454,53.54,9,24.14
8255,26750,101949,51.9,17,52940,47.61,9,23.47
8261,74111,118878,52.17,21,62040,44.4,9,33.31
8264,497,2583,0,0,0,0,0,34.52
8271,64224,129614,42.11,24,54601,36.45,11,32.14
8272,1643,18998,38.05,6,7232,25.15,2,11.5
8276,126,3537,47.96,2,1697,33.56,1,10.23
8277,44199,91629,19.73,12,18093,13.48,2,30.6
8279,1980,27101,62.22,6,16870,52.51,2,10.04
8281,415,29267,44.49,8,13025,34.88,3,2.37
8284,2436,47342,62.87,19,29774,44.64,7,7.6
8286,157,441,0,0,0,0,0,76.5
8287,11822,24267,70.24,1,17046,70.24,1,20.81
8289,31251,68334,42.31,15,28928,33.62,5,27.95
8291,1867,17478,71.9,3,12567,71.9,3,12.79
8297,174,15000,92.95,1,13943,92.95,1,1.78
8298,404,25632,81.25,2,20828,81.25,2,2.37
8299,187738,221182,44.14,67,97659,34.96,32,29.61
8325,205,1526,0,0,0,0,0,33.53
8329,3194,280578,90.79,36,254800,87.18,22,2.83
8341,19017,130000,49.0,16,63713,46.5,11,24.35
8342,1085,33537,72.94,10,24464,65.65,6,4.55
8345,771,52000,82.22,13,42762,71.53,5,2.56
8349,7729,208821,71.05,37,148424,66.91,23,6.63
8349A,1278,10000,10.25,2,1025,0,0,19.89
8351,1051,50000,80.5,9,40256,70.91,2,3.54
8354,13612,78532,64.65,31,50790,48.05,10,11.72
8358,126317,252588,52.32,58,132190,46.39,35,30.09
8359,5917,136500,83.39,26,113850,79.54,18,4.56
8367,3537,92172,70.64,33,65128,61.38,18,7.06
8374,13516,112250,71.68,11,80474,68.57,6,17.82
8375,114,7356,77.08,6,5671,40.34,2,1.96
8380,882,7123,19.38,2,1381,0,0,31.96
8382,10359,292597,65.98,81,193087,56.89,42,6.41
8383,56447,113760,54.71,30,62264,48.17,18,22.15
8390,30855,96116,49.39,22,47487,44.7,14,15.81
8401,12002,70669,62.88,22,44447,54.38,13,9.66
8403,36776,137640,38.52,23,53043,32.25,9,20.11
8404,16042,419934,78.85,69,331193,73.1,29,4.38
8409,25816,32000,48.54,9,15538,38.58,4,14.59
8410,2055,36589,59.03,12,21605,51.12,7,10.85
8411,11018,218404,81.68,32,178430,79.08,24,5.68
8415,9419,1031500,92.72,132,956663,89.46,78,1.92
8416,2066,28211,77.11,7,21756,77.11,7,9.04
8419,1377,30000,53.22,11,15971,40.55,4,14.2
8421,6534,54817,64.13,16,35159,59.56,12,14.42
8422,155077,1358973,36.9,127,501773,33.58,53,27.25
8423,6361,41714,63.04,13,26302,54.88,8,13.12
8424,3034,36054,60.56,7,21843,50.7,2,15.72
8426,2759,50242,73.53,5,36951,70.26,3,9.36
8429,45297,185747,41.85,26,77773,37.97,13,18.03
8431,44852,48778,23.54,10,11496,15.37,4,33.8
8432,3129,38398,61.57,4,23654,56.47,1,12.6
8433,3179,54506,67.51,17,36808,60.42,10,9.91
8435,22398,35200,41.13,13,14486,20.64,2,29.15
8436,43257,117729,38.75,35,45651,29.18,15,26.26
8437,32170,47014,41.72,19,19620,28.03,7,16.45
8438,2584,69943,82.89,23,57990,70.97,12,5.15
8440,55656,50255,32.59,7,16384,29.05,4,37.12
8442,2043,70170,71.45,24,50152,61.4,13,5.49
8443,46682,66800,69.31,24,46317,59.39,14,16.14
8444,1706,125105,85.95,33,107554,77.61,15,2.15
8446,7718,52914,50.16,14,26549,42.83,7,23.9
8450,10349,51310,58.33,14,29933,56.66,13,23.1
8454,38686,264975,81.1,17,214928,79.79,11,10.56
8455,752,25219,89.9,3,22675,87.77,2,4.66
8458,559,35850,72.45,24,25981,48.85,11,2.53
8462,6435,80387,65.23,21,52451,57.5,11,10.96
8463,3590,150000,82.11,28,123172,76.69,15,4.62
8464,4230,293020,86.96,91,254891,77.83,47,1.27
8465,232,8100,58.22,4,4717,41.56,2,3.39
8466,2204,79826,77.42,28,61815,67.3,13,4.96
8467,1658,48374,82.01,21,39679,73.88,14,4.36
8472,1043,17736,63.04,3,11182,55.75,1,5.53
8473,15030,182512,69.29,20,126492,65.59,10,12.19
8476,6742,166226,71.75,53,119297,62.04,26,7.63
8477,11042,64171,78.19,5,50182,75.87,3,7.17
8478,10947,93972,77.03,15,72391,75.66,12,12.91
8479,375,20055,62.09,7,12455,41.51,1,2.41
8481,2539,66602,66.44,24,44263,53.62,10,7.01
8482,1045,107444,95.18,18,102290,90.26,11,1.16
8485,61,1568,96.18,2,1508,0,0,2.98
8487,19470,26535,55.76,9,14800,45.91,5,11.97
8488,878,73500,87.1,18,64031,80.3,10,2.04
8489,29893,59949,57.05,14,34209,46.08,5,14.66
8490,1100,23760,45.34,12,10776,29.07,4,8.22
8491,1306,7292,9.23,1,674,0,0,22.3
8492,250,33300,92.97,12,30963,88.34,10,1.47
8495,891,127275,92.03,7,117149,89.79,3,1.68
8496,292,35675,87.43,12,31195,84.71,10,1.5
8499,2197,41166,79.8,12,32857,72.65,7,6.16
8707,6325,2569,0,0,0,0,0,43.94
8708,20502,194732,43.66,31,85066,36.62,11,17.08
8710,6848,115492,28.87,29,33362,18.1,11,13.06
8712,6941,808019,76.09,266,615008,63.73,113,1.25
8718,18085,97070,35.26,20,34245,27.19,9,24.05
8719,6771,656425,86.77,136,569735,79.45,63,1.99
8720,8601,89517,56.82,19,50876,47.24,5,13.31
8721,2243,3966,0,0,0,0,0,38.58
8722,5800,52656,62.7,15,33025,56.87,10,12.33
8723,23404,104515,50.61,31,52915,41.3,15,19.31
8724,8399,20271,40.62,6,8236,33.58,4,33.17
8725,12507,112191,32.14,23,36077,25.06,10,22.08
8905,19531,119440,92.47,26,110472,88.78,19,2.31
8906,2943,44037,55.46,15,24431,49.92,11,9.75
8908,14453,315333,88.95,46,280542,85.98,30,3.04
8916,41220,150377,66.86,48,100559,60.96,33,9.78
8916A,280,249,0,0,0,0,0,93.55
8917,1742,162652,82.82,69,134736,65.8,24,0.94
8921,1155,46592,85.56,24,39873,63.01,8,1.37
8923,5156,30376,82.32,10,25009,74.55,6,3.81
8924,17117,83800,38.36,21,32151,29.85,9,29.19
8925,19609,365243,41.2,123,150535,27.42,42,8.8
8926,59740,830282,59.08,131,490695,53.6,57,13.15
8927,25945,419068,83.18,112,348671,74.15,50,3.36
8928,4421,50854,49.12,13,24993,35.67,2,16.65
8929,11788,50581,45.67,10,23110,39.18,5,26.07
8930,5438,81809,68.57,35,56116,56.87,18,11.69
8931,19249,122255,81.36,14,99500,78.45,8,4.66
8932,10025,357963,80.6,82,288604,75.08,51,4.31
8933,43040,326724,52.71,43,172329,47.56,14,14.75
8934,504,7973,94.77,1,7556,94.77,1,1.41
8935,37594,113495,51.28,26,58220,42.46,11,12.73
8936,76933,248078,32.53,59,80740,23.48,24,31.23
8937,3307,431680,90.73,52,391760,87.97,33,1.51
8938,12523,156986,56.56,58,88825,44.33,29,13.07
8940,9366,67491,70.86,24,47837,62.74,16,13.43
8941,2220,34972,67.12,20,23478,46.43,9,6.31
8942,13336,198842,50.89,60,101233,41.82,30,13.56
8996,33027,93508,51.66,46,48324,34.57,20,10.48
8999,388,36000,62.82,28,22617,20.5,3,1.35
9103,21536,205532,11.35,31,23390,3.86,6,27.78
910322,7623,21365,24.87,5,5315,20.71,3,40.44
9105,129302,1650263,23.7,354,391356,14.02,92,19.71
910861,2753,33957,34.81,11,11826,23.11,5,16.48
9110,1762,54498,44.04,25,24013,21.81,6,7.75
911608,2215,34222,29.77,13,10194,9.79,2,15.75
911611,3111,88290,41.32,27,36505,28.83,11,9.24
911613,1403,11111,5.91,1,657,0,0,28.48
911622,1532,30000,51.95,9,15588,42.11,4,12.98
911868,6237,140000,35.56,38,49802,23.72,11,12.25
912000,6909,159294,35.0,48,55775,23.21,15,10.69
9136,4729,137002,68.24,36,93530,62.17,23,8.65
916665,366,816,0,0,0,0,0,57.85
9801,83487,395846,69.3,40,274426,66.03,20,17.12
9802,12141,200992,65.22,63,131120,56.3,32,10.59
9902,45255,98050,56.49,22,55398,50.3,11,17.58
9904,105403,2946787,69.49,436,2048333,65.0,221,7.83
9905,17431,305000,73.83,41,225226,72.27,32,8.41
9906,8404,90376,78.74,24,71177,74.95,18,9.52
9907,55829,1579145,74.86,178,1182596,70.74,75,6.69
9908,16583,516358,80.51,110,415799,74.47,63,5.57
9910,24778,987483,88.72,93,876172,86.59,57,4.23
9911,30801,222390,68.43,58,152227,62.01,36,14.81
9912,61903,54171,62.38,19,33803,55.43,13,15.77
9914,65956,298984,66.15,85,197819,55.62,42,12.52
9917,56417,451197,76.75,95,346429,71.01,54,8.78
9918,25365,180537,84.59,49,152767,77.04,25,2.5
9919,63594,195363,46.16,30,90215,42.91,20,27.72
9921,30642,392065,66.1,116,259255,56.99,60,12.26
9922,10429,216041,69.33,59,149806,59.03,25,7.16
9924,12971,150762,62.34,47,94012,53.51,26,15.98
9925,19126,387490,69.1,91,267826,61.68,45,9.35
9926,4294,179504,83.86,52,150569,73.65,23,2.48
9927,13960,120000,58.91,19,70719,52.7,8,17.84
9928,7211,70725,74.46,14,52676,67.16,6,7.5
9929,3782,101280,88.1,20,89245,83.97,12,2.55
9930,12187,248540,77.94,17,193720,77.0,12,8.06
9931,7949,120369,78.04,27,93973,72.99,17,3.74
9933,52587,944437,62.15,169,587166,55.79,69,9.88
9934,13993,411017,66.82,87,274717,58.79,32,7.26
9935,57782,177839,62.21,72,110667,49.53,34,7.34
9936,11640,105159,28.94,22,30454,20.0,7,19.98
9937,15874,309043,89.25,69,275892,82.53,34,1.98
9938,49713,297964,54.46,84,162369,46.46,45,15.29
9939,29989,295786,61.26,93,181245,51.26,48,15.42
9940,17417,736846,81.4,69,599846,77.99,24,4.58
9941,44216,575636,70.6,60,406536,67.55,32,12.68
9941A,3700,100000,81.98,23,81996,74.62,11,5.83
9942,9625,83161,52.96,27,44056,38.54,8,18.59
9943,15769,125172,71.09,13,88998,69.48,10,16.1
9944,10557,105908,78.76,43,83439,66.13,20,8.52
9945,105429,2844225,64.84,335,1844660,60.79,140,8.49
9946,14028,326554,81.47,37,266112,78.51,20,4.74
9948,73,211,0,0,0,0,0,65.68
9949,11133,44861,73.05,21,32780,53.42,8,11.74
9950,3748,167716,83.37,25,139854,80.07,15,4.72
9951,23653,73300,46.8,20,34310,39.55,11,22.55
9953,520,4384,0,0,0,0,0,18.07
9955,15161,104436,61.95,22,64720,55.3,10,19.41
9957,12965,3220414,96.03,72,3092857,95.48,42,0.99
9958,56902,246897,53.73,62,132714,44.7,24,23.06
9960,9636,33592,76.28,15,25629,60.16,7,6.14
9961,321,69099,93.39,16,64543,89.73,13,0.78
9962,29103,90220,47.08,27,42495,39.97,16,18.07
9965,68,776,0,0,0,0,0,21.58
YFU6,53,23060,88.2,10,20342,79.27,6,0.13
YHU4,552,232690,95.44,8,222109,94.69,4,0.54
YJL5,121,19580,97.31,2,19055,97.31,2,1.15
YJS2,8993,115112,78.86,19,90793,74.07,11,3.39
YY0005,98,445,0,0,0,0,0,50.55
YY0008,55,203,0,0,0,0,0,79.3
YY0024,72,260,0,0,0,0,0,71.15
YY0027,62554,70380,12.95,10,9123,8.2,4,66.29
YY0028,33917,247269,39.73,58,98306,30.63,24,18.25
YY0029,8308,39020,30.63,8,11955,27.51,6,23.22
YY0030,3005,62727,52.21,25,32763,38.56,10,10.37
YY0031,430,4703,0,0,0,0,0,34.82
YY0032,358,3886,0,0,0,0,0,29.75
YY0033,2498,20320,16.08,3,3270,9.84,1,25.57
YY0034,266,1732,0,0,0,0,0,44.73
YY0035,15304,237406,36.42,50,86522,28.81,21,14.64
YY0036,136,348,0,0,0,0,0,75.85
YY0037,3451,80470,85.39,21,68725,79.57,14,5.59
YY0038,268,2681,26.72,1,716,0,0,23.4
YY0039,12869,251291,81.21,56,204140,75.93,35,5.33
YY0040,9031,73147,44.24,13,32376,37.77,6,16.03
YY0041,13698,279795,79.97,55,223817,74.52,33,7.75
YY0042,20029,70820,14.15,10,10038,10.05,5,36.48
YY0043,9588,40144,6.14,4,2469,0,0,52.53
YY0044,53014,445017,18.91,48,84223,15.23,21,29.36
YY0046,37393,552051,32.32,152,178555,21.09,46,13.42
YY0047,78077,1070452,31.58,284,338288,20.63,96,13.54
YY0048,7714,98824,49.21,27,48653,40.49,14,12.02
YY0049,33769,38916,26.25,7,10225,20.59,4,43.67
YY0050,55809,236327,21.52,50,50905,10.54,10,31.22
YY0051,7678,77637,33.75,17,26218,25.46,6,14.42
YY0052,4535,202305,69.06,68,139753,57.86,32,3.01
YY0053,24714,241622,46.75,45,113020,40.9,23,22.58
YY0054,5673,106933,46.91,29,50181,38.2,14,7.88
YY0055,5311,124278,46.61,56,57953,25.77,18,7.81
YY0056,2185,19785,51.38,8,10169,35.64,3,5.12
YY0057,4854,148088,56.91,40,84313,47.71,19,6.46
YY0058,3344,57761,35.85,18,20716,23.33,7,10.95
YY0059,1060,22565,21.04,6,4749,0,0,8.29
YY0060,683,9827,13.47,2,1325,0,0,14.8
YY0061,6535,53312,22.61,16,12064,8.44,4,19.26
YY0062,18056,320851,23.53,71,75572,13.24,19,16.37
YY0063,8953,20252,2.65,1,538,0,0,54.49
YY0064,5252,97705,63.74,30,62302,52.91,12,6.32
YY0065,17183,219904,28.27,56,62223,16.96,13,15.2
YY0066,19907,331792,30.0,79,99625,19.29,21,13.56
YY0067,6894,153056,29.28,49,44844,17.56,18,11.87
YY0068,28700,405816,23.33,66,94790,15.49,14,17.79
YY0070,22535,322842,33.95,85,109670,20.56,18,16.02
YY0071,14728,80720,18.84,11,15217,15.2,6,30.04
YY0072,2510,27500,18.32,8,5044,0,0,17.27
YY0073,2183,36643,35.77,16,13113,18.52,5,8.92
YY0074,10686,104248,17.59,22,18354,7.45,5,24.68
YY0075,3110,16424,9.66,3,1588,0,0,29.02
YY0076,450,450,0,0,0,0,0,100.0
YY0077,299,754,0,0,0,0,0,78.63
YY0078,330,2412,0,0,0,0,0,27.55
YY0079,79,330,0,0,0,0,0,63.93
YY0080,308,895,0,0,0,0,0,62.39
