stock_no,people,lots,b4_pct,b4_people,b4_lots,b1_pct,b1_people,s10_pct
00400A,129238,1726140,18.4,172,317916,13.93,41,20.54
00401A,17834,241895,25.77,25,62403,23.09,14,21.62
00402A,53963,812127,20.75,118,168787,13.67,21,20.72
00403A,985535,15552519,17.74,1760,2762628,12.17,342,18.17
00404A,24061,326795,18.1,33,59219,14.5,12,23.51
00405A,142934,2645745,17.43,340,461668,11.21,74,15.87
00406A,39487,750062,18.25,108,137070,11.53,25,16.5
00407A,150233,2512739,20.75,339,521955,14.34,75,17.66
0050,3273063,20754500,28.04,860,5825283,26.37,246,26.03
0051,14006,24500,14.09,5,3455,0,0,55.68
0052,466652,2562000,19.3,153,495177,17.14,64,36.59
0053,6220,5488,18.91,1,1038,18.91,1,47.23
0055,12206,90654,46.13,18,41830,38.54,5,25.64
0056,1588173,13628034,11.94,691,1629224,9.64,149,25.85
0057,2806,1527,0,0,0,0,0,27.88
0061,6220,98616,32.53,22,32093,22.99,6,15.58
006201,3332,20446,48.61,7,9942,35.11,2,29.34
006203,1177,10218,77.01,5,7871,57.01,2,9.19
006204,1126,1500,0,0,0,0,0,45.12
006205,9051,96939,45.89,28,44497,34.47,9,17.58
006206,3264,27778,19.34,4,5374,10.88,1,25.3
006207,1582,21392,18.53,6,3967,5.62,1,16.81
006208,698257,1829540,10.69,60,196002,10.01,39,51.9
00631L,309613,6461848,29.51,1333,1908092,20.1,300,10.7
00632R,64394,2491208,44.17,805,1100720,29.4,212,5.11
00633L,3738,112458,29.17,38,32835,14.31,10,7.49
00634R,792,47256,55.28,13,26137,44.56,6,3.56
00635U,57479,297514,18.81,29,56005,15.91,15,34.09
00636,8393,99825,23.31,21,23287,16.12,8,19.4
00637L,12079,719106,53.93,282,388006,37.88,96,3.79
00638R,535,24448,51.02,10,12479,31.83,2,5.1
00639,5802,99403,27.32,27,27172,15.7,9,13.16
00640L,1355,7419,22.82,2,1694,16.56,1,25.69
00641R,1328,75758,50.38,30,38187,38.13,14,3.6
00642U,11329,106321,36.3,18,38625,30.34,8,22.34
00643,3262,73503,38.42,20,28256,23.89,4,11.56
00645,10076,43997,23.11,9,10171,14.65,3,36.71
00646,107246,562485,40.52,64,228036,36.22,26,25.95
00647L,1617,6416,24.83,1,1593,24.83,1,29.37
00648R,2389,140688,46.33,39,65212,34.87,13,3.55
00650L,2840,139838,47.22,57,66051,33.1,23,4.34
00651R,397,32192,71.22,16,22932,53.17,7,2.77
00652,9857,67035,32.42,15,21745,27.32,8,27.6
00653L,1347,15903,18.61,3,2961,12.07,1,18.23
00654R,386,19466,51.08,8,9946,33.79,2,4.54
00655L,2262,58458,29.12,21,17032,12.63,4,8.77
00656R,329,20357,72.6,12,14783,47.59,4,3.3
00657,1660,6584,15.03,1,990,0,0,37.45
00660,1067,7531,32.26,4,2430,0,0,17.67
00661,7253,23425,17.46,5,4093,5.67,1,41.83
00662,104219,855529,38.49,83,329498,34.94,29,15.48
00663L,16532,145663,23.4,27,34094,16.87,12,22.45
00664R,6877,785575,59.88,376,470519,40.41,130,1.59
00665L,6213,568465,59.61,209,338962,45.82,83,2.08
00666R,114,14624,86.19,5,12605,86.19,5,1.35
00668,2001,7483,25.19,2,1885,16.7,1,33.24
00669R,3221,205117,45.8,63,93982,34.47,25,3.39
00670L,12193,76145,15.09,9,11511,9.22,2,26.74
00671R,3663,540384,69.11,214,373603,52.47,72,1.22
00673R,9236,519551,48.29,163,250974,34.63,49,3.59
00674R,1502,15921,42.44,4,6757,42.44,4,18.72
00675L,19835,107286,18.68,12,20053,14.26,5,31.68
00676R,4256,172834,40.5,62,70039,24.04,19,4.66
00678,1820,7948,28.66,5,2278,0,0,30.26
00679B,241023,6610692,44.33,690,2931952,39.5,152,8.72
00680L,20008,1505076,52.98,528,797524,37.93,157,2.75
00681R,106,7594,91.2,5,6928,63.0,2,1.73
00682U,274,7644,77.04,4,5889,51.67,2,4.07
00683L,350,11434,64.43,6,7367,51.96,3,5.14
00684R,188,9688,80.12,6,7764,63.08,4,3.66
00685O,55183,124139,9.58,10,11923,6.08,4,48.84
00686R,1806,191776,59.93,84,114991,41.49,29,1.87
00687B,160624,4904135,47.01,582,2306251,41.73,144,7.91
00688L,9658,639615,47.65,221,304843,32.74,70,3.13
00689R,60,6889,85.88,5,5917,60.71,2,0.45
00690,13916,80830,13.01,12,10525,5.8,3,35.94
00692,90957,614280,17.61,34,108245,15.61,16,33.34
00693U,3768,87166,38.06,25,33194,29.11,12,9.97
00694B,2003,39576,75.45,9,29864,70.58,6,8.86
00695B,2281,39686,74.67,9,29637,69.73,6,10.54
00696B,11188,657681,84.12,28,553349,83.03,17,3.9
00697B,6618,64712,24.13,13,15616,19.88,8,22.19
00700,2754,34983,9.85,5,3449,0,0,17.62
00701,38488,173891,8.87,13,15444,6.53,6,50.06
00702,1184,6688,49.47,5,3309,15.25,1,26.12
00703,1085,9550,16.67,2,1592,0,0,24.56
00706L,7031,158271,29.84,44,47260,17.72,12,9.4
00708L,15925,119573,20.4,22,24416,12.56,7,26.05
00709,2449,15460,36.68,9,5673,7.28,1,24.24
00710B,3751,180761,81.87,9,147999,80.75,5,4.86
00711B,798,872261,99.35,5,866682,99.3,4,0.16
00712,140404,5331011,31.95,1205,1704287,20.86,210,5.9
00713,275331,1744512,22.9,81,399803,21.67,48,31.97
00714,2546,21067,43.25,11,9114,18.0,3,24.14
00715L,8579,127192,34.26,25,43608,28.73,13,14.47
00717,7787,126605,29.58,31,37482,19.93,10,15.5
00719B,14357,551014,61.29,55,337761,56.93,16,6.08
00720B,80290,4044609,65.09,311,2633224,61.68,76,4.67
00722B,13812,1456739,89.84,40,1309039,89.27,26,2.51
00723B,455,1520083,99.77,14,1516769,99.72,12,0.05
00724B,6369,3026775,97.61,34,2955056,97.41,23,0.52
00725B,42322,3764206,82.17,164,3093964,80.51,59,2.75
00726B,1790,1193989,97.96,21,1169780,97.63,14,0.33
00727B,710,56689,90.51,6,51314,88.92,4,2.78
00728,9572,38923,3.08,2,1200,0,0,50.21
00730,13429,71044,17.81,10,12668,13.91,5,40.88
00731,8591,22100,19.24,5,4254,10.97,2,55.94
00733,21358,67466,19.75,12,13330,12.47,4,50.99
00734B,531,25979,84.97,3,22078,82.58,2,4.61
00735,31061,105789,17.39,16,18418,12.76,6,40.65
00736,511,6227,67.15,5,4182,44.03,2,9.92
00737,5536,22538,12.1,4,2731,4.88,1,45.29
00738U,34809,247299,18.0,37,44568,12.44,14,27.67
00739,2001,25988,38.59,9,10034,18.81,2,17.39
00740B,6020,2157971,96.85,46,2090412,96.33,28,0.59
00741B,1200,13628,45.28,2,6171,45.28,2,18.27
00746B,1344,2535964,99.57,26,2525242,99.5,22,0.09
00749B,202,1104500,99.78,7,1102246,99.75,6,0.02
00750B,72,148000,99.61,4,147442,99.32,3,0.04
00751B,68565,5129603,74.93,322,3844804,72.28,91,3.08
00752,17745,293716,35.74,39,105031,31.09,15,14.69
00753L,11508,770657,51.3,272,395462,36.08,83,3.12
00754B,449,1266900,99.73,15,1263531,99.73,15,0.06
00755B,1048,280230,97.74,8,273925,97.59,7,0.83
00756B,2343,1506800,97.92,19,1475854,97.58,11,0.33
00757,73009,286494,31.7,31,90864,28.98,17,33.45
00758B,120,5525,90.49,1,5000,90.49,1,2.13
00759B,115,47525,98.89,1,47000,98.89,1,0.15
00760B,649,435020,99.15,6,431343,99.15,6,0.3
00761B,3525,2733089,98.54,31,2693634,98.4,25,0.28
00762,22948,47748,19.47,6,9303,15.35,3,51.55
00763U,5468,49565,47.61,19,23606,37.33,10,23.35
00764B,8779,1559000,93.78,34,1462469,93.29,20,1.41
00768B,1665,764100,98.36,30,751753,97.72,22,0.38
00770,18524,79458,11.94,10,9508,7.04,4,42.02
00771,2111,14225,15.43,2,2196,11.94,1,30.54
00772B,41734,3400790,80.46,143,2737178,78.72,43,2.88
00773B,9215,2552290,95.49,42,2437733,95.12,26,0.85
00775B,181,232100,99.85,8,231790,99.23,6,0.06
00777B,215,2018650,99.92,14,2017360,99.88,13,0
00778B,181,1505650,99.94,12,1504942,99.89,10,0.01
00779B,668,1297150,99.58,9,1291898,99.51,8,0.1
00780B,1319,268102,97.59,10,261655,96.64,7,1.18
00781B,682,8336,38.7,4,3227,17.99,1,17.82
00782B,1241,18967,16.95,3,3217,6.84,1,16.67
00783,822,8031,23.28,2,1870,16.08,1,22.54
00785B,242,1082966,99.83,11,1081250,99.66,8,0.02
00786B,1349,21566,31.82,6,6866,19.8,2,16.22
00787B,1049,12306,39.15,6,4820,16.25,1,17.91
00788B,1539,25206,25.01,8,6309,7.93,1,15.3
00789B,362,455600,99.38,11,452790,99.07,9,0.17
00791B,97,279600,99.72,7,278828,99.5,6,0.02
00792B,449,2277115,99.87,16,2274447,99.83,14,0.02
00793B,425,3026,0,0,0,0,0,27.56
00795B,38978,1596098,56.21,151,897363,52.3,46,5.89
00799B,1691,25536,20.66,4,5278,16.75,3,16.8
00830,167114,725965,23.89,59,173543,20.84,24,35.88
00834B,139,23198,96.14,5,22303,94.36,4,1.01
00836B,431,611541,99.58,13,609100,99.14,9,0.11
00840B,89,59431,99.27,3,59000,99.27,3,0.14
00841B,116,70440,98.66,4,69500,98.66,4,0.2
00842B,776,15767,52.24,5,8237,45.88,3,10.7
00844B,314,222175,98.95,4,219860,98.95,4,0.32
00845B,220,237551,99.55,4,236504,99.55,4,0.12
00846B,269,74350,98.18,2,73000,98.18,2,0.51
00847B,412,8305,58.75,3,4881,42.14,1,10.53
00848B,157,136066,99.21,2,135000,99.21,2,0.13
00849B,111,486106,99.7,5,484690,99.6,4,0.01
00850,80771,415444,17.69,31,73561,15.51,18,39.48
00851,2207,5525,27.87,1,1540,27.87,1,43.5
00852L,494,8865,66.52,3,5898,50.31,1,8.8
00853B,2378,182634,91.4,11,166954,90.32,7,3.27
00856B,425,6792,64.13,3,4357,44.16,1,9.06
00857B,16653,544268,51.87,69,282508,47.16,25,7.67
00858,19900,117374,15.73,14,18482,11.34,5,30.89
00859B,1482,29511,27.74,5,8190,24.32,3,11.09
00860B,361,3171,15.59,1,494,0,0,20.93
00861,19293,68412,5.17,4,3547,3.33,2,53.05
00862B,1569,885881,98.32,12,871155,98.22,10,0.41
00863B,346,576964,99.61,8,574769,99.61,8,0.11
00864B,3538,105722,34.61,21,36606,27.45,9,7.07
00865B,8545,271744,30.26,46,82277,22.9,13,6.17
00867B,207,504650,99.82,10,503747,99.82,10,0.06
00870B,318,564151,99.6,8,561943,99.41,6,0.08
00875,3578,13488,15.83,3,2138,0,0,49.67
00876,21198,74524,12.49,9,9318,8.93,4,46.44
00877,12206,143788,15.11,25,21753,7.27,7,21.28
00878,1603731,18345790,11.59,854,2130417,9.45,147,20.17
00881,317078,2375403,14.16,103,336889,12.69,41,31.66
00882,85944,2032349,26.05,406,529935,16.6,87,10.28
00884B,212,75440,98.73,4,74492,97.42,3,0.41
00885,50806,627238,18.31,91,114966,12.39,32,18.89
00886,1221,4451,10.53,1,469,0,0,46.02
00887,19036,388351,29.44,96,114429,18.08,26,11.93
00888,62913,387978,9.15,16,35569,7.91,8,38.93
00890B,719,18764,73.27,3,13752,63.95,1,8.22
00891,172417,1653090,13.15,99,217720,10.79,31,26.25
00892,39482,277292,16.37,23,45470,13.97,13,33.48
00893,58981,365884,8.98,22,32929,6.36,7,38.62
00894,25638,151509,16.65,12,25265,14.78,8,37.37
00895,30197,149916,10.52,8,15791,8.67,4,43.68
00896,49577,403880,11.09,29,44877,7.86,8,32.02
00897,10433,144512,19.17,27,27738,10.71,7,20.51
00898,10589,147976,17.69,27,26220,8.88,7,21.87
00899,4117,16635,8.17,2,1360,0,0,44.64
00900,136648,1657525,15.24,95,252937,12.76,25,22.41
00901,12367,63349,12.14,10,7699,3.58,2,41.24
00902,18492,225497,17.35,30,39168,12.56,12,21.97
00903,7388,50221,11.56,4,5810,9.17,2,36.72
00904,25269,170112,13.96,20,23780,7.57,5,35.08
00905,42440,338327,8.89,17,30160,7.34,7,31.62
00907,20945,164133,11.96,13,19661,9.58,7,32.02
00908,2845,35416,35.06,8,12419,26.68,4,19.41
00909,27825,107204,13.54,10,14536,9.26,3,45.52
00910,44225,133939,15.22,11,20404,12.87,5,47.23
00911,11434,19403,5.66,2,1100,0,0,59.03
00912,8303,59253,21.69,7,12864,17.62,3,32.81
00913,9647,40766,12.67,4,5175,8.87,2,43.75
00915,75081,531483,16.72,35,88998,14.82,18,35.57
00916,23795,142419,15.24,18,21729,10.21,7,38.01
00917,12193,62478,14.05,11,8784,6.53,3,40.71
00918,276377,3574764,13.33,195,477423,11.13,55,20.25
00919,1356723,18068635,11.01,1022,1991542,8.24,146,17.85
00920,7622,20280,20.14,3,4085,11.25,1,49.7
00921,9137,55770,11.96,6,6683,8.12,3,40.31
00922,188766,2076186,30.2,99,627262,28.24,31,21.79
00923,106324,850923,16.47,40,140371,15.23,22,31.89
00924,56682,446603,23.78,29,106260,21.36,13,27.33
00926,9668,88982,47.01,12,41851,42.86,6,23.96
00927,107186,918897,10.63,64,97869,7.47,19,29.41
00928,5437,30356,30.73,6,9334,29.31,5,35.46
00929,407655,4543139,10.63,179,483774,8.89,43,22.71
00930,19679,134279,8.87,8,11928,6.65,4,37.85
00931B,35271,2115898,74.18,104,1569956,72.32,40,4.49
00932,14277,126783,14.42,9,18313,12.79,6,31.38
00933B,80069,6485958,76.1,401,4937088,73.17,91,3.03
00934,47860,410026,9.9,25,40674,7.69,10,31.68
00935,114003,752504,20.62,52,155275,18.42,23,30.19
00936,23593,208797,8.82,9,18460,7.58,5,30.83
00937B,215387,17167805,61.28,2994,10523640,52.82,567,2.7
00938,6452,93516,39.5,9,36943,39.5,9,20.56
00939,105718,1202976,6.26,48,75429,4.37,13,26.97
00940,331877,5547865,12.54,437,697055,8.76,83,17.95
00941,48426,441291,9.72,35,43001,6.07,9,29.56
00942B,10217,2005459,89.48,65,1794760,88.47,29,1.39
00943,4115,41889,34.97,4,14653,33.33,3,26.27
00944,8023,56081,12.4,8,6966,6.13,2,36.63
00945B,19337,821318,39.43,133,323972,31.77,35,5.48
00946,37619,475246,19.03,35,90522,16.41,13,22.35
00947,37930,270364,22.91,31,61993,18.51,14,31.7
00948B,27405,4012427,80.6,305,3234667,77.26,88,1.63
00949,18401,179928,20.68,26,37233,15.06,10,27.68
00950B,12671,3996809,90.63,145,3623233,89.2,50,0.73
00951,15621,188542,17.88,35,33739,10.57,12,21.54
00952,22668,243775,12.12,26,29605,7.02,8,25.14
00953B,49486,4284175,52.04,1267,2230142,38.32,301,2.3
00954,10823,107747,19.53,17,21078,13.38,7,25.16
00955,44176,596931,23.15,74,138306,18.2,26,18.67
00956,3358,34130,18.7,6,6391,12.6,3,24.45
00957B,4132,197263,51.46,31,101556,44.78,12,5.96
00958B,4511,127771,24.29,24,31053,17.83,9,10.1
00959B,9597,516836,48.49,76,250741,41.89,22,4.58
00960,10119,65495,11.93,5,7825,10.46,4,39.42
00961,21080,253511,7.33,19,18633,4.1,5,22.65
00962,5711,55420,25.22,9,13987,20.72,6,26.81
00963,4438,97933,31.67,22,31026,25.76,12,10.81
00964,4057,68124,23.56,15,16063,13.77,5,14.08
00965,37169,455992,41.29,46,188414,38.63,26,19.27
00966B,4030,119732,37.2,20,44548,31.31,9,10.63
00967B,2661,182407,70.3,33,128264,62.56,12,4.09
00968B,8436,729011,65.48,89,477527,61.16,39,2.93
00969B,2146,162133,71.89,46,116591,61.12,19,3.61
00970B,6013,380229,59.9,57,227821,53.97,23,4.48
00971,7370,60677,16.59,8,10075,11.59,4,29.52
00972,1788,19172,36.63,4,7025,32.36,2,21.78
009800,20541,289891,23.38,46,67793,18.64,22,18.14
009801,8531,101119,25.67,18,25971,20.08,9,21.96
009802,40544,533995,13.36,55,71420,8.46,15,21.57
009803,17683,166328,15.09,17,25113,12.15,10,26.33
009804,15304,119392,8.27,12,9894,3.49,3,31.0
009805,55873,644816,22.12,75,142720,17.14,22,22.45
009806,1135,14661,59.26,6,8690,51.98,4,16.74
009807,1246,14760,56.21,8,8299,30.1,2,19.8
009808,4423,41011,10.66,4,4378,8.6,2,31.08
009809,2582,30863,28.31,8,8746,13.81,1,23.01
00980A,70750,709230,17.31,51,122857,15.26,25,25.82
00980B,1563,53569,46.0,15,24648,36.57,6,7.78
00980D,3299,98457,40.8,24,40191,31.78,10,7.7
00980T,3524,72918,45.15,11,32932,39.85,4,13.96
009810,1981,19154,26.07,4,4997,19.98,2,24.24
009811,24707,260950,20.39,38,53256,14.95,15,24.53
009812,6319,100882,36.92,23,37274,29.18,10,16.47
009813,26457,370324,21.38,53,79274,15.42,17,20.17
009814,12989,151576,18.28,21,27736,14.19,10,22.7
009815,33537,497170,21.27,72,105836,14.75,20,18.77
009816,886744,10406344,16.46,1104,1715078,11.46,238,21.82
009817,11051,256936,28.55,59,73393,18.83,15,12.33
009818,5769,56652,6.58,2,3736,5.4,1,32.39
009819,60504,691745,12.88,59,89228,9.53,23,26.28
00981A,960699,9217709,22.31,915,2058306,17.79,228,22.75
00981B,15547,1417113,52.23,516,740392,35.53,126,2.03
00981D,8945,579800,49.67,159,288079,36.65,37,3.13
00981T,7206,195261,35.44,49,69255,21.76,9,9.67
009820,43274,1367202,40.62,271,555644,30.77,61,9.23
009821,74149,734340,13.77,66,101259,10.13,21,29.75
009822,7599,114056,9.16,11,10476,5.36,4,23.93
009823,32525,358317,18.12,38,65008,12.88,8,27.91
009824,54209,729347,20.63,90,150599,14.49,18,23.12
00982A,177783,2157936,16.12,160,348297,12.69,34,21.63
00982B,781,28400,64.98,6,18457,63.22,5,6.39
00982D,2796,73729,36.6,21,26998,26.95,9,10.01
00982T,1845,18597,33.57,6,6247,22.0,3,28.36
00983A,10831,122686,28.47,18,34958,23.67,8,21.69
00983B,859,30153,60.63,8,18286,52.84,4,6.99
00983D,4084,102197,31.56,31,32266,16.79,7,7.79
00984A,53043,490458,15.84,43,77743,12.14,15,28.18
00984B,3847,133933,37.6,32,50388,28.11,10,7.0
00984D,8173,496057,39.06,166,193851,23.2,41,3.7
00985A,49101,473789,15.35,40,72782,12.14,14,26.89
00985B,8269,612001,57.22,149,350387,47.3,47,3.38
00985D,1520,77232,68.62,18,53010,58.4,7,4.83
00986A,5043,41827,16.92,7,7087,6.76,1,31.67
00986B,408,24762,83.79,8,20750,77.31,5,3.88
00986D,2397,157177,50.09,43,78760,41.61,24,3.49
00987A,19029,172143,16.52,16,28467,13.11,7,30.7
00987B,2405,71327,50.3,21,35891,36.53,8,8.99
00988A,231120,2844437,21.11,351,600891,15.55,91,20.1
00988B,3914,88833,18.05,16,16046,10.53,6,11.87
00989A,7175,76117,20.99,8,15984,18.57,5,24.72
00989B,1559,55952,51.66,10,28915,45.95,6,8.94
00990A,121053,2265522,36.02,414,816450,27.0,96,13.88
00991A,279173,3454416,21.57,423,745650,16.2,114,20.63
00992A,186323,2321955,20.3,229,471702,15.76,58,21.74
00993A,51554,791091,16.93,104,134066,11.19,26,19.0
00994A,31941,304190,20.31,35,61849,15.82,13,25.63
00995A,26852,303035,15.68,27,47572,11.99,9,25.65
00996A,25047,320399,20.19,41,64755,14.69,11,22.6
00997A,70693,1082377,17.52,132,189862,11.48,27,19.24
00998A,16272,208109,35.3,23,73506,32.22,12,20.77
00999A,105193,1268517,14.15,102,179661,10.32,23,25.38
01001T,1378,583000,93.16,60,543237,90.08,28,0.5
01002T,3297,1393000,93.59,112,1304148,91.2,61,0.54
01004T,1244,730200,94.07,82,687065,90.44,38,0.31
01007T,1822,720000,92.83,82,668609,89.73,46,0.47
01009T,957,300000,90.28,60,270877,85.97,41,0.63
01010T,862,2308170,98.73,81,2279395,98.0,56,0.05
1101,516224,7523182,54.78,922,4123147,50.62,414,13.2
1101B,7462,200000,94.13,22,188293,91.32,14,2.15
1102,103137,3546563,81.82,338,2902878,79.59,205,6.03
1103,74174,832875,80.34,137,669346,76.71,87,5.87
1104,55932,686682,72.64,106,498955,67.1,42,8.31
1107,3436,10100,99.7,1,10070,99.7,1,0.29
1108,12779,404738,80.42,77,325546,75.42,44,6.32
1109,12064,341159,79.71,73,271974,72.86,36,5.88
1110,5256,572001,93.82,56,536764,91.5,36,1.01
1113O,178,840,0,0,0,0,0,63.21
1113R,382,2129,0,0,0,0,0,30.66
1201,88003,506063,63.3,61,320450,59.47,28,12.53
1203,55492,240000,91.06,51,218595,86.7,35,3.0
1204,3520,18375,45.74,6,8407,31.77,2,19.64
1207,46731,464094,77.24,48,358557,75.26,31,9.49
1210,100589,894767,65.21,134,583696,60.95,72,14.88
1212,30424,174167,44.23,45,77058,35.58,20,17.36
1213,6598,56623,81.87,12,46372,75.38,7,7.21
1215,96599,294790,59.32,39,174949,55.24,20,23.55
1216,149399,5682015,89.0,756,5058225,85.53,444,4.19
1217,139188,494513,60.58,127,299628,53.13,69,14.98
1218,82866,499999,67.9,71,339594,63.41,34,11.6
1219,53324,341238,62.12,79,212050,57.23,52,11.03
1220,47191,177078,67.57,46,119682,60.42,27,10.59
1221,18675,95165,34.14,22,32505,25.82,10,21.96
1224,3619,71910,88.35,20,63542,82.37,13,3.39
1225,42910,242268,89.63,38,217215,87.43,29,3.18
1227,54562,915090,67.05,74,613753,64.14,30,13.04
1228,1584,11132,37.92,5,4224,12.17,1,11.99
1229,102710,1795961,65.42,161,1175186,62.57,77,10.63
1231,35399,298454,64.69,26,193092,62.91,17,16.79
1232,17051,159975,73.58,10,117738,72.13,6,13.21
1233,10038,90592,74.51,26,67513,67.76,15,4.92
1234,24439,401871,83.19,137,334420,74.29,80,5.7
1235,2969,188578,96.34,16,181694,95.13,12,1.12
1236,11803,86674,83.42,24,72317,78.01,18,7.06
1238,2043,29948,11.73,4,3516,8.56,2,21.52
1240,3041,44232,69.65,25,30812,49.12,11,8.17
1256,6353,35775,61.12,11,21870,47.12,3,17.8
1259,16453,32390,76.79,9,24880,71.27,6,9.27
1260,1334,102098,75.9,29,77513,70.63,20,2.09
1264,9047,37052,48.46,17,17968,24.84,5,23.8
1268,3389,42224,78.11,17,32982,72.16,12,8.62
1269,663,20902,77.74,7,16253,72.74,5,2.78
1271,2997,60389,66.9,18,40409,55.42,7,7.58
1293,395,17094,74.29,11,12702,42.36,4,2.94
1294,4426,30572,56.77,13,17361,41.31,6,11.07
1295,3138,34475,56.39,14,19448,44.84,8,15.71
1301,295114,6365741,74.8,560,4762542,72.19,297,9.17
1303,233016,7930822,86.91,670,6894408,84.53,374,4.47
1304,100413,1188764,61.73,112,734111,58.69,51,13.74
1305,72356,581050,52.63,63,305906,48.53,23,16.74
1306,6139,44573,21.31,4,9502,19.38,2,23.6
1307,17307,397818,82.33,64,327623,79.04,43,6.2
1308,76580,593744,52.49,63,311763,48.89,28,16.58
1309,78803,397587,47.22,34,187843,43.91,11,22.14
1310,106595,527870,30.58,84,161571,24.06,28,25.13
1312,127801,1106620,52.58,160,582007,47.46,69,16.04
1312A,1281,20000,54.24,12,10853,21.4,2,13.58
1313,64873,1330846,66.85,156,889977,62.9,69,10.09
1314,295684,3784850,41.97,779,1589182,33.47,246,13.88
1315,5969,99099,80.7,42,79987,70.24,25,6.57
1316,61129,375946,39.01,88,146697,28.12,22,18.72
1319,33615,591477,80.16,103,474234,76.12,60,9.5
1321,4064,227228,70.47,94,160168,53.86,35,2.74
1323,13232,91275,70.4,36,64271,60.98,23,8.79
1324,23551,75122,66.65,21,50088,59.28,12,16.55
1325,36044,85281,47.66,9,40662,44.76,5,27.34
1326,177137,5861186,82.95,499,4862915,80.46,263,5.82
1333,15942,74515,51.18,14,38157,43.03,3,11.0
1336,11609,77614,51.06,23,39643,38.23,6,11.27
1337,52349,268955,48.13,57,129506,39.26,18,14.49
1338,55833,83840,42.39,24,35559,31.36,10,19.27
1339,7344,74124,74.52,15,55243,72.4,13,11.26
1340,61906,152923,34.95,24,53463,29.07,8,19.93
1341,9809,52851,83.7,16,44242,75.97,9,2.59
1342,8782,78001,58.78,14,45866,51.58,5,16.9
1343,1234,40514,66.04,22,26762,42.13,7,5.68
1402,91074,5352875,88.61,430,4743885,86.53,253,3.07
1407,162391,441234,35.25,76,155617,28.84,29,29.78
1407A,4931,67913,53.45,9,36304,52.82,8,18.89
1408,70850,352466,20.66,72,72860,12.51,23,29.39
1409,143798,1618409,66.06,215,1069494,62.52,122,12.93
1410,6675,62000,76.21,19,47265,68.21,11,5.48
1413,8544,132112,75.81,26,100178,69.29,13,5.82
1414,26554,198000,88.04,37,174348,82.99,22,4.78
1416,46040,185342,54.14,37,100375,49.2,22,14.87
1417,55697,189942,57.83,50,109892,47.53,19,16.74
1418,30727,56834,71.44,19,40611,58.95,7,5.44
1419,17086,300041,90.69,72,272164,85.53,48,2.21
1423,18292,99648,83.06,26,82797,76.29,16,4.95
1432,256799,108000,54.77,16,59164,53.15,13,30.14
1434,63069,1684665,72.17,170,1216206,68.49,68,7.53
1435,33303,139780,94.87,24,132626,93.06,19,2.26
1436,14182,194152,77.07,42,149664,73.42,31,9.18
1437,8689,201871,79.61,75,160742,67.35,37,4.87
1438,5083,111206,83.09,29,92413,76.36,18,5.0
1439,4461,92000,84.77,31,78003,74.68,17,5.09
1440,95165,1656816,77.95,267,1291769,73.18,141,6.99
1441,14887,71744,65.0,15,46655,58.35,7,19.82
1442,9170,366211,86.34,108,316238,77.71,62,3.58
1443,15783,135343,89.9,40,121694,81.1,21,2.81
1444,62467,995595,64.59,135,643386,60.67,74,10.9
1445,11994,130666,68.86,40,90003,59.83,21,7.76
1446,7856,137710,67.22,31,92600,62.72,20,8.47
1447,38362,910071,71.1,130,647247,66.71,68,8.95
1449,46271,127115,38.39,27,48831,31.44,14,25.14
1450,15158,79205,25.71,14,20375,20.94,8,25.46
1451,16996,198000,63.17,39,125104,56.63,15,11.1
1452,47244,132641,48.39,40,64216,37.55,18,15.57
1453,14221,113243,75.58,18,85604,73.67,14,12.46
1454,13841,129834,81.72,35,106134,77.54,27,6.44
1455,34956,531688,67.26,77,357752,63.8,46,11.56
1456,4610,93720,85.49,15,80143,80.57,8,3.43
1457,16782,316730,74.5,70,236044,68.07,38,6.81
1458,21182,260762,59.73,59,155794,51.01,23,13.68
1459,14050,358629,85.62,77,307144,79.48,42,4.53
1460,22994,694643,72.54,125,504095,66.05,55,5.99
1462,61247,300754,46.47,99,139820,34.36,37,16.05
1463,33519,173268,81.07,41,140515,74.55,20,5.22
1464,63516,425576,61.5,86,261794,54.32,38,10.07
1465,10338,103607,72.61,38,75254,62.38,22,10.16
1466,20922,111157,72.14,43,80223,63.89,26,8.55
1467,18106,233625,66.16,40,154607,59.41,17,10.38
1468,1327,160405,97.56,18,156515,96.81,16,0.41
1469,336,87218,92.35,28,80568,87.63,21,0.17
1470,1227,85767,87.26,36,74855,70.23,13,0.77
1471,56815,150415,22.57,24,33965,16.86,8,30.39
1472,3688,52488,79.98,16,41990,69.81,7,2.89
1473,12728,146154,71.63,30,104732,69.24,24,9.95
1474,16501,129897,59.4,32,77173,52.89,17,13.49
1475,2319,66017,76.28,16,50373,68.99,8,4.45
1476,20240,274367,80.16,78,219977,72.82,47,7.05
1477,31008,246694,61.52,77,151827,51.71,40,15.96
1480,361,416085,98.22,60,408718,94.46,37,0.15
1491,1721,54818,59.62,25,32694,44.24,12,3.37
1492R,86,526,0,0,0,0,0,36.14
1503,80916,520972,73.32,63,382085,71.12,44,14.14
1504,214584,2376441,69.58,221,1654067,66.95,119,15.38
1506,21526,300389,77.02,45,231435,71.36,16,4.34
1512,20088,98183,53.91,19,52944,47.83,8,9.61
1513,167782,503113,43.41,75,218530,38.72,37,37.92
1514,97993,273108,45.84,62,125243,38.88,31,33.7
1515,22361,181474,52.74,41,95733,42.1,13,18.94
1516,44910,40008,64.73,15,25905,58.75,11,11.49
1517,46347,220000,48.7,31,107177,44.11,14,22.15
1519,87169,315881,72.75,75,229871,66.02,41,14.15
1521,23604,76230,68.64,13,52340,66.46,10,13.69
1522,30841,312898,57.73,52,180715,52.39,24,20.22
1522A,1475,30000,89.08,10,26728,81.87,7,4.69
1524,46335,165310,38.26,21,63290,35.27,12,31.94
1525,3301,73400,88.19,8,64738,86.25,6,5.67
1526,52181,60000,36.98,11,22197,29.94,3,23.79
1527,64640,138571,32.01,21,44385,27.15,10,29.2
1528,92921,191331,29.93,11,57290,28.34,5,39.83
1529,27606,155095,46.58,25,72272,40.95,11,24.87
1530,10876,94594,75.93,15,71844,70.06,6,11.3
1531,12939,182108,63.73,52,116100,53.99,21,9.32
1532,19858,422604,66.22,108,279936,58.46,53,8.63
1533,9974,98547,63.28,35,62375,52.11,18,17.34
1534,4107,67738,46.91,19,31793,35.29,7,13.13
1535,9953,123743,75.47,10,93405,75.06,9,11.11
1536,85129,278960,32.31,47,90189,27.33,24,32.59
1537,15550,82063,51.76,25,42491,42.7,14,23.57
1538,7641,32300,78.45,7,25345,70.77,3,6.62
1539,5428,65370,60.97,12,39861,58.44,9,16.42
1540,40094,85474,35.26,22,30150,22.14,5,31.33
1541,2477,78800,83.75,15,66013,79.45,10,4.83
1557,114,1733,30.38,1,527,0,0,13.79
1558,28359,64536,34.49,30,22266,8.57,4,25.07
1560,23595,150289,66.47,68,99934,48.57,28,11.67
1563,43728,225608,47.21,74,106580,33.36,25,12.45
1565,37362,50417,18.16,12,9164,8.31,3,38.34
1568,9612,103087,64.89,31,66914,56.48,17,12.52
1569,24316,144247,51.23,33,73918,43.55,14,14.96
1570,34911,51501,55.72,13,28701,42.94,2,11.79
1580,27291,49339,40.17,15,19829,29.88,8,25.66
1582,67270,144269,30.35,23,43820,26.31,13,35.56
1583,2505,109400,91.25,17,99839,89.51,14,3.02
1584,56429,232471,40.84,36,94983,36.47,19,22.26
1585,937,57700,65.29,32,37687,45.66,12,3.12
1586,11388,106849,71.51,39,76427,62.66,23,9.44
1587,12277,80056,46.38,21,37142,37.83,8,21.28
1589,43147,153136,28.36,30,43474,21.01,11,24.98
1590,6624,200000,73.31,103,146651,53.75,38,1.74
1591,32073,38048,21.76,10,8286,8.54,1,22.1
1592,6284,110978,26.43,25,29351,18.1,8,15.25
1593,3328,39785,50.02,18,19908,35.41,9,13.88
1594,684,33220,82.82,12,27515,75.4,8,3.57
1595,9464,55555,45.99,21,25562,36.08,12,18.84
1597,18211,89262,53.96,36,48186,39.17,16,24.9
1598,10812,179142,59.76,47,107093,52.92,29,11.83
1599,11991,73029,64.77,20,47317,57.24,12,17.26
1601,16670,106276,11.51,13,12249,6.24,3,25.99
1602,274414,387081,12.14,26,47056,9.55,9,58.29
1603,13732,191688,72.58,31,139173,69.15,20,12.84
1604,102159,384200,58.09,69,223235,52.82,36,17.37
1605,271604,4431333,73.09,359,3239491,70.7,187,11.18
1606,77603,770306,15.82,120,121992,9.43,32,24.56
1608,52999,632774,64.1,54,405766,60.95,22,16.64
1609,201760,785262,30.8,108,242045,26.72,55,32.14
1611,87066,322736,53.92,82,174081,45.64,37,20.32
1612,38604,316080,60.74,64,192082,54.99,32,17.98
1613,22772,227418,57.73,67,131330,47.37,28,9.98
1614,4227,269113,82.75,83,222710,75.59,52,2.22
1615,8600,196664,80.52,35,158383,76.87,22,6.77
1616,15099,194149,60.4,28,117300,56.36,16,16.07
1617,11902,169515,76.12,39,129060,70.07,23,10.11
1618,22942,192692,57.72,29,111244,53.79,15,22.21
1623,6381,66000,77.35,13,51058,72.6,8,12.1
1626,10054,149822,69.72,50,104475,60.09,27,8.86
1702,64029,294133,56.83,29,167228,53.7,14,20.18
1707,67926,148137,53.99,52,80014,42.41,27,21.43
1708,82691,249002,44.42,53,110666,37.75,27,30.24
1709,44172,477016,63.54,120,303241,54.3,50,11.84
1710,61708,885703,62.56,133,554312,57.32,56,12.45
1711,101091,547752,44.0,80,241109,39.3,37,25.45
1712,82258,420493,57.29,126,240963,46.67,57,14.69
1713,23587,150952,73.97,31,111677,66.61,11,7.21
1714,94908,991825,62.1,146,616127,57.02,67,12.21
1717,102051,1172245,64.68,225,758359,58.53,111,16.0
1718,180432,1685906,55.16,219,930420,50.4,86,15.17
1720,15326,178696,65.82,33,117640,59.53,15,14.14
1721,69029,184884,38.08,32,70443,32.12,14,29.12
1722,122728,980000,65.6,154,643060,60.23,69,12.12
1723,63272,236904,52.44,37,124292,47.78,17,22.16
1725,3763,181830,94.21,20,171334,93.1,17,2.8
1726,9587,162000,85.72,27,138884,83.89,22,4.87
1727,23924,128020,57.33,26,73430,52.45,15,25.97
1729,4209,180688,91.39,47,165189,85.84,32,3.55
1730,10294,63234,57.3,11,36241,53.73,8,25.86
1731,18677,132915,55.99,19,74444,51.39,9,15.33
1732,38157,42444,46.4,5,19696,44.13,4,29.19
1733,38770,99950,40.97,16,40961,32.25,5,21.79
1734,70777,190197,49.45,46,94083,41.23,19,18.69
1735,8516,99388,78.33,12,77858,77.73,11,9.88
1736,8230,303395,88.16,44,267551,82.93,21,3.58
1737,74760,200000,63.83,28,127685,59.32,13,17.88
1742,11456,92671,80.84,27,74936,71.96,14,4.45
1748,710,14304,39.26,3,5618,36.13,2,16.91
1748R,105,529,0,0,0,0,0,61.98
1752,8340,100988,64.01,20,64672,57.63,11,15.85
1760,38991,85739,42.48,21,36444,33.89,8,26.19
1762,54171,76918,45.52,16,35028,36.1,5,22.14
1773,16157,300000,75.13,58,225413,68.55,27,7.54
1776,3452,60107,65.78,32,39549,44.12,13,9.49
1777,3415,44592,59.59,9,26582,51.64,4,12.23
1780,3069,109075,76.17,42,83115,61.79,19,4.92
1781,35656,47408,44.52,22,21118,26.03,7,22.21
1783,38360,89698,63.86,20,57288,55.5,7,10.66
1784,34454,53121,29.16,15,15501,18.11,6,25.34
1785,122741,595980,47.47,115,282993,41.7,58,24.33
1786,44605,74828,52.41,27,39238,43.71,16,17.65
1788,7852,44521,50.02,15,22280,40.1,8,23.49
1789,25108,790739,76.83,54,607731,74.58,23,6.33
1794,131,1322,0,0,0,0,0,16.46
1795,41568,266874,57.2,30,152721,52.66,10,22.07
1796,7637,41460,55.71,12,23107,45.18,5,8.48
1799,5731,124690,68.13,9,84965,66.48,5,8.2
1802,192872,2908061,78.9,175,2294939,77.12,95,11.57
1805,9583,134970,77.75,38,104956,70.33,22,5.14
1806,24870,390404,74.52,60,291018,70.59,35,9.69
1807,7564,114403,47.35,37,54176,38.19,20,12.55
1808,28886,893032,79.51,93,710272,77.6,65,6.91
1809,55156,167042,48.16,32,80489,43.14,18,31.03
1810,19027,302304,66.96,73,202487,62.07,50,13.38
1813,9140,46636,47.76,16,22286,33.67,5,23.27
1814,452,18982,74.93,11,14225,57.36,6,4.45
1815,176878,585479,35.93,72,210407,32.62,44,37.5
1816,901,24515,94.8,2,23242,91.94,1,1.83
1817,4625,72600,65.17,26,47322,58.41,17,11.61
1818,135,11635,75.49,7,8785,63.87,5,1.46
1819,136,33504,84.42,17,28292,65.69,9,0.51
1903,21241,260039,80.98,65,210625,74.81,41,4.23
1904,333028,1108275,66.16,137,733503,61.76,65,13.81
1905,75246,1102835,71.31,70,786635,69.11,29,13.8
1906,12711,151000,74.47,26,112469,70.23,17,10.97
1907,85936,1660371,84.4,213,1401815,80.74,116,5.59
1909,84905,1327686,66.59,165,884358,61.98,67,8.71
1918,30894,241416,20.57,26,49710,17.59,15,31.78
2002,1356511,15734861,51.82,1512,8156399,48.07,475,16.55
2002A,5395,38268,22.5,10,8618,11.45,3,28.5
2006,63590,730214,79.51,154,580728,73.82,90,8.96
2007,27952,530652,76.6,12,406556,75.66,4,9.18
2008,7623,190852,92.33,18,176246,91.0,14,3.26
2009,49844,359622,56.29,13,202501,55.1,6,25.8
2010,35665,647655,68.56,117,444239,64.42,72,10.77
2012,44615,302163,84.09,80,254148,74.59,33,5.04
2013,44186,200000,79.54,25,159119,77.15,17,11.24
2014,176433,1435544,49.4,96,709392,46.63,30,20.39
2015,12103,581599,87.98,151,511837,81.75,92,3.01
2017,41280,446875,62.3,69,278490,58.09,35,12.97
2020,60239,267031,50.24,50,134236,45.2,30,17.17
2022,62906,337168,39.91,32,134629,36.83,15,22.33
2023,103482,1841240,78.73,115,1449950,76.95,61,7.24
2024,50574,97500,82.99,13,80930,80.76,9,7.0
2025,30407,172661,63.02,31,108854,59.05,19,11.58
2027,120797,2584261,73.91,380,1910387,69.79,204,8.48
2028,21697,325715,83.65,41,272505,81.21,28,6.53
2029,14585,321180,71.18,21,228690,68.39,6,8.92
2030,57316,280526,48.19,42,135235,44.61,26,20.54
2031,66934,321146,55.67,59,178852,50.48,32,17.81
2032,12275,130522,58.71,42,76656,47.65,19,17.95
2033,4982,80695,74.21,30,59893,61.48,16,8.32
2034,39350,528996,48.85,100,258479,42.46,42,16.3
2035,20845,350000,96.72,23,338567,96.25,21,0.64
2038,24574,194134,53.73,26,104342,49.51,13,17.41
2049,68276,353792,68.28,103,241624,60.3,56,14.89
2052R,5568,9170,10.19,2,935,0,0,49.58
2056,251,105000,94.01,44,98739,86.93,33,0.43
2058,37189,305370,25.86,63,79032,18.38,22,17.09
2059,19407,95297,66.7,31,63579,56.54,16,4.76
2060,135,35739,87.22,4,31173,87.22,4,0.33
2061,11014,57378,56.12,31,32213,31.67,8,12.37
2062,11544,199994,62.22,40,124482,56.01,17,12.83
2063,3385,48101,53.5,19,25741,37.47,7,12.85
2064,1638,69330,83.03,30,57582,72.43,16,4.52
2065,49413,63517,53.04,18,33706,43.8,9,19.32
2066,3125,44450,69.76,20,31013,53.56,8,11.05
2067,2261,45138,56.5,12,25510,49.07,6,10.37
2069,9530,166387,61.69,42,102682,52.16,18,13.08
2070,5962,41783,56.92,15,23791,47.35,8,23.04
2071,994,69046,83.7,24,57811,72.73,12,2.45
2072,9400,192000,75.58,28,145147,72.2,16,7.6
2073,628,27500,75.18,15,20678,51.57,6,3.3
2101,37173,733935,64.65,133,474635,58.64,61,8.77
2102,79415,473329,80.66,68,381812,76.08,34,5.66
2103,85488,825710,55.1,116,455219,50.17,47,12.63
2104,108436,984734,45.13,201,444528,36.39,64,12.5
2105,84287,3241416,80.5,300,2609781,77.93,161,6.0
2106,33386,954890,79.57,158,760026,75.0,85,5.29
2107,47901,303593,63.0,74,191336,57.23,43,13.92
2108,54701,492417,69.65,94,343111,64.63,56,12.12
2109,35136,279349,74.41,70,207933,66.65,35,5.86
2114,5419,77992,65.64,19,51202,58.8,9,11.09
2115,3824,104373,70.36,36,73459,58.67,17,6.23
2201,93027,1070001,63.67,112,681482,59.51,42,13.73
2204,40488,553620,74.76,60,414032,71.9,35,11.59
2206,69730,773676,84.2,101,651625,80.57,60,6.46
2207,15529,557103,89.26,114,497363,82.63,52,1.91
2208,123498,1274539,55.51,146,707731,50.54,43,15.08
2211,23656,417091,82.74,57,345199,78.94,33,6.6
2221,3449,42325,64.71,4,27392,64.71,4,14.63
2227,7680,300000,93.51,11,280532,93.27,10,3.66
2228,10015,79780,56.84,14,45350,53.88,10,21.24
2229,59,1462,41.04,1,600,0,0,7.78
2230,10345,68030,46.53,28,31672,28.12,10,16.78
2231,13526,135932,66.79,31,90813,62.8,20,14.82
2233,37878,60289,49.03,18,29570,34.23,4,24.09
2235,1374,35878,83.81,12,30076,76.02,8,6.63
2236,2819,63394,73.91,22,46868,63.29,11,5.35
2237,2108,121773,80.84,21,98462,74.65,8,3.38
2239,2759,117713,80.09,17,94293,78.13,13,4.45
2241,28605,104602,44.97,33,47062,34.49,15,16.48
2243,3090,69374,64.43,32,44711,47.78,14,8.3
2245,493,32400,77.76,10,25199,66.91,5,2.73
2246,2881,42613,68.53,3,29213,65.07,1,9.14
2247,8240,80711,76.68,14,61904,72.7,8,10.08
2248,990,47600,79.46,16,37834,71.79,11,3.27
2249,1168,25538,71.36,14,18233,54.36,6,6.84
2250,9080,36388,52.37,5,19060,48.97,3,20.61
2252,1918,106618,80.01,19,85333,74.25,9,3.81
2254,2653,63908,92.88,15,59372,87.89,10,1.4
2255,1969,60932,79.77,19,48616,73.25,11,4.51
2256,2332,39024,57.83,15,22576,42.65,5,11.23
2258,9232,1751267,93.78,53,1642559,92.66,24,1.16
2301,220137,2316108,78.24,431,1812656,73.5,263,11.67
2302,22294,166303,64.64,23,107541,58.66,9,18.6
2303,910033,12576985,76.82,1210,9664333,74.23,696,11.05
2305,21402,205661,68.84,27,141607,64.42,13,13.61
2308,547742,2597543,81.72,578,2123197,74.62,286,7.25
2312,214470,1505921,46.99,204,707869,42.78,99,25.67
2313,309310,1191821,56.5,200,673586,51.49,106,28.53
2314,53521,106126,9.71,15,10314,3.31,3,45.69
2316,58750,182741,67.33,48,123066,59.84,25,18.32
2317,1175047,14073424,69.05,1428,9720015,66.38,819,13.53
2318,28584,106036,26.94,15,28581,22.74,7,30.05
2321,14751,30272,70.97,3,21486,67.91,2,14.5
2323,137080,1089348,45.33,196,493939,38.78,77,18.02
2324,346536,4407147,62.07,586,2736429,58.38,325,17.43
2326,48343,40340,12.6,6,5098,6.42,2,45.82
2327,397030,2071465,73.9,373,1531263,68.96,212,12.72
2328,121607,518346,40.39,54,209476,36.62,26,31.33
2329,130484,658948,52.07,72,343276,47.84,29,25.89
2330,2898020,25932370,87.81,2606,22775002,85.09,1481,5.66
2331,57925,557403,57.94,57,323119,53.96,20,18.38
2332,94259,602170,42.84,113,258094,37.02,50,19.58
2333,87794,277761,28.95,56,80459,20.28,18,32.89
2335,6036,49506,35.56,13,17615,25.37,4,20.03
2337,464181,1981861,47.93,308,950154,43.2,152,29.51
2338,80772,366849,49.39,56,181278,44.74,30,24.55
2340,109982,438623,39.54,58,173477,34.61,23,26.82
2341,23878,6852,86.94,1,5957,86.94,1,8.92
2342,143369,157475,39.96,20,62951,34.41,6,37.04
2344,518872,4500000,71.18,480,3203532,68.12,259,15.53
2345,69189,561118,71.45,227,401058,57.02,99,4.2
2347,39762,1667947,89.13,265,1486854,85.39,165,4.04
2348,25227,151899,68.17,27,103578,65.47,20,14.83
2348A,2703,30000,65.81,6,19748,55.71,2,7.21
2349,145289,693680,29.22,115,202826,22.42,40,27.3
2351,27901,193864,71.1,78,137875,58.84,42,14.58
2352,190338,1580507,49.47,217,782105,44.5,89,19.15
2353,402443,3047854,38.02,351,1159393,33.92,146,26.13
2354,199590,1414485,44.73,115,632949,42.27,56,28.39
2355,81411,397495,39.23,97,156026,31.97,49,31.49
2356,271085,3587475,72.95,377,2617898,69.81,196,14.44
2357,129284,742760,72.39,210,537789,62.72,99,12.51
2358,39776,136623,27.69,17,37848,23.45,7,27.37
2359,63220,171471,47.41,35,81336,39.88,17,33.94
2360,31922,425246,70.95,189,301800,54.24,75,3.01
2361,19327,46544,52.93,6,24642,47.2,2,20.72
2362,33925,622263,79.27,110,493326,75.4,72,8.73
2363,129362,514988,38.8,69,199922,34.61,35,32.51
2364,56536,52389,55.02,10,28829,51.35,7,23.26
2365,99836,221528,24.57,35,54472,18.88,14,45.27
2367,203017,706253,26.78,82,189304,23.42,43,43.45
2368,87459,524072,78.21,128,409975,70.25,62,7.37
2369,123668,380102,38.99,53,148288,35.83,35,33.64
2371,276363,2150835,46.72,285,1005297,41.79,114,20.11
2373,14294,236203,87.25,28,206102,86.03,24,6.99
2374,106084,336570,28.05,48,94467,22.26,19,38.07
2375,74373,108675,34.66,27,37681,26.88,14,45.8
2376,107565,669889,69.14,158,463248,61.55,79,16.27
2377,119513,844856,61.91,166,523310,55.57,80,21.07
2378,17801,141166,33.7,25,47605,26.89,9,20.34
2379,88207,515513,74.06,209,381879,58.52,83,6.62
2380,22668,60000,36.4,9,21847,32.74,5,32.66
2381,2568,119,0,0,0,0,0,32.57
2382,270474,3862627,85.44,500,3301069,81.48,261,7.86
2383,87336,358321,69.09,126,247577,57.96,61,5.57
2384,158013,2047778,28.01,329,573736,20.95,96,18.9
2385,50560,760053,74.97,177,569949,68.69,101,10.92
2387,17003,195251,57.8,29,112894,51.86,13,17.83
2388,59197,555956,68.41,72,380442,64.89,41,16.03
2390,61980,192619,39.63,27,76374,33.93,9,26.69
2392,67967,512327,48.49,59,248536,44.13,21,24.46
2393,51021,443393,67.97,128,301431,60.24,72,13.77
2395,35157,869046,85.4,200,742285,78.03,94,3.31
2396,56612,1276356,45.5,239,581138,37.06,63,10.89
2397,9392,114489,69.39,15,79460,67.19,11,14.14
2398,38482,413118,36.5,47,150874,32.58,20,19.21
2399,55304,178100,34.19,38,60924,26.7,18,36.83
2401,130906,591995,44.03,99,260779,38.67,46,24.78
2402,83901,307537,38.5,48,118448,34.19,26,33.47
2404,64149,190587,53.83,71,102636,39.25,28,17.36
2405,98196,343427,24.08,43,82770,19.18,16,31.41
2406,110223,350906,37.37,62,131242,31.08,30,31.53
2407,48734,734940,37.8,178,277952,27.81,56,11.92
2408,354849,3450206,82.84,270,2858497,80.83,152,9.24
2409,658612,7547099,48.81,902,3685480,44.25,339,18.14
2410,12559,160015,36.32,51,58155,23.68,16,11.18
2412,296774,7757447,79.85,517,6195400,78.03,293,6.66
2413,25959,127359,59.41,31,75691,51.49,15,22.68
2414,15711,161736,59.86,48,96844,48.53,18,14.09
2415,9128,90000,63.31,20,56991,58.53,12,17.37
2417,61097,157219,42.9,21,67468,39.71,13,31.41
2418,64551,1023608,47.74,137,488867,42.09,39,12.99
2419,38476,321317,64.92,15,208665,62.98,3,18.1
2420,38326,152649,50.95,41,77809,40.56,16,20.07
2421,62183,286944,57.01,95,163629,45.89,40,21.12
2423,6415,145047,75.4,32,109390,69.49,17,6.38
2424,4339,59585,81.94,6,48834,79.44,4,7.27
2425,39953,96499,49.98,26,48248,38.44,8,27.31
2426,100791,300622,47.9,61,144073,43.12,39,25.18
2427,21252,198000,53.49,14,105941,50.39,5,20.58
2428,16063,128113,64.33,38,82436,52.83,15,15.09
2429,26774,85500,53.36,20,45639,43.46,7,21.47
2430,38241,116800,63.62,24,74344,56.99,11,15.54
2431,52238,110927,42.23,17,46861,34.92,3,24.19
2432,1300,61860,76.63,8,47410,72.89,4,4.76
2433,7993,144496,79.02,18,114200,77.86,14,10.47
2434,4852,37000,80.15,4,29658,77.32,2,9.49
2435,8979,74737,32.25,10,24117,28.33,4,21.89
2436,72450,204178,28.99,46,59233,21.41,20,40.74
2438,26130,71196,58.39,21,41583,49.38,12,15.56
2439,71313,253645,34.66,57,87943,26.61,24,33.51
2440,8834,139117,70.35,27,97897,66.87,19,10.41
2441,57836,568846,69.23,89,393934,63.89,41,16.5
2442,48458,325232,57.54,63,187199,50.33,25,11.65
2443,30679,150909,55.24,45,83392,45.96,24,12.89
2444,36146,101570,28.05,21,28501,18.06,5,22.64
2445,6219,48174,15.69,7,7566,12.44,4,26.58
2449,205799,1222745,68.32,278,835549,61.9,151,16.61
2450,17486,258253,77.2,19,199429,75.97,14,11.2
2451,43682,431346,72.43,66,312479,67.72,33,13.13
2453,25746,100000,46.09,13,46110,40.29,4,28.53
2454,572904,1603895,74.96,485,1202599,64.93,225,7.77
2455,70589,186983,51.48,74,96294,37.99,33,24.69
2457,113640,424772,30.49,54,129555,25.69,22,31.08
2458,61231,303880,60.2,96,183008,49.98,46,19.46
2459,15327,105596,53.08,32,56075,42.01,11,14.48
2460,45653,169200,59.04,21,99938,54.13,7,16.61
2461,50676,191888,45.81,57,87947,36.78,29,18.37
2462,26335,150784,55.96,35,84411,50.3,21,17.05
2464,92287,217040,45.98,53,99831,37.72,24,31.38
2465,48907,93946,35.67,13,33526,29.58,3,30.27
2466,4090,173459,87.93,49,152563,83.07,36,3.21
2467,47826,161441,69.39,56,112045,60.27,32,12.5
2468,10871,69961,51.1,3,35759,50.02,2,27.77
2471,36689,47254,25.03,16,11837,6.74,1,41.15
2472,37144,164735,59.45,49,97960,49.32,23,23.26
2474,59450,538821,69.42,95,374146,65.5,64,15.6
2475,226879,6479454,71.12,1104,4609422,64.54,430,6.14
2476,20026,219194,66.2,66,145133,57.75,36,12.49
2477,9739,158573,73.47,40,116536,66.97,23,10.79
2478,52284,144731,66.28,52,95937,58.77,31,15.63
2479,13085,37738,32.36,6,12217,25.58,1,31.69
2480,42560,106360,30.43,33,32370,17.9,11,27.31
2481,80898,382115,67.55,91,258233,61.07,55,19.23
2482,38640,77883,41.51,14,32344,35.02,6,29.6
2483,9104,107890,64.34,25,69442,61.24,19,14.1
2484,75468,159421,41.12,36,65583,35.97,23,33.37
2485,145363,317689,19.67,32,62528,16.45,15,50.83
2486,81512,240516,40.14,55,96595,32.91,26,27.45
2488,40462,79999,52.97,26,42394,45.15,15,18.12
2489,133036,610000,31.36,76,191373,28.05,42,35.77
2490,15444,163207,21.31,30,34803,15.32,12,21.72
2491,13105,82008,74.46,24,61071,66.54,15,10.96
2492,82192,485205,73.36,71,356068,69.42,41,15.8
2493,42405,126797,57.39,40,72799,46.36,19,18.43
2494,10299,41493,81.47,10,33810,73.05,5,9.77
2495,39137,273552,50.01,42,136867,45.47,23,23.61
2496,4219,19100,49.57,9,9470,35.07,4,17.73
2497,11489,130888,68.55,37,89752,57.39,16,14.63
2498,165789,836097,39.39,138,329459,33.7,63,26.77
2499,47878,461172,44.11,81,203506,37.9,35,15.38
2501,44682,1159561,77.86,160,903109,73.11,75,7.45
2504,89650,1180000,75.38,205,889715,70.49,112,7.1
2505,24074,380000,79.78,66,303209,75.78,40,6.35
2506,65956,387000,76.88,77,297594,71.63,45,8.81
2509,16834,224551,69.78,46,156766,63.87,24,10.33
2511,46897,1623326,79.93,294,1297953,74.33,146,3.8
2512,43993,490572,34.18,96,167810,25.03,22,14.75
2514,17837,394729,88.04,51,347563,84.78,31,3.76
2515,140348,1607904,60.98,297,980610,53.82,114,10.07
2516,49373,226278,71.72,63,162356,63.17,36,7.24
2520,79775,609487,71.65,100,436781,67.58,59,9.79
2521,25343,319745,35.24,57,112767,25.83,11,15.89
2523,14067,228373,44.65,58,102027,35.94,25,12.22
2524,7784,365984,93.15,37,340970,91.73,28,2.44
2525,52628,650757,31.69,172,206317,20.25,50,15.11
2527,8483,270306,80.18,34,216780,74.94,11,5.59
2528,8472,435996,83.96,82,366167,79.59,50,2.9
2530,31266,841256,85.63,139,720479,81.8,90,2.36
2533,14070,153042,38.26,37,58587,26.06,7,17.09
2534,63460,474228,71.57,109,339500,64.88,60,7.86
2535,63402,270794,61.97,66,167874,55.76,35,14.79
2536,8752,332809,77.79,84,258957,69.12,39,4.42
2537,44430,300558,58.48,67,175810,51.41,31,13.18
2538,28650,445025,75.35,134,335421,66.8,72,4.6
2539,19872,1193103,86.83,121,1036258,84.27,71,2.99
2540,17685,944874,91.04,83,860497,88.98,53,2.79
2542,114076,2153084,62.27,245,1341093,58.56,112,11.1
2543,33156,528542,71.16,73,376204,66.86,37,9.52
2545,16588,379735,76.99,44,292443,73.95,26,8.48
2546,53445,130524,62.45,20,81526,58.78,11,14.66
2547,75408,1035095,70.02,186,724951,63.31,79,6.02
2548,39139,319719,51.26,107,163971,39.04,45,18.95
2553,19323,81658,18.71,13,15299,10.95,4,33.85
2566,325,2416,0,0,0,0,0,31.89
2569,61,11552,83.38,2,9634,74.73,1,0.61
2591,80,817,0,0,0,0,0,18.25
2592,57,10494,90.43,4,9490,82.1,3,1.35
2596,3344,100000,72.3,29,72322,61.73,14,5.95
2597,13490,310716,81.33,40,252743,78.21,25,5.46
2599,1386,98524,65.89,41,64932,51.65,16,2.14
2601,105383,824776,32.46,112,267927,26.76,36,21.12
2603,325533,2165043,69.42,344,1503369,64.53,179,16.1
2605,107643,585353,52.4,95,306840,47.79,48,20.3
2606,54364,845056,74.3,108,628030,71.46,69,12.05
2607,40011,533571,76.69,84,409316,70.34,33,9.12
2608,52381,467000,76.64,68,358000,71.75,33,10.77
2609,396861,3492104,55.29,317,1931644,52.43,156,22.98
2610,249507,6144989,72.49,514,4455639,69.73,239,9.53
2611,50855,189002,46.56,23,88051,43.06,12,22.47
2612,38001,197485,73.28,16,144755,68.35,2,11.54
2613,40094,148423,55.94,28,83063,49.46,11,20.98
2614,101338,327265,47.67,44,156082,43.19,20,23.12
2615,120716,2806146,85.02,259,2386418,82.57,151,7.19
2616,214872,137282,45.15,18,62004,41.0,9,30.2
2617,29216,417294,62.36,58,260325,58.06,27,15.31
2618,218443,5400444,79.41,613,4289496,76.2,339,7.49
2626,297,2890,0,0,0,0,0,25.38
2630,21664,209438,64.97,15,136128,62.38,6,18.82
2633,107602,5628293,86.26,302,4855828,84.41,137,4.32
2634,104040,941867,51.27,75,483002,48.72,35,21.67
2636,56192,141835,41.23,32,58494,34.77,17,29.7
2637,29296,746409,80.96,139,604374,76.0,81,6.77
2639,1106,99999,99.01,2,99010,99.01,2,0.48
2640,3420,59265,73.52,25,43590,58.31,11,6.01
2641,80812,330334,28.42,44,93977,23.55,15,29.14
2642,19936,95467,60.38,7,57646,60.38,7,27.33
2643,4279,35000,65.15,10,22807,58.55,7,17.63
2644,2511,82952,79.61,32,66043,75.4,27,3.94
2645,20330,374571,86.26,42,323165,81.93,17,6.22
2646,243973,3008735,65.07,132,1958415,63.35,48,16.45
2701,14966,449968,86.26,37,388179,84.44,24,3.71
2702,12503,156613,73.69,18,115431,72.53,15,9.59
2704,30751,366923,88.44,72,324591,83.34,43,3.24
2705,83235,191313,67.06,43,128335,61.05,24,14.38
2706,16352,499998,85.21,57,426172,81.54,26,3.69
2707,18390,127403,60.88,17,77583,54.75,4,20.06
2712,2051,105000,90.8,19,95364,86.86,13,3.47
2714,3943,1140,0,0,0,0,0,87.12
2718,2612,87576,88.16,16,77213,88.16,16,3.5
2719,3348,69182,91.02,4,62977,89.53,2,5.24
2720,2752,80000,61.03,27,48837,48.9,12,3.59
2722,5047,143170,87.43,31,125204,82.36,20,5.05
2723,9689,180000,68.67,38,123638,60.84,17,9.67
2724,1033,59656,83.61,10,49880,79.45,5,1.73
2726,2509,37922,65.7,16,24926,52.1,8,8.99
2727,150486,82940,36.88,32,30603,18.08,8,27.48
2729,6304,43041,66.32,13,28552,57.11,7,16.41
2730,2322,37215,86.67,2,32256,86.67,2,2.97
2731,30890,93278,42.88,22,40022,33.73,9,29.43
2732,6194,46519,58.7,19,27307,53.51,14,21.01
2733,699,24598,77.24,8,19003,75.09,7,4.72
2734,28770,57260,36.63,11,20982,31.34,6,25.53
2736,6458,79972,55.95,17,44764,46.33,7,14.68
2738,57,67381,97.88,6,65966,94.86,3,0.02
2739,5604,91526,73.59,20,67371,67.9,12,10.86
2740,2906,16762,72.53,2,12158,72.53,2,2.81
2741,1735,22588,65.13,8,14717,53.96,4,12.5
2743,6822,46815,52.86,8,24755,50.27,6,24.2
2745,4992,33809,52.99,6,17918,51.33,5,23.2
2748,9788,105779,61.31,6,64870,58.44,1,17.25
2749,248,20800,75.15,16,15634,33.27,2,2.43
2750,180,60000,98.53,18,59126,88.06,10,0.13
2751,1568,19814,60.41,1,11970,60.41,1,11.23
2752,2586,26694,63.88,16,17056,40.89,6,8.96
2753,11970,66645,54.75,19,36493,43.66,8,17.69
2754,4460,46907,73.08,6,34286,66.51,1,11.58
2755,3318,37540,63.52,12,23853,59.36,9,10.18
2756,1656,24598,73.24,14,18020,53.58,6,8.98
2758,7493,20486,73.57,13,15075,46.27,6,8.27
2760,171,13000,88.28,6,11478,83.93,5,1.1
2761,682,17337,57.71,9,10010,46.15,6,5.97
2762,6095,112500,86.39,23,97203,80.91,13,5.17
2801,269528,11766046,77.35,1298,9102599,73.6,576,3.91
2807,7198,3172,0,0,0,0,0,75.83
2811,52326,292500,34.4,66,100673,26.28,28,22.95
2812,245379,6021626,58.87,756,3545700,53.77,235,7.34
2816,11134,223608,79.78,32,178470,74.79,13,5.16
2820,74045,1342960,66.15,150,888742,62.2,59,8.05
2825,9460,12562,5.68,1,714,0,0,59.95
2827,30325,129587,36.73,31,47624,29.68,16,20.51
2831,42131,1192806,62.0,167,739904,57.14,70,7.68
2832,19448,253540,69.2,48,175502,62.91,22,7.75
2834,379586,9718062,61.16,1386,5946111,55.54,477,6.71
2836,35258,1839917,85.2,176,1568071,82.27,85,3.32
2836A,2838,40000,38.74,9,15498,30.5,4,7.83
2838,47640,4340552,90.71,250,3938701,89.0,127,1.78
2838A,6031,200000,69.08,44,138206,62.52,24,6.09
2841,60359,960944,57.39,179,551719,50.11,62,7.39
2845,101822,4865285,74.39,631,3619854,69.61,244,3.82
2849,10005,1957609,98.47,59,1928084,97.93,41,0.53
2850,18264,315963,67.84,93,214381,57.43,42,9.82
2851,28471,800389,70.93,113,567937,66.45,52,7.7
2852,22297,301164,65.38,106,196972,52.92,50,7.75
2855,62440,1601414,75.71,243,1212865,70.49,106,5.95
2867,68274,5899501,85.35,622,5036054,81.85,275,2.36
2880,479650,13916965,81.31,1126,11318331,78.88,560,4.23
2881,389547,14007365,86.31,986,12092226,84.19,497,4.5
2881A,18512,600000,90.55,69,543377,88.1,45,3.34
2881B,18355,666660,94.9,69,632762,92.0,40,1.89
2881C,54308,333330,84.82,52,282792,80.96,31,6.19
2882,411399,14669210,85.57,1231,12555353,83.21,669,4.85
2882A,18800,833300,94.86,80,790640,93.34,61,1.72
2882B,19300,700000,95.93,59,671725,94.39,43,1.67
2883,742384,16974847,67.26,1951,11420073,63.32,842,6.91
2883B,70119,1582142,65.56,395,1037709,55.79,147,6.72
2884,595625,16174000,72.3,2067,11696162,67.87,894,6.99
2885,451121,13331150,82.97,1236,11064752,80.43,681,5.05
2886,461528,14833378,83.07,815,12323203,81.6,465,5.71
2887,707119,24866399,74.62,3022,18560926,70.45,1291,4.96
2887E,12810,500000,86.88,59,434528,84.84,44,3.1
2887F,13234,300000,89.76,33,269320,85.86,18,3.44
2887G,17289,75000,46.26,23,34711,35.2,9,11.7
2887H,21099,219668,70.05,60,153910,62.63,33,7.0
2887I,274498,3096421,72.81,561,2255209,65.93,225,8.84
2887Z1,18528,300000,89.81,28,269499,87.05,15,3.26
2889,220255,3633563,73.77,355,2681171,71.18,204,7.5
2890,450440,14492322,80.81,1559,11713191,77.59,813,4.67
2891,573787,19676898,82.19,1829,16176006,79.44,946,4.98
2891B,25070,333330,95.89,38,319696,93.54,25,2.36
2891C,24500,166660,93.85,22,156441,91.02,16,3.66
2892,447371,14379469,71.09,1694,10224610,67.17,749,5.79
2897,28842,2805358,85.53,361,2399838,81.3,169,2.51
2897B,5047,250000,83.41,59,208555,78.08,37,4.35
2901,13786,73043,79.21,20,57877,71.66,10,7.93
2902,11495,146889,47.66,41,70032,35.95,17,12.61
2903,59139,1416941,79.84,157,1131600,76.58,80,6.42
2904,17057,77834,54.26,9,42244,50.17,4,17.33
2905,27884,1110372,83.97,131,932601,80.33,65,3.74
2906,17960,209117,64.78,35,135499,59.57,15,11.85
2908,11149,509888,91.78,50,468061,89.69,33,2.48
2910,1345,175403,96.83,40,169875,93.23,31,0.46
2911,39850,105126,46.19,21,48583,40.7,10,25.35
2912,74469,1039622,84.3,143,876543,79.81,65,7.65
2913,114203,790000,57.04,142,450709,50.38,54,14.31
2915,60333,1104319,68.74,189,759339,62.62,80,8.87
2916,4655,64627,58.81,18,38014,50.93,11,13.2
2920,979,12457,35.71,1,4449,35.71,1,18.26
2923,5294,1740297,99.5,15,1731832,99.39,11,0.21
2924,463,52036,89.58,9,46623,84.08,5,1.0
2926,2157,47390,74.54,14,35331,64.83,7,6.04
2929,50650,109494,30.99,17,33940,24.92,6,19.02
2936,155,76056,99.51,6,75691,98.55,5,0.23
2937,942,43542,84.56,20,36827,71.58,12,2.24
2938,726,20140,80.64,4,16242,78.56,3,6.01
2939,7110,45549,75.95,27,34604,58.11,15,3.94
2940,240,25184,57.65,16,14525,17.32,2,1.16
2941,3079,15390,66.47,14,10233,20.62,2,4.54
2942,1636,60000,90.71,10,54436,88.06,7,2.89
2945,3117,67500,83.48,6,56353,83.48,6,7.32
2947,11487,21493,63.28,9,13604,55.2,6,4.99
2948,1073,31000,80.35,15,24911,69.03,9,5.3
2949,2842,30641,82.55,15,25299,67.5,9,4.41
3001,6687,76012,19.37,16,14749,10.63,5,19.45
3002,9461,102000,65.36,22,66683,58.01,10,15.03
3003,17598,155655,57.79,41,89977,51.34,25,20.69
3004,17881,64383,60.38,18,38892,48.37,5,13.91
3005,54804,624570,70.12,111,438101,65.25,63,12.57
3006,71173,298128,52.79,82,157429,43.7,38,24.33
3008,107406,130798,55.35,52,72428,37.49,12,14.38
3010,50437,259437,62.84,75,163082,52.8,33,12.96
3011,48911,129601,37.2,29,48245,28.74,10,18.63
3013,48750,205139,45.67,30,93721,39.82,11,31.48
3014,50683,165979,35.14,45,58343,22.83,13,28.61
3015,17863,187262,63.56,54,119092,55.73,30,16.79
3016,35973,290357,74.22,38,215570,70.67,22,14.42
3017,142916,392725,65.59,139,257668,52.77,55,10.09
3018,36829,75378,64.28,6,48462,62.19,3,17.95
3019,94844,279244,39.99,51,111741,33.37,22,36.03
3020,1637,122696,99.45,1,122032,99.45,1,0.48
3021,8628,94890,70.47,19,66891,65.24,13,13.66
3022,18701,176598,60.8,40,107414,54.05,21,16.46
3023,52471,240069,68.69,104,164942,54.68,49,7.98
3024,58058,277157,47.95,79,132931,36.25,32,15.35
3025,41017,56736,26.82,14,15230,14.37,3,31.03
3026,58582,165890,56.06,72,93035,41.16,32,20.74
3027,47684,129960,42.55,29,55320,33.89,10,24.53
3028,54055,237241,46.02,47,109199,40.96,28,24.5
3029,66110,167005,39.58,31,66135,33.97,16,32.45
3030,37791,236216,56.33,44,133097,50.01,20,18.94
3031,18022,173203,59.51,16,103092,57.26,11,20.39
3032,33466,113286,51.39,26,58233,43.9,11,18.27
3033,99130,516667,42.16,103,217928,35.77,49,24.39
3034,100123,608511,70.28,202,427760,58.94,99,11.65
3035,116215,260550,30.72,36,80099,25.99,17,43.26
3036,73357,1270582,86.36,230,1097547,81.58,131,5.06
3037,341867,1591323,75.61,375,1203598,68.11,184,11.19
3038,49988,157408,42.65,34,67166,33.23,12,24.5
3039,5432,66387,33.19,23,22045,17.62,7,10.36
3040,12655,66225,69.09,16,45766,64.59,10,11.51
3041,69588,140224,27.5,17,38578,21.73,5,38.33
3042,86504,342993,59.87,101,205404,51.74,55,21.01
3043,54710,38976,19.07,7,7436,14.41,3,36.28
3044,35501,525606,80.48,187,423042,70.35,99,6.04
3045,60702,3723431,92.81,366,3455975,90.49,230,2.82
3046,20608,78448,51.77,10,40636,45.4,2,21.56
3047,68549,224762,19.82,29,44598,15.02,9,36.71
3048,80782,269830,51.25,46,138353,45.88,22,26.05
3049,121067,802011,47.05,72,377565,43.47,24,23.06
3050,42274,154984,52.35,32,81171,44.45,12,18.52
3051,67529,167000,34.35,29,57406,25.63,6,26.64
3052,49147,233246,57.08,64,133187,48.18,28,9.19
3053,1492,7959,54.35,6,4327,27.94,2,15.43
3054,3521,80651,87.79,13,70822,85.16,10,3.62
3055,25299,114975,69.84,30,80324,62.91,18,13.34
3056,71981,480555,33.39,74,160551,27.13,25,19.42
3057,37297,67865,33.97,8,23064,30.99,5,31.2
3058,50116,201723,22.78,32,45967,16.88,12,25.99
3059,98186,307702,24.13,49,74296,19.02,23,39.29
3060,69573,137563,27.03,31,37215,20.46,16,30.64
3062,74193,330092,24.52,60,80976,17.41,21,35.93
3064,2966,13011,63.47,3,8260,60.15,2,10.24
3065,1476,183911,83.6,33,153771,78.84,19,2.48
3066,5132,83071,72.69,15,60396,68.04,9,10.73
3067,763,20000,71.34,4,14273,63.63,2,3.59
3069,1426,3000,35.56,1,1067,35.56,1,24.45
3070,172,7275,51.25,5,3730,18.25,1,4.13
3071,11212,110000,58.93,12,64842,56.52,7,20.13
3072,58,373,0,0,0,0,0,29.78
3073,4401,39511,55.14,18,21798,37.71,9,16.27
3075,432,7784,70.66,4,5500,70.66,4,9.59
3077,90,722,0,0,0,0,0,34.59
3078,58401,227391,38.47,54,87514,29.58,23,28.65
3079,4375,47641,32.0,12,15256,19.24,3,17.9
3081,67432,92517,46.86,33,43366,34.48,15,18.72
3082,66,455,0,0,0,0,0,24.02
3083,8991,86487,56.2,8,48620,53.1,4,20.47
3084,226,1873,0,0,0,0,0,19.01
3085,3033,69019,89.64,4,61880,87.92,2,2.93
3086,8071,272711,85.93,28,234409,83.2,16,4.72
3087,444,51311,97.94,1,50259,97.94,1,1.42
3088,16134,111071,49.41,27,54902,38.37,8,21.67
3090,59480,287567,69.36,65,199511,62.67,33,16.25
3091,96,186,0,0,0,0,0,52.26
3092,32229,106649,37.03,21,39517,30.23,10,22.58
3093,8230,145156,78.06,18,113324,72.55,7,10.1
3094,42395,83117,16.03,11,13339,11.43,4,43.42
3095,25335,10000,33.07,4,3308,14.01,1,27.19
3096,670,23118,49.48,7,11443,38.06,3,6.2
3097,655,75086,86.93,15,65289,81.35,9,1.58
3098,76,1395,0,0,0,0,0,15.12
3099,13823,225202,37.56,68,84641,23.15,16,10.54
3105,139925,423940,52.25,91,221594,46.89,54,29.03
3114,7977,65130,51.86,18,33784,43.23,10,19.29
3115,17929,72198,86.25,10,62280,85.38,9,2.43
3117,1567,22800,54.39,8,12405,42.59,4,12.75
3118,41696,32453,36.9,14,11979,15.06,3,18.09
3122,45997,40772,26.72,10,10899,15.89,4,34.46
3126,2747,48752,44.04,14,21476,31.82,3,5.69
3128,48905,47317,30.08,9,14235,23.78,5,29.08
3130,7037,33191,60.51,10,20086,55.66,7,21.07
3131,21793,29868,47.43,11,14171,37.0,6,10.56
3133,493,27262,63.27,14,17256,46.91,7,3.25
3135,18294,97159,50.7,19,49280,43.09,9,26.18
3137,80,1883,0,0,0,0,0,7.7
3138,32272,56396,27.84,12,15713,18.99,4,42.2
3141,32694,75461,15.86,16,11988,5.21,3,41.1
3142,5176,203398,51.24,71,104263,38.71,30,5.04
3147,7392,43687,56.78,14,24817,49.99,9,17.44
3149,63207,226234,23.05,42,52194,16.51,18,37.15
3150,5772,44377,56.36,13,25021,46.27,5,7.28
3151,657,8265,45.63,3,3772,26.17,1,12.0
3152,8485,39016,44.58,16,17403,27.99,7,21.26
3158,1737,30638,37.45,12,11480,23.41,5,9.04
3159,483,5840,28.6,2,1671,20.39,1,16.26
3161,179,32583,94.26,16,30722,82.62,10,0.96
3162,14999,154341,61.0,26,94188,56.7,15,14.94
3163,86527,80541,33.76,25,27210,23.5,10,39.89
3164,22912,86010,55.09,35,47400,39.98,15,17.56
3166,98,23374,96.38,2,22532,94.66,1,0.79
3167,24834,90308,59.06,34,53355,48.02,17,15.59
3168,2564,75100,75.29,20,56556,66.82,11,6.05
3169,27496,63307,35.22,10,22307,30.19,5,26.59
3171,2289,33118,76.93,5,25481,71.98,3,8.36
3176,46258,139307,33.91,26,47264,28.5,14,22.44
3177,206,4124,75.01,2,3094,60.61,1,14.47
3178,4353,45050,65.75,11,29626,61.31,7,16.1
3179,110,9847,30.35,4,2989,16.07,1,1.36
3184,3270,63074,58.12,19,36665,50.12,9,12.06
3186,2285,30000,77.49,2,23249,77.49,2,8.98
3188,7535,189088,75.62,43,143023,68.44,20,6.38
3189,137830,526916,72.85,110,383974,66.56,58,15.18
3190,59,14308,74.69,5,10689,71.03,4,0.41
3191,18450,43597,53.45,9,23308,46.71,4,12.79
3202,37708,129345,24.59,21,31836,19.46,9,27.44
3205,31595,67546,66.33,8,44819,61.71,3,10.97
3206,23420,58917,53.76,21,31686,42.3,11,18.14
3207,20992,66422,41.05,26,27276,23.77,8,16.56
3208,107,3025,46.49,1,1406,46.49,1,7.97
3209,54670,235391,47.6,63,112089,39.24,31,18.74
3211,77774,154387,52.09,46,80451,42.57,23,28.64
3213,47387,58686,29.93,18,17579,16.7,4,31.54
3217,14657,90104,46.96,28,42323,30.28,5,23.73
3218,18476,84725,56.78,19,48119,50.46,10,23.2
3219,4119,71781,81.49,8,58513,77.44,4,7.67
3221,48327,105062,30.76,40,32347,11.06,6,38.76
3224,16670,78173,71.88,28,56206,63.48,17,8.62
3226,1295,64431,86.59,25,55808,70.05,8,2.12
3227,54833,151938,43.94,51,66784,32.36,20,28.86
3228,35253,71511,24.15,14,17282,19.23,8,36.0
3229,9941,64263,70.0,4,44996,67.46,2,12.2
3230,19630,86011,53.96,21,46436,46.8,11,16.94
3231,404220,3180412,62.81,505,1998359,58.54,281,19.81
3232,14731,46568,58.29,21,27156,43.65,9,9.84
3234,39569,111475,32.99,27,36794,23.45,10,28.47
3236,64191,105001,37.5,24,39393,31.67,14,36.6
3237,105,1499,0,0,0,0,0,18.39
3252,2695,50196,78.74,22,39538,68.68,14,6.98
3257,28774,79824,44.99,12,35930,37.11,3,26.57
3258,92093,273971,10.17,23,27934,7.56,10,43.13
3259,3924,72966,70.45,25,51424,62.79,16,7.72
3260,149466,333996,29.03,57,97010,23.97,30,39.74
3264,72284,490170,71.99,121,352971,65.22,67,11.9
3265,16949,136262,65.64,22,89457,58.93,7,17.34
3266,3853,352314,90.32,28,318292,89.13,21,1.91
3267,534,17066,29.55,3,5044,26.87,2,6.44
3268,42812,34721,32.32,9,11227,27.91,6,23.49
3272,9239,61177,50.8,11,31083,45.96,6,19.71
3276,47117,69713,58.66,13,40904,52.01,4,13.11
3279,113,966,0,0,0,0,0,17.27
3283,149,6673,49.5,5,3305,15.08,1,4.48
3284,22027,108482,70.22,20,76192,67.57,15,9.59
3285,10108,42735,64.59,19,27610,51.2,10,9.89
3287,4095,43970,58.34,11,25661,48.76,4,17.37
3288,11454,16380,48.2,5,7898,36.75,2,19.72
3289,57515,86746,32.52,31,28235,17.16,11,33.64
3290,26011,90215,58.51,33,52806,47.2,17,12.88
3293,107768,281802,53.77,70,151564,45.4,34,21.97
3294,16984,132016,52.98,25,69959,47.85,15,24.46
3296,7228,96724,76.93,31,74419,71.49,23,7.62
3297,9887,36049,49.33,12,17791,36.6,6,29.0
3301,997,124326,79.23,40,98518,70.3,24,2.14
3303,14294,94091,47.53,31,44734,36.8,16,17.35
3304,424,14069,33.55,7,4721,9.88,1,6.53
3305,59022,144723,49.03,30,70985,41.71,14,28.18
3306,29845,50608,47.87,7,24237,43.14,3,26.07
3308,10534,60000,61.62,8,36977,58.86,6,20.37
3310,1764,74948,82.15,32,61583,69.86,19,3.21
3311,39386,100000,56.69,19,56708,50.3,8,19.4
3312,69692,182627,45.08,20,82352,42.55,12,30.69
3313,34377,221134,76.01,21,168118,74.28,15,9.45
3317,61356,90000,32.18,16,28979,26.76,8,39.73
3318,925,52256,56.8,19,29689,41.84,6,3.13
3321,28262,86114,48.26,22,41582,37.36,7,14.58
3322,65067,137582,37.49,29,51595,31.21,14,18.84
3323,69712,99593,22.13,16,22058,14.42,4,44.76
3324,85212,93077,44.93,30,41838,27.55,6,32.26
3325,61735,110169,30.32,33,33418,14.7,6,23.18
3332,1745,48104,86.89,15,41805,77.9,9,3.13
3334,126,24680,91.54,5,22594,89.35,4,1.02
3338,62556,87908,31.12,17,27374,23.78,6,37.62
3339,31386,66568,25.62,14,17068,16.95,5,33.6
3342,762,40910,53.13,17,21746,33.08,5,4.33
3343,870,58794,44.65,10,26267,39.28,5,3.62
3345,101,36301,95.55,2,34688,93.93,1,0.42
3346,39328,121228,26.34,18,31957,20.5,8,29.02
3349,1740,46072,47.51,25,21903,24.44,8,6.22
3350,927,21687,13.98,6,3034,0,0,10.9
3354,6599,70112,72.4,7,50764,70.67,5,13.96
3356,36268,79942,31.88,15,25504,25.75,7,29.82
3357,21687,116386,57.47,43,66919,42.83,16,18.77
3360,47279,76402,27.07,15,20692,19.13,5,32.28
3361,389,49553,81.55,18,40421,68.18,8,1.21
3362,31119,147445,60.13,45,88691,50.22,22,21.81
3363,67496,113641,43.58,35,49555,32.13,15,26.42
3364,216,2701,0,0,0,0,0,18.15
3369,4642,28946,56.18,3,16264,54.38,2,16.23
3372,53308,175324,48.39,28,84874,44.37,16,22.2
3373,35464,47619,26.25,4,12506,24.87,3,32.66
3374,50600,271364,60.74,38,164886,57.79,24,22.83
3376,51967,195780,44.92,63,87987,34.07,25,26.84
3377,241,19653,64.25,12,12631,35.71,2,2.0
3379,30039,38042,27.4,5,10429,24.78,3,36.92
3380,42328,541718,67.18,39,363965,64.81,17,13.72
3383,11636,75000,48.43,18,36336,38.5,6,16.72
3388,12444,77809,41.1,17,31995,30.85,5,27.6
3390,56745,79330,31.56,20,25055,19.49,4,24.42
3391,929,68860,66.03,27,45483,51.03,10,2.73
3394,163,1180,0,0,0,0,0,26.58
3397,1817,9043,0,0,0,0,0,46.56
3402,39244,73048,31.41,11,22961,25.99,5,36.1
3404,50,653,0,0,0,0,0,21.09
3406,34319,112743,56.64,52,63885,36.97,17,16.22
3412,261,8071,84.95,1,6857,84.95,1,3.49
3413,26438,110924,49.1,28,54473,43.67,17,24.92
3414,252,1360,0,0,0,0,0,39.06
3416,9610,80496,56.36,15,45376,51.83,10,16.51
3419,30787,120480,31.58,26,38085,23.42,10,24.98
3426,921,26400,63.05,10,16651,48.61,4,5.17
3430,33491,33716,33.44,6,11275,33.44,6,34.24
3431,12550,55459,51.29,8,28451,46.69,4,17.62
3432,3579,42230,66.5,13,28088,58.48,8,13.42
3434,8064,35755,44.28,13,15838,30.2,5,22.78
3437,47388,144548,24.38,20,35267,20.08,9,38.73
3438,28081,47166,45.12,2,21285,43.53,1,30.44
3441,30602,40040,28.08,12,11253,14.67,4,38.02
3443,56838,134012,64.7,38,86727,53.51,12,9.11
3444,5077,44997,48.75,17,21944,38.07,10,17.46
3447,6001,77449,58.92,13,45650,51.2,3,15.63
3450,71241,145681,47.57,49,69339,35.81,22,28.8
3455,43931,59851,30.37,23,18189,12.9,6,33.67
3465,4166,35330,67.92,12,24001,54.67,5,7.05
3466,26835,77892,46.72,26,36401,34.51,10,16.5
3467,2042,31107,61.15,10,19028,55.71,7,11.41
3469,191,22448,63.92,14,14353,42.15,6,1.47
3471,503,5000,45.04,3,2253,25.6,1,10.99
3472,1711,76274,57.36,24,43771,43.84,7,4.68
3473,258,22511,77.84,6,17528,69.37,3,1.56
3475,1780,1784,0,0,0,0,0,46.82
3479,36156,72632,43.8,18,31831,33.17,5,29.85
3481,952218,7989197,42.18,1033,3372011,37.68,430,22.9
3482,527,6521,44.4,4,2896,16.87,1,16.25
3483,53189,99049,22.02,24,21821,14.15,11,41.69
3484,48003,78828,30.11,21,23749,21.3,10,25.9
3485,7466,38501,52.21,19,20108,33.53,7,17.28
3489,3146,90452,73.32,17,66345,66.59,8,6.41
3490,34669,55006,17.44,10,9603,12.04,4,38.02
3491,74613,68805,34.04,28,23433,14.49,7,28.93
3492,2825,35532,48.32,6,17170,44.69,3,16.83
3494,18088,94800,61.3,12,58135,56.37,4,11.58
3496,210,22159,77.75,9,17233,68.76,5,1.91
3497,112,4588,33.29,2,1528,23.86,1,5.4
3498,56294,61273,51.84,15,31772,46.89,10,26.3
3499,40929,54971,43.23,12,23769,41.66,10,23.99
3501,12378,118258,48.16,22,56980,43.53,13,21.15
3502,284,9222,34.09,5,3145,12.37,1,6.85
3504,13042,114060,64.51,18,73601,59.91,9,18.99
3505,160,5429,87.89,1,4772,87.89,1,8.41
3506,606,8573,19.83,3,1701,0,0,18.33
3507,279,31800,87.08,12,27699,75.26,7,1.53
3508,68245,104312,43.42,29,45317,34.03,13,28.35
3511,8817,79973,55.5,8,44401,52.41,4,20.57
3512,4905,113072,71.67,30,81062,63.82,16,8.72
3515,13708,123544,71.39,20,88230,65.93,9,13.34
3516,3303,59561,76.78,18,45744,68.13,10,5.74
3517,666,5037,13.87,1,699,0,0,24.1
3518,29707,102467,37.95,30,38909,26.68,12,16.85
3519,65128,433985,50.72,48,220177,46.34,18,18.35
3520,48625,68847,37.73,14,25989,28.63,4,20.33
3521,39989,185766,81.46,16,151374,78.11,7,3.77
3522,28193,104096,57.5,27,59864,51.3,16,10.35
3523,7889,64258,83.37,13,53583,78.36,7,5.07
3524,301,20627,66.46,14,13714,39.39,5,2.68
3526,20580,66871,48.28,22,32301,33.99,8,17.08
3527,25143,44445,26.82,10,11927,20.06,5,25.94
3528,5628,66639,69.21,12,46138,62.81,5,11.83
3529,21926,74686,50.84,33,37983,32.5,12,7.84
3530,15935,77476,57.31,13,44405,53.68,8,22.68
3531,1846,61175,80.32,34,49154,60.77,15,4.97
3532,15846,387848,91.16,33,353601,88.46,15,3.94
3533,20457,112535,64.2,52,72265,46.81,21,6.07
3535,44809,79052,25.32,9,20027,22.39,5,40.75
3536,6381,52089,67.89,5,35374,65.11,3,11.35
3537,45261,56243,30.08,11,16928,23.54,5,37.92
3540,58651,72459,22.23,6,16113,21.64,5,38.2
3541,17926,56349,35.71,20,20134,24.75,11,19.18
3543,24932,110263,48.99,47,54030,30.93,14,12.11
3544,580,2469,0,0,0,0,0,40.42
3545,82554,221069,24.77,39,54815,18.72,15,40.6
3546,34449,58427,34.21,19,20004,23.07,7,29.66
3548,40694,67744,33.18,18,22491,22.96,6,33.96
3549,239,1481,0,0,0,0,0,29.8
3550,50465,107550,51.29,38,55181,38.56,16,21.42
3551,13575,62275,49.6,23,30900,34.24,8,27.5
3552,55135,97918,37.25,20,36493,32.42,12,31.7
3554,135,15858,87.29,1,13843,87.29,1,1.7
3555,4557,39999,79.4,8,31762,77.74,7,7.9
3556,65430,63703,15.82,4,10084,13.67,2,45.59
3557,20320,84315,60.55,19,51067,53.32,9,12.27
3558,12427,59061,51.03,10,30144,47.07,6,31.38
3560,194,20405,74.02,9,15107,59.92,4,1.64
3563,37698,63961,51.52,23,32961,36.75,7,25.07
3564,6564,59123,60.13,2,35553,60.13,2,19.8
3566,10586,419621,73.96,150,310433,60.69,57,1.15
3567,33879,33954,18.83,7,6403,7.93,2,35.6
3568,188,10074,72.27,5,7282,46.65,2,3.91
3570,2894,17097,53.9,4,9218,45.21,2,22.39
3571,417,3302,0,0,0,0,0,27.18
3572,331,11817,40.53,4,4792,25.66,2,4.69
3576,224577,1627795,36.1,184,587761,31.78,68,24.8
3577,3820,63966,67.17,26,42976,49.99,10,8.15
3579,6150,9580,74.12,3,7102,65.74,2,15.49
3580,42104,39471,11.04,5,4363,7.1,2,39.47
3581,7345,51006,57.87,15,29529,45.35,6,19.59
3583,28622,83779,61.6,26,51628,51.87,14,19.39
3584,21963,139767,25.22,29,35276,18.19,13,25.75
3585,15612,111679,41.28,16,46137,34.96,4,25.03
3586,88,2458,51.29,2,1261,0,0,7.36
3587,25957,71685,33.61,17,24095,21.81,5,36.14
3588,49606,61993,28.94,14,17951,20.15,6,33.79
3591,52619,145387,54.88,37,79827,48.74,23,19.84
3592,36561,75855,37.52,21,28476,24.19,5,31.13
3593,24576,60825,64.01,18,38952,50.01,4,9.52
3594,19714,95948,54.48,27,52292,42.13,10,16.22
3595,19888,33913,31.81,8,10797,23.33,4,26.24
3596,22265,220354,73.81,75,162681,61.44,31,9.74
3597,2286,39236,64.31,11,25240,56.92,7,11.08
3601,688,34887,52.62,9,18366,40.76,3,3.43
3603,703,24844,70.74,10,17579,64.91,7,4.74
3605,44810,175303,54.42,46,95427,47.93,28,21.79
3606,98,16847,77.4,11,13043,43.23,2,0.73
3607,47094,121662,33.04,35,40225,21.29,14,19.64
3609,7636,38419,52.3,18,20105,31.56,4,9.56
3610,1500,54015,79.65,4,43027,76.71,1,5.1
3611,4821,47555,58.2,13,27685,46.79,4,13.29
3613,1140,63436,66.67,28,42304,50.87,13,3.89
3615,44426,68467,27.62,7,18924,24.59,3,43.8
3616,3447,94650,42.55,35,40291,26.06,10,6.39
3617,7768,94766,67.15,39,63659,53.75,17,10.58
3619,164,7626,27.79,3,2120,15.73,1,4.99
3622,24829,151328,59.45,22,89993,53.67,9,16.52
3623,8500,29186,51.89,3,15148,48.24,1,24.04
3624,38382,117341,63.14,24,74105,57.37,13,22.71
3625,47965,114247,44.52,25,50883,37.37,12,20.02
3627,14082,30991,56.06,9,17376,50.03,5,11.97
3628,7572,45000,60.09,6,27049,56.02,3,16.43
3629,1742,32955,86.89,5,28637,84.01,3,3.04
3630,28485,204192,53.93,14,110162,51.09,5,20.47
3631,1846,81821,80.41,15,65801,74.99,7,4.25
3632,37365,40890,17.2,5,7037,15.58,4,46.05
3633,1936,34024,60.72,13,20666,46.15,5,10.32
3634,218,49600,82.97,13,41166,72.48,6,0.7
3635,399,5051,0,0,0,0,0,15.08
3636,503,6000,87.18,1,5231,87.18,1,4.38
3637,820,29749,77.46,6,23047,71.3,3,4.1
3642,18067,45869,63.39,18,29086,49.5,10,7.54
3643,403,45624,97.85,1,44646,97.85,1,1.09
3644,1823,83300,79.44,34,66188,69.02,19,2.77
3645,62616,136754,45.26,45,61922,36.08,22,28.24
3646,36377,39297,49.05,21,19283,19.91,5,9.01
3647,2945,2802,0,0,0,0,0,50.05
3649,275,10819,36.51,6,3952,0,0,4.85
3651,69,69565,95.9,12,66730,89.61,4,0.15
3652,3534,75098,71.57,12,53758,67.58,7,8.82
3653,63473,146733,68.91,42,101152,59.78,20,7.2
3656,3283,58249,77.46,6,45124,75.19,3,7.09
3659,634,54124,87.49,15,47364,80.81,8,1.98
3661,71608,82205,37.38,38,30743,13.38,7,19.85
3662,22523,183478,53.41,26,98010,48.89,11,17.55
3663,25651,108494,60.23,9,65368,57.78,4,23.42
3664,5812,71945,67.02,7,48227,65.15,4,7.74
3665,63014,195078,58.56,81,114274,41.89,30,10.53
3666,28734,138950,82.89,16,115198,79.76,9,6.38
3669,8114,92920,59.64,10,55429,54.68,3,17.92
3671,53,14500,87.86,7,12743,72.48,3,0.41
3672,21140,40790,54.34,19,22179,37.58,8,9.84
3673,84704,406664,43.27,69,176052,37.44,31,26.48
3674,405,17814,71.06,7,12661,65.86,5,5.17
3675,13167,53058,59.59,6,31629,55.16,2,18.6
3678,1059,26422,51.73,13,13672,35.12,5,7.06
3679,5061,63022,65.87,25,41523,54.01,13,11.95
3680,27436,96205,57.83,44,55648,43.32,22,20.78
3681,342,118704,95.07,6,112868,94.38,5,0.55
3684,6277,30305,61.44,10,18626,53.11,6,14.25
3685,12635,79574,60.11,28,47845,45.17,8,8.54
3686,62529,76495,21.67,14,16592,16.57,7,34.83
3687,36237,30124,37.33,6,11249,32.52,4,36.51
3688,3476,99176,67.87,11,67330,65.63,7,6.38
3689,33896,89509,30.76,29,27554,14.51,6,34.23
3690,1358,60356,89.17,6,53829,83.95,1,2.86
3691,13752,91883,57.31,14,52681,52.44,8,20.08
3693,28746,42991,43.08,10,18526,33.58,4,33.73
3694,13577,154929,59.88,22,92799,55.16,8,16.89
3701,49647,236669,73.27,22,173448,70.72,13,14.95
3702,93124,1732572,84.22,344,1459636,79.02,197,5.72
3703,35177,823216,72.21,105,594686,68.13,49,8.27
3704,43388,415445,65.83,81,273561,59.48,39,14.6
3705,26921,266423,68.67,71,182974,61.19,42,10.27
3706,204413,1327212,53.48,136,710088,50.14,66,23.19
3707,89378,400559,50.5,47,202353,47.68,29,29.25
3708,46492,92365,50.61,25,46765,41.24,10,24.37
3709,7366,125569,73.07,21,91789,66.84,8,9.66
3710,47973,287251,31.89,78,91673,21.81,27,16.22
3711,307884,4470572,87.52,801,3913683,82.22,427,5.03
3712,30585,246242,54.67,22,134660,52.7,15,19.55
3713,4263,88099,56.16,31,49492,43.74,11,8.1
3714,164481,737940,41.06,121,303140,35.54,53,26.0
3715,92899,283575,36.61,62,103871,29.98,31,36.97
3716,53696,149766,53.75,33,80518,46.69,15,22.04
3717,48931,210948,43.16,59,91090,33.75,25,21.11
4102,37703,42373,45.84,12,19429,32.99,4,14.82
4104,45003,188367,45.43,25,85612,40.06,8,25.39
4105,52654,248650,48.0,68,119413,38.7,32,18.02
4106,16518,100912,51.38,18,51864,46.26,8,21.84
4107,13527,69298,61.93,24,42926,52.1,14,12.38
4108,54916,198619,30.19,28,60014,24.14,8,23.03
4109,43753,118737,42.86,25,50901,35.95,11,17.7
4111,46502,59832,43.38,25,25967,32.12,14,16.65
4113,20301,231138,74.53,75,172302,63.9,34,4.92
4114,74259,510176,42.89,104,218875,36.28,47,15.09
4115,974,60000,75.59,16,45366,69.37,10,3.17
4116,4580,44566,54.95,3,24492,54.95,3,18.84
4117,6299,70824,53.37,24,37811,37.83,7,14.45
4118,202,29993,90.11,1,27027,90.11,1,1.25
4119,27282,119509,46.83,15,55991,43.93,9,18.31
4120,7697,86747,70.7,20,61346,63.8,12,9.09
4121,51531,83111,49.91,20,41492,44.27,12,23.73
4123,47194,769544,57.37,165,441656,50.35,79,12.06
4125,218,1934,0,0,0,0,0,29.72
4126,22620,72600,63.13,25,45842,53.8,14,15.52
4127,26642,45760,75.42,20,34520,54.99,6,7.52
4128,100482,588171,43.79,68,257701,39.66,27,15.74
4129,34224,96438,58.6,34,56530,46.95,14,10.98
4130,44825,137888,64.86,16,89460,61.96,9,12.6
4131,3542,39879,76.11,5,30361,72.24,2,5.6
4132,42832,187941,46.63,49,87674,38.33,23,11.76
4133,54352,60554,22.84,10,13841,18.53,5,39.94
4135,511,26465,65.43,14,17322,44.13,5,3.75
4136,95,36147,99.3,4,35897,97.87,3,0.34
4137,7483,82492,53.99,16,44551,45.59,5,15.19
4138,21341,39930,51.42,4,20535,51.42,4,25.57
4139,1193,45010,67.83,22,30541,48.01,9,3.36
4140,473,3039,0,0,0,0,0,30.87
4142,85071,429508,39.75,83,170824,32.97,36,22.03
4147,47737,273202,52.41,66,143244,43.75,28,13.72
4148,2306,67236,79.54,11,53484,78.15,9,5.84
4150,31333,147218,42.12,54,62022,27.16,15,9.65
4151,642,50026,78.35,13,39203,71.12,7,2.65
4153,5287,58668,76.45,15,44862,71.88,11,8.67
4154,901,38390,76.98,16,29560,65.87,8,2.87
4155,35518,144684,44.21,38,63991,34.37,15,16.86
4156,895,56540,71.87,14,40643,67.51,10,4.15
4157,32204,711834,58.86,114,419149,52.35,36,9.02
4160,34550,26690,29.63,3,7910,25.36,1,33.02
4161,5227,59808,44.84,25,26825,26.76,8,11.4
4162,47436,145678,45.48,21,66262,40.22,9,21.76
4163,25118,50680,70.36,22,35672,62.53,15,9.53
4164,19088,195311,51.19,54,100021,41.88,24,16.64
4166,4023,243035,82.05,24,199460,79.19,13,3.19
4167,56256,310444,40.78,71,126655,33.53,34,16.51
4168,50366,112521,26.82,24,30207,20.1,10,22.89
4169,3917,66432,54.02,22,35895,46.06,13,9.26
4170,6518,43771,58.09,15,25434,42.63,6,9.45
4171,37810,58057,32.91,10,19117,27.71,6,25.49
4172,24371,119576,38.96,25,46616,30.01,8,11.22
4173,30326,74574,43.51,5,32460,40.0,1,20.97
4174,42533,131580,41.96,32,55231,35.55,18,23.98
4175,11501,42323,56.05,7,23724,54.98,6,22.77
4177,2160,62805,59.03,17,37091,48.19,6,7.92
4178,4802,215867,77.97,46,168367,72.41,26,4.08
4181,1742,2131,0,0,0,0,0,59.4
4183,1200,23800,62.13,13,14792,42.72,5,8.81
4184,644,39183,92.03,1,36064,92.03,1,1.69
4186,4735,90000,45.68,35,41129,25.98,9,10.19
4188,4694,63333,54.32,12,34406,47.92,4,11.93
4190,16788,61446,66.01,12,40564,62.3,9,15.81
4191,2529,100170,63.05,31,63165,48.78,9,5.6
4192,4670,35164,68.08,3,23943,66.6,2,13.67
4193,5424,67616,49.22,25,33296,33.69,6,3.86
4194,3313,145974,77.02,25,112442,73.12,14,5.22
4195,28543,80000,38.48,22,30801,31.01,13,16.48
4197,2283,30181,65.8,21,19862,40.26,7,5.49
4198,2709,24108,80.86,4,19495,76.8,3,6.58
4205,11028,97649,65.93,32,64412,58.94,21,14.5
4207,8772,198538,72.05,52,143069,63.52,23,5.53
4303,35752,94605,18.92,9,17920,13.85,2,35.76
4304,3546,61038,81.92,15,50017,74.64,7,3.94
4305,1714,55014,84.73,26,46626,74.81,19,4.34
4306,90821,676757,57.45,113,388921,51.44,44,10.2
4401,12770,122692,62.12,50,76243,46.87,23,8.94
4402,41313,67992,66.31,17,45093,60.62,10,8.01
4404,7881,112286,35.72,25,40130,26.89,7,14.69
4406,1573,51912,75.58,20,39244,60.25,7,3.59
4408,4015,67628,35.74,14,24181,30.37,8,12.66
4413,1661,31315,69.29,15,21703,52.59,6,4.77
4414,23047,263796,64.19,49,169376,56.62,17,9.34
4415,4362,43577,85.04,11,37066,76.68,5,6.77
4416,2325,73586,75.2,35,55354,62.25,19,5.5
4417,8487,83971,46.24,20,38846,37.07,7,17.03
4419,5213,169163,96.84,7,163853,95.08,3,0.69
4420,8214,40455,59.14,8,23931,54.11,4,23.45
4424,2556,59856,66.58,16,39856,62.31,11,5.5
4426,9687,172677,61.36,31,105989,54.12,12,10.4
4427,967,212542,87.41,55,185828,78.71,24,0.93
4430,8694,56274,63.3,20,35626,53.29,11,16.13
4431,2161,36536,67.45,4,24650,62.06,1,11.44
4432,4988,50589,55.24,12,27950,45.45,4,12.17
4433,10177,61300,57.06,11,34991,52.24,6,16.45
4438,4578,113425,66.37,39,75304,50.12,10,7.08
4439,1211,38115,78.48,14,29915,69.77,9,4.96
4440,3971,67598,60.71,45,41046,32.74,12,12.98
4441,2267,68176,73.26,30,49956,58.9,13,4.93
4442,902,32341,76.82,20,24851,42.79,4,4.2
4502,3903,57470,69.48,14,39938,56.32,3,5.97
4503,7223,78313,64.29,12,50356,59.81,6,13.93
4506,11435,177012,80.2,28,142005,74.78,12,8.3
4510,60226,108978,36.8,19,40141,30.63,7,35.29
4513,44407,143762,56.51,14,81253,53.35,5,15.53
4523,35777,64949,59.06,17,38367,51.8,9,13.77
4526,59366,254826,53.98,67,137577,46.47,37,22.91
4527,4505,76152,66.64,25,50757,61.69,18,10.16
4528,13605,84166,62.84,13,52906,60.34,9,19.13
4529,8848,84549,58.72,14,49675,52.78,5,12.08
4530,7314,35795,71.65,5,25654,64.46,1,6.1
4532,20238,494895,70.53,90,349191,65.8,55,8.2
4533,68761,158434,30.95,27,49061,24.99,10,35.68
4534,20044,86789,40.32,22,35018,29.64,7,21.66
4535,7180,75662,77.45,21,58622,69.66,12,4.84
4536,7493,90820,55.96,43,50842,37.17,14,12.77
4537,2169,78840,82.0,16,64659,76.98,10,4.38
4538,1701,59470,80.43,15,47843,71.65,7,3.92
4540,40129,115187,32.73,21,37725,27.94,13,39.45
4541,43877,67647,40.36,20,27317,30.35,10,28.23
4542,5036,35254,53.64,23,18918,20.96,5,15.22
4543,22317,59772,46.59,13,27852,42.26,9,24.13
4544,1584,60290,67.46,20,40681,49.87,2,1.89
4545,21581,77000,72.95,8,56178,70.68,5,9.65
4546,1337,33775,60.2,12,20339,48.79,5,6.52
4547,302,23349,84.76,7,19792,72.34,2,2.65
4549,7619,57002,61.64,13,35142,58.74,10,17.24
4550,3277,37839,55.76,11,21107,49.01,7,15.33
4551,4389,115222,82.48,30,95059,76.54,20,4.35
4552,28533,116000,50.88,21,59034,44.53,8,12.01
4553,487,33020,86.83,14,28675,76.79,8,2.47
4554,2415,26327,52.18,7,13739,50.62,6,14.57
4555,4252,69988,71.54,16,50085,65.67,8,10.55
4556,2824,42303,75.19,11,31811,73.13,10,8.75
4557,27533,47972,43.14,20,20711,28.53,8,12.58
4558,1604,50000,73.92,33,36965,50.0,13,6.31
4559,640,60000,88.07,17,52851,79.9,10,1.96
4560,2445,68097,86.16,12,58685,83.6,9,3.36
4561,8803,58522,58.22,12,34081,52.04,7,24.61
4562,12046,87546,52.82,13,46249,50.04,9,28.22
4563,6618,54950,54.26,11,29826,49.6,7,22.06
4564,47017,232788,43.1,56,100366,35.77,27,19.06
4565,1434,61740,79.92,24,49351,66.05,12,2.43
4566,25987,110091,52.73,21,58081,49.49,15,25.83
4568,1615,31730,68.88,8,21863,59.34,3,7.4
4569,2075,30600,66.34,11,20305,52.36,5,7.7
4570,199,44000,95.01,16,41812,87.52,12,0.59
4571,6556,53017,66.18,21,35098,55.54,11,15.8
4572,3575,40019,64.17,11,25680,61.89,9,9.71
4573,10558,41697,41.83,14,17445,28.38,5,24.66
4575,779,38668,68.65,17,26554,53.66,8,3.25
4576,24360,119802,66.47,29,79655,61.23,20,17.65
4577,7373,49138,60.71,9,29841,56.14,5,23.03
4578,691,20300,97.0,3,19693,92.28,2,1.48
4580,5073,46803,49.23,17,23048,37.65,10,18.35
4581,1662,33899,62.95,15,21344,46.35,8,8.8
4582,2648,75480,56.59,26,42728,45.32,12,7.4
4583,6986,80171,86.86,10,69650,81.83,4,4.54
4584,1055,30002,80.09,13,24034,69.26,9,4.34
4585,18416,104609,76.7,3,80246,76.14,2,16.06
4587,1004,33000,88.23,5,29118,88.23,5,3.29
4588,5253,42985,50.3,15,21628,37.47,8,21.16
4589,608,25968,70.59,12,18334,45.36,1,3.63
4590,10058,54838,49.4,19,27104,36.77,9,15.86
4609,1750,47947,75.94,25,36424,63.41,15,3.93
4702,14266,72333,51.23,9,37069,46.49,2,22.78
4703,9151,65750,26.09,7,17167,22.54,3,26.95
4706,2151,79030,82.65,15,65331,77.15,8,2.49
4707,27804,403715,71.84,61,290117,65.94,26,8.37
4711,7583,61056,60.01,10,36653,53.42,4,15.82
4712,3612,18423,45.99,2,8473,43.69,1,17.23
4714,51440,178088,21.81,22,38870,15.96,5,27.44
4716,43990,94427,35.1,28,33163,23.37,10,23.0
4717,1001,155,0,0,0,0,0,99.98
4720,13609,114516,40.88,26,46836,36.02,16,23.98
4721,57131,74986,38.13,19,28604,30.78,9,37.13
4722,13443,103765,62.06,49,64426,45.76,21,9.92
4724,3102,95976,59.0,27,56643,46.34,8,7.62
4726,12945,207042,57.62,40,119326,50.29,14,12.63
4727,349,7278,18.79,3,1368,0,0,8.58
4728,16893,54463,84.51,36,46040,64.13,18,2.33
4729,7452,79227,51.02,11,40429,46.49,6,18.59
4730,1063,27868,69.84,13,19466,57.91,7,4.79
4732,1591,49644,66.47,30,33006,46.5,13,6.42
4734,371,10237,14.95,2,1532,0,0,6.16
4735,37695,41569,53.36,15,22187,42.93,8,19.54
4736,14192,95374,50.32,16,48019,44.87,8,23.5
4737,10994,77398,61.7,26,47769,48.83,9,5.98
4738,3593,77596,58.39,7,45323,54.05,1,11.51
4739,56059,124651,42.79,32,53371,32.12,10,26.37
4741,12192,34812,46.16,9,16073,40.07,5,16.27
4743,80794,480533,46.16,73,221929,41.74,35,17.24
4744,33456,56948,51.51,25,29344,35.21,11,12.98
4745,3139,69706,64.22,24,44775,57.08,16,7.49
4746,43361,120256,42.86,40,51572,31.06,18,21.03
4747,2120,45461,66.14,23,30076,50.3,11,6.43
4749,57916,92733,35.64,26,33063,23.89,9,31.59
4752,1066,84413,89.55,6,75611,86.97,2,3.03
4754,23068,30283,36.69,6,11112,28.46,3,24.12
4755,8382,100706,69.34,17,69851,64.76,9,11.44
4758,396,29217,92.13,6,26925,84.79,2,1.23
4760,10544,32218,42.69,11,13758,34.78,6,22.39
4762,139,20720,99.67,8,20653,97.29,7,0.25
4763,56043,989147,60.09,112,594462,56.06,47,11.34
4764,6735,85542,75.98,31,65014,65.7,17,7.77
4765,926,32133,55.11,16,17715,39.21,6,5.96
4766,11354,120571,69.92,29,84321,61.88,13,9.55
4767,912,31415,64.05,12,20128,46.88,5,4.95
4768,16623,47488,34.17,16,16238,19.49,4,30.17
4770,9965,79976,63.61,23,50888,59.49,18,14.98
4771,4169,58746,58.97,22,34656,45.58,9,9.7
4772,33586,147682,49.8,27,73573,41.95,9,24.44
4773,228,72709,94.99,14,69091,92.29,11,0.25
4801,786,47201,98.7,2,46594,97.82,1,0.23
4802,296,18854,87.92,2,16579,85.36,1,2.38
4803,5716,59069,57.43,8,33936,55.13,6,14.81
4804,30106,71992,62.0,11,44648,54.88,3,10.09
4806,17994,99947,88.89,10,88854,85.88,4,2.13
4807,14613,48996,68.78,16,33705,63.34,12,9.58
4903,46897,105344,41.81,11,44070,36.69,2,31.91
4904,86223,3607705,93.76,382,3383153,91.1,233,2.52
4905,2016,29260,81.63,18,23891,63.67,10,5.96
4906,93345,451846,30.23,89,136697,23.92,41,30.58
4907,2945,118146,84.95,8,100389,83.76,6,3.59
4908,33688,78217,53.27,19,41679,44.3,10,26.05
4909,64016,93357,26.41,14,24675,21.91,7,42.0
4911,3472,63720,57.56,19,36688,46.72,8,8.33
4912,25996,66993,50.06,23,33551,36.97,7,15.11
4913,475,9667,25.75,3,2490,0,0,11.98
4914,226,10000,77.04,5,7705,61.66,2,4.01
4915,30830,471881,64.24,128,303190,56.47,72,13.76
4916,73944,124083,32.17,23,39947,28.21,14,40.58
4919,69260,452398,65.25,55,295267,61.06,24,21.34
4920,107,41779,93.69,6,39149,86.74,1,0.35
4922,4562,44991,25.41,12,11446,11.79,2,17.24
4923,30999,37194,34.9,13,12987,23.46,6,21.41
4924,1420,37164,70.94,18,26374,56.63,10,5.9
4925,5345,70952,48.29,31,34276,30.82,10,12.72
4927,61498,264938,25.88,61,68638,16.54,21,27.42
4929,384,234,0,0,0,0,0,38.45
4930,33818,80000,63.62,13,50916,58.74,7,17.94
4931,62392,65566,30.25,19,19840,18.22,6,45.49
4932,311,2020,0,0,0,0,0,40.02
4933,5841,82663,63.74,12,52709,59.63,6,12.91
4934,70510,225000,35.82,24,80623,31.04,8,23.81
4935,8161,128864,62.66,25,80771,56.84,14,13.82
4938,160253,2682044,77.4,407,2076589,72.88,217,10.59
4939,63860,98201,33.93,22,33340,24.58,6,35.64
4942,6620,142368,62.54,41,89060,54.52,22,10.46
4943,22102,126694,63.97,26,81058,53.36,6,14.39
4946,8373,8853,42.58,1,3770,42.58,1,37.64
4949,11143,67752,52.02,27,35253,40.85,13,20.76
4950,6650,57729,71.89,4,41514,68.13,1,6.24
4951,11624,34149,19.22,8,6568,4.48,1,34.97
4952,14964,108816,52.94,10,57629,48.76,3,25.46
4953,34685,73147,47.2,19,34544,37.66,7,24.51
4956,42448,100408,38.59,20,38765,32.24,9,33.47
4958,198970,1108888,73.05,238,810250,66.24,119,14.29
4960,90216,571705,62.66,90,358308,57.52,46,15.5
4961,42509,121254,42.81,30,51921,33.23,12,30.13
4963,445,75455,83.64,9,63121,82.03,7,1.43
4966,27197,78958,40.26,32,31812,22.45,10,23.32
4967,66613,96905,21.2,21,20558,12.07,7,49.79
4968,56845,92210,19.76,19,18232,10.52,4,46.65
4969,11535,190978,55.63,56,106284,44.91,23,6.89
4971,34860,39986,34.19,20,13677,7.02,2,30.64
4972,15626,56889,49.49,21,28163,36.39,10,24.49
4973,50376,65293,23.54,12,15383,16.1,4,42.41
4974,43173,72500,41.71,6,30253,39.73,3,29.96
4975,1025,326577,96.31,11,314557,95.92,8,0.73
4976,44916,141351,29.78,16,42122,24.32,5,35.65
4977,48258,82690,19.44,12,16084,12.16,3,48.6
4978,67,5000,82.32,1,4116,82.32,1,2.2
4979,89934,142802,38.68,38,55275,28.06,14,38.8
4980,2398,45204,58.12,14,26282,50.4,7,10.79
4987,1886,31878,80.38,1,25626,80.38,1,8.57
4989,39063,137776,30.1,26,41489,23.62,12,43.78
4990,3287,102734,53.4,32,54862,43.96,17,7.95
4991,53350,121085,57.78,40,69985,45.38,14,22.25
4992,1034,210050,82.08,38,172445,76.89,22,1.01
4994,2215,66383,85.59,29,56829,80.71,23,3.29
4995,5132,42592,66.65,21,28395,51.54,11,8.67
4996,784,99070,77.8,37,77094,65.91,19,0.92
4997,272,14665,42.96,8,6303,17.41,2,3.49
4999,46298,74417,41.1,25,30597,27.29,10,26.05
5006,14042,97063,10.19,8,9906,7.78,3,21.32
5007,4916,294940,87.76,44,258860,84.72,28,1.98
5009,82616,602471,48.26,97,290827,43.94,50,18.66
5011,33856,100674,49.09,32,49444,37.26,14,15.06
5013,9037,133416,86.97,43,116064,80.88,31,2.35
5014,52355,183265,37.42,50,68621,26.82,20,20.05
5015,26671,60639,51.89,19,31482,42.13,9,20.16
5016,2785,49622,65.97,15,32747,59.95,10,10.46
5017,6873,321,0,0,0,0,0,82.21
5201,13663,38675,56.51,18,21862,33.64,6,10.58
5202,43883,89094,53.6,13,47769,48.73,7,17.54
5203,31657,79343,46.21,20,36685,34.82,6,18.23
5204,1378,6412,18.46,1,1184,18.46,1,20.3
5205,1747,13500,74.44,2,10051,71.26,1,7.88
5206,3635,171518,85.47,31,146621,80.28,16,3.0
5207,2910,15834,38.6,8,6114,14.82,2,12.01
5209,4258,28567,55.34,4,15813,53.29,3,18.66
5210,39318,82178,43.54,16,35793,35.91,6,13.42
5211,7554,32025,47.9,12,15341,40.82,7,23.38
5212,10038,34633,79.78,16,27634,67.03,9,6.34
5213,21386,721334,86.22,82,622049,84.23,57,4.48
5215,5441,64338,53.07,22,34152,42.71,11,16.2
5216,401,17847,82.4,11,14710,57.64,4,2.85
5220,7727,39667,43.54,19,17279,19.61,5,16.84
5221,347,5573,11.3,1,630,0,0,15.82
5222,33414,91119,32.23,24,29383,22.64,10,27.44
5223,2798,44550,62.06,12,27657,54.11,7,13.45
5225,8477,79136,46.77,13,37026,39.29,4,20.39
5226,400,23300,52.74,11,12293,31.51,3,4.34
5227,58751,68000,16.64,6,11330,12.87,2,37.73
5228,3618,38056,54.92,13,20908,44.94,6,15.17
5229,129,58238,96.46,13,56185,89.33,6,0.41
5230,29974,56304,23.98,16,13514,10.27,4,31.85
5233,3000,277249,85.35,23,236705,82.42,10,2.36
5234,11329,102716,65.18,19,66958,59.48,9,9.45
5236,6721,60004,63.57,7,38152,60.89,4,14.8
5238,692,67296,83.45,15,56167,78.59,9,2.2
5239,601,24700,30.08,8,7434,16.98,3,5.26
5240,513,26582,53.84,16,14315,30.33,5,2.63
5242,1115,124895,72.3,45,90323,58.6,18,1.89
5243,31480,168529,57.69,32,97255,50.15,12,21.19
5244,9929,68242,47.29,31,32293,28.99,11,19.5
5245,3951,45127,57.84,18,26112,40.73,7,16.44
5246,8991,44793,35.35,11,15841,27.08,4,26.51
5247,511,75000,75.92,12,56951,68.74,5,1.47
5248,1851,24500,62.15,6,15233,56.84,4,14.03
5250,209,39107,97.08,1,37967,97.08,1,1.0
5251,35421,33734,33.43,4,11284,29.21,2,39.36
5253,224,40943,81.05,20,33194,58.2,5,0.96
5254,669,22607,75.83,8,17145,70.48,6,4.96
5256,1873,71602,69.68,25,49908,61.23,15,4.55
5257,809,132750,79.64,27,105735,73.71,13,1.25
5258,25810,110365,50.4,40,55649,36.94,15,16.55
5259,2365,43563,82.06,8,35757,74.45,3,5.69
5262,8020,52699,54.3,23,28628,31.97,5,6.05
5263,26650,73937,56.07,30,41474,45.55,16,12.38
5265,123,1207,0,0,0,0,0,22.11
5267,1354,25300,62.14,13,15723,46.59,5,8.72
5269,37465,74157,57.9,12,42955,53.23,6,24.97
5271,8379,63472,29.47,13,18716,20.52,4,24.56
5272,45671,55276,23.86,15,13198,10.26,3,36.23
5274,46273,37803,33.73,13,12761,18.82,3,12.09
5275,144,10264,30.86,6,3169,0,0,2.11
5276,961,39500,88.13,6,34819,85.29,4,4.29
5278,4425,300000,82.49,69,247521,77.47,45,2.71
5282,278,25006,85.81,10,21463,59.25,1,0.6
5283,27526,87601,61.37,24,53764,52.85,14,20.24
5284,9300,52893,58.61,14,31011,51.59,7,17.7
5285,14144,102041,60.08,33,61330,49.56,17,21.45
5286,910,14745,79.97,6,11795,69.95,4,4.81
5287,9898,60311,59.28,22,35768,47.13,10,21.21
5288,3095,69699,69.86,16,48701,59.84,4,7.32
5289,63909,96365,37.49,30,36147,24.54,10,26.02
5291,5123,39891,47.65,24,19016,16.27,3,21.52
5292,7133,42108,52.69,17,22199,39.96,8,15.53
5294,60,82,0,0,0,0,0,86.86
5295,156,29140,86.34,15,25168,71.08,8,0.75
5296,469,21595,35.92,7,7760,27.24,4,5.13
5297,8708,37652,19.43,9,7324,10.74,3,36.06
5299,16512,50889,52.13,11,26546,44.98,5,24.72
5301,4041,65890,80.79,11,53243,73.52,4,4.94
5302,13005,159888,51.36,20,82150,46.91,8,17.21
5304,32311,326962,88.1,23,288108,86.33,13,6.18
5306,12288,126001,69.59,24,87696,64.41,11,12.58
5307,35148,423138,41.16,93,174222,32.17,31,16.03
5309,70580,230967,38.57,32,89130,32.54,10,33.11
5310,7178,28944,58.56,15,16956,38.38,5,6.35
5312,5876,60060,55.61,17,33407,50.7,13,13.72
5314,51897,292000,44.55,38,130160,40.66,19,27.32
5315,51216,106352,33.02,30,35151,23.7,13,22.64
5321,8072,53180,58.13,22,30921,43.96,9,13.05
5324,21313,226379,79.08,46,179042,73.28,25,4.97
5325,20419,55507,33.45,8,18575,27.51,3,38.12
5328,73762,172711,45.49,24,78595,40.63,10,34.5
5336,2960,2221,0,0,0,0,0,68.9
5340,27068,194894,61.02,33,118965,53.35,8,20.85
5344,6793,79447,75.58,7,60051,73.54,4,10.68
5345,6441,37795,78.88,2,29814,78.88,2,7.38
5346,263582,1366161,37.63,306,514214,27.96,88,20.13
5347,96118,1879568,86.46,265,1625313,82.85,158,6.35
5348,1850,14776,56.32,6,8324,40.79,2,9.85
5351,115748,328636,31.26,57,102740,25.48,28,33.62
5353,6635,75765,55.45,30,42025,37.82,10,13.81
5355,32628,166123,70.37,44,116938,62.63,25,7.15
5356,52939,103040,44.05,23,45401,39.58,16,22.3
5364,7394,63850,70.15,14,44800,61.31,3,5.89
5371,102318,390981,44.33,57,173425,39.38,25,32.26
5372,5397,48620,23.53,13,11446,12.37,4,24.43
5376,3812,33732,33.68,9,11368,23.82,3,17.23
5381,27032,207835,55.1,30,114556,48.13,9,18.88
5385,8317,11156,23.81,2,2658,18.19,1,43.94
5386,28077,36081,36.66,7,13234,28.28,2,35.83
5387,141675,45000,91.32,2,41100,90.18,1,7.18
5388,33930,304343,50.24,101,152984,40.2,50,20.08
5392,66047,176562,37.65,28,66510,30.49,7,31.71
5395,2242,1759,0,0,0,0,0,41.07
5398,40517,49465,57.79,19,28591,43.78,9,7.73
5403,9647,78176,47.62,35,37244,29.83,12,19.23
5410,56797,93073,37.78,24,35183,27.93,10,27.55
5414,5082,68584,59.71,20,40960,48.1,7,10.26
5425,102282,263485,42.47,48,111961,36.66,25,36.26
5426,36000,143800,56.37,24,81091,52.77,16,21.47
5432,5593,20688,54.1,4,11196,51.4,3,28.63
5434,30633,194008,54.2,74,105194,38.2,27,14.27
5438,38027,112537,75.44,12,84911,74.25,9,9.96
5439,33031,92977,47.56,35,44234,35.28,17,26.82
5442,4830,64865,20.62,12,13387,14.59,5,16.15
5443,66726,164747,40.84,24,67327,34.61,7,35.35
5450,11698,122403,80.83,11,98970,78.42,6,5.5
5452,69618,148764,43.66,24,64969,38.89,10,29.23
5455,3471,65502,93.99,25,61570,89.0,20,1.65
5457,17274,196429,53.43,31,105023,48.96,17,17.0
5460,31511,58778,57.47,31,33788,37.12,12,15.42
5464,4439,71071,72.97,26,51878,59.13,13,7.63
5465,7946,147683,71.92,16,106237,68.79,8,11.25
5467,1836,85552,86.4,11,73931,82.8,6,2.84
5468,6188,58923,65.0,13,38316,59.25,8,13.76
5469,37607,486166,72.45,87,352329,66.77,42,12.11
5471,66229,167877,30.75,44,51666,21.73,18,36.42
5473,2490,3043,0,0,0,0,0,78.19
5474,8179,39757,56.66,8,22534,48.5,4,26.83
5475,52318,127127,39.41,23,50126,34.97,13,33.22
5478,41106,156074,79.57,30,124245,73.08,16,9.5
5481,42342,71403,65.23,23,46595,54.66,11,8.03
5483,128194,641222,62.06,158,398060,54.55,81,19.37
5484,34063,66801,38.59,12,25792,34.09,7,37.64
5487,7166,24223,71.14,15,17235,47.63,7,7.36
5488,40355,91586,44.72,27,40976,37.73,16,14.77
5489,3201,102706,84.99,13,87293,82.63,8,4.29
5490,70144,96152,34.94,25,33607,24.53,9,24.74
5492,1375,71415,98.66,1,70463,98.66,1,1.03
5493,5693,43689,43.8,17,19149,24.88,4,19.66
5497,4840,65328,26.12,14,17079,15.5,4,16.92
5498,71129,193549,33.47,21,64839,29.67,9,38.66
5501,6093,21200,28.1,4,5959,24.3,3,20.14
5505,5927,138832,65.6,47,91106,50.89,15,7.02
5506,7581,152545,66.77,34,101882,58.45,12,6.12
5508,19006,217428,68.71,18,149422,65.91,8,14.87
5511,5948,113440,64.8,37,73525,53.8,17,8.86
5512,78924,766312,61.3,154,469900,54.63,71,9.2
5514,10421,236118,92.42,51,218251,87.52,32,1.2
5515,12082,201600,69.59,57,140353,61.27,29,8.38
5516,1822,51545,69.45,14,35807,60.51,7,4.73
5519,17301,219197,58.29,45,127820,51.51,21,16.41
5520,1224,59975,83.75,23,50242,73.58,12,2.19
5521,63779,492280,58.16,97,286444,52.48,51,10.33
5522,17898,781596,88.82,56,694356,86.67,29,4.24
5523,2611,155001,92.26,32,143043,88.73,23,1.44
5524,3913,58669,30.77,22,18069,11.6,4,16.08
5525,4706,318105,88.41,70,281312,84.12,49,1.99
5529,11349,101837,73.85,19,75232,68.33,10,5.12
5530,12553,420084,82.6,50,347101,79.19,26,4.81
5531,14942,977589,86.07,86,841653,83.45,41,3.19
5532,821,17804,31.03,8,5527,5.88,1,4.86
5533,5704,285245,80.16,77,228703,71.18,35,3.5
5534,22893,315326,69.22,84,218337,60.05,42,11.58
5536,26637,124081,59.21,64,73493,37.79,19,10.62
5538,1320,201203,94.08,21,189331,93.06,18,0.98
5541,86,26427,82.05,10,21689,76.05,7,0.26
5543,1091,46704,72.72,29,33977,46.24,9,2.81
5546,1318,82353,84.72,18,69782,77.99,9,2.47
5547,1359,45288,65.82,13,29820,54.69,6,5.17
5548,2342,58529,64.61,17,37834,58.65,12,6.11
5601,866,64800,79.42,44,51475,47.23,11,1.17
5603,29849,104877,54.97,22,57680,50.03,13,18.37
5604,11030,108783,67.08,44,72986,53.81,21,7.09
5607,17807,370553,75.29,57,279086,68.53,19,6.45
5608,90054,389276,28.91,52,112609,23.6,18,30.41
5609,38295,142884,52.26,46,74701,45.95,31,23.72
5701,51919,143000,53.54,19,76589,48.27,7,16.92
5702,1937,5294,0,0,0,0,0,45.88
5703,1986,70240,88.29,25,62024,83.83,19,3.57
5704,3538,58862,83.83,23,49355,79.45,19,7.2
5706,28533,84911,38.72,13,32894,35.26,7,31.53
5810,48669,916440,72.87,99,667957,68.98,39,7.71
5859,3605,1450278,96.78,46,1403838,96.14,31,0.51
5863,27001,320202,81.53,44,261121,77.18,23,5.17
5864,13647,454496,69.17,109,314468,60.5,47,5.61
5871,115547,1711421,69.29,360,1186348,63.66,204,10.71
5871A,8190,150000,69.43,46,104181,60.84,26,5.05
5876,54255,4861603,86.88,817,4224532,81.31,371,1.67
5878,1804,25024,71.91,12,17999,59.78,7,11.61
5880,415246,15680937,73.6,1804,11544443,69.58,729,4.78
5901,5003,22907,77.87,2,17837,77.87,2,8.64
5902,2598,94500,85.22,16,80554,81.32,10,3.59
5903,17433,223220,91.42,25,204109,88.64,16,5.36
5904,25815,106444,68.42,46,72854,51.7,18,8.1
5905,46234,281623,46.9,44,132134,40.7,16,16.69
5906,984,35741,86.27,9,30838,82.48,7,1.92
5907,5570,195531,69.57,28,136063,65.26,13,6.7
6005,111618,2170908,73.37,270,1593041,70.07,154,8.05
6015,73321,403614,50.09,85,202219,43.58,41,12.17
6016,77529,686596,51.54,147,353986,44.02,60,10.81
6020,1947,252353,96.62,10,243859,95.97,8,0.86
6021,4212,312231,90.37,47,282217,86.46,27,1.6
6023,14466,319976,86.34,23,276332,84.34,12,4.7
6024,16959,249938,68.96,31,172402,64.4,10,10.91
6026,44146,396162,48.9,87,193789,40.24,34,11.04
6027,824,155720,95.25,9,148344,93.75,6,0.47
6028,1670,25000,64.26,12,16069,50.64,5,9.26
6035,2289,71440,93.92,20,67109,83.88,9,2.22
6101,3617,116589,87.32,39,101820,77.92,24,4.26
6103,3156,13605,91.1,5,12395,83.83,3,4.28
6104,56697,91129,21.08,19,19237,12.59,6,43.57
6107,5297,87438,40.85,17,35734,34.59,8,13.79
6108,60622,154494,52.14,42,80579,42.46,19,15.52
6109,34189,87825,50.33,33,44214,37.46,17,12.91
6110,2635,29375,18.41,7,5412,7.18,2,14.26
6111,45602,108511,44.42,24,48220,40.2,17,24.72
6112,34576,188357,58.16,12,109587,55.58,5,21.32
6113,8326,52549,52.13,7,27398,52.13,7,20.78
6114,5429,43912,73.93,9,32472,65.48,3,9.02
6115,14255,187662,61.42,30,115300,56.71,17,16.6
6116,387563,2858655,42.15,185,1205236,39.81,75,26.73
6117,14526,92587,53.39,13,49446,49.06,7,25.22
6118,9116,90890,56.46,15,51332,51.7,9,19.42
6120,59928,599000,60.86,76,364724,56.42,32,12.64
6121,18218,184971,68.4,86,126545,50.79,33,10.35
6122,35842,78092,29.57,18,23109,20.5,8,28.22
6123,10469,62089,43.16,20,26808,33.39,9,21.04
6124,9067,182480,93.71,18,171039,92.3,14,4.4
6125,91843,259011,36.53,37,94646,31.13,15,35.42
6126,71334,130058,37.63,24,48957,32.74,15,32.75
6127,73984,108080,25.6,17,27690,22.7,12,44.65
6128,7614,127589,59.34,26,75744,54.34,16,11.57
6129,75606,180944,17.99,17,32574,14.96,7,37.19
6130,29407,46300,62.31,14,28855,50.17,7,8.07
6131,5937,34793,41.17,9,14331,29.61,3,17.04
6132,4753,64127,35.3,25,22649,15.59,5,15.8
6133,21233,117006,51.35,20,60089,48.45,14,21.24
6134,17949,81882,56.13,19,45978,47.99,8,19.06
6135,7561,76189,38.41,12,29269,34.23,6,13.35
6136,45599,115536,44.35,32,51273,33.76,13,20.39
6137,11245,101364,38.74,29,39284,26.62,9,15.27
6138,27792,75636,49.32,27,37324,30.67,6,18.95
6139,40907,235576,69.55,76,163878,58.85,38,11.96
6140,9955,54898,46.55,17,25567,34.47,7,26.83
6141,16095,113354,51.18,38,58036,41.99,21,17.2
6142,48854,330779,58.93,58,194941,50.89,14,10.4
6143,54300,86059,30.85,20,26561,19.16,5,40.08
6144,1505,38274,89.55,3,34277,89.55,3,5.47
6146,20671,101867,56.02,31,57080,42.55,10,14.55
6147,152387,744594,67.05,147,499410,61.79,85,20.04
6148,27780,46604,37.1,9,17298,33.68,6,33.72
6149,3074,31880,39.03,7,12445,35.09,5,15.83
6150,40315,48346,16.95,8,8203,11.78,3,45.45
6151,19254,55257,35.8,18,19796,20.53,6,23.41
6152,41647,167738,24.76,31,41548,16.98,10,27.19
6153,80910,636178,48.85,98,310843,42.97,37,17.6
6154,10828,80080,63.27,21,50676,54.44,10,16.35
6155,16617,88024,55.43,22,48811,50.62,15,27.12
6156,38825,107875,43.25,26,46668,35.23,11,22.68
6158,36422,55698,43.21,16,24074,34.34,9,21.41
6160,45178,68489,38.5,16,26380,29.69,7,25.59
6161,23412,56237,39.39,5,22164,35.28,1,26.08
6162,3805,79768,51.98,24,41474,43.88,13,10.13
6163,47183,148839,44.6,34,66406,37.31,16,24.9
6164,45765,80000,27.3,23,21860,14.71,6,29.5
6165,41472,77753,47.46,24,36918,37.18,12,13.78
6166,11941,217779,77.72,62,169294,69.34,32,7.04
6167,28895,146000,43.31,33,63268,35.76,16,18.62
6168,34966,205762,48.66,24,100152,46.15,16,26.45
6169,40857,23395,30.57,4,7155,26.44,2,30.37
6170,33128,97260,56.78,22,55252,52.11,14,17.16
6171,2379,100000,87.67,23,87686,79.36,11,2.98
6172,1899,30000,91.42,9,27428,85.37,7,5.51
6173,48689,171200,68.13,28,116681,62.38,13,18.75
6174,9766,50000,62.05,13,31029,56.8,8,19.36
6175,22503,150122,62.3,27,93552,55.92,10,23.43
6176,73427,465027,48.39,140,225078,38.75,67,25.01
6177,21413,471891,74.99,124,353990,66.41,62,6.85
6179,50016,177325,41.9,48,74331,31.28,18,18.42
6180,57982,175494,49.75,30,87342,45.74,19,28.1
6181,3948,45630,11.86,6,5419,6.89,2,16.59
6182,164200,629915,45.88,114,289159,41.25,68,28.01
6183,37422,150000,77.43,32,116167,71.06,17,5.77
6184,7741,162128,72.4,30,117409,67.84,18,8.86
6185,46519,149868,52.65,47,78936,39.99,16,14.26
6186,57565,194908,52.77,36,102884,46.55,16,13.36
6187,62492,98263,51.33,45,50463,32.27,15,21.24
6188,69478,278359,42.88,37,119418,37.1,13,31.11
6189,64787,263919,33.78,68,89202,23.26,29,28.34
6190,60488,195376,36.93,42,72209,30.08,20,35.36
6191,79873,499303,59.99,60,299642,56.58,34,21.2
6192,8161,96156,57.14,38,54966,45.5,20,12.2
6193,8876,177808,61.36,38,109140,56.66,25,9.89
6194,4974,48000,54.55,19,26186,38.2,7,15.01
6195,11383,50193,53.24,7,26729,52.4,6,25.81
6196,30884,220330,72.02,44,158734,66.31,25,11.7
6197,48435,123439,47.15,26,58228,39.56,11,28.82
6198,6559,171400,94.21,8,161520,92.89,4,1.46
6199,1932,61760,81.37,21,50267,75.28,15,4.0
6201,5905,89200,69.11,21,61661,61.43,11,11.7
6202,58210,230388,40.74,48,93923,32.87,20,29.38
6203,10068,82401,59.2,16,48785,52.21,6,22.56
6204,22189,23102,29.71,3,6867,25.64,2,44.34
6205,13274,82236,46.27,25,38061,40.93,17,27.49
6206,16979,143062,52.58,42,75236,43.1,20,19.65
6207,69023,92534,21.02,20,19475,12.23,6,56.16
6208,13150,94462,62.95,41,59484,50.87,23,18.76
6209,60050,181929,39.92,45,72661,33.77,28,33.42
6210,3106,35048,54.11,16,18968,36.44,7,17.16
6212,986,102000,91.79,27,93643,86.12,18,1.01
6213,68957,363597,65.3,68,237488,58.8,34,18.27
6214,57209,272243,55.63,71,151501,45.61,29,21.85
6215,55931,82790,33.49,13,27740,29.71,8,40.86
6216,32410,97296,39.63,27,38579,29.85,10,24.45
6217,84887,117210,29.48,29,34575,19.74,12,45.39
6218,28576,64262,47.69,18,30660,37.44,7,27.76
6219,5895,124967,68.95,21,86187,64.64,12,7.34
6220,34688,146463,63.62,53,93197,53.45,28,10.06
6221,31378,168601,74.75,21,126064,71.85,13,6.94
6222,1860,95689,90.1,11,86233,84.52,3,2.14
6223,48650,97981,49.74,32,48751,39.05,14,9.83
6224,43536,85645,39.68,26,34010,25.9,9,26.12
6225,5577,27800,65.08,7,18097,55.2,2,7.22
6226,51702,115535,29.2,25,33756,22.05,11,37.09
6227,7533,76112,72.95,8,55535,69.07,2,13.5
6228,1899,26000,80.44,5,20917,75.5,3,8.38
6229,30585,40361,36.37,6,14685,32.77,4,25.25
6230,7574,86343,87.81,3,75819,87.81,3,7.2
6231,25503,45652,33.23,10,15180,26.54,5,32.95
6232,36926,451571,18.66,60,84331,13.34,18,18.33
6233,62078,81022,29.63,20,24017,18.61,6,35.66
6234,31493,100386,54.56,21,54797,49.62,13,23.43
6235,61793,199906,40.75,24,81482,36.38,9,29.24
6236,910,41654,92.69,4,38614,87.98,1,1.64
6237,72576,79645,19.82,12,15802,13.97,5,43.81
6239,174799,759147,66.86,185,507608,60.01,100,18.98
6240,1082,22867,82.71,9,18920,70.93,5,4.79
6241,29365,48700,46.58,9,22697,38.71,3,15.2
6242,3189,31806,63.66,7,20252,55.47,3,13.65
6243,59173,45269,23.27,7,10539,17.67,2,45.99
6244,96246,387042,32.51,63,125884,27.44,30,30.62
6245,20507,146608,44.46,24,65223,39.37,12,22.59
6246,32664,37851,62.99,7,23847,53.99,1,13.46
6248,32332,99956,48.98,24,48976,43.69,15,16.86
6249,207,2867,14.82,1,425,0,0,16.21
6250,1161,18249,70.88,2,12937,67.95,1,6.96
6253,453,5879,0,0,0,0,0,15.31
6254,518,30882,49.51,13,15294,36.43,6,3.4
6256,457,1843,0,0,0,0,0,52.65
6257,109250,483912,52.53,147,254305,42.6,69,22.04
6259,9628,28056,42.82,3,12017,41.09,2,22.85
6261,55935,128498,37.74,27,48508,29.64,12,31.51
6262,1344,20451,28.67,5,5866,16.81,1,16.1
6263,11330,62501,43.35,7,27100,40.96,4,26.86
6264,4219,136355,71.67,28,97755,67.3,18,5.59
6265,39421,118172,44.63,15,52766,40.09,6,27.88
6266,45898,153872,38.39,36,59096,31.0,18,19.67
6269,81010,323831,32.38,67,104935,25.23,28,31.71
6270,34394,72146,41.91,17,30248,36.56,10,29.62
6271,57217,209058,57.62,67,120487,49.11,38,22.86
6272,5021,81764,51.64,34,42240,35.8,14,12.78
6274,96031,299336,66.65,99,199567,55.78,50,15.16
6275,36805,80345,30.24,17,24312,23.41,7,35.57
6276,29639,22043,48.92,5,10784,48.92,5,27.72
6277,10373,119471,55.31,40,66103,43.42,17,17.63
6278,41887,292398,65.38,96,191217,55.73,51,19.08
6279,21347,119016,44.4,34,52863,36.56,19,25.25
6280,172,65492,99.95,1,65460,99.95,1,0.04
6281,10394,99173,55.84,37,55394,43.58,17,19.18
6282,162659,856101,45.18,119,386952,41.33,63,29.12
6283,15468,148981,63.01,21,93912,57.73,7,14.04
6284,52667,148980,51.69,21,77032,45.92,7,26.66
6285,96643,483664,63.71,111,308264,57.25,61,20.91
6287,4210,121451,94.0,7,114178,93.08,5,2.42
6289,10249,524,0,0,0,0,0,54.73
6290,58096,169652,42.56,51,72254,31.86,24,32.95
6291,10139,42000,64.04,6,26898,62.85,5,14.84
6292,7358,46601,45.71,7,21308,39.7,3,28.69
6294,12201,26047,37.16,4,9679,33.46,2,31.64
6295,350,1915,22.01,1,422,0,0,20.7
6299,123,25576,98.35,1,25154,98.35,1,0.71
6402,2016,58255,63.97,24,37276,48.87,10,4.06
6403,2577,15332,41.54,1,6369,41.54,1,13.4
6404,9035,24358,67.09,5,16343,63.48,4,9.82
6405,6856,65800,50.59,21,33302,37.7,9,18.42
6406,1073,35647,58.18,5,20744,53.35,2,8.78
6407,6333,75130,35.99,17,27050,28.07,8,19.51
6409,15872,88254,65.42,39,57754,49.33,17,9.82
6411,56565,99514,37.06,36,36901,21.93,11,28.78
6412,24486,400769,79.61,53,319108,75.61,28,9.69
6414,16439,151461,65.87,62,99805,49.96,21,11.6
6415,25573,389523,79.28,155,308865,65.53,65,4.63
6416,22625,73348,46.4,17,34054,35.45,4,20.19
6417,1525,42274,66.9,19,28291,52.24,10,4.8
6418,2511,34522,56.59,10,19543,51.82,7,13.88
6419,27694,13159,38.82,4,5109,32.17,2,29.27
6423,3241,31016,39.77,12,12338,21.94,4,15.66
6425,9645,51479,42.73,14,22004,34.03,7,31.15
6426,19506,38509,44.41,8,17107,34.93,3,29.0
6428,1333,17682,91.64,3,16205,89.36,2,3.65
6429,270,9348,37.74,5,3530,11.76,1,6.76
6431,17766,97399,70.13,19,68323,65.32,11,4.32
6432,36848,39616,34.44,13,13648,16.87,3,36.78
6434,9552,463602,84.91,21,393767,83.57,11,5.03
6435,8068,37461,56.15,7,21042,48.38,2,19.53
6437,403,32300,65.0,19,21003,40.87,7,3.09
6438,46725,82206,33.25,21,27350,24.31,10,35.32
6441,34856,53318,45.26,6,24138,41.86,2,24.21
6442,69558,80406,56.78,35,45669,37.91,12,21.6
6443,164279,512797,16.75,38,86044,14.56,17,48.24
6446,45015,381610,57.87,148,220963,44.14,60,9.47
6449,31370,91886,73.43,26,67494,63.54,11,12.09
6451,30816,114724,70.73,18,81168,64.56,7,18.53
6452,11653,100131,39.15,24,39222,30.43,9,23.81
6453,623,3519,0,0,0,0,0,38.17
6455,564,37095,68.47,16,25404,51.47,8,2.5
6456,38468,337940,47.54,44,160696,43.84,22,23.48
6458,2714,26789,65.25,6,17483,63.74,5,6.17
6461,27586,178352,63.15,32,112663,53.95,6,8.7
6462,47351,91251,29.96,18,27351,21.08,5,37.6
6464,2178,128782,85.41,42,110013,77.74,26,1.92
6465,2586,47074,68.58,6,32289,65.09,3,8.24
6467,4241,52409,36.44,17,19107,21.73,4,15.05
6468,162,12074,98.62,1,11909,98.62,1,0.94
6469,29231,150094,47.54,29,71399,41.55,14,25.02
6470,27095,37694,40.01,1,15083,40.01,1,32.37
6471,360,853,0,0,0,0,0,61.63
6472,32468,128002,55.86,34,71524,45.08,11,23.89
6473,9771,40000,69.05,23,27628,49.2,11,4.11
6474,1599,52526,67.62,29,35524,44.6,10,4.89
6475,931,34784,73.13,12,25443,56.66,1,4.7
6477,27994,123787,43.47,26,53831,37.05,13,26.41
6479,878,57300,86.32,9,49474,79.32,3,2.03
6481,107,27204,96.01,6,26122,91.6,4,0.8
6482,2029,28634,67.6,8,19358,65.78,7,11.16
6483,16663,66808,45.83,37,30635,18.76,7,5.63
6485,41225,47366,27.24,12,12907,19.1,5,33.14
6486,30200,50893,42.92,5,21849,40.3,3,28.77
6488,56417,478114,80.98,113,387329,72.95,54,6.52
6489,279,28470,62.98,18,17933,36.92,7,1.79
6490,425,38754,70.62,10,27375,64.16,6,2.75
6491,12146,78000,60.66,19,47333,53.37,10,15.9
6492,45795,89904,30.68,19,27601,26.31,12,24.04
6493,996,30050,80.37,9,24152,80.37,9,6.14
6494,38521,31560,14.96,7,4727,5.22,1,36.02
6495,12156,172031,52.59,39,90506,43.12,13,7.57
6496,10282,47396,66.03,9,31305,62.39,7,19.54
6497,1560,189955,97.19,5,184632,96.46,2,1.69
6498,6619,47165,70.02,17,33034,56.59,8,10.24
6499,7976,96945,42.5,14,41220,36.21,4,15.11
6502,134,8719,90.96,1,7931,90.96,1,0.83
6503,77,12012,80.41,3,9660,80.41,3,1.52
6504,5189,72600,69.84,22,50719,64.35,15,12.32
6505,102090,9525960,94.91,174,9042937,94.44,98,1.96
6506,4365,82361,61.23,39,50447,45.69,17,8.66
6508,15510,86539,60.48,14,52352,59.6,13,22.68
6509,56980,197081,38.06,47,75038,29.68,23,28.46
6510,16471,32929,51.02,9,16807,37.52,2,10.66
6511,642,60000,72.03,24,43229,57.36,9,2.89
6512,6717,25260,36.06,10,9118,17.69,3,20.37
6515,33550,36445,49.57,15,18068,36.77,8,9.51
6516,3683,56337,53.82,15,30326,43.36,5,11.27
6517,22551,30579,19.77,4,6049,17.96,3,44.5
6518,534,33333,84.37,12,28130,74.1,7,2.48
6523,6210,45048,63.08,8,28418,61.69,7,20.55
6525,11520,129047,66.84,25,86293,57.89,6,12.12
6526,21030,167506,78.93,17,132255,75.48,8,9.03
6527,2206,25459,42.19,7,10745,27.97,1,9.96
6529,399,12699,71.81,7,9121,41.45,1,5.3
6530,34709,33750,20.1,8,6791,8.93,2,43.66
6531,45409,163149,63.56,57,103735,52.97,28,11.79
6532,30367,37445,34.55,15,12944,18.46,4,34.3
6533,32723,50651,21.94,8,11123,16.37,3,43.35
6534,1982,102800,82.45,32,84783,75.96,21,3.12
6535,10762,167841,64.9,38,108963,56.77,15,9.28
6536,1208,26324,74.24,9,19549,58.26,2,4.26
6538,38930,38085,35.46,18,13517,11.1,3,29.46
6539,1007,24349,85.23,10,20757,75.51,6,3.89
6540,131,220435,99.05,3,218375,98.57,1,0.11
6541,12208,264993,71.81,46,190348,64.85,16,7.18
6542,903,42001,84.69,14,35582,77.61,10,2.7
6543,12294,55855,66.63,26,37227,49.58,10,1.94
6545,1238,22080,44.15,7,9751,37.79,5,13.39
6546,12367,66848,42.34,15,28324,29.91,1,25.45
6547,50838,329068,35.24,63,116042,28.28,22,19.05
6548,28886,950465,88.21,103,838635,85.48,62,5.15
6549,25480,80122,29.64,25,23762,16.14,6,11.51
6550,25705,894793,77.11,80,690170,73.75,30,6.19
6551,1188,71785,83.69,11,60095,79.32,6,3.11
6552,7784,83000,58.4,7,48482,55.76,3,18.65
6555,4680,119230,69.48,17,82868,64.58,7,8.89
6556,1361,28750,78.62,12,22607,67.5,7,7.41
6558,47450,93789,41.22,10,38676,38.61,6,31.93
6559,1982,23189,52.92,11,12276,31.62,3,17.64
6560,3385,32475,39.55,6,12851,32.29,3,18.53
6561,7200,77958,73.09,12,56993,70.23,8,8.74
6562,11454,118190,52.76,9,62365,50.33,5,15.65
6563,1161,29743,30.5,11,9077,10.33,1,7.7
6564,3732,72134,64.39,11,46469,59.48,6,11.08
6565,1246,27144,39.67,9,10773,28.28,5,9.13
6566,663,32152,84.51,6,27176,79.36,3,3.43
6567,630,102850,88.54,30,91083,80.22,15,1.26
6568,24785,30800,40.68,7,12533,29.94,1,22.9
6569,3868,39071,67.64,8,26437,61.23,3,12.61
6570,8322,37119,43.36,14,16101,29.73,5,23.98
6572,4365,103650,69.18,16,71731,64.92,9,9.88
6573,5770,80499,64.06,15,51579,59.39,8,15.33
6574,3293,21990,78.71,7,17311,75.53,6,9.49
6575,6889,135270,54.36,18,73566,51.02,10,8.89
6576,30522,157541,66.48,37,104751,58.92,19,6.84
6577,3617,60060,74.85,8,44967,70.03,3,10.56
6578,18893,71942,62.93,20,45288,55.73,10,10.24
6579,7679,169451,85.02,16,144086,83.6,11,6.47
6580,3933,112120,58.11,42,65181,45.71,21,8.11
6581,2310,111271,90.21,18,100392,86.86,11,2.88
6582,9327,106174,74.26,12,78861,71.21,8,11.73
6583,324,15947,82.44,9,13150,53.46,2,2.89
6584,9881,71282,76.65,27,54653,64.32,12,9.08
6585,4158,72180,79.54,11,57427,74.37,6,8.79
6586,29388,214010,62.34,34,133480,56.29,13,8.07
6588,37795,34701,25.61,7,8890,21.08,4,32.83
6589,23360,307076,57.26,58,175906,49.69,21,14.31
6590,2242,24964,56.98,13,14229,30.04,3,13.14
6591,44511,41122,27.87,10,11469,20.08,4,31.99
6592,25341,623150,79.41,58,495011,75.77,23,7.36
6592A,3662,50000,85.41,15,42707,75.84,6,6.71
6592B,5229,50000,81.28,17,40648,67.19,8,7.04
6593,34303,31857,43.0,13,13705,26.61,5,29.77
6595,9049,49858,80.21,19,39997,64.12,5,1.39
6596,17008,38000,26.81,6,10193,22.73,3,41.53
6597,991,30042,80.64,7,24234,72.45,3,4.99
6598,37136,102819,51.58,34,53051,39.99,14,11.88
6599,287,21000,76.44,4,16057,71.03,2,1.93
6601,361,44695,86.87,5,38836,84.46,3,1.53
6602,404,1236,0,0,0,0,0,64.82
6603,25851,167443,50.11,52,83931,39.23,23,15.7
6604,833,43731,86.34,9,37764,79.79,4,3.15
6605,16529,165816,66.21,38,109828,59.04,20,12.72
6606,9902,110304,71.44,43,78819,60.48,24,7.12
6607,68,9346,81.0,5,7571,76.22,4,1.21
6608,313,60000,96.78,8,58073,93.72,6,0.98
6609,9472,72456,56.91,6,41239,55.46,4,20.83
6610,2907,205579,83.56,13,171832,81.18,6,3.22
6611,459,1467,91.68,1,1345,91.68,1,8.3
6612,2790,47515,63.79,20,30317,44.44,6,9.06
6613,9203,77801,61.27,9,47678,56.86,2,15.25
6614,4069,80661,74.43,6,60045,73.85,5,9.78
6615,5177,21593,51.5,12,11125,35.88,5,22.91
6616,1581,35478,62.65,11,22232,53.85,6,7.82
6617,7019,127506,67.96,28,86675,59.63,11,9.61
6618,37064,104816,30.69,30,32178,21.4,12,13.8
6620,20010,169982,60.44,46,102768,48.84,13,9.1
6621,32085,35501,36.72,10,13045,23.52,3,17.69
6622,952,35301,63.56,13,22445,52.95,8,4.5
6624,837,22579,78.78,9,17792,59.54,3,4.8
6625,10455,57972,48.87,14,28337,44.07,10,23.15
6626,424,8936,77.35,4,6913,59.56,1,5.62
6627,267,28352,77.55,16,21990,65.81,10,1.55
6629,944,38380,85.08,11,32656,79.92,7,2.97
6633,1367,11129,95.66,1,10646,95.66,1,3.98
6634,2214,71289,66.5,25,47422,51.5,9,6.11
6637,3195,26810,61.64,10,16529,53.8,7,18.47
6638,1153,30000,70.1,7,21034,56.74,1,6.85
6639,909,57645,72.9,18,42033,62.43,9,3.37
6640,13832,28912,65.67,3,18991,63.77,2,17.15
6641,2048,36500,59.48,15,21717,49.98,9,9.88
6642,3600,37400,54.87,9,20527,46.24,5,15.53
6643,22907,42090,37.51,7,15792,33.83,4,36.22
6645,6654,60864,43.57,24,26532,26.17,7,10.99
6648,9242,50000,64.69,21,32359,49.42,9,6.7
6649,18469,42000,52.42,18,22026,32.85,5,7.52
6650,495,31090,80.16,17,24925,61.87,8,2.41
6651,3774,34602,51.21,17,17725,32.6,5,14.17
6652,1689,137000,79.07,38,108355,69.5,16,2.81
6653,282,6000,95.45,1,5727,95.45,1,1.16
6654,3532,40963,78.22,11,32045,71.18,6,4.13
6655,983,80572,86.15,24,69434,76.46,12,1.22
6656,66,12228,90.33,4,11047,82.4,3,0.71
6657,15559,88808,35.25,26,31316,20.92,6,16.05
6658,10741,36370,44.03,13,16019,31.33,5,19.7
6659,1056,85883,81.78,22,70256,72.22,9,2.24
6661,1310,23304,65.87,6,15352,61.68,4,9.39
6662,4684,25612,47.62,10,12199,40.13,7,7.92
6664,16605,61151,55.55,24,33975,36.54,11,22.5
6665,1832,45350,65.84,8,29863,59.39,4,8.32
6666,2261,47388,78.92,9,37401,78.06,8,7.37
6667,13495,49279,50.32,10,24802,43.57,5,29.16
6668,14054,107116,54.46,14,58350,51.83,8,20.73
6669,110182,186857,63.31,44,118319,53.77,16,9.26
6670,6779,139387,78.3,68,109171,64.05,35,5.66
6671,1383,60750,75.01,36,45585,56.64,17,4.46
6672,53875,81634,35.25,28,28789,21.21,10,40.58
6673,3302,26640,30.61,4,8156,25.44,2,28.6
6674,1795,68551,84.74,9,58103,81.38,6,5.4
6676,4245,169679,62.85,44,106674,55.62,24,5.73
6677,1897,56039,64.03,13,35886,57.04,6,7.2
6679,6015,54975,58.62,20,32230,48.55,10,12.24
6680,929,23954,72.76,10,17434,64.51,7,4.74
6682,11078,147106,52.89,22,77829,47.37,10,14.46
6683,28862,27557,23.74,7,6546,11.24,1,26.95
6684,24379,44559,34.3,4,15285,31.51,2,35.65
6688,197,19000,73.88,12,14039,49.8,5,1.74
6689,10171,68000,48.11,24,32729,35.56,11,25.38
6690,5331,30000,59.89,3,17967,59.89,3,21.83
6691,13975,121487,70.46,47,85626,55.23,20,8.65
6692,2167,58844,71.45,16,42059,61.58,6,5.46
6693,5396,45720,47.98,16,21947,31.39,4,14.6
6695,16985,106963,51.32,19,54915,45.51,10,21.15
6696,10708,82920,42.24,29,35036,28.51,11,15.51
6697,2246,27323,66.77,6,18247,61.11,3,14.27
6698,35755,66390,38.57,14,25619,31.08,6,25.97
6699,762,48819,85.49,16,41744,75.24,9,1.78
6701,758,365682,97.98,3,358306,97.98,3,0.34
6702,11487,758660,79.69,98,604770,75.42,45,2.88
6703,23239,32984,51.56,13,17013,39.15,6,22.2
6704,3577,95949,39.2,31,37644,26.88,9,8.58
6705,641,18005,74.48,10,13413,54.99,4,5.19
6706,48428,78549,29.07,22,22848,16.96,7,37.73
6707,1577,59003,80.13,15,47288,71.29,7,5.08
6708,2349,29009,52.06,12,15108,42.81,7,13.33
6709,1989,59380,59.57,21,35390,45.67,6,7.27
6712,28428,101764,42.04,25,42809,32.16,9,19.33
6713,885,29477,60.25,15,17768,37.76,4,7.02
6715,4170,68274,80.67,23,55091,69.85,11,4.94
6716,3645,30242,37.89,13,11461,25.85,5,17.5
6717,427,24937,75.04,13,18714,56.28,6,3.44
6719,27624,105517,52.48,19,55394,44.26,5,26.27
6720,1375,30226,57.89,20,17508,28.89,6,6.17
6721,1478,22500,49.83,8,11213,35.65,2,9.82
6722,2648,88400,76.31,14,67473,74.08,11,5.74
6723,1152,30039,58.67,12,17631,42.18,4,7.16
6724,1841,7100,62.32,2,4425,62.32,2,16.12
6725,6521,37130,64.52,10,23965,58.66,7,17.96
6727,42426,26884,22.98,9,6183,6.53,1,35.18
6728,2930,30120,63.32,9,19075,59.01,7,13.4
6729,1553,27661,47.94,11,13263,31.18,4,9.59
6730,996,36298,74.01,20,26871,60.59,12,4.3
6731,186,54554,99.44,1,54249,99.44,1,0.44
6732,9125,48913,50.42,5,24666,46.31,1,26.3
6733,7358,134316,49.03,27,65878,40.25,7,11.65
6734,2178,40623,59.33,15,24112,46.08,5,9.9
6735,5566,46182,48.66,16,22482,35.59,6,17.96
6736,850,2596,93.39,1,2424,93.39,1,3.5
6737,1392,60050,80.62,23,48420,74.71,19,4.73
6738,585,36714,64.24,25,23590,41.15,11,2.69
6739,11291,23392,62.52,11,14628,48.11,5,19.36
6741,6863,120578,70.16,37,84633,58.54,17,9.34
6742,41766,71268,35.04,20,24982,25.92,9,27.87
6743,9327,150000,63.12,28,94717,57.08,14,11.92
6744,428,15400,64.26,6,9898,52.96,3,4.49
6748,4678,71218,37.0,20,26370,29.72,11,11.38
6750,1878,44707,58.01,21,25945,40.28,8,8.24
6751,2469,22200,62.49,3,13876,56.93,1,16.45
6752,3733,37144,47.57,19,17673,21.04,4,11.8
6753,15910,117254,61.69,27,72343,54.47,14,17.68
6754,2228,66000,83.09,9,54845,81.35,7,5.26
6755,1246,39823,53.65,16,21371,40.79,7,5.96
6756,8795,69990,61.49,8,43046,57.45,2,18.13
6757,139011,459530,76.46,30,351440,74.35,15,12.44
6758,238,13471,81.83,3,11025,74.89,1,2.77
6761,12413,34956,39.67,9,13874,26.98,2,27.99
6762,884,35172,77.86,18,27393,61.88,9,3.18
6763,18546,184039,61.97,22,114088,57.3,9,18.82
6764,280,38203,97.22,2,37142,97.22,2,0.78
6767,1460,39184,59.27,10,23230,51.86,4,7.37
6768,7218,200095,83.31,33,166736,79.79,21,6.16
6770,664504,4711952,48.64,491,2292941,44.77,185,23.94
6771,1844,31180,40.86,16,12745,18.13,4,11.79
6775,4103,97500,65.32,21,63708,58.45,10,8.32
6776,7918,91581,66.16,13,60614,61.35,6,16.13
6780,245,16470,83.75,12,13797,52.7,4,1.62
6781,29846,85419,69.52,6,59391,67.73,4,16.97
6782,7531,63000,47.07,21,29668,31.18,6,13.18
6784,943,19077,49.2,9,9391,30.16,3,9.24
6785,4430,66800,62.64,21,41859,54.97,12,9.12
6786,17374,30838,9.02,5,2785,0,0,28.3
6787,19777,81007,24.66,24,19998,9.58,4,20.54
6788,28647,38740,25.21,11,9779,14.22,3,39.66
6789,55641,318299,73.22,26,233117,69.76,8,14.3
6790,11172,267129,78.66,24,210193,75.4,10,7.84
6791,2048,20847,74.18,9,15471,56.02,3,11.75
6792,4096,47875,53.89,7,25808,48.08,3,15.62
6793,23498,75600,38.01,26,28747,22.4,6,11.83
6794,1131,63637,79.22,22,50418,66.47,10,3.0
6796,3112,40234,47.28,12,19028,35.45,4,12.37
6797,26614,30732,48.47,12,14903,29.99,4,18.72
6798,5937,19572,70.51,9,13805,55.15,4,2.18
6799,29593,43712,32.56,9,14240,21.04,2,30.53
6803,14575,72794,55.72,4,40571,54.28,2,24.39
6804,2347,47500,62.4,22,29648,47.15,11,7.78
6805,28125,68554,59.43,24,40752,47.69,11,13.21
6806,30981,274643,59.93,15,164626,58.14,5,17.69
6807,987,54000,83.47,17,45086,73.55,8,2.6
6808,2300,77840,51.35,20,39984,38.73,4,6.21
6810,25049,49448,36.09,15,17853,21.41,3,10.35
6811,5710,41449,64.24,3,26630,61.99,1,15.67
6812,6735,30603,40.94,11,12535,26.32,3,16.34
6813,633,23388,61.22,9,14323,48.86,5,6.95
6814,726,41874,82.5,14,34555,73.54,8,3.29
6815,8433,39706,67.21,21,26692,49.84,11,6.63
6816,441,12180,70.99,3,8648,61.98,1,5.36
6817,1119,18417,54.89,1,10110,54.89,1,10.45
6818,1482,25503,66.8,5,17041,59.9,2,10.87
6819,1422,33974,57.09,13,19402,45.73,7,7.68
6820,1637,22211,73.74,5,16380,73.74,5,8.38
6821,4398,35730,48.54,12,17350,38.62,7,21.05
6823,2543,30534,56.17,6,17158,52.11,4,12.59
6825,585,33651,73.37,11,24692,61.71,5,3.04
6826,7324,85540,75.19,18,64327,68.09,9,8.14
6827,1468,79330,62.25,25,49398,49.17,9,3.69
6829,11788,59169,67.36,5,39865,63.0,1,18.33
6830,24873,54545,34.65,21,18909,15.6,5,33.72
6831,8521,67500,63.79,32,43072,43.66,11,8.34
6832,3607,26411,84.52,2,22325,82.86,1,4.34
6833,902,49977,84.96,8,42471,79.9,4,3.32
6834,8767,88471,60.86,33,53862,45.79,13,14.81
6835,2203,66172,78.32,27,51844,68.39,15,6.16
6837,1001,32824,59.15,18,19423,41.11,9,6.89
6838,6915,150977,61.4,27,92743,55.33,11,9.52
6839,939,82020,80.19,29,65787,73.84,20,1.89
6840,2419,30767,53.63,12,16507,38.83,5,12.69
6841,11954,95223,48.2,28,45916,38.38,14,22.48
6842,2228,23130,40.26,8,9318,24.87,3,16.7
6843,1243,33304,76.76,16,25573,55.93,7,6.78
6844,3379,37428,64.71,11,24223,55.96,5,7.85
6846,1482,27066,66.71,7,18058,64.12,6,8.5
6847,621,14230,55.82,8,7946,19.6,2,7.38
6848,471,14273,52.95,8,7560,29.84,2,4.84
6849,6213,41918,52.11,12,21854,42.71,6,18.72
6850,932,33089,60.26,18,19947,41.05,8,4.44
6854,6322,117679,64.95,34,76465,53.73,13,9.47
6855,2015,23250,61.37,13,14273,41.79,6,5.73
6856,942,28200,82.72,8,23330,74.28,4,4.78
6857,416,15226,94.62,1,14408,94.62,1,2.1
6858,343,27220,89.89,9,24470,82.2,5,2.18
6859,2562,41589,64.54,15,26853,56.08,9,8.76
6861,12287,41599,58.65,7,24403,52.16,2,19.45
6862,6610,50000,68.8,6,34401,68.8,6,14.82
6863,4660,74888,75.44,10,56503,72.27,6,8.83
6864,4198,37875,36.67,19,13892,12.23,3,7.25
6865,1419,15841,50.46,7,7996,36.04,3,13.01
6867,969,35000,87.48,8,30623,82.29,5,4.32
6868,497,25043,55.36,13,13868,31.27,3,3.03
6869,21635,137830,54.49,38,75134,44.65,18,22.1
6870,2453,23655,71.58,11,16935,57.88,5,7.58
6872,2534,70751,58.05,28,41079,43.49,11,7.47
6873,12097,142649,61.71,45,88055,53.13,23,13.51
6874,2831,22000,53.53,9,11779,39.58,4,18.38
6875,4826,129183,61.58,36,79578,53.43,19,7.42
6876,20222,71091,32.9,25,23407,17.12,7,7.54
6877,3547,46967,73.09,26,34333,52.39,12,9.19
6878,1052,72641,88.7,14,64444,84.38,9,2.69
6879,358,26459,89.17,8,23597,80.25,4,1.6
6881,872,15000,57.92,4,8691,49.96,2,4.79
6882,840,23199,58.8,14,13646,31.49,4,7.31
6883,789,76274,88.56,29,67566,80.14,18,1.94
6884,1362,18390,73.19,3,13462,69.39,2,8.71
6885,22153,133019,36.66,40,48797,22.52,10,14.16
6886,14457,31810,90.03,5,28642,84.94,3,1.82
6887,853,74176,92.03,20,68283,82.11,8,1.69
6890,7569,250296,92.54,19,231648,91.89,17,3.51
6891,6214,200642,77.09,30,154738,73.86,19,6.48
6892,2566,92605,57.23,42,53012,37.01,12,5.71
6894,2683,23800,61.05,11,14532,55.13,8,9.64
6895,3019,34100,61.21,9,20878,51.15,4,12.48
6898,1556,29016,59.2,10,17181,45.85,2,8.86
6899,2093,42398,80.15,19,33991,65.99,9,7.81
6901,23112,853360,83.69,41,714423,81.94,16,4.78
6902,6948,35530,71.35,15,25360,58.14,7,5.66
6903,9322,66676,70.32,19,46897,64.18,12,14.21
6904,608,18500,79.9,8,14783,64.36,2,3.16
6906,3400,33537,57.73,13,19366,47.63,7,15.91
6907,5770,62525,66.68,8,41696,62.3,3,13.71
6908,1214,37180,86.39,2,32122,86.39,2,4.75
6909,12988,67448,39.55,26,26687,21.62,8,22.76
6910,1632,30521,56.88,8,17365,49.38,4,10.11
6911,967,22000,60.04,10,13214,44.33,5,7.0
6912,2018,144000,76.96,28,110858,68.61,8,3.12
6913,4402,43849,54.08,16,23720,42.3,9,13.07
6914,4313,66226,71.75,17,47528,66.66,11,8.88
6915,1169,35300,88.45,11,31227,84.82,9,5.56
6916,2136,67500,78.96,18,53312,72.69,12,5.75
6917,2347,55272,45.19,23,24992,29.11,9,9.3
6918,2057,34571,49.96,18,17278,27.82,5,10.16
6919,63868,1557268,74.23,355,1156163,67.16,178,7.0
6920,12956,207219,64.28,38,133254,57.54,15,11.58
6921,927,32062,78.09,11,25039,75.24,9,5.39
6922,3555,27155,62.97,9,17102,56.75,6,15.19
6923,3555,91488,69.77,38,63855,55.01,17,6.54
6924,611,20624,80.24,5,16552,73.08,3,4.61
6925,3134,20000,60.48,9,12097,41.69,2,22.32
6926,701,49800,80.71,25,40203,60.93,9,2.59
6927,1361,38279,68.1,14,26074,52.89,5,7.28
6928,4387,86000,79.2,10,68125,76.07,6,9.34
6929,1587,45090,89.53,6,40375,86.91,4,4.93
6931,3284,66152,69.77,39,46166,50.0,18,7.39
6932,5188,432596,80.94,80,350226,75.18,38,2.85
6933,5735,42418,61.51,6,26092,61.51,6,18.59
6934,1775,36130,65.55,15,23688,55.26,10,8.26
6935,569,37410,84.95,15,31786,73.19,7,2.74
6936,3766,72804,75.95,20,55310,64.74,9,8.01
6937,9100,67655,63.18,24,42756,54.72,14,15.39
6938,700,12570,67.47,6,8482,54.14,3,6.5
6939,643,35399,64.33,12,22778,56.05,8,3.11
6940,9290,312180,53.87,111,168226,37.94,32,7.02
6944,13606,76688,51.61,34,39594,33.92,12,11.1
6945,6358,97202,62.73,26,60986,53.59,12,10.74
6946,1934,323800,93.86,33,303994,90.92,18,1.09
6947,3170,94333,73.51,27,69364,63.53,13,5.64
6949,1986,65580,74.17,29,48652,61.73,16,3.11
6951,4499,46000,66.21,4,30461,63.9,2,10.44
6952,2514,68345,86.65,18,59227,79.72,13,5.67
6953,3209,30015,63.56,6,19079,56.2,3,12.58
6955,506,24801,60.3,11,14955,49.64,6,2.35
6957,2028,55513,71.33,25,39613,55.66,12,4.91
6958,3492,401289,94.13,28,377827,92.75,20,1.38
6958A,1423,40000,83.86,7,33545,83.86,7,6.42
6959,4207,39167,40.52,12,15874,33.17,7,15.97
6961,3927,26834,42.79,5,11488,33.34,1,18.01
6962,32876,492397,53.43,77,263182,47.85,33,14.07
6963,205,15972,87.3,3,13946,84.69,2,1.43
6965,2451,156336,92.32,19,144347,90.84,15,2.52
6967,1224,24904,75.65,15,18844,47.92,4,7.91
6968,3522,49447,58.75,18,29059,44.21,7,10.1
6969,1159,43857,59.92,15,26286,47.58,7,4.94
6971,1562,38668,73.78,16,28538,61.37,8,8.01
6972,382,22935,83.82,9,19226,63.73,1,2.62
6973,836,40803,67.32,20,27479,41.34,4,3.84
6976,5981,582620,80.52,103,469236,74.57,46,2.47
6977,1789,14000,42.79,9,5992,15.91,2,14.22
6979,418,12000,59.53,4,7145,39.6,1,4.06
6980,2481,30000,77.66,6,23301,72.41,4,10.47
6982,2804,40752,64.98,15,26489,53.38,7,12.83
6983,3690,18020,44.17,9,7963,16.01,2,18.28
6984,345,19239,56.61,14,10895,27.7,4,2.49
6986,2217,52134,48.5,21,25290,34.07,8,7.49
6987,1227,224468,90.07,34,202235,85.96,20,1.17
6988,444,47600,78.24,20,37250,66.49,12,1.62
6990,2981,63291,90.49,18,57279,86.84,15,5.94
6994,6290,74162,54.0,21,40058,46.16,11,16.59
6995,3729,25331,44.07,12,11167,21.07,3,8.1
6996,2390,41998,59.59,4,25031,55.8,1,7.97
6997,754,22100,82.26,3,18181,77.74,2,4.91
6999,245,22015,77.53,16,17074,57.39,8,1.45
7402,19455,35281,40.41,12,14260,30.48,5,27.31
7415,1920,26498,60.87,12,16137,39.33,4,4.74
7418,257,27554,96.13,6,26492,85.31,1,0.49
7419,4922,40000,49.55,15,19825,39.16,9,20.21
7421,537,525,0,0,0,0,0,53.65
7427,4984,54026,30.62,19,16552,19.64,8,18.9
7443,319,22000,82.47,12,18148,69.61,7,1.87
7452,114,4000,87.89,1,3516,87.89,1,3.42
7455,255,25500,82.41,8,21018,73.51,4,1.46
7507,1136,102100,77.84,30,79491,70.25,18,2.26
7516,24025,19309,36.74,7,7098,14.81,1,23.23
7530,3571,46500,55.08,15,25621,45.63,8,16.27
7547,2113,33628,72.92,10,24525,66.06,7,10.47
7551,455,12100,56.45,5,6833,42.93,2,6.24
7555,418,28325,87.67,5,24834,86.14,4,1.91
7556,2664,27715,64.63,10,17914,54.79,5,10.32
7558,843,18621,50.42,11,9393,22.96,3,8.94
7561,743,30085,60.63,7,18244,55.15,4,3.16
7562,258,22564,79.29,12,17895,63.85,6,1.58
7566,7953,139773,61.94,42,86611,51.85,19,5.06
7575,626,30000,55.7,20,16717,26.04,6,3.46
7578,1775,60073,64.51,28,38763,44.4,9,5.71
7583,442,24575,88.79,13,21826,73.03,7,2.44
7584,976,16463,71.67,7,11801,53.0,2,9.09
7590,2716,122379,82.61,32,101132,78.27,23,4.9
7595,835,50465,71.18,26,35933,45.91,8,3.55
7607,678,35553,71.15,13,25302,61.38,6,2.34
7610,13810,48585,47.94,17,23308,34.92,6,20.64
7631,1465,20142,74.28,11,14966,53.92,4,9.43
7642,2160,30150,80.04,9,24136,78.36,8,10.39
7669,3769,22000,32.69,12,7195,4.94,1,13.54
7689,5737,53164,91.82,8,48818,88.39,5,3.08
7702,364,66000,92.45,10,61026,86.38,4,0.86
7703,4247,34745,58.33,8,20276,46.66,2,15.55
7704,1770,33770,59.37,13,20056,43.12,4,8.58
7705,12870,66067,69.53,11,45949,61.81,3,11.32
7706,239,10000,91.29,1,9129,91.29,1,3.47
7707,3411,45700,46.68,11,21338,40.06,6,10.86
7708,3001,25500,63.59,2,16218,61.96,1,12.18
7709,2488,39103,79.45,8,31072,77.41,7,8.9
7710,229,63906,99.26,3,63438,99.26,3,0.2
7711,10137,71700,61.81,12,44335,54.67,5,15.53
7712,4273,32562,52.39,14,17063,35.61,5,15.95
7713,791,45479,84.57,14,38469,78.08,9,2.6
7714,2245,21000,66.65,8,14001,47.95,2,13.12
7715,2243,32756,56.17,12,18407,39.76,4,12.82
7716,560,22500,82.71,9,18614,65.9,3,4.38
7717,9231,24832,55.7,11,13836,35.38,4,21.81
7718,1041,46356,78.68,18,36483,67.82,10,3.31
7719,15736,36000,21.01,7,7570,11.27,2,28.38
7721,3761,55370,60.68,17,33606,52.04,10,11.86
7722,20491,68000,84.95,4,57767,83.93,3,9.69
7723,4347,49620,56.5,19,28044,48.43,13,13.97
7724,283,35381,84.25,12,29816,68.11,4,1.5
7725,290,48327,83.69,10,40453,79.1,6,0.88
7726,187,20304,87.11,6,17690,80.24,4,1.32
7728,3430,13854,57.12,4,7916,47.18,2,14.92
7729,16623,73079,57.61,27,42118,43.27,13,8.4
7730,1113,36797,70.44,16,25926,60.95,10,4.65
7731,9419,521981,72.49,92,378458,67.73,52,4.78
7732,893,64680,87.38,14,56521,85.08,11,2.05
7734,10941,28000,74.7,12,20921,67.13,9,8.09
7735,2411,43331,94.34,6,40884,88.44,3,2.47
7736,1629,76000,83.97,22,63837,76.73,13,3.71
7737,371,29739,78.33,13,23301,60.18,5,1.78
7738,1608,27356,57.82,17,15823,32.18,6,7.18
7740,2516,53200,65.61,21,34917,54.81,11,8.57
7742,7976,66485,69.07,5,45936,65.07,1,16.38
7743,955,36483,74.74,23,27276,57.39,13,4.22
7744,2863,32077,78.64,16,25231,58.61,7,7.68
7745,528,17950,71.23,7,12789,56.76,3,7.5
7747,920,27426,77.79,4,21338,70.7,2,2.64
7748,206,14500,71.13,8,10316,59.12,5,2.28
7749,8058,46486,49.21,21,22886,29.01,5,16.36
7750,10841,71843,76.28,35,54809,61.59,16,5.19
7751,10635,26889,47.15,11,12684,36.95,6,13.71
7752,2285,200000,86.11,35,172255,81.66,20,2.31
7753,2418,25000,74.15,4,18541,65.34,1,7.89
7754,1604,101114,72.88,42,73707,59.89,17,2.92
7756,267,21283,70.85,8,15082,59.42,4,1.4
7757,2690,24100,57.9,9,13959,43.47,4,13.45
7758,364,16100,83.23,3,13402,80.01,2,2.7
7759,1008,70068,81.51,17,57124,74.04,10,2.67
7760,1650,66048,61.87,31,40869,46.03,12,3.64
7761,1433,28900,51.48,11,14885,33.99,4,10.19
7762,1409,57233,54.72,25,31328,39.59,10,4.32
7763,3208,60014,81.44,16,48885,76.51,10,6.85
7764,782,60000,81.22,25,48747,70.6,16,2.69
7765,5281,40681,60.76,3,24721,59.66,2,13.09
7767,1033,30100,72.19,17,21738,54.77,9,6.27
7768,6568,70065,64.4,22,45136,55.15,13,10.82
7769,56926,179930,67.59,49,121653,57.42,17,5.37
7770,1089,30062,74.47,14,22392,62.44,7,5.55
7771,477,20013,82.31,3,16475,75.82,1,3.22
7772,5609,26499,56.09,5,14864,52.82,3,23.67
7773,995,39911,56.8,15,22679,43.08,8,5.61
7776,1120,49102,75.15,15,36912,65.78,7,4.75
7777,13727,182500,69.65,28,127163,64.45,15,15.4
7779,385,16105,66.03,7,10634,56.73,4,2.33
7780,44318,810024,75.63,45,612738,73.57,18,10.56
7781,17303,599681,74.26,59,445481,72.03,37,6.85
7782,1135,23213,75.89,9,17619,65.8,6,7.36
7783,1255,62445,91.18,15,56942,89.59,13,2.2
7784,1325,187601,88.7,46,166440,84.16,31,1.75
7785,206,33339,85.58,13,28537,72.06,5,0.95
7786,6622,175954,81.87,32,144088,76.8,17,6.32
7788,7794,79746,70.54,34,56276,57.12,15,10.09
7789,174,21184,72.56,14,15375,42.6,4,0.9
7790,396,17700,70.15,15,12420,32.02,3,3.19
7791,4655,80000,80.22,16,64188,70.07,5,7.84
7792,4439,46662,70.92,15,33101,62.05,8,10.51
7794,1286,28000,81.49,7,22820,71.58,2,7.69
7795,14523,78828,77.4,16,61025,67.79,5,7.18
7796,2338,22963,59.52,5,13672,46.92,1,16.13
7797,710,22245,78.84,11,17543,62.21,5,5.45
7798,669,308692,94.56,48,291965,89.46,24,0.42
7799,11972,158245,79.46,34,125788,71.77,14,7.76
7801,1332,18300,70.43,3,12891,67.37,2,10.41
7803,2161,94413,78.32,29,73960,70.37,17,5.05
7805,4099,33125,70.56,8,23374,65.33,5,9.86
7806,316,27860,74.62,14,20793,58.33,7,1.75
7808,1044,70000,78.53,4,54983,76.94,2,2.91
7810,3510,20250,46.8,6,9480,36.34,3,20.29
7811,1324,33377,71.79,6,23971,65.17,2,6.44
7812,2719,60419,61.35,18,37082,53.92,11,8.06
7813,1727,19196,42.76,8,8212,27.44,3,14.19
7814,855,40000,85.63,8,34255,80.83,5,3.54
7815,4199,32976,60.9,7,20089,50.32,2,12.17
7816,1107,29278,78.87,6,23098,71.23,2,6.55
7818,4782,167946,89.02,12,149523,87.66,8,4.71
7819,2697,25264,59.09,2,14930,55.4,1,17.96
7820,2067,37768,75.09,11,28364,65.32,6,7.2
7821,10108,121913,80.96,20,98736,75.15,10,7.31
7822,17199,45561,68.19,9,31080,63.73,6,17.71
7823,850,33491,73.61,15,24659,58.6,8,3.8
7824,379,31337,79.71,18,24984,67.03,12,1.58
7825,2286,23114,45.97,9,10629,27.49,3,16.06
7826,133,12000,84.38,9,10127,60.74,4,1.52
7827,2947,139972,76.81,30,107537,69.93,15,3.95
7828,14341,40494,63.41,17,25680,53.85,10,15.17
7829,1069,99388,83.09,43,82599,71.17,24,2.04
7831,74,13401,77.45,9,10382,55.97,4,0.2
7832,2074,580000,92.96,101,539333,87.58,57,0.87
7833,540,43011,73.65,20,31687,57.5,9,1.98
7834,283,16478,74.62,7,12298,60.54,3,3.13
7836,570,51250,72.11,20,36965,63.44,13,1.33
7837,316,22800,75.02,4,17110,67.76,2,2.41
7839,593,15096,75.49,8,11398,55.95,3,4.83
7840,227,34000,89.66,13,30490,76.24,7,1.1
7841,347,24200,77.77,10,18823,66.49,6,2.32
7842,1741,18250,64.66,2,11804,62.3,1,13.26
7843,1079,33440,67.65,9,22627,61.47,6,5.31
7846,408,34412,85.65,9,29479,75.12,3,1.98
7847,554,29000,63.04,14,18287,43.49,5,3.57
7848,1178,29800,67.23,12,20041,51.52,4,4.25
7849,181,11892,95.78,1,11391,95.78,1,1.08
7850,1467,97659,71.84,41,70171,55.72,18,3.3
7851,520,67691,83.79,21,56731,74.41,9,1.47
7853,15806,47865,27.5,13,13171,18.52,4,34.8
7854,925,40300,89.47,16,36062,79.77,11,3.22
7855,314,192528,99.29,3,191172,99.29,3,0.19
7856,5803,27177,68.01,12,18489,61.1,9,10.18
7857,549,53488,83.69,13,44776,76.1,7,1.48
7858,4141,22237,45.7,9,10167,30.41,2,15.11
7860,162,32000,94.58,11,30270,89.26,9,0.5
7861,3804,64600,77.38,23,50004,66.91,12,4.42
7862,620,40000,87.56,4,35028,84.22,2,1.56
7863,113,30000,98.53,5,29564,96.02,4,0.33
7865,726,18424,73.4,10,13525,47.9,4,7.51
7866,4904,43171,61.76,16,26668,48.45,7,9.67
7867,635,96000,95.51,25,91706,85.57,9,0.76
7868,1067,22240,60.17,11,13388,40.71,4,8.4
7869,420,27241,88.9,4,24221,86.5,3,0.92
7870,2449,18400,78.39,13,14426,49.01,3,1.32
7871,3797,134278,65.78,31,88350,59.96,18,5.91
7872,1257,30000,65.36,3,19611,61.59,1,6.87
7873,2404,149852,86.34,36,129396,76.35,14,2.03
7875,348,20000,96.46,1,19292,96.46,1,1.59
7876,1034,107262,85.85,28,92111,77.56,16,2.02
7877,375,38857,73.96,11,28744,61.47,2,1.73
7878,2786,53537,47.01,18,25175,33.52,6,7.18
7879,3585,40000,61.85,17,24745,45.77,8,12.03
7880,1501,26500,70.23,17,18615,38.23,5,7.9
7881,358,27000,84.45,4,22802,82.58,3,2.27
7882,2074,205282,83.5,46,171459,78.01,30,2.25
7883,1883,60976,71.28,23,43479,59.5,11,2.14
7885,475,29200,76.7,16,22401,57.49,6,3.09
7886,1609,24978,65.77,14,16433,43.6,5,8.33
7887,14193,81720,43.08,34,35222,27.46,13,19.54
7888,545,75235,80.69,39,60722,62.13,17,1.02
7889,174,20781,85.9,17,17855,45.73,4,0.77
7890,430,20800,86.06,12,17905,65.96,6,2.75
7891,191,19430,56.33,7,10947,53.45,6,1.36
7892,5686,46898,75.48,14,35410,63.51,6,7.36
7893,1425,40799,86.33,5,35226,80.01,1,4.12
7894,428,24000,68.75,9,16504,51.53,1,2.26
7895,12921,38790,74.11,7,28756,65.6,1,2.61
7896,604,27900,91.27,6,25470,83.38,2,1.92
7897,204,133617,98.33,2,131395,98.33,2,0.18
7898,3217,30039,71.67,5,21530,66.53,2,5.28
7899,8490,22904,38.43,9,8804,25.03,4,25.76
7901,2282,60000,84.68,13,50812,75.51,4,3.41
7902,1566,200605,90.47,46,181529,85.79,31,1.71
7904,100,15000,92.35,3,13854,89.32,2,1.14
7907,1711,39393,75.15,14,29611,67.91,9,2.04
7909,4924,70593,83.9,15,59245,76.11,7,4.57
7911,1584,40000,68.32,13,27332,50.31,2,5.62
7912,2590,22190,79.32,6,17603,72.33,3,5.34
7913,1192,45139,90.47,5,40844,87.76,3,2.02
7915,1794,40100,86.14,19,34549,70.76,10,1.84
7918,15322,43100,79.17,5,34125,77.08,3,8.43
7919,597,12700,50.06,4,6358,42.07,2,6.9
7920,3264,593987,90.55,175,537915,82.1,96,1.3
7921,867,40807,84.76,12,34595,75.22,5,2.74
7922,527,66175,95.42,18,63152,93.94,17,0.79
7924,923,133561,85.59,24,114337,79.39,9,1.22
7926,1019,15002,73.49,4,11027,59.45,1,5.05
7927,477,44700,73.43,23,32829,50.46,5,0.96
7928,2030,41530,75.87,19,31519,61.88,9,2.84
7929,929,21500,83.28,12,17910,62.59,4,3.22
7931,160,24641,97.03,5,23914,84.9,1,0.36
8002,250,1908,0,0,0,0,0,28.25
8009,627,4375,0,0,0,0,0,21.49
8010,385,6666,46.01,4,3068,20.25,1,9.66
8011,61074,165922,30.57,25,50741,25.22,11,30.37
8012,478,3800,93.02,1,3535,93.02,1,4.85
8014,592,8827,37.85,2,3342,37.85,2,10.89
8015,111,3000,29.54,2,886,0,0,12.06
8016,38071,120137,44.37,52,53320,28.71,21,22.34
8018,75,3449,21.62,1,746,0,0,3.98
8019,98,33891,93.81,3,31801,90.33,1,0.8
8020,109,8263,59.32,4,4902,32.36,1,2.37
8021,81857,147088,47.91,49,70503,37.17,23,29.35
8022,57,3000,70.18,1,2106,70.18,1,3.26
8024,22713,45160,29.94,12,13528,18.86,4,26.38
8026,61,97,0,0,0,0,0,73.87
8027,64595,112878,28.36,33,32024,18.59,15,37.17
8028,66396,183820,51.66,70,94993,37.4,27,24.82
8029,656,78017,75.2,25,58688,62.69,8,1.45
8031,121,4498,25.57,1,1151,25.57,1,4.73
8032,22897,51810,76.11,9,39436,74.36,7,12.78
8033,65681,164630,38.94,43,64133,30.38,20,31.5
8034,22174,56586,18.92,12,10726,8.72,3,33.37
8035,214,6812,43.5,4,2965,17.63,1,5.68
8036,534,7662,20.61,1,1580,20.61,1,10.95
8038,40149,62278,20.12,9,12541,15.0,4,36.8
8039,71598,263804,58.28,65,153792,50.02,30,19.99
8040,32091,96414,51.08,14,49271,44.6,3,21.62
8042,35564,131887,72.5,47,95641,64.46,30,13.55
8043,35538,79907,47.55,16,38019,43.2,10,39.81
8044,27852,204768,61.3,33,125541,54.74,12,14.5
8045,4207,95042,66.99,36,63692,55.62,19,8.14
8046,85118,646165,85.64,87,553491,80.73,39,6.06
8047,1318,41666,80.72,14,33638,73.89,10,3.6
8048,34762,57706,42.86,21,24746,28.34,7,23.9
8049,39314,118280,32.62,22,38600,27.15,11,29.06
8050,56521,205205,42.59,36,87429,36.04,15,26.65
8053,3692,411818,85.44,75,351941,80.37,41,1.93
8054,51953,106233,38.88,21,41329,31.17,6,33.16
8056,11814,389990,60.57,80,236299,53.9,35,5.95
8057,84,6344,67.07,3,4256,67.07,3,2.43
8058,2529,68800,69.67,27,47950,52.27,10,6.27
8059,14148,194080,73.03,16,141777,69.36,5,8.43
8060,273,6084,49.67,2,3023,34.06,1,11.29
8064,82506,184818,45.9,42,84871,38.8,20,31.84
8065,930,4500,37.58,3,1692,0,0,18.21
8066,38146,36642,38.74,13,14203,21.76,4,33.07
8067,7014,20700,81.35,9,16844,56.73,3,6.41
8068,8400,80766,62.23,16,50277,58.11,11,15.9
8069,95909,1154678,77.62,313,896482,69.16,157,7.63
8070,38537,725648,74.13,101,538056,70.19,59,11.13
8071,35249,60084,33.75,12,20292,25.23,4,32.28
8072,13149,80000,60.57,10,48477,57.87,7,20.92
8074,47022,86974,39.45,24,34331,29.57,9,32.21
8076,89148,292214,34.38,62,100522,24.92,21,21.76
8077,1078,21946,82.25,4,18053,76.98,2,2.82
8080,14483,67164,84.11,4,56503,82.53,2,6.19
8081,20755,86172,39.68,25,34215,25.92,5,22.58
8082,4216,106609,71.69,22,76456,62.88,8,4.37
8083,2628,35133,55.39,12,19462,43.69,4,9.37
8084,2948,69514,64.76,20,45032,55.39,9,7.56
8085,36145,139983,40.9,25,57282,31.66,5,18.32
8086,70154,196516,55.31,41,108738,48.81,18,24.53
8087,9881,38669,57.84,21,22373,43.88,11,10.11
8088,54396,60922,21.3,7,12991,18.06,4,51.46
8089,27300,65999,41.04,7,27089,37.85,3,22.99
8091,18437,56209,48.27,25,27143,30.28,9,20.17
8092,20148,57172,60.42,24,34552,41.1,7,10.98
8093,3265,56568,67.55,7,38213,64.0,4,8.18
8094,337,18527,43.02,10,7975,11.96,2,2.77
8095,124,7932,51.28,6,4068,18.09,1,3.8
8096,78777,149343,56.39,34,84239,51.12,22,22.38
8097,13463,63802,71.81,20,45824,60.41,9,6.77
8098,1496,12653,57.83,8,7318,33.15,3,11.47
8099,29330,100073,82.34,20,82413,75.42,9,5.85
8101,18485,52166,82.35,4,42964,80.45,2,8.13
8102,1130,23358,39.62,10,9258,25.15,4,6.97
8103,19054,78437,47.68,34,37417,27.95,8,24.03
8104,45253,104058,35.97,11,37450,31.61,3,31.89
8105,40802,441545,61.58,34,272000,58.83,14,17.74
8106,68,3943,60.82,3,2398,27.88,1,2.19
8107,31915,75000,53.78,19,40351,45.64,10,17.23
8109,5763,82161,54.77,36,45021,34.92,11,11.18
8110,79977,517740,53.13,45,275195,50.4,21,28.68
8111,56566,109102,36.5,28,39848,25.44,8,28.39
8112,115887,525293,36.1,76,189765,32.09,44,32.99
8112A,7142,30000,52.25,13,15680,36.01,7,18.07
8114,11611,76488,47.65,32,36462,33.76,14,18.51
8115,842,70000,86.41,25,60502,78.23,16,2.47
8119,33067,63662,46.12,26,29380,26.93,8,11.03
8121,31650,212994,61.08,37,130156,55.46,16,14.61
8122,1616,402371,93.1,13,374717,92.23,7,0.77
8127,243,5561,7.67,1,427,0,0,7.57
8130,297,47620,70.92,21,33778,59.07,11,0.81
8131,31359,442222,72.47,29,320577,70.11,12,13.4
8147,5056,41817,47.93,15,20052,35.26,7,15.34
8150,116390,704523,71.99,137,507317,66.33,77,16.55
8155,16020,62368,46.64,14,29099,39.1,8,26.12
8157,662,26839,78.64,2,21107,78.64,2,4.87
8162,2870,68702,74.58,26,51260,62.06,13,7.43
8163,75386,280000,46.76,45,130998,41.39,19,24.71
8171,44894,112853,61.06,27,68935,52.25,12,13.03
8172,263,1603,0,0,0,0,0,36.72
8176,37650,71701,32.51,18,23318,21.71,6,23.92
8182,11384,107041,67.31,12,72069,65.19,8,18.24
8183,42102,121251,47.73,15,57911,43.69,7,21.98
8197,637,61748,84.91,4,52437,83.38,2,2.19
8201,12256,62366,57.77,16,36037,45.88,4,17.53
8210,31356,125319,71.17,30,89211,62.61,13,13.3
8213,68145,271242,51.13,82,138715,41.23,38,16.82
8215,68109,320675,53.54,30,171804,50.8,14,20.56
8218,105,1593,0,0,0,0,0,9.2
8222,39589,68574,38.06,14,26113,33.03,8,32.51
8225,380,22380,79.65,4,17828,73.02,2,3.89
8227,30363,39543,29.54,9,11693,18.22,3,41.59
8234,17298,141226,53.79,35,75987,45.86,17,21.58
8240,37767,100004,53.66,21,53681,47.02,10,21.62
8249,36309,137824,57.22,17,78895,53.54,9,24.26
8255,26461,101939,53.07,18,54107,47.62,9,22.91
8261,66256,118878,55.89,23,66467,49.0,11,30.33
8264,497,2583,0,0,0,0,0,34.52
8271,64294,129614,43.17,25,55984,37.71,12,32.09
8272,1649,18998,38.05,6,7232,25.15,2,11.36
8276,126,3537,47.96,2,1697,33.56,1,10.23
8277,44263,91629,19.64,12,18005,13.48,2,30.78
8279,1974,27101,62.22,6,16870,52.51,2,9.9
8281,415,29267,44.49,8,13025,34.88,3,2.37
8284,2411,47342,62.87,19,29774,44.64,7,7.51
8286,157,441,0,0,0,0,0,76.5
8287,11822,24267,70.24,1,17046,70.24,1,20.81
8289,31291,68334,43.1,16,29464,33.82,5,27.47
8291,1995,17478,71.9,3,12567,71.9,3,13.58
8297,174,15000,92.95,1,13943,92.95,1,1.78
8298,398,25632,82.34,2,21106,82.34,2,2.35
8299,181124,221165,45.53,68,100733,34.66,30,28.18
8325,205,1526,0,0,0,0,0,33.53
8329,3203,280578,90.76,36,254681,87.15,22,2.84
8341,19152,130000,49.87,18,64848,46.5,11,24.52
8342,1084,33537,72.88,10,24444,65.59,6,4.56
8345,769,52000,82.24,13,42770,71.53,5,2.6
8349,7711,208821,71.24,38,148805,66.9,23,6.61
8349A,1279,10000,10.25,2,1025,0,0,19.93
8351,1051,50000,80.5,9,40256,70.91,2,3.54
8354,13054,78532,64.77,31,50885,48.08,10,11.4
8358,122901,252588,53.44,63,135013,45.04,32,28.4
8359,5928,136500,83.39,26,113850,79.54,18,4.57
8367,3548,92172,70.61,33,65105,61.36,18,7.02
8374,13213,112250,72.39,12,81278,68.57,6,17.14
8375,114,7356,77.08,6,5671,40.34,2,1.96
8380,882,7123,19.38,2,1381,0,0,31.96
8382,10362,292598,65.97,81,193064,56.88,42,6.41
8383,56453,113760,51.49,28,58593,45.76,17,24.27
8390,30700,96116,50.18,23,48245,43.42,13,15.21
8401,12025,70669,62.76,22,44371,54.31,13,9.56
8403,36812,137640,38.56,23,53087,32.25,9,20.09
8404,16115,419934,78.68,66,330488,73.43,30,4.4
8409,25836,32000,48.49,9,15522,38.58,4,14.67
8410,2062,36589,59.13,12,21641,51.12,7,10.99
8411,11073,218404,81.63,32,178332,79.03,24,5.72
8415,9627,1031500,92.49,130,954270,89.34,78,1.97
8416,2079,28211,77.11,7,21756,77.11,7,9.04
8419,1377,30000,53.22,11,15971,40.55,4,14.2
8421,6421,54817,64.34,17,35274,59.0,12,14.17
8422,155092,1358763,37.35,131,507788,33.7,52,27.31
8423,6374,41714,63.04,13,26305,54.89,8,13.13
8424,3022,36054,60.56,7,21844,50.7,2,15.61
8426,2779,50242,73.53,5,36951,70.26,3,9.45
8429,45350,185747,41.6,25,77285,38.05,13,18.16
8431,44851,48778,23.47,10,11458,15.39,4,34.19
8432,3132,38398,61.47,4,23615,56.47,1,12.55
8433,3180,54506,66.77,16,36405,60.42,10,9.97
8435,22419,35200,41.13,13,14489,20.64,2,29.24
8436,43245,117729,38.9,36,45809,29.78,16,26.29
8437,32112,47014,40.81,18,19194,28.01,7,16.7
8438,2597,69943,84.26,24,58951,71.57,12,5.08
8440,55729,50255,31.76,6,15967,29.05,4,37.49
8442,2021,70170,71.45,24,50155,61.4,13,5.42
8443,46786,66800,69.75,25,46604,59.22,14,16.12
8444,1715,111167,84.19,33,93612,74.8,15,2.44
8446,7738,52914,50.02,14,26474,42.69,7,23.91
8450,10372,51310,58.33,14,29933,56.66,13,23.02
8454,38927,264975,81.12,17,214988,79.83,11,10.48
8455,755,25219,89.9,3,22675,87.77,2,4.69
8458,563,35850,72.45,24,25981,48.85,11,2.6
8462,6801,80387,65.85,21,52955,60.09,13,11.79
8463,3606,150000,81.81,27,122731,76.7,15,4.69
8464,4205,293020,87.3,93,255877,77.44,46,1.24
8465,232,8100,58.22,4,4717,41.56,2,3.39
8466,2237,79826,76.73,27,61262,67.12,13,5.0
8467,1664,48374,82.01,21,39679,73.88,14,4.34
8472,1047,17736,63.04,3,11182,55.75,1,5.64
8473,15193,182307,69.22,19,126231,65.77,10,12.31
8476,6946,166226,71.46,50,118823,62.97,27,7.98
8477,11058,64171,78.18,5,50176,75.87,3,7.19
8478,11068,93972,76.58,14,71974,75.66,12,13.12
8479,375,20055,62.09,7,12455,41.51,1,2.41
8481,2541,66602,66.43,24,44256,53.61,10,7.1
8482,1052,107444,95.18,18,102288,90.26,11,1.17
8485,61,1568,96.18,2,1508,0,0,2.98
8487,19496,26535,55.76,9,14800,45.91,5,12.24
8488,882,73500,87.1,18,64031,80.3,10,2.03
8489,29894,59949,57.02,14,34191,46.05,5,14.7
8490,1101,23760,45.34,12,10776,29.07,4,8.22
8491,1306,7292,9.23,1,674,0,0,22.3
8492,250,33300,92.97,12,30963,88.34,10,1.47
8495,900,127275,92.0,7,117107,89.76,3,1.69
8496,292,35675,87.43,12,31195,84.71,10,1.5
8499,2260,41166,79.78,12,32850,72.65,7,6.09
8707,6331,2570,0,0,0,0,0,43.96
8708,20517,194787,43.65,31,85066,36.61,11,17.1
8710,6849,115492,28.87,29,33362,18.1,11,13.06
8712,6941,808019,76.09,266,615008,63.73,113,1.25
8718,18090,97070,35.25,20,34241,27.19,9,24.06
8719,6772,656426,86.77,136,569735,79.45,63,1.99
8720,8602,89518,56.82,19,50876,47.24,5,13.31
8721,2244,3966,0,0,0,0,0,38.59
8722,5802,52665,62.69,15,33025,56.86,10,12.34
8723,23410,104515,50.6,31,52907,41.3,15,19.33
8724,8403,20291,40.57,6,8236,33.55,4,33.17
8725,12511,112191,32.14,23,36074,25.06,10,22.08
8905,19297,119440,92.47,26,110472,88.78,19,2.32
8906,2948,44037,55.46,15,24431,49.92,11,9.73
8908,14219,315333,89.17,47,281217,86.19,31,3.02
8916,41186,150377,66.9,47,100637,60.82,32,9.76
8916A,280,249,0,0,0,0,0,93.55
8917,1767,162652,82.97,69,134984,65.96,24,0.96
8921,1157,46592,85.56,24,39873,63.01,8,1.38
8923,5162,30376,82.29,10,24999,74.55,6,3.74
8924,17189,83800,38.36,21,32151,29.85,9,29.21
8925,19614,365243,41.2,123,150533,27.42,42,8.8
8926,58959,830282,59.99,133,498251,54.56,58,12.85
8927,26028,419068,83.23,113,348843,74.06,50,3.4
8928,4391,50854,49.15,13,25009,35.67,2,16.54
8929,11816,50581,45.67,10,23110,39.18,5,26.21
8930,5574,81809,67.58,34,55300,56.7,18,12.09
8931,19313,122255,81.57,15,99759,77.51,7,4.76
8932,10142,357963,80.6,83,288565,74.75,50,4.45
8933,43131,326724,52.8,44,172544,47.56,14,14.8
8934,504,7973,94.77,1,7556,94.77,1,1.41
8935,37498,113495,51.26,26,58210,42.58,11,12.72
8936,77023,248078,33.5,61,83191,24.88,27,30.77
8937,3342,431680,90.74,52,391781,87.98,33,1.51
8938,12572,156986,56.59,58,88860,45.01,30,13.08
8940,9394,67491,70.88,24,47855,62.76,16,13.45
8941,2224,34972,67.14,20,23483,46.45,9,6.35
8942,13398,198842,50.99,61,101411,41.68,30,13.63
8996,31385,93502,51.66,45,48327,32.88,17,9.54
8999,385,36000,62.98,28,22679,20.5,3,1.35
9103,21600,205532,11.27,32,23200,3.19,5,27.87
910322,7692,21365,25.29,5,5404,20.72,3,41.04
9105,133302,1655367,23.36,360,386997,13.49,93,20.31
910861,2753,33727,35.11,11,11850,23.3,5,16.58
9110,1771,54498,43.85,25,23907,21.62,6,7.78
911608,2229,34222,29.56,13,10124,9.78,2,15.96
911611,3111,88290,41.32,27,36505,28.83,11,9.24
911613,1405,11111,5.89,1,655,0,0,28.49
911622,1543,30000,51.72,9,15522,42.11,4,13.08
911868,6251,140000,36.02,40,50442,23.16,11,12.3
912000,6960,159294,33.28,45,53057,22.2,15,10.78
9136,4799,137052,67.03,33,91912,62.07,23,8.73
916665,366,816,0,0,0,0,0,57.85
9801,83508,395846,69.3,40,274414,66.03,20,17.12
9802,12230,200992,64.62,59,129933,56.82,32,10.76
9902,45323,98050,56.5,22,55410,50.3,11,17.65
9904,105169,2946787,70.05,428,2064846,65.7,223,7.82
9905,17471,305000,73.69,40,224781,72.27,32,8.43
9906,8467,90376,78.56,24,71019,74.77,18,9.64
9907,55931,1579145,74.89,181,1182946,70.48,70,6.7
9908,16622,516358,80.65,111,416551,74.27,62,5.59
9910,24930,987483,88.54,92,874572,86.49,57,4.29
9911,31017,222390,68.47,57,152322,61.67,35,14.98
9912,61952,54171,61.71,18,33440,56.09,13,15.94
9914,66563,298984,66.08,81,197614,56.47,42,13.03
9917,56351,451197,76.97,96,347356,71.14,54,8.79
9918,25420,180537,84.58,49,152750,77.04,25,2.53
9919,63723,195363,45.85,29,89617,43.05,20,27.93
9921,31376,392065,65.26,114,255917,56.28,60,12.74
9922,10433,216066,69.32,59,149806,59.02,25,7.17
9924,13065,150762,61.78,45,93169,53.62,26,16.15
9925,19250,387490,68.55,86,265704,62.06,46,9.47
9926,4302,179504,83.86,52,150570,73.65,23,2.48
9927,14028,120000,58.88,18,70691,52.67,7,17.92
9928,7217,70725,74.46,14,52676,67.16,6,7.46
9929,3788,101280,88.08,20,89224,83.97,12,2.53
9930,12079,248540,77.95,16,193764,77.19,12,7.95
9931,7966,120369,78.0,28,93914,72.99,18,3.74
9933,53057,900410,59.85,166,539071,53.26,68,10.47
9934,14127,411017,66.69,88,274184,58.58,32,7.35
9935,57859,177839,62.22,72,110691,49.44,34,7.4
9936,11643,105197,28.93,22,30454,19.99,7,19.98
9937,15884,309043,89.14,68,275556,82.56,34,1.97
9938,50177,297964,53.12,81,158338,45.4,43,15.69
9939,30627,295786,60.35,93,178565,50.32,47,15.96
9940,17527,736846,81.35,69,599628,77.94,23,4.62
9941,44853,575636,70.31,59,404845,67.08,30,12.94
9941A,3711,100000,81.98,23,81996,74.62,11,5.82
9942,9751,83161,51.8,25,43083,38.57,8,18.93
9943,15728,125172,71.05,13,88951,69.48,10,16.08
9944,10596,105908,78.76,43,83440,66.14,20,8.59
9945,105941,2844225,64.96,335,1847965,60.8,138,8.52
9946,14114,326554,81.73,40,266961,78.26,20,4.76
9948,73,211,0,0,0,0,0,65.68
9949,11012,44861,74.97,23,33638,58.74,12,10.89
9950,3789,167716,83.15,25,139479,79.93,15,4.8
9951,23540,73300,46.72,20,34255,39.47,11,22.51
9953,520,4384,0,0,0,0,0,18.07
9955,15106,104436,62.22,22,64998,55.3,10,19.2
9957,13050,3220414,96.02,74,3092804,95.48,44,0.99
9958,57149,246897,52.73,60,130237,43.64,22,23.31
9960,9684,33592,76.22,15,25610,60.1,7,6.26
9961,321,69099,93.39,16,64543,89.73,13,0.78
9962,29148,90220,47.08,27,42492,39.97,16,18.13
9965,68,776,0,0,0,0,0,21.58
YFU6,53,23060,88.2,10,20342,79.27,6,0.13
YHU4,552,232690,95.44,8,222109,94.69,4,0.54
YJL5,121,19580,97.31,2,19055,97.31,2,1.15
YJS2,8994,115112,78.86,19,90793,74.07,11,3.39
YY0005,98,445,0,0,0,0,0,50.55
YY0008,55,203,0,0,0,0,0,79.3
YY0024,72,260,0,0,0,0,0,71.15
YY0027,62583,70417,12.94,10,9123,8.19,4,66.3
YY0028,33926,247293,39.72,58,98295,30.62,24,18.25
YY0029,8312,39020,30.62,8,11953,27.5,6,23.23
YY0030,3005,62727,52.21,25,32763,38.56,10,10.37
YY0031,430,4703,0,0,0,0,0,34.82
YY0032,358,3886,0,0,0,0,0,29.75
YY0033,2498,20320,16.08,3,3270,9.84,1,25.57
YY0034,266,1732,0,0,0,0,0,44.73
YY0035,15311,237543,36.41,50,86522,28.8,21,14.63
YY0036,136,348,0,0,0,0,0,75.85
YY0037,3451,80470,85.39,21,68725,79.57,14,5.59
YY0038,268,2681,26.72,1,716,0,0,23.4
YY0039,12873,251292,81.21,56,204133,75.93,35,5.34
YY0040,9036,73162,44.24,13,32376,37.77,6,16.04
YY0041,13703,279799,79.97,55,223817,74.52,33,7.75
YY0042,20035,70857,14.14,10,10031,10.04,5,36.47
YY0043,9593,40151,6.12,4,2463,0,0,52.56
YY0044,53022,445029,18.9,48,84196,15.22,21,29.37
YY0046,37410,554297,32.58,153,180698,21.39,47,13.38
YY0047,78104,1070821,31.57,284,338288,20.62,96,13.54
YY0048,7717,98824,49.19,27,48633,40.47,14,12.02
YY0049,33778,38916,26.15,7,10188,20.49,4,43.69
YY0050,55822,236329,21.5,50,50865,10.52,10,31.22
YY0051,7681,77665,33.65,17,26144,25.36,6,14.41
YY0052,4536,202305,69.05,68,139736,57.85,32,3.01
YY0053,24717,241622,46.72,45,112963,40.87,23,22.58
YY0054,5673,106933,46.91,29,50181,38.2,14,7.88
YY0055,5311,124278,46.61,56,57953,25.77,18,7.81
YY0056,2186,19785,51.38,8,10169,35.64,3,5.12
YY0057,4856,148095,56.72,40,84033,47.52,19,6.46
YY0058,3344,57761,35.85,18,20716,23.33,7,10.95
YY0059,1060,22565,21.04,6,4749,0,0,8.29
YY0060,683,9827,13.47,2,1325,0,0,14.8
YY0061,6535,53312,22.61,16,12064,8.44,4,19.26
YY0062,18062,320867,23.52,71,75559,13.23,19,16.37
YY0063,8957,20255,2.65,1,537,0,0,54.49
YY0064,5253,97705,63.74,30,62301,52.91,12,6.33
YY0065,17189,219912,28.27,56,62218,16.96,13,15.21
YY0066,19913,331816,30.0,79,99607,19.29,21,13.57
YY0067,6895,153056,29.28,49,44843,17.56,18,11.87
YY0068,28710,405836,23.31,66,94709,15.47,14,17.8
YY0070,22543,322847,33.94,85,109659,20.55,18,16.03
YY0071,14735,80723,18.82,11,15202,15.18,6,30.05
YY0072,2510,27500,18.32,8,5044,0,0,17.27
YY0073,2184,36644,35.76,16,13112,18.51,5,8.92
YY0074,10689,104250,17.59,22,18352,7.45,5,24.69
YY0075,3110,16424,9.66,3,1588,0,0,29.02
YY0076,450,450,0,0,0,0,0,100.0
YY0077,299,754,0,0,0,0,0,78.63
YY0078,330,2412,0,0,0,0,0,27.55
YY0079,79,330,0,0,0,0,0,63.93
YY0080,308,895,0,0,0,0,0,62.39
