stock_no,people,lots,b4_pct,b4_people,b4_lots,b1_pct,b1_people,s10_pct
00400A,121843,1509640,15.4,135,232824,11.53,39,22.35
00401A,18253,249395,23.98,27,59859,20.9,13,21.58
00402A,56364,930627,21.96,143,204521,14.08,26,19.37
00403A,1098201,17231019,14.61,2084,2521474,8.51,367,18.35
00404A,18185,264795,15.73,34,41691,10.03,8,22.31
00405A,122319,1943245,17.42,322,338754,9.12,57,18.85
00406A,32764,649062,17.45,111,113414,8.94,18,16.63
0050,3172924,20138000,27.68,835,5576049,26.01,246,26.21
0051,12987,24500,14.77,5,3622,0,0,55.31
0052,468245,2548000,18.61,153,474883,16.43,62,36.96
0053,5551,4988,20.87,1,1041,20.87,1,48.12
0055,11529,84154,44.7,16,37624,37.02,4,26.42
0056,1567728,13564534,12.4,670,1685792,10.18,148,25.77
0057,3004,1527,0,0,0,0,0,27.65
0061,6366,100616,32.28,23,32496,22.26,6,15.69
006201,3375,20446,48.02,7,9820,34.56,2,29.8
006203,1173,10218,77.0,5,7869,54.43,2,9.0
006204,1132,1500,0,0,0,0,0,46.27
006205,9308,97439,44.66,28,43539,32.67,8,18.09
006206,3350,28778,18.85,4,5431,10.6,1,25.07
006207,1583,21392,16.53,6,3537,0,0,16.9
006208,693388,1829040,10.79,61,197651,10.05,38,51.83
00631L,281070,5683848,29.22,1179,1662203,19.78,271,11.26
00632R,62150,2350708,44.13,738,1037860,30.01,194,5.19
00633L,3718,118458,32.66,35,38709,20.52,11,7.03
00634R,806,47256,55.19,14,26095,44.49,7,3.58
00635U,55719,284014,19.6,27,55687,17.08,16,34.01
00636,8602,103825,24.83,24,25795,16.44,8,19.22
00637L,12206,763106,55.79,293,425940,39.9,96,3.58
00638R,546,26948,52.92,11,14267,34.19,2,4.74
00639,5956,105903,29.33,29,31077,17.75,10,12.67
00640L,1456,7419,17.76,2,1318,0,0,28.56
00641R,1312,74758,50.16,27,37520,37.9,12,3.64
00642U,11103,108821,40.7,23,44307,32.27,8,20.4
00643,3415,78073,38.98,22,30443,24.35,5,11.36
00645,10262,45497,25.31,9,11525,16.84,3,36.24
00646,106203,562485,41.53,67,233764,37.4,28,25.75
00647L,1653,6416,27.0,1,1732,27.0,1,28.84
00648R,2416,146688,48.33,39,70928,37.28,13,3.49
00650L,2722,127838,47.13,55,60267,32.23,20,4.64
00651R,404,32192,67.45,16,21724,45.0,5,2.53
00652,10177,67535,30.03,14,20283,24.71,7,28.61
00653L,1452,16903,17.02,2,2878,13.3,1,19.03
00654R,398,19466,50.55,8,9844,33.27,2,4.56
00655L,2287,59458,29.6,22,17603,12.67,4,8.74
00656R,337,20357,70.95,12,14448,46.28,4,3.37
00657,1679,6584,21.14,2,1392,0,0,38.21
00660,1104,7531,30.39,4,2289,0,0,18.13
00661,7169,23425,17.35,5,4069,5.51,1,41.26
00662,96987,783529,38.29,82,300218,34.63,31,15.9
00663L,17571,150663,23.57,21,35527,19.43,11,23.66
00664R,6886,782575,59.14,370,462991,39.96,128,1.61
00665L,5846,487965,58.43,176,285263,45.86,78,2.43
00666R,124,14624,82.99,5,12137,82.99,5,1.29
00668,2029,7533,24.3,2,1831,15.83,1,33.4
00669R,3240,208617,47.11,64,98318,35.63,24,3.37
00670L,12105,74145,14.09,11,10459,6.84,2,27.36
00671R,3722,545384,69.33,214,378197,52.39,70,1.25
00673R,11823,703051,47.15,232,331584,33.42,70,3.43
00674R,1529,16421,41.76,4,6858,41.76,4,17.66
00675L,20162,115786,23.34,13,27044,19.62,6,29.99
00676R,4257,172834,41.87,53,72406,29.75,20,4.73
00678,1799,7948,32.96,5,2620,0,0,30.47
00679B,250687,6916692,44.1,730,3052027,39.22,161,8.7
00680L,21407,1699076,54.78,578,931245,40.2,174,2.59
00681R,110,7594,92.0,5,6987,74.85,3,2.2
00682U,286,7644,75.44,4,5768,51.55,2,4.2
00683L,366,11434,57.9,5,6622,49.59,3,6.06
00684R,192,9688,79.64,6,7716,52.52,3,3.68
00685L,33802,81639,7.96,7,6520,5.4,3,46.68
00686R,1767,186276,62.26,81,116015,43.48,26,1.89
00687B,168942,5300635,47.7,616,2529842,42.53,155,7.69
00688L,10396,702115,47.85,237,336119,33.51,75,3.07
00689R,61,6889,88.09,6,6070,57.27,2,0.64
00690,13956,80330,11.86,12,9545,4.89,3,36.33
00692,91540,614780,17.21,36,105951,15.17,17,33.51
00693U,3881,92166,38.54,25,35542,31.14,13,9.85
00694B,2036,38076,74.14,9,28233,68.92,6,9.3
00695B,2318,38686,73.65,8,28496,69.78,6,10.86
00696B,11580,660681,83.52,27,551953,82.97,21,4.01
00697B,6658,66212,25.87,13,17149,21.06,8,21.83
00700,2775,35983,14.46,7,5211,3.87,1,17.3
00701,38778,175391,9.15,13,16073,7.33,7,50.02
00702,1175,6688,53.66,5,3589,15.25,1,26.55
00703,1092,10050,23.24,3,2336,0,0,23.24
00706L,7070,156271,30.06,43,47019,18.68,13,9.57
00708L,14694,105573,21.53,23,22746,12.2,7,26.32
00709,2543,15460,32.42,8,5014,0,0,24.93
00710B,3787,181261,82.09,10,148841,80.47,5,4.92
00711B,812,872261,99.34,5,866633,99.3,4,0.17
00712,141216,5297511,32.12,1168,1702273,21.3,205,6.02
00713,278872,1777012,23.46,81,417204,22.44,53,31.85
00714,2626,22067,43.66,11,9636,18.83,3,23.78
00715L,7565,125692,45.77,19,57542,41.15,11,12.1
00717,7898,128105,29.39,32,37670,19.46,10,15.58
00719B,14442,546014,61.4,58,335352,56.9,17,6.17
00720B,82927,4097609,64.68,325,2651393,61.15,78,4.77
00722B,14209,1459739,89.62,40,1308481,89.08,26,2.57
00723B,460,1521083,99.77,15,1517790,99.67,12,0.05
00724B,6561,3089775,97.6,33,3016098,97.42,23,0.52
00725B,43688,3734706,81.47,165,3043351,79.74,59,2.86
00726B,1841,1194489,97.93,22,1170008,97.66,16,0.34
00727B,711,56689,90.42,6,51262,88.03,4,2.8
00728,9634,38923,1.34,1,524,0,0,50.35
00730,13541,74544,20.78,10,15497,17.66,6,39.37
00731,8833,24600,25.77,5,6343,19.79,3,51.68
00733,22128,70966,18.57,9,13185,14.89,5,50.64
00734B,558,25979,83.36,3,21661,76.98,1,4.91
00735,31500,102789,17.64,14,18155,12.1,4,41.34
00736,539,6227,73.89,6,4602,39.81,2,10.92
00737,5518,22538,14.38,5,3243,4.88,1,45.6
00738U,35671,237299,17.74,38,42127,10.82,11,29.08
00739,2035,25988,34.82,8,9054,18.77,2,17.8
00740B,6205,2156971,96.77,45,2087879,96.39,31,0.62
00741B,1236,14628,48.01,2,7023,48.01,2,17.59
00746B,1381,2506964,99.55,26,2495958,99.45,21,0.1
00749B,207,1104500,99.75,6,1101810,99.75,6,0.03
00750B,74,148000,99.61,4,147442,99.32,3,0.04
00751B,70068,5191103,74.81,331,3884155,72.1,94,3.13
00752,17689,302716,39.31,36,119065,35.33,15,14.23
00753L,11095,732657,51.95,257,380776,37.05,80,3.21
00754B,460,1405900,99.76,15,1402597,99.73,14,0.05
00755B,1074,280230,97.75,8,273974,97.59,7,0.85
00756B,2402,1506800,97.86,18,1474822,97.68,13,0.34
00757,74581,291494,30.96,33,90293,27.98,17,33.47
00758B,126,5525,90.49,1,5000,90.49,1,2.16
00759B,121,47525,98.89,1,47000,98.89,1,0.16
00760B,668,435020,99.08,6,431050,99.08,6,0.29
00761B,3634,2734089,98.52,33,2694353,98.37,26,0.3
00762,22766,47248,17.92,6,8469,14.07,3,52.25
00763U,4958,51065,53.19,19,27174,42.71,10,19.41
00764B,9134,1562000,93.57,36,1461893,93.02,21,1.46
00768B,1765,763600,98.2,27,749987,97.51,20,0.4
00770,18794,81458,12.07,10,9843,5.07,3,41.43
00771,2128,14225,11.94,1,1699,11.94,1,30.93
00772B,42927,3442290,80.13,145,2758941,78.38,44,2.93
00773B,9545,2562790,95.37,42,2444551,94.99,26,0.88
00775B,185,232100,99.85,8,231778,99.23,6,0.07
00777B,222,1920650,99.93,13,1919360,99.88,12,0.01
00778B,190,1505650,99.94,12,1504931,99.89,10,0.01
00779B,690,1302150,99.55,9,1296498,99.48,8,0.12
00780B,1364,268102,97.51,10,261463,96.96,8,1.22
00781B,670,8336,33.72,3,2812,17.99,1,17.62
00782B,1246,19467,20.28,4,3952,11.83,2,16.76
00783,843,9031,21.96,2,1984,16.43,1,20.61
00785B,249,1082966,99.84,11,1081292,99.76,9,0.02
00786B,1392,22066,33.06,7,7299,18.51,2,16.27
00787B,1075,12806,40.57,6,5198,15.61,1,17.59
00788B,1603,25706,25.09,8,6457,11.78,2,15.55
00789B,385,455600,99.38,11,452790,99.07,9,0.18
00791B,97,279600,99.72,7,278827,99.5,6,0.02
00792B,450,2277115,99.84,14,2273561,99.84,14,0.02
00793B,439,3526,16.82,1,593,0,0,24.27
00795B,40774,1727098,57.34,155,990604,53.63,47,5.69
00799B,1779,25536,16.2,4,4140,9.4,2,17.7
00830,157795,686965,23.19,55,159484,19.97,21,36.36
00834B,142,23198,96.13,5,22302,94.36,4,1.01
00836B,432,579541,99.55,13,577071,99.09,9,0.12
00840B,90,59431,99.27,3,59000,99.27,3,0.14
00841B,117,70440,98.66,4,69500,98.66,4,0.21
00842B,770,16267,50.94,5,8288,44.49,3,10.94
00844B,327,230175,98.99,5,227860,98.99,5,0.32
00845B,224,237551,99.55,4,236501,99.55,4,0.12
00846B,273,74350,98.18,2,73000,98.18,2,0.54
00847B,433,8305,59.2,3,4917,42.14,1,11.29
00848B,163,136066,99.51,3,135416,99.21,2,0.14
00849B,108,485106,99.87,5,484521,99.77,4,0.01
00850,81165,416444,17.56,31,73212,15.32,18,39.56
00851,2210,5525,27.87,1,1540,27.87,1,44.53
00852L,539,8865,70.31,4,6234,59.32,2,9.32
00853B,2448,182634,90.99,12,166198,89.07,6,3.4
00856B,429,6792,63.81,3,4335,44.16,1,9.58
00857B,17281,566768,51.94,73,294441,47.11,26,7.66
00858,20025,120374,17.79,14,21427,14.2,6,30.78
00859B,1329,24511,31.3,6,7676,24.65,3,11.81
00860B,366,3171,16.45,1,522,0,0,22.15
00861,18771,68412,5.8,4,3982,3.49,2,52.2
00862B,1632,838881,98.15,12,823445,98.04,10,0.45
00863B,364,576964,99.59,9,574647,99.46,8,0.11
00864B,3519,107222,38.16,22,40935,31.21,10,6.98
00865B,8247,263744,30.58,42,80691,23.65,12,6.04
00867B,211,504650,99.83,10,503833,99.83,10,0.06
00870B,323,564151,99.6,8,561951,99.42,6,0.09
00875,3624,13488,13.72,3,1853,0,0,50.44
00876,21347,75024,12.7,9,9544,9.09,4,46.55
00877,11402,143288,18.79,25,26946,11.32,8,20.37
00878,1593965,18511790,12.19,831,2261129,10.14,145,20.01
00881,315765,2358903,13.89,104,328077,12.37,41,31.89
00882,85968,2027849,27.17,381,551477,18.37,85,10.32
00884B,220,75440,98.72,4,74484,97.42,3,0.42
00885,52388,642738,17.11,92,110117,11.02,31,19.11
00886,1240,4451,10.02,1,446,0,0,47.47
00887,18820,400351,32.16,99,128836,21.01,28,11.63
00888,59414,379978,13.49,20,51321,12.22,12,37.78
00890B,737,18764,72.9,3,13683,63.95,1,8.27
00891,172732,1659090,12.53,95,208183,10.23,31,26.36
00892,38411,271792,16.21,24,44084,13.18,12,33.57
00893,60285,370884,9.21,23,34274,6.72,8,38.68
00894,26253,151509,15.49,15,23491,11.85,6,38.13
00895,30727,153916,11.21,8,17297,9.91,5,43.33
00896,47653,367880,6.14,25,22705,3.16,6,33.74
00897,10856,153012,20.04,26,30692,12.26,7,20.2
00898,11255,157976,15.84,23,25047,9.26,7,21.8
00899,4039,17135,12.84,2,2200,12.84,2,41.74
00900,139782,1728025,16.02,94,277226,13.62,25,22.02
00901,12179,62849,10.57,9,6659,1.66,1,41.85
00902,18990,230497,16.63,31,38357,11.72,12,22.07
00903,7485,51721,13.18,5,6828,9.19,2,36.18
00904,25199,169612,13.85,20,23509,7.87,6,34.95
00905,42286,333827,8.29,17,27732,7.08,9,31.88
00907,21429,175633,16.27,13,28604,14.49,8,30.67
00908,2908,36916,38.67,9,14278,31.39,5,19.22
00909,29405,116204,12.71,10,14807,8.61,3,45.18
00910,43717,131939,15.57,17,20563,9.98,5,46.24
00911,10442,18903,14.04,3,2656,7.6,1,53.96
00912,8107,59253,22.66,7,13432,20.36,5,32.2
00913,7404,27766,9.47,3,2633,3.85,1,47.69
00915,77193,555983,17.36,39,96583,15.33,20,35.04
00916,21253,128919,21.43,19,27657,15.49,7,35.76
00917,12270,63478,14.41,10,9156,7.4,3,40.63
00918,273025,3496764,10.14,200,355284,7.66,49,20.55
00919,1314018,17773635,11.25,1019,2004214,8.44,146,17.65
00920,8734,20280,14.16,3,2873,5.01,1,54.88
00921,9332,57770,13.64,7,7891,8.69,3,39.71
00922,189294,2136686,32.16,100,687614,30.33,33,21.29
00923,106841,849923,16.03,38,136541,14.73,20,32.14
00924,57354,448603,23.03,30,103414,20.35,12,27.57
00926,9862,90982,47.22,14,42978,43.05,7,24.28
00927,94513,788397,11.84,46,93398,9.75,20,30.61
00928,5292,30356,33.22,6,10089,28.61,4,34.76
00929,409737,4586639,10.5,179,482271,8.76,40,22.7
00930,20085,143279,12.3,8,17655,10.78,5,36.25
00931B,36754,2156398,73.36,113,1582541,71.4,43,4.61
00932,15003,133783,13.41,11,17967,11.24,6,31.21
00933B,82807,6569458,75.68,413,4973011,72.73,97,3.1
00934,47549,407026,10.01,24,40801,7.55,9,31.93
00935,108647,712004,18.96,48,135096,16.41,19,30.7
00936,24434,230297,13.02,7,30005,12.59,5,29.12
00937B,223540,17398305,60.35,3078,10503853,51.78,587,2.77
00938,6473,82016,30.98,7,25411,30.34,6,23.57
00939,106249,1224476,7.9,50,96931,6.05,15,26.71
00940,337883,5650865,12.47,441,705378,8.75,87,17.97
00941,47634,442291,8.64,35,38312,4.96,9,29.71
00942B,10728,2116459,89.4,68,1892751,88.36,30,1.38
00943,4078,42389,35.8,4,15183,32.84,2,26.01
00944,8123,56081,9.51,6,5340,4.84,2,37.4
00945B,19837,822318,38.32,134,315268,31.01,39,5.64
00946,38064,483746,18.57,35,89935,15.93,13,22.28
00947,28372,209864,22.26,24,46763,17.53,9,31.54
00948B,28551,4149927,80.36,317,3335633,77.05,93,1.63
00949,19027,187428,20.33,26,38135,15.79,12,27.54
00950B,13159,4042309,90.46,151,3657789,89.03,53,0.75
00951,14920,188542,20.05,33,37827,12.52,10,20.61
00952,22348,241275,11.33,25,27378,6.09,6,25.15
00953B,50628,4346675,52.1,1236,2265769,38.73,286,2.33
00954,10048,98747,18.77,15,18559,11.88,5,25.53
00955,45624,603931,23.06,75,139357,18.46,28,19.02
00956,3390,34630,20.07,7,6957,8.72,2,24.27
00957B,4352,209263,50.49,34,105709,44.48,15,5.81
00958B,4708,147271,31.62,26,46585,24.47,8,9.08
00959B,9994,533836,48.56,76,259361,42.37,23,4.66
00960,10290,65995,12.14,6,8021,10.68,4,39.59
00961,19182,213511,9.0,12,19239,6.21,4,24.74
00962,5686,56920,25.77,9,14675,20.65,5,26.26
00963,4414,92433,30.75,21,28442,23.22,10,11.46
00964,3658,63124,26.0,16,16423,14.86,5,13.67
00965,38825,482492,40.66,51,196263,37.92,29,19.13
00966B,4207,124732,36.82,20,45939,31.32,9,10.62
00967B,2730,184907,70.86,36,131059,61.83,12,4.18
00968B,8755,745011,64.89,92,483598,60.17,37,3.0
00969B,2255,177633,72.85,51,129430,60.94,19,3.43
00970B,6253,387729,59.32,57,230069,53.78,24,4.59
00971,7610,64677,19.14,10,12396,13.83,5,28.82
00972,1837,19672,34.48,3,6785,32.2,2,21.86
009800,20799,291391,23.59,48,68788,18.92,24,18.34
009801,8841,111119,29.59,20,32903,23.29,9,20.79
009802,41044,539995,13.15,53,71124,8.36,14,21.58
009803,16219,152328,11.12,16,16965,7.07,7,26.64
009804,15076,117892,8.1,10,9580,4.14,3,31.01
009805,58162,685316,19.62,78,134581,15.04,26,22.24
009806,1156,15161,56.44,5,8559,52.35,4,16.42
009807,1260,15760,54.72,8,8626,29.65,2,19.02
009808,4420,41511,10.97,5,4557,6.57,2,30.86
009809,2613,33363,33.23,10,11094,20.91,3,21.93
00980A,73234,731230,16.93,56,123902,14.33,22,26.03
00980B,1623,55069,44.41,15,24462,35.35,6,7.84
00980D,3405,100457,42.56,27,42777,32.09,10,7.99
00980T,3697,73918,44.46,14,32879,36.55,4,14.31
009810,1972,19154,20.74,3,3974,18.39,2,24.42
009811,25677,282450,22.71,42,64178,15.81,13,23.47
009812,6633,109382,38.67,24,42304,31.39,11,16.06
009813,27628,419824,27.29,62,114634,20.62,19,18.65
009814,13346,166576,22.52,24,37527,16.99,9,21.44
009815,35345,538170,22.42,81,120711,15.97,23,18.33
009816,852472,9532844,14.32,1000,1366853,9.31,206,23.09
009817,11398,266936,29.44,64,78626,19.87,18,12.3
009818,6063,58152,3.04,2,1768,0,0,33.38
009819,62395,705245,11.53,64,81462,8.22,25,26.58
00981A,990245,9150209,18.63,920,1706528,14.16,228,23.79
00981B,15701,1429613,52.48,491,750573,36.96,123,2.05
00981D,9217,588300,49.16,154,289319,36.41,36,3.21
00981T,7167,182261,34.31,44,62569,20.9,8,10.44
009820,45699,1479202,40.99,300,606697,30.95,67,9.1
009822,8527,129056,8.09,10,10460,4.79,3,24.14
00982A,183260,2199436,15.3,166,336810,11.83,36,21.98
00982B,832,28900,64.44,6,18626,62.71,5,6.6
00982D,2907,82229,41.94,22,34508,29.9,7,9.58
00982T,1904,19097,32.27,6,6167,16.65,2,28.92
00983A,13029,190686,28.84,22,55022,24.06,8,16.8
00983B,926,31153,54.39,7,16947,51.19,5,7.24
00983D,4195,104197,32.21,33,33586,16.82,7,7.8
00984A,51223,464958,16.11,40,74989,12.01,13,28.77
00984B,4277,151933,37.14,38,56452,26.18,11,6.79
00984D,6844,382057,40.09,122,153248,24.37,29,4.25
00985A,50855,498289,16.07,40,80188,13.17,15,26.54
00985B,8513,614501,57.06,142,350706,47.17,40,3.54
00985D,1353,71732,69.58,15,49920,59.08,5,4.64
00986A,5182,43327,16.83,7,7305,10.54,3,31.67
00986B,418,24762,81.85,7,20271,75.37,4,3.94
00986D,2442,173677,52.0,46,90341,43.22,25,3.23
00987A,21037,190143,14.31,19,27249,9.91,6,30.69
00987B,2513,76327,51.01,20,38948,40.54,9,8.81
00988A,214222,2571437,22.05,304,567467,16.69,75,20.68
00988B,3857,84333,19.03,16,16075,9.68,5,12.63
00989A,7402,77117,17.38,8,13413,13.59,4,25.24
00989B,1702,58952,47.88,11,28239,41.45,6,9.26
00990A,118266,2130022,33.19,405,707455,23.52,87,14.63
00991A,235931,3045916,21.6,356,658505,16.47,96,20.55
00992A,203544,2566955,20.78,245,534193,16.46,64,21.5
00993A,53593,831091,17.0,115,141433,10.5,24,18.89
00994A,34685,308190,15.71,37,48482,11.4,15,27.44
00995A,27660,321035,15.94,25,51255,12.54,8,25.11
00996A,26219,327399,15.64,37,51279,10.35,9,23.49
00997A,63752,970377,19.93,117,193609,14.04,25,19.69
00998A,14230,182609,36.5,24,66681,33.04,13,20.88
00999A,117432,1423017,12.61,115,179760,8.79,25,25.25
01001T,1394,583000,93.14,60,543103,90.06,28,0.52
01002T,3325,1393000,93.53,112,1303223,91.15,61,0.54
01004T,1251,730200,94.12,83,687327,90.45,38,0.31
01007T,1835,720000,92.85,82,668596,89.6,45,0.49
01009T,960,300000,90.22,59,270720,85.75,40,0.63
01010T,869,2308170,98.72,81,2279047,97.99,56,0.05
1101,518541,7523182,55.28,921,4160143,51.12,411,13.25
1101B,7499,200000,94.13,22,188292,91.31,14,2.11
1102,105332,3546563,81.17,342,2879421,78.86,203,6.16
1103,74278,790247,79.22,133,626183,75.59,85,6.2
1104,55433,686682,73.63,113,505748,67.97,47,8.13
1107,3437,10100,99.7,1,10070,99.7,1,0.29
1108,12758,404738,80.64,78,326434,75.83,45,6.28
1109,12059,341159,79.64,73,271757,72.86,36,5.85
1110,5293,572001,93.8,54,536665,91.44,35,1.02
1113O,179,842,0,0,0,0,0,63.29
1113R,382,2129,0,0,0,0,0,30.66
1201,88189,506063,63.12,58,319562,59.42,27,12.58
1203,55621,240000,91.04,51,218563,86.68,35,3.03
1204,3523,18380,45.72,6,8407,31.76,2,19.66
1207,46753,464094,77.22,48,358464,75.24,31,9.49
1210,102306,894767,64.02,132,573051,59.71,68,15.3
1212,30437,174178,44.23,45,77058,35.58,20,17.37
1213,6609,56623,82.22,12,46565,77.46,8,7.3
1215,94945,294790,61.38,44,181008,56.25,20,22.42
1216,152041,5682015,88.77,760,5045193,85.25,446,4.29
1217,140037,494513,60.29,125,298274,53.02,69,15.11
1218,83112,499999,68.43,72,342237,63.77,35,11.57
1219,53543,341238,61.86,80,211127,56.91,52,11.21
1220,47106,177078,67.54,46,119651,60.4,27,10.44
1221,18690,95251,34.1,22,32505,25.79,10,21.96
1224,3621,71910,88.35,20,63542,82.37,13,3.39
1225,42845,242268,88.95,38,215544,86.21,27,3.21
1227,55127,915090,66.91,73,612512,64.17,31,13.17
1228,1584,11132,37.92,5,4224,12.17,1,11.99
1229,104236,1795961,65.14,158,1170365,62.24,72,10.76
1231,35456,298454,64.69,26,193110,62.96,17,16.72
1232,16766,159975,73.69,10,117913,72.2,6,12.78
1233,10071,90592,74.31,26,67332,67.56,15,4.95
1234,24375,401871,83.26,137,334661,74.32,80,5.6
1235,2978,188578,96.35,16,181721,95.13,12,1.11
1236,11844,86674,83.59,24,72482,77.93,18,6.99
1238,2044,29948,11.73,4,3516,8.56,2,21.52
1240,3027,44232,69.66,25,30817,49.12,11,8.09
1256,6362,35775,61.15,11,21882,47.12,3,17.77
1259,16509,32390,76.68,9,24842,71.27,6,9.42
1260,1350,102098,75.9,29,77509,70.63,20,2.1
1264,9006,37052,48.51,17,17986,24.84,5,23.63
1268,3379,42224,77.96,17,32920,72.19,12,8.55
1269,672,20902,77.68,7,16241,72.74,5,2.9
1271,2996,60389,66.91,18,40414,55.43,7,7.53
1293,392,17094,73.82,11,12622,42.07,4,3.05
1294,4203,30572,56.71,12,17342,39.84,4,9.72
1295,3171,34475,55.85,14,19260,44.3,8,15.68
1301,312094,6365741,72.57,570,4620882,69.81,287,9.9
1303,243749,7930822,85.82,675,6808025,83.43,372,4.95
1304,101998,1188764,60.74,109,722354,57.86,51,14.08
1305,72953,581050,51.87,59,301467,48.49,24,16.95
1306,6141,44601,21.3,4,9502,19.37,2,23.58
1307,17277,397818,82.58,69,328603,79.0,44,6.17
1308,77338,593744,51.82,62,307780,48.28,27,16.87
1309,79522,397587,46.24,32,183886,43.03,9,22.43
1310,106844,527870,30.03,88,158574,23.51,29,25.07
1312,129001,1106620,50.85,165,562884,45.35,65,16.22
1312A,1286,20000,54.18,12,10840,21.4,2,13.67
1313,63713,1330846,66.77,162,888831,62.56,71,9.86
1314,303258,3784850,39.38,771,1491115,30.92,242,14.44
1315,6002,99099,80.7,42,79989,70.24,25,6.66
1316,61540,375946,38.52,85,144901,28.53,24,19.01
1319,27084,591477,85.63,96,506566,82.31,61,6.71
1321,4104,227228,69.55,91,158094,53.47,35,2.78
1323,12901,91275,70.71,37,64558,60.91,23,8.98
1324,23616,75122,66.65,21,50084,59.28,12,16.46
1325,36173,85281,47.8,10,40783,44.39,5,27.64
1326,185536,5861186,81.8,510,4795142,79.21,261,6.23
1333,15946,74515,51.18,14,38154,43.03,3,11.0
1336,11401,77614,50.05,21,38865,38.24,6,11.58
1337,52544,268955,48.15,61,129529,38.4,17,14.66
1338,55956,83840,42.51,23,35653,33.25,11,19.47
1339,7403,74124,74.43,15,55177,72.31,13,11.28
1340,62164,152923,34.92,24,53413,29.05,8,20.01
1341,9818,52851,85.02,17,44943,75.97,9,2.56
1342,9385,78001,57.29,13,44698,51.58,5,18.42
1343,1235,40514,66.02,22,26757,42.15,7,5.66
1402,95612,5352875,87.56,447,4688242,85.4,260,3.27
1407,162485,441357,35.24,76,155617,28.83,29,29.8
1407A,4932,67914,53.44,9,36304,52.81,8,18.89
1408,70897,352805,20.64,72,72860,12.5,23,29.39
1409,142268,1618409,67.47,210,1092395,64.27,126,12.59
1410,6636,62000,76.02,19,47143,68.03,11,5.36
1413,8577,132112,75.75,26,100094,69.23,13,5.91
1414,26456,198000,88.22,38,174708,82.89,22,4.92
1416,46167,185342,54.55,39,101142,49.18,22,14.82
1417,55834,189942,57.5,49,109272,47.54,19,16.7
1418,30735,56834,71.41,19,40597,58.95,7,5.49
1419,17126,300041,90.67,72,272122,85.55,48,2.23
1423,18286,99648,81.95,26,81683,74.91,16,4.87
1432,257820,108000,54.83,16,59232,53.91,14,29.47
1434,63469,1684665,71.93,167,1212232,68.27,64,7.57
1435,33406,139780,94.89,24,132651,93.06,19,2.16
1436,13953,194152,77.62,42,150759,73.98,31,8.75
1437,8766,201871,79.35,75,160223,67.08,37,4.97
1438,5063,111206,83.05,29,92379,76.31,18,4.94
1439,4483,92000,85.09,32,78299,74.68,17,5.12
1440,95931,1656816,77.85,271,1289907,73.07,141,7.05
1441,15004,71744,65.0,15,46656,58.35,7,19.85
1442,9352,366211,86.13,108,315470,77.34,61,3.66
1443,15847,135343,89.84,40,121616,81.11,21,2.84
1444,56430,995595,65.26,139,649990,60.97,73,9.41
1445,12001,130666,68.75,40,89863,59.67,21,7.73
1446,7775,137710,67.83,30,93441,63.64,20,8.33
1447,33730,910071,71.19,138,648131,66.47,70,7.54
1449,46035,127115,39.16,27,49797,33.05,15,24.48
1450,15172,79288,25.68,14,20375,20.91,8,25.44
1451,17143,198000,62.95,38,124702,56.62,15,11.18
1452,47392,132641,48.37,41,64195,37.17,18,15.69
1453,14346,113243,75.88,19,85950,73.67,14,12.56
1454,13869,129834,81.77,35,106200,77.56,27,6.42
1455,35362,531688,67.03,78,356495,63.07,44,11.68
1456,4674,93720,85.4,15,80062,80.66,8,3.55
1457,16900,316730,74.55,71,236178,67.97,38,6.82
1458,21190,260765,59.73,59,155788,51.01,23,13.69
1459,14173,358629,85.63,80,307148,79.2,43,4.54
1460,23190,694643,72.11,126,501090,65.45,54,6.02
1462,61286,301378,46.51,100,140233,34.29,37,16.02
1463,33697,173268,81.15,42,140646,74.36,20,5.32
1464,63710,425576,60.97,84,259581,54.1,38,10.1
1465,10398,103607,72.49,38,75138,62.38,22,10.19
1466,20919,111157,72.23,40,80324,64.59,25,8.49
1467,18203,233625,65.95,39,154116,60.23,19,10.39
1468,1332,160405,97.59,18,156549,96.81,16,0.42
1469,336,87218,92.35,28,80568,87.63,21,0.17
1470,1239,85767,87.63,36,75177,71.56,14,0.77
1471,57044,150415,22.85,23,34377,18.26,10,30.6
1472,3640,52488,79.77,17,41881,69.58,8,2.64
1473,12790,146154,71.87,31,105085,69.01,24,9.97
1474,16610,129897,59.27,32,77016,52.72,17,13.63
1475,2353,66017,76.27,16,50372,68.98,8,4.55
1476,18733,274367,81.67,79,224121,74.99,49,6.11
1477,29994,246694,64.29,82,158658,54.19,43,14.94
1480,368,416085,98.22,61,408704,94.46,38,0.15
1491,1721,54818,59.62,25,32694,44.24,12,3.37
1492R,86,526,0,0,0,0,0,36.14
1503,80092,520972,73.88,66,384948,71.57,46,14.02
1504,212324,2376441,70.82,214,1683243,68.4,121,14.82
1506,21608,300389,76.9,44,231030,71.36,16,4.39
1512,20136,98183,53.9,19,52935,47.81,8,9.65
1513,167498,503113,41.63,76,209558,37.2,40,38.44
1514,95649,273108,47.98,64,131133,39.9,29,32.06
1515,22499,181474,50.32,37,91344,40.97,11,19.69
1516,44947,40008,63.5,14,25412,58.54,11,11.65
1517,46598,220000,48.5,30,106729,44.1,14,22.39
1519,79333,315881,74.27,76,234666,67.63,44,12.11
1521,23703,76230,68.63,13,52330,66.46,10,13.7
1522,31202,312898,57.76,52,180801,52.74,25,20.31
1522A,1492,30000,89.08,10,26728,81.87,7,4.74
1524,46671,165310,38.82,22,64222,35.88,13,31.98
1525,3313,73400,88.09,8,64663,86.15,6,5.69
1526,52304,60000,36.96,11,22185,29.94,3,24.02
1527,64896,138571,31.63,21,43870,27.12,10,29.44
1528,93973,191331,31.61,13,60529,29.47,6,39.79
1529,27549,155095,46.78,26,72595,40.31,10,24.99
1530,11006,94594,75.43,14,71369,70.06,6,11.41
1531,13032,182108,63.45,51,115587,54.03,21,9.35
1532,20160,422604,65.44,106,276624,57.88,52,8.82
1533,10118,98547,63.34,35,62437,52.17,18,17.6
1534,4109,67740,46.9,19,31785,35.28,7,13.15
1535,9895,123743,75.48,10,93419,75.07,9,11.11
1536,84940,278960,33.55,50,93629,28.54,26,32.47
1537,15632,82063,51.76,25,42491,42.7,14,23.71
1538,7657,32300,78.45,7,25345,70.77,3,6.68
1539,5458,65370,60.9,12,39821,58.44,9,16.5
1540,40249,85474,34.45,21,29469,23.25,6,31.65
1541,2486,78800,83.75,15,66013,79.45,10,4.84
1557,114,1733,30.38,1,527,0,0,13.79
1558,28339,64536,34.44,30,22233,8.57,4,25.09
1560,25369,150165,64.91,62,97500,49.87,28,12.75
1563,43791,225608,47.03,72,106175,34.29,27,12.55
1565,37334,50417,18.39,12,9286,6.22,2,38.32
1568,9691,103087,66.88,33,68968,58.06,18,12.56
1569,24575,144247,51.51,33,74320,43.6,14,15.14
1570,34982,51501,55.61,13,28647,42.94,2,11.54
1580,27161,49339,40.98,16,20224,29.88,8,25.2
1582,67432,144269,32.48,27,46892,26.87,13,34.56
1583,2509,109400,91.25,17,99839,89.51,14,3.07
1584,56587,232471,41.41,37,96327,36.21,18,22.28
1585,937,57700,65.29,32,37687,45.66,12,3.12
1586,11410,106849,72.1,37,77064,64.89,24,9.48
1587,12451,80056,46.28,21,37063,37.82,8,21.5
1589,43142,153136,28.57,30,43786,21.01,11,24.97
1590,7137,200000,73.01,104,146056,52.47,36,1.82
1591,32071,38048,22.04,10,8392,8.54,1,22.12
1592,6284,110978,26.43,25,29351,18.1,8,15.25
1593,3301,39785,49.93,18,19867,35.41,9,13.86
1594,706,33220,83.03,13,27585,72.67,8,3.73
1595,9434,55223,46.16,21,25498,36.46,12,18.72
1597,18805,89262,53.33,33,47619,43.41,19,25.3
1598,10760,179142,60.71,51,108802,52.84,29,11.58
1599,12047,73029,64.86,20,47383,57.35,12,17.13
1601,16674,106276,11.5,13,12236,6.23,3,26.0
1602,274601,387660,12.12,26,47056,9.53,9,58.25
1603,13816,191688,72.31,30,138665,69.17,20,12.87
1604,102411,384200,58.24,69,223819,53.18,37,17.44
1605,274633,4431333,72.92,339,3232184,70.69,181,11.34
1606,77640,770408,15.78,120,121770,9.4,32,24.56
1608,53445,632774,64.61,60,408930,60.59,20,16.6
1609,203244,785262,30.81,107,242073,26.55,54,32.34
1611,87477,322736,53.92,80,174088,45.53,36,20.41
1612,38150,316080,61.94,62,195812,56.45,33,17.26
1613,22776,227418,57.73,67,131329,47.37,28,9.98
1614,4232,269113,82.74,83,222689,75.58,52,2.23
1615,8669,196664,80.36,34,158067,76.87,22,6.81
1616,15289,194149,59.89,27,116329,55.74,15,16.15
1617,11881,169515,75.7,37,128364,70.12,23,10.24
1618,22795,192692,58.06,28,111907,54.36,16,21.84
1623,6487,66000,78.19,13,51610,74.42,9,12.23
1626,9961,149822,70.29,51,105330,60.09,27,8.36
1702,64158,294133,56.48,27,166192,53.63,14,20.3
1707,67652,148137,55.58,52,82374,45.0,29,20.73
1708,80959,249002,45.85,52,114210,39.63,29,28.64
1709,44747,477016,62.8,117,299684,53.26,47,12.15
1710,61000,885703,61.39,127,543883,56.13,53,12.34
1711,102454,547752,43.68,80,239355,38.76,36,25.83
1712,82350,420493,57.38,128,241374,46.71,57,14.64
1713,23794,150952,72.63,27,109656,66.6,11,7.39
1714,80484,991825,65.07,175,645552,59.12,81,9.26
1717,104302,1172245,64.64,225,757954,58.4,110,16.27
1718,172965,1685906,54.66,232,921726,49.45,86,13.94
1720,15465,178696,65.58,32,117215,59.51,15,14.23
1721,68810,184884,40.0,33,74007,33.99,15,28.54
1722,125162,980000,65.17,154,638898,59.65,66,12.49
1723,63561,236904,52.45,38,124338,47.7,18,22.11
1725,3890,181830,94.21,20,171334,93.1,17,2.95
1726,9615,162000,85.78,27,138986,83.96,22,4.86
1727,25302,128020,52.74,22,67545,47.73,11,28.37
1729,4209,180688,91.39,47,165189,85.84,32,3.55
1730,10260,63234,57.3,11,36241,53.73,8,25.64
1731,18667,132915,56.0,19,74461,51.39,9,15.24
1732,38303,42444,46.4,5,19696,44.13,4,30.14
1733,38878,99950,40.59,17,40594,31.49,5,22.02
1734,71452,190197,47.58,41,90529,39.81,17,19.29
1735,8713,99388,78.79,13,78319,77.67,11,10.14
1736,8771,303395,87.48,42,265457,82.69,21,3.96
1737,75079,200000,63.72,28,127476,59.24,13,18.04
1742,11524,92671,81.07,28,75146,70.84,13,4.5
1748,710,14304,39.26,3,5618,36.13,2,16.91
1748R,105,529,0,0,0,0,0,61.98
1752,8364,100988,63.97,20,64627,57.6,11,15.93
1760,39085,85739,42.55,21,36498,33.91,8,26.44
1762,54421,76918,45.26,15,34827,37.42,6,22.38
1773,16459,300000,75.08,58,225329,69.22,29,7.63
1776,3337,60107,67.25,34,40431,44.12,13,9.12
1777,3400,44592,59.51,9,26545,51.67,4,12.21
1780,1928,96243,79.74,38,76762,65.29,17,3.94
1781,35729,47408,43.56,21,20658,26.22,7,22.5
1783,38461,89698,63.54,20,57009,55.15,7,10.65
1784,34376,53121,28.3,15,15045,15.69,5,25.19
1785,121141,595980,48.22,118,287513,42.3,60,24.03
1786,44506,74828,51.82,26,38785,44.92,17,17.32
1788,7841,44521,50.0,15,22271,40.1,8,23.21
1789,25406,790739,76.84,54,607749,74.64,23,6.44
1794,131,1322,0,0,0,0,0,16.46
1795,40703,266874,57.48,29,153469,52.93,10,21.79
1796,7664,41460,55.7,12,23105,45.18,5,8.46
1799,5787,124690,68.11,9,84941,66.48,5,8.37
1802,208079,2908061,75.79,159,2204621,74.06,80,13.14
1805,9821,134970,77.75,38,104977,69.52,21,5.41
1806,25050,390404,74.57,61,291182,70.32,34,9.77
1807,7567,114503,47.29,37,54175,38.15,20,12.54
1808,29144,893032,79.48,94,709879,77.72,67,6.99
1809,53123,167042,49.15,34,82141,42.8,17,29.01
1810,19516,302304,67.06,74,202795,61.86,48,13.8
1813,9153,46636,48.54,17,22642,33.69,5,22.69
1814,452,18982,74.93,11,14225,57.36,6,4.45
1815,181671,585514,33.59,75,196790,30.23,45,39.36
1816,901,24515,94.8,2,23242,91.94,1,1.83
1817,4643,72600,65.2,26,47342,58.44,17,11.63
1818,136,11638,75.48,7,8785,63.86,5,1.48
1819,137,33504,83.51,17,27987,65.69,9,0.51
1903,21158,260039,80.83,64,210228,74.61,40,4.2
1904,336847,1108275,65.97,139,731283,61.66,67,14.09
1905,66874,1102835,71.17,69,785106,68.84,27,12.23
1906,12825,151000,74.42,26,112408,70.19,17,11.06
1907,86373,1660371,84.31,212,1400127,80.73,116,5.61
1909,85606,1327686,66.74,168,886352,62.11,69,8.84
1918,30909,241427,20.54,26,49638,17.56,15,31.78
2002,1365925,15734861,52.1,1470,8202331,48.44,457,16.64
2002A,5392,38268,22.5,10,8618,11.45,3,28.63
2006,64326,730214,79.09,149,577650,73.55,86,9.15
2007,28229,530652,76.53,12,406204,75.66,4,9.3
2008,7672,190852,92.24,18,176057,90.91,14,3.3
2009,50394,359622,56.74,15,204106,55.12,6,25.83
2010,34894,647655,70.31,121,455507,65.77,72,10.3
2012,44696,302163,84.2,80,254477,74.97,34,5.07
2013,44233,200000,79.25,24,158531,77.1,17,11.13
2014,178037,1435544,49.25,96,707264,46.31,29,20.63
2015,12083,581599,88.24,155,513359,82.15,96,2.97
2017,41618,446875,61.8,67,276234,57.5,33,13.11
2020,60443,267031,49.96,50,133442,44.66,29,17.17
2022,63252,337168,39.75,33,134097,36.43,15,22.58
2023,104494,1876240,78.91,122,1481004,77.11,64,7.22
2024,50714,97500,82.97,13,80907,80.74,9,7.07
2025,30584,172661,62.73,30,108342,59.05,19,11.79
2027,121532,2584261,74.01,368,1913031,69.98,197,8.44
2028,21780,325715,83.65,41,272513,81.19,28,6.59
2029,14727,321180,71.3,22,229060,68.35,6,9.03
2030,58152,280526,46.57,40,130725,41.79,21,21.19
2031,67030,321146,56.29,62,180850,51.03,35,17.8
2032,12459,130522,58.59,41,76502,48.77,20,18.27
2033,5049,80695,74.11,30,59814,59.53,14,8.56
2034,39762,528996,49.12,103,259893,42.44,41,16.48
2035,20924,350000,96.7,23,338502,96.23,21,0.64
2038,24172,194134,54.27,26,105389,49.96,13,17.58
2049,67930,353792,68.67,105,243023,60.35,55,14.76
2052R,5571,9170,10.19,2,935,0,0,49.59
2056,251,105000,94.01,44,98739,86.93,33,0.43
2058,37210,305465,25.84,63,78997,18.36,22,17.1
2059,19440,95297,67.12,31,63983,57.77,17,4.66
2060,135,35739,87.22,4,31173,87.22,4,0.33
2061,10248,57378,56.47,29,32415,34.67,9,10.43
2062,11674,199994,61.97,40,123993,55.38,16,12.98
2063,3387,48101,53.93,19,25944,37.57,7,12.89
2064,1667,69330,83.02,30,57573,72.43,16,4.57
2065,49424,63517,53.03,18,33697,42.25,8,19.4
2066,3237,44450,68.43,19,30425,53.56,8,11.66
2067,2285,45138,56.5,12,25510,49.07,6,10.55
2069,9610,166387,61.7,42,102699,53.29,20,13.18
2070,6315,41783,54.39,13,22737,47.35,8,24.55
2071,1053,69046,82.82,21,57196,74.46,12,2.7
2072,9227,192000,76.24,31,146416,72.08,16,7.24
2073,620,27500,75.07,14,20647,53.47,6,3.35
2101,37460,733935,64.44,129,473066,58.69,62,8.86
2102,79644,473329,80.15,65,379453,75.83,34,5.7
2103,86461,825710,54.37,119,449157,49.04,46,12.91
2104,108851,984734,45.47,202,447849,37.07,69,12.55
2105,79823,3241416,81.97,286,2657346,79.6,159,5.61
2106,33391,954890,79.87,163,762883,74.87,84,5.27
2107,47986,303593,61.62,70,187151,56.62,43,14.14
2108,55059,492417,69.91,94,344342,64.56,55,12.21
2109,35235,279349,74.59,71,208443,66.65,35,5.91
2114,5496,77992,65.29,19,50931,58.44,9,11.43
2115,3872,104373,69.71,35,72782,58.61,17,6.22
2201,93926,1070001,63.5,108,679610,59.6,43,13.9
2204,41063,553620,74.28,60,411351,71.26,34,11.78
2206,70237,783676,84.06,101,658941,80.63,62,6.48
2207,15136,557103,89.68,115,499684,82.91,53,1.82
2208,124352,1274539,55.54,147,708172,50.71,45,15.24
2211,23677,417091,82.69,58,344972,78.44,32,6.65
2221,4006,42325,64.71,4,27392,64.71,4,17.26
2227,7774,300000,93.51,11,280532,93.27,10,3.69
2228,10218,79780,56.12,13,44777,53.88,10,21.55
2229,59,1462,41.04,1,600,0,0,7.78
2230,10000,68030,46.19,27,31434,28.88,10,16.86
2231,12876,135932,67.12,32,91256,62.8,20,14.31
2233,36467,60289,52.59,19,31719,35.19,4,19.98
2235,1376,35878,83.74,12,30049,75.95,8,6.58
2236,2610,63028,73.31,20,46216,64.13,11,5.06
2237,2089,121773,81.17,21,98854,74.98,8,3.39
2239,2749,117713,80.02,17,94215,78.07,13,4.41
2241,29219,104602,42.67,34,44651,30.58,13,18.47
2243,3292,69374,61.51,31,42685,43.26,12,9.36
2245,493,32400,77.79,10,25209,66.91,5,2.7
2246,2881,42613,68.53,3,29213,65.07,1,9.14
2247,8414,80711,77.2,14,62331,72.7,8,10.27
2248,1010,47600,79.52,16,37864,71.79,11,3.25
2249,1183,25538,71.23,14,18199,54.36,6,6.87
2250,8965,36388,52.24,5,19014,48.97,3,20.98
2252,1969,106618,79.69,18,84990,73.28,7,4.01
2254,2661,63908,92.88,16,59372,86.23,9,1.37
2255,1991,60932,79.82,19,48642,73.18,11,4.58
2256,2301,39024,57.85,15,22582,42.66,5,10.94
2258,9371,1751236,93.76,55,1642284,92.6,24,1.21
2301,208747,2316108,79.34,434,1838182,74.4,258,10.84
2302,21025,166303,63.57,21,105744,58.85,9,18.48
2303,887517,12576985,76.52,1181,9627704,73.97,668,11.22
2305,21056,205661,67.79,30,139446,62.61,13,13.9
2308,439865,2597543,83.05,596,2157761,75.82,293,6.04
2312,205673,1505921,50.78,207,764937,46.72,107,23.92
2313,286190,1191821,62.02,213,739466,56.44,110,24.36
2314,53707,106126,9.84,16,10450,3.06,3,45.99
2316,60322,182741,64.7,46,118287,57.66,26,20.36
2317,1123022,14068961,70.52,1436,9925163,67.84,822,12.73
2318,28594,106036,26.91,15,28553,22.71,7,30.06
2321,14834,30272,70.83,3,21444,67.91,2,14.64
2323,138796,1089348,44.22,198,481791,37.27,72,18.43
2324,342603,4407147,63.87,569,2816103,60.4,319,16.87
2326,48361,40340,12.59,6,5093,6.41,2,45.84
2327,356230,2071465,73.47,370,1522405,68.55,205,13.07
2328,121773,518346,41.39,60,214692,36.92,25,31.08
2329,131564,658948,51.31,66,338254,47.87,30,26.21
2330,2847126,25932370,87.89,2603,22798642,85.18,1482,5.61
2331,58728,557403,57.84,56,322495,54.42,23,18.65
2332,91412,602242,45.25,125,272592,38.81,56,18.27
2333,87823,277761,28.92,56,80387,20.25,18,32.91
2335,6039,49574,35.51,13,17615,25.34,4,20.01
2337,449280,1981857,49.68,305,984886,45.26,158,28.31
2338,81658,366849,47.63,53,174841,43.02,27,25.15
2340,111374,438623,37.3,59,163738,31.33,17,28.12
2341,23881,6852,86.94,1,5957,86.94,1,8.92
2342,140479,157475,40.04,18,63087,34.4,6,35.13
2344,481190,4500000,71.59,474,3223032,68.57,252,15.12
2345,76562,561118,70.97,225,398401,56.62,98,4.56
2347,40646,1667947,88.71,261,1479957,85.03,164,4.16
2348,25041,151899,69.79,27,106036,67.38,21,14.38
2348A,2717,30000,67.3,7,20193,55.71,2,7.32
2349,146320,693680,28.84,114,200284,22.16,40,27.61
2351,20722,193349,74.87,79,144789,61.82,42,11.81
2352,192375,1580507,48.22,224,762487,42.92,88,19.49
2353,399855,3047854,40.67,346,1240117,36.74,150,25.52
2354,200381,1414485,45.08,117,637938,42.41,55,28.37
2355,79298,397495,41.65,98,165627,34.67,52,30.13
2356,273925,3587475,73.38,380,2633561,70.29,203,14.32
2357,119071,742760,73.95,208,549429,64.4,102,11.05
2358,39783,136623,27.69,17,37843,23.45,7,27.38
2359,66281,171471,45.58,34,78200,38.14,15,36.01
2360,30466,425246,71.33,191,303396,55.11,79,2.89
2361,19329,46544,52.93,6,24640,47.2,2,20.73
2362,33844,622263,79.83,111,496885,76.28,75,8.55
2363,126547,514988,36.63,70,188769,31.62,29,32.87
2364,56700,52389,55.02,10,28829,51.35,7,23.2
2365,100919,221528,22.78,30,50511,17.79,11,45.99
2367,209645,706253,27.64,85,195371,24.34,46,43.8
2368,69988,521586,78.77,129,410967,70.54,60,6.15
2369,124074,380102,34.72,55,132039,30.18,27,35.33
2371,279361,2150835,47.29,287,1017503,42.4,117,20.31
2373,14331,236203,87.25,28,206098,86.04,24,6.98
2374,105806,336570,28.02,44,94366,23.73,22,37.86
2375,69459,108675,33.08,21,35983,28.74,14,44.04
2376,106565,669889,69.82,153,467834,62.64,76,15.72
2377,129904,844856,58.77,154,496626,53.25,82,22.98
2378,17812,141167,33.69,25,47588,26.88,9,20.35
2379,71922,515513,74.97,211,386587,59.8,87,5.79
2380,53999,216934,44.77,39,97166,37.34,11,18.65
2381,2568,119,0,0,0,0,0,32.57
2382,270185,3862627,85.52,513,3304581,81.44,268,7.74
2383,94521,358321,68.99,132,247251,56.48,60,5.77
2384,158039,2047778,27.99,329,573479,20.93,96,18.91
2385,41134,760053,80.48,188,611852,73.91,108,8.19
2387,16999,195251,58.29,29,113853,53.15,15,17.67
2388,61675,555955,66.33,66,368918,62.52,35,17.34
2390,62209,192619,39.35,28,75820,33.76,9,26.94
2392,68763,512327,48.37,60,247854,43.85,21,24.72
2393,51895,443393,67.09,129,297558,58.75,69,14.18
2395,37103,868652,85.03,191,738865,78.0,92,3.49
2396,56612,1276356,45.5,239,581128,37.06,63,10.89
2397,9257,114489,70.73,16,80995,68.31,11,13.53
2398,38492,413167,36.49,47,150848,32.57,20,19.21
2399,52454,178100,35.03,36,62419,27.92,18,34.31
2401,135590,591995,39.43,98,233534,32.94,36,27.1
2402,84106,307537,38.35,46,117974,34.46,26,33.76
2404,69177,190587,52.33,69,99750,38.33,29,19.77
2405,99271,343427,24.19,44,83164,19.78,18,31.9
2406,104176,350906,40.9,71,143589,34.24,35,28.57
2407,48758,734981,37.79,178,277871,27.8,56,11.92
2408,344055,3450206,81.81,268,2823376,79.66,150,9.88
2409,631825,7547099,48.3,941,3647761,43.5,347,17.56
2410,12562,160017,36.31,51,58141,23.67,16,11.19
2412,294617,7757447,79.91,525,6200564,78.1,299,6.6
2413,25298,127359,63.18,32,80482,56.13,19,21.05
2414,15730,161736,59.36,47,96057,48.55,18,14.14
2415,8269,90000,64.72,21,58273,59.06,12,15.59
2417,62044,157219,42.48,21,66817,38.76,12,32.26
2418,64575,1023618,47.73,137,488697,42.08,39,13.0
2419,38841,321317,65.15,16,209406,62.95,3,18.17
2420,38321,152649,51.57,43,78745,39.93,15,20.03
2421,62462,286944,58.02,100,166568,45.57,39,21.06
2423,6406,145047,75.37,32,109343,69.46,17,6.3
2424,4348,59585,83.17,7,49572,79.52,4,7.21
2425,39374,96499,48.69,23,47002,38.7,7,26.86
2426,103467,300622,44.01,59,132356,38.39,32,27.74
2427,21982,198000,52.27,11,103541,49.83,4,21.36
2428,15952,128113,63.81,38,81785,51.91,14,15.24
2429,26137,85500,55.21,21,47217,43.47,7,19.61
2430,38371,116800,63.81,24,74564,57.3,11,15.57
2431,52379,110927,42.09,17,46715,34.94,3,24.26
2432,1270,61860,76.73,8,47472,72.89,4,4.77
2433,8001,144496,79.19,18,114444,78.03,14,10.44
2434,4717,37000,80.43,4,29765,77.5,2,8.78
2435,8984,74767,32.2,10,24091,28.28,4,21.91
2436,73360,204178,24.63,41,50341,18.01,20,42.12
2438,26056,71196,58.33,21,41539,49.32,12,15.27
2439,69033,253645,37.12,64,94211,27.86,25,31.41
2440,8916,139117,70.06,27,97502,66.49,19,10.61
2441,58404,568846,68.88,82,391959,64.49,41,16.85
2442,48456,325232,57.46,61,186934,50.46,25,11.55
2443,30680,150909,55.24,45,83392,45.96,24,12.89
2444,36266,101570,28.49,22,28955,17.93,5,22.74
2445,6225,48177,15.68,7,7560,12.43,4,26.6
2449,250870,1222745,61.82,264,756149,55.78,143,21.46
2450,17456,258253,77.32,21,199741,75.97,15,11.12
2451,37988,430669,75.19,69,323889,69.43,32,11.06
2453,25796,100000,45.99,13,46006,40.29,4,28.45
2454,512514,1603895,75.41,486,1209913,65.71,233,7.28
2455,73683,186983,48.72,74,91137,33.57,28,27.57
2457,115281,424772,29.13,49,123831,25.41,25,31.94
2458,59883,303880,59.04,92,179460,49.76,46,19.82
2459,15189,105596,53.67,33,56690,42.01,11,14.11
2460,45748,169200,59.1,18,100029,55.29,7,16.63
2461,50786,191888,47.41,58,91022,38.09,29,18.36
2462,26420,150784,56.55,37,85293,50.31,21,16.92
2464,92849,213535,44.35,48,94730,37.56,25,32.8
2465,49116,93946,35.96,12,33795,29.58,3,30.21
2466,4703,173459,87.63,49,152023,83.18,36,4.12
2467,48770,161225,68.26,57,110071,55.94,26,13.26
2468,11225,69961,50.72,3,35489,50.02,2,28.11
2471,36798,47254,24.65,16,11657,6.74,1,41.4
2472,33242,164735,59.88,48,98686,50.73,25,22.94
2474,54756,561369,72.98,99,409834,68.61,65,13.53
2475,226949,6479454,71.11,1104,4608794,64.53,430,6.14
2476,20972,219004,63.65,66,139436,56.73,40,13.5
2477,9788,158573,73.49,40,116564,66.97,23,10.83
2478,51518,144731,65.5,55,94821,55.14,29,16.21
2479,13087,37738,32.34,6,12213,25.56,1,31.7
2480,42809,106360,30.77,32,32747,18.77,11,27.61
2481,77562,382115,65.48,97,250293,58.71,58,20.79
2482,38675,77883,41.38,14,32241,35.02,6,29.81
2483,7587,107890,60.08,22,64834,56.63,16,12.95
2484,80147,159421,29.95,35,47780,23.27,19,40.36
2485,150632,317689,19.57,30,62246,17.03,17,51.15
2486,81386,239517,39.42,52,94487,32.26,25,27.2
2488,40589,79999,52.54,25,42042,45.27,15,18.25
2489,131979,610000,32.57,80,198806,29.06,44,35.11
2490,15452,163243,21.17,30,34589,15.18,12,21.72
2491,13132,82008,75.54,26,61969,66.53,15,10.74
2492,68653,485205,73.83,66,358318,70.19,39,15.57
2493,43063,126797,54.02,37,68524,45.11,19,20.13
2494,10303,41493,81.44,10,33799,73.02,5,9.79
2495,37485,273552,53.4,48,146140,47.16,22,21.84
2496,4232,19100,49.57,9,9470,35.07,4,17.67
2497,11626,130888,69.43,40,90904,56.78,16,14.6
2498,166022,836065,40.42,140,338100,34.95,67,26.74
2499,47891,461172,44.09,81,203388,37.88,35,15.38
2501,44379,1159561,78.11,155,906034,73.88,78,7.38
2504,88995,1180000,76.29,209,900480,71.33,116,6.91
2505,24258,380000,79.34,63,301564,75.75,40,6.45
2506,66238,387000,76.62,75,296591,71.78,45,8.85
2509,16982,224551,69.69,46,156501,63.88,24,10.39
2511,47229,1623326,79.68,288,1293762,74.27,146,3.85
2512,44014,490754,34.17,96,167810,25.02,22,14.75
2514,17895,394729,87.98,51,347357,84.69,31,3.73
2515,142272,1607904,60.29,298,969602,53.12,113,10.32
2516,49617,226278,71.13,62,161010,62.41,35,7.47
2520,80206,609487,71.13,100,433669,66.9,57,9.92
2521,25356,319796,35.24,57,112767,25.83,11,15.91
2523,14071,228390,44.64,58,102027,35.93,25,12.22
2524,7904,365984,93.02,36,340495,91.7,28,2.49
2525,52659,650825,31.66,172,206118,20.22,50,15.13
2527,8463,270306,79.82,33,215812,74.49,10,5.65
2528,8569,435996,83.81,82,365477,79.07,47,2.94
2530,31424,841256,85.44,142,718872,81.17,88,2.38
2533,14076,153054,38.22,37,58541,26.03,7,17.09
2534,63021,474228,72.66,112,344641,66.38,64,7.52
2535,63769,270794,61.74,66,167229,55.0,34,14.9
2536,7842,332809,79.39,86,264294,70.19,39,3.59
2537,44485,300558,58.64,64,176301,51.94,31,13.11
2538,28748,445025,75.26,130,335018,67.09,72,4.6
2539,19906,1193103,86.88,123,1036952,84.21,70,2.97
2540,17755,944874,90.99,83,860017,88.97,54,2.79
2542,112592,2173084,63.01,247,1369578,59.37,117,10.75
2543,33019,528542,71.72,74,379157,67.62,38,9.33
2545,16633,379735,77.15,45,293054,74.28,27,8.44
2546,53642,130524,62.09,19,81066,58.78,11,14.79
2547,76498,1035095,69.12,184,715586,62.49,77,6.24
2548,38413,319719,52.72,109,168628,40.08,46,18.45
2553,19336,81669,18.69,13,15284,10.93,4,33.87
2566,325,2416,0,0,0,0,0,31.89
2569,61,11552,83.38,2,9634,74.73,1,0.61
2591,80,817,0,0,0,0,0,18.25
2592,57,10494,90.43,4,9490,82.1,3,1.35
2596,3347,100000,72.25,29,72274,61.67,14,5.97
2597,13193,310716,81.6,42,253607,78.14,25,5.26
2599,1387,98524,65.89,41,64929,51.65,16,2.15
2601,106124,824776,32.34,113,266786,26.45,35,21.36
2603,297220,2165043,72.75,347,1575411,68.0,188,13.91
2605,107302,585353,54.53,98,319331,50.16,55,19.87
2606,50782,845056,76.83,107,649312,73.97,69,10.9
2607,39637,533571,77.54,91,413821,70.62,34,8.95
2608,52677,467000,76.71,69,358346,71.77,33,10.86
2609,397623,3492104,55.73,308,1946982,53.06,156,22.9
2610,268600,6144989,68.39,561,4203646,65.07,230,10.48
2611,51040,189002,46.08,22,87107,43.0,12,22.56
2612,38029,197485,73.73,17,145618,68.9,3,11.36
2613,40291,148423,56.21,29,83462,49.45,11,21.1
2614,101767,327265,47.37,41,155087,42.96,19,23.16
2615,120059,2806146,85.47,266,2398851,83.14,160,7.08
2616,215189,137282,44.86,17,61604,41.0,9,30.35
2617,29483,417294,62.44,60,260651,57.68,26,15.45
2618,242935,5400444,74.66,638,4033013,71.04,329,8.8
2626,297,2890,0,0,0,0,0,25.38
2630,20471,209438,65.26,15,136724,62.31,5,18.29
2633,108553,5628293,86.19,306,4852630,84.28,135,4.35
2634,106168,941867,48.47,63,456690,46.33,29,22.62
2636,56290,141835,41.69,33,59152,34.66,17,29.6
2637,29123,746409,81.61,133,609327,76.96,79,6.64
2639,1106,99999,99.01,2,99010,99.01,2,0.48
2640,3334,59265,73.42,25,43526,58.23,11,5.9
2641,81278,330334,28.81,45,95253,23.52,14,29.35
2642,20186,95467,60.38,7,57646,60.38,7,27.53
2643,4136,35000,65.0,10,22755,58.4,7,17.24
2644,2540,82952,79.03,32,65576,74.49,27,4.05
2645,23087,374571,84.27,36,315750,80.4,15,7.49
2646,244049,3008735,64.86,133,1952232,63.13,47,16.54
2701,15028,449968,86.22,38,388054,84.32,24,3.73
2702,12561,156613,73.69,18,115430,72.53,15,9.57
2704,30921,366923,88.22,72,323773,83.01,43,3.25
2705,83118,191313,65.53,42,125413,59.67,24,14.64
2706,16485,499998,85.0,55,425106,81.57,26,3.7
2707,18541,127403,60.87,17,77568,54.75,4,20.3
2712,2055,105000,90.82,20,95384,86.86,14,3.49
2714,3944,1140,0,0,0,0,0,87.12
2718,2694,87576,87.48,16,76612,87.48,16,3.75
2719,3387,69182,91.02,4,62977,89.53,2,5.3
2720,2752,80000,61.03,27,48837,48.9,12,3.59
2722,5085,143170,87.42,31,125191,82.36,20,5.07
2723,9878,180000,68.9,39,124069,61.41,18,9.9
2724,1037,59656,83.61,10,49880,79.45,5,1.8
2726,2544,37922,64.96,16,24643,49.31,7,9.1
2727,151908,82940,35.4,30,29384,17.66,8,27.96
2729,6313,43041,65.38,13,28151,57.11,7,16.44
2730,2323,37215,86.67,2,32256,86.67,2,2.97
2731,29636,93278,46.56,26,43444,35.56,10,26.64
2732,6231,46519,58.7,19,27311,53.57,14,21.02
2733,703,24598,77.24,8,19003,75.09,7,4.73
2734,28828,57260,36.63,11,20982,31.34,6,25.82
2736,6504,79972,55.95,17,44764,46.33,7,14.77
2738,57,67381,97.88,6,65966,94.86,3,0.02
2739,5625,91526,72.99,19,66825,67.89,12,10.92
2740,2901,16762,72.53,2,12158,72.53,2,2.89
2741,1727,22588,66.35,8,14992,55.17,4,12.38
2743,6883,46815,52.86,8,24755,50.27,6,24.43
2745,5133,33809,51.51,5,17418,51.51,5,24.04
2748,9855,105779,61.35,6,64906,58.44,1,17.32
2749,248,20800,75.15,16,15634,33.27,2,2.43
2750,180,60000,98.53,18,59126,88.06,10,0.13
2751,1554,19765,60.56,1,11970,60.56,1,11.19
2752,2553,26694,64.44,16,17206,41.45,6,8.9
2753,10312,66645,56.0,20,37330,43.66,8,16.2
2754,4528,46907,73.06,6,34276,66.51,1,11.74
2755,3297,37382,63.79,12,23853,59.61,9,10.1
2756,1651,24598,72.18,13,17758,53.58,6,9.12
2758,7506,20486,73.57,13,15075,46.27,6,8.25
2760,175,13000,88.02,6,11444,83.82,5,1.08
2761,692,17337,57.71,9,10010,46.15,6,6.16
2762,6108,112500,86.73,23,97590,80.91,13,5.17
2801,270254,11766046,77.0,1325,9061135,73.2,590,3.93
2807,7203,3172,0,0,0,0,0,75.84
2811,52354,292500,34.34,66,100508,26.22,28,22.97
2812,248303,6021626,58.55,754,3526366,53.43,233,7.48
2816,11282,223608,79.67,31,178213,74.83,13,5.33
2820,74078,1342960,66.35,146,891485,62.47,58,8.03
2825,9462,12564,5.68,1,714,0,0,59.96
2827,30331,129587,36.72,31,47608,29.67,16,20.52
2831,42153,1192861,61.99,167,739777,57.13,70,7.68
2832,19585,253540,68.83,46,174567,62.96,22,7.87
2834,380827,9718062,60.95,1408,5925009,55.34,496,6.73
2836,35528,1839917,85.23,180,1568460,82.06,83,3.35
2836A,2875,40000,37.28,8,14916,30.5,4,8.02
2838,47746,4340552,90.73,250,3938991,89.08,132,1.78
2838A,6036,200000,68.92,43,137882,62.52,24,6.06
2841,60371,960944,57.39,179,551719,50.11,62,7.39
2845,103546,4865285,73.65,651,3584183,68.63,246,3.91
2849,10040,1957609,98.46,57,1927773,97.99,42,0.52
2850,17800,315963,68.39,94,216131,58.32,43,9.63
2851,28013,800389,71.97,113,576247,67.58,54,7.48
2852,22273,301164,65.5,108,197282,52.75,50,7.68
2855,61004,1601414,76.65,249,1227782,71.02,104,5.67
2867,69797,5899501,84.83,631,5005849,81.22,276,2.42
2880,485687,13916965,81.07,1133,11284064,78.57,556,4.28
2881,380684,14007365,86.41,984,12106106,84.32,502,4.41
2881A,18604,600000,90.52,69,543197,88.06,45,3.34
2881B,18513,666660,94.91,69,632837,92.01,40,1.91
2881C,54790,333330,84.8,52,282715,80.96,31,6.22
2882,400219,14669210,85.77,1227,12584745,83.43,675,4.72
2882A,18901,833300,94.86,81,790657,93.28,61,1.73
2882B,19422,700000,95.89,59,671350,94.22,42,1.68
2883,740599,16974847,67.59,1910,11476824,63.87,855,6.83
2883B,70780,1582142,65.5,395,1036606,55.75,147,6.79
2884,604626,16174000,71.76,2080,11608994,67.33,905,7.1
2885,449504,13331150,83.08,1219,11079036,80.61,682,5.01
2886,468484,14833378,82.62,819,12258958,81.14,463,5.84
2887,714086,24866399,73.93,3066,18390645,69.67,1307,5.03
2887E,12892,500000,86.87,58,434441,84.81,43,3.1
2887F,13333,300000,89.85,33,269606,85.97,18,3.46
2887G,17499,75000,45.97,24,34496,34.33,9,11.91
2887H,21298,219668,70.39,61,154668,63.46,35,7.05
2887I,277847,3096421,72.49,554,2245042,65.75,222,8.97
2887Z1,18807,300000,89.99,29,270052,87.16,15,3.34
2889,220098,3633563,74.28,346,2699827,71.79,201,7.45
2890,456346,14492322,80.22,1571,11630022,76.97,810,4.75
2891,573581,19677817,82.11,1823,16161048,79.37,944,4.99
2891B,25264,333330,95.89,38,319688,93.54,25,2.39
2891C,24721,166660,93.76,22,156291,90.93,16,3.67
2892,455175,14379469,70.35,1705,10117803,66.37,746,5.92
2897,29145,2805358,85.47,356,2397949,81.33,168,2.55
2897B,5089,250000,83.18,58,208007,78.08,37,4.37
2901,13846,73043,79.25,20,57906,71.67,10,7.91
2902,11506,146891,47.62,41,69986,35.95,17,12.63
2903,59494,1416941,79.75,159,1130373,76.83,91,6.46
2904,17120,77834,54.28,9,42261,50.17,4,17.4
2905,28084,1110372,83.95,132,932428,80.25,64,3.77
2906,17594,209117,65.51,37,137042,59.53,15,11.39
2908,11260,509888,91.92,53,468871,89.76,34,2.54
2910,1346,175403,96.83,40,169861,93.22,31,0.46
2911,40248,105126,45.36,19,47707,40.71,10,26.08
2912,73974,1039622,84.48,141,878392,80.2,66,7.54
2913,114671,790000,57.36,136,453265,50.86,52,14.37
2915,61538,1104319,68.21,193,753501,62.39,87,9.13
2916,4660,64627,58.81,18,38014,50.93,11,12.99
2920,979,12457,35.71,1,4449,35.71,1,18.26
2923,5365,1740297,99.45,14,1731068,99.33,10,0.23
2924,462,52036,89.58,9,46624,84.08,5,0.98
2926,2160,47390,74.57,14,35339,64.78,7,6.03
2929,50849,109494,30.08,16,32964,24.82,6,19.25
2936,155,76056,99.51,6,75691,98.55,5,0.23
2937,952,43542,84.54,20,36814,71.58,12,2.25
2938,708,20140,80.74,4,16263,78.66,3,5.87
2939,7106,45549,75.96,27,34609,58.12,15,3.84
2940,239,25184,57.6,16,14512,17.29,2,1.18
2941,3096,15390,66.47,14,10233,20.62,2,4.7
2942,1638,60000,90.71,10,54436,88.06,7,2.9
2945,3154,67500,83.48,6,56353,83.48,6,7.4
2947,11504,21493,63.31,9,13611,55.2,6,4.98
2948,1080,31000,80.28,15,24892,69.02,9,5.29
2949,2867,30641,82.17,16,25185,62.1,8,4.52
3001,6692,76070,19.36,16,14745,10.62,5,19.45
3002,9196,102000,65.39,21,66721,59.0,11,14.59
3003,17456,155655,57.18,41,89050,50.76,25,20.65
3004,18439,64365,58.72,17,37811,46.02,4,14.96
3005,53062,624483,72.16,117,450747,67.13,68,11.96
3006,72885,298128,52.59,84,156838,42.64,38,25.18
3008,90621,130798,56.16,48,73479,41.78,17,13.91
3010,49825,259437,64.47,77,167296,54.09,33,12.37
3011,49224,129601,36.31,29,47084,26.48,8,19.35
3013,49144,205139,44.16,27,90641,38.83,10,31.73
3014,50315,165987,34.05,44,56527,22.41,13,29.0
3015,18157,187262,62.24,48,116581,55.58,29,17.04
3016,32490,290357,75.98,35,220660,71.96,17,13.43
3017,155329,392543,64.77,134,254353,51.68,52,10.73
3018,36953,75378,64.28,6,48462,62.19,3,18.04
3019,95782,279244,39.48,50,110306,32.96,21,36.68
3020,1637,122696,99.45,1,122032,99.45,1,0.48
3021,8622,94890,70.47,19,66891,65.24,13,13.45
3022,17951,176598,61.86,43,109253,54.75,23,15.79
3023,53386,240069,68.45,108,164368,53.33,49,8.58
3024,57823,277157,49.35,83,136860,36.89,32,15.04
3025,41187,56736,25.48,12,14472,14.74,3,31.57
3026,49599,165890,56.45,68,93675,42.52,31,19.81
3027,47697,129960,43.24,30,56214,34.02,10,24.56
3028,54758,237241,45.17,45,107232,40.21,27,25.25
3029,66221,167005,41.79,37,69834,34.01,16,32.14
3030,35803,236216,58.29,47,137743,51.03,20,17.78
3031,17428,173203,59.91,17,103794,58.08,12,19.64
3032,33319,113286,52.52,28,59516,45.07,12,17.92
3033,101521,515338,41.08,103,211825,34.26,46,25.43
3034,102429,608511,69.99,196,426032,59.27,94,12.26
3035,120752,260550,27.44,31,71547,22.72,12,46.9
3036,65670,1269982,88.09,216,1119131,83.35,120,4.08
3037,346971,1590666,75.3,372,1198024,68.15,193,11.52
3038,50032,157408,42.67,34,67183,33.24,12,24.46
3039,5439,66388,33.17,23,22034,17.6,7,10.38
3040,8056,66225,69.38,16,45952,64.86,10,11.41
3041,69338,140224,23.65,10,33193,21.32,5,37.92
3042,70728,342993,66.64,95,228651,59.33,55,15.9
3043,54756,38976,19.04,7,7426,14.37,3,36.68
3044,33312,525606,80.53,183,423362,70.63,98,6.04
3045,62042,3723262,92.37,365,3440201,90.11,231,2.89
3046,20592,78448,52.76,11,41406,45.4,2,21.03
3047,68890,224762,20.57,32,46253,15.18,9,36.91
3048,80868,269830,52.97,45,142970,47.2,22,25.11
3049,124455,802011,47.2,70,378641,43.77,25,23.71
3050,42387,154984,52.81,32,81863,45.27,13,18.66
3051,68149,167000,33.5,27,56000,25.16,5,27.42
3052,49264,233246,56.15,58,131022,48.38,28,9.17
3053,1493,7960,54.35,6,4327,27.94,2,15.43
3054,3610,80651,87.72,13,70768,85.16,10,3.83
3055,26630,114975,66.79,28,76823,59.52,15,15.73
3056,72490,480555,32.43,70,155913,26.89,28,19.71
3057,37387,67865,33.62,8,22828,30.99,5,31.32
3058,50375,201723,22.21,29,44843,16.86,11,26.33
3059,97208,307702,24.95,50,76812,19.47,23,38.68
3060,72227,137563,20.55,29,28301,13.18,12,35.13
3062,74651,330092,25.62,63,84679,16.86,18,35.83
3064,2981,13011,63.47,3,8260,60.15,2,10.37
3065,1476,183911,83.6,33,153771,78.84,19,2.48
3066,5134,83071,72.12,14,59919,68.25,9,10.83
3067,765,20000,71.36,4,14277,63.65,2,3.66
3069,1426,3000,35.56,1,1067,35.56,1,24.45
3070,172,7275,51.25,5,3730,18.25,1,4.13
3071,11461,110000,58.68,11,64577,55.69,6,20.38
3072,58,373,0,0,0,0,0,29.78
3073,4516,39511,54.84,18,21677,37.48,9,16.84
3075,432,7784,70.66,4,5500,70.66,4,9.59
3077,90,722,0,0,0,0,0,34.59
3078,58500,227391,38.49,56,87539,28.98,22,28.59
3079,4377,47641,32.0,12,15255,19.24,3,17.9
3081,67108,92517,42.94,30,39745,30.05,13,18.65
3082,66,455,0,0,0,0,0,24.02
3083,8991,86487,56.15,8,48574,53.1,4,20.39
3084,226,1873,0,0,0,0,0,19.01
3085,3060,69019,89.64,4,61880,87.92,2,2.96
3086,7970,272711,86.05,28,234750,83.25,16,4.58
3087,444,51311,97.94,1,50259,97.94,1,1.42
3088,15924,110581,50.61,30,55989,39.08,8,21.38
3090,55763,287567,68.35,59,196595,61.52,29,16.31
3091,96,186,0,0,0,0,0,52.26
3092,32587,106649,36.26,22,38690,29.2,9,23.43
3093,8491,145156,76.53,17,111118,71.49,6,11.26
3094,40720,83117,16.32,11,13583,11.46,4,40.98
3095,25321,10000,33.06,4,3307,14.01,1,27.56
3096,671,23127,49.47,7,11443,38.05,3,6.23
3097,646,75086,86.95,15,65303,81.37,9,1.56
3098,76,1395,0,0,0,0,0,15.12
3099,13826,225202,37.56,68,84627,23.15,16,10.54
3105,134084,423940,54.12,104,229494,46.71,53,27.24
3114,7446,65130,52.9,19,34471,43.53,10,18.0
3115,17995,72198,86.25,10,62280,85.38,9,2.43
3117,1598,22800,54.48,8,12425,42.55,4,12.65
3118,41742,32453,35.5,13,11527,15.06,3,18.37
3122,46007,40772,26.87,10,10966,15.89,4,34.14
3126,2748,48752,44.04,14,21475,31.82,3,5.69
3128,48914,47317,30.9,10,14628,23.78,5,29.17
3130,6956,33191,61.31,10,20355,56.13,7,20.55
3131,25649,29786,48.04,11,14311,36.93,6,12.5
3133,493,27262,63.27,14,17256,46.91,7,3.25
3135,17607,97139,53.5,23,51990,44.39,10,24.47
3137,80,1883,0,0,0,0,0,7.7
3138,33075,56396,26.93,11,15196,18.99,4,43.01
3141,33387,75461,15.67,16,11835,5.21,3,42.76
3142,5177,203398,51.24,71,104253,38.71,30,5.05
3147,5968,43687,60.1,16,26267,50.84,9,13.74
3149,58948,226234,28.17,46,63766,22.21,23,33.89
3150,5736,44377,56.55,13,25106,46.27,5,7.02
3151,657,8265,45.63,3,3772,26.17,1,12.0
3152,8855,69016,52.68,27,36375,40.62,13,17.35
3158,1746,30519,37.52,12,11457,23.41,5,9.06
3159,483,5840,28.6,2,1671,20.39,1,16.26
3161,179,32583,94.26,16,30722,82.62,10,0.96
3162,15801,154341,60.21,25,92956,55.99,14,15.72
3163,82457,80541,32.85,22,26468,22.05,9,36.8
3164,23018,86010,54.5,34,46890,39.88,15,17.6
3166,98,23374,96.38,2,22532,94.66,1,0.79
3167,21246,90297,61.43,37,55484,47.49,16,13.29
3168,2558,75100,74.98,20,56313,66.82,11,6.11
3169,27581,63107,36.63,12,23135,28.67,4,26.88
3171,2293,33118,76.93,5,25481,71.98,3,8.31
3176,46347,139307,34.46,28,48032,28.45,14,22.49
3177,206,4124,75.01,2,3094,60.61,1,14.47
3178,4396,45050,65.84,11,29667,61.31,7,16.33
3179,110,9847,30.35,4,2989,16.07,1,1.36
3184,3420,63074,59.46,21,37511,49.78,9,12.33
3186,2285,30000,77.49,2,23249,77.49,2,8.98
3188,7580,189088,75.98,44,143696,68.47,20,6.42
3189,121928,526916,72.32,105,381214,65.82,52,15.78
3190,59,14308,74.69,5,10689,71.03,4,0.41
3191,18605,43597,53.44,9,23305,46.7,4,12.96
3202,37710,129345,24.59,21,31836,19.46,9,27.43
3205,31750,67546,66.33,8,44820,61.71,3,11.08
3206,23536,58917,53.59,21,31584,42.3,11,18.6
3207,20672,66422,40.22,27,26719,20.23,6,15.85
3208,107,3025,46.49,1,1406,46.49,1,7.97
3209,54400,235391,48.71,67,114700,39.62,32,18.26
3211,77233,154374,54.18,48,83654,44.29,25,27.71
3213,47639,58686,29.78,18,17489,16.7,4,31.24
3217,14514,90104,46.86,28,42238,30.15,5,23.58
3218,18787,84725,56.8,19,48141,50.39,10,23.67
3219,4129,71781,81.71,8,58663,77.77,4,7.45
3221,48251,105062,27.8,35,29224,9.73,5,39.72
3224,16737,78173,71.71,28,56078,60.75,15,8.71
3226,1295,64431,86.62,25,55822,70.08,8,2.11
3227,57068,150503,39.46,49,59418,27.41,16,32.42
3228,35163,71511,24.21,14,17330,19.1,8,35.56
3229,10034,64263,70.04,4,45013,69.03,3,12.36
3230,18711,86011,56.91,20,48967,51.3,12,14.7
3231,384415,3180412,64.88,509,2063961,60.64,287,18.51
3232,14774,46568,58.44,21,27222,43.59,9,9.97
3234,40117,111475,36.18,30,40345,24.35,10,28.29
3236,59689,105001,40.83,29,42888,31.46,13,31.45
3237,105,1499,0,0,0,0,0,18.39
3252,2711,50196,78.62,22,39474,68.58,14,7.09
3257,28811,79824,43.68,11,34885,37.14,3,27.18
3258,92134,274135,10.17,23,27934,7.56,10,43.13
3259,3896,72966,70.48,25,51446,62.82,16,7.53
3260,144018,332990,32.51,69,108313,26.49,35,37.52
3264,78776,490170,69.52,125,340806,61.47,64,13.78
3265,17201,136262,64.78,22,88285,57.0,5,17.92
3266,3894,352314,90.16,27,317722,89.11,21,1.94
3267,534,17066,29.55,3,5044,26.87,2,6.44
3268,42946,34721,34.13,10,11855,28.5,6,24.33
3272,9285,61177,50.81,11,31089,45.96,6,19.78
3276,47223,69713,58.3,12,40652,52.02,4,13.59
3279,113,966,0,0,0,0,0,17.27
3283,149,6673,49.5,5,3305,15.08,1,4.48
3284,21394,108482,71.66,21,77762,69.11,16,8.38
3285,10040,42735,64.65,19,27637,51.26,10,9.61
3287,4180,43970,58.26,11,25625,48.76,4,17.81
3288,11437,16380,48.2,5,7898,36.75,2,19.45
3289,59901,86746,26.3,26,22825,11.96,8,38.03
3290,25448,90215,58.94,34,53190,47.95,18,11.79
3293,112332,281802,52.42,69,147757,44.78,36,22.81
3294,16850,132016,52.82,25,69764,47.1,14,24.25
3296,7299,96724,77.38,32,74852,72.43,24,7.53
3297,9917,36049,49.33,12,17791,36.6,6,28.92
3301,997,124326,79.23,40,98518,70.3,24,2.14
3303,13993,94091,46.16,30,43442,36.64,16,16.85
3304,425,14069,33.55,7,4721,9.88,1,6.53
3305,60944,144677,49.18,30,71179,42.4,14,29.32
3306,30010,50608,47.78,7,24187,43.14,3,26.61
3308,10678,60000,61.62,8,36977,58.86,6,20.81
3310,1797,74948,82.12,32,61553,69.86,19,3.29
3311,39627,100000,55.62,18,55644,49.93,9,19.75
3312,67962,182627,48.66,25,88877,45.97,17,28.54
3313,34549,221134,76.08,23,168287,74.17,16,9.61
3317,61523,90000,27.94,14,25160,22.87,6,41.97
3318,925,52256,56.8,19,29689,41.84,6,3.13
3321,28555,86114,47.11,22,40591,36.5,7,15.1
3322,65345,137582,36.99,26,50917,32.57,15,19.11
3323,70195,99593,22.15,16,22075,14.41,4,45.46
3324,84148,93077,47.41,31,44147,31.0,8,30.88
3325,62090,110169,30.26,33,33358,14.69,6,23.43
3332,1777,48104,86.84,15,41777,77.9,9,3.08
3334,126,24680,91.54,5,22594,89.35,4,1.02
3338,62817,87908,32.25,18,28363,22.59,5,37.66
3339,31086,66568,29.83,17,19873,19.69,6,31.3
3342,762,40910,53.13,17,21746,33.08,5,4.33
3343,870,58794,44.65,10,26267,39.28,5,3.62
3345,101,36301,95.55,2,34688,93.93,1,0.42
3346,39745,121228,26.72,20,32419,20.5,8,30.0
3349,1737,46072,46.3,23,21346,26.27,8,6.24
3350,928,21690,13.98,6,3034,0,0,10.92
3354,6687,70112,73.03,8,51209,70.67,5,13.86
3356,36972,79942,28.57,14,22851,22.2,6,32.09
3357,18797,116386,61.08,47,71109,43.48,16,16.36
3360,45965,76402,26.19,14,20025,17.76,4,28.51
3361,389,49553,81.55,18,40421,68.18,8,1.21
3362,25749,147445,61.09,46,90085,49.8,21,18.76
3363,66757,113641,42.49,34,48302,31.18,14,25.44
3364,216,2701,0,0,0,0,0,18.15
3369,4643,28946,56.18,3,16264,54.38,2,16.23
3372,53216,175324,48.52,29,85103,43.98,16,21.93
3373,35518,47619,27.09,5,12908,24.87,3,32.84
3374,62533,271364,51.55,32,139966,47.04,12,29.85
3376,46598,195764,51.46,62,100760,41.48,28,22.01
3377,241,19653,64.25,12,12631,35.71,2,2.0
3379,30361,38042,27.4,5,10429,24.78,3,38.3
3380,41743,541718,68.47,43,370979,66.03,20,13.34
3383,11639,75000,48.41,18,36320,38.5,6,16.72
3388,12667,77671,41.49,18,32247,30.9,5,27.81
3390,56866,79330,29.23,16,23200,19.51,4,24.34
3391,929,68860,66.03,27,45483,51.03,10,2.73
3394,163,1180,0,0,0,0,0,26.58
3397,1817,9043,0,0,0,0,0,46.56
3402,40475,73048,28.67,8,20951,24.52,4,38.87
3404,50,653,0,0,0,0,0,21.09
3406,30014,112743,58.73,51,66249,40.3,19,14.25
3412,261,8071,84.95,1,6857,84.95,1,3.49
3413,31180,110762,42.05,23,46594,36.49,12,30.72
3414,253,1396,0,0,0,0,0,38.07
3416,10044,80496,55.86,15,44979,51.37,10,17.15
3419,30890,120480,31.12,25,37524,23.4,10,25.26
3426,921,26400,63.05,10,16651,48.61,4,5.17
3430,33125,33716,36.03,8,12149,33.44,6,32.24
3431,12552,55459,51.29,8,28451,46.69,4,17.62
3432,3608,42230,66.5,13,28088,58.48,8,13.47
3434,7507,35755,44.29,13,15843,30.2,5,22.72
3437,47925,144548,23.92,19,34616,19.15,8,39.21
3438,28058,47166,45.13,2,21291,43.53,1,30.65
3441,28553,40040,31.05,14,12440,15.12,4,32.61
3443,69688,134012,66.67,41,89371,53.2,12,10.35
3444,5088,44997,48.52,17,21842,37.86,10,17.26
3447,5919,77449,59.55,14,46142,51.2,3,15.4
3450,75319,145681,45.78,47,66717,34.82,22,32.0
3455,44001,59851,30.08,22,18013,15.27,7,33.59
3465,4085,35330,68.31,12,24141,54.67,5,6.42
3466,25375,77892,47.57,27,37074,34.51,10,16.12
3467,2001,31107,62.56,11,19467,55.73,7,11.07
3469,191,22448,63.92,14,14353,42.15,6,1.47
3471,503,5000,45.04,3,2253,25.6,1,10.99
3472,1711,76274,57.36,24,43771,43.84,7,4.68
3473,260,22511,77.97,6,17557,69.46,3,1.39
3475,1781,1784,0,0,0,0,0,46.83
3479,34820,72630,44.13,18,32068,33.44,5,26.72
3481,882404,7989197,44.59,1004,3563556,40.22,421,21.71
3482,527,6521,44.4,4,2896,16.87,1,16.25
3483,53450,99049,21.63,23,21440,14.16,11,41.82
3484,47289,78828,30.8,25,24298,19.59,10,24.43
3485,7077,38501,52.45,19,20203,33.55,7,16.26
3489,2983,90452,75.08,20,67940,66.59,8,6.01
3490,34831,55006,18.12,10,9977,12.04,4,37.82
3491,62007,68805,34.81,26,23967,16.18,7,24.22
3492,2834,35532,48.29,6,17160,44.69,3,16.8
3494,18179,94800,61.17,12,58007,56.31,4,11.73
3496,210,22159,77.75,9,17233,68.76,5,1.91
3497,112,4588,33.29,2,1528,23.86,1,5.4
3498,56117,61273,51.42,14,31513,47.35,10,24.97
3499,40885,54971,43.19,12,23750,41.62,10,24.2
3501,11738,118258,51.44,22,60861,46.88,13,19.68
3502,284,9222,34.09,5,3145,12.37,1,6.85
3504,13318,114060,63.22,15,72145,59.87,9,19.7
3505,160,5429,87.89,1,4772,87.89,1,8.41
3506,606,8573,19.83,3,1701,0,0,18.33
3507,279,31800,87.08,12,27699,75.26,7,1.53
3508,68564,104312,43.38,29,45271,34.03,13,28.84
3511,8972,79973,56.19,9,44951,52.39,4,20.96
3512,4850,113072,71.86,30,81285,62.95,15,8.6
3515,13415,123544,71.39,21,88219,65.34,9,12.68
3516,3416,59561,75.86,17,45195,68.22,10,6.23
3517,666,5037,13.87,1,699,0,0,24.1
3518,29757,102467,39.06,31,40047,28.46,13,16.76
3519,65148,433985,50.69,48,220085,46.31,18,18.36
3520,48890,68847,37.32,14,25707,28.63,4,20.93
3521,40123,145766,76.15,16,111021,72.11,7,4.93
3522,28174,104096,58.17,26,60571,52.42,16,10.28
3523,7709,64258,84.08,14,54037,78.36,7,4.45
3524,301,20627,66.46,14,13714,39.39,5,2.68
3526,19752,66458,48.99,22,32573,34.2,8,15.77
3527,24974,44445,28.84,12,12823,20.06,5,25.37
3528,4989,66639,70.51,13,46994,64.49,6,10.36
3529,21611,74686,50.51,32,37740,32.87,12,7.67
3530,16135,77476,57.31,13,44411,53.76,8,23.37
3531,1846,61175,80.33,34,49157,60.78,15,4.99
3532,14184,387848,91.36,34,354426,87.98,13,3.98
3533,20124,112535,63.06,49,70990,45.2,18,5.74
3535,44053,79052,28.65,12,22656,22.65,5,38.62
3536,6381,52089,67.89,5,35374,65.11,3,11.35
3537,44282,56243,35.76,15,20125,25.36,6,33.42
3540,58553,72459,22.7,6,16456,22.11,5,38.22
3541,17974,56349,35.48,20,20002,24.52,11,19.33
3543,25031,110263,49.26,44,54329,33.27,16,12.26
3544,580,2469,0,0,0,0,0,40.42
3545,82918,221151,23.78,35,52640,18.84,15,41.0
3546,34681,58427,34.72,19,20302,23.07,7,29.65
3548,40968,67744,32.77,17,22214,24.34,7,34.19
3549,240,1485,0,0,0,0,0,29.99
3550,50054,107550,50.55,30,54383,43.06,18,20.77
3551,14107,62275,48.7,22,30343,34.24,8,28.86
3552,55174,97918,37.78,21,37007,32.42,12,31.87
3554,135,15858,87.29,1,13843,87.29,1,1.7
3555,4574,39999,80.53,9,32215,77.74,7,7.7
3556,65095,63703,15.82,4,10084,13.67,2,44.46
3557,20358,84315,60.29,19,50849,53.14,9,12.19
3558,12469,59061,51.01,10,30136,47.07,6,31.25
3560,194,20405,74.02,9,15107,59.92,4,1.64
3563,37817,63961,50.89,22,32567,36.89,7,25.15
3564,6596,59123,60.18,2,35583,60.18,2,19.71
3566,10587,419621,73.96,150,310433,60.69,57,1.15
3567,34079,33954,18.85,7,6408,7.93,2,36.52
3568,188,10074,72.27,5,7282,46.65,2,3.91
3570,2822,17097,53.87,4,9213,45.21,2,21.47
3571,417,3302,0,0,0,0,0,27.18
3572,331,11817,40.53,4,4792,25.66,2,4.69
3576,222909,1627795,37.51,191,610893,33.06,72,24.29
3577,3824,63966,69.2,29,44278,49.92,10,7.96
3579,6150,9580,74.12,3,7102,65.74,2,15.49
3580,42297,39471,13.51,6,5341,7.1,2,39.51
3581,7138,51006,58.75,16,29976,45.35,6,18.56
3583,30651,83092,60.89,26,50617,50.17,13,21.41
3584,21965,139767,25.19,29,35235,18.16,13,25.75
3585,15923,111679,41.96,16,46875,36.81,6,25.18
3586,88,2458,51.29,2,1261,0,0,7.36
3587,25313,71685,33.93,17,24336,21.81,5,35.51
3588,49628,61993,27.77,13,17228,18.42,5,34.73
3591,52028,145387,55.45,36,80643,50.54,24,18.99
3592,35123,75855,40.13,23,30463,27.13,7,28.41
3593,24574,60825,63.35,17,38548,50.01,4,9.71
3594,19287,95948,53.24,26,51099,42.39,10,15.87
3595,19955,33913,30.17,7,10236,23.33,4,26.24
3596,21850,220354,73.51,74,162036,62.07,33,9.77
3597,2306,39236,64.3,11,25234,56.92,7,10.65
3601,688,34887,52.62,9,18366,40.76,3,3.43
3603,704,24844,70.72,10,17574,64.91,7,4.74
3605,48934,175246,45.64,37,80016,40.22,22,27.25
3606,98,16847,77.4,11,13043,43.23,2,0.73
3607,47190,121662,33.32,36,40552,21.28,14,19.81
3609,7577,38419,51.57,19,19824,28.34,3,9.42
3610,1500,54015,79.65,4,43027,76.71,1,5.1
3611,4876,47555,57.19,12,27210,46.68,4,13.61
3613,1140,63436,66.67,28,42304,50.87,13,3.89
3615,44096,68467,29.73,9,20379,24.59,3,41.32
3616,3446,94650,42.55,35,40291,26.06,10,6.39
3617,7738,94766,67.62,40,64100,53.78,17,10.59
3619,164,7626,27.79,3,2120,15.73,1,4.99
3622,24955,151328,59.41,22,89932,53.65,9,16.62
3623,8471,29186,51.91,3,15154,48.27,1,23.92
3624,37026,117341,59.33,23,69656,52.91,11,23.8
3625,48273,114247,44.54,25,50915,37.25,12,20.48
3627,14083,30991,56.06,9,17376,50.03,5,11.97
3628,7795,45000,59.15,5,26624,56.02,3,17.53
3629,1748,32955,86.89,5,28637,84.01,3,3.05
3630,28070,204192,54.13,15,110543,51.09,5,19.95
3631,1858,81821,80.31,15,65721,74.99,7,4.26
3632,37472,40890,17.2,5,7037,15.58,4,46.21
3633,1925,34024,60.72,13,20666,46.15,5,10.25
3634,218,49600,82.97,13,41166,72.48,6,0.7
3635,399,5051,0,0,0,0,0,15.08
3636,503,6000,87.18,1,5231,87.18,1,4.38
3637,820,29749,77.46,6,23047,71.3,3,4.1
3642,18069,45869,63.39,18,29086,49.5,10,7.54
3643,403,45624,97.85,1,44646,97.85,1,1.09
3644,547,83300,81.27,29,67703,74.39,19,1.34
3645,63384,136754,46.7,50,63880,36.2,24,28.55
3646,36417,39297,48.77,21,19171,19.86,5,9.11
3647,2946,2802,0,0,0,0,0,50.05
3649,275,10819,36.51,6,3952,0,0,4.85
3651,69,69565,95.9,12,66730,89.61,4,0.15
3652,3748,75098,71.57,12,53759,67.58,7,9.39
3653,64092,146733,67.77,41,99470,59.01,19,7.03
3656,3283,58249,77.46,6,45124,75.19,3,7.09
3659,636,54124,87.57,15,47405,80.88,8,2.0
3661,75537,82154,38.91,40,31981,15.37,8,20.28
3662,22519,183478,53.41,26,98010,48.89,11,17.55
3663,24959,108494,61.28,11,66500,57.81,4,22.55
3664,5828,71945,67.02,7,48227,65.15,4,7.72
3665,53897,195078,59.6,83,116294,43.96,34,8.92
3666,28792,138950,83.1,17,115489,79.68,9,6.37
3669,8066,92920,60.2,10,55943,55.85,4,17.73
3671,53,14500,87.86,7,12743,72.48,3,0.41
3672,21175,40790,54.09,19,22078,37.33,8,9.99
3673,83695,406664,45.47,80,185013,37.78,31,25.74
3674,405,17814,71.06,7,12661,65.86,5,5.17
3675,8827,53058,59.13,5,31376,57.32,3,16.92
3678,1080,26422,49.79,12,13161,34.82,5,7.08
3679,5057,63022,65.87,25,41523,54.01,13,12.0
3680,26998,96120,56.61,40,54428,45.15,23,21.08
3681,342,118704,95.07,6,112868,94.38,5,0.55
3684,6344,30305,61.43,10,18622,53.1,6,14.05
3685,12506,79574,59.99,27,47753,45.22,8,8.99
3686,62747,76495,21.5,14,16457,16.57,7,35.17
3687,36397,30061,37.4,6,11249,32.59,4,37.48
3688,3476,99176,67.87,11,67330,65.63,7,6.38
3689,34802,89409,28.1,26,25135,15.66,7,35.47
3690,1359,60356,89.17,6,53829,83.95,1,2.86
3691,14056,91883,58.2,15,53495,53.93,9,20.32
3693,28646,42991,45.45,12,19551,33.58,4,32.79
3694,12733,154929,61.02,22,94552,56.58,9,16.01
3701,50322,236669,73.25,22,173400,70.7,13,15.19
3702,90835,1699026,84.76,325,1440328,80.14,200,5.53
3703,35294,823216,72.49,109,596961,68.3,51,8.31
3704,42900,415445,65.5,79,272201,59.55,40,14.33
3705,27037,266423,68.02,69,181226,60.97,42,10.28
3706,201237,1327212,54.08,139,717961,50.88,71,22.75
3707,83222,396948,49.6,50,196973,46.58,30,28.66
3708,45975,92365,53.16,27,49112,41.82,10,22.96
3709,6811,125569,73.92,22,92853,67.59,9,8.72
3710,48229,287251,31.3,76,89956,21.85,28,16.39
3711,336160,4470572,87.05,801,3892354,81.79,428,5.6
3712,30837,246242,54.08,23,133202,51.61,13,19.72
3713,4294,88099,56.02,31,49364,43.62,11,8.19
3714,167318,737940,40.58,119,299556,34.81,50,26.53
3715,98560,283575,32.19,58,91349,25.17,27,40.25
3716,53877,149766,53.74,33,80510,46.52,15,22.22
3717,47216,210948,45.27,55,95541,35.18,19,19.39
4102,37826,42373,45.7,12,19372,32.71,4,15.22
4104,45088,188367,45.97,26,86628,40.06,8,25.14
4105,53008,248650,47.61,70,118457,37.85,32,18.32
4106,16661,100912,50.55,16,51020,46.23,8,21.91
4107,13545,69298,61.8,24,42838,51.98,14,12.33
4108,55142,198619,30.12,28,59871,24.07,8,23.21
4109,43882,118737,42.95,25,51024,36.08,11,17.96
4111,46664,59832,43.0,25,25739,31.77,14,16.75
4113,20408,231138,74.26,76,171688,63.1,33,4.97
4114,74562,510176,42.78,103,218336,36.42,48,15.16
4115,983,60000,75.59,16,45364,69.37,10,3.26
4116,4602,44566,54.95,3,24492,54.95,3,19.13
4117,6353,70824,54.91,26,38901,37.83,7,14.42
4118,202,29993,90.11,1,27027,90.11,1,1.25
4119,27455,119509,46.44,15,55519,42.94,8,18.35
4120,7733,86747,70.67,20,61319,63.79,12,9.08
4121,51613,83111,49.94,20,41522,44.16,12,24.13
4123,47477,769544,57.48,166,442518,50.55,79,12.06
4125,218,1934,0,0,0,0,0,29.72
4126,22654,72600,63.23,25,45912,53.89,14,15.49
4127,26816,45760,75.94,20,34758,57.37,7,7.69
4128,100762,588171,43.81,71,257778,39.2,25,15.75
4129,34410,96438,58.39,34,56323,46.78,14,11.18
4130,45011,137888,64.33,15,88727,61.95,9,12.74
4131,3551,39879,76.11,5,30361,72.24,2,5.64
4132,42833,187941,46.63,49,87674,38.33,23,11.76
4133,54551,60554,23.53,11,14255,18.53,5,39.88
4135,511,26465,65.43,14,17322,44.13,5,3.75
4136,95,36147,99.3,4,35897,97.87,3,0.34
4137,7352,82492,54.09,16,44638,46.91,6,14.9
4138,21335,39930,51.42,4,20535,51.42,4,25.68
4139,1207,45010,67.89,22,30565,49.57,10,3.42
4140,473,3039,0,0,0,0,0,30.87
4142,85743,429508,39.52,80,169813,32.86,35,22.35
4147,48007,273202,52.69,69,143969,43.2,28,13.86
4148,2310,67236,78.8,10,52987,78.04,9,5.83
4150,31299,147218,41.81,53,61597,27.15,15,9.74
4151,642,50026,78.35,13,39203,71.12,7,2.65
4153,5325,58668,76.38,15,44823,71.84,11,8.83
4154,898,38390,76.98,16,29560,65.87,8,2.93
4155,35683,144684,43.33,38,62723,33.48,15,16.99
4156,896,56540,71.86,14,40636,67.5,10,4.17
4157,32468,711834,58.7,110,417979,52.41,36,9.11
4160,34464,26690,29.63,3,7910,25.36,1,32.39
4161,5264,59808,44.09,24,26375,26.74,8,11.53
4162,47314,145678,45.66,22,66546,39.81,9,21.62
4163,25099,50680,70.39,22,35686,62.52,15,9.54
4164,19178,195311,51.43,52,100494,42.44,24,16.62
4166,4198,243035,82.17,25,199747,79.19,13,3.35
4167,56508,310444,40.43,69,125576,33.58,34,16.67
4168,50507,112521,26.07,23,29363,20.01,10,22.94
4169,3811,66432,54.67,23,36329,46.12,13,9.28
4170,6537,43771,57.63,15,25232,42.33,6,9.48
4171,37762,58057,32.71,10,19006,27.67,6,25.76
4172,24373,119576,39.25,26,46959,29.96,8,11.37
4173,30224,74574,44.71,7,33351,40.0,1,20.69
4174,42309,131580,43.24,35,56930,34.49,17,23.76
4175,11542,42323,56.05,7,23724,54.98,6,22.66
4177,2160,62805,59.03,17,37091,48.19,6,7.92
4178,5095,215867,78.23,47,168931,72.41,26,4.31
4181,1745,2138,0,0,0,0,0,59.55
4183,1207,23800,62.28,13,14828,42.82,5,8.86
4184,644,39183,92.03,1,36064,92.03,1,1.69
4186,4796,90000,45.49,35,40964,27.13,10,10.41
4188,4737,63333,54.31,12,34404,47.92,4,12.07
4190,16857,61446,65.78,12,40426,62.19,9,15.74
4191,2529,100170,63.05,31,63165,48.78,9,5.6
4192,4702,35164,68.0,3,23918,66.6,2,13.84
4193,5424,67616,49.22,25,33296,33.69,6,3.86
4194,3357,145974,76.67,24,111927,73.12,14,5.35
4195,28691,80000,38.95,23,31175,31.23,13,16.76
4197,2299,30181,65.58,21,19797,40.09,7,5.56
4198,2747,24108,80.19,4,19333,76.13,3,6.73
4205,11065,97649,65.9,32,64382,58.91,21,14.5
4207,8875,198538,71.67,50,142336,63.95,24,5.61
4303,35686,94605,18.77,9,17780,13.56,2,35.8
4304,3558,61038,81.9,15,49998,74.64,7,3.89
4305,1694,55014,84.73,26,46626,74.81,19,4.44
4306,91762,676757,56.25,111,380767,50.49,44,10.46
4401,12804,122692,62.05,50,76157,46.94,23,8.96
4402,41304,67992,65.98,17,44867,60.34,10,8.22
4404,7883,112286,35.72,25,40130,26.89,7,14.69
4406,1580,51912,75.36,20,39131,59.81,7,3.66
4408,4017,67628,35.72,14,24170,30.35,8,12.67
4413,1670,31315,69.28,15,21699,52.58,6,4.7
4414,23145,263796,63.76,49,168253,56.3,17,9.42
4415,4363,43577,85.04,11,37066,76.68,5,6.77
4416,1898,73586,79.28,36,58359,67.1,21,4.17
4417,8465,83971,46.13,20,38758,37.07,7,16.97
4419,5237,169163,96.85,7,163871,95.09,3,0.77
4420,8354,40455,59.14,8,23931,54.11,4,23.92
4424,2558,60106,66.3,16,39856,62.05,11,5.48
4426,9783,172677,61.38,31,106010,54.08,12,10.47
4427,967,212542,87.41,55,185828,78.71,24,0.93
4430,8740,56274,63.3,20,35626,53.29,11,16.08
4431,2199,36536,66.99,4,24481,61.6,1,11.55
4432,5009,50589,55.2,12,27930,45.44,4,12.1
4433,10215,61300,57.06,11,34991,52.24,6,16.56
4438,4642,113425,66.28,39,75199,50.12,10,7.17
4439,1210,38115,78.55,14,29942,69.84,9,4.94
4440,4012,67598,56.85,44,38444,27.75,11,13.03
4441,2205,68176,72.48,28,49423,60.35,14,4.79
4442,916,32313,77.66,20,25102,42.83,4,4.21
4502,3931,57470,69.68,14,40054,58.16,4,6.06
4503,6800,78313,65.0,13,50916,59.8,6,13.12
4506,11493,177012,79.99,27,141623,74.83,12,8.38
4510,60736,108978,37.72,21,41141,30.78,7,35.99
4513,44758,134362,53.26,13,71571,50.13,5,17.01
4523,35677,64949,59.21,18,38470,51.3,9,13.21
4526,61177,254826,50.76,64,129392,43.14,34,24.64
4527,4493,76152,66.61,25,50730,61.67,18,10.07
4528,13697,84166,62.85,13,52909,60.36,9,19.18
4529,8892,84549,58.53,14,49510,52.78,5,12.16
4530,7191,35795,73.04,6,26153,64.46,1,6.05
4532,19892,494895,69.77,92,345400,64.53,53,8.22
4533,69642,158434,29.39,26,46594,23.07,8,36.5
4534,20654,86789,38.55,22,33477,27.76,6,24.87
4535,7190,75662,77.36,21,58553,69.57,12,4.83
4536,7682,90820,55.55,42,50473,37.17,14,13.12
4537,2104,78840,82.0,16,64659,76.98,10,4.14
4538,1717,59470,80.3,15,47763,71.54,7,3.94
4540,41542,115187,31.89,21,36758,26.45,12,40.54
4541,44451,67647,35.83,20,24254,25.27,8,30.17
4542,4356,35171,54.94,23,19333,27.1,7,14.47
4543,22402,59772,46.78,13,27967,42.26,9,24.28
4544,1595,60290,67.44,20,40672,49.87,2,1.86
4545,21341,77000,73.17,8,56354,70.91,5,9.55
4546,1298,33775,60.07,12,20293,48.78,5,6.37
4547,302,23349,84.76,7,19792,72.34,2,2.65
4549,7803,57002,61.62,13,35134,58.74,10,17.82
4550,3246,37839,55.74,11,21099,49.01,7,15.23
4551,5433,115222,79.2,29,91283,73.0,18,6.52
4552,28611,116000,50.08,20,58109,44.08,8,12.1
4553,494,33020,86.84,14,28677,76.78,8,2.54
4554,2460,26327,52.18,7,13739,50.62,6,14.84
4555,4246,69988,71.23,15,49860,65.67,8,10.51
4556,2579,42303,76.57,12,32396,73.44,10,7.64
4557,27590,47972,44.29,21,21258,28.56,8,12.7
4558,1613,50000,73.03,32,36525,50.01,13,6.41
4559,647,60000,88.05,17,52844,79.9,10,1.97
4560,2452,68097,86.59,12,58983,83.57,9,3.41
4561,9011,58522,58.21,12,34075,52.04,7,25.02
4562,12444,87546,51.97,12,45510,50.03,9,28.94
4563,6642,54950,54.26,11,29826,49.6,7,21.92
4564,47236,232788,43.04,55,100247,35.94,27,19.12
4565,1420,61740,79.99,24,49394,66.12,12,2.32
4566,26357,110091,52.26,21,57561,48.74,15,26.48
4568,1610,31730,68.7,8,21804,59.34,3,7.41
4569,2145,30600,66.47,11,20345,52.36,5,7.91
4570,196,44000,95.02,16,41817,87.5,12,0.59
4571,6327,53017,66.12,21,35066,55.48,11,15.04
4572,3606,40000,64.19,11,25680,61.91,9,9.79
4573,10715,41697,42.26,14,17625,30.78,6,24.71
4575,806,38668,68.47,17,26483,53.48,8,3.31
4576,24466,119802,66.51,30,79699,60.12,19,17.72
4577,6671,49138,63.52,11,31217,56.66,5,20.12
4578,691,20300,97.0,3,19693,92.28,2,1.48
4580,5095,46803,49.2,17,23034,37.62,10,18.42
4581,1681,33899,62.95,15,21344,46.35,8,8.97
4582,2725,75480,55.89,25,42206,43.92,11,7.67
4583,6812,80171,86.95,10,69720,81.82,4,4.3
4584,1052,30002,80.09,13,24034,69.26,9,4.23
4585,18902,104609,76.7,3,80246,76.14,2,16.33
4587,1019,33000,88.24,5,29120,88.24,5,3.47
4588,5240,42985,50.48,15,21709,39.98,9,21.03
4589,613,25968,69.03,11,17930,45.36,1,3.75
4590,10147,54838,49.85,19,27346,36.9,9,16.05
4609,1753,47947,76.02,25,36458,63.38,15,3.98
4702,14372,72333,51.15,8,37010,46.49,2,22.82
4703,9153,65750,26.08,7,17164,22.53,3,26.95
4706,2173,79030,82.5,15,65216,76.99,8,2.55
4707,27564,403715,70.6,62,285103,63.92,21,8.5
4711,7665,61056,60.01,10,36653,53.42,4,15.81
4712,3612,18423,45.99,2,8473,43.69,1,17.23
4714,51437,178088,23.15,24,41267,16.27,5,27.29
4716,42560,94427,38.46,31,36331,25.82,12,19.52
4717,1001,155,0,0,0,0,0,99.98
4720,14244,114516,38.73,24,44376,34.93,15,25.48
4721,58051,74986,36.25,17,27192,29.69,8,38.9
4722,14229,103765,58.85,49,61096,42.55,20,11.19
4724,3157,95976,57.99,25,55676,46.2,8,7.79
4726,13099,207042,57.76,42,119625,50.21,15,12.78
4727,349,7278,18.79,3,1368,0,0,8.58
4728,17011,54463,84.51,36,46041,64.13,18,2.37
4729,7298,79227,53.43,13,42350,48.38,7,18.02
4730,1063,27868,69.84,13,19466,57.91,7,4.79
4732,1594,49485,66.43,30,32875,46.3,13,6.43
4734,371,10237,14.95,2,1532,0,0,6.16
4735,37793,41569,53.37,15,22188,42.94,8,19.62
4736,14316,95374,49.9,15,47611,44.87,8,23.52
4737,11048,77398,60.9,25,47143,48.52,9,6.09
4738,3684,77596,58.26,7,45215,54.05,1,11.85
4739,55403,124651,45.95,33,57290,37.59,15,25.11
4741,11527,34812,53.23,13,18536,43.51,6,12.71
4743,81752,480416,45.67,73,219456,41.29,34,17.74
4744,33363,56948,52.06,26,29659,34.29,11,12.64
4745,3162,69706,64.86,25,45222,56.81,16,7.58
4746,43584,120256,42.01,39,50544,30.92,18,21.65
4747,2137,45461,66.05,23,30038,50.23,11,6.46
4749,55238,92733,38.13,30,35378,24.69,10,29.83
4752,1066,84413,89.55,6,75611,86.97,2,3.03
4754,23153,30283,36.69,6,11112,28.46,3,24.03
4755,8106,100706,71.2,20,71722,64.81,9,10.86
4758,396,29217,92.13,6,26925,84.79,2,1.23
4760,9910,32218,44.64,12,14387,34.76,6,20.39
4762,139,20720,99.67,8,20653,97.29,7,0.25
4763,55975,989147,60.09,107,594630,56.14,46,11.38
4764,7105,85542,74.35,30,63614,63.86,16,8.35
4765,926,32133,55.08,16,17705,39.21,6,5.92
4766,11436,120571,69.81,27,84199,63.68,15,9.65
4767,908,31415,64.08,12,20134,46.87,5,5.01
4768,16690,47488,34.98,16,16621,19.49,4,29.54
4770,9818,79976,62.88,22,50305,59.43,18,14.44
4771,4287,58719,59.08,22,34702,45.6,9,10.19
4772,34116,147682,48.82,25,72126,41.84,9,24.51
4773,228,72709,94.99,14,69091,92.29,11,0.25
4801,786,47201,98.7,2,46594,97.82,1,0.23
4802,296,18854,87.92,2,16579,85.36,1,2.38
4803,5716,59069,57.43,8,33936,55.13,6,14.81
4804,30107,71992,62.0,11,44648,54.88,3,10.09
4806,17831,99947,88.88,10,88843,85.88,4,2.08
4807,14587,48996,70.91,18,34752,63.34,12,9.05
4903,45908,105344,45.27,13,47709,39.99,4,29.69
4904,87063,3607025,93.64,382,3378191,91.14,243,2.56
4905,2035,29260,81.61,18,23883,63.65,10,6.01
4906,92206,451846,32.84,83,148489,27.47,43,29.54
4907,2983,118146,84.95,8,100387,83.76,6,3.7
4908,33587,78217,56.26,22,44020,45.83,11,25.19
4909,64609,93357,25.96,13,24240,21.74,7,42.86
4911,3504,63720,57.56,19,36687,46.72,8,8.41
4912,26126,66993,51.21,25,34316,36.97,7,14.93
4913,476,9669,25.74,3,2490,0,0,12.0
4914,226,10000,77.04,5,7705,61.66,2,4.01
4915,28346,471881,66.58,138,314249,58.36,80,12.38
4916,68256,124083,43.64,28,54183,39.56,19,32.37
4919,62197,451059,68.67,53,309832,64.84,25,18.9
4920,107,41779,93.69,6,39149,86.74,1,0.35
4922,4568,45013,25.41,12,11446,11.79,2,17.25
4923,30891,35708,34.35,13,12273,21.32,5,22.75
4924,1368,37164,70.62,18,26256,56.31,10,5.49
4925,5376,70894,48.35,31,34302,30.72,10,12.8
4927,61153,264938,27.53,56,72972,20.9,26,26.62
4929,384,234,0,0,0,0,0,38.45
4930,33973,80000,63.6,13,50892,58.83,7,18.09
4931,62434,65566,31.42,22,20609,14.61,4,44.7
4932,311,2020,0,0,0,0,0,40.02
4933,5753,82620,63.83,12,52753,59.66,6,12.7
4934,71383,225000,33.97,24,76467,28.16,4,24.71
4935,8075,128864,62.68,25,80803,56.83,14,13.62
4938,150611,2682044,79.47,400,2131776,75.22,220,9.69
4939,64015,98201,33.8,22,33214,24.49,6,35.48
4942,6627,142368,62.94,42,89627,54.52,22,10.47
4943,22127,126694,64.32,27,81509,53.36,6,14.37
4946,8378,8853,42.58,1,3770,42.58,1,37.9
4949,11475,67752,52.65,28,35687,40.89,13,21.19
4950,6676,57729,71.76,4,41437,68.13,1,6.38
4951,11594,34149,19.18,8,6555,4.48,1,32.96
4952,14963,108816,51.29,8,55826,48.76,3,26.25
4953,34410,73147,49.55,21,36270,39.57,8,22.85
4956,42626,100408,38.14,19,38310,32.11,9,33.65
4958,167701,1079421,74.42,232,803426,67.48,114,13.24
4960,90995,571705,62.42,89,356971,57.72,48,15.69
4961,42774,121254,42.41,29,51456,32.87,12,30.56
4963,445,75455,83.64,9,63121,82.03,7,1.43
4966,27774,78958,40.29,31,31831,23.64,11,23.14
4967,65915,95641,22.33,22,21365,11.74,6,48.05
4968,57424,92210,16.6,14,15320,9.99,4,47.86
4969,11537,190978,55.63,56,106284,44.91,23,6.89
4971,35089,39986,33.0,19,13204,7.06,2,30.16
4972,15731,56889,49.13,21,27961,36.23,10,24.77
4973,48184,65293,31.49,18,20579,20.26,6,36.36
4974,43069,72500,43.12,8,31273,39.73,3,29.44
4975,1026,326577,96.31,11,314557,95.92,8,0.73
4976,42587,141351,31.94,19,45169,26.61,7,32.39
4977,49529,80190,17.15,11,13769,8.7,1,50.88
4978,67,5000,82.32,1,4116,82.32,1,2.2
4979,86607,142791,40.31,38,57601,28.44,12,36.12
4980,2387,45204,58.12,14,26282,50.4,7,10.72
4987,1886,31878,80.38,1,25626,80.38,1,8.57
4989,41758,137776,24.28,23,33483,17.59,9,48.09
4990,3289,102737,53.38,32,54862,43.95,17,7.95
4991,47977,120947,59.56,41,72052,46.07,15,20.17
4992,1034,210050,82.08,38,172445,76.89,22,1.01
4994,2252,66383,85.41,29,56711,79.01,22,3.41
4995,5174,42592,66.34,21,28266,51.31,11,8.75
4996,784,99070,77.8,37,77094,65.91,19,0.92
4997,272,14665,42.96,8,6303,17.41,2,3.49
4999,46342,74417,40.93,25,30472,27.29,10,26.15
5006,14045,97071,10.19,8,9902,7.78,3,21.34
5007,4927,294940,87.82,45,259076,84.54,28,2.01
5009,82396,602471,49.42,98,297850,44.99,52,18.4
5011,34206,100674,45.89,29,46219,34.62,11,16.12
5013,9060,133416,86.96,44,116041,80.49,31,2.35
5014,52527,183265,37.3,51,68386,26.69,20,20.26
5015,26756,60639,51.89,19,31482,42.13,9,20.31
5016,2854,49622,65.98,15,32751,59.96,10,10.67
5017,6877,321,0,0,0,0,0,82.2
5201,13699,38675,58.17,20,22505,33.0,6,10.5
5202,44175,89094,54.1,14,48208,48.73,7,18.0
5203,31694,79343,44.83,20,35582,33.58,6,18.55
5204,1379,6414,18.45,1,1184,18.45,1,20.32
5205,1754,13500,74.44,2,10051,71.26,1,7.76
5206,3657,171518,85.18,30,146150,80.18,15,3.03
5207,2911,15834,38.6,8,6114,14.82,2,12.01
5209,4122,28567,55.34,4,15813,53.29,3,18.35
5210,39272,82178,42.76,16,35150,34.55,5,13.56
5211,7628,32025,47.96,12,15361,40.88,7,23.47
5212,10057,34633,79.88,16,27666,67.03,9,6.36
5213,21593,721334,86.19,82,621921,84.29,58,4.52
5215,5495,64338,52.85,22,34015,42.71,11,16.49
5216,401,17847,82.4,11,14710,57.64,4,2.85
5220,7726,39667,43.55,19,17284,19.61,5,16.94
5221,347,5573,11.3,1,630,0,0,15.82
5222,33554,91095,32.8,25,29896,22.88,10,27.69
5223,2825,44550,63.04,13,28093,54.1,7,13.66
5225,8646,79136,45.9,12,36337,39.28,4,20.88
5226,400,23300,52.74,11,12293,31.51,3,4.34
5227,58568,68000,19.51,8,13283,12.87,2,36.1
5228,3304,38056,56.09,13,21353,48.18,7,14.17
5229,129,58238,96.46,13,56185,89.33,6,0.41
5230,29500,55977,25.21,17,14121,10.33,4,30.36
5233,3000,277249,85.35,23,236705,82.42,10,2.36
5234,11425,102716,65.41,20,67207,59.31,9,9.42
5236,7058,60004,62.55,6,37540,60.89,4,16.13
5238,692,67296,83.45,15,56167,78.59,9,2.2
5239,601,24700,30.08,8,7434,16.98,3,5.26
5240,514,26582,55.6,17,14783,30.36,5,2.75
5242,1117,124895,72.27,45,90289,58.57,18,1.89
5243,30273,168529,59.96,34,101075,52.82,15,19.42
5244,10149,68242,47.92,32,32713,28.98,11,20.22
5245,3978,45127,57.84,18,26113,40.74,7,16.59
5246,9021,44793,35.53,11,15921,27.21,4,25.92
5247,511,75000,75.92,12,56951,68.74,5,1.47
5248,1854,24500,66.23,6,16227,64.23,5,13.82
5250,209,39107,97.08,1,37967,97.08,1,1.0
5251,35370,33733,34.63,5,11689,29.21,2,37.98
5253,224,40943,81.05,20,33194,58.2,5,0.96
5254,700,22607,75.83,8,17146,70.48,6,5.08
5256,1873,71602,69.68,25,49908,61.23,15,4.55
5257,809,132750,79.64,27,105735,73.71,13,1.25
5258,25993,110365,49.81,39,54992,36.16,14,16.8
5259,2366,43563,82.06,8,35757,74.45,3,5.69
5262,8078,52699,54.39,23,28675,31.97,5,6.16
5263,26689,73937,55.76,30,41241,45.51,16,12.48
5265,123,1207,0,0,0,0,0,22.11
5267,1397,25300,62.14,13,15723,46.59,5,8.76
5269,40177,74157,55.49,10,41168,51.61,5,26.55
5271,8146,63472,29.48,13,18728,20.52,4,24.81
5272,45795,55276,24.01,15,13281,10.26,3,36.63
5274,38639,37803,34.37,13,13006,19.36,3,11.75
5275,144,10264,30.86,6,3169,0,0,2.11
5276,997,39500,88.06,6,34792,85.29,4,4.46
5278,4512,300000,82.29,70,246914,77.12,45,2.79
5282,278,25006,85.81,10,21463,59.25,1,0.6
5283,27537,87601,60.79,23,53270,53.42,14,20.48
5284,9188,52893,56.1,11,29683,52.08,7,17.25
5285,11932,102041,61.27,33,62546,50.66,17,19.52
5286,910,14745,79.97,6,11795,69.95,4,4.81
5287,9995,60311,59.32,22,35790,47.17,10,21.42
5288,3206,69699,69.2,15,48245,59.84,4,7.52
5289,59161,96359,40.47,32,39012,26.93,10,24.05
5291,5215,39891,49.17,23,19623,22.28,5,21.37
5292,7162,42108,54.0,18,22748,38.18,7,15.38
5294,60,82,0,0,0,0,0,86.86
5295,156,29140,86.34,15,25168,71.08,8,0.75
5296,469,21595,35.92,7,7760,27.24,4,5.13
5297,8294,37652,21.16,10,7972,10.87,3,34.05
5299,16313,50889,51.55,10,26244,44.98,5,25.4
5301,4055,65890,80.59,10,53114,74.55,4,4.96
5302,12905,159888,51.02,21,81610,45.54,6,17.23
5304,32316,326962,88.1,23,288105,86.33,13,6.18
5306,12354,126001,68.9,22,86824,64.41,11,12.64
5307,35161,423263,41.14,93,174180,32.15,31,16.04
5309,70650,230883,40.24,33,92951,33.43,10,32.23
5310,7203,28944,58.49,15,16935,38.38,5,6.51
5312,5805,60060,55.58,17,33388,50.7,13,13.61
5314,50571,292000,45.8,38,133761,42.14,20,26.65
5315,51202,106352,33.66,30,35817,23.48,13,22.09
5321,8218,53180,60.53,23,32201,46.1,10,13.54
5324,21438,226379,79.07,46,179052,73.13,24,5.01
5325,20429,55524,33.44,8,18575,27.5,3,38.13
5328,65663,172711,46.65,25,80604,42.83,14,30.26
5336,2962,2224,0,0,0,0,0,68.94
5340,27259,194894,61.47,34,119854,53.79,9,20.84
5344,6793,79447,75.57,7,60049,73.54,4,10.5
5345,6354,37795,78.97,2,29850,78.97,2,6.84
5346,263587,1366161,37.59,304,513779,27.99,88,20.14
5347,103217,1867392,85.09,242,1589571,81.54,139,7.29
5348,1798,14776,56.32,6,8324,40.79,2,9.25
5351,116086,328472,32.89,55,108106,26.32,24,33.52
5353,6851,75765,54.84,29,41561,37.82,10,14.58
5355,32705,166123,70.25,44,116717,62.63,25,7.21
5356,52917,103040,44.12,23,45472,39.63,16,22.04
5364,7410,63850,69.97,14,44683,61.31,3,5.83
5371,100202,390981,43.57,53,170440,39.11,25,32.22
5372,5398,48620,23.53,13,11444,12.37,4,24.44
5376,3812,33732,33.68,9,11368,23.82,3,17.23
5381,26911,207835,55.48,31,115357,48.9,10,19.11
5385,8323,11156,23.79,2,2655,18.19,1,43.97
5386,27446,36081,35.64,6,12867,28.28,2,34.72
5387,141687,45000,91.33,2,41102,90.19,1,7.17
5388,33436,304343,53.14,103,161785,42.31,50,19.39
5392,66556,176562,34.5,19,60968,29.24,5,32.82
5395,2243,1760,0,0,0,0,0,41.07
5398,38057,49465,57.56,19,28479,43.78,9,7.75
5403,9775,78176,46.58,34,36427,29.91,12,19.56
5410,56742,92707,37.62,23,34897,27.97,10,27.16
5414,5083,68584,59.7,20,40958,48.09,7,10.26
5425,89623,263485,40.52,48,106826,33.83,24,34.99
5426,36339,143800,56.18,23,80809,53.5,17,21.64
5432,5550,20688,54.1,4,11196,51.4,3,28.3
5434,30614,193944,53.53,70,103853,39.91,30,14.69
5438,38134,112537,75.35,12,84807,74.15,9,9.93
5439,32646,92977,49.06,33,45625,37.18,16,25.43
5442,4831,64865,20.62,12,13385,14.59,5,16.15
5443,67720,164747,39.87,22,65707,34.79,7,37.08
5450,11741,122403,81.43,12,99688,78.42,6,5.44
5452,69929,148764,42.28,20,62922,38.85,10,29.72
5455,3490,65502,93.99,25,61570,89.0,20,1.66
5457,16404,196455,54.7,35,107489,49.29,18,16.26
5460,31681,58778,56.19,28,33037,38.19,12,16.04
5464,4654,71071,72.05,27,51219,57.16,12,8.33
5465,7967,147683,71.92,16,106237,68.79,8,11.29
5467,1837,85557,86.39,11,73931,82.79,6,2.84
5468,4920,58923,71.19,15,41962,63.68,8,9.87
5469,37903,486166,70.77,81,344078,66.33,46,12.46
5471,64182,167877,30.3,42,50908,20.74,16,35.38
5473,2490,3043,0,0,0,0,0,78.19
5474,8132,39757,56.66,8,22534,48.5,4,26.04
5475,52185,127127,39.61,24,50380,33.97,12,32.49
5478,41254,156074,79.38,30,123935,72.91,16,9.61
5481,42567,71403,64.53,23,46086,52.45,10,8.34
5483,124909,641222,59.48,150,381513,52.61,80,20.3
5484,34620,66801,38.01,11,25402,34.13,7,38.67
5487,7187,24223,71.08,15,17222,47.54,7,7.43
5488,40574,91586,45.03,29,41256,36.64,15,15.43
5489,3074,102706,85.2,13,87518,82.7,8,4.21
5490,70065,96152,35.46,25,34116,26.79,11,24.07
5492,1376,71419,98.66,1,70463,98.66,1,1.04
5493,5675,43689,44.69,18,19534,23.46,4,19.37
5497,4840,65328,26.12,14,17079,15.5,4,16.92
5498,70800,193549,35.35,22,68479,32.12,12,37.89
5501,6097,21200,28.1,4,5959,24.3,3,20.16
5505,5929,138832,65.6,47,91103,50.89,15,7.02
5506,7580,152545,66.77,34,101882,58.45,12,6.12
5508,19166,217428,68.64,18,149278,65.91,8,14.93
5511,6130,113440,64.43,37,73115,53.33,17,9.26
5512,79262,766312,60.8,149,465977,54.47,70,9.27
5514,10450,236118,92.41,51,218240,87.52,32,1.22
5515,12062,201600,70.14,58,141467,61.83,30,8.26
5516,1809,51545,70.97,15,36593,60.51,7,4.59
5519,17332,219197,58.04,45,127265,51.51,21,16.45
5520,1220,59975,83.75,23,50242,73.58,12,2.17
5521,64216,492280,56.83,91,279881,51.85,52,10.54
5522,16532,781596,89.54,59,700006,87.21,32,3.81
5523,2631,155001,92.1,32,142804,88.56,23,1.45
5524,3916,58669,30.68,22,18012,11.6,4,16.09
5525,4697,318105,88.38,69,281204,84.12,49,1.99
5529,11361,101837,73.79,19,75166,68.32,10,5.1
5530,12762,420084,82.37,46,346114,79.79,28,4.83
5531,15021,977589,86.07,84,841550,83.43,39,3.2
5532,821,17804,31.03,8,5527,5.88,1,4.86
5533,5738,285245,79.85,77,227819,70.76,34,3.51
5534,22911,315326,69.44,88,219039,60.12,44,11.54
5536,28076,124081,59.55,64,73921,37.24,18,11.47
5538,1331,201203,94.06,20,189289,93.04,17,1.0
5541,86,26427,82.05,10,21689,76.05,7,0.26
5543,1114,46704,72.45,29,33844,46.27,9,2.89
5546,1339,82353,85.16,19,70153,77.98,9,2.49
5547,1358,45288,65.82,13,29820,54.69,6,5.04
5548,2310,57824,64.18,17,37129,57.24,11,5.95
5601,864,64800,78.8,43,51072,48.82,12,1.19
5603,29690,104877,56.42,21,59191,52.47,14,17.71
5604,11095,108783,67.08,44,72987,53.81,21,7.13
5607,18036,370553,75.41,57,279525,68.48,18,6.55
5608,90521,389276,28.75,52,111988,23.72,19,30.68
5609,38306,142884,52.52,47,75074,45.88,31,23.41
5701,52311,143000,52.93,18,75724,48.27,7,17.53
5702,1937,5294,0,0,0,0,0,45.88
5703,1993,70240,88.29,25,62024,83.83,19,3.61
5704,3561,58862,83.82,23,49347,79.45,19,7.22
5706,28225,84911,39.92,15,33906,35.26,7,30.14
5810,48687,916440,72.85,99,667803,68.96,39,7.71
5859,3616,1450278,96.76,46,1403762,96.13,31,0.51
5863,27004,320202,81.57,44,261233,77.22,23,5.16
5864,13088,454496,71.28,116,324046,62.25,49,5.16
5871,115037,1711421,69.3,351,1186468,63.37,189,10.66
5871A,8243,150000,69.66,46,104518,60.83,26,5.05
5876,54833,4861603,86.88,825,4224777,81.21,372,1.69
5878,1828,25024,72.29,11,18094,60.04,6,11.93
5880,422764,15680937,73.0,1813,11449267,68.97,733,4.9
5901,5002,22907,77.87,2,17837,77.87,2,8.64
5902,2560,94500,85.16,16,80498,81.27,10,3.51
5903,17521,223220,91.4,25,204069,89.09,17,5.35
5904,24201,106444,70.07,49,74607,51.65,18,8.19
5905,46486,281623,46.52,42,131090,40.78,16,16.87
5906,957,35741,87.6,10,31315,82.48,7,1.76
5907,5616,195531,69.57,27,136042,65.29,13,6.68
6005,109142,2170908,74.86,264,1625410,71.71,153,7.67
6015,73364,402901,52.28,86,210692,45.93,42,12.11
6016,76625,686596,53.76,144,369307,46.94,64,10.26
6020,1965,252353,96.59,10,243764,95.94,8,0.88
6021,4162,312231,90.02,45,281128,86.5,27,1.55
6023,13786,319976,87.01,23,278490,85.28,13,4.36
6024,16920,249938,68.72,31,171801,64.06,10,11.0
6026,43551,396162,50.94,94,201877,42.57,40,10.52
6027,830,155720,95.38,9,148561,93.86,6,0.48
6028,1655,25000,64.24,12,16063,50.64,5,9.04
6035,2288,71386,93.98,20,67099,83.93,9,2.21
6101,2731,115564,89.2,40,103099,79.61,25,2.98
6103,3171,13605,91.11,5,12397,83.84,3,4.32
6104,57275,91127,19.0,16,17333,8.67,3,45.08
6107,5299,87438,40.82,17,35710,34.56,8,13.8
6108,61000,154494,51.82,41,80104,42.65,20,15.85
6109,33971,87825,49.65,31,43623,38.37,17,13.03
6110,2636,29376,18.41,7,5412,7.18,2,14.26
6111,45741,109091,44.4,23,48441,40.12,16,24.9
6112,34753,188357,58.65,13,110518,55.56,5,20.98
6113,8422,52549,53.79,9,28272,52.09,7,21.1
6114,5451,43912,74.04,9,32521,65.48,3,9.21
6115,14282,187662,61.74,33,115900,56.35,17,16.57
6116,365198,2858655,46.56,193,1331577,44.31,84,24.58
6117,14716,92587,53.8,14,49818,49.06,7,25.43
6118,9221,90890,57.19,16,52000,51.7,9,19.75
6120,60327,599000,60.56,73,362876,56.45,32,12.72
6121,18866,184971,68.1,84,125999,50.86,33,10.84
6122,36135,78092,29.55,18,23093,20.48,8,28.93
6123,10445,62089,42.49,19,26397,33.37,9,20.75
6124,9078,182480,93.71,18,171036,92.3,14,4.37
6125,92230,259011,36.41,35,94323,31.64,16,35.51
6126,71816,129898,39.78,29,51705,32.66,15,32.61
6127,75184,108080,22.58,20,24427,15.67,7,47.75
6128,7708,127589,58.59,25,74793,53.59,15,11.8
6129,75938,180944,16.1,14,29164,13.43,5,37.41
6130,29348,46300,62.59,14,28983,50.43,7,8.01
6131,5937,34793,41.17,9,14331,29.61,3,17.04
6132,4754,64154,35.29,25,22649,15.59,5,15.79
6133,22407,117006,47.53,20,55623,44.17,13,23.66
6134,18065,81882,58.12,21,47607,48.1,8,19.06
6135,7565,76189,38.39,12,29253,34.21,6,13.38
6136,45844,115536,44.52,35,51461,32.69,13,20.6
6137,11248,101379,38.73,29,39282,26.61,9,15.27
6138,26276,75636,50.43,28,38162,30.68,6,18.21
6139,40735,235576,67.75,74,159641,56.87,36,13.36
6140,10104,54898,46.55,17,25569,34.47,7,26.93
6141,16107,113354,50.53,34,57299,39.29,15,18.39
6142,48865,330779,59.08,60,195470,50.93,15,10.32
6143,54317,86059,32.05,22,27606,19.11,5,40.13
6144,1515,38274,89.55,3,34277,89.55,3,5.5
6146,20620,101867,57.21,32,58300,44.12,11,14.2
6147,137874,744594,71.61,152,533277,66.36,90,17.34
6148,28042,46604,37.16,9,17325,33.68,6,34.33
6149,3075,31880,39.03,7,12445,35.09,5,15.85
6150,40506,48346,14.8,5,7161,11.78,3,45.88
6151,19426,55257,36.23,18,20028,20.53,6,24.09
6152,42133,167738,24.08,29,40422,16.93,10,27.7
6153,79439,636178,50.05,103,318572,44.01,39,16.95
6154,10900,80080,63.27,21,50676,54.44,10,16.38
6155,12983,88024,62.41,29,54952,52.27,16,20.18
6156,36279,107875,42.07,21,45403,36.84,12,18.61
6158,36598,55698,43.17,16,24058,34.47,9,21.38
6160,45301,68489,39.17,17,26841,29.69,7,25.88
6161,23599,56237,39.39,5,22164,35.28,1,26.46
6162,3809,79774,51.97,24,41467,43.87,13,10.15
6163,47650,148839,44.0,31,65512,38.34,17,25.34
6164,46145,80000,25.59,24,20489,12.37,5,30.26
6165,41408,77753,47.65,24,37064,35.74,11,13.64
6166,11623,217779,78.21,63,170402,68.87,30,6.9
6167,29177,146000,43.78,34,63947,36.4,17,19.1
6168,34289,205762,45.3,20,93259,43.33,13,26.89
6169,40961,23395,30.31,4,7094,26.44,2,30.67
6170,33003,97260,56.48,24,54955,49.08,12,16.75
6171,2385,100000,87.72,23,87734,79.36,11,3.04
6172,1902,30000,88.76,9,26631,82.71,7,5.51
6173,41446,171200,70.39,33,120540,63.15,14,16.43
6174,8382,50000,64.38,15,32195,56.87,8,14.92
6175,21323,150122,63.7,27,95655,57.6,12,22.53
6176,70343,465027,53.82,128,250345,45.63,68,22.96
6177,21099,471891,75.25,126,355170,67.3,68,6.63
6179,50468,177325,38.24,44,67844,28.54,16,19.09
6180,56534,175494,50.72,32,89041,46.04,20,26.81
6181,3951,45630,11.85,6,5414,6.88,2,16.6
6182,156172,593641,40.21,104,238786,35.75,61,29.16
6183,37385,150000,77.43,32,116163,71.06,17,5.77
6184,7719,162128,72.39,30,117396,67.83,18,8.72
6185,46592,149868,53.4,48,80049,40.1,16,14.21
6186,57435,194908,52.14,33,101665,46.61,16,13.2
6187,57671,98263,53.34,47,52434,36.1,18,18.96
6188,70178,278359,43.97,36,122419,38.25,11,31.22
6189,64804,263826,34.19,68,90272,23.65,29,28.09
6190,59482,194021,36.22,39,70316,29.57,19,34.57
6191,86555,499303,53.84,54,268940,49.89,25,24.64
6192,7831,96156,57.62,39,55424,45.62,20,11.91
6193,8879,177808,61.35,38,109132,56.65,25,9.89
6194,4949,48000,53.4,19,25638,33.38,5,14.78
6195,11437,50193,53.24,7,26729,52.4,6,25.65
6196,28893,220330,72.16,45,159024,66.25,25,11.66
6197,45294,123439,47.14,25,58219,39.77,11,28.26
6198,6596,171400,94.21,8,161514,92.89,4,1.48
6199,2123,61760,78.54,19,48517,74.49,15,4.77
6201,5902,89200,69.11,21,61660,61.43,11,11.71
6202,58453,230388,35.97,38,82919,30.64,18,31.09
6203,10114,82401,59.16,16,48769,52.19,6,22.59
6204,21920,23102,29.71,3,6867,25.64,2,44.33
6205,13487,82236,45.64,24,37553,39.35,16,27.34
6206,17186,143062,53.13,45,76040,41.98,19,19.58
6207,64048,91160,21.9,21,19985,12.15,6,51.75
6208,11477,94462,65.83,44,62204,52.23,24,16.01
6209,55490,181551,43.8,52,79554,35.59,30,29.13
6210,3136,35048,54.1,16,18968,36.0,7,17.25
6212,991,102000,91.79,27,93638,86.12,18,1.05
6213,87885,363572,56.26,62,204600,50.68,32,26.29
6214,55562,272243,58.19,76,158476,47.94,33,20.56
6215,56376,82790,33.01,15,27352,26.4,6,41.96
6216,32459,97296,40.29,28,39212,29.85,10,24.55
6217,75355,117210,33.41,33,39194,20.23,11,40.73
6218,28024,64262,47.32,18,30426,35.54,6,26.05
6219,5985,124967,68.98,22,86220,64.65,12,7.45
6220,34135,146463,64.77,55,94884,53.94,28,9.29
6221,31262,168601,74.64,21,125878,71.35,12,6.99
6222,1873,95689,90.1,10,86233,84.52,2,2.18
6223,51280,97981,49.14,32,48162,34.26,10,10.25
6224,43377,85645,38.99,26,33410,24.5,8,26.17
6225,5600,27800,65.08,7,18097,55.2,2,7.12
6226,47451,115535,25.52,24,29509,17.31,9,31.49
6227,7667,76112,72.61,7,55278,69.25,2,13.33
6228,1850,26000,80.44,5,20917,75.5,3,8.17
6229,30641,40361,36.1,6,14576,32.77,4,25.64
6230,7618,86343,87.81,3,75819,87.81,3,7.18
6231,25911,45652,33.51,11,15304,25.84,5,33.34
6232,36935,451582,18.64,60,84268,13.32,18,18.33
6233,62164,81022,29.19,19,23672,19.1,6,35.69
6234,31682,100386,53.51,19,53743,49.62,13,23.73
6235,62001,199906,40.71,23,81418,36.46,9,29.34
6236,911,41654,92.64,4,38594,87.98,1,1.65
6237,72715,79645,21.07,13,16795,15.7,6,43.47
6239,147890,759147,71.84,175,545558,65.85,101,14.91
6240,1079,22867,82.12,9,18787,70.93,5,4.96
6241,29397,48700,48.86,10,23805,38.71,3,15.26
6242,3197,31806,63.81,7,20301,55.47,3,13.64
6243,58718,45269,23.16,7,10487,17.7,2,44.35
6244,95054,387042,36.55,68,141534,31.03,33,29.28
6245,20515,146608,44.97,24,65955,40.57,13,22.34
6246,32504,37851,62.99,7,23847,53.99,1,12.41
6248,32363,99956,49.26,24,49260,43.97,15,16.91
6249,207,2867,14.82,1,425,0,0,16.21
6250,1162,18249,70.88,2,12937,67.95,1,6.96
6253,453,5879,0,0,0,0,0,15.31
6254,518,30882,49.51,13,15294,36.43,6,3.4
6256,458,1845,0,0,0,0,0,52.68
6257,115708,483912,48.8,142,236233,39.75,70,24.78
6259,8590,28056,47.78,5,13412,41.09,2,17.2
6261,56477,128498,38.29,27,49222,30.75,12,31.81
6262,1345,20453,28.66,5,5866,16.8,1,16.11
6263,11231,62501,43.35,7,27100,40.96,4,26.98
6264,4288,136355,71.65,28,97736,67.28,18,5.79
6265,39184,118172,46.43,14,54881,41.53,6,26.3
6266,45949,153872,39.02,38,60073,31.65,19,19.8
6269,80288,323831,33.32,67,107970,26.71,30,31.37
6270,33503,72146,44.69,19,32254,38.06,11,27.42
6271,60609,209058,50.89,58,106431,44.36,35,27.83
6272,5022,81764,51.7,34,42283,35.71,14,12.74
6274,89446,298209,67.08,99,200115,55.7,48,14.99
6275,36899,80332,29.08,15,23370,23.42,7,35.86
6276,29498,22043,52.44,6,11560,48.84,5,26.86
6277,10385,119471,55.21,39,65992,43.41,17,17.65
6278,42297,292398,64.4,93,188340,53.48,45,19.51
6279,21419,119016,45.15,36,53758,35.6,18,25.12
6280,172,65492,99.95,1,65460,99.95,1,0.04
6281,10468,99173,55.84,37,55399,43.58,17,19.34
6282,156312,856101,48.57,118,415948,44.6,62,26.88
6283,15618,148981,62.69,21,93428,57.59,7,14.27
6284,49324,148980,56.09,25,83596,50.28,10,23.54
6285,88527,483664,67.15,119,324882,60.61,69,18.13
6287,4211,121451,94.0,7,114178,93.08,5,2.42
6289,10250,524,0,0,0,0,0,54.73
6290,52358,169647,46.61,57,79086,36.22,29,27.49
6291,8929,42000,65.35,7,27448,62.85,5,13.54
6292,7180,46601,44.64,6,20806,39.7,3,28.49
6294,12242,26047,37.12,4,9670,33.46,2,31.98
6295,350,1915,22.01,1,422,0,0,20.7
6299,123,25576,98.35,1,25154,98.35,1,0.71
6402,2019,58265,63.95,24,37276,48.86,10,4.08
6403,2577,15332,41.54,1,6369,41.54,1,13.4
6404,9036,24358,67.09,5,16343,63.48,4,9.82
6405,6252,65800,52.54,23,34589,36.96,8,15.54
6406,1073,35647,58.18,5,20744,53.35,2,8.78
6407,6603,75130,35.89,17,26982,28.19,8,20.03
6409,17741,87704,61.98,38,54377,45.81,16,12.17
6411,56510,99501,36.1,35,35933,20.79,10,28.98
6412,20402,400769,81.61,54,327111,77.55,29,8.05
6414,16472,149010,65.92,59,98258,51.6,22,11.61
6415,24087,388827,79.84,158,310485,66.42,68,4.7
6416,22503,73348,47.06,18,34531,35.3,4,19.91
6417,1543,42274,68.1,20,28800,52.35,10,4.68
6418,2603,34522,56.97,11,19674,51.0,7,14.8
6419,28197,13159,35.59,3,4685,32.17,2,32.61
6423,3299,31016,39.78,12,12343,21.8,4,15.73
6425,9907,51479,42.78,14,22030,34.03,7,31.49
6426,19732,38509,42.08,7,16210,34.93,3,29.95
6428,204,17682,91.64,3,16205,89.36,2,1.7
6429,270,9348,37.74,5,3530,11.76,1,6.76
6431,17821,97399,70.18,19,68379,65.33,11,4.45
6432,34631,35750,35.94,12,12855,18.44,3,30.33
6434,9792,463602,84.96,21,393994,83.6,11,5.14
6435,6369,37461,57.83,8,21667,48.31,2,19.25
6437,403,32300,65.0,19,21003,40.87,7,3.09
6438,46871,82206,32.63,20,26844,24.27,10,36.58
6441,34922,53318,45.26,6,24138,41.86,2,24.32
6442,61422,80333,59.16,38,47541,37.09,11,19.46
6443,168088,512797,17.85,41,91685,15.32,19,48.4
6446,43253,379916,56.23,134,213706,44.02,59,9.6
6449,27475,91886,76.41,29,70232,67.47,13,8.61
6451,22639,113687,74.03,22,84191,66.56,8,14.87
6452,11654,100131,39.15,24,39221,30.43,9,23.81
6453,623,3519,0,0,0,0,0,38.17
6455,564,37095,68.47,16,25404,51.47,8,2.5
6456,37544,337940,50.68,52,171333,45.91,25,22.61
6458,2714,26789,65.25,6,17483,63.74,5,6.17
6461,27613,178352,63.25,33,112819,53.9,6,8.75
6462,46535,91251,31.3,20,28577,21.07,5,36.14
6464,2202,128782,85.27,42,109828,77.26,25,1.93
6465,2504,47074,68.35,6,32184,65.09,3,8.43
6467,4151,52371,37.56,18,19685,21.75,4,14.75
6468,162,12074,98.62,1,11909,98.62,1,0.94
6469,29661,150075,47.7,29,71625,42.06,15,25.19
6470,27045,37694,40.01,1,15083,40.01,1,32.41
6471,360,853,0,0,0,0,0,61.63
6472,33059,127983,55.33,33,70843,45.32,11,24.64
6473,9847,40000,69.1,23,27648,49.2,11,4.24
6474,1548,52526,68.62,30,36048,44.6,10,4.74
6475,931,34784,73.13,12,25443,56.66,1,4.7
6477,27842,123787,44.05,26,54550,37.5,13,26.12
6479,878,57300,86.32,9,49474,79.32,3,2.03
6481,107,27204,96.01,6,26122,91.6,4,0.8
6482,2017,28634,67.6,8,19358,65.78,7,11.13
6483,16569,66742,45.88,37,30640,18.78,7,5.65
6485,41145,47366,27.81,12,13179,19.06,5,32.46
6486,30222,50893,42.9,5,21837,40.28,3,28.92
6488,55890,478114,80.87,112,386705,72.21,48,7.12
6489,279,28470,62.98,18,17933,36.92,7,1.79
6490,425,38754,70.62,10,27375,64.16,6,2.75
6491,12510,78000,58.96,18,46004,51.63,9,16.64
6492,45890,89904,30.5,19,27435,26.13,12,24.44
6493,998,30050,80.37,9,24152,80.37,9,6.17
6494,38259,31560,17.88,9,5648,5.22,1,34.24
6495,12156,172031,52.59,39,90506,43.12,13,7.57
6496,10318,47396,66.03,9,31305,62.39,7,19.5
6497,1560,189955,97.19,5,184632,96.46,2,1.69
6498,6473,47165,70.47,17,33246,56.96,8,9.63
6499,8074,96945,42.7,14,41410,36.23,4,15.32
6502,135,8719,90.96,1,7931,90.96,1,0.83
6503,77,12012,80.41,3,9660,80.41,3,1.52
6504,5247,72600,69.82,22,50709,64.33,15,12.43
6505,104973,9525960,94.75,173,9028510,94.31,99,2.03
6506,4425,82361,61.27,39,50489,45.72,17,8.86
6508,15645,86539,60.43,14,52307,59.55,13,22.99
6509,57415,197081,37.42,48,73789,28.71,22,29.25
6510,18517,32929,48.43,7,15956,38.06,2,11.24
6511,642,60000,72.03,24,43229,57.36,9,2.89
6512,6775,25260,36.06,10,9114,17.68,3,20.4
6515,42975,36414,50.56,16,18421,36.41,8,10.32
6516,3706,56337,53.82,15,30331,43.58,5,11.45
6517,21920,30579,19.81,4,6060,17.96,3,42.2
6518,545,33333,84.36,12,28126,74.1,7,2.52
6523,6219,45048,63.08,8,28418,61.69,7,20.41
6525,10544,129047,64.42,19,83153,57.09,5,12.51
6526,22156,167506,78.16,15,130957,75.41,8,9.69
6527,2236,25459,41.46,7,10558,27.65,1,10.15
6529,399,12699,71.81,7,9121,41.45,1,5.3
6530,35103,33750,20.34,8,6871,8.93,2,44.56
6531,42844,163149,65.45,61,106810,52.81,26,11.24
6532,30499,37445,34.18,14,12803,18.46,4,34.61
6533,33028,50651,21.92,8,11113,16.37,3,43.72
6534,1995,102800,82.46,32,84791,75.98,21,3.18
6535,10997,167841,64.94,37,109030,57.6,16,9.44
6536,1218,26324,74.19,9,19535,58.26,2,4.41
6538,39510,38050,29.26,15,11139,7.83,2,32.51
6539,1019,24349,85.23,10,20757,75.51,6,3.94
6540,131,220435,99.05,3,218375,98.57,1,0.11
6541,12254,264986,72.16,47,191294,65.37,17,7.17
6542,915,42001,84.68,14,35580,77.61,10,2.69
6543,12333,55855,66.53,26,37172,49.75,10,1.9
6545,1239,22080,44.15,7,9751,37.79,5,13.39
6546,12439,66848,43.26,16,28928,29.91,1,25.57
6547,51160,328749,35.35,64,116289,28.18,22,19.38
6548,23374,950465,89.23,104,848268,86.56,63,4.35
6549,25537,80122,29.61,25,23737,16.14,6,11.63
6550,25776,894793,77.15,79,690460,73.88,31,6.18
6551,1188,71785,83.69,11,60095,79.32,6,3.11
6552,7820,83000,58.93,8,48918,55.76,3,18.72
6555,4735,119230,69.82,18,83275,64.58,7,8.94
6556,1373,28750,78.6,12,22602,67.48,7,7.47
6558,47800,93789,40.81,9,38294,38.61,6,32.24
6559,2043,23189,52.92,11,12276,31.62,3,17.67
6560,3404,32475,39.54,6,12846,32.29,3,19.19
6561,7046,77958,73.08,12,56987,70.23,8,8.35
6562,11454,118190,52.76,9,62365,50.33,5,15.65
6563,1160,29743,30.6,11,9110,10.34,1,7.92
6564,3767,72134,64.36,11,46441,59.45,6,11.13
6565,1283,27144,39.63,9,10760,28.24,5,9.31
6566,663,32152,84.51,6,27176,79.36,3,3.43
6567,630,102850,88.54,30,91083,80.22,15,1.26
6568,24912,30800,40.55,7,12493,29.94,1,23.19
6569,3943,39071,67.65,8,26441,61.23,3,12.75
6570,8533,37119,43.21,14,16047,29.53,5,25.06
6572,4443,103650,69.13,16,71681,64.87,9,10.01
6573,5396,80499,63.79,14,51356,59.57,8,14.87
6574,3360,21990,78.72,7,17314,75.53,6,9.31
6575,6890,135270,54.36,18,73566,51.02,10,8.89
6576,30626,157541,66.37,37,104581,58.96,19,6.86
6577,3652,60060,74.85,8,44967,70.03,3,10.69
6578,18944,71942,62.59,20,45044,54.14,9,10.34
6579,7474,169451,85.51,17,144908,83.78,11,6.29
6580,3991,112120,58.37,43,65472,45.58,21,8.26
6581,2342,111271,90.19,18,100374,86.85,11,2.94
6582,9395,106174,74.27,12,78873,71.21,8,11.94
6583,323,15947,82.44,9,13150,53.46,2,3.0
6584,12507,71143,76.25,26,54260,64.45,11,11.25
6585,4201,72134,79.27,12,57201,72.78,5,9.05
6586,29170,214010,61.5,32,131682,55.67,12,8.15
6588,38021,34701,25.92,7,8997,21.16,4,33.26
6589,23502,307021,57.29,61,175991,49.1,21,14.39
6590,2259,24964,57.0,13,14234,30.04,3,13.03
6591,44477,41122,28.48,10,11721,20.08,4,31.58
6592,25272,623150,79.71,60,496848,75.87,25,7.25
6592A,3688,50000,85.41,15,42707,75.84,6,6.8
6592B,5297,50000,81.16,17,40588,67.19,8,7.17
6593,34199,31857,44.22,13,14094,31.53,6,29.72
6595,9065,49858,80.67,20,40228,63.12,5,1.43
6596,17032,38000,26.72,6,10159,22.73,3,42.05
6597,986,30042,80.64,7,24234,72.45,3,4.92
6598,37172,102819,51.51,34,52997,39.87,14,11.99
6599,296,21000,76.44,4,16057,71.03,2,1.92
6601,361,44695,86.87,5,38836,84.46,3,1.53
6602,404,1236,0,0,0,0,0,64.82
6603,25525,167443,50.81,55,85084,38.73,22,15.21
6604,837,43731,86.72,9,37929,79.83,4,3.09
6605,16340,165816,67.18,42,111428,58.47,20,12.3
6606,10011,110304,70.85,43,78174,59.41,23,7.19
6607,68,9346,81.0,5,7571,76.22,4,1.21
6608,313,60000,96.78,8,58073,93.72,6,0.98
6609,9579,72456,57.88,8,41944,55.17,4,20.86
6610,2836,205579,83.62,13,171945,81.67,7,3.08
6611,459,1467,91.68,1,1345,91.68,1,8.3
6612,2808,47515,63.65,20,30251,45.19,7,9.21
6613,7617,77801,60.69,8,47225,55.52,1,13.95
6614,4117,80661,74.45,6,60063,73.87,5,9.77
6615,5104,21593,51.51,12,11128,35.88,5,22.16
6616,1596,35478,61.73,10,21908,53.85,6,7.79
6617,7060,127506,67.42,27,85983,59.45,11,9.82
6618,36857,104816,31.07,31,32577,21.24,12,13.21
6620,19919,169982,59.53,44,101233,48.81,13,9.1
6621,32113,35501,36.49,10,12963,23.52,3,17.97
6622,958,35462,63.73,13,22606,53.17,8,4.44
6624,851,22579,76.75,8,17332,59.54,3,4.83
6625,10705,57972,48.87,14,28337,44.07,10,24.14
6626,424,8936,77.35,4,6913,59.56,1,5.62
6627,267,28352,77.55,16,21990,65.81,10,1.55
6629,934,38380,83.96,10,32229,79.92,7,3.01
6633,1367,11129,95.66,1,10646,95.66,1,3.98
6634,2170,71289,66.82,25,47650,51.62,9,6.18
6637,3189,26810,61.7,10,16544,53.8,7,18.57
6638,1157,30000,70.02,7,21010,56.74,1,6.92
6639,919,57645,73.07,18,42131,62.61,9,3.5
6640,13114,28886,65.73,3,18991,63.83,2,16.18
6641,2075,36500,59.48,14,21716,53.07,10,10.1
6642,3996,37400,56.05,10,20971,46.24,5,16.99
6643,23083,41798,37.78,7,15795,34.07,4,36.31
6645,6679,60864,43.49,24,26485,26.17,7,10.99
6648,9264,50000,63.85,20,31939,49.42,9,6.81
6649,18548,42000,53.49,19,22477,32.85,5,7.67
6650,488,31090,80.16,17,24924,61.87,8,2.37
6651,3761,34602,51.4,17,17794,32.9,5,14.6
6652,1689,137000,79.07,38,108355,69.5,16,2.81
6653,282,6000,95.45,1,5727,95.45,1,1.16
6654,3437,40963,79.45,12,32549,71.18,6,3.99
6655,974,80572,86.14,24,69423,76.45,12,1.18
6656,66,12228,90.33,4,11047,82.4,3,0.71
6657,15575,88808,34.87,25,30987,20.99,6,16.17
6658,10598,36370,44.9,13,16336,31.77,5,20.17
6659,1081,85883,82.59,22,70944,73.75,10,2.37
6661,1305,23304,65.81,6,15339,61.62,4,9.53
6662,4688,25612,47.62,10,12198,40.13,7,8.03
6664,16407,61151,55.29,24,33820,36.54,11,22.3
6665,1843,45350,65.84,8,29862,59.39,4,8.41
6666,2269,47388,78.06,8,36991,78.06,8,7.49
6667,13896,49279,49.47,9,24389,42.22,4,29.93
6668,13486,107116,54.28,13,58157,52.0,8,19.7
6669,99995,186624,63.64,42,118811,55.57,18,8.45
6670,6206,139387,78.95,72,110072,62.76,36,4.93
6671,1380,60750,75.32,36,45771,58.38,18,4.37
6672,55830,81368,26.33,20,21438,17.38,8,46.82
6673,3305,26489,30.77,4,8156,25.58,2,28.95
6674,1772,68551,85.1,9,58349,83.15,7,5.19
6676,4247,149679,58.77,45,87989,50.93,25,6.5
6677,1900,56039,64.03,12,35886,57.04,5,7.19
6679,5963,54975,59.84,21,32902,48.96,10,11.98
6680,933,23954,72.64,10,17407,64.38,7,4.58
6682,10935,147106,53.26,23,78363,47.49,10,13.92
6683,31073,27557,22.13,6,6103,11.24,1,28.66
6684,23812,44559,34.37,4,15320,31.51,2,34.65
6688,197,19000,73.88,12,14039,49.8,5,1.74
6689,10286,68000,48.03,24,32675,35.54,11,25.38
6690,4986,30000,59.89,3,17967,59.89,3,19.95
6691,14045,121487,68.52,46,83267,53.97,19,9.48
6692,2190,58844,71.28,16,41959,61.38,6,5.48
6693,5264,45720,42.8,12,19579,31.39,4,17.02
6695,17776,106870,47.71,16,51018,41.83,6,23.87
6696,10668,82920,41.31,27,34273,28.51,11,15.38
6697,2238,27323,66.77,6,18247,61.11,3,14.01
6698,35985,66390,38.39,14,25500,31.08,6,26.71
6699,766,48819,85.48,16,41738,75.23,9,1.79
6701,758,365682,97.98,3,358306,97.98,3,0.34
6702,11488,758660,79.69,98,604760,75.42,45,2.88
6703,23281,32984,51.66,13,17046,39.15,6,23.08
6704,3592,95949,39.21,31,37650,26.89,9,8.68
6705,650,18005,74.92,10,13492,54.99,4,5.2
6706,47340,78549,33.2,26,26089,20.15,9,33.54
6707,1644,59003,80.14,15,47293,71.29,7,5.23
6708,2362,29009,52.06,12,15108,42.81,7,13.4
6709,2021,59380,59.51,21,35352,45.61,6,7.39
6712,28022,101764,42.81,26,43594,32.16,9,18.87
6713,886,29477,60.25,15,17768,37.76,4,7.03
6715,4920,68274,78.73,21,53765,67.77,9,6.37
6716,3779,30242,36.22,12,10956,22.4,4,18.07
6717,427,24937,75.04,13,18714,56.28,6,3.44
6719,23846,105517,49.33,13,52069,44.32,5,26.44
6720,1372,30226,58.02,20,17542,25.55,5,6.29
6721,1429,22500,51.92,8,11686,35.65,2,9.62
6722,2608,88400,76.34,14,67495,74.11,11,5.77
6723,1163,30039,58.66,12,17628,42.18,4,7.28
6724,1841,7100,62.32,2,4425,62.32,2,16.12
6725,7115,37130,63.18,9,23464,58.66,7,20.88
6727,41461,26884,22.91,9,6163,6.14,1,32.33
6728,2948,30120,63.32,9,19075,59.01,7,13.39
6729,1570,27661,49.42,12,13673,31.18,4,9.71
6730,1011,36298,74.04,20,26881,60.59,12,4.43
6731,186,54554,99.44,1,54249,99.44,1,0.44
6732,9259,48913,49.45,4,24188,46.31,1,26.43
6733,7459,134316,48.32,25,64939,40.25,7,11.79
6734,2187,40623,59.27,15,24086,46.08,5,9.99
6735,5688,46182,50.56,18,23354,35.59,6,17.87
6736,850,2596,93.39,1,2424,93.39,1,3.5
6737,1404,60050,80.51,23,48354,74.71,19,4.75
6738,596,36725,62.61,24,23001,40.93,11,2.79
6739,11643,23392,62.56,10,14637,53.25,6,19.56
6741,7024,120578,69.94,37,84362,59.09,18,9.61
6742,41622,71268,34.46,20,24573,25.92,9,27.85
6743,9269,150000,63.25,29,94906,57.08,14,11.94
6744,422,15400,64.26,6,9898,52.96,3,4.53
6748,4423,71218,36.48,20,25998,29.19,11,11.33
6750,1906,44707,58.02,21,25948,40.28,8,8.16
6751,2459,22200,62.48,3,13875,56.93,1,16.29
6752,3798,37144,47.4,19,17613,18.3,3,11.91
6753,17306,117254,58.26,21,68335,53.5,13,19.85
6754,2213,66000,83.08,9,54837,81.35,7,5.17
6755,1268,39823,53.5,16,21311,40.61,7,5.96
6756,9072,69990,61.42,8,43000,57.45,2,19.03
6757,145261,459530,76.04,24,349494,74.62,13,12.92
6758,238,13471,81.83,3,11025,74.89,1,2.74
6761,12468,34956,40.68,10,14226,26.98,2,27.98
6762,890,35172,77.85,18,27390,61.88,9,3.19
6763,18776,184039,62.29,22,114679,58.1,10,18.64
6764,279,38203,97.22,2,37142,97.22,2,0.78
6767,1475,39184,59.41,9,23288,52.03,3,7.53
6768,7366,200095,83.65,34,167423,79.27,19,6.07
6770,618090,4289421,48.46,436,2079631,44.57,156,24.15
6771,1829,31180,40.64,16,12675,18.13,4,11.68
6775,4185,97500,65.06,20,63442,57.51,9,8.34
6776,7820,91581,67.53,15,61867,61.35,6,15.54
6780,243,16470,83.63,12,13777,52.58,4,1.66
6781,30134,85419,70.27,6,60035,68.25,4,16.79
6782,7628,63000,46.99,21,29619,31.18,6,13.4
6784,966,19077,45.41,8,8667,30.19,3,9.45
6785,4473,66800,62.01,20,41437,55.04,12,9.13
6786,17441,30838,9.06,5,2798,0,0,28.6
6787,19543,81007,24.23,23,19659,9.61,4,19.87
6788,26895,38740,24.18,10,9378,14.22,3,37.61
6789,56168,318299,73.62,28,234395,69.55,7,14.36
6790,11312,267129,78.7,24,210285,75.42,10,7.94
6791,2043,20847,74.18,9,15471,56.02,3,11.97
6792,4110,47875,53.89,7,25808,48.08,3,15.77
6793,23495,75600,37.68,26,28498,22.4,6,11.85
6794,1138,63637,79.96,23,50899,66.55,10,3.04
6796,3145,40234,49.36,14,19862,35.45,4,12.51
6797,26610,30732,48.43,12,14891,29.99,4,18.81
6798,5954,19572,70.51,9,13805,55.15,4,2.16
6799,29413,43712,32.55,10,14238,21.04,2,30.12
6803,14535,72794,55.67,4,40529,54.28,2,24.22
6804,2354,47500,62.36,22,29633,47.15,11,7.77
6805,25675,68554,58.81,24,40337,47.1,11,11.75
6806,32950,274643,60.45,14,166062,59.03,7,18.96
6807,995,54000,83.55,17,45127,73.55,8,2.65
6808,2323,77840,50.74,19,39509,38.62,4,6.35
6810,25039,49448,36.12,15,17870,21.41,3,10.37
6811,5639,41449,66.99,5,27774,61.99,1,15.37
6812,6693,30603,40.88,11,12515,26.34,3,16.82
6813,632,23388,62.08,9,14523,48.86,5,6.93
6814,733,41874,82.29,14,34463,73.54,8,3.35
6815,8462,39706,67.23,21,26702,49.84,11,6.72
6816,440,12180,70.99,3,8648,61.98,1,5.35
6817,1137,18417,54.89,1,10110,54.89,1,10.79
6818,1538,25503,66.96,5,17081,59.91,2,11.04
6819,1431,33974,57.26,13,19462,45.9,7,7.7
6820,1699,22211,75.09,5,16680,75.09,5,8.68
6821,4019,34604,50.55,12,17500,40.32,7,19.64
6823,2541,30534,56.44,6,17239,52.57,4,12.66
6825,572,33651,73.31,11,24672,61.71,5,2.98
6826,7572,85540,75.16,18,64312,68.1,9,8.3
6827,1492,79330,62.8,26,49839,49.17,9,3.84
6829,11350,59169,66.59,4,39406,63.0,1,18.16
6830,24215,53903,33.97,20,18319,15.79,5,32.45
6831,9979,67500,60.23,30,40662,42.17,11,11.39
6832,3618,26411,84.52,2,22325,82.86,1,4.3
6833,900,49977,84.96,8,42471,79.9,4,3.36
6834,5854,88471,68.71,37,60807,50.76,14,10.72
6835,2194,66172,78.25,27,51793,66.78,14,6.14
6837,1002,32824,59.15,18,19423,41.11,9,6.89
6838,6949,150977,61.74,29,93226,54.99,11,9.59
6839,960,82020,80.06,29,65680,73.74,20,1.94
6840,2489,30767,53.63,12,16507,38.83,5,13.14
6841,12198,95223,48.17,28,45890,38.38,14,22.79
6842,2252,23130,40.45,8,9361,24.87,3,16.5
6843,1143,33304,78.45,17,26136,56.09,7,5.95
6844,3376,37428,63.46,10,23755,55.98,5,7.63
6846,1478,27066,66.71,7,18058,64.12,6,8.57
6847,599,14230,58.65,9,8348,19.6,2,6.9
6848,468,14273,52.95,8,7560,29.84,2,4.81
6849,6411,41918,54.11,13,22694,43.57,6,18.22
6850,939,33089,59.93,18,19837,40.93,8,4.49
6854,6316,117679,65.11,34,76649,54.19,13,9.32
6855,2021,23250,61.37,13,14275,41.79,6,5.83
6856,913,28200,82.36,8,23230,74.28,4,4.68
6857,426,15226,94.69,1,14418,94.69,1,2.12
6858,343,27220,89.89,9,24470,82.2,5,2.19
6859,2360,41589,65.13,15,27091,58.91,10,8.15
6861,12070,41599,57.13,6,23771,52.16,2,18.78
6862,5940,50000,69.66,7,34835,68.8,6,13.01
6863,4738,74888,75.46,10,56514,72.25,6,8.91
6864,4218,37820,36.54,19,13823,12.25,3,7.21
6865,1416,15841,49.93,7,7913,35.53,3,12.94
6867,974,35000,87.41,8,30601,82.23,5,4.35
6868,496,25043,55.6,13,13927,31.27,3,3.08
6869,22113,137830,54.27,36,74819,44.76,17,22.47
6870,2689,23583,69.35,10,16359,57.75,5,8.76
6872,2535,70751,58.06,28,41084,43.51,11,7.49
6873,12323,142649,61.95,45,88400,53.14,23,13.7
6874,2870,22000,53.57,9,11789,39.58,4,18.61
6875,4925,129183,61.7,36,79731,53.55,19,7.7
6876,20258,71091,33.17,25,23590,17.34,7,7.66
6877,3467,46967,73.68,26,34617,56.43,14,8.6
6878,1061,72641,88.7,14,64444,84.38,9,2.76
6879,366,26459,89.17,8,23597,80.25,4,1.71
6881,857,15000,57.92,4,8691,49.96,2,4.42
6882,843,23199,58.45,14,13566,31.49,4,7.35
6883,756,76274,89.22,29,68073,80.81,18,1.72
6884,823,18390,81.85,3,15054,78.05,2,6.66
6885,22055,133019,36.58,40,48680,22.47,10,14.1
6886,14498,31810,90.03,5,28642,84.94,3,1.84
6887,836,74152,92.16,20,68356,82.14,8,1.71
6890,7865,249400,92.76,19,231378,92.11,17,3.64
6891,6412,200628,77.15,30,154829,73.84,19,6.65
6892,2583,92605,57.97,43,53699,37.01,12,5.73
6894,2775,23800,61.05,11,14532,55.13,8,9.98
6895,2998,34100,61.16,9,20857,51.15,4,12.18
6898,1522,29016,60.72,10,17624,45.85,2,8.73
6899,2183,42398,80.17,19,34005,66.01,9,8.17
6901,22371,853360,84.81,40,723827,83.15,16,4.55
6902,6988,35359,71.72,14,25368,58.48,6,5.79
6903,9509,66676,69.63,18,46443,64.21,12,15.04
6904,612,18500,79.9,8,14783,64.36,2,3.28
6906,3387,33537,57.71,13,19358,47.57,7,15.97
6907,5971,62525,69.03,10,43165,62.3,3,13.79
6908,1226,37180,86.39,2,32122,86.39,2,4.82
6909,11709,67222,38.87,25,26142,22.03,8,20.74
6910,1666,30521,56.88,8,17365,49.38,4,10.47
6911,992,22000,60.04,10,13214,44.33,5,7.37
6912,2042,144000,77.14,29,111103,68.62,8,3.13
6913,4432,43849,55.2,17,24209,42.3,9,12.98
6914,4311,66226,71.75,17,47528,66.66,11,8.84
6915,1227,35300,88.45,11,31229,84.83,9,5.76
6916,2172,67500,78.96,18,53311,72.72,12,6.08
6917,2307,55272,46.17,23,25529,33.64,11,9.26
6918,2080,34571,49.84,18,17235,25.43,4,10.32
6919,65529,1557268,74.01,347,1152878,67.21,177,7.26
6920,12957,207219,64.96,40,134641,57.68,15,11.49
6921,909,31837,80.3,12,25566,76.18,9,5.29
6922,3533,27155,62.97,9,17102,56.75,6,14.51
6923,3587,91488,69.74,38,63832,53.84,16,6.7
6924,602,20624,80.24,5,16552,73.08,3,4.43
6925,3214,20000,60.59,9,12119,41.69,2,22.41
6926,715,49800,80.65,25,40173,60.93,9,2.65
6927,1442,38279,68.1,14,26076,52.89,5,7.53
6928,4374,86000,79.2,10,68125,76.07,6,9.56
6929,1596,45090,89.53,6,40376,86.91,4,4.92
6931,3289,66152,70.69,40,46779,50.15,18,7.37
6932,5201,429472,80.88,79,347438,75.12,38,2.89
6933,5850,42385,61.57,6,26098,61.57,6,19.06
6934,1820,36130,63.99,14,23124,55.26,10,8.41
6935,576,37410,85.05,15,31825,73.27,7,2.81
6936,3801,72804,75.88,20,55262,64.75,9,8.09
6937,9059,67655,63.13,24,42727,54.35,14,15.3
6938,742,12570,67.47,6,8482,54.14,3,6.89
6939,645,35399,64.33,12,22778,56.05,8,3.08
6940,9067,303014,52.37,109,158728,36.45,33,7.1
6944,14629,76688,50.78,33,38956,33.92,12,12.14
6945,6526,96993,62.46,26,60595,53.19,12,10.93
6946,1976,323800,93.9,33,304086,90.93,18,1.13
6947,2000,94333,74.88,31,70656,62.97,14,3.99
6949,2201,65580,74.56,29,48909,62.12,16,3.5
6951,4548,46000,66.21,4,30461,63.9,2,10.57
6952,2557,68345,86.55,18,59161,79.62,13,5.72
6953,3208,30015,63.56,6,19079,56.2,3,12.31
6955,494,24801,60.27,11,14949,49.64,6,2.21
6957,2116,55513,72.88,27,40476,55.65,12,5.1
6958,3522,403289,94.08,28,379510,92.84,21,1.4
6958A,1459,40000,83.86,7,33545,83.86,7,6.55
6959,4496,39167,40.64,12,15924,33.3,7,16.78
6961,3954,26834,42.79,5,11488,33.34,1,18.1
6962,33991,492397,51.49,72,253639,45.89,27,14.67
6963,204,15972,87.49,3,13976,84.86,2,1.38
6965,2508,156336,92.2,19,144161,90.72,15,2.63
6967,1250,24904,75.65,15,18844,47.92,4,8.26
6968,3517,49447,58.86,18,29114,44.32,7,10.18
6969,1186,43857,60.35,15,26475,50.19,8,5.05
6971,1559,38668,73.78,16,28538,61.37,8,7.9
6972,383,22935,83.82,9,19226,63.73,1,2.65
6973,844,40803,67.26,20,27454,41.28,4,3.81
6976,6012,582620,80.64,103,469897,74.35,44,2.5
6977,1844,14000,42.79,9,5992,15.91,2,14.51
6979,407,12000,59.53,4,7145,39.6,1,3.9
6980,2493,30000,78.27,6,23482,72.41,4,10.55
6982,2800,40752,64.93,15,26472,53.35,7,12.68
6983,3852,18020,44.17,9,7963,16.01,2,18.59
6984,362,19239,56.61,14,10895,27.7,4,2.63
6986,1150,46000,50.2,18,23098,38.83,8,4.7
6987,1208,223212,90.11,34,201150,85.63,19,1.18
6988,426,47600,78.97,21,37596,66.33,12,1.52
6990,2389,63290,91.73,18,58063,89.39,16,4.63
6994,5855,74162,61.04,16,45292,56.72,11,15.13
6995,3723,25331,44.17,12,11194,21.07,3,7.82
6996,2421,41998,59.59,4,25031,55.8,1,7.79
6997,758,22100,82.26,3,18181,77.74,2,4.97
6999,247,22015,77.59,16,17086,57.46,8,1.47
7402,19102,35281,38.2,11,13483,26.95,4,26.91
7415,73,26498,83.21,8,22056,65.11,2,0.51
7419,5043,40000,50.7,16,20286,39.16,9,19.72
7421,537,525,0,0,0,0,0,53.65
7427,4984,54026,29.48,18,15935,19.64,8,18.66
7443,320,22000,82.48,12,18150,69.62,7,1.77
7452,114,4000,87.89,1,3516,87.89,1,3.42
7455,251,25500,82.35,8,21002,73.45,4,1.46
7507,1147,102100,77.85,30,79503,70.26,18,2.24
7516,23923,19309,37.01,7,7150,14.82,1,23.6
7530,3684,46500,54.12,14,25172,45.58,8,16.3
7547,2168,33628,72.92,10,24525,66.06,7,10.75
7551,459,12100,56.32,5,6817,42.93,2,6.35
7555,418,28325,87.67,5,24834,86.14,4,1.91
7556,2800,27715,64.63,10,17914,54.79,5,10.93
7558,899,18621,50.42,11,9393,22.96,3,9.66
7561,743,30085,60.65,7,18250,55.17,4,3.12
7562,264,22554,79.31,12,17891,63.67,6,1.52
7566,7994,139773,62.58,44,87499,51.12,18,5.09
7575,628,30000,55.73,20,16726,26.04,6,3.48
7578,1802,60073,64.51,28,38764,44.4,9,5.76
7583,442,24575,88.74,13,21814,73.03,7,2.32
7584,991,16463,71.67,7,11801,53.0,2,9.38
7590,2814,122379,82.58,32,101093,78.27,23,5.04
7595,829,50465,70.23,25,35454,45.91,8,3.54
7607,683,35553,71.15,13,25302,61.38,6,2.44
7610,12059,48585,46.96,17,22828,34.94,6,20.83
7631,703,20142,74.5,11,15010,54.11,4,5.15
7642,2182,30150,80.04,9,24136,78.36,8,10.72
7669,3642,22000,32.8,12,7221,4.94,1,13.24
7689,5764,53164,91.85,8,48838,88.39,5,3.09
7702,371,66000,92.39,10,60995,86.38,4,0.91
7703,4206,34745,61.0,10,21203,46.66,2,15.51
7704,1821,33770,61.09,13,20640,46.52,4,9.02
7705,12552,66067,69.53,11,45949,61.81,3,11.23
7706,238,10000,91.29,1,9129,91.29,1,3.34
7707,3451,45700,46.72,11,21359,40.14,6,10.94
7708,3025,25500,63.59,2,16218,61.96,1,12.29
7709,2410,39103,79.46,8,31077,77.42,7,8.13
7710,223,63906,99.25,3,63427,99.25,3,0.19
7711,10207,71734,61.77,12,44317,54.65,5,15.3
7712,4353,32562,52.7,14,17163,35.7,5,18.15
7713,804,45479,84.31,14,38349,77.84,9,2.66
7714,2314,21000,66.65,8,14001,47.95,2,13.54
7715,2260,32747,56.04,12,18361,39.77,4,13.91
7716,558,22500,82.66,9,18604,65.85,3,4.17
7717,9357,24832,56.06,11,13929,39.72,5,21.64
7718,1059,46356,78.51,18,36403,67.62,10,3.34
7719,15474,36000,21.85,7,7871,11.33,2,28.14
7721,3742,55370,61.47,18,34044,52.04,10,11.38
7722,20767,68000,84.74,4,57624,83.93,3,9.91
7723,4367,49620,56.49,19,28036,48.41,13,14.08
7724,283,35381,84.26,12,29822,68.14,4,1.47
7725,297,48327,83.63,10,40424,79.04,6,0.91
7726,189,20304,87.03,6,17675,80.16,4,1.33
7728,3423,13854,57.12,4,7916,47.18,2,14.46
7729,16816,73079,57.77,27,42224,43.35,13,8.58
7730,1035,36797,70.47,16,25936,61.02,10,4.19
7731,9676,521981,72.4,91,377977,67.49,51,4.93
7732,886,64680,88.52,14,57262,86.22,11,2.04
7734,10399,28000,74.94,12,20987,67.13,9,7.78
7735,1951,43331,94.47,6,40943,88.48,3,2.35
7736,1639,76000,84.01,22,63865,76.74,13,3.72
7737,376,29739,78.39,13,23319,60.18,5,1.78
7738,1616,27356,57.86,17,15833,32.22,6,7.17
7740,2366,53200,65.21,20,34704,57.16,12,7.72
7742,8183,66463,69.13,5,45963,65.09,1,16.49
7743,965,36483,74.82,23,27306,57.39,13,4.24
7744,2893,32000,78.57,16,25147,58.78,7,7.63
7745,528,17950,71.25,7,12794,56.78,3,7.35
7747,926,27426,79.05,4,21681,71.98,2,2.56
7748,203,14500,71.13,8,10316,59.12,5,2.23
7749,7776,46486,49.19,21,22877,28.51,5,14.59
7750,10663,71843,76.84,36,55217,61.59,16,5.24
7751,10205,26889,48.99,12,13177,36.95,6,12.96
7752,2335,200000,86.08,35,172209,81.64,20,2.4
7753,2343,25000,74.15,4,18541,65.34,1,7.79
7754,1555,101068,73.14,41,73946,60.41,17,2.76
7756,267,21283,70.86,8,15084,59.42,4,1.4
7757,2715,24100,57.84,9,13943,43.43,4,13.51
7758,361,16100,82.45,3,13276,79.05,2,2.92
7759,984,70068,81.97,17,57449,74.5,10,2.55
7760,1740,66048,60.42,31,39917,43.43,11,3.94
7761,1389,28900,51.94,11,15015,33.99,4,9.56
7762,1403,57233,54.71,25,31320,39.58,10,4.34
7763,3409,60014,81.44,16,48885,76.51,10,7.12
7764,795,60000,81.18,25,48721,70.57,16,2.8
7765,5114,40681,60.75,3,24717,59.66,2,12.38
7767,992,30100,72.36,17,21787,54.77,9,5.88
7768,6473,70065,64.36,22,45106,55.19,13,10.44
7769,53646,179930,67.53,49,121530,56.89,16,5.13
7770,1079,30062,72.25,12,21723,65.14,8,5.28
7771,491,20013,82.35,3,16484,75.89,1,3.31
7772,5925,26499,56.09,5,14864,52.82,3,24.24
7773,997,39911,56.78,15,22671,43.06,8,5.55
7776,1097,49102,75.21,15,36944,63.72,6,4.67
7777,13058,182500,71.37,28,130296,66.18,16,15.05
7779,394,16105,65.83,7,10603,56.73,4,2.42
7780,44749,810024,75.32,40,610246,73.57,17,10.77
7781,17712,599681,74.59,60,447464,72.26,37,6.97
7782,1139,23213,75.78,9,17593,65.8,6,7.52
7783,1270,62445,91.19,15,56948,89.6,13,2.18
7784,1269,187601,90.17,47,169198,84.78,30,1.56
7785,197,33339,85.42,12,28483,73.34,5,0.85
7786,6781,175954,81.84,32,144031,76.8,17,6.48
7788,5078,79746,75.61,36,60311,63.13,18,6.64
7789,169,21184,73.45,14,15565,43.36,4,0.91
7790,397,17700,70.05,15,12402,32.02,3,3.21
7791,4688,80000,80.42,16,64343,70.07,5,7.78
7792,4506,46662,70.72,15,33006,61.96,8,10.58
7794,1325,28000,81.67,7,22870,71.76,2,7.88
7795,14530,78828,77.69,16,61257,65.4,3,8.23
7796,2335,22963,61.27,6,14074,46.92,1,15.81
7797,710,22245,78.67,11,17506,62.06,5,5.33
7798,639,308692,94.75,46,292535,89.78,23,0.39
7799,12499,158245,80.18,36,126903,71.83,14,7.75
7801,1331,18300,70.43,3,12891,67.37,2,10.37
7803,2162,94413,79.41,30,74994,70.42,17,5.13
7805,3943,33125,71.0,8,23522,65.52,5,9.17
7806,305,27860,74.62,14,20793,58.33,7,1.66
7808,1047,70000,78.54,4,54986,76.94,2,2.85
7810,3620,20250,46.8,6,9480,36.34,3,20.34
7811,1345,33377,71.79,6,23971,65.17,2,6.33
7812,2750,60419,62.3,19,37656,55.76,12,8.05
7813,1744,19196,46.29,8,8889,33.08,4,13.9
7814,769,40000,87.08,9,34838,80.83,5,3.24
7815,4276,32976,60.98,7,20114,50.32,2,11.89
7816,1146,29278,78.5,6,22988,70.86,2,6.73
7818,5240,167946,88.71,13,148993,87.58,9,5.08
7819,2733,25264,59.06,2,14922,55.4,1,17.82
7820,2080,37768,75.09,11,28364,65.32,6,7.36
7821,10220,121913,81.01,20,98791,75.2,10,7.3
7822,17298,45561,68.2,9,31083,63.73,6,17.45
7823,793,33491,73.71,15,24693,58.59,8,3.59
7824,380,31337,79.64,18,24963,66.96,12,1.62
7825,2317,23114,47.73,10,11036,27.49,3,16.09
7826,134,12000,84.38,9,10127,60.74,4,1.55
7827,3159,139720,76.38,31,106745,68.94,15,4.27
7828,13465,40494,63.53,17,25729,53.85,10,15.68
7829,1076,99388,83.02,43,82530,71.1,24,2.07
7831,76,13401,77.45,9,10382,55.97,4,0.2
7832,2083,580000,92.97,101,539350,87.58,57,0.88
7833,545,43011,73.75,20,31730,57.5,9,2.0
7834,291,16478,74.62,7,12298,60.54,3,3.38
7836,563,51250,72.2,20,37013,63.4,13,1.31
7837,315,22800,74.96,4,17096,67.76,2,2.43
7839,184,15096,91.39,10,13798,68.4,4,1.16
7840,215,34000,90.01,13,30608,76.24,7,1.0
7841,344,24200,77.77,10,18823,66.49,6,2.26
7842,1806,18250,64.61,2,11794,62.3,1,13.3
7843,1125,33440,67.65,9,22627,61.47,6,5.51
7846,390,34412,85.82,9,29536,75.12,3,1.83
7847,556,29000,62.97,14,18267,43.49,5,3.53
7848,1097,29800,68.61,13,20451,51.52,4,3.83
7849,187,11892,95.78,1,11391,95.78,1,1.09
7850,1468,97659,72.07,41,70400,55.88,18,3.36
7851,531,67691,83.79,21,56732,74.39,9,1.54
7853,16084,47865,27.5,13,13168,18.51,4,34.71
7854,1005,40300,89.45,16,36057,79.75,11,3.31
7855,302,192528,99.33,2,191253,99.33,2,0.18
7856,6723,27177,68.01,12,18489,61.1,9,11.0
7857,545,53488,83.76,13,44814,76.16,7,1.41
7858,4173,22237,45.86,9,10201,30.41,2,14.66
7860,158,32000,94.59,11,30272,89.26,9,0.5
7861,3680,64600,77.42,23,50030,66.93,12,4.28
7862,608,40000,87.94,4,35182,84.22,2,1.54
7863,105,30000,98.6,5,29583,96.02,4,0.32
7865,699,18424,75.77,11,13963,48.09,4,7.07
7866,4843,43171,62.7,16,27072,51.21,8,9.24
7867,647,96000,95.46,25,91650,85.58,9,0.77
7868,1105,22240,60.52,11,13465,41.21,4,8.54
7869,439,27241,88.89,4,24217,86.5,3,0.95
7870,2450,18400,78.35,13,14420,48.98,3,1.32
7871,3599,134278,67.34,32,90440,60.93,18,5.6
7872,1242,30000,66.71,4,20015,61.59,1,6.89
7873,2024,149852,86.99,36,130387,76.68,14,1.75
7875,347,20000,96.46,1,19292,96.46,1,1.53
7876,1036,107251,85.6,27,91823,77.67,16,2.03
7877,378,38857,74.89,12,29102,61.47,2,1.76
7878,2671,53537,47.47,18,25429,33.9,6,6.64
7879,3717,40000,62.55,18,25028,45.64,8,11.41
7880,1492,26500,71.65,18,18994,38.23,5,7.9
7881,340,27000,84.52,4,22821,82.65,3,2.18
7882,2068,205282,83.55,46,171560,78.01,30,2.24
7883,1780,60976,72.02,24,43930,59.47,11,1.94
7885,466,29200,76.99,16,22486,57.69,6,2.98
7886,1684,24978,65.77,14,16433,43.6,5,8.12
7887,14459,81720,43.5,34,35564,26.19,12,19.24
7888,547,75235,80.64,39,60682,62.07,17,0.99
7889,174,20781,85.99,17,17874,45.73,4,0.69
7890,432,20800,86.06,12,17905,65.96,6,2.91
7891,195,19430,56.3,7,10941,53.42,6,1.46
7892,5863,46898,75.94,15,35624,63.86,7,7.38
7893,1408,40799,86.36,5,35241,80.01,1,4.12
7895,12839,38790,74.66,7,28967,65.85,1,2.62
7896,638,27900,91.42,6,25509,83.42,2,1.98
7897,204,133617,98.31,2,131370,98.31,2,0.18
7898,3270,30039,71.78,5,21566,66.53,2,5.03
7899,8779,22904,40.48,10,9276,25.04,4,26.48
7901,2287,60000,84.74,13,50851,75.57,4,3.42
7902,1560,200605,90.56,46,181722,85.89,31,1.7
7904,105,15000,92.36,3,13855,89.32,2,1.09
7907,1629,39393,75.14,14,29605,67.9,9,2.17
7909,4864,70593,85.18,17,60139,76.05,7,4.33
7911,1504,40000,69.16,13,27672,50.71,2,5.56
7912,2659,22190,79.32,6,17603,72.33,3,5.46
7913,1071,45139,90.65,5,40928,87.9,3,1.71
7915,1842,40100,85.89,19,34452,70.5,10,1.87
7918,14958,43100,79.36,5,34211,77.14,3,8.13
7919,571,12700,50.06,4,6358,42.07,2,6.24
7920,3076,593987,91.55,176,543911,83.3,98,1.2
7921,926,40807,84.82,12,34615,75.21,5,3.13
7922,561,66175,95.37,18,63120,93.89,17,0.87
7927,130,44700,80.91,21,36175,58.89,4,0.21
8002,250,1908,0,0,0,0,0,28.25
8009,627,4375,0,0,0,0,0,21.49
8010,385,6666,46.01,4,3068,20.25,1,9.66
8011,61070,165922,31.22,26,51843,25.3,11,30.38
8012,478,3800,93.02,1,3535,93.02,1,4.85
8014,592,8827,37.85,2,3342,37.85,2,10.89
8015,111,3000,29.54,2,886,0,0,12.06
8016,38100,120137,44.42,54,53374,27.67,20,23.58
8018,75,3449,21.62,1,746,0,0,3.98
8019,98,33891,93.81,3,31801,90.33,1,0.8
8020,109,8263,59.32,4,4902,32.36,1,2.37
8021,71510,146897,52.3,57,76857,38.5,24,25.47
8022,58,3000,70.18,1,2106,70.18,1,3.53
8024,22422,45160,30.08,12,13593,18.86,4,24.63
8026,61,97,0,0,0,0,0,73.87
8027,63858,111419,28.84,33,32162,18.72,14,36.79
8028,64024,181811,55.74,64,101378,43.0,26,23.09
8029,657,78017,75.2,25,58688,62.69,8,1.45
8031,121,4498,25.57,1,1151,25.57,1,4.73
8032,22777,51810,76.33,9,39551,74.58,7,12.49
8033,70512,164630,27.58,34,45436,20.45,15,37.86
8034,22246,56586,17.49,10,9911,10.84,4,33.42
8035,214,6812,43.5,4,2965,17.63,1,5.68
8036,534,7662,20.61,1,1580,20.61,1,10.95
8038,40339,62278,20.05,9,12503,15.0,4,37.24
8039,73782,263804,56.05,65,147910,46.46,25,21.81
8040,29735,96414,53.21,16,51322,45.76,4,18.36
8042,33822,129904,72.35,44,94012,64.97,28,12.98
8043,26011,79907,61.17,22,48897,53.18,11,27.38
8044,28117,204768,61.3,32,125579,54.98,12,14.57
8045,4247,95042,67.6,37,64265,55.63,19,8.07
8046,114487,646165,82.51,84,533288,78.09,38,9.47
8047,1360,41666,79.9,14,33295,70.72,9,3.88
8048,35027,57706,41.17,19,23767,28.33,7,24.77
8049,39329,118280,32.92,23,38955,27.1,11,29.18
8050,56954,205205,42.04,35,86320,35.46,14,27.07
8053,3692,411818,85.44,75,351941,80.37,41,1.93
8054,52065,106233,34.78,17,36963,27.72,3,35.68
8056,11816,389990,60.57,80,236294,53.9,35,5.95
8057,84,6344,67.07,3,4256,67.07,3,2.43
8058,2645,68800,69.82,27,48054,53.81,11,6.5
8059,14397,194080,73.61,18,142897,69.89,6,8.52
8060,273,6084,49.67,2,3023,34.06,1,11.29
8064,82271,184818,46.5,43,86007,38.98,20,31.33
8065,930,4500,37.58,3,1692,0,0,18.21
8066,38213,36642,38.69,13,14184,21.7,4,32.65
8067,7030,20700,81.35,9,16844,56.73,3,6.36
8068,8382,80766,62.91,17,50822,58.34,11,15.9
8069,95497,1154564,77.62,315,896385,68.71,153,7.57
8070,34661,725648,76.39,99,554502,72.87,60,9.9
8071,34488,60084,34.3,13,20616,25.23,4,30.76
8072,13207,80000,60.5,10,48416,57.87,7,21.03
8074,44725,80974,39.03,22,31626,29.85,9,33.27
8076,89685,292214,34.06,59,99581,26.38,24,22.05
8077,1084,21946,82.25,4,18053,76.98,2,2.81
8080,14576,67164,84.77,5,56943,82.53,2,6.37
8081,19523,86172,40.12,25,34586,25.36,5,22.43
8082,4216,106609,71.69,22,76456,62.88,8,4.37
8083,2594,35133,55.27,12,19423,43.62,4,9.37
8084,2991,69514,64.05,20,44543,54.73,9,7.67
8085,36162,139983,41.47,26,58091,31.72,5,18.29
8086,69599,196516,55.8,40,109725,49.65,19,23.96
8087,9850,38669,57.52,21,22248,43.63,11,10.15
8088,54080,60922,20.72,6,12628,20.02,5,50.45
8089,27319,65999,42.05,8,27767,37.85,3,22.71
8091,17242,55469,49.58,23,27515,34.06,10,16.85
8092,20134,57172,60.35,24,34511,41.1,7,11.0
8093,3304,56568,67.55,7,38213,64.0,4,8.29
8094,337,18527,43.02,10,7975,11.96,2,2.77
8095,124,7932,51.28,6,4068,18.09,1,3.8
8096,79953,149343,53.81,35,80387,48.19,22,24.07
8097,13497,63802,70.72,20,45133,59.34,9,6.85
8098,1518,12653,60.76,8,7691,33.15,3,11.35
8099,29358,100073,82.64,20,82721,75.57,9,5.8
8101,18556,52166,82.44,4,43014,80.45,2,8.12
8102,1174,23358,40.13,10,9377,25.66,4,7.14
8103,18937,78437,46.69,32,36628,28.69,8,23.79
8104,44719,104058,37.88,13,39445,32.43,3,30.25
8105,39680,441545,60.63,34,267845,57.79,11,17.61
8106,68,3943,60.82,3,2398,27.88,1,2.19
8107,31959,75000,53.75,19,40326,45.64,10,17.29
8109,5950,82161,54.12,35,44475,34.8,11,11.58
8110,81089,517740,52.14,46,270029,48.87,18,29.29
8111,56781,109102,38.52,30,42043,26.9,9,28.21
8112,116811,525293,38.53,88,202507,34.1,52,32.15
8112A,7242,30000,52.5,13,15756,36.01,7,18.36
8114,10892,76488,51.26,36,39228,36.11,15,16.59
8115,842,70000,86.41,25,60502,77.94,16,2.47
8119,33111,63662,45.7,26,29113,26.52,8,11.21
8121,28497,212994,61.91,36,131891,56.31,17,12.09
8122,1616,402371,93.1,13,374717,92.23,7,0.77
8127,244,5562,7.67,1,427,0,0,7.58
8130,297,47620,70.92,21,33778,59.07,11,0.81
8131,30776,442222,72.94,29,322642,70.72,13,13.3
8147,5046,41708,47.77,14,19932,35.66,7,15.05
8150,114756,704523,71.81,138,506002,65.55,74,17.03
8155,15536,62284,47.66,16,29699,35.92,6,25.4
8157,662,26839,78.64,2,21107,78.64,2,4.87
8162,2462,68702,75.17,27,51663,62.16,13,6.82
8163,75745,280000,46.5,49,130256,41.15,21,24.86
8171,45089,112853,60.74,27,68567,51.96,12,13.16
8172,264,1620,0,0,0,0,0,36.34
8176,37692,71701,33.03,19,23689,20.18,5,23.34
8182,8944,107041,69.84,16,74767,64.77,8,14.46
8183,42022,121251,48.27,16,58547,43.73,7,21.73
8197,637,61748,84.91,4,52437,83.38,2,2.19
8201,12336,62366,57.81,16,36064,45.88,4,17.71
8210,27676,125319,73.19,34,91742,63.4,14,11.26
8213,68333,271242,50.93,83,138237,40.43,37,16.89
8215,67764,320675,53.97,34,173130,50.83,14,20.51
8218,105,1593,0,0,0,0,0,9.2
8222,39739,68574,38.67,14,26528,33.88,8,33.11
8225,380,22380,79.65,4,17828,73.02,2,3.89
8227,30439,39543,27.42,8,10850,18.22,3,41.83
8234,17445,141226,53.06,33,74948,45.86,17,22.15
8240,37845,100004,53.99,20,54008,47.02,10,21.19
8249,36471,137824,57.47,18,79228,53.54,9,24.16
8255,24676,101889,53.11,19,54138,47.9,10,22.22
8261,65692,118878,41.64,14,49532,37.89,7,38.48
8264,497,2583,0,0,0,0,0,34.52
8271,62917,129614,44.86,27,58174,38.22,12,29.52
8272,1656,18998,38.1,6,7242,25.15,2,11.17
8276,126,3537,47.96,2,1697,33.56,1,10.23
8277,44525,91629,19.12,11,17531,13.48,2,31.52
8279,1966,27101,62.22,6,16870,52.51,2,10.03
8281,415,29267,44.49,8,13025,34.88,3,2.37
8284,2449,47342,63.43,20,30039,44.33,7,7.76
8286,157,441,0,0,0,0,0,76.5
8287,11826,24267,70.24,1,17046,70.24,1,20.81
8289,30458,68334,47.3,21,32334,34.0,5,24.34
8291,1893,17478,71.9,3,12567,71.9,3,12.08
8297,174,15000,92.95,1,13943,92.95,1,1.78
8298,435,25632,83.33,2,21361,83.33,2,2.55
8299,175569,221165,46.18,67,102177,35.9,31,27.44
8325,206,1526,0,0,0,0,0,33.57
8329,3218,280578,90.74,36,254652,86.78,21,2.86
8341,19247,130000,49.66,17,64579,46.81,11,24.4
8342,1091,33537,72.83,10,24428,65.54,6,4.62
8345,757,52000,82.26,13,42781,71.53,5,2.63
8349,7705,208821,71.69,39,149742,66.81,22,6.49
8349A,1286,10000,10.25,2,1025,0,0,20.34
8351,1051,50000,80.5,9,40256,70.91,2,3.54
8354,12519,78532,63.75,31,50078,46.79,9,11.47
8358,112581,252588,56.22,63,142066,49.73,38,26.14
8359,5887,136500,83.41,26,113874,79.56,18,4.55
8367,3547,92172,70.63,33,65120,61.36,18,7.07
8374,13806,112250,71.23,10,79969,68.57,6,17.86
8375,114,7356,77.08,6,5671,40.34,2,1.96
8380,882,7123,19.38,2,1381,0,0,31.96
8382,10366,292624,65.96,81,193064,56.87,42,6.41
8383,55982,113760,51.36,28,58446,45.03,16,23.39
8390,30577,96116,51.37,26,49400,43.28,13,14.85
8401,12079,70669,62.63,22,44276,54.2,13,9.67
8403,36947,137640,38.3,22,52736,32.25,9,20.15
8404,16260,419934,78.81,69,331021,72.98,29,4.44
8409,25919,32000,48.44,9,15505,38.56,4,14.86
8410,2017,36589,59.2,12,21667,51.12,7,10.79
8411,11195,218404,81.6,32,178240,78.99,24,5.74
8415,9761,1031500,92.58,130,955262,89.44,78,2.0
8416,2063,28211,77.11,7,21756,77.11,7,8.91
8419,1377,30000,53.22,11,15971,40.55,4,14.2
8421,6507,54817,63.99,18,35087,57.52,12,14.3
8422,155112,1358763,38.41,136,522184,34.9,58,27.19
8423,6402,41714,63.03,13,26301,54.93,8,13.03
8424,3025,36054,60.56,7,21845,50.7,2,15.43
8426,2797,50242,74.38,6,37380,70.26,3,9.49
8429,45492,185747,41.86,25,77789,38.3,13,18.23
8431,44795,48778,23.39,10,11420,15.44,4,34.28
8432,3179,38398,61.42,4,23595,56.47,1,12.88
8433,3225,54506,66.77,16,36405,60.42,10,10.13
8435,22469,35200,41.42,13,14591,20.64,2,28.98
8436,43098,117729,39.22,37,46191,29.59,17,25.74
8437,32143,47014,39.6,17,18628,27.7,7,17.18
8438,2709,69943,82.63,23,57806,69.57,11,5.55
8440,55866,50255,32.71,7,16447,29.05,4,37.43
8442,2019,70170,72.02,25,50553,61.39,13,5.47
8443,46820,66800,69.44,25,46393,58.56,14,16.22
8444,1739,111167,83.54,29,92886,75.37,13,2.47
8446,7761,52914,50.11,14,26520,42.78,7,24.02
8450,10378,51310,59.55,15,30561,56.66,13,22.52
8454,38136,264975,82.35,21,218258,79.94,11,9.87
8455,770,25219,89.9,3,22675,87.77,2,4.59
8458,558,35850,72.41,24,25966,48.85,11,2.62
8462,6867,80387,65.06,20,52323,60.1,13,11.89
8463,3621,150000,81.55,26,122340,76.02,14,4.69
8464,4642,293020,86.69,94,254092,76.15,45,1.52
8465,232,8100,58.22,4,4717,41.56,2,3.39
8466,2255,79826,76.51,27,61085,66.98,13,5.08
8467,1695,48374,82.01,21,39679,73.88,14,4.38
8472,1078,17736,63.04,3,11182,55.75,1,5.86
8473,15663,181201,69.77,20,126463,66.91,11,12.53
8476,8600,166226,66.68,47,110879,58.58,25,10.56
8477,11079,64171,78.15,5,50158,75.87,3,7.19
8478,11134,93972,76.28,13,71694,75.66,12,13.15
8479,375,20055,62.09,7,12455,41.51,1,2.41
8481,2555,66602,66.41,24,44248,53.59,10,7.14
8482,1059,107444,95.13,18,102247,90.26,11,1.22
8485,61,1568,96.18,2,1508,0,0,2.98
8487,19494,26535,55.76,9,14800,45.91,5,12.22
8488,888,73500,87.09,17,64020,81.44,10,2.06
8489,29874,59949,57.05,14,34209,46.03,5,14.56
8490,1101,23760,45.34,12,10776,29.07,4,8.22
8491,1306,7292,9.23,1,674,0,0,22.3
8492,250,33300,92.97,12,30963,88.34,10,1.47
8495,908,127275,91.82,7,116883,89.58,3,1.7
8496,292,35675,87.43,12,31195,84.71,10,1.5
8499,2337,41166,78.79,11,32442,72.65,7,6.47
8707,6333,2570,0,0,0,0,0,43.96
8708,20532,194897,43.63,31,85066,36.59,11,17.11
8710,6853,115504,28.86,29,33355,18.09,11,13.06
8712,6943,808056,76.08,266,615006,63.72,113,1.25
8718,18103,97079,35.23,20,34223,27.19,9,24.09
8719,6773,656426,86.72,136,569425,79.4,63,1.99
8720,8605,89521,56.8,19,50867,47.22,5,13.32
8721,2244,3966,0,0,0,0,0,38.59
8722,5806,52666,62.68,15,33025,56.85,10,12.34
8723,23422,104515,50.56,31,52855,41.3,15,19.34
8724,8410,20698,39.78,6,8236,32.89,4,32.55
8725,12517,112280,32.1,23,36067,25.03,10,22.08
8905,19271,119440,92.37,26,110343,88.78,19,2.31
8906,2922,44037,55.46,15,24431,49.92,11,9.65
8908,13869,315333,88.93,46,280501,85.99,31,3.07
8916,41202,150351,67.29,49,101194,60.53,32,9.66
8916A,280,250,0,0,0,0,0,93.57
8917,1780,162652,83.0,68,135045,66.76,25,0.95
8921,1162,46592,85.55,24,39871,62.99,8,1.38
8923,5207,30376,82.29,10,24999,74.55,6,3.82
8924,17358,83800,38.36,21,32155,29.85,9,29.63
8925,19616,365243,41.2,123,150530,27.42,42,8.8
8926,57541,830282,61.14,139,507816,55.43,62,12.23
8927,26241,423542,83.15,114,352228,73.39,47,3.45
8928,4414,50854,49.13,13,24994,35.67,2,16.53
8929,11887,50581,45.67,10,23110,39.18,5,26.24
8930,5638,81809,67.57,34,55298,56.6,18,12.19
8931,19396,122255,81.96,16,100224,77.52,7,4.61
8932,9480,357963,80.17,87,287027,73.35,49,4.28
8933,43330,326724,52.91,45,172953,47.15,13,14.95
8934,504,7973,94.77,1,7556,94.77,1,1.41
8935,37278,113495,51.48,26,58449,42.88,11,12.72
8936,75379,248078,33.47,61,83077,23.78,24,29.56
8937,3191,431680,90.76,51,391908,88.18,33,1.4
8938,12663,156986,57.02,60,89551,44.83,30,13.16
8940,9416,67491,70.97,24,47912,62.85,16,13.3
8941,2241,34972,67.12,19,23479,47.86,9,6.38
8942,13570,198842,50.98,61,101404,42.19,31,13.84
8996,32290,93501,52.25,47,48869,31.46,17,10.53
8999,386,36000,62.94,28,22668,20.5,3,1.33
9103,21920,205532,10.7,29,22045,3.13,5,28.31
910322,7700,21165,25.8,5,5464,21.25,3,40.98
9105,133595,1655367,24.72,362,409635,15.01,99,20.25
910861,2779,33727,35.24,11,11894,23.4,5,16.79
9110,1790,54498,43.68,25,23818,21.47,6,7.85
911608,2290,34222,27.84,12,9535,9.73,2,16.37
911611,3111,88290,41.32,27,36505,28.83,11,9.24
911613,1405,11111,5.89,1,655,0,0,28.49
911622,1583,30000,50.1,8,15034,42.11,4,13.38
911868,6330,140000,35.14,41,49219,21.96,11,12.45
912000,7148,159294,32.35,48,51571,21.49,17,11.11
9136,5306,141497,66.03,34,93458,61.0,23,9.24
916665,366,816,0,0,0,0,0,57.85
9801,83549,395846,69.29,40,274359,66.02,20,17.14
9802,12318,200992,65.9,64,132504,56.8,32,10.65
9902,45426,98050,56.57,22,55482,50.3,11,17.71
9904,101335,2946787,73.62,417,2169603,69.67,231,7.39
9905,17560,305000,73.64,40,224618,71.92,31,8.47
9906,8478,90376,78.85,26,71277,73.78,18,9.62
9907,54819,1579145,75.77,177,1196789,71.48,70,6.5
9908,16758,516358,80.64,111,416465,74.37,62,5.63
9910,22952,987483,90.27,106,891617,87.65,64,3.71
9911,31062,222390,68.55,58,152499,61.97,36,14.93
9912,62097,54171,61.41,18,33278,57.04,14,16.06
9914,66612,298984,66.23,82,198079,56.56,42,13.09
9917,55467,451197,77.75,100,350881,71.34,55,8.37
9918,25579,180537,84.29,48,152207,77.01,25,2.62
9919,64102,195363,46.2,30,90280,42.79,19,28.24
9921,31832,392065,65.15,118,255512,55.03,58,12.86
9922,10437,216098,69.3,59,149806,59.01,25,7.17
9924,13084,150762,61.85,45,93272,53.62,26,16.15
9925,19357,387490,68.54,86,265631,62.02,46,9.54
9926,4330,179504,83.86,52,150582,73.66,23,2.53
9927,14104,120000,58.87,18,70683,52.67,7,17.95
9928,7274,70725,74.49,14,52695,67.16,6,7.62
9929,3807,101280,88.06,20,89208,83.96,12,2.52
9930,12016,248540,78.2,17,194368,77.24,12,7.85
9931,7938,120369,77.96,28,93876,72.98,18,3.6
9933,55033,900410,59.58,161,536579,53.24,67,10.96
9934,14371,411017,66.29,83,272561,58.42,31,7.52
9935,57917,177839,61.83,72,109994,49.42,35,7.37
9936,11649,105222,28.92,22,30454,19.98,7,19.99
9937,15925,309043,89.04,68,275238,82.45,34,1.98
9938,50188,297964,53.53,85,159559,44.98,43,15.67
9939,30472,295786,60.78,95,179839,50.12,47,15.62
9940,17648,736846,81.28,71,599080,77.6,22,4.67
9941,44755,575636,70.26,59,404548,67.19,31,12.81
9941A,3730,100000,81.81,23,81828,74.62,11,5.84
9942,9732,83161,52.42,26,43598,38.57,8,18.93
9943,15719,125172,71.05,13,88951,69.48,10,16.05
9944,10706,105908,79.07,44,83762,66.1,20,8.65
9945,107494,2844225,64.82,325,1843921,60.97,140,8.64
9946,14007,326554,81.1,40,264892,77.25,18,4.65
9948,73,211,0,0,0,0,0,65.68
9949,11069,44861,74.76,23,33543,58.74,12,10.81
9950,3852,167716,82.96,25,139164,79.64,15,4.86
9951,23471,73300,46.8,21,34318,38.96,11,22.68
9953,521,4387,0,0,0,0,0,18.12
9955,15132,104436,63.3,23,66128,56.33,11,19.12
9957,13238,3220414,96.03,75,3093047,95.48,44,1.0
9958,55509,246897,53.1,60,131120,43.83,22,21.99
9960,9789,33592,74.68,15,25090,56.78,6,6.71
9961,321,69099,93.39,16,64543,89.73,13,0.78
9962,29267,90220,47.06,27,42475,39.96,16,18.32
9965,68,776,0,0,0,0,0,21.58
YFU6,53,23060,88.2,10,20342,79.27,6,0.13
YHU4,553,232690,95.44,8,222104,94.69,4,0.54
YJL5,98,17800,98.54,2,17541,98.54,2,0.98
YJS2,8994,115112,78.86,19,90793,74.07,11,3.39
YY0005,98,445,0,0,0,0,0,50.55
YY0008,55,203,0,0,0,0,0,79.3
YY0024,72,260,0,0,0,0,0,71.15
YY0027,62637,70987,12.94,10,9192,8.13,4,65.84
YY0028,33942,247325,39.7,58,98252,30.6,24,18.26
YY0029,8313,39020,30.61,8,11948,27.49,6,23.24
YY0030,3007,62727,52.15,25,32728,38.56,10,10.37
YY0031,430,4703,0,0,0,0,0,34.82
YY0032,358,3886,0,0,0,0,0,29.75
YY0033,2500,20321,16.08,3,3270,9.84,1,25.58
YY0034,266,1732,0,0,0,0,0,44.73
YY0035,15323,237629,36.39,50,86522,28.79,21,14.64
YY0036,136,348,0,0,0,0,0,75.85
YY0037,3455,80476,85.38,21,68725,79.56,14,5.6
YY0038,268,2681,26.72,1,716,0,0,23.4
YY0039,12877,251304,81.21,56,204131,75.93,35,5.35
YY0040,9044,73172,44.23,13,32376,37.76,6,16.06
YY0041,13714,279816,79.97,55,223817,74.52,33,7.76
YY0042,20041,70867,14.13,10,10025,10.03,5,36.47
YY0043,9597,40155,6.11,4,2458,0,0,52.57
YY0044,53041,445081,18.88,48,84133,15.2,21,29.39
YY0046,37431,554348,32.55,153,180559,21.36,47,13.39
YY0047,78147,1071339,31.55,284,338288,20.61,96,13.54
YY0048,7718,98824,49.19,27,48632,40.47,14,12.02
YY0049,33795,38919,26.13,7,10181,20.47,4,43.72
YY0050,55845,236341,21.48,50,50806,10.5,10,31.23
YY0051,7687,77665,33.54,17,26062,25.25,6,14.42
YY0052,4538,202305,69.04,68,139728,57.84,32,3.01
YY0053,24720,241635,46.72,45,112962,40.87,23,22.59
YY0054,5674,106960,46.9,29,50181,38.19,14,7.88
YY0055,5313,124281,46.61,56,57944,25.77,18,7.82
YY0056,2186,19785,51.38,8,10169,35.64,3,5.12
YY0057,4860,148095,56.68,40,83974,47.48,19,6.48
YY0058,3346,57762,35.84,18,20715,23.32,7,10.95
YY0059,1060,22565,21.04,6,4749,0,0,8.29
YY0060,683,9827,13.47,2,1325,0,0,14.8
YY0061,6537,53313,22.6,16,12061,8.43,4,19.27
YY0062,18071,320898,23.52,71,75552,13.23,19,16.38
YY0063,8960,20256,2.64,1,536,0,0,54.5
YY0064,5254,97715,63.73,30,62300,52.9,12,6.34
YY0065,17196,219940,28.26,56,62210,16.95,13,15.21
YY0066,19921,331829,29.97,79,99524,19.26,21,13.59
YY0067,6897,153056,29.28,49,44838,17.56,18,11.87
YY0068,28724,405995,23.21,66,94321,15.37,14,17.8
YY0070,22548,323047,33.92,85,109630,20.53,18,16.02
YY0071,14742,80724,18.81,11,15194,15.17,6,30.06
YY0072,2511,27503,18.32,8,5044,0,0,17.28
YY0073,2186,36683,35.73,16,13112,18.49,5,8.93
YY0074,10694,104259,17.59,22,18350,7.45,5,24.69
YY0075,3110,16424,9.66,3,1588,0,0,29.02
YY0076,450,450,0,0,0,0,0,100.0
YY0077,299,754,0,0,0,0,0,78.63
YY0078,331,2412,0,0,0,0,0,27.56
YY0079,79,330,0,0,0,0,0,63.93
YY0080,309,896,0,0,0,0,0,62.43
