stock_no,people,lots,b4_pct,b4_people,b4_lots,b1_pct,b1_people,s10_pct
00400A,118092,1498140,18.27,131,274043,14.48,37,21.78
00401A,17872,258395,28.3,25,73183,25.95,14,20.4
00402A,57394,880627,18.81,139,165823,10.75,24,20.64
00403A,1024348,16506019,19.13,1867,3160395,13.5,339,17.89
00404A,21872,290795,14.5,34,42209,9.71,9,24.35
00405A,130081,2449245,20.84,343,510827,14.15,73,15.86
00406A,35110,711062,20.27,104,144303,13.55,23,15.97
0050,3179622,20418000,28.8,840,5884892,27.16,248,25.75
0051,12803,24500,14.66,5,3594,0,0,55.25
0052,464510,2549500,19.62,153,500786,17.47,63,36.53
0053,5839,5488,26.98,2,1481,18.89,1,44.77
0055,11838,84154,42.61,16,35872,34.95,4,26.94
0056,1567475,13583034,12.65,679,1720770,10.4,150,25.69
0057,3009,1527,0,0,0,0,0,28.54
0061,6321,100116,31.95,22,31997,22.48,6,15.63
006201,3341,20446,49.35,7,10092,35.37,2,29.26
006203,1163,10218,77.0,5,7869,55.03,2,8.92
006204,1133,1500,0,0,0,0,0,45.89
006205,9259,97439,45.11,28,43974,33.12,8,17.89
006206,3336,28778,19.84,4,5713,14.41,2,24.91
006207,1586,21392,17.33,6,3709,5.16,1,16.73
006208,693298,1829540,10.97,60,201142,10.3,39,51.74
00631L,267445,5788848,32.05,1215,1856513,22.62,287,10.29
00632R,63304,2334708,42.44,747,991348,27.86,194,5.37
00633L,3629,116958,32.28,32,37772,21.2,11,6.93
00634R,801,47256,55.36,14,26169,42.62,6,3.61
00635U,56325,285014,19.01,28,54227,16.16,15,34.56
00636,8539,102325,23.62,22,24190,15.75,7,19.32
00637L,11939,748606,55.78,285,417730,39.73,92,3.55
00638R,541,26948,54.16,11,14601,35.17,2,4.64
00639,5911,105403,29.68,29,31314,18.15,10,12.6
00640L,1370,7419,21.43,2,1591,15.17,1,26.86
00641R,1326,74758,50.66,29,37888,37.22,12,3.66
00642U,11464,110321,39.41,20,43503,33.26,9,21.34
00643,3390,77073,37.97,19,29277,25.59,5,11.38
00645,10180,44497,24.22,9,10790,15.54,3,36.58
00646,106515,558485,41.07,65,229503,37.08,28,25.95
00647L,1642,6416,26.97,1,1731,26.97,1,28.8
00648R,2418,143688,47.04,38,67631,36.05,13,3.54
00650L,2691,127838,47.0,57,60115,30.15,19,4.61
00651R,395,32192,70.71,17,22773,49.41,6,2.5
00652,10090,67535,30.11,14,20341,24.79,7,28.35
00653L,1431,16403,16.53,2,2713,12.7,1,19.23
00654R,396,19466,50.57,8,9848,33.28,2,4.43
00655L,2249,59458,29.82,21,17742,14.28,4,8.56
00656R,335,20357,71.6,12,14580,46.96,4,3.3
00657,1666,6584,21.67,2,1427,0,0,37.65
00660,1087,7531,30.91,4,2328,0,0,18.05
00661,7173,23425,18.09,5,4241,5.67,1,41.18
00662,99040,821529,39.72,80,326522,36.35,30,15.36
00663L,16013,146663,25.35,22,37198,19.47,9,22.06
00664R,6851,765075,58.17,365,445215,38.88,128,1.63
00665L,5904,499965,58.51,184,292610,45.83,81,2.34
00666R,119,14624,83.34,5,12189,83.34,5,1.19
00668,2028,7533,25.11,2,1892,15.58,1,33.12
00669R,3257,206117,46.07,64,94999,34.69,25,3.41
00670L,12172,74145,12.83,11,9535,5.58,2,27.62
00671R,3712,545384,69.19,219,377460,52.15,72,1.22
00673R,11300,659051,48.8,209,321759,35.08,62,3.56
00674R,1510,16421,42.61,4,6998,42.61,4,17.33
00675L,19719,113786,21.5,13,24483,17.8,6,30.35
00676R,4313,172834,39.62,52,68519,26.9,19,4.71
00678,1758,7948,34.98,6,2781,0,0,29.7
00679B,248670,6801692,43.77,720,2978221,38.9,161,8.77
00680L,20989,1653576,54.61,564,903279,39.7,164,2.62
00681R,111,7594,91.2,4,6927,80.28,3,2.13
00682U,283,7644,75.43,4,5767,51.55,2,4.18
00683L,358,11434,58.4,5,6679,50.09,3,5.71
00684R,191,9688,79.66,6,7719,52.54,3,3.66
00685L,34530,86139,7.46,8,6437,4.32,3,45.58
00686R,1769,186776,61.42,81,114758,43.87,30,1.87
00687B,167150,5133135,46.59,614,2392856,41.23,153,7.86
00688L,10174,693115,48.43,232,335822,34.39,75,3.03
00689R,61,6889,82.83,5,5707,57.83,2,0.71
00690,13823,80330,13.17,13,10596,5.25,3,35.92
00692,91298,614780,17.36,35,106873,15.29,16,33.39
00693U,3887,89666,36.82,25,33031,29.18,13,10.04
00694B,2033,38076,73.45,8,27972,69.71,6,9.26
00695B,2317,38686,73.66,8,28503,69.79,6,10.87
00696B,11479,658681,83.71,27,551498,83.02,20,4.0
00697B,6670,64712,24.8,13,16061,21.0,9,22.44
00700,2769,35483,13.59,7,4830,3.17,1,17.39
00701,38638,174891,9.21,14,16120,7.04,7,49.92
00702,1171,6688,53.66,5,3590,15.25,1,26.07
00703,1095,9550,16.17,2,1545,0,0,24.77
00706L,7254,158271,28.43,43,45029,17.08,13,9.81
00708L,14884,109073,21.4,22,23373,11.91,6,25.84
00709,2504,15460,36.64,9,5666,0,0,24.83
00710B,3786,180761,81.76,9,147808,80.75,5,4.9
00711B,814,872261,99.35,5,866653,99.31,4,0.17
00712,142005,5346011,31.91,1209,1706707,20.75,209,6.0
00713,277500,1759512,23.26,79,409664,22.12,48,31.98
00714,2589,21067,41.55,11,8759,12.32,2,24.57
00715L,8426,127192,40.22,24,51180,34.77,12,13.79
00717,7861,126605,28.63,30,36283,19.42,10,15.65
00719B,14513,547014,60.54,56,331233,56.05,16,6.16
00720B,82202,4103609,65.02,323,2669130,61.51,77,4.72
00722B,14091,1457239,89.68,39,1306933,89.17,26,2.56
00723B,461,1520083,99.75,14,1516517,99.65,11,0.05
00724B,6517,3087775,97.6,33,3014461,97.46,24,0.52
00725B,43344,3744206,81.68,168,3059064,79.92,59,2.83
00726B,1831,1194489,97.94,22,1170158,97.64,15,0.34
00727B,712,56689,90.4,6,51256,88.18,4,2.79
00728,9615,38923,1.53,1,597,0,0,50.16
00730,13563,74044,20.17,10,14942,17.56,6,39.62
00731,8711,23600,23.52,5,5556,15.53,2,52.91
00733,21837,70466,20.07,11,14155,15.59,5,50.22
00734B,554,25979,83.68,3,21742,81.11,2,4.84
00735,29123,102289,20.08,15,20556,14.75,5,39.66
00736,525,6227,73.24,6,4561,39.78,2,10.25
00737,5515,22538,12.2,4,2752,4.88,1,45.09
00738U,35036,237299,18.56,37,44109,11.84,11,28.36
00739,2024,25988,37.07,9,9637,18.77,2,17.61
00740B,6144,2159971,96.82,47,2091913,96.39,31,0.61
00741B,1229,13628,44.05,2,6004,44.05,2,18.82
00746B,1377,2535464,99.55,26,2524445,99.46,21,0.09
00749B,204,1104500,99.78,7,1102227,99.75,6,0.03
00750B,74,148000,99.61,4,147442,99.32,3,0.04
00751B,69690,5155103,74.72,331,3852933,72.01,95,3.13
00752,17666,301716,38.84,39,117262,34.07,14,14.28
00753L,10947,732657,52.28,251,383258,37.84,80,3.14
00754B,456,1405900,99.76,15,1402598,99.73,14,0.05
00755B,1061,280230,97.75,8,273961,97.59,7,0.85
00756B,2384,1506800,97.88,18,1475138,97.7,13,0.33
00757,74130,290994,31.5,33,91723,28.38,17,33.37
00758B,123,5525,90.49,1,5000,90.49,1,2.14
00759B,120,47525,98.89,1,47000,98.89,1,0.16
00760B,663,435020,99.09,6,431084,99.09,6,0.29
00761B,3609,2732589,98.53,33,2692991,98.36,25,0.29
00762,22875,47248,18.83,7,8905,13.6,3,52.22
00763U,4866,50565,54.71,19,27675,44.25,10,19.24
00764B,9091,1562000,93.53,34,1461214,93.03,20,1.46
00768B,1751,763600,98.2,27,750051,97.53,20,0.4
00770,18760,80958,12.11,10,9823,6.49,4,41.54
00771,2123,14225,15.1,2,2150,11.94,1,30.59
00772B,42642,3404790,80.03,146,2725878,78.25,44,2.94
00773B,9475,2555290,95.39,42,2438039,95.01,26,0.87
00775B,185,232100,99.85,8,231777,99.23,6,0.07
00777B,221,1920650,99.93,13,1919360,99.88,12,0.01
00778B,190,1505650,99.94,12,1504926,99.89,10,0.01
00779B,683,1297150,99.55,9,1291456,99.48,8,0.1
00780B,1349,268102,97.53,10,261492,96.57,7,1.21
00781B,681,8336,30.72,3,2562,17.99,1,18.09
00782B,1244,19467,19.94,4,3886,11.49,2,16.49
00783,839,8031,13.59,2,1092,0,0,23.04
00785B,249,1082966,99.83,11,1081256,99.75,9,0.02
00786B,1379,22066,33.48,7,7393,18.51,2,16.13
00787B,1069,12806,40.82,6,5230,15.61,1,17.46
00788B,1583,25706,25.29,8,6508,11.98,2,15.41
00789B,380,455600,99.38,11,452790,99.07,9,0.18
00791B,99,279600,99.72,7,278827,99.5,6,0.02
00792B,457,2277115,99.84,14,2273526,99.84,14,0.03
00793B,437,3526,17.16,1,605,0,0,24.25
00795B,40340,1694598,57.21,154,969860,53.48,47,5.75
00799B,1761,25536,17.3,4,4420,10.8,2,17.58
00830,157377,695965,24.6,57,171305,21.69,26,35.55
00834B,142,23198,96.13,5,22302,94.36,4,1.01
00836B,430,611541,99.58,13,609075,99.14,9,0.11
00840B,90,59431,99.27,3,59000,99.27,3,0.14
00841B,117,70440,98.66,4,69500,98.66,4,0.21
00842B,777,16267,51.58,5,8393,44.5,3,11.06
00844B,320,230175,98.99,5,227860,98.99,5,0.3
00845B,223,237551,99.55,4,236501,99.55,4,0.12
00846B,274,74350,98.18,2,73000,98.18,2,0.52
00847B,432,8305,59.04,3,4904,42.14,1,11.2
00848B,160,136066,99.21,2,135000,99.21,2,0.14
00849B,107,485106,99.88,5,484586,99.78,4,0.01
00850,80970,416444,17.74,31,73999,15.75,19,39.45
00851,2207,5525,27.87,1,1540,27.87,1,44.13
00852L,528,8865,64.89,3,5755,49.79,1,9.54
00853B,2436,182634,91.13,12,166449,89.73,7,3.37
00856B,432,6792,63.68,3,4326,44.16,1,9.52
00857B,17133,563768,52.09,73,293771,47.27,26,7.61
00858,19926,118874,16.78,13,19970,13.59,6,30.87
00859B,1418,25511,25.06,6,6397,18.31,3,12.01
00860B,367,3171,15.42,1,489,0,0,22.52
00861,18836,68412,5.7,4,3909,1.81,1,52.34
00862B,1623,838881,98.16,12,823494,98.05,10,0.44
00863B,360,576964,99.59,9,574653,99.46,8,0.11
00864B,3550,103222,34.57,22,35699,28.33,11,7.36
00865B,8419,269744,30.51,44,82381,23.32,12,6.06
00867B,211,504650,99.83,10,503834,99.83,10,0.06
00870B,323,564151,99.6,8,561955,99.42,6,0.09
00875,3607,13488,11.67,2,1576,0,0,50.26
00876,20984,75024,13.3,9,9996,9.1,4,46.05
00877,11292,141788,18.72,26,26573,10.88,9,20.16
00878,1592809,18437290,12.15,832,2244316,10.09,146,20.01
00881,315500,2368403,14.31,103,339295,12.83,41,31.68
00882,85274,2003349,26.83,380,537939,17.92,84,10.36
00884B,220,75440,98.73,4,74490,97.42,3,0.42
00885,52325,639238,16.63,91,106480,10.89,32,19.23
00886,1241,4451,10.11,1,450,0,0,47.36
00887,18473,394851,32.66,96,128986,21.91,28,11.5
00888,58692,379978,14.58,20,55463,13.39,12,37.24
00890B,735,18764,72.46,3,13600,63.95,1,8.36
00891,170145,1652090,14.26,94,235803,12.04,32,25.94
00892,38356,271792,16.56,22,45057,14.02,12,33.41
00893,59971,366884,8.58,23,31564,5.44,5,38.97
00894,26008,152509,16.83,15,25688,14.18,8,37.55
00895,30598,152416,10.94,8,16693,9.34,4,43.51
00896,50539,410880,8.72,27,35937,5.52,6,32.07
00897,10772,152512,20.72,27,31632,12.62,7,20.14
00898,11125,153476,14.46,22,22199,7.94,7,22.22
00899,4013,17135,12.83,2,2199,12.83,2,41.8
00900,138837,1718525,16.28,93,280022,13.89,25,21.95
00901,12213,63349,11.91,10,7554,3.98,2,41.36
00902,18772,226497,16.75,31,37989,11.95,12,22.18
00903,7461,51221,12.97,5,6650,10.58,3,36.33
00904,24984,169612,14.01,18,23796,8.14,5,34.68
00905,42154,333827,8.59,17,28737,7.09,8,31.81
00907,21204,172133,15.47,12,26656,13.66,7,30.94
00908,2877,36916,39.03,9,14413,31.23,5,18.96
00909,28538,112204,13.27,10,14918,9.2,3,45.03
00910,46578,138939,15.77,14,21939,11.77,5,46.61
00911,10323,19403,14.89,4,2893,5.29,1,52.83
00912,8077,59253,23.86,7,14140,21.61,5,32.04
00913,7655,29266,12.18,4,3570,4.16,1,46.9
00915,76338,551983,17.8,37,98373,15.89,19,34.92
00916,24687,159419,19.69,17,31417,16.03,8,35.12
00917,12101,62978,14.7,10,9272,7.66,3,40.24
00918,281577,3594764,9.82,221,353437,7.24,58,20.65
00919,1336597,18120135,11.74,1042,2130759,8.92,148,17.6
00920,8475,20780,17.11,3,3557,12.53,2,52.12
00921,9287,57270,13.54,7,7764,9.8,4,39.93
00922,188186,2076186,30.55,99,634860,28.73,34,21.76
00923,106465,849923,16.36,39,139228,15.07,21,32.01
00924,57247,448603,22.94,30,102964,20.42,13,27.51
00926,9808,89982,46.27,12,41652,43.08,7,24.22
00927,93686,791397,12.95,49,102633,10.4,18,30.13
00928,5270,30356,33.17,6,10077,28.65,4,34.22
00929,408043,4580139,10.78,183,495019,9.04,44,22.57
00930,19889,142279,12.91,8,18403,11.39,5,36.22
00931B,36449,2147398,73.5,109,1578579,71.57,41,4.59
00932,14785,132783,14.54,11,19329,12.35,6,31.03
00933B,82087,6542458,75.7,408,4954097,72.76,96,3.08
00934,47692,408526,10.06,24,41163,7.88,10,31.79
00935,108441,728504,20.94,49,152605,18.38,19,29.74
00936,24286,228797,13.42,8,30729,12.95,6,29.13
00937B,221710,17201805,60.18,3081,10354705,51.46,577,2.78
00938,6452,86516,34.38,9,29751,30.97,5,22.21
00939,105637,1220976,8.02,50,98294,6.07,14,26.62
00940,335243,5633865,13.02,440,734404,9.29,86,17.87
00941,48103,439291,8.83,36,38932,5.35,11,29.78
00942B,10573,2113459,89.54,66,1892925,88.55,29,1.36
00943,4078,41889,34.33,4,14384,30.59,2,26.29
00944,8061,56081,10.36,6,5824,5.26,2,37.15
00945B,19802,819318,38.16,135,312736,30.64,39,5.65
00946,37848,483246,19.17,35,92762,16.69,14,22.13
00947,27822,213364,25.16,26,53748,20.11,9,30.21
00948B,28257,4131927,80.45,313,3325218,77.2,94,1.63
00949,18852,187428,21.31,26,39958,16.79,12,27.26
00950B,13020,4102309,90.64,145,3718922,89.22,50,0.73
00951,14805,186542,20.88,35,38982,13.15,11,20.69
00952,22547,242275,10.81,24,26246,5.76,6,25.27
00953B,50404,4273675,51.42,1243,2198414,37.72,286,2.35
00954,9884,97747,20.24,16,19803,14.71,7,25.25
00955,45419,602431,23.0,75,138664,18.39,28,19.03
00956,3351,34630,21.95,7,7611,10.3,2,24.09
00957B,4288,204763,50.39,33,103212,44.57,15,5.87
00958B,4646,127771,22.06,26,28213,14.61,9,10.3
00959B,9877,531836,48.95,76,260438,42.57,22,4.61
00960,10132,64995,12.37,6,8051,9.29,3,39.5
00961,20017,232511,7.97,14,18563,5.42,5,23.56
00962,5706,56920,25.68,10,14626,20.58,6,26.25
00963,4433,93933,31.66,23,29754,22.33,10,11.29
00964,3715,64124,26.9,16,17266,16.68,6,13.64
00965,38087,476992,41.96,49,200214,39.44,29,18.89
00966B,4134,126232,38.49,20,48605,33.42,10,10.34
00967B,2712,183907,70.97,36,130557,61.9,11,4.18
00968B,8679,739011,64.97,93,480329,60.36,39,2.98
00969B,2226,174133,72.95,49,127058,61.79,19,3.44
00970B,6186,384229,59.27,57,227790,53.44,23,4.59
00971,7542,64177,19.72,10,12673,14.28,5,28.7
00972,1832,19172,33.04,3,6337,30.93,2,22.46
009800,20812,290391,23.46,48,68197,18.27,22,18.36
009801,8769,109619,29.51,19,32364,23.85,9,20.96
009802,40873,539995,13.17,53,71217,8.38,14,21.52
009803,17342,159828,13.3,17,21290,9.49,8,27.02
009804,14969,117392,8.17,9,9618,5.2,4,30.82
009805,57656,683816,21.24,79,145421,16.44,24,22.04
009806,1147,15161,58.71,6,8904,51.61,4,16.31
009807,1255,15760,55.92,8,8816,37.34,3,18.78
009808,4385,41511,11.56,5,4801,9.45,3,30.73
009809,2612,33363,33.26,10,11102,20.96,3,21.74
00980A,72013,729230,18.15,55,132460,15.74,23,25.59
00980B,1612,53569,44.05,15,23611,34.63,6,8.09
00980D,3375,98457,40.79,26,40172,30.7,10,8.03
00980T,3653,72918,43.49,13,31721,36.35,4,14.38
009810,1979,19154,21.36,3,4091,19.01,2,24.59
009811,25476,277950,21.77,42,60577,14.98,13,23.72
009812,6513,106882,38.56,24,41227,29.35,9,16.09
009813,27334,410824,26.67,61,109628,20.02,19,18.81
009814,13227,156076,19.48,23,30440,14.6,10,22.67
009815,34956,526670,21.87,78,115273,15.25,21,18.53
009816,850603,9707844,16.22,1012,1576913,11.32,217,22.53
009817,11322,264936,29.32,65,77706,19.46,18,12.3
009818,5980,58152,5.3,3,3092,4.6,2,32.76
009819,61649,707245,12.7,63,89977,9.45,25,26.19
00981A,989957,9420209,19.45,986,1833620,14.76,242,23.08
00981B,15729,1410113,51.2,505,722284,34.81,123,2.07
00981D,9235,585800,48.82,163,286091,35.49,39,3.22
00981T,7185,191261,36.06,52,69014,20.53,8,9.92
009820,44804,1442702,41.3,293,596209,31.2,65,9.17
009821,22787,287840,18.88,27,54442,14.89,10,26.17
009822,8306,127056,9.86,11,12552,5.86,3,23.84
00982A,180542,2196936,16.65,164,366267,13.19,36,21.63
00982B,814,28900,64.97,6,18779,63.24,5,6.49
00982D,2886,77729,38.29,23,29780,25.3,7,9.89
00982T,1868,18597,31.14,6,5794,14.42,2,28.78
00983A,12441,175686,31.44,20,55248,26.91,8,17.53
00983B,926,30153,53.24,7,16056,46.69,4,7.6
00983D,4182,103697,31.44,34,32622,16.44,8,7.81
00984A,50702,468958,17.82,40,83655,13.81,13,28.11
00984B,4162,148433,37.96,37,56390,27.3,11,6.75
00984D,6912,415057,43.77,128,181748,29.57,35,3.96
00985A,50171,493289,16.69,40,82425,13.73,15,26.45
00985B,8489,607001,56.56,146,343442,46.05,40,3.55
00985D,1566,77232,70.04,17,54112,59.81,6,5.02
00986A,5117,43827,19.82,7,8693,13.48,3,30.78
00986B,406,24762,83.28,8,20623,76.8,5,3.75
00986D,2445,163677,50.08,46,82008,40.54,24,3.42
00987A,20244,186143,16.99,19,31648,12.67,6,30.2
00987B,2455,72327,50.63,20,36631,39.44,9,9.13
00988A,211622,2637937,24.87,317,656618,19.4,76,19.75
00988B,3888,84833,17.21,15,14612,7.45,4,12.49
00989A,7341,76617,18.33,7,14061,14.12,3,25.14
00989B,1639,56452,50.08,11,28284,43.37,6,9.47
00990A,116729,2153522,35.16,405,757602,25.7,90,14.16
00991A,231218,3113416,24.86,361,774570,19.95,105,19.56
00992A,194705,2533455,23.67,235,600294,19.58,65,20.8
00993A,52378,825591,18.71,113,154685,12.49,25,18.62
00994A,34242,311190,14.18,38,44202,9.33,13,26.87
00995A,27387,320035,17.54,26,56215,14.17,9,24.83
00996A,25223,325899,19.71,37,64291,14.31,10,22.69
00997A,61640,943877,21.41,117,202138,15.38,27,19.51
00998A,16130,207109,35.02,23,72561,32.63,14,20.91
00999A,113037,1391517,15.14,108,210885,11.58,26,24.88
01001T,1388,583000,93.14,60,543112,90.06,28,0.51
01002T,3320,1393000,93.53,112,1303305,91.15,61,0.54
01004T,1249,730200,94.07,82,687013,90.46,38,0.31
01007T,1829,720000,92.86,82,668682,89.61,45,0.48
01009T,961,300000,90.31,60,270997,85.69,40,0.63
01010T,868,2308170,98.72,81,2279019,97.99,56,0.05
1101,516680,7523182,55.41,923,4170185,51.23,412,13.2
1101B,7481,200000,94.13,22,188283,91.31,14,2.11
1102,104294,3546563,81.48,340,2890622,79.17,202,6.09
1103,74200,790247,79.28,134,626768,75.57,85,6.19
1104,55379,686682,73.66,114,505989,67.65,45,8.12
1107,3437,10100,99.7,1,10070,99.7,1,0.29
1108,12766,404738,80.58,78,326245,75.76,45,6.29
1109,12063,341159,79.65,73,271790,72.87,36,5.86
1110,5274,572001,93.74,54,536299,91.39,35,1.01
1113O,179,842,0,0,0,0,0,63.29
1113R,382,2129,0,0,0,0,0,30.66
1201,88119,506063,62.97,56,318772,59.57,28,12.56
1203,55573,240000,91.05,51,218571,86.69,35,3.02
1204,3523,18380,45.72,6,8407,31.76,2,19.66
1207,46750,464094,77.22,48,358465,75.24,31,9.49
1210,102005,894767,64.31,130,575551,60.36,70,15.22
1212,30434,174171,44.23,45,77058,35.58,20,17.36
1213,6601,56623,82.22,12,46565,77.46,8,7.28
1215,95569,294790,60.44,43,178245,54.99,18,22.96
1216,149740,5682015,88.97,760,5055967,85.42,444,4.2
1217,139783,494513,60.37,125,298651,53.09,69,15.07
1218,83154,499999,67.81,70,339166,63.37,34,11.64
1219,53493,341238,61.94,80,211407,56.96,52,11.17
1220,47112,177078,67.54,46,119651,60.4,27,10.46
1221,18686,95202,34.12,22,32505,25.81,10,21.97
1224,3621,71910,88.35,20,63542,82.37,13,3.39
1225,42799,242268,89.53,38,216957,87.01,28,3.17
1227,55012,915090,66.86,74,612104,63.95,30,13.13
1228,1584,11132,37.92,5,4224,12.17,1,11.99
1229,103826,1795961,65.1,157,1169571,62.25,73,10.72
1231,35477,298454,64.77,27,193350,62.86,17,16.76
1232,16831,159975,73.68,10,117883,72.19,6,12.89
1233,10064,90592,74.38,26,67398,67.63,15,4.92
1234,24387,401871,83.24,137,334599,74.32,80,5.6
1235,2971,188578,96.34,16,181716,95.13,12,1.12
1236,11837,86674,83.59,24,72470,77.96,18,6.99
1238,2044,29948,11.73,4,3516,8.56,2,21.52
1240,3039,44232,69.66,25,30817,49.12,11,8.11
1256,6369,35775,61.15,11,21882,47.12,3,17.79
1259,16498,32390,76.68,9,24842,71.27,6,9.4
1260,1347,102098,75.9,29,77512,70.63,20,2.09
1264,9007,37052,48.51,17,17984,24.84,5,23.6
1268,3379,42224,77.94,17,32913,72.17,12,8.59
1269,674,20902,77.68,7,16241,72.74,5,2.9
1271,3002,60389,66.92,18,40417,55.44,7,7.59
1293,391,17094,73.82,11,12622,42.07,4,3.05
1294,4216,30572,56.72,12,17344,39.84,4,9.95
1295,3171,34475,56.16,14,19368,44.61,8,15.61
1301,309437,6365741,72.83,565,4637849,70.18,291,9.8
1303,225041,7930822,86.7,681,6877983,84.35,381,4.47
1304,101531,1188764,60.86,110,723680,57.92,50,13.97
1305,72777,581050,51.99,58,302188,48.63,24,16.87
1306,6140,44601,21.3,4,9502,19.37,2,23.58
1307,17055,397818,82.67,67,328976,79.15,44,6.0
1308,77123,593744,51.84,60,307960,48.45,27,16.81
1309,79394,397587,46.43,31,184715,43.38,10,22.4
1310,106730,527870,29.76,85,157181,23.58,29,25.09
1312,128512,1106620,50.82,169,562657,45.21,66,16.1
1312A,1287,20000,54.18,12,10840,21.4,2,13.66
1313,63433,1330846,66.85,161,889954,62.61,69,9.81
1314,302318,3784850,39.34,775,1489876,30.85,244,14.39
1315,5993,99099,80.7,42,79989,70.24,25,6.63
1316,61426,375946,38.46,84,144636,28.5,24,18.92
1319,26405,591477,86.52,97,511864,83.07,60,6.51
1321,4090,227228,69.73,91,158486,53.99,36,2.75
1323,12964,91275,70.72,37,64562,60.92,23,8.92
1324,23607,75122,66.65,21,50084,59.28,12,16.48
1325,36107,85281,48.02,10,40961,44.6,5,27.46
1326,180267,5861186,82.4,507,4830848,79.83,260,5.99
1333,15946,74515,51.18,14,38154,43.03,3,11.0
1336,11498,77614,50.57,22,39266,38.23,6,11.57
1337,52467,268955,48.26,62,129850,38.33,17,14.59
1338,55897,83840,42.62,24,35748,32.88,11,19.42
1339,7399,74124,74.42,15,55170,72.3,13,11.35
1340,62081,152923,34.91,24,53431,29.04,8,19.94
1341,9821,52851,85.03,17,44945,75.97,9,2.59
1342,9117,78001,58.29,14,45476,51.58,5,17.6
1343,1232,40514,67.03,23,27163,42.13,7,5.68
1402,93627,5352875,88.08,449,4715991,85.92,262,3.19
1407,162466,441344,35.24,76,155617,28.83,29,29.8
1407A,4932,67914,53.44,9,36304,52.81,8,18.89
1408,70881,352696,20.64,72,72860,12.5,23,29.39
1409,141856,1618409,67.2,210,1087948,64.07,127,12.59
1410,6646,62000,76.14,19,47219,68.15,11,5.41
1413,8565,132112,75.77,26,100125,69.25,13,5.89
1414,26463,198000,88.23,38,174727,82.9,22,4.89
1416,46110,185342,54.99,41,101962,49.13,22,14.79
1417,55747,189942,57.99,51,110183,47.56,19,16.66
1418,30712,56834,71.42,19,40602,58.95,7,5.48
1419,17121,300041,90.67,72,272149,85.54,48,2.23
1423,18362,99648,82.54,26,82266,75.92,16,5.07
1432,257431,108000,54.8,16,59197,53.88,14,29.63
1434,63163,1684665,72.07,168,1214424,68.36,65,7.53
1435,33412,139780,94.89,24,132651,93.06,19,2.15
1436,14018,194152,77.36,42,150245,73.88,31,8.86
1437,8757,201871,79.37,75,160253,67.11,37,4.95
1438,5129,111206,83.09,29,92428,76.35,18,5.15
1439,4467,92000,85.09,32,78295,74.68,17,5.11
1440,95692,1656816,77.92,273,1291350,73.04,141,7.02
1441,14984,71744,65.0,15,46656,58.35,7,19.83
1442,9258,366211,86.22,108,315796,77.36,61,3.62
1443,15838,135343,89.86,40,121645,81.1,21,2.82
1444,56151,995595,65.33,140,650571,61.01,73,9.34
1445,11992,130666,68.75,40,89855,59.67,21,7.72
1446,7767,137710,67.46,30,92924,63.3,20,8.33
1447,33600,910071,71.33,139,649368,66.54,70,7.53
1449,46119,127115,39.12,28,49744,32.57,15,24.64
1450,15169,79287,25.69,14,20375,20.92,8,25.44
1451,17118,198000,62.94,38,124672,56.62,15,11.15
1452,47335,132641,48.5,41,64363,37.31,18,15.61
1453,14308,113243,75.53,18,85552,73.67,14,12.47
1454,13858,129834,81.74,35,106160,77.56,27,6.44
1455,35147,531688,67.01,78,356427,63.02,43,11.59
1456,4639,93720,85.36,15,80023,80.62,8,3.46
1457,16869,316730,74.44,70,235834,68.0,38,6.81
1458,21188,260762,59.73,59,155789,51.01,23,13.69
1459,14116,358629,85.51,78,306728,79.2,42,4.52
1460,23099,694643,72.21,125,501719,65.63,54,5.99
1462,61276,301372,46.51,100,140233,34.29,37,16.02
1463,33658,173268,81.16,42,140654,74.37,20,5.28
1464,63657,425576,61.14,85,260328,54.13,38,10.1
1465,10382,103607,72.1,37,74733,62.38,22,10.21
1466,20928,111157,71.53,39,79552,64.39,25,8.54
1467,18160,233625,65.95,39,154125,60.23,19,10.37
1468,1327,160405,97.57,18,156531,96.81,16,0.41
1469,336,87218,92.35,28,80568,87.63,21,0.17
1470,1239,85767,87.29,36,74879,70.21,13,0.76
1471,56997,150415,23.06,24,34692,18.2,10,30.46
1472,3641,52488,79.83,16,41916,69.64,7,2.63
1473,12774,146154,71.87,31,105080,69.0,24,9.94
1474,16582,129897,59.3,32,77045,52.75,17,13.59
1475,2339,66017,76.27,16,50372,68.98,8,4.52
1476,19209,274367,80.98,78,222235,74.22,48,6.39
1477,30229,246694,63.34,78,156290,53.49,41,15.32
1480,365,416085,98.22,61,408705,94.46,38,0.15
1491,1721,54818,59.62,25,32694,44.24,12,3.37
1492R,86,526,0,0,0,0,0,36.14
1503,80411,520972,73.68,67,383912,71.1,44,14.08
1504,214301,2376441,70.16,212,1667648,67.71,119,15.16
1506,21577,300389,77.03,45,231444,71.36,16,4.37
1512,20127,98183,53.9,19,52930,47.81,8,9.63
1513,165609,503113,42.0,76,211391,37.47,40,37.93
1514,96763,273108,47.14,62,128776,39.79,29,32.93
1515,22331,181474,50.52,38,91728,40.88,11,19.41
1516,44923,40008,63.71,14,25499,58.75,11,11.61
1517,46535,220000,48.49,30,106708,44.11,14,22.33
1519,82457,315881,73.66,76,232758,67.45,45,12.77
1521,23690,76230,68.63,13,52329,66.46,10,13.72
1522,31077,312898,57.76,52,180807,52.39,24,20.2
1522A,1485,30000,89.08,10,26728,81.87,7,4.71
1524,46529,165310,38.49,21,63664,35.27,12,31.94
1525,3309,73400,88.09,8,64663,86.15,6,5.67
1526,52268,60000,36.96,11,22185,29.94,3,23.91
1527,64827,138571,31.63,21,43849,27.13,10,29.41
1528,93969,191331,31.25,14,59837,28.9,5,40.03
1529,27569,155095,46.44,25,72070,40.31,10,24.95
1530,10968,94594,75.44,14,71377,70.06,6,11.33
1531,13009,182108,63.5,51,115666,54.03,21,9.31
1532,20027,422604,65.95,107,278784,58.11,52,8.73
1533,10074,98547,63.28,35,62375,52.11,18,17.51
1534,4109,67740,46.9,19,31785,35.28,7,13.15
1535,9994,123743,75.45,10,93376,75.04,9,11.17
1536,84922,278960,33.39,51,93210,27.59,24,32.52
1537,15587,82063,51.76,25,42491,42.7,14,23.64
1538,7654,32300,78.45,7,25345,70.77,3,6.61
1539,5443,65370,60.92,12,39830,58.44,9,16.46
1540,40206,85474,35.07,22,29986,24.46,7,31.57
1541,2479,78800,83.75,15,66013,79.45,10,4.83
1557,114,1733,30.38,1,527,0,0,13.79
1558,28346,64536,34.47,30,22250,8.57,4,25.15
1560,25385,150189,64.81,63,97375,48.5,27,12.66
1563,43881,225608,46.69,73,105375,34.09,27,12.57
1565,37318,50417,18.35,12,9263,8.3,3,38.3
1568,9674,103087,67.61,35,69724,58.06,18,12.52
1569,24544,144247,51.73,34,74651,42.89,13,15.1
1570,34958,51501,55.71,13,28697,42.94,2,11.52
1580,27200,49339,40.09,15,19791,29.88,8,25.27
1582,68015,144269,31.03,24,44777,26.74,13,35.55
1583,2512,109400,91.25,17,99839,89.51,14,3.05
1584,56642,232471,41.16,37,95714,36.17,18,22.4
1585,937,57700,65.29,32,37687,45.66,12,3.12
1586,11401,106849,72.33,36,77303,66.01,24,9.47
1587,12425,80056,46.31,21,37093,37.81,8,21.55
1589,43145,153136,28.36,30,43475,21.01,11,24.97
1590,7049,200000,72.24,101,144517,52.41,36,1.8
1591,32073,38048,22.04,10,8392,8.54,1,22.12
1592,6284,110978,26.43,25,29351,18.1,8,15.25
1593,3321,39785,49.87,18,19843,35.41,9,13.89
1594,699,33220,83.03,13,27585,72.67,8,3.64
1595,9427,55223,46.15,21,25488,36.45,12,18.85
1597,18706,89262,53.43,33,47709,43.14,19,25.36
1598,10780,179142,60.59,50,108568,52.85,29,11.7
1599,12023,73029,64.86,20,47384,57.35,12,17.17
1601,16674,106276,11.5,13,12236,6.23,3,26.0
1602,274542,387592,12.12,26,47056,9.53,9,58.25
1603,13795,191688,72.51,31,139040,69.16,20,12.86
1604,102346,384200,58.16,69,223560,52.9,36,17.46
1605,271164,4431333,73.67,346,3265298,71.4,185,11.07
1606,77630,770388,15.79,120,121814,9.41,32,24.56
1608,52979,632774,64.78,59,410054,61.02,22,16.46
1609,202489,785262,30.88,107,242657,27.34,60,32.24
1611,87327,322736,54.22,81,175043,45.93,37,20.35
1612,38061,316080,62.18,64,196596,56.27,33,17.2
1613,22774,227418,57.73,67,131329,47.37,28,9.98
1614,4236,269113,82.74,83,222694,75.58,52,2.25
1615,8633,196664,80.34,34,158024,76.85,22,6.76
1616,15214,194149,59.95,27,116421,55.8,15,16.12
1617,11843,169515,75.71,37,128356,70.13,23,10.2
1618,23051,192692,57.56,28,110960,53.78,15,22.11
1623,6441,66000,78.14,13,51580,74.37,9,12.19
1626,9959,149822,70.24,51,105270,60.09,27,8.38
1702,64161,294133,56.47,27,166147,53.63,14,20.27
1707,67702,148137,55.73,53,82585,44.82,29,20.87
1708,81464,249002,45.66,53,113747,39.71,29,29.3
1709,44514,477016,63.06,117,300860,53.46,47,12.08
1710,60800,885703,61.36,127,543647,55.95,52,12.29
1711,101629,547752,43.87,81,240413,38.98,37,25.66
1712,82370,420493,57.34,128,241207,46.61,57,14.69
1713,23706,150952,73.33,29,110724,66.61,11,7.27
1714,93370,991825,62.93,152,624293,57.64,68,11.9
1717,103388,1172245,64.57,221,757073,58.63,112,16.2
1718,171750,1685906,54.91,231,925990,49.8,87,13.82
1720,15443,178696,65.81,33,117624,59.5,15,14.28
1721,68636,184884,39.38,31,72865,33.88,15,28.56
1722,123731,980000,65.41,152,641197,60.0,68,12.23
1723,63383,236904,52.45,37,124322,47.88,18,22.03
1725,3785,181830,94.21,20,171334,93.1,17,2.82
1726,9614,162000,85.77,27,138964,83.95,22,4.86
1727,24062,128020,55.51,24,71086,49.73,12,26.55
1729,4209,180688,91.39,47,165189,85.84,32,3.55
1730,10265,63234,57.3,11,36241,53.73,8,25.67
1731,18656,132915,56.0,19,74454,51.39,9,15.24
1732,38257,42444,46.4,5,19696,44.13,4,29.85
1733,38839,99950,40.38,16,40371,31.8,5,21.94
1734,71306,190197,47.66,41,90679,39.92,17,19.18
1735,8667,99388,78.69,13,78224,77.67,11,10.09
1736,8599,303395,87.45,40,265340,82.95,21,3.86
1737,74988,200000,63.73,28,127501,59.25,13,18.0
1742,11515,92671,81.06,28,75131,70.84,13,4.49
1748,710,14304,39.26,3,5618,36.13,2,16.91
1748R,105,529,0,0,0,0,0,61.98
1752,8351,100988,63.97,20,64627,57.6,11,15.91
1760,39029,85739,42.52,21,36475,33.91,8,26.31
1762,54331,76918,45.19,15,34774,36.1,5,22.12
1773,16273,300000,75.29,58,225912,69.66,30,7.57
1776,3393,60107,67.19,34,40395,44.12,13,9.31
1777,3403,44592,59.52,9,26551,51.67,4,12.16
1780,3720,109075,75.74,42,82641,61.36,19,5.38
1781,35698,47408,43.58,21,20669,26.17,7,22.35
1783,38434,89698,63.59,20,57058,55.23,7,10.64
1784,34374,53121,28.38,15,15089,15.79,5,25.13
1785,122654,595980,46.82,114,279135,40.83,56,24.59
1786,44556,74828,51.72,26,38714,44.89,17,17.44
1788,7867,44521,50.0,15,22271,40.1,8,23.42
1789,25227,790739,76.97,55,608792,74.69,23,6.38
1794,131,1322,0,0,0,0,0,16.46
1795,40645,266874,57.39,29,153224,52.86,10,21.83
1796,7656,41460,55.7,12,23105,45.18,5,8.47
1799,5759,124690,68.12,9,84956,66.48,5,8.32
1802,201988,2908061,76.86,165,2236019,75.17,88,12.55
1805,9737,134970,77.76,38,104983,70.29,22,5.33
1806,25014,390404,74.58,61,291229,70.32,34,9.75
1807,7565,114403,47.35,37,54175,38.19,20,12.55
1808,28939,893032,79.55,95,710517,77.7,67,6.9
1809,53563,167042,48.51,33,81061,42.5,17,29.66
1810,19494,302304,66.61,74,201439,61.67,49,13.86
1813,9128,46636,48.53,17,22640,33.69,5,22.79
1814,452,18982,74.93,11,14225,57.36,6,4.45
1815,180208,585514,33.83,75,198163,30.42,45,39.11
1816,901,24515,94.8,2,23242,91.94,1,1.83
1817,4623,72600,65.19,26,47340,58.43,17,11.56
1818,136,11638,75.48,7,8785,63.86,5,1.48
1819,137,33504,83.51,17,27987,65.69,9,0.51
1903,21139,260039,80.78,64,210117,74.62,40,4.2
1904,335234,1108275,66.11,139,732963,61.83,67,13.97
1905,67185,1102835,71.79,72,791958,69.55,31,12.32
1906,12798,151000,74.41,26,112391,70.18,17,11.07
1907,87251,1660371,84.16,212,1397718,80.45,113,5.73
1909,85349,1327686,66.87,165,888113,62.24,68,8.8
1918,30904,241426,20.55,26,49684,17.57,15,31.78
2002,1363548,15734861,52.07,1480,8195455,48.36,457,16.62
2002A,5390,38268,22.5,10,8618,11.45,3,28.5
2006,63853,730214,79.33,149,579417,73.8,86,9.0
2007,28162,530652,76.54,12,406278,75.66,4,9.26
2008,7650,190852,92.25,18,176096,90.92,14,3.27
2009,49711,359622,57.12,17,205531,55.16,6,25.44
2010,34782,647655,70.56,122,457061,66.13,74,10.25
2012,44673,302163,84.19,80,254454,74.96,34,5.06
2013,44174,200000,79.27,24,158566,77.12,17,11.13
2014,177436,1435544,49.37,94,709064,46.56,29,20.52
2015,12014,581599,88.23,155,513262,81.73,93,2.95
2017,41475,446875,61.93,67,276815,57.53,33,13.07
2020,60352,267031,50.04,50,133707,44.71,29,17.14
2022,63174,337168,39.93,34,134693,36.43,15,22.52
2023,104082,1841240,78.67,119,1448834,76.88,64,7.31
2024,50669,97500,82.99,13,80927,80.76,9,7.03
2025,30555,172661,63.12,31,109005,59.05,19,11.76
2027,121111,2584261,73.93,371,1910887,69.9,201,8.44
2028,21736,325715,83.65,41,272511,81.19,28,6.57
2029,14676,321180,71.44,23,229525,68.36,6,9.02
2030,57889,280526,46.89,40,131588,43.17,24,20.96
2031,67063,321146,55.84,60,179369,50.58,33,17.87
2032,12384,130522,58.79,42,76758,48.56,20,18.09
2033,5041,80695,74.15,30,59850,60.81,15,8.56
2034,39363,528996,49.72,103,263140,42.58,40,16.26
2035,20895,350000,96.71,23,338535,96.24,21,0.64
2038,24260,194134,54.33,26,105535,50.0,13,17.54
2049,67967,353792,68.77,106,243368,60.39,55,14.85
2052R,5571,9170,10.19,2,935,0,0,49.59
2056,251,105000,94.01,44,98739,86.93,33,0.43
2058,37206,305465,25.84,63,79003,18.36,22,17.1
2059,20112,95297,66.8,31,63680,58.75,18,4.79
2060,135,35739,87.22,4,31173,87.22,4,0.33
2061,10337,57378,57.79,31,33173,32.78,8,10.69
2062,11623,199994,62.05,40,124129,55.93,17,12.9
2063,3390,48101,53.77,19,25875,37.52,7,12.89
2064,1655,69330,83.04,30,57585,72.43,16,4.54
2065,49408,63517,52.77,18,33527,42.68,9,19.4
2066,3180,44450,68.65,19,30522,53.56,8,11.43
2067,2283,45138,56.5,12,25510,49.07,6,10.46
2069,9618,166387,61.91,43,103032,52.71,19,13.17
2070,6287,41783,56.51,15,23622,47.35,8,24.26
2071,1050,69046,82.82,21,57193,74.46,12,2.69
2072,9275,192000,76.25,31,146439,72.08,16,7.34
2073,617,27500,75.13,14,20663,53.47,6,3.28
2101,37219,733935,64.54,132,473823,58.4,61,8.81
2102,79549,473329,80.34,66,380374,76.12,35,5.7
2103,85993,825710,54.68,115,451625,49.8,47,12.76
2104,108754,984734,45.42,204,447376,36.82,68,12.56
2105,85064,3241416,80.43,296,2607852,77.93,158,6.04
2106,33358,954890,79.9,165,763134,74.9,85,5.27
2107,47919,303593,62.13,72,188680,56.78,43,14.08
2108,54956,492417,69.83,94,343947,64.65,56,12.15
2109,35215,279349,74.41,70,207938,66.65,35,5.87
2114,5458,77992,65.37,19,50997,58.53,9,11.29
2115,3873,104373,70.21,36,73305,58.64,17,6.31
2201,93565,1070001,63.62,109,680924,59.69,44,13.84
2204,40892,553620,74.47,60,412377,71.57,34,11.74
2206,70035,783676,84.09,99,659125,80.55,59,6.44
2207,15763,557103,89.2,110,497099,83.27,54,1.98
2208,124006,1274539,55.61,146,708979,50.81,45,15.17
2211,23705,417091,82.82,59,345501,78.6,32,6.66
2221,3872,42325,64.71,4,27392,64.71,4,16.71
2227,7748,300000,93.51,11,280532,93.27,10,3.67
2228,10125,79780,56.71,14,45254,53.88,10,21.35
2229,59,1462,41.04,1,600,0,0,7.78
2230,10110,68030,46.67,28,31767,28.09,10,16.84
2231,12859,135932,67.39,33,91631,62.75,20,14.28
2233,36357,60289,53.11,19,32038,35.19,4,19.91
2235,1373,35878,83.81,12,30076,76.02,8,6.62
2236,2609,63030,74.2,21,46788,64.03,11,5.07
2237,2090,121773,81.17,21,98855,74.98,8,3.37
2239,2752,117713,80.2,17,94432,78.25,13,4.43
2241,28778,104602,44.54,33,46609,35.41,16,17.11
2243,3227,69374,64.95,33,45076,47.6,14,9.01
2245,490,32400,77.79,10,25209,66.91,5,2.69
2246,2881,42613,68.53,3,29213,65.07,1,9.14
2247,8350,80711,76.7,13,61928,72.7,8,10.2
2248,998,47600,79.52,16,37864,71.79,11,3.31
2249,1182,25538,71.25,14,18204,54.36,6,6.92
2250,9002,36388,52.22,5,19005,48.97,3,20.89
2252,1964,106618,79.68,18,84980,73.28,7,3.97
2254,2656,63908,92.87,16,59365,86.23,9,1.37
2255,1988,60932,79.79,19,48622,73.18,11,4.56
2256,2310,39024,57.85,15,22582,42.66,5,11.13
2258,9322,1751236,93.75,53,1642040,92.63,24,1.19
2301,217385,2316108,78.58,432,1820559,73.76,259,11.45
2302,21277,166303,63.96,22,106394,58.92,9,18.32
2303,873059,12576985,77.08,1202,9695807,74.45,677,10.84
2305,21861,205661,67.81,29,139500,63.13,14,14.34
2308,454647,2597543,82.75,580,2150019,75.62,285,6.24
2312,206073,1505921,49.92,203,751924,45.98,104,24.13
2313,299474,1191821,60.09,209,716487,54.62,107,25.93
2314,53698,106126,9.63,15,10238,3.29,3,46.04
2316,58260,182741,67.88,55,124065,58.42,26,18.57
2317,1126490,14073424,70.47,1440,9919700,67.82,834,12.77
2318,28591,106036,26.91,15,28556,22.71,7,30.06
2321,14819,30272,70.86,3,21456,67.91,2,14.61
2323,138371,1089348,44.68,203,486947,37.65,76,18.34
2324,342559,4407147,63.73,573,2809579,60.21,320,16.91
2326,48354,40340,12.6,6,5095,6.42,2,45.82
2327,352784,2071465,73.87,376,1530790,68.78,208,12.6
2328,121290,518346,41.41,56,214762,37.74,28,30.93
2329,130709,658948,51.72,67,340954,48.15,30,25.99
2330,2835392,25932370,87.92,2597,22804301,85.22,1484,5.59
2331,58374,557403,58.0,55,323403,54.6,23,18.5
2332,90913,602170,46.44,124,279767,40.08,57,18.11
2333,87813,277761,28.93,56,80404,20.26,18,32.91
2335,6038,49509,35.56,13,17615,25.37,4,20.04
2337,444889,1981857,49.71,308,985609,45.21,158,28.0
2338,81241,366849,48.92,55,179551,44.28,29,24.8
2340,110769,438623,38.3,58,168093,32.83,20,27.49
2341,23880,6852,86.94,1,5957,86.94,1,8.92
2342,140351,157475,42.94,21,67647,36.48,7,34.17
2344,427925,4500000,74.46,492,3351249,71.35,268,12.94
2345,74434,561118,71.15,225,399284,56.73,98,4.44
2347,40364,1667947,88.8,262,1481451,85.08,163,4.13
2348,25209,151899,69.06,28,104924,66.24,21,14.61
2348A,2713,30000,67.05,7,20120,55.71,2,7.3
2349,146071,693680,29.08,112,201919,22.54,40,27.56
2351,20603,193679,74.96,80,145224,61.44,42,11.79
2352,191281,1580507,48.32,222,764125,43.22,91,19.36
2353,405370,3047954,38.98,337,1188509,35.06,142,26.11
2354,199875,1414485,45.21,117,639772,42.54,56,28.33
2355,82599,397495,39.83,91,158389,32.57,45,31.42
2356,273960,3587475,73.13,378,2624431,70.14,205,14.42
2357,120608,742760,73.92,215,549235,64.01,103,11.25
2358,39782,136623,27.69,17,37843,23.45,7,27.38
2359,66070,171471,44.84,32,76915,38.02,15,36.09
2360,31651,425246,71.2,186,302873,55.73,80,3.01
2361,19329,46544,52.93,6,24640,47.2,2,20.73
2362,33727,622263,79.46,108,494614,76.18,75,8.57
2363,126047,514988,36.63,68,188773,32.04,31,32.76
2364,56622,52389,55.02,10,28829,51.35,7,23.14
2365,100689,221528,22.31,28,49468,17.69,11,45.98
2367,208882,706253,26.88,83,189918,23.65,45,43.88
2368,72526,521586,78.8,129,411129,70.65,61,6.33
2369,122919,380102,35.62,54,135476,31.91,32,34.66
2371,278557,2150835,47.15,285,1014583,42.3,117,20.24
2373,14313,236203,87.25,28,206105,86.04,24,6.98
2374,105845,336570,28.44,48,95819,23.49,21,37.77
2375,68078,108675,35.35,23,38444,30.01,15,41.41
2376,106563,669889,69.67,154,466756,62.82,80,15.78
2377,129219,844856,58.81,157,496959,53.01,81,22.97
2378,17809,141167,33.69,25,47592,26.88,9,20.35
2379,71247,515513,75.24,214,388000,59.43,86,5.64
2380,53099,216934,45.05,40,97765,37.41,11,18.42
2381,2568,119,0,0,0,0,0,32.57
2382,272208,3862627,85.38,505,3298561,81.4,267,7.84
2383,95431,358321,69.2,132,247975,56.52,60,5.74
2384,158030,2047778,28.0,329,573670,20.94,96,18.91
2385,47520,760053,77.27,181,587399,70.73,105,9.85
2387,17082,195251,57.9,29,113121,52.38,14,17.87
2388,60558,555955,67.25,68,373956,63.76,39,16.86
2390,62106,192619,39.13,26,75413,34.87,11,26.84
2392,68416,512327,48.47,59,248439,43.88,20,24.57
2393,50845,443393,68.47,131,303673,60.15,71,13.57
2395,36861,868856,84.96,191,738362,77.86,91,3.46
2396,56612,1276356,45.5,239,581128,37.06,63,10.89
2397,9276,114489,70.41,16,80632,67.94,11,13.63
2398,38491,413167,36.5,47,150861,32.58,20,19.21
2399,51761,178100,38.44,38,68476,31.85,20,32.83
2401,132788,591995,41.91,99,248213,35.5,38,25.74
2402,84850,307537,38.52,47,118529,34.58,26,33.84
2404,69414,190587,53.39,70,101789,39.46,29,19.13
2405,98707,343427,24.39,42,83822,20.12,18,31.55
2406,106435,350906,38.0,69,133439,31.47,33,30.08
2407,48754,734981,37.79,178,277873,27.8,56,11.92
2408,299060,3450206,84.12,274,2902830,82.04,158,8.15
2409,610831,7547099,50.13,949,3785650,45.37,357,16.8
2410,12561,160017,36.32,51,58151,23.68,16,11.18
2412,294109,7757447,79.96,525,6204118,78.15,300,6.59
2413,25187,127359,63.88,35,81369,53.87,17,20.41
2414,15818,161736,59.3,47,95939,48.54,18,14.2
2415,8246,90000,64.63,21,58191,58.94,12,15.48
2417,61798,157219,42.34,20,66591,38.76,12,32.09
2418,64568,1023616,47.73,137,488722,42.08,39,12.99
2419,38739,321317,65.07,16,209136,62.67,2,18.15
2420,38409,152649,51.33,42,78390,39.92,15,20.14
2421,62622,286944,57.5,99,165043,44.98,38,21.21
2423,6398,145047,75.37,32,109343,69.46,17,6.33
2424,4352,59585,83.07,7,49512,79.48,4,7.31
2425,39582,96499,50.11,25,48371,39.31,8,26.97
2426,103328,300622,43.65,59,131285,37.31,29,27.43
2427,21761,198000,52.27,11,103534,49.83,4,21.16
2428,15851,128113,64.48,40,82626,52.45,15,15.07
2429,26237,85500,54.76,21,46833,43.47,7,20.1
2430,38350,116800,63.72,24,74458,57.17,11,15.58
2431,52236,110927,42.46,18,47117,34.92,3,24.02
2432,1279,61860,76.76,8,47492,72.89,4,4.83
2433,8014,144496,79.19,18,114444,78.03,14,10.41
2434,4725,37000,80.43,4,29765,77.5,2,8.85
2435,8984,74767,32.2,10,24091,28.28,4,21.91
2436,73072,204178,25.27,40,51652,18.38,19,41.95
2438,26072,71196,58.33,21,41539,49.32,12,15.35
2439,70416,253645,35.04,56,88929,27.18,24,32.59
2440,8936,139117,69.93,27,97308,66.4,19,10.64
2441,59494,568846,68.19,81,387979,63.75,40,17.27
2442,48412,325232,57.69,62,187700,50.77,26,11.55
2443,30680,150909,55.24,45,83392,45.96,24,12.89
2444,36193,101570,29.39,23,29872,19.03,6,22.51
2445,6224,48176,15.68,7,7560,12.43,4,26.6
2449,255236,1222745,60.99,262,746043,55.05,143,22.0
2450,17482,258253,77.34,20,199803,75.97,14,11.17
2451,38284,430669,75.32,72,324436,69.42,33,11.13
2453,25801,100000,46.05,13,46076,40.29,4,28.51
2454,492772,1603895,75.53,486,1211687,65.62,230,7.11
2455,69037,186983,52.37,76,97963,38.58,33,24.03
2457,114787,424772,29.44,51,125114,25.04,23,31.68
2458,59673,303880,59.42,95,180623,49.21,45,19.69
2459,15357,105596,53.1,32,56089,42.01,11,14.5
2460,45690,169200,58.71,18,99370,54.9,7,16.8
2461,50676,191888,46.99,58,90207,36.61,27,18.26
2462,26326,150784,56.67,37,85489,50.31,21,16.87
2464,95411,214307,41.33,46,88605,34.78,24,34.56
2465,49025,93946,36.28,13,34096,30.72,4,30.12
2466,4656,173459,87.58,49,151948,83.18,36,4.0
2467,49068,161225,68.36,55,110258,58.43,29,13.33
2468,11203,69961,50.72,3,35493,50.02,2,28.15
2471,36754,47254,24.83,16,11744,6.74,1,41.15
2472,37617,164735,56.17,47,92574,46.59,22,25.2
2474,55800,561369,72.32,103,406110,67.88,67,13.9
2475,226926,6479454,71.11,1104,4608927,64.53,430,6.14
2476,21420,219010,64.42,68,141127,56.67,38,13.82
2477,9758,158573,73.21,39,116120,66.97,23,10.8
2478,49978,144731,69.68,56,100875,59.36,31,14.2
2479,13087,37738,32.34,6,12213,25.56,1,31.7
2480,43192,106360,29.76,32,31668,17.06,10,28.4
2481,78954,382115,64.38,93,246063,57.45,55,21.35
2482,38652,77883,41.41,14,32259,35.02,6,29.7
2483,9056,107890,59.33,21,64025,56.61,16,15.72
2484,81417,159421,31.14,33,49685,25.22,19,40.77
2485,149238,317689,19.86,31,63146,17.1,16,50.97
2486,81358,240115,39.89,52,95863,33.46,27,27.11
2488,40535,79999,52.46,25,41972,45.09,15,18.15
2489,130072,610000,35.56,82,216982,32.03,47,33.97
2490,15449,163226,21.3,30,34790,15.31,12,21.72
2491,12913,82008,75.02,25,61541,66.7,15,10.38
2492,67446,485205,74.44,69,361290,71.1,43,14.98
2493,42126,126797,57.69,41,73186,48.79,23,18.71
2494,10303,41493,81.44,10,33799,73.02,5,9.79
2495,38387,273552,52.21,44,142897,47.2,23,22.78
2496,4226,19100,49.57,9,9470,35.07,4,17.64
2497,11574,130888,68.95,39,90285,56.89,16,14.56
2498,165065,836065,41.02,141,343157,35.53,68,26.48
2499,47886,461172,44.11,81,203494,37.9,35,15.38
2501,44466,1159561,78.38,157,909181,74.09,79,7.37
2504,89404,1180000,75.58,205,892161,70.77,115,7.05
2505,24201,380000,79.3,63,301440,75.47,39,6.44
2506,66126,387000,76.62,75,296587,71.78,45,8.82
2509,16938,224551,69.69,46,156543,63.87,24,10.4
2511,47086,1623326,79.85,293,1296719,74.29,146,3.83
2512,44007,490656,34.17,96,167810,25.02,22,14.75
2514,17860,394729,88.05,52,347628,84.65,31,3.73
2515,141667,1607904,60.63,298,975195,53.65,117,10.24
2516,49537,226278,71.21,62,161183,62.47,35,7.4
2520,79924,609487,71.49,101,435850,67.23,58,9.85
2521,25352,319793,35.24,57,112767,25.83,11,15.9
2523,14069,228374,44.65,58,102027,35.94,25,12.22
2524,7871,365984,93.02,36,340498,91.7,28,2.49
2525,52651,650818,31.67,172,206236,20.23,50,15.13
2527,9076,270306,79.43,32,214742,74.45,10,6.15
2528,8521,435996,83.84,82,365600,79.33,48,2.92
2530,31366,841256,85.38,141,718415,81.36,89,2.36
2533,14074,153052,38.24,37,58562,26.05,7,17.09
2534,63128,474228,72.15,111,342202,65.63,61,7.64
2535,63619,270794,61.62,64,166912,55.13,34,14.87
2536,7909,332809,79.24,84,263772,70.29,39,3.66
2537,44623,300558,58.89,67,177083,51.61,31,13.37
2538,28684,445025,75.29,130,335151,67.09,72,4.6
2539,19935,1193103,86.81,121,1035960,84.21,70,2.98
2540,17673,944874,91.0,83,860044,89.02,54,2.77
2542,112285,2173084,63.08,243,1371013,59.55,117,10.73
2543,32844,528542,71.84,74,379836,67.7,38,9.28
2545,16551,379735,77.2,45,293252,74.33,27,8.39
2546,53527,130524,62.44,20,81517,58.78,11,14.72
2547,76104,1035095,69.56,187,720172,62.9,79,6.15
2548,38494,319719,52.81,108,168921,40.25,46,18.39
2553,19331,81669,18.7,13,15291,10.94,4,33.86
2566,325,2416,0,0,0,0,0,31.89
2569,61,11552,83.38,2,9634,74.73,1,0.61
2591,80,817,0,0,0,0,0,18.25
2592,57,10494,90.43,4,9490,82.1,3,1.35
2596,3340,100000,72.28,29,72304,61.7,14,5.94
2597,13524,310716,81.82,43,254283,78.19,25,5.44
2599,1387,98524,65.89,41,64929,51.65,16,2.15
2601,105920,824776,32.4,113,267357,26.74,37,21.31
2603,312435,2165043,71.16,340,1541108,66.43,181,15.08
2605,106952,585353,54.7,96,320318,50.27,53,19.8
2606,53195,845056,75.35,112,636894,72.03,66,11.64
2607,39609,533571,77.28,88,412490,70.41,33,8.94
2608,52655,467000,76.61,68,357868,71.77,33,10.88
2609,398519,3492104,55.59,306,1941554,53.0,158,22.99
2610,262216,6144989,69.76,552,4288058,66.53,232,10.15
2611,50971,189002,46.39,23,87716,43.06,12,22.49
2612,37984,197485,73.85,17,145879,69.01,3,11.33
2613,40232,148423,55.88,28,82974,49.45,11,21.07
2614,101633,327265,47.56,43,155719,43.24,20,23.15
2615,119959,2806146,85.36,268,2396036,82.9,158,7.09
2616,215087,137282,44.88,17,61626,41.0,9,30.24
2617,29300,417294,62.63,60,261464,58.07,27,15.35
2618,229873,5400444,77.34,606,4177506,74.16,333,8.08
2626,297,2890,0,0,0,0,0,25.38
2630,20440,209438,65.47,17,137157,61.92,5,18.33
2633,108052,5628293,86.31,309,4858471,84.39,138,4.33
2634,104954,941867,49.0,65,461704,46.79,30,22.29
2636,56216,141835,41.69,33,59158,34.69,17,29.56
2637,29047,746409,81.48,137,608374,76.76,82,6.63
2639,1106,99999,99.01,2,99010,99.01,2,0.48
2640,3392,59265,73.43,25,43530,58.23,11,6.0
2641,81162,330334,29.31,46,96901,24.34,16,29.25
2642,20100,95467,60.38,7,57646,60.38,7,27.39
2643,4167,35000,65.0,10,22754,58.4,7,17.29
2644,2534,82952,78.93,31,65482,75.4,27,4.03
2645,22738,374571,84.31,36,315864,80.49,15,7.35
2646,243526,3008735,64.93,131,1954168,63.26,49,16.52
2701,15007,449968,86.3,38,388395,84.39,24,3.73
2702,12549,156613,73.69,18,115431,72.53,15,9.56
2704,30837,366923,88.27,71,323967,83.29,43,3.24
2705,83273,191313,65.97,43,126233,59.88,24,14.55
2706,16449,499998,85.02,55,425179,81.57,26,3.7
2707,18495,127403,60.87,17,77571,54.75,4,20.24
2712,2054,105000,90.82,20,95384,86.86,14,3.49
2714,3944,1140,0,0,0,0,0,87.12
2718,2664,87576,87.72,16,76825,87.72,16,3.63
2719,3373,69182,91.02,4,62977,89.53,2,5.24
2720,2752,80000,61.03,27,48837,48.9,12,3.59
2722,5054,143170,87.43,31,125204,82.36,20,5.0
2723,9845,180000,68.63,38,123577,60.84,17,9.84
2724,1036,59656,83.61,10,49880,79.45,5,1.79
2726,2526,37922,65.12,16,24704,49.31,7,8.94
2727,151491,82940,35.58,30,29520,17.73,8,27.86
2729,6333,43041,65.64,13,28262,57.11,7,16.5
2730,2322,37215,86.67,2,32256,86.67,2,2.97
2731,30195,93278,45.49,24,42446,35.56,10,27.62
2732,6217,46519,58.7,19,27312,53.57,14,21.08
2733,702,24598,77.24,8,19003,75.09,7,4.71
2734,28793,57260,36.63,11,20982,31.34,6,25.74
2736,6481,79972,55.95,17,44764,46.33,7,14.69
2738,57,67381,97.88,6,65966,94.86,3,0.02
2739,5605,91526,73.0,19,66833,67.89,12,10.89
2740,2901,16762,72.53,2,12158,72.53,2,2.95
2741,1730,22588,66.3,8,14980,55.13,4,12.39
2743,6866,46815,52.86,8,24755,50.27,6,24.28
2745,5089,33809,51.42,5,17388,51.42,5,23.82
2748,9812,105779,61.29,6,64850,58.44,1,17.27
2749,248,20800,75.15,16,15634,33.27,2,2.43
2750,180,60000,98.53,18,59126,88.06,10,0.13
2751,1550,19765,60.56,1,11970,60.56,1,11.2
2752,2561,26694,63.88,16,17056,40.89,6,8.85
2753,10679,66645,55.53,20,37017,43.66,8,16.22
2754,4522,46907,73.06,6,34276,66.51,1,11.7
2755,3289,37529,63.54,12,23853,59.38,9,10.02
2756,1659,24598,72.18,13,17758,53.58,6,9.08
2758,7501,20486,73.57,13,15075,46.27,6,8.23
2760,174,13000,88.02,6,11444,83.82,5,1.1
2761,690,17337,57.71,9,10010,46.15,6,6.19
2762,6080,112500,86.7,23,97562,80.91,13,5.17
2801,269667,11766046,77.13,1317,9077714,73.38,589,3.9
2807,7200,3172,0,0,0,0,0,75.83
2811,52348,292500,34.34,66,100515,26.22,28,22.97
2812,247344,6021626,58.57,755,3527910,53.4,230,7.44
2816,11295,223608,79.21,30,177168,74.75,13,5.33
2820,73894,1342960,66.56,146,894190,62.64,58,8.0
2825,9462,12564,5.68,1,714,0,0,59.96
2827,30330,129587,36.72,31,47608,29.67,16,20.52
2831,42145,1192861,61.99,167,739796,57.13,70,7.68
2832,19559,253540,68.9,47,174743,62.92,22,7.83
2834,379341,9718062,61.15,1404,5944327,55.52,494,6.69
2836,35415,1839917,85.2,179,1567889,82.11,84,3.33
2836A,2859,40000,37.41,8,14966,30.5,4,8.0
2838,47600,4340552,90.8,252,3941623,89.12,132,1.78
2838A,6027,200000,69.13,44,138303,62.52,24,6.06
2841,60368,960944,57.39,179,551719,50.11,62,7.39
2845,102386,4865285,74.11,636,3606370,69.27,246,3.85
2849,10051,1957609,98.47,57,1927888,98.0,42,0.52
2850,18359,315963,67.91,93,214627,57.52,42,9.92
2851,27968,800389,71.96,117,576100,67.28,55,7.46
2852,22368,301164,65.1,107,196096,52.34,49,7.8
2855,62152,1601414,76.04,244,1217950,70.83,108,5.86
2867,69533,5899501,85.01,626,5016509,81.42,271,2.41
2880,481911,13916965,81.2,1135,11303058,78.74,565,4.24
2881,382633,14007365,86.4,983,12104898,84.31,501,4.42
2881A,18570,600000,90.53,69,543250,88.07,45,3.33
2881B,18453,666660,94.91,69,632814,92.01,40,1.91
2881C,54630,333330,84.81,52,282740,80.96,31,6.22
2882,399031,14669210,85.86,1231,12596971,83.55,685,4.7
2882A,18857,833300,94.88,82,790797,93.21,61,1.72
2882B,19382,700000,95.97,60,671865,94.2,42,1.68
2883,739974,16974847,67.69,1921,11495786,63.93,857,6.83
2883B,70544,1582142,65.52,394,1036980,55.86,148,6.75
2884,597139,16174000,72.21,2067,11682981,67.82,902,7.0
2885,448395,13331150,83.14,1224,11085781,80.64,681,5.0
2886,465168,14833378,82.75,823,12278884,81.28,467,5.78
2887,710642,24866399,74.37,3019,18497018,70.19,1292,5.0
2887E,12858,500000,86.82,58,434189,84.76,43,3.1
2887F,13284,300000,89.84,33,269566,85.94,18,3.45
2887G,17406,75000,46.31,24,34749,34.54,9,11.86
2887H,21216,219668,70.32,61,154506,62.93,34,7.03
2887I,276512,3096421,72.71,561,2252177,65.92,227,8.92
2887Z1,18689,300000,90.0,29,270057,87.17,15,3.32
2889,220088,3633563,74.13,345,2694225,71.62,199,7.47
2890,452648,14492322,80.48,1578,11666119,77.2,810,4.69
2891,572462,19676898,82.13,1821,16163398,79.39,943,4.97
2891B,25189,333330,95.89,38,319691,93.54,25,2.39
2891C,24655,166660,93.82,22,156387,90.99,16,3.66
2892,451124,14379469,70.73,1703,10173793,66.78,750,5.85
2897,29046,2805358,85.56,362,2400488,81.18,165,2.54
2897B,5074,250000,83.35,59,208434,78.08,37,4.36
2901,13818,73043,79.25,20,57905,71.67,10,7.91
2902,11502,146891,47.63,41,69990,35.95,17,12.62
2903,58830,1416941,80.22,159,1136891,77.21,89,6.32
2904,17107,77834,54.3,9,42276,50.17,4,17.43
2905,27955,1110372,83.92,130,932029,80.36,65,3.75
2906,17564,209117,65.73,38,137473,59.53,15,11.36
2908,11235,509888,91.83,51,468338,89.77,33,2.53
2910,1352,175403,96.84,40,169865,93.23,31,0.45
2911,40076,105126,45.82,20,48191,40.71,10,25.76
2912,73825,1039622,84.47,142,878405,80.05,65,7.51
2913,114472,790000,57.16,138,451700,50.81,55,14.35
2915,60948,1104319,68.45,191,756226,62.47,83,9.0
2916,4655,64627,58.81,18,38014,50.93,11,13.01
2920,979,12457,35.71,1,4449,35.71,1,18.26
2923,5352,1740297,99.46,14,1731207,99.33,10,0.21
2924,462,52036,89.58,9,46623,84.08,5,0.98
2926,2156,47390,74.55,14,35334,64.78,7,6.0
2929,50800,109494,30.09,16,32965,24.82,6,19.22
2936,155,76056,99.51,6,75691,98.55,5,0.23
2937,947,43542,84.57,20,36832,71.58,12,2.25
2938,706,20140,80.74,4,16263,78.66,3,5.81
2939,7106,45549,75.95,27,34606,58.11,15,3.81
2940,239,25184,57.61,16,14514,17.3,2,1.18
2941,3088,15390,66.47,14,10233,20.62,2,4.57
2942,1639,60000,90.71,10,54436,88.06,7,2.9
2945,3132,67500,83.48,6,56353,83.48,6,7.32
2947,11490,21493,63.31,9,13611,55.2,6,4.97
2948,1077,31000,80.28,15,24893,69.02,9,5.25
2949,2855,30641,82.21,16,25198,65.4,9,4.49
3001,6691,76020,19.37,16,14745,10.63,5,19.47
3002,9073,102000,65.94,22,67286,58.01,10,14.29
3003,18012,155655,57.58,43,89662,50.88,25,21.12
3004,18114,64376,60.74,19,39119,47.9,5,14.38
3005,53856,624486,71.45,113,446338,66.06,62,12.2
3006,71811,298128,52.76,83,157377,43.46,40,24.66
3008,89927,130798,56.18,49,73503,40.94,16,13.04
3010,49988,259437,63.79,75,165548,53.52,32,12.55
3011,49094,129601,36.54,29,47375,28.3,10,19.13
3013,49281,205139,44.67,27,91664,39.5,11,31.69
3014,50275,165979,34.54,47,57372,21.57,12,28.76
3015,18126,187262,62.5,50,117085,55.5,29,17.19
3016,35462,290357,74.24,31,215607,70.95,17,14.68
3017,157835,392543,65.17,137,255908,52.04,53,10.96
3018,36915,75378,64.28,6,48462,62.19,3,18.02
3019,93587,279244,42.4,51,118445,37.12,27,34.75
3020,1637,122696,99.45,1,122032,99.45,1,0.48
3021,8607,94890,70.47,19,66891,65.24,13,13.54
3022,17642,176598,61.88,43,109313,54.9,23,15.57
3023,53040,240069,68.39,108,164249,52.86,48,8.48
3024,57908,277157,48.61,81,134760,36.57,32,15.16
3025,41192,56736,26.1,13,14817,14.72,3,31.39
3026,54762,165890,57.24,74,94978,41.42,32,19.81
3027,47624,129960,43.2,30,56163,33.1,9,24.46
3028,55405,237241,43.92,44,104250,39.08,26,26.03
3029,66269,167005,41.16,36,68770,33.14,15,32.29
3030,35817,236216,57.79,46,136563,51.01,20,17.83
3031,17318,173203,60.04,18,104007,57.86,12,19.57
3032,33413,113286,51.34,25,58179,44.9,12,18.17
3033,100840,516336,41.08,102,212242,34.35,46,25.15
3034,100136,608511,70.41,197,428618,59.74,96,11.83
3035,118544,260550,29.79,37,77650,23.6,12,45.4
3036,68313,1269982,87.62,218,1112987,82.78,120,4.43
3037,333452,1591323,75.72,382,1205206,68.25,193,11.09
3038,50005,157408,42.94,35,67613,33.24,12,24.41
3039,5436,66388,33.18,23,22036,17.61,7,10.38
3040,8061,66225,69.21,16,45841,64.69,10,11.41
3041,68791,140224,28.47,15,39947,24.75,7,36.95
3042,81639,342993,62.26,95,213582,54.7,54,19.51
3043,54742,38976,19.07,7,7434,14.39,3,36.52
3044,30401,525606,81.21,186,426968,71.53,101,5.35
3045,61360,3723431,92.5,364,3444569,90.32,235,2.85
3046,20560,78448,52.74,11,41390,45.4,2,21.08
3047,68555,224762,21.01,28,47256,16.71,10,36.53
3048,80914,269830,52.07,46,140552,45.52,19,25.3
3049,124321,802011,46.8,69,375466,43.27,22,23.82
3050,42359,154984,53.22,34,82501,45.0,13,18.57
3051,67893,167000,33.78,28,56450,25.73,6,27.09
3052,49219,233246,56.0,58,130645,48.22,28,9.19
3053,1493,7960,54.35,6,4327,27.94,2,15.43
3054,3602,80651,87.75,13,70790,85.16,10,3.78
3055,26631,114975,65.84,25,75721,60.05,15,15.95
3056,72276,480555,32.71,71,157302,27.12,28,19.58
3057,37346,67865,33.79,8,22944,30.99,5,31.28
3058,50289,201723,22.6,30,45614,16.97,11,26.2
3059,96575,307702,26.17,54,80596,20.96,26,38.15
3060,69959,137563,27.09,28,37288,22.04,16,31.04
3062,74815,330092,24.99,62,82549,16.95,19,36.12
3064,2974,13011,63.47,3,8260,60.15,2,10.33
3065,1476,183911,83.6,33,153771,78.84,19,2.48
3066,5112,83071,72.54,15,60269,68.22,9,10.76
3067,767,20000,71.36,4,14277,63.65,2,3.64
3069,1426,3000,35.56,1,1067,35.56,1,24.45
3070,172,7275,51.25,5,3730,18.25,1,4.13
3071,11387,110000,58.62,11,64497,55.61,6,20.27
3072,58,373,0,0,0,0,0,29.78
3073,4499,39511,54.9,18,21704,37.54,9,16.73
3075,432,7784,70.66,4,5500,70.66,4,9.59
3077,90,722,0,0,0,0,0,34.59
3078,58400,227391,38.63,56,87863,29.18,22,28.48
3079,4377,47641,32.0,12,15255,19.24,3,17.9
3081,67494,92517,44.41,32,41109,31.62,14,18.98
3082,66,455,0,0,0,0,0,24.02
3083,9064,86487,56.15,8,48579,53.1,4,20.57
3084,226,1873,0,0,0,0,0,19.01
3085,3052,69019,89.64,4,61880,87.92,2,2.92
3086,8024,272711,86.03,28,234685,83.24,16,4.63
3087,444,51311,97.94,1,50259,97.94,1,1.42
3088,16685,110846,48.53,27,53799,38.23,8,22.47
3090,56330,287567,69.35,65,199496,62.53,33,15.79
3091,96,186,0,0,0,0,0,52.26
3092,32384,106649,36.39,21,38823,29.21,9,22.95
3093,8303,145156,77.22,18,112103,71.7,6,10.82
3094,40810,83117,20.74,17,17257,12.63,5,40.11
3095,25323,10000,33.06,4,3307,14.01,1,27.35
3096,671,23127,49.47,7,11443,38.05,3,6.23
3097,647,75086,86.95,15,65303,81.37,9,1.55
3098,76,1395,0,0,0,0,0,15.12
3099,13826,225202,37.56,68,84627,23.15,16,10.54
3105,130394,423940,55.69,105,236132,48.1,55,25.97
3114,7302,65130,53.52,20,34872,43.53,10,17.47
3115,17979,72198,86.25,10,62280,85.38,9,2.43
3117,1609,22800,53.36,8,12170,42.55,4,13.18
3118,41718,32453,36.78,14,11944,15.06,3,18.28
3122,45982,40772,26.93,10,10987,15.9,4,34.13
3126,2748,48752,44.04,14,21475,31.82,3,5.69
3128,48885,47317,30.06,9,14226,23.78,5,29.07
3130,6926,33191,61.19,10,20316,56.03,7,20.56
3131,24992,29800,46.51,10,13865,37.01,6,12.16
3133,493,27262,63.27,14,17256,46.91,7,3.25
3135,17908,97139,52.77,22,51280,44.32,10,25.03
3137,80,1883,0,0,0,0,0,7.7
3138,32872,56396,27.59,12,15572,18.99,4,43.08
3141,33211,75461,15.72,16,11872,5.21,3,42.48
3142,5177,203398,51.24,71,104253,38.71,30,5.05
3147,5880,43687,61.38,17,26823,50.82,9,13.6
3149,57590,226234,29.01,45,65685,23.2,23,32.7
3150,5740,44377,56.34,13,25012,46.27,5,7.05
3151,657,8265,45.63,3,3772,26.17,1,12.0
3152,8547,69016,52.83,26,36471,40.62,13,16.51
3158,1737,30519,37.52,12,11456,23.41,5,9.03
3159,483,5840,28.6,2,1671,20.39,1,16.26
3161,179,32583,94.26,16,30722,82.62,10,0.96
3162,15555,154341,60.43,25,93285,56.51,15,15.58
3163,84408,80541,32.78,23,26414,23.52,10,37.87
3164,22979,86010,54.97,35,47302,39.89,15,17.56
3166,98,23374,96.38,2,22532,94.66,1,0.79
3167,23691,90308,59.17,33,53453,48.3,17,14.96
3168,2565,75100,75.18,20,56479,66.82,11,6.08
3169,27541,63107,36.64,12,23141,28.67,4,26.85
3171,2293,33118,76.93,5,25481,71.98,3,8.27
3176,46355,139307,34.26,27,47747,28.45,14,22.5
3177,206,4124,75.01,2,3094,60.61,1,14.47
3178,4409,45050,65.81,11,29651,61.31,7,16.35
3179,110,9847,30.35,4,2989,16.07,1,1.36
3184,3358,63074,58.38,20,36832,49.73,9,12.29
3186,2285,30000,77.49,2,23249,77.49,2,8.98
3188,7592,189088,75.9,44,143571,68.96,21,6.44
3189,118205,526916,73.08,110,385198,66.71,57,14.86
3190,59,14308,74.69,5,10689,71.03,4,0.41
3191,18573,43597,53.44,9,23305,46.7,4,12.81
3202,37709,129345,24.59,21,31836,19.46,9,27.43
3205,31715,67546,66.33,8,44820,61.71,3,11.14
3206,23513,58917,53.58,21,31583,42.3,11,18.54
3207,20953,66422,40.0,27,26584,19.71,6,16.58
3208,107,3025,46.49,1,1406,46.49,1,7.97
3209,54568,235391,48.54,68,114314,39.01,31,18.49
3211,76354,154380,54.71,49,84493,45.39,27,27.03
3213,47392,58686,29.11,17,17090,16.7,4,30.87
3217,14845,90104,45.52,26,41026,30.15,5,24.39
3218,18738,84725,56.25,18,47672,50.41,10,23.62
3219,4135,71781,81.63,8,58604,77.68,4,7.64
3221,49683,105062,26.2,32,27543,10.86,6,41.6
3224,16728,78173,71.76,28,56118,60.8,15,8.67
3226,1293,64431,86.59,25,55806,70.05,8,2.11
3227,56883,150503,39.61,49,59649,27.46,16,32.27
3228,35356,71511,24.22,14,17332,19.11,8,35.91
3229,10049,64263,70.04,4,45013,69.03,3,12.54
3230,18665,86011,56.64,20,48726,51.08,12,14.68
3231,389724,3180412,64.37,518,2047732,60.08,292,18.81
3232,14761,46568,58.44,21,27220,43.62,9,9.93
3234,40482,111475,33.89,29,37795,23.01,9,28.97
3236,62943,105001,35.25,23,37022,29.04,12,35.78
3237,105,1499,0,0,0,0,0,18.39
3252,2704,50196,78.69,22,39511,68.64,14,7.07
3257,28731,79824,43.67,11,34878,37.14,3,27.04
3258,92127,274125,10.17,23,27934,7.56,10,43.13
3259,3893,72966,70.46,25,51425,62.8,16,7.53
3260,142770,333218,32.63,68,108801,26.31,34,37.29
3264,78798,490170,68.97,122,338206,61.26,64,13.97
3265,17177,136262,64.89,23,88458,56.87,5,18.01
3266,3885,352314,90.17,27,317769,89.12,21,1.94
3267,534,17066,29.55,3,5044,26.87,2,6.44
3268,42895,34721,32.61,9,11328,28.2,6,23.97
3272,9286,61177,50.8,11,31085,45.96,6,19.78
3276,47224,69713,58.28,12,40640,52.02,4,13.54
3279,113,966,0,0,0,0,0,17.27
3283,149,6673,49.5,5,3305,15.08,1,4.48
3284,21299,108482,71.64,21,77736,68.19,15,8.18
3285,10111,42735,64.6,19,27616,51.21,10,9.63
3287,4151,43970,58.28,11,25634,48.76,4,17.71
3288,11460,16380,48.2,5,7898,36.75,2,19.48
3289,59700,86746,26.95,26,23404,13.17,9,37.9
3290,25717,90215,57.21,31,51632,47.97,18,12.41
3293,112361,281802,52.59,69,148244,44.87,36,22.91
3294,16818,132016,53.21,26,70275,47.06,14,24.04
3296,7254,96724,77.51,32,74990,71.54,23,7.42
3297,9887,36049,49.33,12,17791,36.6,6,28.87
3301,997,124326,79.23,40,98518,70.3,24,2.14
3303,14468,94091,47.09,31,44330,35.73,15,17.33
3304,425,14069,33.55,7,4721,9.88,1,6.53
3305,60340,144689,49.07,30,71031,41.57,13,28.82
3306,29967,50608,47.98,7,24293,43.14,3,26.33
3308,10635,60000,61.62,8,36977,58.86,6,20.77
3310,1786,74948,82.12,32,61555,69.86,19,3.28
3311,39636,100000,55.67,17,55696,48.88,7,19.66
3312,67941,182627,47.54,24,86854,44.56,15,28.65
3313,34515,221134,76.16,23,168460,74.24,16,9.56
3317,61249,90000,28.99,16,26111,22.87,6,41.54
3318,925,52256,56.8,19,29689,41.84,6,3.13
3321,28489,86114,48.31,23,41623,36.88,7,15.04
3322,65271,137582,37.25,27,51271,32.44,15,19.12
3323,70035,99593,22.03,16,21960,14.42,4,45.29
3324,83649,93077,46.82,30,43602,31.83,9,30.75
3325,61960,110169,30.29,33,33382,14.7,6,23.31
3332,1758,48104,86.87,15,41797,77.9,9,3.11
3334,126,24680,91.54,5,22594,89.35,4,1.02
3338,62760,87908,31.7,17,27880,22.58,5,37.82
3339,31613,66568,26.82,16,17865,14.97,4,33.24
3342,762,40910,53.13,17,21746,33.08,5,4.33
3343,870,58794,44.65,10,26267,39.28,5,3.62
3345,101,36301,95.55,2,34688,93.93,1,0.42
3346,39616,121228,26.47,19,32117,20.5,8,29.71
3349,1739,46072,46.42,23,21397,26.39,8,6.31
3350,928,21690,13.98,6,3034,0,0,10.92
3354,6660,70112,73.2,8,51324,70.67,5,13.77
3356,36648,79942,30.49,15,24398,24.0,7,31.06
3357,21016,116386,59.26,46,68991,42.08,15,18.16
3360,45791,76402,29.43,19,22506,17.76,4,27.82
3361,389,49553,81.55,18,40421,68.18,8,1.21
3362,27269,147445,62.25,47,91822,50.62,22,19.01
3363,67594,113641,41.91,34,47650,31.11,14,25.96
3364,216,2701,0,0,0,0,0,18.15
3369,4643,28946,56.18,3,16264,54.38,2,16.23
3372,53186,175324,48.52,29,85097,43.86,16,21.93
3373,35504,47619,27.09,5,12909,24.87,3,32.74
3374,61454,271364,51.47,29,139750,47.16,11,29.41
3376,49595,195764,47.57,58,93159,36.54,23,24.62
3377,241,19653,64.25,12,12631,35.71,2,2.0
3379,30332,38042,27.4,5,10429,24.78,3,38.16
3380,41719,541718,68.43,45,370778,65.78,19,13.32
3383,11638,75000,48.41,18,36321,38.5,6,16.72
3388,12545,77671,41.25,17,32053,30.9,5,27.68
3390,56475,79330,32.44,21,25762,19.49,4,23.44
3391,929,68860,66.03,27,45483,51.03,10,2.73
3394,163,1180,0,0,0,0,0,26.58
3397,1817,9043,0,0,0,0,0,46.56
3402,40104,73048,28.83,8,21071,24.52,4,38.21
3404,50,653,0,0,0,0,0,21.09
3406,31250,112743,58.64,54,66130,38.53,19,14.46
3412,261,8071,84.95,1,6857,84.95,1,3.49
3413,29690,110894,43.37,26,48117,35.72,11,28.87
3414,253,1396,0,0,0,0,0,38.07
3416,9945,80496,56.46,15,45462,51.82,10,17.1
3419,30854,120480,31.16,25,37579,23.37,10,25.25
3426,921,26400,63.05,10,16651,48.61,4,5.17
3430,33055,33716,36.15,8,12192,33.44,6,32.04
3431,12552,55459,51.29,8,28451,46.69,4,17.62
3432,3606,42230,66.5,13,28088,58.48,8,13.4
3434,7552,35755,44.29,13,15843,30.2,5,22.35
3437,47825,144548,23.09,17,33414,19.15,8,39.09
3438,28019,47166,45.13,2,21291,43.53,1,30.45
3441,29445,40040,30.94,13,12397,17.47,5,34.12
3443,60832,134012,65.61,40,87955,53.88,13,9.57
3444,5105,44997,48.6,17,21880,37.94,10,17.55
3447,5981,77449,59.54,14,46136,51.2,3,15.58
3450,75253,145681,45.17,45,65824,34.94,21,31.78
3455,44146,59851,29.82,22,17867,14.58,7,34.32
3465,4075,35330,68.29,12,24133,54.67,5,6.35
3466,25477,77892,47.0,26,36631,34.51,10,16.06
3467,2005,31107,61.17,10,19033,55.73,7,11.12
3469,191,22448,63.92,14,14353,42.15,6,1.47
3471,503,5000,45.04,3,2253,25.6,1,10.99
3472,1711,76274,57.36,24,43771,43.84,7,4.68
3473,257,22511,77.93,6,17547,69.46,3,1.47
3475,1780,1784,0,0,0,0,0,46.82
3479,35035,72632,43.54,17,31637,33.44,5,27.34
3481,850449,7989197,45.84,1022,3664166,41.48,437,20.75
3482,527,6521,44.4,4,2896,16.87,1,16.25
3483,53415,99049,21.6,23,21410,14.14,11,41.96
3484,47023,78828,31.89,26,25149,19.9,10,23.69
3485,7377,38501,52.45,19,20203,33.55,7,17.13
3489,2992,90452,75.03,20,67880,67.74,9,6.02
3490,34819,55006,17.62,10,9705,12.04,4,37.76
3491,70372,68805,33.17,26,22838,15.1,7,26.43
3492,2839,35532,48.29,6,17160,44.69,3,16.81
3494,18154,94800,61.21,12,58039,56.32,4,11.69
3496,210,22159,77.75,9,17233,68.76,5,1.91
3497,112,4588,33.29,2,1528,23.86,1,5.4
3498,56156,61273,51.39,15,31497,45.14,9,25.38
3499,40882,54971,43.21,12,23760,41.64,10,24.12
3501,11974,118258,50.65,20,59918,46.8,13,20.03
3502,284,9222,34.09,5,3145,12.37,1,6.85
3504,13273,114060,64.01,17,73030,59.89,9,19.1
3505,160,5429,87.89,1,4772,87.89,1,8.41
3506,606,8573,19.83,3,1701,0,0,18.33
3507,279,31800,87.08,12,27699,75.26,7,1.53
3508,68456,104312,43.52,29,45418,34.03,13,28.71
3511,9044,79973,55.76,8,44603,52.39,4,21.2
3512,4857,113072,72.18,31,81635,62.94,15,8.61
3515,13251,123544,71.46,19,88296,66.15,9,12.59
3516,3451,59561,76.57,18,45618,68.22,10,6.25
3517,666,5037,13.87,1,699,0,0,24.1
3518,29749,102467,38.51,30,39486,28.45,13,16.79
3519,65142,433985,50.7,48,220105,46.32,18,18.36
3520,48927,68847,35.72,12,24603,28.63,4,21.16
3521,40092,145766,76.2,16,111083,72.11,7,4.89
3522,28164,104096,58.17,26,60569,52.42,16,10.23
3523,7731,64258,84.08,14,54040,78.36,7,4.52
3524,301,20627,66.46,14,13714,39.39,5,2.68
3526,19801,66555,49.5,23,32961,34.13,8,16.08
3527,25230,44445,27.7,11,12319,20.06,5,26.17
3528,5016,66639,70.86,13,47229,64.88,6,10.4
3529,21306,74686,50.66,32,37858,33.04,12,7.63
3530,16020,77476,58.62,15,45428,53.75,8,23.0
3531,1846,61175,80.33,34,49155,60.78,15,4.99
3532,15222,387848,91.57,34,355211,88.78,15,3.88
3533,20000,112535,63.08,50,71016,43.97,18,5.85
3535,43699,79052,29.5,13,23337,22.57,5,37.89
3536,6381,52089,67.89,5,35374,65.11,3,11.35
3537,44523,56243,33.01,13,18578,23.54,5,34.33
3540,58503,72459,22.64,6,16411,22.06,5,38.1
3541,17960,56349,35.51,20,20022,24.55,11,19.32
3543,25027,110263,49.59,46,54695,33.09,16,12.27
3544,580,2469,0,0,0,0,0,40.42
3545,82715,221151,24.21,36,53606,18.93,15,40.79
3546,34606,58427,34.65,19,20258,23.07,7,29.43
3548,40920,67744,32.7,17,22167,24.3,7,34.25
3549,239,1481,0,0,0,0,0,29.8
3550,48909,107550,53.97,34,58059,44.56,19,18.4
3551,13953,62275,49.37,23,30760,34.24,8,28.46
3552,55165,97918,37.8,21,37034,32.42,12,31.82
3554,135,15858,87.29,1,13843,87.29,1,1.7
3555,4592,39999,80.44,9,32180,77.74,7,7.78
3556,64954,63703,15.82,4,10084,13.67,2,44.3
3557,20384,84315,60.5,19,51032,53.27,9,12.34
3558,12486,59061,51.01,10,30136,47.07,6,31.33
3560,194,20405,74.02,9,15107,59.92,4,1.64
3563,37772,63961,51.18,22,32750,37.01,7,25.15
3564,6575,59123,60.15,2,35563,60.15,2,19.68
3566,10587,419621,73.96,150,310433,60.69,57,1.15
3567,34035,33954,18.85,7,6408,7.93,2,36.53
3568,188,10074,72.27,5,7282,46.65,2,3.91
3570,2816,17097,53.9,4,9218,45.21,2,21.34
3571,417,3302,0,0,0,0,0,27.18
3572,331,11817,40.53,4,4792,25.66,2,4.69
3576,222464,1627795,38.82,184,631990,34.55,70,24.06
3577,3768,63966,69.71,30,44607,49.92,10,7.8
3579,6150,9580,74.12,3,7102,65.74,2,15.49
3580,42024,39471,16.64,9,6574,7.1,2,38.43
3581,7104,51006,58.79,16,29996,45.35,6,18.48
3583,30161,83325,60.85,26,50718,50.11,13,21.03
3584,21963,139767,25.22,29,35276,18.19,13,25.75
3585,15800,111679,41.02,15,45832,34.96,4,25.33
3586,88,2458,51.29,2,1261,0,0,7.36
3587,25196,71685,33.84,17,24269,21.81,5,35.44
3588,49586,61993,27.93,13,17326,18.42,5,34.55
3591,51956,145387,55.69,37,81011,50.53,24,18.94
3592,35250,75855,40.12,23,30452,25.87,6,28.63
3593,24571,60825,63.36,17,38551,50.01,4,9.66
3594,19234,95948,53.76,27,51589,42.4,10,15.83
3595,19651,33913,30.54,7,10361,23.33,4,26.19
3596,21611,220354,73.67,76,162387,60.85,31,9.55
3597,2296,39236,64.3,11,25234,56.92,7,10.74
3601,688,34887,52.62,9,18366,40.76,3,3.43
3603,704,24844,70.72,10,17574,64.91,7,4.75
3605,48603,175264,45.53,36,79844,40.16,22,26.97
3606,98,16847,77.4,11,13043,43.23,2,0.73
3607,47181,121662,33.06,35,40235,21.28,14,19.7
3609,7597,38419,52.93,19,20344,31.65,4,9.52
3610,1500,54015,79.65,4,43027,76.71,1,5.1
3611,4856,47555,57.3,12,27260,46.79,4,13.55
3613,1140,63436,66.67,28,42304,50.87,13,3.89
3615,43789,68467,30.41,10,20840,24.59,3,40.86
3616,3446,94650,42.55,35,40291,26.06,10,6.39
3617,7723,94766,67.63,40,64105,53.8,17,10.53
3619,164,7626,27.79,3,2120,15.73,1,4.99
3622,24937,151328,59.38,22,89890,53.65,9,16.63
3623,8480,29186,51.92,3,15158,48.27,1,23.84
3624,37023,117341,61.13,23,71766,55.91,14,22.38
3625,48164,114247,44.67,25,51070,37.38,12,20.33
3627,14083,30991,56.06,9,17376,50.03,5,11.97
3628,7757,45000,59.15,5,26624,56.02,3,17.43
3629,1748,32955,86.89,5,28637,84.01,3,3.04
3630,28998,204192,54.17,15,110651,51.09,5,20.51
3631,1862,81821,80.36,15,65761,74.99,7,4.3
3632,37428,40890,17.2,5,7037,15.58,4,46.19
3633,1938,34024,60.72,13,20666,46.15,5,10.37
3634,218,49600,82.97,13,41166,72.48,6,0.7
3635,399,5051,0,0,0,0,0,15.08
3636,503,6000,87.18,1,5231,87.18,1,4.38
3637,820,29749,77.46,6,23047,71.3,3,4.1
3642,18069,45869,63.39,18,29086,49.5,10,7.54
3643,403,45624,97.85,1,44646,97.85,1,1.09
3644,1109,83300,81.28,32,67722,73.27,20,1.95
3645,63240,136754,46.14,48,63121,34.9,22,28.67
3646,36397,39297,48.81,21,19185,19.86,5,9.13
3647,2946,2802,0,0,0,0,0,50.05
3649,275,10819,36.51,6,3952,0,0,4.85
3651,69,69565,95.9,12,66730,89.61,4,0.15
3652,3689,75098,71.57,12,53758,67.58,7,9.14
3653,59196,146733,68.44,42,100448,58.89,19,6.63
3656,3283,58249,77.46,6,45124,75.19,3,7.09
3659,640,54124,87.51,15,47376,80.83,8,2.0
3661,75168,82171,38.5,40,31656,15.43,8,20.3
3662,22523,183478,53.41,26,98010,48.89,11,17.55
3663,24877,108494,61.05,10,66264,57.78,4,22.28
3664,5823,71945,67.02,7,48227,65.15,4,7.7
3665,56930,195078,59.17,79,115473,44.71,34,9.35
3666,28747,138950,83.11,17,115506,79.69,9,6.36
3669,8086,92920,60.16,11,55915,54.68,3,17.8
3671,53,14500,87.86,7,12743,72.48,3,0.41
3672,21137,40790,54.09,19,22078,37.33,8,9.81
3673,82350,406664,46.53,78,189282,39.96,36,24.92
3674,405,17814,71.06,7,12661,65.86,5,5.17
3675,8952,53058,58.06,4,30810,57.16,3,17.37
3678,1074,26422,51.49,13,13608,34.91,5,7.0
3679,5055,63022,65.87,25,41523,54.01,13,12.02
3680,27119,96120,56.82,41,54632,43.13,21,21.06
3681,342,118704,95.07,6,112868,94.38,5,0.55
3684,6328,30305,61.44,10,18625,53.11,6,14.19
3685,12514,79574,60.03,27,47784,45.22,8,8.68
3686,62645,76495,21.49,14,16455,16.57,7,34.81
3687,36353,30124,37.33,6,11249,32.52,4,37.02
3688,3476,99176,67.87,11,67330,65.63,7,6.38
3689,34849,89459,27.45,25,24575,15.51,7,35.72
3690,1358,60356,89.17,6,53829,83.95,1,2.86
3691,14240,91883,57.12,14,52507,53.93,9,20.56
3693,28570,42991,43.75,10,18815,35.96,5,32.92
3694,12693,154929,61.11,22,94705,56.71,9,15.95
3701,50208,236669,73.05,21,172924,70.71,13,15.23
3702,92592,1717568,84.37,332,1449468,79.57,199,5.7
3703,35182,823216,72.59,108,597743,68.68,53,8.26
3704,42677,415445,65.93,79,273970,59.87,40,14.1
3705,26948,266423,68.06,69,181335,61.01,42,10.23
3706,204208,1327212,52.76,135,700596,49.65,69,23.42
3707,83452,400442,50.23,48,201229,47.01,28,28.22
3708,46193,92365,52.73,28,48723,41.6,10,23.44
3709,6815,125569,74.25,23,93269,66.99,8,8.82
3710,48137,287251,31.56,77,90719,21.97,28,16.34
3711,332127,4470572,87.07,806,3892790,81.72,427,5.53
3712,30735,246242,54.24,23,133614,51.95,14,19.71
3713,4301,88099,56.08,31,49414,43.66,11,8.18
3714,166426,737940,40.73,116,300600,35.29,50,26.33
3715,96436,283575,34.4,60,97578,27.85,30,38.99
3716,53842,149766,53.38,32,79968,46.46,15,22.18
3717,47398,210948,45.71,57,96462,36.32,23,19.53
4102,37781,42373,45.65,12,19347,32.85,4,15.14
4104,45078,188367,45.67,25,86064,40.06,8,25.33
4105,53048,248650,46.71,65,116186,38.34,33,18.41
4106,16609,100912,50.57,16,51044,46.26,8,21.9
4107,13515,69298,61.86,24,42874,52.04,14,12.29
4108,55072,198619,30.16,28,59967,24.11,8,23.22
4109,43819,118737,42.95,25,51017,36.08,11,17.8
4111,46630,59832,42.99,25,25734,31.77,14,16.83
4113,20340,231138,74.35,76,171922,62.95,33,4.94
4114,74456,510176,42.89,103,218903,36.48,48,15.14
4115,978,60000,75.59,16,45364,69.37,10,3.23
4116,4594,44566,54.95,3,24492,54.95,3,19.08
4117,6375,70824,54.24,25,38424,37.83,7,14.54
4118,202,29993,90.11,1,27027,90.11,1,1.25
4119,27418,119509,46.48,15,55564,42.94,8,18.32
4120,7716,86747,70.67,20,61323,63.79,12,9.08
4121,51601,83111,49.9,20,41480,44.17,12,24.05
4123,47500,769544,57.17,162,440061,50.44,79,12.1
4125,218,1934,0,0,0,0,0,29.72
4126,22650,72600,63.21,25,45897,53.87,14,15.48
4127,26755,45760,76.59,21,35060,57.44,7,7.56
4128,100585,588171,43.74,69,257371,39.49,26,15.71
4129,34337,96438,58.3,33,56238,47.23,14,11.08
4130,44952,137888,64.76,16,89306,61.95,9,12.66
4131,3552,39879,76.11,5,30361,72.24,2,5.61
4132,42833,187941,46.63,49,87674,38.33,23,11.76
4133,54543,60554,22.84,10,13841,18.53,5,40.04
4135,511,26465,65.43,14,17322,44.13,5,3.75
4136,95,36147,99.3,4,35897,97.87,3,0.34
4137,7333,82492,54.11,16,44650,46.91,6,14.9
4138,21336,39930,51.42,4,20535,51.42,4,25.62
4139,1202,45010,67.79,22,30523,48.01,9,3.4
4140,473,3039,0,0,0,0,0,30.87
4142,85562,429508,39.55,80,169973,32.92,35,22.27
4147,47976,273202,51.92,65,141894,43.12,28,13.87
4148,2306,67236,78.83,10,53005,78.07,9,5.8
4150,31286,147218,41.83,53,61611,27.16,15,9.71
4151,642,50026,78.35,13,39203,71.12,7,2.65
4153,5308,58668,76.39,15,44828,71.84,11,8.8
4154,897,38390,76.98,16,29560,65.87,8,2.91
4155,35631,144684,43.52,38,62992,33.71,15,16.98
4156,896,56540,71.86,14,40636,67.5,10,4.17
4157,32393,711834,58.83,112,418859,52.33,36,9.09
4160,34453,26690,29.63,3,7910,25.36,1,32.56
4161,5261,59808,44.13,24,26402,26.74,8,11.49
4162,47242,145678,45.76,22,66702,39.82,9,21.51
4163,25089,50680,70.39,22,35682,62.52,15,9.41
4164,19072,195311,51.53,53,100680,42.14,24,16.44
4166,4105,243035,82.24,25,199911,79.19,13,3.28
4167,56427,310444,40.46,69,125652,33.56,34,16.64
4168,50491,112521,26.51,24,29856,20.01,10,23.08
4169,3799,66432,54.06,22,35924,46.1,13,9.28
4170,6531,43771,57.8,15,25304,42.47,6,9.45
4171,37791,58057,32.77,10,19041,27.73,6,25.75
4172,24367,119576,39.25,26,46959,29.98,8,11.29
4173,30247,74574,44.71,7,33351,40.0,1,20.76
4174,42299,131580,43.16,35,56832,34.54,17,23.73
4175,11517,42323,56.05,7,23724,54.98,6,22.61
4177,2160,62805,59.03,17,37091,48.19,6,7.92
4178,5009,215867,78.2,47,168863,72.41,26,4.23
4181,1745,2138,0,0,0,0,0,59.55
4183,1205,23800,62.28,13,14829,42.84,5,8.88
4184,644,39183,92.03,1,36064,92.03,1,1.69
4186,4777,90000,45.51,35,40977,27.11,10,10.36
4188,4727,63333,54.32,12,34406,47.92,4,12.02
4190,16833,61446,65.83,12,40457,62.17,9,15.79
4191,2529,100170,63.05,31,63165,48.78,9,5.6
4192,4687,35164,68.05,3,23934,66.6,2,13.8
4193,5424,67616,49.22,25,33296,33.69,6,3.86
4194,3350,145974,76.67,24,111937,73.12,14,5.31
4195,28659,80000,38.44,22,30767,31.23,13,16.64
4197,2291,30181,65.74,21,19846,40.22,7,5.54
4198,2737,24108,80.34,4,19371,76.28,3,6.66
4205,11073,97649,65.9,32,64382,58.91,21,14.53
4207,8854,198538,71.98,51,142941,64.05,24,5.6
4303,35648,94605,18.91,9,17914,13.71,2,35.62
4304,3547,61038,81.9,15,50002,74.64,7,3.88
4305,1701,55014,84.73,26,46626,74.81,19,4.45
4306,91453,676757,56.77,111,384265,51.04,44,10.36
4401,12808,122692,62.1,50,76223,46.96,23,8.98
4402,41302,67992,66.04,17,44907,60.37,10,8.1
4404,7882,112286,35.72,25,40130,26.89,7,14.69
4406,1579,51912,75.48,20,39193,60.19,7,3.63
4408,4017,67628,35.72,14,24170,30.35,8,12.67
4413,1665,31315,69.28,15,21700,52.58,6,4.72
4414,23112,263796,63.91,49,168640,56.39,17,9.38
4415,4362,43577,85.04,11,37066,76.68,5,6.77
4416,1931,73586,78.41,36,57712,63.99,19,4.42
4417,8481,83971,46.14,20,38764,37.07,7,16.99
4419,5248,169163,96.85,7,163869,95.09,3,0.78
4420,8321,40455,59.14,8,23931,54.11,4,23.8
4424,2558,60106,66.3,16,39856,62.05,11,5.48
4426,9742,172677,61.37,31,105998,54.09,12,10.41
4427,967,212542,87.41,55,185828,78.71,24,0.93
4430,8733,56274,63.3,20,35626,53.29,11,16.09
4431,2186,36536,67.08,4,24514,61.69,1,11.53
4432,5009,50589,55.2,12,27930,45.44,4,12.14
4433,10207,61300,57.06,11,34991,52.24,6,16.58
4438,4627,113425,66.28,39,75206,50.12,10,7.16
4439,1216,38115,78.52,14,29932,69.81,9,4.95
4440,3998,67598,56.44,43,38160,28.48,11,13.08
4441,2233,68176,73.21,30,49916,58.87,13,4.77
4442,920,32313,77.66,20,25102,42.83,4,4.26
4502,3922,57470,69.56,14,39989,58.08,4,6.01
4503,6793,78313,64.97,13,50889,59.81,6,13.1
4506,11469,177012,79.99,27,141623,74.83,12,8.36
4510,60826,108978,36.99,21,40340,29.65,6,36.24
4513,44690,143762,56.27,14,80916,53.39,6,15.81
4523,35712,64949,59.22,18,38477,51.31,9,13.25
4526,61506,254826,49.94,65,127326,41.61,32,25.08
4527,4492,76152,66.62,25,50735,61.67,18,10.1
4528,13667,84166,62.86,13,52922,60.36,9,19.13
4529,8874,84549,58.58,14,49555,52.78,5,12.14
4530,7193,35795,73.04,6,26153,64.46,1,6.05
4532,19833,494895,69.68,92,344967,64.27,52,8.18
4533,69415,158434,29.18,25,46260,23.09,8,36.26
4534,20411,86789,39.43,22,34241,29.19,7,23.38
4535,7189,75662,77.39,21,58577,69.6,12,4.84
4536,7634,90820,55.03,41,49996,37.17,14,13.02
4537,2124,78840,82.0,16,64659,76.98,10,4.2
4538,1726,59470,80.34,15,47791,71.58,7,3.98
4540,41199,115187,32.04,22,36938,26.45,12,40.66
4541,44029,67647,38.48,21,26047,28.65,10,28.66
4542,4212,35218,56.35,24,19850,27.06,7,14.25
4543,22404,59772,46.6,13,27859,42.26,9,24.44
4544,1592,60290,67.46,20,40681,49.87,2,1.87
4545,21410,77000,73.07,8,56270,70.8,5,9.65
4546,1357,33775,60.12,12,20311,48.8,5,6.56
4547,302,23349,84.76,7,19792,72.34,2,2.65
4549,7720,57002,61.62,13,35134,58.74,10,17.61
4550,3299,37839,55.76,11,21107,49.01,7,15.52
4551,4298,115222,81.28,32,93688,74.22,19,4.81
4552,28567,116000,50.28,20,58339,44.28,8,12.08
4553,493,33020,86.83,14,28677,76.79,8,2.53
4554,2456,26327,52.18,7,13739,50.62,6,14.84
4555,4289,69988,69.97,13,48981,65.67,8,10.71
4556,2773,42303,75.24,11,31831,73.18,10,8.55
4557,27573,47972,44.28,21,21254,28.56,8,12.68
4558,1610,50000,73.03,32,36523,50.01,13,6.43
4559,643,60000,88.04,17,52837,79.9,10,1.98
4560,2447,68097,86.97,13,59237,83.57,9,3.39
4561,8941,58522,58.21,12,34075,52.04,7,25.07
4562,12354,87546,51.99,12,45526,50.03,9,28.76
4563,6601,54950,54.26,11,29826,49.6,7,21.72
4564,47097,232788,42.96,55,100045,35.84,27,19.07
4565,1427,61740,79.99,24,49394,66.12,12,2.33
4566,26240,110091,52.42,21,57728,49.71,16,26.31
4568,1612,31730,68.7,8,21804,59.34,3,7.42
4569,2137,30600,66.47,11,20345,52.36,5,7.75
4570,198,44000,95.02,16,41815,87.5,12,0.59
4571,6375,53017,66.12,21,35066,55.48,11,15.18
4572,3589,40000,64.19,11,25680,61.91,9,9.85
4573,10622,41697,42.07,14,17544,28.38,5,24.69
4575,794,38668,68.52,17,26505,53.51,8,3.24
4576,24567,119802,65.64,29,78657,59.9,19,17.92
4577,6664,49138,62.37,10,30653,56.51,5,20.48
4578,691,20300,97.0,3,19693,92.28,2,1.48
4580,5106,46803,49.17,17,23020,37.59,10,18.45
4581,1671,33899,62.95,15,21344,46.35,8,8.91
4582,2696,75480,56.38,26,42569,43.92,11,7.52
4583,6837,80171,86.93,10,69713,81.82,4,4.35
4584,1065,30002,80.09,13,24034,69.26,9,4.29
4585,18872,104609,76.7,3,80246,76.14,2,16.33
4587,1006,33000,88.24,5,29120,88.24,5,3.35
4588,5210,42985,50.48,15,21707,39.98,9,20.96
4589,612,25968,69.03,11,17930,45.36,1,3.65
4590,10103,54838,49.96,19,27406,36.85,9,15.83
4609,1753,47947,76.02,25,36461,63.38,15,3.98
4702,14335,72333,50.98,8,36891,46.49,2,22.74
4703,9153,65750,26.08,7,17164,22.53,3,26.95
4706,2168,79030,82.52,15,65231,77.01,8,2.54
4707,27068,403715,71.12,64,287196,64.96,25,8.2
4711,7628,61056,60.01,10,36653,53.42,4,15.7
4712,3612,18423,45.99,2,8473,43.69,1,17.23
4714,51408,178088,23.05,25,41080,15.57,4,27.27
4716,42469,94427,39.13,31,36971,25.62,11,19.33
4717,1001,155,0,0,0,0,0,99.98
4720,14165,114516,38.39,24,43985,33.74,14,25.35
4721,57505,74986,39.34,20,29509,29.83,8,37.46
4722,13805,103765,60.02,49,62308,44.1,21,10.52
4724,3135,95976,58.5,26,56169,46.28,8,7.68
4726,13034,207042,57.77,42,119656,50.23,15,12.73
4727,349,7278,18.79,3,1368,0,0,8.58
4728,16988,54463,84.52,36,46042,64.13,18,2.36
4729,7254,79227,53.43,13,42346,48.37,7,17.88
4730,1063,27868,69.84,13,19466,57.91,7,4.79
4732,1592,49606,66.51,30,33004,46.44,13,6.43
4734,371,10237,14.95,2,1532,0,0,6.16
4735,37765,41569,53.36,15,22187,42.93,8,19.59
4736,14253,95374,49.9,15,47614,44.87,8,23.45
4737,11031,77398,61.52,26,47630,48.62,9,6.06
4738,3662,77596,58.37,7,45303,54.05,1,11.75
4739,56226,124651,44.33,31,55282,35.15,13,25.9
4741,11566,34812,51.42,12,17907,43.2,6,13.24
4743,81669,480458,45.79,75,220100,41.25,34,17.73
4744,33490,56948,52.68,26,30004,35.3,11,12.98
4745,3166,69706,64.65,25,45078,56.94,16,7.54
4746,43560,120256,42.37,39,50975,30.96,18,21.58
4747,2125,45461,66.14,23,30075,50.31,11,6.38
4749,55581,92733,36.63,27,33989,24.89,10,29.98
4752,1066,84413,89.55,6,75611,86.97,2,3.03
4754,23153,30283,36.69,6,11112,28.46,3,24.01
4755,7979,100706,71.24,20,71762,64.76,9,10.61
4758,396,29217,92.13,6,26925,84.79,2,1.23
4760,10591,32218,43.01,11,13859,34.76,6,21.8
4762,139,20720,99.67,8,20653,97.29,7,0.25
4763,55727,989147,60.11,110,594769,55.97,46,11.32
4764,6919,85542,74.91,30,64098,64.99,17,8.02
4765,929,32133,55.08,16,17707,39.21,6,5.99
4766,11285,120571,70.2,28,84663,62.85,14,9.67
4767,907,31415,64.08,12,20135,46.87,5,4.97
4768,16717,47488,34.52,16,16403,19.49,4,29.84
4770,9940,79976,62.93,22,50344,59.48,18,14.77
4771,4304,58719,59.33,22,34847,45.6,9,10.28
4772,33922,147682,48.98,25,72363,41.9,9,24.47
4773,228,72709,94.99,14,69091,92.29,11,0.25
4801,786,47201,98.7,2,46594,97.82,1,0.23
4802,296,18854,87.92,2,16579,85.36,1,2.38
4803,5716,59069,57.43,8,33936,55.13,6,14.81
4804,30107,71992,62.0,11,44648,54.88,3,10.09
4806,17880,99947,88.87,10,88835,85.88,4,2.12
4807,14559,48996,69.86,17,34237,63.34,12,9.1
4903,45950,105344,44.55,12,46941,38.83,3,30.14
4904,86450,3607025,93.69,385,3380109,91.19,245,2.53
4905,2031,29260,81.61,18,23883,63.65,10,6.01
4906,91658,451846,33.02,83,149248,27.68,43,29.33
4907,2957,118146,84.95,8,100389,83.76,6,3.57
4908,33711,78217,55.4,22,43351,45.52,11,25.68
4909,64439,93357,26.08,13,24365,21.76,7,42.47
4911,3491,63720,57.56,19,36687,46.72,8,8.4
4912,26087,66993,50.58,24,33892,36.97,7,15.0
4913,475,9667,25.75,3,2490,0,0,11.98
4914,226,10000,77.04,5,7705,61.66,2,4.01
4915,28539,471881,66.51,136,313921,58.21,77,12.45
4916,70217,124083,38.93,25,48326,35.27,17,35.82
4919,64619,451059,67.27,55,303488,63.27,26,19.87
4920,107,41779,93.69,6,39149,86.74,1,0.35
4922,4567,45002,25.41,12,11446,11.79,2,17.25
4923,30805,35985,34.58,13,12450,21.13,5,21.77
4924,1366,37164,70.73,18,26296,56.42,10,5.42
4925,5371,70894,48.43,31,34350,30.73,10,12.8
4927,61006,264938,27.64,58,73264,20.05,24,26.56
4929,384,234,0,0,0,0,0,38.45
4930,33921,80000,63.59,13,50887,58.83,7,18.04
4931,62711,65566,31.61,21,20738,15.1,4,45.24
4932,311,2020,0,0,0,0,0,40.02
4933,5964,82620,63.25,11,52266,59.66,6,13.23
4934,71053,225000,35.08,24,78978,29.53,6,24.33
4935,8153,128864,62.68,25,80799,56.83,14,13.79
4938,160084,2682044,77.82,404,2087555,73.55,221,10.5
4939,64001,98201,33.99,21,33395,25.75,7,35.17
4942,6625,142368,62.93,42,89604,54.52,22,10.46
4943,22106,126694,64.31,27,81501,53.36,6,14.38
4946,8385,8853,42.58,1,3770,42.58,1,37.62
4949,11529,67752,51.28,26,34753,40.85,13,21.94
4950,6671,57729,71.79,4,41454,68.13,1,6.34
4951,11517,34149,19.13,8,6539,4.48,1,33.19
4952,15250,108816,52.14,9,56747,48.76,3,26.29
4953,34463,73147,48.54,20,35517,39.25,8,23.22
4956,42512,100408,38.11,19,38275,33.13,10,33.54
4958,158334,1086003,75.73,243,822652,68.3,119,11.98
4960,91110,571705,62.15,88,355428,57.18,46,15.77
4961,42463,121254,42.47,30,51513,32.99,12,30.29
4963,445,75455,83.64,9,63121,82.03,7,1.43
4966,27618,78958,41.22,33,32555,23.72,11,23.05
4967,66153,96111,21.85,21,21026,13.62,8,48.65
4968,57300,92210,17.32,15,15983,10.22,4,47.56
4969,11537,190978,55.63,56,106284,44.91,23,6.89
4971,35320,39986,34.38,20,13761,7.04,2,31.19
4972,15707,56889,49.14,21,27971,36.23,10,24.76
4973,49691,65293,26.54,14,17337,16.41,4,39.41
4974,43192,72500,42.89,8,31109,39.73,3,29.81
4975,1026,326577,96.31,11,314557,95.92,8,0.73
4976,43400,141351,32.88,20,46508,27.03,8,33.3
4977,49400,82690,19.27,13,15946,10.73,2,49.34
4978,67,5000,82.32,1,4116,82.32,1,2.2
4979,87673,142797,39.74,38,56788,27.66,12,36.37
4980,2387,45204,58.12,14,26282,50.4,7,10.82
4987,1886,31878,80.38,1,25626,80.38,1,8.57
4989,41669,137776,23.8,24,32804,17.15,9,48.36
4990,3289,102737,53.38,32,54862,43.95,17,7.95
4991,51180,120953,58.94,42,71313,45.92,15,21.45
4992,1034,210050,82.08,38,172445,76.89,22,1.01
4994,2230,66383,85.47,29,56747,80.57,23,3.34
4995,5163,42592,66.42,21,28300,51.31,11,8.7
4996,784,99070,77.8,37,77094,65.91,19,0.92
4997,272,14665,42.96,8,6303,17.41,2,3.49
4999,46317,74417,40.98,25,30507,27.29,10,26.07
5006,14045,97071,10.19,8,9902,7.78,3,21.34
5007,4922,294940,87.78,45,258933,84.5,28,2.0
5009,82455,602471,48.75,98,293860,44.48,53,18.5
5011,34190,100674,46.82,30,47152,34.15,11,16.05
5013,9046,133416,86.95,43,116039,80.86,31,2.34
5014,52475,183265,37.4,51,68558,26.7,20,20.23
5015,26719,60639,51.89,19,31482,42.13,9,20.22
5016,2834,49622,65.98,15,32749,59.96,10,10.63
5017,6874,321,0,0,0,0,0,82.2
5201,13704,38675,56.96,19,22037,32.86,6,10.65
5202,44001,89094,54.08,14,48195,48.7,7,17.72
5203,31679,79343,45.3,20,35955,33.79,6,18.46
5204,1379,6414,18.45,1,1184,18.45,1,20.32
5205,1749,13500,74.44,2,10051,71.26,1,7.83
5206,3658,171518,85.32,31,146383,80.32,16,3.04
5207,2911,15834,38.6,8,6114,14.82,2,12.01
5209,4126,28567,55.34,4,15813,53.29,3,18.12
5210,39246,82178,42.54,15,34973,35.91,6,13.5
5211,7635,32025,47.96,12,15361,40.88,7,23.6
5212,10054,34633,79.87,16,27663,67.03,9,6.4
5213,21527,721334,86.25,83,622306,84.21,57,4.5
5215,5477,64338,52.91,22,34055,42.71,11,16.38
5216,401,17847,82.4,11,14710,57.64,4,2.85
5220,7721,39667,43.55,19,17284,19.61,5,16.84
5221,347,5573,11.3,1,630,0,0,15.82
5222,33550,91095,32.33,24,29472,22.88,10,27.76
5223,2808,44550,62.11,12,27682,54.1,7,13.6
5225,8583,79136,45.93,12,36362,39.28,4,20.71
5226,400,23300,52.74,11,12293,31.51,3,4.34
5227,58760,68000,19.36,8,13180,12.87,2,37.05
5228,3325,38056,55.84,13,21256,47.95,7,14.13
5229,129,58238,96.46,13,56185,89.33,6,0.41
5230,29702,55977,26.24,18,14693,10.33,4,30.85
5233,3000,277249,85.35,23,236705,82.42,10,2.36
5234,11434,102716,65.45,20,67241,59.34,9,9.49
5236,7025,60004,62.62,6,37580,60.89,4,16.01
5238,692,67296,83.45,15,56167,78.59,9,2.2
5239,601,24700,30.08,8,7434,16.98,3,5.26
5240,511,26582,55.52,17,14762,30.36,5,2.74
5242,1117,124895,72.27,45,90289,58.57,18,1.89
5243,30271,168529,60.33,36,101717,52.2,14,19.83
5244,10085,68242,47.78,32,32617,28.98,11,19.97
5245,3980,45127,57.84,18,26113,40.74,7,16.6
5246,8984,44793,35.51,11,15914,27.19,4,25.88
5247,511,75000,75.92,12,56951,68.74,5,1.47
5248,1794,24500,65.78,6,16120,64.06,5,13.45
5250,209,39107,97.08,1,37967,97.08,1,1.0
5251,35338,33733,33.42,4,11281,29.21,2,38.22
5253,224,40943,81.05,20,33194,58.2,5,0.96
5254,687,22607,75.83,8,17145,70.48,6,4.99
5256,1873,71602,69.68,25,49908,61.23,15,4.55
5257,809,132750,79.64,27,105735,73.71,13,1.25
5258,25959,110365,49.79,39,54971,36.1,14,16.79
5259,2366,43563,82.06,8,35757,74.45,3,5.69
5262,8063,52699,54.33,23,28643,31.97,5,6.13
5263,26673,73937,55.78,30,41255,45.51,16,12.52
5265,123,1207,0,0,0,0,0,22.11
5267,1372,25300,62.14,13,15723,46.59,5,8.7
5269,39711,74157,55.55,10,41208,51.61,5,26.35
5271,8090,63472,29.48,13,18728,20.52,4,24.34
5272,45746,55276,23.87,15,13198,10.26,3,36.42
5274,33988,37803,34.15,13,12915,19.28,3,11.6
5275,144,10264,30.86,6,3169,0,0,2.11
5276,989,39500,88.1,6,34805,85.29,4,4.42
5278,4483,300000,82.36,70,247148,77.24,45,2.74
5282,278,25006,85.81,10,21463,59.25,1,0.6
5283,27522,87601,60.82,23,53292,53.45,14,20.47
5284,9286,52893,56.1,11,29682,52.08,7,17.55
5285,11647,102041,62.72,34,64017,54.18,20,19.18
5286,910,14745,79.97,6,11795,69.95,4,4.81
5287,9973,60311,59.32,22,35791,47.17,10,21.4
5288,3121,69699,69.11,15,48187,59.84,4,7.41
5289,58115,96359,40.22,31,38773,26.86,10,23.26
5291,5200,39891,49.59,23,19787,22.26,5,21.45
5292,7188,42108,53.03,17,22340,38.18,7,15.36
5294,60,82,0,0,0,0,0,86.86
5295,156,29140,86.34,15,25168,71.08,8,0.75
5296,469,21595,35.92,7,7760,27.24,4,5.13
5297,8186,37652,20.92,10,7880,10.87,3,34.89
5299,16269,50889,51.55,10,26244,44.98,5,25.4
5301,4051,65890,80.61,10,53128,74.58,4,4.95
5302,12836,159888,52.82,25,84465,46.18,7,16.89
5304,32316,326962,88.1,23,288105,86.33,13,6.18
5306,12341,126001,68.9,22,86834,64.41,11,12.56
5307,35157,423153,41.15,93,174182,32.16,31,16.05
5309,70368,230964,39.72,34,91793,33.17,10,32.18
5310,7198,28944,58.49,15,16936,38.38,5,6.49
5312,5805,60060,55.6,17,33402,50.71,13,13.55
5314,50420,292000,45.81,40,133830,41.52,19,26.59
5315,51134,106352,33.38,30,35524,23.45,13,21.99
5321,8203,53180,60.44,23,32152,46.06,10,13.5
5324,21389,226379,79.08,46,179070,72.88,24,4.99
5325,20426,55522,33.44,8,18575,27.5,3,38.13
5328,67583,172711,47.39,25,81892,42.39,12,31.58
5336,2962,2224,0,0,0,0,0,68.94
5340,26958,194894,61.49,35,119899,53.32,8,20.66
5344,6775,79447,75.57,7,60047,73.54,4,10.54
5345,6421,37795,78.9,2,29821,78.9,2,7.19
5346,263586,1366161,37.66,306,514678,28.0,88,20.14
5347,97796,1879568,85.82,243,1613383,82.47,145,6.78
5348,1794,14776,56.32,6,8324,40.79,2,9.22
5351,111140,328585,36.74,57,120765,31.22,28,30.43
5353,6750,75765,54.86,29,41576,37.82,10,14.23
5355,32671,166123,70.33,44,116858,62.63,25,7.18
5356,52887,103040,44.07,23,45420,39.58,16,22.08
5364,7398,63850,69.93,14,44657,61.31,3,5.83
5371,100114,390981,43.61,52,170572,39.62,26,32.18
5372,5398,48620,23.53,13,11444,12.37,4,24.44
5376,3812,33732,33.68,9,11368,23.82,3,17.23
5381,27002,207835,55.03,31,114436,48.14,9,19.35
5385,8322,11156,23.79,2,2655,18.19,1,43.97
5386,27457,36081,35.67,6,12878,28.28,2,35.21
5387,141683,45000,91.33,2,41103,90.19,1,7.17
5388,33483,304343,52.36,102,159404,42.3,51,19.44
5392,66326,176562,34.51,19,60950,29.25,5,32.52
5395,2243,1760,0,0,0,0,0,41.07
5398,38062,49465,57.64,19,28522,43.78,9,7.71
5403,9739,78176,47.08,35,36821,29.91,12,19.42
5410,57127,92859,36.77,22,34158,27.61,10,27.74
5414,5083,68584,59.7,20,40958,48.09,7,10.26
5425,88559,263485,41.88,49,110402,37.08,30,33.39
5426,35865,143800,57.34,25,82494,54.39,18,20.96
5432,5532,20688,54.1,4,11196,51.4,3,28.1
5434,30369,194006,53.85,71,104508,39.41,29,14.51
5438,38098,112537,75.38,12,84837,74.18,9,9.92
5439,33302,92977,47.02,33,43737,34.31,16,27.03
5442,4831,64865,20.62,12,13385,14.59,5,16.15
5443,67623,164747,39.78,22,65567,34.73,7,37.2
5450,11700,122403,81.45,12,99721,78.42,6,5.44
5452,69602,148764,43.22,23,64312,38.81,10,29.27
5455,3484,65502,93.99,25,61570,89.0,20,1.66
5457,17331,196455,54.39,35,106897,49.62,19,16.92
5460,31651,58778,55.96,27,32898,39.17,12,15.9
5464,4569,71071,73.09,27,51965,57.66,12,8.2
5465,7958,147683,72.2,17,106640,68.79,8,11.29
5467,1837,85557,86.39,11,73931,82.79,6,2.84
5468,5817,58923,67.34,14,39689,59.23,7,12.98
5469,37379,486166,71.67,86,348517,66.6,46,12.19
5471,66680,167877,29.62,42,49759,20.15,16,36.97
5473,2490,3043,0,0,0,0,0,78.19
5474,8185,39757,56.66,8,22534,48.5,4,26.25
5475,51565,127127,40.65,25,51707,34.44,12,32.2
5478,41261,156074,79.31,30,123826,72.84,16,9.62
5481,42472,71403,64.77,23,46258,52.65,10,8.11
5483,121076,641222,62.42,153,400378,55.99,85,18.56
5484,34375,66801,39.41,13,26338,34.13,7,38.14
5487,7177,24223,71.07,15,17221,47.58,7,7.46
5488,40525,91586,44.77,28,41009,37.74,16,15.28
5489,3037,102706,85.29,13,87610,82.7,8,4.1
5490,70008,96152,34.99,24,33660,26.71,11,24.05
5492,1375,71415,98.66,1,70463,98.66,1,1.03
5493,5675,43689,44.79,18,19578,23.47,4,19.6
5497,4840,65328,26.12,14,17079,15.5,4,16.92
5498,71717,193549,33.47,20,64831,30.25,10,38.66
5501,6096,21200,28.1,4,5959,24.3,3,20.16
5505,5928,138832,65.6,47,91106,50.89,15,7.02
5506,7580,152545,66.77,34,101882,58.45,12,6.12
5508,18991,217428,68.85,18,149722,66.38,9,14.72
5511,6130,113440,64.67,38,73378,53.39,17,9.24
5512,79048,766312,61.07,150,468150,54.66,70,9.2
5514,10436,236118,92.41,51,218245,87.52,32,1.22
5515,12096,201600,69.92,57,141000,61.75,30,8.32
5516,1813,51545,70.8,15,36507,60.51,7,4.65
5519,17180,219197,58.34,45,127911,51.51,21,16.23
5520,1220,59975,83.75,23,50242,73.58,12,2.17
5521,63996,492280,57.27,90,282032,52.18,50,10.47
5522,16768,781596,89.66,63,700895,87.26,33,3.89
5523,2626,155001,92.12,32,142828,88.58,23,1.44
5524,3916,58669,30.68,22,18012,11.6,4,16.09
5525,4698,318105,88.35,69,281099,84.12,49,1.99
5529,11360,101837,73.85,19,75228,68.33,10,5.1
5530,12671,420084,82.48,47,346557,79.81,28,4.8
5531,14995,977589,86.05,83,841376,83.59,41,3.2
5532,821,17804,31.03,8,5527,5.88,1,4.86
5533,5734,285245,79.86,77,227847,70.77,34,3.52
5534,22562,315326,69.34,86,218732,60.06,43,11.31
5536,27689,124081,59.67,64,74072,37.23,18,11.1
5538,1324,201203,94.07,21,189315,93.05,18,0.99
5541,86,26427,82.05,10,21689,76.05,7,0.26
5543,1107,46704,72.51,29,33870,46.25,9,2.84
5546,1334,82353,85.18,19,70158,77.99,9,2.48
5547,1353,45288,65.82,13,29820,54.69,6,5.1
5548,2317,57803,64.17,17,37108,57.26,11,6.01
5601,865,64800,79.4,44,51463,48.78,12,1.18
5603,29686,104877,56.42,22,59199,51.92,14,17.69
5604,11078,108783,67.08,44,72987,53.81,21,7.12
5607,17947,370553,75.73,59,280696,68.52,18,6.48
5608,90336,389276,28.77,51,112102,23.8,19,30.6
5609,38387,142884,52.13,46,74528,45.16,30,23.78
5701,52148,143000,53.5,19,76539,48.27,7,17.3
5702,1937,5294,0,0,0,0,0,45.88
5703,1987,70240,88.29,25,62024,83.83,19,3.6
5704,3558,58862,83.84,23,49357,79.45,19,7.23
5706,28275,84911,39.95,15,33937,35.26,7,30.36
5810,48684,916440,72.85,99,667818,68.96,39,7.71
5859,3617,1450278,96.77,46,1403636,96.13,31,0.51
5863,27002,320202,81.56,44,261224,77.21,23,5.17
5864,13138,454496,70.61,112,320993,62.02,49,5.19
5871,116023,1711421,68.88,352,1179420,63.02,192,10.78
5871A,8229,150000,69.66,46,104521,60.84,26,5.05
5876,54133,4861603,86.93,825,4226957,81.23,371,1.66
5878,1824,25024,72.03,11,18029,59.78,6,11.89
5880,418624,15680937,73.3,1810,11497880,69.28,733,4.84
5901,5003,22907,77.87,2,17837,77.87,2,8.64
5902,2584,94500,85.18,16,80510,81.29,10,3.55
5903,17507,223220,91.4,25,204080,88.64,16,5.35
5904,24152,106444,70.14,50,74680,52.45,19,8.13
5905,46453,281623,46.65,43,131454,40.77,16,16.86
5906,957,35741,87.6,10,31315,82.48,7,1.76
5907,5616,195531,69.22,26,135379,65.17,13,6.73
6005,109361,2170908,74.81,262,1624483,71.7,153,7.69
6015,73358,402901,51.31,84,206842,45.19,42,12.17
6016,77213,686596,52.65,141,361552,45.72,61,10.6
6020,1969,252353,96.58,10,243740,95.93,8,0.88
6021,4176,312231,90.07,46,281271,86.28,27,1.58
6023,13820,319976,86.88,23,278029,85.15,13,4.38
6024,16882,249938,68.79,31,171957,64.09,10,10.92
6026,43784,396162,50.03,92,198328,41.52,38,10.7
6027,822,155720,95.39,9,148563,93.85,6,0.47
6028,1668,25000,62.6,11,15655,50.64,5,9.07
6035,2287,71386,93.98,20,67099,83.93,9,2.2
6101,2701,115564,89.59,40,103553,80.12,25,2.92
6103,3169,13605,91.1,5,12395,83.83,3,4.33
6104,57195,91129,18.93,16,17263,9.79,4,44.87
6107,5298,87438,40.84,17,35727,34.58,8,13.8
6108,60854,154494,52.62,43,81323,43.02,20,15.77
6109,33987,87825,49.83,31,43779,40.09,18,13.08
6110,2636,29376,18.41,7,5412,7.18,2,14.26
6111,45700,109091,44.51,23,48574,40.3,16,24.8
6112,34620,188357,58.56,13,110344,56.09,6,20.99
6113,8382,52549,53.96,9,28364,52.1,7,20.57
6114,5439,43912,74.07,9,32533,65.48,3,9.22
6115,14276,187662,61.5,31,115470,56.59,17,16.59
6116,360861,2858655,47.08,199,1346496,44.65,83,24.25
6117,14670,92587,53.38,13,49431,49.06,7,25.39
6118,9192,90890,57.2,16,52003,51.7,9,19.66
6120,60086,599000,61.2,74,366783,56.89,31,12.61
6121,18988,184971,68.18,86,126159,51.14,34,10.89
6122,36065,78092,29.55,18,23092,20.48,8,28.79
6123,10463,62089,43.09,20,26772,33.37,9,20.99
6124,9058,182480,93.7,18,171034,92.29,14,4.36
6125,92114,259011,36.36,35,94203,31.67,16,35.52
6126,72056,129943,37.82,26,49174,31.78,14,33.27
6127,74149,108080,25.34,20,27401,20.34,10,46.24
6128,7668,127589,58.95,26,75246,53.53,15,11.67
6129,75766,180944,16.38,14,29690,13.43,5,37.27
6130,29347,46300,62.56,14,28976,50.41,7,8.03
6131,5937,34793,41.17,9,14331,29.61,3,17.04
6132,4754,64154,35.29,25,22649,15.59,5,15.79
6133,22375,117006,47.97,21,56138,44.22,13,23.66
6134,18191,81882,56.77,20,46500,46.71,7,19.51
6135,7564,76189,38.4,12,29263,34.22,6,13.36
6136,45759,115536,44.75,35,51723,33.02,13,20.5
6137,11247,101377,38.74,29,39282,26.62,9,15.27
6138,26461,75636,50.17,28,37960,30.68,6,18.32
6139,39403,235576,69.08,76,162769,58.28,37,12.41
6140,10049,54898,46.62,17,25603,34.47,7,26.93
6141,16401,113354,49.7,37,56359,39.09,18,18.83
6142,48757,330779,59.32,61,196289,50.67,14,10.24
6143,54290,86059,31.31,21,26960,19.12,5,40.15
6144,1513,38274,89.55,3,34277,89.55,3,5.45
6146,20674,101867,56.28,31,57342,42.87,10,14.44
6147,140403,744594,70.57,151,525618,65.33,89,17.82
6148,27989,46604,37.01,9,17252,33.68,6,34.4
6149,3075,31880,39.03,7,12445,35.09,5,15.85
6150,40484,48346,15.59,6,7548,11.78,3,45.82
6151,19429,55257,36.87,19,20389,22.35,7,24.04
6152,42009,167738,23.81,28,39962,16.96,10,27.56
6153,80225,636178,49.91,102,317609,43.84,39,17.14
6154,10868,80080,63.27,21,50676,54.44,10,16.37
6155,15852,88024,59.12,28,52064,49.57,14,25.33
6156,36398,107875,43.26,23,46684,38.04,13,18.96
6158,36546,55698,43.11,16,24017,34.41,9,21.42
6160,45260,68489,38.58,16,26434,29.69,7,25.76
6161,23546,56237,39.39,5,22164,35.28,1,26.51
6162,3808,79770,51.97,24,41468,43.87,13,10.15
6163,47374,148839,44.68,34,66525,37.78,17,25.0
6164,46047,80000,27.22,25,21791,13.0,5,29.82
6165,41406,77753,47.58,24,37004,37.09,12,13.66
6166,11413,217779,77.93,62,169743,69.29,31,6.76
6167,29080,146000,43.7,34,63829,36.45,17,18.94
6168,35900,205762,44.32,18,91211,42.81,12,28.48
6169,40937,23395,30.39,4,7113,26.44,2,30.6
6170,33076,97260,56.33,23,54809,50.39,13,16.98
6171,2387,100000,87.72,23,87732,79.36,11,3.05
6172,1902,30000,88.76,9,26631,82.71,7,5.51
6173,47084,171200,67.61,28,115781,62.22,14,18.67
6174,9451,50000,63.42,14,31716,56.81,8,18.35
6175,19382,150122,65.58,29,98478,59.3,14,20.38
6176,71924,465027,51.24,130,238365,42.33,64,24.04
6177,20984,471891,75.29,125,355446,67.39,67,6.58
6179,50246,177325,40.11,47,71162,29.54,17,18.67
6180,56684,175494,50.3,30,88323,46.84,21,26.83
6181,3950,45630,11.85,6,5416,6.88,2,16.59
6182,152987,593641,43.47,110,258209,38.39,61,27.76
6183,37337,150000,77.43,32,116163,71.06,17,5.79
6184,7717,162128,72.39,30,117399,67.83,18,8.74
6185,46582,149868,52.88,47,79282,40.08,16,14.27
6186,57485,194908,52.01,33,101412,46.62,16,13.28
6187,56489,98263,52.25,46,51356,34.04,16,18.53
6188,69905,278359,43.98,37,122509,37.85,10,31.14
6189,65501,263826,33.63,68,88762,23.08,29,28.66
6190,59468,194112,37.0,43,71857,29.65,19,34.77
6191,85321,499303,55.45,59,276980,51.32,28,23.83
6192,7827,96156,57.58,39,55386,45.55,20,11.97
6193,8879,177808,61.35,38,109132,56.65,25,9.89
6194,5015,48000,53.46,19,25670,33.32,5,14.97
6195,11420,50193,53.24,7,26729,52.4,6,25.65
6196,30378,220330,72.02,45,158733,65.94,25,11.76
6197,45041,123439,48.01,28,59289,39.96,11,28.07
6198,6584,171400,94.21,8,161514,92.89,4,1.47
6199,2154,61760,79.22,20,48932,74.61,15,4.82
6201,5904,89200,69.11,21,61660,61.43,11,11.75
6202,58131,230388,39.44,42,90907,33.94,22,30.28
6203,10125,82401,59.19,16,48781,52.21,6,22.65
6204,22046,23102,29.71,3,6867,25.64,2,44.71
6205,13357,82236,47.21,26,38846,40.79,17,27.09
6206,17201,143062,52.47,44,75085,41.04,18,19.7
6207,61547,91896,28.56,27,26255,16.6,9,46.5
6208,11641,94462,65.81,44,62193,52.23,24,16.22
6209,58823,181662,45.06,55,81893,37.37,33,30.6
6210,3121,35048,54.11,16,18968,36.44,7,17.23
6212,989,102000,91.79,27,93638,86.12,18,1.04
6213,86178,363597,57.63,66,209614,51.09,31,25.42
6214,56125,272243,57.08,74,155471,47.46,33,21.02
6215,56260,82790,32.53,14,26943,27.63,7,41.97
6216,32470,97296,39.64,27,38587,29.85,10,24.55
6217,75584,117210,32.23,30,37786,22.33,13,41.36
6218,28023,64262,47.37,18,30456,37.19,7,26.27
6219,5954,124967,68.79,21,86001,64.65,12,7.42
6220,34380,146463,64.04,55,93832,53.15,28,9.55
6221,31278,168601,74.63,21,125866,71.29,12,6.99
6222,1865,95689,90.1,11,86233,84.52,3,2.16
6223,50026,97981,48.94,31,47961,36.49,12,10.25
6224,43328,85645,38.67,25,33133,24.5,8,26.23
6225,5594,27800,65.08,7,18097,55.2,2,7.16
6226,47291,115535,25.78,24,29803,17.42,9,31.3
6227,7648,76112,71.93,6,54750,69.2,2,13.49
6228,1846,26000,80.44,5,20917,75.5,3,8.15
6229,30635,40361,36.16,6,14602,32.77,4,25.47
6230,7603,86343,87.81,3,75819,87.81,3,7.18
6231,25868,45652,33.81,11,15444,25.92,5,33.55
6232,36931,451582,18.65,60,84315,13.33,18,18.33
6233,62159,81022,28.47,18,23073,19.13,6,35.83
6234,31515,100386,53.84,20,54068,49.62,13,23.63
6235,61881,199906,40.62,23,81241,36.43,9,29.26
6236,911,41654,92.64,4,38594,87.98,1,1.65
6237,72690,79645,20.23,12,16124,15.66,6,43.65
6239,160441,759147,69.59,178,528447,63.69,103,16.58
6240,1074,22867,82.12,9,18787,70.93,5,4.85
6241,29455,48700,48.95,11,23853,38.71,3,15.79
6242,3199,31806,63.81,7,20301,55.47,3,13.65
6243,58684,45269,23.15,7,10484,17.7,2,44.32
6244,96212,387042,34.72,66,134421,29.06,29,30.09
6245,20535,146608,45.04,25,66076,40.31,13,22.52
6246,32496,37851,62.99,7,23847,53.99,1,12.44
6248,32355,99956,49.26,24,49257,43.97,15,16.93
6249,207,2867,14.82,1,425,0,0,16.21
6250,1162,18249,70.88,2,12937,67.95,1,6.96
6253,453,5879,0,0,0,0,0,15.31
6254,518,30882,49.51,13,15294,36.43,6,3.4
6256,458,1845,0,0,0,0,0,52.68
6257,115640,483912,48.55,143,235014,39.47,70,24.71
6259,9398,28056,44.6,4,12516,41.09,2,22.44
6261,56360,128498,37.4,26,48084,30.98,13,31.83
6262,1345,20453,28.66,5,5866,16.8,1,16.11
6263,11238,62501,43.35,7,27100,40.96,4,26.95
6264,4273,136355,71.66,28,97742,67.28,18,5.75
6265,38664,118172,47.63,17,56297,41.52,6,25.85
6266,45953,153872,38.99,38,60014,31.0,18,19.78
6269,77254,323831,37.4,71,121194,30.13,32,29.06
6270,33834,72146,43.43,18,31350,36.56,10,28.74
6271,61401,209058,50.31,63,105249,41.44,34,28.21
6272,5046,81764,51.47,34,42100,35.75,14,12.77
6274,88808,298806,67.35,97,201270,56.96,50,14.67
6275,36804,80332,28.95,15,23265,23.42,7,35.82
6276,29505,22043,52.47,6,11570,48.9,5,26.83
6277,10399,119471,55.0,39,65734,43.4,17,17.65
6278,41428,292398,65.79,102,192417,54.01,47,18.86
6279,21328,119016,45.12,36,53733,35.61,18,25.13
6280,172,65492,99.95,1,65460,99.95,1,0.04
6281,10450,99173,55.84,37,55399,43.58,17,19.33
6282,157516,856101,48.05,121,411506,44.13,64,27.31
6283,15591,148981,62.76,21,93537,57.6,7,14.22
6284,51475,148980,53.37,22,79545,47.7,8,25.56
6285,95434,483664,64.91,112,314048,58.38,64,19.81
6287,4211,121451,94.0,7,114178,93.08,5,2.42
6289,10250,524,0,0,0,0,0,54.73
6290,53084,169648,45.7,58,77583,34.12,27,28.35
6291,9617,42000,65.35,7,27448,62.85,5,14.76
6292,7373,46601,45.6,7,21258,39.7,3,28.96
6294,12219,26047,37.14,4,9675,33.46,2,31.76
6295,350,1915,22.01,1,422,0,0,20.7
6299,123,25576,98.35,1,25154,98.35,1,0.71
6402,2019,58265,63.95,24,37276,48.86,10,4.08
6403,2577,15332,41.54,1,6369,41.54,1,13.4
6404,9036,24358,67.09,5,16343,63.48,4,9.82
6405,6192,65800,54.06,23,35580,38.4,9,15.79
6406,1073,35647,58.18,5,20744,53.35,2,8.78
6407,6512,75130,36.0,17,27054,28.16,8,19.85
6409,17503,87704,62.84,39,55128,46.25,16,11.87
6411,56462,99501,35.55,34,35383,20.79,10,28.85
6412,22045,400769,80.72,54,323564,76.73,29,8.7
6414,16795,149010,65.39,54,97464,53.43,23,11.97
6415,25337,389072,78.92,159,307126,65.15,67,4.93
6416,22512,73348,46.58,17,34180,35.36,4,19.89
6417,1540,42274,67.99,20,28754,52.18,10,4.66
6418,2586,34522,57.36,11,19807,51.39,7,14.67
6419,28087,13159,35.59,3,4685,32.17,2,32.95
6423,3287,31016,39.91,12,12385,21.88,4,15.89
6425,10005,51479,42.65,14,21963,34.03,7,32.0
6426,19855,38509,40.56,6,15624,34.93,3,30.34
6428,1027,17682,91.64,3,16205,89.36,2,3.65
6429,270,9348,37.74,5,3530,11.76,1,6.76
6431,17805,97399,70.15,19,68342,65.31,11,4.47
6432,34344,37301,37.04,13,13827,17.78,3,27.59
6434,9746,463602,84.97,21,394005,83.61,11,5.14
6435,6451,37461,57.87,8,21686,48.33,2,19.19
6437,403,32300,65.0,19,21003,40.87,7,3.09
6438,46993,82206,32.1,19,26406,24.28,10,36.84
6441,34903,53318,45.26,6,24138,41.86,2,24.34
6442,63509,80390,58.98,38,47431,38.16,12,19.78
6443,166492,512797,18.06,38,92744,15.76,19,47.92
6446,42617,379916,56.49,135,214675,43.88,58,9.51
6449,29071,91886,76.99,31,70766,64.96,11,9.68
6451,24649,113953,73.34,21,83604,67.17,9,15.91
6452,11654,100131,39.15,24,39221,30.43,9,23.81
6453,623,3519,0,0,0,0,0,38.17
6455,564,37095,68.47,16,25404,51.47,8,2.5
6456,37329,337940,50.32,49,170089,46.03,25,22.4
6458,2714,26789,65.25,6,17483,63.74,5,6.17
6461,27625,178352,63.25,33,112831,53.9,6,8.73
6462,46517,91251,31.28,20,28568,21.03,5,36.15
6464,2199,128782,85.3,42,109876,77.19,25,1.93
6465,2568,47074,69.73,7,32832,65.09,3,8.26
6467,4150,52371,37.46,18,19633,21.75,4,14.75
6468,162,12074,98.62,1,11909,98.62,1,0.94
6469,29564,150076,47.49,29,71320,41.57,14,25.16
6470,27049,37694,40.01,1,15083,40.01,1,32.52
6471,360,853,0,0,0,0,0,61.63
6472,32576,127987,55.69,34,71301,45.39,11,24.07
6473,9834,40000,68.95,23,27588,49.2,11,4.23
6474,1556,52526,68.46,30,35963,44.6,10,4.74
6475,931,34784,73.13,12,25443,56.66,1,4.7
6477,27840,123787,43.57,25,53961,37.5,13,26.3
6479,878,57300,86.32,9,49474,79.32,3,2.03
6481,107,27204,96.01,6,26122,91.6,4,0.8
6482,2019,28634,67.6,8,19358,65.78,7,11.16
6483,16590,66742,45.91,37,30658,18.78,7,5.61
6485,41260,47366,27.56,12,13059,19.1,5,33.11
6486,30216,50893,42.9,5,21837,40.28,3,28.79
6488,53409,478114,81.52,115,389838,72.63,51,6.41
6489,279,28470,62.98,18,17933,36.92,7,1.79
6490,425,38754,70.62,10,27375,64.16,6,2.75
6491,12519,78000,58.17,17,45390,51.63,9,16.75
6492,45870,89904,30.62,19,27545,26.25,12,24.4
6493,998,30050,80.37,9,24152,80.37,9,6.19
6494,38586,31560,16.38,8,5173,5.22,1,36.34
6495,12156,172031,52.59,39,90506,43.12,13,7.57
6496,10314,47396,66.03,9,31305,62.39,7,19.53
6497,1560,189955,97.19,5,184632,96.46,2,1.69
6498,6413,47165,70.43,17,33227,56.92,8,9.12
6499,8053,96945,42.65,14,41374,36.2,4,15.24
6502,134,8719,90.96,1,7931,90.96,1,0.83
6503,77,12012,80.41,3,9660,80.41,3,1.52
6504,5235,72600,69.81,22,50696,64.32,15,12.39
6505,104185,9525960,94.78,167,9029963,94.34,94,2.01
6506,4413,82361,61.29,39,50503,45.74,17,8.82
6508,15603,86539,60.47,14,52344,59.59,13,22.96
6509,57293,197081,37.43,48,73829,28.78,22,29.21
6510,16334,32929,50.15,8,16517,38.1,2,10.44
6511,642,60000,72.03,24,43229,57.36,9,2.89
6512,6766,25260,36.06,10,9115,17.68,3,20.39
6515,33170,36431,50.01,15,18228,37.27,8,9.55
6516,3700,56337,53.96,15,30405,43.44,5,11.48
6517,22479,30579,17.96,3,5494,17.96,3,43.77
6518,544,33333,84.37,12,28130,74.1,7,2.52
6523,6211,45048,63.08,8,28418,61.69,7,20.46
6525,11530,129047,63.78,18,82333,57.09,5,13.36
6526,21824,167506,78.27,15,131139,75.48,8,9.54
6527,2229,25459,41.59,7,10592,27.69,1,10.1
6529,399,12699,71.81,7,9121,41.45,1,5.3
6530,35010,33750,17.08,6,5773,8.93,2,44.36
6531,43031,163149,65.05,57,106157,55.41,29,11.32
6532,30513,37445,33.52,14,12558,18.46,4,34.86
6533,32983,50651,21.92,8,11113,16.37,3,43.74
6534,2002,102800,82.44,32,84776,75.96,21,3.17
6535,10937,167841,64.82,37,108835,57.48,16,9.39
6536,1212,26324,74.19,9,19535,58.26,2,4.38
6538,39559,38050,29.86,15,11366,7.83,2,32.89
6539,1013,24349,85.23,10,20757,75.51,6,3.95
6540,131,220435,99.05,3,218375,98.57,1,0.11
6541,12229,264993,72.15,47,191226,65.72,18,7.17
6542,911,42001,84.68,14,35580,77.61,10,2.7
6543,12324,55855,66.68,26,37261,49.76,10,1.92
6545,1239,22080,44.15,7,9751,37.79,5,13.39
6546,12433,66848,42.81,15,28631,29.91,1,25.47
6547,51106,328749,35.32,64,116164,27.95,21,19.3
6548,23187,950465,89.11,103,847138,86.49,63,4.36
6549,25522,80122,29.61,25,23739,16.14,6,11.58
6550,25756,894793,77.08,78,689869,73.91,31,6.17
6551,1188,71785,83.69,11,60095,79.32,6,3.11
6552,7854,83000,58.44,7,48512,55.76,3,18.8
6555,4725,119230,69.47,17,82864,64.58,7,8.94
6556,1371,28750,78.59,12,22600,67.47,7,7.44
6558,47695,93789,40.82,9,38299,38.61,6,32.18
6559,2016,23189,52.92,11,12276,31.62,3,17.62
6560,3413,32475,39.55,6,12851,32.29,3,19.14
6561,7094,77958,73.08,12,56990,70.23,8,8.46
6562,11454,118190,52.76,9,62365,50.33,5,15.65
6563,1158,29743,30.63,11,9118,10.34,1,7.77
6564,3759,72134,64.36,11,46441,59.45,6,11.15
6565,1268,27144,39.63,9,10760,28.24,5,9.28
6566,663,32152,84.51,6,27176,79.36,3,3.43
6567,630,102850,88.54,30,91083,80.22,15,1.26
6568,24861,30800,40.51,7,12479,29.94,1,22.97
6569,3937,39071,67.67,8,26448,61.23,3,12.81
6570,8420,37119,43.24,14,16056,29.56,5,24.42
6572,4421,103650,69.13,16,71684,64.87,9,9.97
6573,5406,80499,63.74,14,51324,59.52,8,14.95
6574,3361,21990,78.71,7,17311,75.53,6,9.65
6575,6890,135270,54.36,18,73566,51.02,10,8.89
6576,30597,157541,66.36,37,104561,58.96,19,6.87
6577,3648,60060,74.85,8,44967,70.03,3,10.66
6578,18938,71942,62.91,20,45277,55.7,10,10.28
6579,7533,169451,85.17,16,144338,83.74,11,6.39
6580,3972,112120,58.42,43,65519,45.65,21,8.22
6581,2333,111271,90.2,18,100377,86.85,11,2.94
6582,9393,106174,74.27,12,78873,71.21,8,11.93
6583,330,15947,82.44,9,13150,53.46,2,3.15
6584,12459,71144,76.14,26,54182,63.01,10,11.34
6585,4070,72134,79.39,12,57283,72.78,5,8.6
6586,29043,214010,61.96,34,132634,55.67,12,8.0
6588,38027,34701,25.92,7,8997,21.16,4,33.45
6589,23511,307076,57.18,59,175662,49.2,21,14.41
6590,2251,24964,57.0,13,14234,30.04,3,13.12
6591,44493,41122,28.43,10,11702,20.08,4,31.62
6592,25200,623150,79.85,61,497687,76.13,26,7.21
6592A,3687,50000,85.41,15,42707,75.84,6,6.78
6592B,5282,50000,81.28,17,40648,67.19,8,7.21
6593,34222,31857,44.22,13,14094,31.53,6,29.72
6595,9060,49858,80.7,20,40245,63.12,5,1.4
6596,17016,38000,26.72,6,10159,22.73,3,41.95
6597,980,30042,80.64,7,24234,72.45,3,4.93
6598,37156,102819,51.56,34,53036,39.95,14,11.96
6599,291,21000,76.44,4,16057,71.03,2,1.93
6601,361,44695,86.87,5,38836,84.46,3,1.53
6602,404,1236,0,0,0,0,0,64.82
6603,25467,167443,50.73,54,84999,38.79,22,15.2
6604,833,43731,86.61,9,37880,79.82,4,3.16
6605,16358,165816,66.92,42,111009,58.45,20,12.34
6606,9972,110304,71.12,43,78466,60.36,24,7.16
6607,68,9346,81.0,5,7571,76.22,4,1.21
6608,313,60000,96.78,8,58073,93.72,6,0.98
6609,9535,72456,56.66,6,41057,55.21,4,20.84
6610,2871,205579,83.61,13,171904,81.67,7,3.15
6611,459,1467,91.68,1,1345,91.68,1,8.3
6612,2799,47515,64.51,21,30660,45.22,7,9.2
6613,8897,77801,60.91,8,47402,56.85,2,14.83
6614,4098,80661,74.43,6,60046,73.85,5,9.76
6615,5139,21593,51.5,12,11125,35.88,5,22.31
6616,1588,35478,62.83,11,22299,53.85,6,7.82
6617,7043,127506,67.6,27,86217,59.63,11,9.75
6618,36865,104816,31.1,31,32608,21.27,12,13.11
6620,19884,169982,60.35,46,102628,49.08,13,9.03
6621,32109,35501,36.55,10,12985,23.52,3,17.86
6622,957,35301,63.56,13,22445,52.95,8,4.47
6624,848,22579,76.75,8,17332,59.54,3,4.83
6625,10587,57972,48.87,14,28337,44.07,10,23.68
6626,424,8936,77.35,4,6913,59.56,1,5.62
6627,267,28352,77.55,16,21990,65.81,10,1.55
6629,941,38380,83.96,10,32229,79.92,7,3.05
6633,1367,11129,95.66,1,10646,95.66,1,3.98
6634,2184,71289,66.75,25,47596,51.6,9,6.15
6637,3194,26810,61.7,10,16544,53.8,7,18.55
6638,1155,30000,70.04,7,21017,56.74,1,6.94
6639,919,57645,72.92,18,42046,62.46,9,3.48
6640,13206,28886,65.73,3,18991,63.83,2,16.37
6641,2069,36500,59.48,14,21716,53.07,10,10.06
6642,3833,37400,55.99,10,20947,46.24,5,16.3
6643,23097,41798,37.81,7,15808,34.07,4,36.48
6645,6671,60864,43.51,24,26497,26.17,7,10.96
6648,9252,50000,63.85,20,31939,49.42,9,6.79
6649,18519,42000,53.39,19,22436,32.85,5,7.63
6650,489,31090,80.16,17,24924,61.87,8,2.37
6651,3750,34602,51.61,17,17866,32.85,5,14.48
6652,1689,137000,79.07,38,108355,69.5,16,2.81
6653,282,6000,95.45,1,5727,95.45,1,1.16
6654,3436,40963,79.32,12,32494,71.18,6,3.97
6655,972,80572,86.14,24,69423,76.45,12,1.22
6656,66,12228,90.33,4,11047,82.4,3,0.71
6657,15575,88808,35.31,26,31374,20.99,6,16.19
6658,10741,36370,44.64,13,16241,31.75,5,20.82
6659,1075,85883,82.56,22,70926,73.72,10,2.31
6661,1306,23304,65.84,6,15345,61.65,4,9.55
6662,4686,25612,47.62,10,12198,40.13,7,7.97
6664,16417,61151,55.36,24,33866,36.54,11,22.5
6665,1835,45350,65.84,8,29862,59.39,4,8.29
6666,2278,47388,78.06,8,36991,78.06,8,7.49
6667,13877,49279,49.47,9,24389,42.22,4,29.71
6668,13899,107116,54.47,13,58355,51.97,8,20.13
6669,103739,186624,64.23,44,119911,55.99,19,8.85
6670,5935,139387,78.71,72,109728,62.36,35,4.63
6671,1377,60750,74.96,36,45558,56.62,17,4.34
6672,54959,81408,28.49,22,23207,16.2,7,44.94
6673,3256,26489,30.77,4,8156,25.58,2,28.28
6674,1762,68551,85.1,9,58349,83.15,7,5.16
6676,4230,149679,58.41,44,87464,50.78,25,6.44
6677,1902,56039,64.03,12,35886,57.04,5,7.24
6679,5999,54975,58.97,20,32429,48.92,10,12.11
6680,921,23954,72.69,10,17416,64.45,7,4.6
6682,10974,147106,53.24,23,78350,47.49,10,14.12
6683,31109,27557,20.19,5,5568,11.24,1,29.02
6684,23735,44559,34.49,4,15369,31.51,2,34.33
6688,197,19000,73.88,12,14039,49.8,5,1.74
6689,10244,68000,48.03,24,32675,35.54,11,25.35
6690,5281,30000,59.89,3,17967,59.89,3,21.31
6691,13562,121487,69.28,46,84189,55.69,21,8.7
6692,2183,58844,71.33,16,41988,61.44,6,5.48
6693,4774,45720,44.8,14,20491,31.39,4,14.48
6695,17906,106880,47.4,15,50682,41.83,6,24.04
6696,10649,82920,41.28,27,34231,28.51,11,15.33
6697,2241,27323,66.77,6,18247,61.11,3,14.09
6698,35949,66390,38.39,14,25500,31.08,6,26.79
6699,763,48819,85.49,16,41743,75.24,9,1.78
6701,758,365682,97.98,3,358306,97.98,3,0.34
6702,11487,758660,79.69,98,604770,75.42,45,2.88
6703,23263,32984,51.57,13,17019,39.15,6,22.81
6704,3585,95949,39.2,31,37644,26.88,9,8.62
6705,661,18005,74.79,10,13468,54.99,4,5.26
6706,48421,78549,30.28,22,23798,17.07,7,36.22
6707,1612,59003,80.13,15,47291,71.29,7,5.04
6708,2360,29009,52.06,12,15108,42.81,7,13.4
6709,2012,59380,59.51,21,35355,45.61,6,7.36
6712,27964,101764,42.86,26,43632,32.21,9,18.88
6713,885,29477,60.25,15,17768,37.76,4,7.02
6715,4514,68274,79.12,22,54036,67.07,9,5.59
6716,3728,30242,36.39,12,11010,22.41,4,17.69
6717,427,24937,75.04,13,18714,56.28,6,3.44
6719,23929,105517,49.09,12,51820,44.32,5,26.33
6720,1373,30226,57.99,20,17536,28.98,6,6.32
6721,1465,22500,51.92,8,11686,35.65,2,9.96
6722,2614,88400,76.34,14,67495,74.11,11,5.74
6723,1158,30039,58.67,12,17630,42.18,4,7.18
6724,1841,7100,62.32,2,4425,62.32,2,16.12
6725,6984,37130,63.18,9,23464,58.66,7,20.25
6727,41864,26884,24.09,10,6480,5.91,1,33.8
6728,2948,30120,63.32,9,19075,59.01,7,13.32
6729,1559,27661,49.42,12,13673,31.18,4,9.64
6730,989,36298,73.99,20,26864,60.59,12,4.37
6731,186,54554,99.44,1,54249,99.44,1,0.44
6732,9232,48913,49.52,4,24222,46.31,1,26.47
6733,7433,134316,48.36,25,64983,40.25,7,11.77
6734,2187,40623,59.31,15,24098,46.08,5,9.94
6735,5622,46182,50.64,18,23392,35.59,6,17.73
6736,850,2596,93.39,1,2424,93.39,1,3.5
6737,1397,60050,80.53,23,48363,74.71,19,4.68
6738,594,36725,62.61,24,23001,40.93,11,2.79
6739,11652,23392,62.56,10,14639,53.25,6,19.78
6741,6969,120578,70.01,37,84451,59.16,18,9.48
6742,40892,71268,37.79,22,26944,27.96,10,25.78
6743,9272,150000,63.11,28,94689,57.08,14,11.99
6744,421,15400,64.26,6,9898,52.96,3,4.52
6748,4417,71218,37.04,20,26389,29.75,11,11.33
6750,1894,44707,58.01,21,25946,40.28,8,8.15
6751,2466,22200,62.48,3,13875,56.93,1,16.4
6752,3788,37144,47.45,19,17632,21.0,4,11.93
6753,17285,117254,58.33,21,68413,53.56,13,19.97
6754,2209,66000,83.09,9,54845,81.35,7,5.17
6755,1261,39823,53.62,16,21359,40.73,7,5.96
6756,9014,69990,61.48,8,43042,57.45,2,18.71
6757,142462,459530,75.81,26,348439,73.91,12,12.76
6758,239,13471,81.83,3,11025,74.89,1,2.76
6761,12444,34956,39.33,9,13755,26.98,2,28.1
6762,888,35172,77.85,18,27390,61.88,9,3.19
6763,18665,184039,62.34,22,114779,58.1,10,18.61
6764,279,38203,97.22,2,37142,97.22,2,0.78
6767,1474,39184,59.41,9,23288,52.03,3,7.52
6768,7279,200095,83.35,32,166803,80.16,21,6.06
6770,644716,4710020,49.64,454,2339250,46.01,163,23.42
6771,1838,31180,40.64,16,12675,18.13,4,11.72
6775,4156,97500,64.96,20,63359,57.51,9,8.33
6776,7829,91581,67.48,15,61813,61.35,6,15.59
6780,244,16470,83.71,12,13791,52.66,4,1.61
6781,29992,85419,70.27,6,60037,68.3,4,16.85
6782,7658,63000,47.03,21,29641,31.18,6,13.47
6784,959,19077,49.24,9,9397,30.19,3,9.42
6785,4462,66800,62.0,20,41431,55.04,12,9.13
6786,17411,30838,9.07,5,2799,0,0,28.15
6787,19544,81007,24.67,24,20001,9.61,4,19.94
6788,27843,38740,23.02,9,8928,14.22,3,38.7
6789,56159,318299,73.56,27,234216,70.21,9,14.38
6790,11286,267129,78.55,23,209893,75.4,10,7.94
6791,2042,20847,74.18,9,15471,56.02,3,11.97
6792,4152,47875,53.89,7,25808,48.08,3,15.81
6793,23486,75600,37.89,26,28652,22.4,6,11.77
6794,1131,63637,79.93,23,50873,66.55,10,3.04
6796,3132,40234,49.37,14,19872,35.45,4,12.4
6797,26600,30732,48.45,12,14895,29.99,4,18.77
6798,5952,19572,70.51,9,13805,55.15,4,2.13
6799,29424,43712,32.62,10,14267,21.04,2,30.08
6803,14587,72794,55.67,4,40529,54.28,2,24.28
6804,2355,47500,62.37,22,29637,47.15,11,7.79
6805,27877,68554,57.58,22,39485,45.69,10,13.07
6806,31238,274643,61.38,17,168632,59.45,7,17.63
6807,992,54000,83.51,17,45107,73.55,8,2.63
6808,2319,77840,50.7,19,39479,38.63,4,6.33
6810,25028,49448,36.14,15,17874,21.41,3,10.35
6811,5640,41449,66.94,5,27753,61.99,1,15.33
6812,6685,30603,40.94,11,12532,26.34,3,16.7
6813,633,23388,62.08,9,14523,48.86,5,6.95
6814,732,41874,82.32,14,34478,73.54,8,3.3
6815,8455,39706,67.21,21,26696,49.84,11,6.74
6816,440,12180,70.99,3,8648,61.98,1,5.38
6817,1141,18417,54.89,1,10110,54.89,1,10.66
6818,1526,25503,66.88,5,17063,59.83,2,11.0
6819,1419,33974,57.26,13,19462,45.9,7,7.62
6820,1658,22211,73.74,5,16380,73.74,5,8.36
6821,4221,35241,50.87,13,17930,39.49,7,20.67
6823,2550,30534,56.34,6,17209,52.44,4,12.69
6825,575,33651,73.37,11,24692,61.71,5,2.93
6826,7487,85540,75.17,18,64311,68.1,9,8.2
6827,1483,79330,62.22,25,49376,49.17,9,3.76
6829,11561,59169,66.57,4,39396,63.0,1,18.29
6830,24322,54202,34.54,21,18730,15.7,5,32.47
6831,9748,67500,60.2,29,40653,42.74,11,11.08
6832,3612,26411,84.52,2,22325,82.86,1,4.2
6833,899,49977,84.96,8,42471,79.9,4,3.37
6834,6496,88471,64.29,35,56894,46.41,11,11.9
6835,2208,66172,78.28,27,51814,66.82,14,6.23
6837,1001,32824,59.15,18,19423,41.11,9,6.89
6838,6946,150977,61.75,29,93248,54.99,11,9.56
6839,955,82020,80.1,29,65711,73.75,20,1.93
6840,2482,30767,53.63,12,16507,38.83,5,13.02
6841,12110,95223,48.2,28,45919,38.38,14,22.68
6842,2246,23130,40.42,8,9355,24.87,3,16.83
6843,1181,33304,76.83,16,25596,56.0,7,6.32
6844,3389,37428,64.71,11,24223,55.96,5,7.77
6846,1482,27066,66.71,7,18058,64.12,6,8.52
6847,608,14230,55.82,8,7946,19.6,2,7.16
6848,474,14273,52.95,8,7560,29.84,2,4.82
6849,6301,41918,53.98,13,22637,43.48,6,18.17
6850,938,33089,60.02,18,19864,40.98,8,4.49
6854,6285,117679,65.2,34,76750,54.19,13,9.27
6855,2015,23250,61.37,13,14275,41.79,6,5.78
6856,917,28200,82.43,8,23248,74.28,4,4.76
6857,424,15226,94.69,1,14418,94.69,1,2.1
6858,349,27220,89.89,9,24470,82.2,5,2.21
6859,2400,41589,65.15,15,27102,58.91,10,8.15
6861,12330,41599,58.13,7,24185,52.16,2,19.68
6862,5652,50000,69.71,7,34860,68.8,6,12.39
6863,4721,74888,75.5,10,56544,72.25,6,8.93
6864,4209,37875,36.51,19,13832,12.23,3,7.16
6865,1442,15841,49.94,7,7914,35.53,3,13.38
6867,970,35000,87.41,8,30601,82.23,5,4.36
6868,497,25043,55.58,13,13924,31.27,3,3.09
6869,22025,137830,54.09,36,74585,44.69,17,22.42
6870,2662,23631,70.95,11,16769,57.69,5,8.46
6872,2540,70751,58.06,28,41085,43.51,11,7.52
6873,12277,142649,61.7,45,88046,53.15,23,13.76
6874,2855,22000,53.57,9,11789,39.58,4,18.55
6875,4904,129183,61.7,36,79730,53.55,19,7.62
6876,20236,71091,33.15,25,23580,17.35,7,7.64
6877,3427,46967,73.84,26,34691,56.55,14,8.6
6878,1059,72641,88.7,14,64444,84.38,9,2.75
6879,361,26459,89.17,8,23597,80.25,4,1.67
6881,888,15000,57.92,4,8691,49.96,2,4.79
6882,841,23199,58.61,14,13602,31.49,4,7.45
6883,768,76274,88.64,28,67627,80.79,18,1.85
6884,1360,18390,73.2,3,13464,69.4,2,8.9
6885,22068,133019,36.59,40,48681,22.47,10,14.13
6886,14488,31810,90.03,5,28642,84.94,3,1.83
6887,840,74152,92.13,20,68339,82.14,8,1.71
6890,7718,250265,92.46,19,231438,91.81,17,3.48
6891,6302,200628,77.19,30,154915,73.87,19,6.55
6892,2583,92605,57.9,43,53640,37.01,12,5.75
6894,2751,23800,61.05,11,14532,55.13,8,9.85
6895,2970,34100,61.19,9,20869,51.14,4,12.09
6898,1550,29016,60.36,10,17519,45.85,2,8.81
6899,2172,42398,80.17,19,34004,66.01,9,8.09
6901,22233,853360,84.85,42,724270,83.08,17,4.49
6902,6990,35359,71.74,14,25376,58.48,6,5.76
6903,9626,66676,70.28,19,46869,64.19,12,15.01
6904,610,18500,79.9,8,14783,64.36,2,3.25
6906,3360,33537,57.71,13,19360,47.57,7,15.8
6907,5943,62525,68.47,10,42818,62.3,3,13.85
6908,1220,37180,86.39,2,32122,86.39,2,4.79
6909,11814,67222,38.69,25,26023,21.85,8,20.84
6910,1650,30521,56.88,8,17365,49.38,4,10.36
6911,986,22000,60.04,10,13214,44.33,5,7.26
6912,2034,144000,77.16,29,111144,68.61,8,3.14
6913,4430,43849,55.09,17,24160,42.3,9,13.14
6914,4330,66226,71.75,17,47528,66.66,11,8.91
6915,1206,35300,88.45,11,31229,84.83,9,5.64
6916,2198,67500,78.93,18,53292,72.69,12,6.01
6917,2317,55272,45.82,23,25338,31.56,10,9.3
6918,2073,34571,49.84,18,17235,25.43,4,10.31
6919,64556,1557268,74.1,348,1154270,67.29,178,7.14
6920,12893,207219,64.58,39,133867,57.65,15,11.52
6921,911,32062,79.87,12,25613,75.63,9,5.22
6922,3534,27155,62.97,9,17102,56.75,6,14.66
6923,3613,91488,69.46,38,63569,53.6,16,6.71
6924,606,20624,80.24,5,16552,73.08,3,4.62
6925,3185,20000,60.59,9,12119,41.69,2,22.36
6926,713,49800,80.65,25,40173,60.93,9,2.65
6927,1425,38279,68.1,14,26075,52.89,5,7.47
6928,4412,86000,79.2,10,68125,76.07,6,9.67
6929,1594,45090,89.53,6,40376,86.91,4,4.94
6931,3281,66152,70.58,40,46710,50.1,18,7.35
6932,5188,429472,80.96,80,347806,75.1,38,2.9
6933,5858,42418,61.52,6,26098,61.52,6,18.95
6934,1811,36130,64.03,14,23139,55.26,10,8.32
6935,573,37410,85.04,15,31822,73.27,7,2.78
6936,3778,72804,75.88,20,55264,64.74,9,8.04
6937,9162,67655,62.24,23,42121,54.34,14,15.5
6938,731,12570,67.47,6,8482,54.14,3,6.91
6939,643,35399,64.33,12,22778,56.05,8,3.13
6940,9103,312180,53.69,109,167673,37.96,32,6.93
6944,13357,76688,51.79,34,39726,34.15,12,10.98
6945,6492,96995,62.78,26,60911,53.7,12,10.97
6946,1962,323800,93.9,33,304086,90.93,18,1.12
6947,2169,94333,74.3,30,70111,63.11,14,4.27
6949,2025,65580,74.59,29,48934,61.98,16,3.29
6951,4528,46000,66.21,4,30461,63.9,2,10.41
6952,2546,68345,86.55,18,59164,79.62,13,5.69
6953,3244,30015,63.56,6,19079,56.2,3,12.45
6955,493,24801,60.27,11,14949,49.64,6,2.32
6957,2075,55513,72.13,26,40055,55.66,12,5.0
6958,3513,401289,94.05,28,377521,92.67,20,1.39
6958A,1444,40000,83.86,7,33545,83.86,7,6.5
6959,4361,39167,40.63,12,15918,33.3,7,16.25
6961,3933,26834,42.79,5,11488,33.34,1,18.03
6962,33866,492397,52.33,73,257764,46.7,29,14.58
6963,204,15972,87.33,3,13951,84.7,2,1.39
6965,2493,156336,92.21,19,144183,90.73,15,2.61
6967,1235,24904,75.65,15,18844,47.92,4,8.03
6968,3518,49447,58.86,18,29114,44.32,7,10.18
6969,1173,43857,60.21,15,26414,50.07,8,5.02
6971,1551,38668,73.78,16,28538,61.37,8,7.85
6972,380,22935,83.82,9,19226,63.73,1,2.66
6973,839,40803,67.29,20,27465,41.31,4,3.83
6976,5990,582620,80.64,103,469917,74.34,44,2.5
6977,1836,14000,42.79,9,5992,15.91,2,14.34
6979,408,12000,59.53,4,7145,39.6,1,3.86
6980,2570,30000,77.92,6,23381,72.41,4,10.81
6982,2801,40752,64.95,15,26479,53.35,7,12.83
6983,3771,18020,44.17,9,7963,16.01,2,18.16
6984,358,19239,56.61,14,10895,27.7,4,2.59
6986,1215,46000,50.27,18,23132,38.83,8,4.85
6987,1225,223212,90.09,34,201140,85.62,19,1.21
6988,431,47600,79.03,21,37625,66.39,12,1.52
6990,2572,63291,91.4,18,57861,89.08,16,5.12
6994,5884,74162,60.19,16,44653,56.83,12,15.25
6995,3718,25331,44.14,12,11185,21.07,3,7.84
6996,2419,41998,59.59,4,25031,55.8,1,7.83
6997,756,22100,82.26,3,18181,77.74,2,5.0
6999,247,22015,77.59,16,17086,57.46,8,1.47
7402,19108,35281,37.07,10,13083,26.95,4,26.82
7415,1168,26498,65.4,11,17336,43.64,3,3.03
7419,4930,40000,49.56,15,19831,39.16,9,20.1
7421,537,525,0,0,0,0,0,53.65
7427,4972,54026,29.5,18,15944,19.64,8,18.64
7443,321,22000,82.46,12,18145,69.6,7,1.8
7452,114,4000,87.89,1,3516,87.89,1,3.42
7455,250,25500,82.37,8,21008,73.47,4,1.48
7507,1151,102100,77.84,30,79497,70.25,18,2.23
7516,23965,19309,37.0,7,7148,14.82,1,23.45
7530,3655,46500,54.28,14,25251,45.56,8,16.31
7547,2147,33628,72.92,10,24525,66.06,7,10.62
7551,463,12100,56.26,5,6810,42.93,2,6.3
7555,418,28325,87.67,5,24834,86.14,4,1.91
7556,2773,27715,64.63,10,17914,54.79,5,10.88
7558,891,18621,50.42,11,9393,22.96,3,9.57
7561,744,30085,60.65,7,18250,55.17,4,3.14
7562,257,22554,79.32,12,17894,63.67,6,1.52
7566,7977,139773,62.26,43,87052,51.12,18,5.05
7575,627,30000,55.72,20,16722,26.04,6,3.47
7578,1799,60073,64.51,28,38764,44.4,9,5.78
7583,447,24575,88.75,13,21816,73.03,7,2.41
7584,987,16463,71.67,7,11801,53.0,2,9.27
7590,2793,122379,82.58,32,101093,78.27,23,4.96
7595,829,50465,70.25,25,35463,45.91,8,3.53
7607,680,35553,71.15,13,25302,61.38,6,2.4
7610,11788,48585,45.96,16,22334,35.32,6,20.08
7631,699,20142,74.63,11,15036,54.12,4,5.16
7642,2175,30150,80.04,9,24136,78.36,8,10.67
7669,3680,22000,30.89,11,6799,4.94,1,13.42
7689,5759,53164,91.83,8,48827,88.39,5,3.1
7702,371,66000,92.41,10,61003,86.38,4,0.9
7703,4179,34745,60.98,10,21198,46.66,2,15.29
7704,1797,33770,61.09,13,20639,46.52,4,8.96
7705,12628,66067,69.53,11,45949,61.81,3,11.19
7706,240,10000,91.29,1,9129,91.29,1,3.38
7707,3421,45700,46.73,11,21362,40.14,6,10.88
7708,3019,25500,63.59,2,16218,61.96,1,12.27
7709,2433,39103,79.46,8,31076,77.42,7,8.3
7710,232,63906,99.24,3,63421,99.24,3,0.22
7711,10196,71700,61.7,12,44259,54.67,5,15.3
7712,4399,32562,52.67,14,17155,35.7,5,17.75
7713,793,45479,84.44,14,38410,77.96,9,2.59
7714,2296,21000,66.65,8,14001,47.95,2,13.53
7715,2271,32747,56.07,12,18372,39.77,4,13.53
7716,553,22500,82.66,9,18604,65.85,3,4.19
7717,9505,24832,55.92,11,13893,39.58,5,22.19
7718,1059,46356,78.51,18,36402,67.63,10,3.33
7719,15539,36000,21.85,7,7871,11.33,2,28.19
7721,3636,55370,61.43,18,34023,52.04,10,11.12
7722,20687,68000,84.79,4,57659,83.93,3,9.77
7723,4389,49620,56.49,19,28037,48.41,13,14.08
7724,282,35381,84.27,12,29823,68.14,4,1.44
7725,291,48327,83.65,10,40433,79.06,6,0.9
7726,188,20304,87.03,6,17675,80.16,4,1.33
7728,3449,13854,57.12,4,7916,47.18,2,14.61
7729,16615,73079,57.67,27,42163,43.32,13,8.37
7730,1047,36797,70.49,16,25943,61.01,10,4.3
7731,9618,521981,72.39,91,377943,67.48,51,4.92
7732,887,64680,88.53,14,57266,86.23,11,2.05
7734,10882,28000,74.7,12,20921,67.13,9,8.08
7735,2135,43331,94.45,6,40933,88.47,3,2.36
7736,1634,76000,83.99,22,63849,76.73,13,3.71
7737,383,29739,78.4,13,23321,60.18,5,1.81
7738,1611,27356,57.84,17,15829,32.2,6,7.2
7740,2454,53200,65.14,20,34659,57.07,12,8.18
7742,8096,66463,69.1,5,45942,65.09,1,16.41
7743,961,36483,74.82,23,27306,57.39,13,4.2
7744,2898,32000,78.65,16,25173,58.75,7,7.77
7745,530,17950,71.23,7,12789,56.76,3,7.4
7747,925,27426,79.05,4,21681,71.98,2,2.62
7748,205,14500,71.13,8,10316,59.12,5,2.26
7749,7922,46486,49.17,21,22868,29.01,5,15.25
7750,10784,71843,76.19,35,54750,61.59,16,5.27
7751,10603,26889,47.15,11,12684,36.95,6,13.68
7752,2320,200000,86.09,35,172214,81.65,20,2.36
7753,2337,25000,74.15,4,18541,65.34,1,7.87
7754,1566,101068,72.94,41,73742,60.24,17,2.75
7756,270,21283,70.86,8,15083,59.42,4,1.43
7757,2706,24100,57.9,9,13957,43.47,4,13.43
7758,365,16100,82.58,3,13297,79.27,2,2.95
7759,987,70068,81.87,17,57376,74.4,10,2.58
7760,1744,66048,60.51,31,39980,43.52,11,3.99
7761,1385,28900,52.0,11,15033,33.99,4,9.64
7762,1407,57233,54.72,25,31320,39.59,10,4.34
7763,3349,60014,81.44,16,48885,76.51,10,7.08
7764,790,60000,81.12,25,48686,70.51,16,2.77
7765,5155,40681,60.75,3,24717,59.66,2,12.33
7767,1003,30100,72.37,17,21789,54.77,9,5.98
7768,6481,70065,64.38,22,45125,55.19,13,10.54
7769,52443,179930,67.0,47,120596,56.88,16,5.14
7770,1073,30062,74.47,14,22392,62.44,7,5.31
7771,490,20013,82.37,3,16488,75.89,1,3.25
7772,5833,26499,56.09,5,14864,52.82,3,24.11
7773,1001,39911,56.78,15,22673,43.06,8,5.59
7776,1100,49102,75.21,15,36943,63.72,6,4.68
7777,13465,182500,70.64,29,128946,64.98,15,15.05
7779,392,16105,65.83,7,10603,56.73,4,2.38
7780,44469,810024,75.43,43,611095,73.57,18,10.66
7781,17532,599681,74.45,59,446643,72.2,37,6.9
7782,1144,23213,75.86,9,17611,65.8,6,7.53
7783,1269,62445,91.17,15,56940,89.58,13,2.18
7784,1276,187601,89.8,47,168501,84.59,30,1.62
7785,196,33339,85.43,12,28486,73.34,5,0.91
7786,6747,175954,81.81,32,143976,76.8,17,6.44
7788,5869,79746,72.92,33,58169,61.29,17,7.3
7789,170,21184,72.63,14,15391,42.58,4,0.9
7790,398,17700,70.05,15,12402,32.02,3,3.16
7791,4695,80000,80.31,16,64253,70.07,5,7.77
7792,4546,46662,70.7,15,32995,61.98,8,10.54
7794,1308,28000,81.67,7,22870,71.76,2,7.81
7795,14259,78828,78.33,17,61768,66.69,4,7.8
7796,2350,22963,59.52,5,13672,46.92,1,16.06
7797,708,22245,78.77,11,17528,62.16,5,5.34
7798,655,308692,94.57,48,292000,89.47,24,0.41
7799,12554,158245,80.26,36,127031,71.83,14,7.77
7801,1334,18300,70.43,3,12891,67.37,2,10.31
7803,2170,94413,79.28,30,74863,70.42,17,5.12
7805,3989,33125,70.82,8,23461,65.34,5,9.36
7806,310,27860,74.63,14,20795,58.33,7,1.69
7808,1045,70000,78.52,4,54974,76.94,2,2.87
7810,3598,20250,46.8,6,9480,36.34,3,20.53
7811,1335,33377,71.79,6,23971,65.17,2,6.25
7812,2757,60419,62.27,19,37635,55.76,12,8.1
7813,1687,19196,46.29,8,8889,33.08,4,13.49
7814,797,40000,86.86,9,34752,80.63,5,3.44
7815,4219,32976,60.99,7,20115,50.32,2,11.76
7816,1133,29278,78.64,6,23029,71.0,2,6.65
7818,5100,167946,88.61,12,148838,87.73,9,5.0
7819,2734,25264,59.06,2,14922,55.4,1,18.08
7820,2103,37768,75.09,11,28364,65.32,6,7.35
7821,10187,121913,80.97,20,98745,75.16,10,7.26
7822,17405,45561,68.2,9,31083,63.73,6,17.46
7823,803,33491,73.69,15,24688,58.59,8,3.65
7824,379,31337,79.64,18,24963,66.96,12,1.63
7825,2319,23114,45.97,9,10629,27.49,3,16.01
7826,135,12000,84.38,9,10127,60.74,4,1.55
7827,3090,139793,75.84,30,106059,68.94,15,4.15
7828,13681,40494,63.49,17,25715,53.85,10,15.04
7829,1073,99388,83.05,43,82564,71.13,24,2.05
7831,76,13401,77.45,9,10382,55.97,4,0.2
7832,2085,580000,92.97,101,539326,87.58,57,0.88
7833,542,43011,73.66,20,31696,57.5,9,1.99
7834,289,16478,74.62,7,12298,60.54,3,3.35
7836,566,51250,72.21,20,37016,63.44,13,1.3
7837,317,22800,74.97,4,17099,67.76,2,2.47
7839,596,15096,75.97,8,11470,55.95,3,5.01
7840,222,34000,89.82,13,30545,76.24,7,1.09
7841,345,24200,77.77,10,18823,66.49,6,2.24
7842,1784,18250,64.66,2,11804,62.3,1,13.39
7843,1114,33440,67.65,9,22627,61.47,6,5.58
7846,400,34412,85.7,9,29496,75.12,3,1.89
7847,558,29000,62.97,14,18267,43.49,5,3.62
7848,1109,29800,67.2,12,20030,51.52,4,3.83
7849,188,11892,95.78,1,11391,95.78,1,1.12
7850,1468,97659,72.01,41,70354,55.84,18,3.33
7851,528,67691,83.79,21,56733,74.39,9,1.52
7853,16104,47865,27.51,13,13173,18.52,4,34.6
7854,1000,40300,89.45,16,36057,79.75,11,3.41
7855,302,192528,99.33,2,191255,99.33,2,0.19
7856,6240,27177,68.01,12,18489,61.1,9,11.07
7857,545,53488,83.75,13,44808,76.15,7,1.43
7858,4154,22237,45.86,9,10201,30.41,2,14.48
7860,159,32000,94.58,11,30270,89.26,9,0.5
7861,3721,64600,77.42,23,50026,66.93,12,4.28
7862,617,40000,87.77,4,35112,84.22,2,1.51
7863,112,30000,98.54,5,29566,96.02,4,0.33
7865,696,18424,75.71,11,13952,48.03,4,7.05
7866,4885,43171,62.22,16,26870,50.88,8,9.41
7867,643,96000,95.47,25,91663,85.58,9,0.76
7868,1101,22240,60.05,11,13361,40.71,4,8.42
7869,433,27241,88.9,4,24221,86.5,3,0.94
7870,2452,18400,78.34,13,14420,48.98,3,1.33
7871,3651,134278,67.17,32,90213,60.74,18,5.74
7872,1240,30000,65.36,3,19611,61.59,1,6.91
7873,2143,149852,86.57,36,129757,76.47,14,1.84
7875,349,20000,96.46,1,19292,96.46,1,1.6
7876,1037,107262,85.49,27,91727,77.59,16,2.01
7877,382,38857,73.86,11,28705,61.47,2,1.71
7878,2733,53537,47.46,18,25415,33.9,6,6.8
7879,3725,40000,62.64,18,25066,45.64,8,11.58
7880,1500,26500,70.11,17,18584,38.23,5,7.98
7881,345,27000,84.5,4,22816,82.63,3,2.19
7882,2069,205282,83.54,46,171538,78.01,30,2.26
7883,1799,60976,72.03,24,43936,59.48,11,1.97
7885,460,29200,76.77,16,22421,57.49,6,2.95
7886,1662,24978,65.77,14,16433,43.6,5,8.1
7887,14398,81720,43.39,34,35479,26.19,12,19.16
7888,547,75235,80.64,39,60683,62.07,17,0.98
7889,175,20781,85.96,17,17867,45.73,4,0.77
7890,433,20800,86.06,12,17905,65.96,6,2.75
7891,194,19430,56.32,7,10945,53.42,6,1.42
7892,5812,46898,75.9,15,35606,63.86,7,7.42
7893,1400,40799,86.35,5,35239,80.01,1,4.07
7895,12861,38790,74.36,7,28853,65.72,1,2.63
7896,632,27900,91.36,6,25493,83.42,2,1.93
7897,202,133617,98.32,2,131373,98.32,2,0.17
7898,3253,30039,71.76,5,21557,66.53,2,5.1
7899,8734,22904,40.41,10,9260,25.04,4,26.35
7901,2285,60000,84.74,13,50850,75.57,4,3.42
7902,1562,200605,90.56,46,181720,85.88,31,1.68
7904,99,15000,92.35,3,13854,89.32,2,1.1
7907,1631,39393,75.14,14,29608,67.9,9,2.09
7909,4893,70593,84.57,16,59705,76.05,7,4.35
7911,1544,40000,69.08,13,27641,50.7,2,5.65
7912,2641,22190,79.32,6,17603,72.33,3,5.48
7913,1065,45139,90.65,5,40923,87.9,3,1.77
7915,1824,40100,85.99,19,34491,70.6,10,1.84
7918,15027,43100,79.33,5,34194,77.08,3,8.05
7919,588,12700,50.06,4,6358,42.07,2,6.73
7920,3128,593987,91.21,176,541891,82.94,98,1.24
7921,908,40807,84.78,12,34605,75.24,5,2.98
7922,554,66175,95.39,18,63131,93.91,17,0.85
7926,529,15002,76.81,4,11524,67.3,2,3.58
7927,392,44700,74.52,23,33320,51.56,5,0.62
8002,250,1908,0,0,0,0,0,28.25
8009,627,4375,0,0,0,0,0,21.49
8010,385,6666,46.01,4,3068,20.25,1,9.66
8011,61010,165922,31.01,25,51497,26.05,12,30.35
8012,478,3800,93.02,1,3535,93.02,1,4.85
8014,592,8827,37.85,2,3342,37.85,2,10.89
8015,111,3000,29.54,2,886,0,0,12.06
8016,38322,120137,43.15,50,51849,27.73,20,23.63
8018,75,3449,21.62,1,746,0,0,3.98
8019,98,33891,93.81,3,31801,90.33,1,0.8
8020,109,8263,59.32,4,4902,32.36,1,2.37
8021,83105,147055,46.57,49,68517,35.05,22,30.43
8022,58,3000,70.18,1,2106,70.18,1,3.53
8024,22402,45160,30.08,12,13593,18.86,4,24.57
8026,61,97,0,0,0,0,0,73.87
8027,63753,111802,29.59,35,33102,17.54,13,36.9
8028,65629,181811,52.33,60,95204,39.89,25,24.32
8029,656,78017,75.2,25,58688,62.69,8,1.45
8031,121,4498,25.57,1,1151,25.57,1,4.73
8032,22859,51810,76.26,9,39516,74.51,7,12.65
8033,70053,164630,27.21,33,44830,20.7,16,37.94
8034,22224,56586,18.51,11,10482,10.81,4,33.34
8035,214,6812,43.5,4,2965,17.63,1,5.68
8036,534,7662,20.61,1,1580,20.61,1,10.95
8038,40286,62278,20.74,10,12935,15.0,4,37.16
8039,71454,263804,57.92,65,152857,49.35,29,20.24
8040,29745,96414,52.96,16,51087,44.6,3,18.61
8042,36253,130849,72.1,45,94366,65.33,30,14.41
8043,28214,79907,60.08,22,48013,53.28,12,28.59
8044,27944,204768,61.0,31,124968,54.95,12,14.45
8045,4230,95042,67.14,36,63833,55.63,19,8.14
8046,112145,646165,82.36,82,532286,78.38,39,9.25
8047,1347,41666,80.24,14,33436,71.06,9,3.75
8048,34909,57706,42.14,20,24330,28.31,7,24.3
8049,39398,118280,32.57,22,38540,27.1,11,29.27
8050,56817,205205,42.13,36,86491,35.46,14,26.97
8053,3692,411818,85.44,75,351941,80.37,41,1.93
8054,51993,106233,34.64,17,36815,27.72,3,35.75
8056,11816,389990,60.57,80,236294,53.9,35,5.95
8057,84,6344,67.07,3,4256,67.07,3,2.43
8058,2615,68800,69.73,27,47995,53.72,11,6.4
8059,14349,194080,73.32,17,142313,69.34,5,8.52
8060,273,6084,49.67,2,3023,34.06,1,11.29
8064,80922,184818,48.06,47,88862,39.16,20,30.23
8065,930,4500,37.58,3,1692,0,0,18.21
8066,38186,36642,38.75,13,14206,21.76,4,32.67
8067,7019,20700,81.35,9,16844,56.73,3,6.38
8068,8375,80766,62.27,16,50316,58.26,11,15.9
8069,95422,1154602,77.49,311,894963,69.03,154,7.59
8070,35785,725648,75.24,100,546093,71.45,58,10.45
8071,35266,60084,34.21,13,20562,25.23,4,32.89
8072,13177,80000,60.6,10,48498,57.87,7,20.9
8074,44914,80974,39.79,23,32237,29.96,9,33.24
8076,89480,292214,34.22,61,100076,25.85,23,21.94
8077,1087,21946,82.25,4,18053,76.98,2,2.81
8080,14546,67164,84.74,5,56925,82.53,2,6.32
8081,19323,86172,40.7,26,35088,25.43,5,21.89
8082,4216,106609,71.69,22,76456,62.88,8,4.37
8083,2621,35133,55.34,12,19446,43.67,4,9.33
8084,2990,69514,64.28,20,44697,54.92,9,7.67
8085,36145,139983,41.3,26,57835,31.68,5,18.26
8086,69415,196516,56.59,40,111255,50.45,19,23.59
8087,9848,38669,57.68,21,22310,43.79,11,10.15
8088,52838,60922,26.08,11,15896,20.85,5,45.72
8089,27315,65999,41.97,8,27710,37.85,3,22.87
8091,17520,55469,49.1,24,27242,33.14,10,17.74
8092,20126,57172,60.34,24,34512,41.1,7,10.98
8093,3288,56568,67.55,7,38213,64.0,4,8.24
8094,337,18527,43.02,10,7975,11.96,2,2.77
8095,124,7932,51.28,6,4068,18.09,1,3.8
8096,77426,149343,58.09,34,86779,52.84,23,21.17
8097,13477,63802,70.91,20,45259,59.54,9,6.82
8098,1532,12653,57.92,8,7330,33.15,3,11.45
8099,29353,100073,82.59,20,82674,75.52,9,5.82
8101,18542,52166,82.44,4,43012,80.45,2,8.13
8102,1166,23358,40.13,10,9377,25.66,4,7.08
8103,18875,78437,46.17,31,36229,28.96,8,24.17
8104,44417,104058,38.44,15,40025,32.14,3,29.75
8105,41027,441545,60.49,34,267153,57.48,11,18.36
8106,68,3943,60.82,3,2398,27.88,1,2.19
8107,31945,75000,53.75,19,40326,45.64,10,17.31
8109,5949,82161,54.21,35,44555,34.89,11,11.6
8110,80601,517740,52.26,44,270647,49.05,18,29.03
8111,56751,109102,36.97,28,40358,25.91,8,28.4
8112,114159,525293,39.1,85,205487,34.97,51,31.46
8112A,7202,30000,52.44,13,15736,36.01,7,18.23
8114,11299,76488,49.54,34,37912,35.84,15,17.41
8115,842,70000,86.41,25,60502,78.04,16,2.47
8119,33107,63662,46.02,26,29318,26.84,8,11.21
8121,28304,212994,62.96,40,134140,55.97,16,11.71
8122,1616,402371,93.1,13,374717,92.23,7,0.77
8127,244,5562,7.67,1,427,0,0,7.58
8130,297,47620,70.92,21,33778,59.07,11,0.81
8131,30079,442222,73.24,30,323947,70.83,13,12.77
8147,5036,41746,47.54,14,19857,37.82,8,15.16
8150,124281,704523,68.3,134,481344,62.47,73,19.5
8155,15939,62368,49.99,19,31193,35.87,6,25.36
8157,662,26839,78.64,2,21107,78.64,2,4.87
8162,2531,68702,75.17,27,51660,62.13,13,6.89
8163,75423,280000,46.68,48,130765,41.02,19,24.69
8171,45038,112853,60.85,27,68692,52.06,12,13.16
8172,264,1620,0,0,0,0,0,36.34
8176,37650,71701,33.05,19,23714,21.57,6,23.42
8182,10756,107041,67.58,13,72355,63.78,7,18.06
8183,42009,121251,48.23,16,58499,43.75,7,21.68
8197,637,61748,84.91,4,52437,83.38,2,2.19
8201,12317,62366,57.74,16,36022,45.88,4,17.65
8210,29102,125319,72.22,31,90529,64.18,15,11.93
8213,68255,271242,51.08,83,138625,40.58,37,16.83
8215,67869,320675,53.91,34,172945,50.17,12,20.41
8218,105,1593,0,0,0,0,0,9.2
8222,39668,68574,38.68,14,26536,33.88,8,33.01
8225,380,22380,79.65,4,17828,73.02,2,3.89
8227,30430,39543,28.03,8,11091,18.22,3,42.09
8234,17359,141226,52.85,33,74664,45.86,17,22.13
8240,37740,100004,53.84,20,53857,47.02,10,21.15
8249,36460,137824,57.96,18,79908,54.28,10,24.16
8255,25177,101939,52.32,17,53349,47.8,10,22.85
8261,61837,118878,50.33,22,59847,42.12,7,32.94
8264,497,2583,0,0,0,0,0,34.52
8271,63228,129614,44.12,26,57210,37.9,12,30.03
8272,1656,18998,38.09,6,7240,25.15,2,11.14
8276,126,3537,47.96,2,1697,33.56,1,10.23
8277,44454,91629,19.12,11,17531,13.48,2,31.45
8279,1968,27101,62.22,6,16870,52.51,2,9.99
8281,415,29267,44.49,8,13025,34.88,3,2.37
8284,2437,47342,62.58,19,29639,44.33,7,7.69
8286,157,441,0,0,0,0,0,76.5
8287,11825,24267,70.24,1,17046,70.24,1,20.81
8289,30971,68334,44.38,18,30341,33.91,5,26.02
8291,1773,17478,74.78,4,13072,71.9,3,10.75
8297,174,15000,92.95,1,13943,92.95,1,1.78
8298,424,25632,83.33,2,21361,83.33,2,2.48
8299,178678,221165,45.76,69,101241,35.11,31,28.02
8325,205,1526,0,0,0,0,0,33.53
8329,3215,280578,90.75,36,254684,86.79,21,2.85
8341,19165,130000,49.59,17,64500,46.63,11,24.37
8342,1089,33537,72.84,10,24432,65.55,6,4.6
8345,765,52000,82.24,13,42775,71.53,5,2.6
8349,7710,208821,71.29,37,148909,66.83,22,6.51
8349A,1285,10000,10.25,2,1025,0,0,20.38
8351,1051,50000,80.5,9,40256,70.91,2,3.54
8354,12678,78532,63.34,30,49762,46.79,9,11.41
8358,110235,252588,57.13,63,144341,50.66,38,25.36
8359,5892,136500,83.44,26,113920,79.59,18,4.54
8367,3545,92172,70.63,33,65128,61.36,18,7.05
8374,13649,112250,71.58,11,80371,68.57,6,17.78
8375,114,7356,77.08,6,5671,40.34,2,1.96
8380,882,7123,19.38,2,1381,0,0,31.96
8382,10364,292604,65.97,81,193064,56.88,42,6.41
8383,56226,113760,51.1,28,58163,44.72,16,23.85
8390,30515,96116,50.95,25,48987,43.22,13,14.94
8401,12091,70669,62.68,22,44312,54.25,13,9.61
8403,36912,137640,38.32,22,52755,32.25,9,20.19
8404,16235,419934,78.67,68,330487,72.77,28,4.41
8409,25894,32000,48.44,9,15508,38.56,4,14.88
8410,2069,36589,59.2,12,21667,51.12,7,11.07
8411,11166,218404,81.35,31,177714,78.93,24,5.71
8415,9710,1031500,92.55,130,954859,89.41,78,1.99
8416,2067,28211,77.11,7,21756,77.11,7,8.95
8419,1377,30000,53.22,11,15971,40.55,4,14.2
8421,6477,54817,63.64,17,34891,58.24,12,14.22
8422,155144,1358763,38.08,135,517672,34.72,60,27.22
8423,6391,41714,63.06,13,26309,54.92,8,13.05
8424,3030,36054,60.56,7,21845,50.7,2,15.57
8426,2784,50242,74.37,6,37374,70.26,3,9.43
8429,45435,185747,41.86,25,77781,38.34,13,18.18
8431,45049,48778,24.21,11,11822,15.4,4,34.74
8432,3161,38398,61.45,4,23610,56.47,1,12.78
8433,3206,54506,66.77,16,36405,60.42,10,10.1
8435,22447,35200,41.42,13,14591,20.64,2,29.02
8436,43138,117729,39.2,37,46160,29.44,16,25.83
8437,32121,47014,39.74,17,18691,27.84,7,16.94
8438,2680,69943,82.47,23,57700,69.63,11,5.5
8440,55824,50255,31.76,6,15967,29.05,4,37.65
8442,2024,70170,72.61,26,50968,61.4,13,5.49
8443,47031,66800,69.53,25,46463,59.2,14,16.19
8444,1731,111167,83.87,31,93259,75.31,14,2.48
8446,7741,52914,50.08,14,26505,42.75,7,23.98
8450,10378,51310,59.55,15,30561,56.66,13,22.54
8454,37840,264975,82.25,21,218012,79.89,11,9.89
8455,771,25219,89.9,3,22675,87.77,2,4.69
8458,560,35850,72.45,24,25981,48.85,11,2.62
8462,6865,80387,65.03,20,52289,58.79,12,11.91
8463,3644,150000,81.59,26,122402,76.04,14,4.71
8464,4487,293020,86.6,94,253816,76.37,45,1.45
8465,232,8100,58.22,4,4717,41.56,2,3.39
8466,2241,79826,77.02,28,61489,66.98,13,5.03
8467,1686,48374,82.01,21,39679,73.88,14,4.38
8472,1065,17736,63.04,3,11182,55.75,1,5.71
8473,15568,182201,69.52,20,126699,66.46,11,12.48
8476,8399,166226,67.87,50,112859,58.49,25,10.22
8477,11069,64171,78.15,5,50158,75.87,3,7.18
8478,11169,93972,76.21,13,71622,75.66,12,13.17
8479,375,20055,62.09,7,12455,41.51,1,2.41
8481,2548,66602,66.43,24,44256,53.61,10,7.11
8482,1058,107444,95.14,18,102249,90.26,11,1.21
8485,61,1568,96.18,2,1508,0,0,2.98
8487,19516,26535,55.76,9,14800,45.91,5,12.43
8488,888,73500,87.09,17,64020,81.44,10,2.05
8489,29872,59949,57.0,14,34185,46.03,5,14.6
8490,1101,23760,45.34,12,10776,29.07,4,8.22
8491,1306,7292,9.23,1,674,0,0,22.3
8492,250,33300,92.97,12,30963,88.34,10,1.47
8495,905,127275,91.92,7,117004,89.68,3,1.7
8496,292,35675,87.43,12,31195,84.71,10,1.5
8499,2310,41166,78.79,11,32442,72.65,7,6.4
8707,6333,2570,0,0,0,0,0,43.96
8708,20525,194823,43.65,31,85066,36.61,11,17.1
8710,6851,115504,28.86,29,33356,18.09,11,13.06
8712,6941,808019,76.09,266,615008,63.73,113,1.25
8718,18103,97079,35.23,20,34223,27.19,9,24.09
8719,6772,656426,86.77,136,569735,79.45,63,1.99
8720,8604,89521,56.81,19,50873,47.23,5,13.31
8721,2244,3966,0,0,0,0,0,38.59
8722,5805,52665,62.69,15,33025,56.86,10,12.34
8723,23418,104515,50.56,31,52860,41.3,15,19.33
8724,8408,20698,39.78,6,8236,32.89,4,32.55
8725,12517,112280,32.1,23,36067,25.03,10,22.08
8905,19286,119440,92.37,26,110343,88.78,19,2.31
8906,2911,44037,55.46,15,24431,49.92,11,9.6
8908,13929,315333,88.93,46,280507,86.05,31,3.04
8916,41180,150376,67.3,49,101236,60.53,32,9.63
8916A,280,250,0,0,0,0,0,93.57
8917,1778,162652,82.89,68,134859,66.66,25,0.94
8921,1159,46592,85.55,24,39873,63.0,8,1.38
8923,5200,30376,82.29,10,24999,74.55,6,3.77
8924,17334,83800,38.36,21,32154,29.85,9,29.59
8925,19616,365243,41.2,123,150530,27.42,42,8.8
8926,56653,830282,61.47,139,510593,55.86,63,12.09
8927,26210,419068,82.95,114,347696,73.31,48,3.48
8928,4408,50854,49.16,13,25010,35.67,2,16.51
8929,11873,50581,45.67,10,23110,39.18,5,26.28
8930,5624,81809,67.62,34,55328,56.63,18,12.17
8931,19389,122255,81.62,15,99811,78.34,8,4.68
8932,9703,357963,80.28,84,287447,74.16,50,4.33
8933,43278,326724,52.87,45,172824,47.47,14,14.9
8934,504,7973,94.77,1,7556,94.77,1,1.41
8935,37272,113495,51.48,26,58450,42.85,11,12.59
8936,75729,248078,33.26,60,82563,24.2,25,29.88
8937,3350,431680,90.75,52,391836,87.99,33,1.5
8938,12640,156986,56.94,60,89419,44.2,29,13.2
8940,9439,67491,70.9,24,47868,62.79,16,13.44
8941,2235,34972,67.08,19,23463,47.82,9,6.39
8942,13494,198842,51.0,61,101438,42.21,31,13.73
8996,29801,93501,52.16,46,48789,31.54,17,9.27
8999,384,36000,62.96,28,22673,20.5,3,1.31
9103,21799,205532,10.99,30,22635,3.1,5,28.21
910322,7686,21165,25.7,5,5443,21.15,3,41.07
9105,134034,1655367,24.36,370,403503,14.06,93,20.39
910861,2768,33727,35.13,11,11856,23.34,5,16.74
9110,1785,54498,43.74,25,23854,21.51,6,7.86
911608,2260,34222,28.06,12,9611,9.73,2,16.08
911611,3111,88290,41.32,27,36505,28.83,11,9.24
911613,1405,11111,5.89,1,655,0,0,28.49
911622,1574,30000,50.12,8,15038,42.11,4,13.35
911868,6305,140000,35.24,41,49364,22.04,11,12.4
912000,7093,159294,32.92,48,52473,21.67,16,11.01
9136,5077,138863,66.32,34,92119,61.33,23,9.03
916665,366,816,0,0,0,0,0,57.85
9801,83541,395846,69.29,40,274371,66.02,20,17.13
9802,12257,200992,65.09,61,130883,56.88,32,10.56
9902,45402,98050,56.59,22,55503,50.3,11,17.69
9904,101190,2946787,73.36,419,2162208,69.42,231,7.38
9905,17544,305000,73.64,40,224618,71.92,31,8.45
9906,8430,90376,78.92,26,71349,73.84,18,9.57
9907,55163,1579145,75.71,180,1195929,71.31,70,6.58
9908,16726,516358,80.55,110,416049,74.38,62,5.62
9910,24497,987483,89.28,98,881861,87.0,60,4.09
9911,31123,222390,68.44,57,152228,62.0,36,14.97
9912,62061,54171,60.79,17,32939,56.42,13,16.08
9914,66660,298984,65.89,81,197091,56.98,44,13.15
9917,55413,451197,77.88,99,351487,71.33,54,8.33
9918,25502,180537,84.3,48,152224,77.01,25,2.59
9919,63987,195363,46.2,30,90300,42.74,19,28.14
9921,31583,392065,65.38,116,256390,56.13,61,12.76
9922,10436,216078,69.32,59,149806,59.02,25,7.17
9924,13064,150762,61.85,45,93272,53.62,26,16.1
9925,19323,387490,68.63,87,266000,62.02,46,9.52
9926,4321,179504,83.86,52,150582,73.66,23,2.5
9927,14084,120000,58.87,18,70683,52.67,7,17.97
9928,7257,70725,74.46,14,52675,67.16,6,7.54
9929,3798,101280,88.06,20,89208,83.96,12,2.52
9930,12031,248540,78.0,16,193897,77.24,12,7.88
9931,7927,120369,77.96,28,93876,72.98,18,3.59
9933,54276,900410,59.92,160,539759,53.69,68,10.75
9934,14283,411017,66.39,85,272926,58.03,30,7.45
9935,57897,177839,61.68,72,109719,49.45,35,7.39
9936,11648,105211,28.93,22,30454,19.99,7,19.99
9937,15899,309043,89.03,68,275214,82.45,34,1.97
9938,50285,297964,53.28,85,158816,44.12,41,15.83
9939,30149,295786,60.81,94,179940,50.3,47,15.52
9940,17590,736846,81.36,72,599686,77.75,23,4.65
9941,44878,575636,70.19,56,404136,67.19,30,12.83
9941A,3727,100000,81.92,23,81932,74.62,11,5.86
9942,9734,83161,52.42,26,43599,38.57,8,18.97
9943,15730,125172,71.05,13,88951,69.48,10,16.08
9944,10668,105908,79.12,44,83819,66.1,20,8.61
9945,106795,2844225,64.81,328,1843679,60.86,139,8.58
9946,14368,326554,81.22,39,265282,77.32,18,4.9
9948,73,211,0,0,0,0,0,65.68
9949,11051,44861,74.8,23,33561,58.74,12,10.83
9950,3828,167716,83.13,25,139458,79.81,15,4.84
9951,23484,73300,46.9,21,34387,39.1,11,22.66
9953,521,4387,0,0,0,0,0,18.12
9955,15150,104436,63.12,23,65941,56.33,11,19.23
9957,13185,3220414,96.03,75,3093092,95.48,44,1.0
9958,55712,246897,53.4,62,131874,44.13,23,22.2
9960,9736,33592,74.68,15,25090,56.78,6,6.56
9961,321,69099,93.39,16,64543,89.73,13,0.78
9962,29224,90220,47.06,27,42476,39.96,16,18.29
9965,68,776,0,0,0,0,0,21.58
YFU6,53,23060,88.2,10,20342,79.27,6,0.13
YHU4,553,232690,95.44,8,222104,94.69,4,0.54
YJL5,98,17800,98.54,2,17541,98.54,2,0.98
YJS2,8994,115112,78.86,19,90793,74.07,11,3.39
YY0005,98,445,0,0,0,0,0,50.55
YY0008,55,203,0,0,0,0,0,79.3
YY0024,72,260,0,0,0,0,0,71.15
YY0027,62621,70530,13.0,10,9192,8.18,4,66.25
YY0028,33939,247325,39.71,58,98276,30.61,24,18.26
YY0029,8313,39020,30.61,8,11948,27.49,6,23.24
YY0030,3007,62727,52.15,25,32728,38.56,10,10.37
YY0031,430,4703,0,0,0,0,0,34.82
YY0032,358,3886,0,0,0,0,0,29.75
YY0033,2499,20321,16.08,3,3270,9.84,1,25.57
YY0034,266,1732,0,0,0,0,0,44.73
YY0035,15320,237616,36.39,50,86522,28.79,21,14.64
YY0036,136,348,0,0,0,0,0,75.85
YY0037,3453,80470,85.39,21,68725,79.57,14,5.6
YY0038,268,2681,26.72,1,716,0,0,23.4
YY0039,12877,251304,81.21,56,204131,75.93,35,5.35
YY0040,9041,73164,44.24,13,32376,37.77,6,16.05
YY0041,13710,279812,79.97,55,223817,74.52,33,7.76
YY0042,20040,70867,14.13,10,10025,10.03,5,36.47
YY0043,9596,40154,6.11,4,2458,0,0,52.57
YY0044,53038,445051,18.89,48,84133,15.21,21,29.39
YY0046,37426,554348,32.55,153,180564,21.36,47,13.39
YY0047,78141,1071306,31.55,284,338288,20.61,96,13.54
YY0048,7718,98824,49.19,27,48632,40.47,14,12.02
YY0049,33790,38919,26.13,7,10182,20.47,4,43.71
YY0050,55839,236341,21.48,50,50810,10.5,10,31.23
YY0051,7685,77665,33.54,17,26064,25.25,6,14.42
YY0052,4536,202305,69.05,68,139736,57.85,32,3.01
YY0053,24717,241622,46.72,45,112963,40.87,23,22.58
YY0054,5674,106960,46.9,29,50181,38.19,14,7.88
YY0055,5313,124281,46.61,56,57944,25.77,18,7.82
YY0056,2186,19785,51.38,8,10169,35.64,3,5.12
YY0057,4859,148095,56.69,40,83984,47.49,19,6.47
YY0058,3345,57762,35.85,18,20715,23.33,7,10.95
YY0059,1060,22565,21.04,6,4749,0,0,8.29
YY0060,683,9827,13.47,2,1325,0,0,14.8
YY0061,6537,53313,22.6,16,12061,8.43,4,19.27
YY0062,18067,320897,23.52,71,75558,13.23,19,16.38
YY0063,8959,20255,2.64,1,536,0,0,54.5
YY0064,5253,97705,63.74,30,62300,52.91,12,6.33
YY0065,17195,219940,28.26,56,62210,16.95,13,15.21
YY0066,19917,331819,29.99,79,99596,19.28,21,13.58
YY0067,6897,153056,29.28,49,44838,17.56,18,11.87
YY0068,28720,405861,23.22,66,94324,15.38,14,17.8
YY0070,22546,322847,33.94,85,109640,20.55,18,16.03
YY0071,14740,80724,18.81,11,15196,15.17,6,30.06
YY0072,2511,27503,18.32,8,5044,0,0,17.28
YY0073,2186,36683,35.73,16,13112,18.49,5,8.93
YY0074,10691,104252,17.59,22,18352,7.45,5,24.69
YY0075,3110,16424,9.66,3,1588,0,0,29.02
YY0076,450,450,0,0,0,0,0,100.0
YY0077,299,754,0,0,0,0,0,78.63
YY0078,331,2412,0,0,0,0,0,27.56
YY0079,79,330,0,0,0,0,0,63.93
YY0080,309,896,0,0,0,0,0,62.43
