stock_no,people,lots,b4_pct,b4_people,b4_lots,b1_pct,b1_people,s10_pct
00400A,133489,1967640,18.63,209,366956,13.81,51,17.97
00401A,17774,238895,24.38,29,58315,21.73,18,21.4
00402A,47113,680127,17.45,102,118782,9.78,16,21.4
00403A,984601,16973519,17.49,1885,2972440,12.05,356,16.22
00404A,23075,350295,23.74,33,83217,20.56,14,20.82
00405A,159071,3476245,21.43,470,745675,15.02,104,12.66
00406A,88536,2153562,21.24,488,457700,9.98,82,11.29
00407A,145270,2831239,23.52,398,666432,16.74,84,14.49
00408A,8525,153634,31.0,36,47652,19.94,10,16.5
00410A,6251,141360,40.8,25,57693,33.19,7,13.49
0050,3549920,22327000,26.19,924,5852226,24.53,270,26.46
0051,12805,24500,11.02,4,2704,0,0,56.15
0052,464077,2628500,20.63,161,542919,18.52,69,35.56
0053,6288,5488,19.16,1,1052,19.16,1,49.14
0055,13224,86154,45.13,18,38906,37.71,6,26.49
0056,1657837,14179534,11.61,716,1648337,9.33,154,25.67
0057,3581,1527,0,0,0,0,0,34.04
0061,6057,96116,32.85,22,31601,22.4,5,15.52
006201,4698,22946,46.62,7,10704,32.33,2,28.43
006203,3556,10218,78.32,6,8004,59.39,3,10.03
006204,1151,1500,0,0,0,0,0,45.88
006205,8871,93939,45.24,26,42511,33.27,7,17.7
006206,3134,26778,19.69,4,5274,11.2,1,25.17
006207,1592,20892,14.85,5,3108,0,0,16.78
006208,713554,1860040,10.15,58,189114,9.57,39,52.08
00631L,329983,7546348,29.23,1506,2207188,19.83,311,9.81
00632R,64483,2798708,50.11,816,1403036,36.91,215,4.62
00633L,3606,115458,33.15,36,38305,20.26,12,6.99
00634R,773,44756,55.73,15,24949,40.48,6,3.77
00635U,56185,346514,31.39,33,108841,28.43,16,28.7
00636,8255,94325,21.17,20,19997,13.45,6,20.01
00637L,11739,730106,56.43,277,412147,41.23,94,3.69
00638R,517,22948,51.09,8,11730,35.44,2,5.2
00639,5714,95903,25.21,23,24190,14.16,7,13.43
00640L,1262,6419,24.13,3,1549,0,0,27.48
00641R,1307,92258,58.99,35,54433,46.52,16,2.97
00642U,9017,83821,43.28,15,36286,37.1,7,20.71
00643,3190,72503,40.04,21,29043,25.35,5,11.5
00645,9826,42997,23.35,10,10051,11.98,2,36.61
00646,110871,599485,42.69,72,256038,38.15,29,25.13
00647L,1496,6416,30.39,1,1950,30.39,1,27.94
00648R,2436,142688,45.7,39,65245,35.29,14,3.61
00650L,2121,96838,51.64,39,50031,41.64,21,4.59
00651R,406,32192,68.74,16,22134,51.12,7,2.73
00652,9421,62535,32.24,15,20169,25.48,7,28.19
00653L,1232,13403,16.24,2,2179,11.53,1,19.2
00654R,375,19466,54.84,9,10679,37.55,3,4.26
00655L,2199,57958,29.01,20,16822,12.63,4,8.43
00656R,319,20357,73.08,13,14881,45.08,4,3.17
00657,1648,6584,16.74,1,1102,16.74,1,37.36
00660,1035,7531,30.34,3,2286,16.31,1,17.16
00661,7241,23425,17.53,5,4108,6.86,1,42.26
00662,107877,899029,37.79,94,339946,34.0,32,15.39
00663L,15816,162163,27.8,22,45110,23.45,11,19.91
00664R,9707,841075,57.71,380,485535,38.82,126,2.59
00665L,4906,408965,58.81,153,240617,44.42,60,2.35
00666R,136,14124,82.97,7,11720,77.23,6,1.63
00668,2002,7483,28.2,2,2111,18.41,1,32.56
00669R,3186,205117,46.18,64,94788,34.9,25,3.35
00670L,12253,77145,14.69,9,11355,9.44,3,26.96
00671R,3583,529384,69.98,208,370584,53.42,68,1.25
00673R,10993,583051,45.0,193,262520,30.64,59,3.95
00674R,1367,14921,45.2,5,6746,42.48,4,17.86
00675L,19814,113286,17.5,11,19850,13.35,4,30.98
00676R,4388,183334,42.32,67,77613,26.71,21,4.62
00678,1819,8948,25.75,5,2305,0,0,26.92
00679B,235154,6251692,42.61,684,2665336,37.54,147,8.98
00680L,19399,1489076,54.25,518,808136,39.43,158,2.7
00681R,95,7594,91.67,6,6963,75.92,4,1.5
00682U,259,7644,77.88,4,5954,52.34,2,3.73
00683L,325,11434,66.95,6,7657,51.16,3,4.74
00684R,174,9688,81.1,6,7858,73.53,5,3.3
00685L,207808,6069336,30.57,1567,1856613,18.14,307,8.57
00686R,2078,243776,65.41,104,159496,47.1,35,1.73
00687B,153887,4277380,42.46,553,1817149,36.65,136,8.68
00688L,9343,632615,49.33,219,312164,34.61,70,3.08
00689R,52,6889,87.3,5,6015,73.78,3,0.35
00690,16489,83830,11.76,12,9880,4.68,3,36.67
00692,91397,614280,16.57,34,101931,14.73,17,33.34
00693U,3167,73666,40.96,22,30179,33.72,12,9.89
00694B,1976,36576,72.65,7,26578,65.89,4,9.4
00695B,2238,40186,75.55,9,30367,69.2,5,10.08
00696B,10925,610181,83.15,27,507489,82.33,19,4.1
00697B,6564,64212,23.82,12,15312,18.54,7,22.02
00700,2626,32483,12.81,7,4167,3.15,1,17.97
00701,38622,170391,5.76,11,9849,3.0,3,51.47
00702,1159,6688,55.22,5,3694,31.18,2,25.8
00703,1030,9550,23.07,3,2204,0,0,22.79
00706L,6148,132271,31.86,29,42174,23.8,12,9.61
00708L,15552,128573,25.24,24,32480,18.57,9,23.13
00709,2290,14960,36.52,9,5465,0,0,23.63
00710B,3623,180761,82.47,9,149109,81.59,6,4.74
00711B,798,871761,99.34,5,866096,99.18,3,0.15
00712,134058,4968011,32.21,1122,1601283,21.25,198,6.07
00713,270559,1709012,22.96,78,392819,21.63,44,31.88
00714,2387,21567,49.67,12,10717,22.69,3,21.6
00715L,5455,97692,47.54,19,46455,43.52,13,10.25
00717,7570,119605,26.59,24,31825,17.79,8,15.84
00719B,14201,302014,30.66,50,92681,23.49,17,10.9
00720B,78602,4050609,65.62,307,2658788,62.25,74,4.56
00722B,13594,1458239,89.84,45,1310362,89.14,27,2.44
00723B,464,1520083,99.74,13,1516197,99.68,11,0.05
00724B,6243,3022775,97.61,32,2951189,97.45,23,0.5
00725B,41597,3691706,81.86,160,3022885,80.11,55,2.73
00726B,1736,1187489,97.96,17,1163474,97.61,10,0.33
00727B,722,57189,89.23,5,51041,87.43,3,2.74
00728,9697,38923,1.72,1,672,0,0,50.19
00730,13160,69544,16.68,9,11605,13.61,5,40.95
00731,8372,20600,12.94,4,2667,0,0,57.81
00733,21032,64966,14.49,7,9430,10.48,3,52.83
00734B,527,24979,82.51,2,20614,80.06,1,4.82
00735,34054,126289,21.05,20,26607,15.31,8,39.0
00736,499,6727,73.37,6,4936,41.79,2,9.32
00737,5435,22538,15.35,5,3463,4.88,1,43.28
00738U,32868,244799,20.56,41,50393,14.77,15,26.26
00739,1967,25988,40.46,10,10521,18.79,2,17.12
00740B,6096,2186971,96.62,46,2113404,96.15,30,0.61
00741B,1139,13128,49.53,3,6505,37.85,1,17.77
00746B,1335,2549964,99.56,27,2539446,99.44,21,0.09
00749B,200,1110500,99.75,7,1107810,99.75,7,0.02
00750B,74,148000,99.76,4,147651,99.32,3,0.04
00751B,67389,5147603,75.21,330,3872542,72.5,93,3.0
00752,17261,256716,31.29,32,80379,26.54,12,16.38
00753L,10261,659157,50.47,239,332841,35.23,74,3.31
00754B,461,1278400,99.74,15,1275305,99.7,14,0.06
00755B,1021,280230,97.74,8,273947,97.59,7,0.82
00756B,2360,1267300,97.49,18,1235758,97.16,11,0.38
00757,68717,273494,32.27,30,88302,29.21,16,32.71
00758B,127,5525,90.49,1,5000,90.49,1,2.33
00759B,116,47525,98.89,1,47000,98.89,1,0.16
00760B,637,435020,99.15,6,431365,99.15,6,0.29
00761B,3482,2735089,98.52,30,2695186,98.4,25,0.28
00762,22826,48248,21.15,7,10214,15.4,3,51.0
00763U,3939,42065,53.03,12,22317,48.92,10,17.93
00764B,8340,1543000,94.09,31,1452184,93.77,21,1.35
00768B,1748,789600,98.18,27,775342,97.73,21,0.38
00770,17913,78958,13.48,10,10652,7.19,4,41.1
00771,2078,14225,15.26,2,2172,11.94,1,30.16
00772B,40984,3369790,80.38,144,2709238,78.63,43,2.85
00773B,8997,2594290,95.62,42,2481090,95.27,26,0.82
00775B,183,232100,99.66,7,231330,99.23,6,0.06
00777B,217,2076650,99.92,14,2075360,99.88,13,0.01
00778B,186,1522150,99.92,10,1521080,99.92,10,0.01
00779B,644,1297650,99.61,10,1292891,99.46,7,0.11
00780B,1289,246102,97.49,10,239943,96.8,7,1.24
00781B,692,8336,30.44,3,2538,17.99,1,18.99
00782B,1254,20467,23.19,4,4749,14.46,2,15.84
00783,813,7031,12.1,1,851,0,0,25.89
00785B,246,1063466,99.83,11,1061741,99.7,8,0.02
00786B,1308,19566,28.19,5,5518,15.33,1,17.18
00787B,1015,11806,40.8,5,4819,16.94,1,17.87
00788B,1482,24706,25.54,7,6312,13.62,2,14.87
00789B,361,455600,99.38,11,452790,99.07,9,0.17
00791B,102,281100,99.68,6,280204,99.68,6,0.02
00792B,438,2276615,99.87,15,2273844,99.81,13,0.02
00793B,389,2526,0,0,0,0,0,30.1
00795B,37706,1523098,55.15,144,840283,51.2,42,5.96
00799B,1675,26036,22.87,7,5959,8.35,1,15.79
00830,177845,817465,21.78,61,178311,19.02,24,35.55
00834B,139,23198,94.36,4,21890,94.36,4,0.95
00836B,423,611041,99.52,12,608210,99.22,9,0.11
00840B,89,59431,99.27,3,59000,99.27,3,0.15
00841B,122,70440,99.43,5,70044,98.66,4,0.2
00842B,944,20767,46.84,7,9732,34.74,3,10.15
00844B,299,213175,99.17,5,211422,98.91,4,0.31
00845B,224,237051,99.55,4,236004,99.34,3,0.12
00846B,264,74350,98.18,2,73000,98.18,2,0.49
00847B,398,4305,21.64,1,932,0,0,20.23
00848B,153,136066,99.54,3,135450,99.21,2,0.12
00849B,104,486106,99.82,6,485307,99.63,4,0.01
00850,81080,416944,17.52,32,73173,15.27,18,39.35
00851,2149,5525,27.87,1,1540,27.87,1,42.24
00852L,469,8365,68.05,3,5693,51.55,1,8.16
00853B,2336,178134,91.0,10,162124,89.53,5,3.31
00856B,407,6792,62.82,3,4268,44.16,1,9.15
00857B,15909,513268,52.09,66,267440,46.93,21,7.76
00858,19200,117374,15.13,13,17780,10.72,5,30.22
00859B,1588,27511,19.02,6,5235,13.78,3,12.44
00860B,355,2671,0,0,0,0,0,24.69
00861,19303,69912,6.0,4,4202,3.69,2,52.79
00862B,1510,879381,98.31,11,864683,98.21,9,0.4
00863B,336,511964,99.53,8,509584,99.42,7,0.11
00864B,3619,101722,28.67,20,29183,21.56,8,7.4
00865B,9522,292744,29.12,43,85286,22.91,12,6.45
00867B,212,565150,99.79,10,563987,99.72,9,0.05
00870B,320,564151,99.6,9,561949,99.42,7,0.09
00875,7153,13488,11.51,2,1554,0,0,53.06
00876,23331,94024,27.04,10,25440,22.91,4,39.78
00877,13851,161288,15.46,25,24983,8.71,9,21.72
00878,1671597,18822290,10.75,878,2028047,8.6,151,20.36
00881,404225,2912903,14.31,127,417563,12.71,48,32.21
00882,83749,1978349,26.6,392,526395,17.24,86,10.32
00884B,211,75440,98.76,4,74505,98.76,4,0.42
00885,49739,608238,16.72,91,101804,10.52,30,19.3
00886,1192,4451,13.5,1,601,0,0,45.51
00887,20284,438351,31.28,114,137200,18.57,27,11.42
00888,95821,675478,11.61,32,78550,10.21,15,34.76
00890B,706,18264,71.17,2,13000,65.7,1,8.25
00891,192602,1897090,12.08,107,229409,9.82,35,25.53
00892,47150,324292,16.12,27,52339,13.57,15,34.15
00893,57363,358884,8.46,21,30429,5.52,5,38.78
00894,26669,148509,12.17,11,18102,9.25,5,40.02
00895,29284,144916,9.97,8,14465,8.33,4,44.18
00896,49450,389880,8.97,23,35043,6.7,9,32.89
00897,10086,130012,17.52,24,22799,9.27,6,22.09
00898,9017,121476,20.61,26,25060,10.01,6,22.47
00899,3750,16135,5.72,1,924,0,0,43.37
00900,132502,1576525,14.81,92,233717,12.26,23,22.84
00901,11915,62849,13.95,11,8780,6.14,3,40.87
00902,18006,224997,18.61,28,41907,14.91,14,21.61
00903,7143,48721,13.08,5,6378,10.1,3,36.7
00904,24752,162612,13.65,18,22246,7.47,5,35.65
00905,44704,359827,7.94,19,28644,6.02,7,31.32
00907,20047,148133,10.95,11,16256,8.99,7,33.46
00908,2742,35416,39.4,10,13960,27.9,4,18.8
00909,26976,106204,12.37,9,13160,8.27,3,45.29
00910,39231,119439,14.68,12,17554,10.6,4,47.66
00911,13293,31403,18.14,4,5704,13.7,2,53.93
00912,8388,60253,24.12,8,14535,22.18,6,32.39
00913,12294,58266,18.46,7,10762,16.16,5,40.41
00915,72815,513483,16.09,34,82686,14.15,17,35.72
00916,20274,106919,14.01,14,14994,8.81,6,41.48
00917,12149,61478,14.69,9,9042,8.09,3,39.76
00918,268469,3375264,11.64,191,393486,9.3,52,20.49
00919,1380649,18170635,11.0,1026,2003290,8.27,157,17.84
00920,6603,20280,22.4,5,4547,12.2,2,45.18
00921,8938,54770,12.18,5,6680,10.71,4,39.91
00922,188483,2146686,31.54,106,677362,29.44,31,20.98
00923,126283,948423,13.66,42,129789,12.17,20,33.47
00924,55196,435603,23.01,27,100291,20.91,13,27.4
00926,9277,102982,56.21,11,57902,52.6,5,19.83
00927,141771,1350897,12.02,84,162665,9.44,27,27.14
00928,7397,44356,19.19,10,8520,7.74,2,35.71
00929,443723,5025139,9.67,219,487031,7.69,47,22.21
00930,19052,128279,8.88,8,11422,7.16,5,38.26
00931B,34045,2251898,76.57,104,1724662,74.84,41,4.07
00932,13572,114283,11.05,9,12655,9.18,6,33.09
00933B,78814,6513458,75.95,447,4948903,72.72,102,2.94
00934,49258,423526,10.17,25,43120,8.01,11,31.18
00935,122525,851004,21.07,49,179485,19.51,25,29.43
00936,22599,195797,9.44,8,18517,8.8,6,31.42
00937B,213768,17198305,60.62,3212,10428981,51.74,659,2.65
00938,6351,98016,44.04,9,43178,43.46,8,18.91
00939,103130,1169976,6.86,49,80457,4.87,13,26.89
00940,321113,5307365,12.29,399,653014,8.67,79,18.09
00941,47888,456791,13.37,36,61187,10.07,13,28.41
00942B,9977,2012959,89.62,70,1804356,88.5,31,1.34
00943,4059,40389,32.71,5,13219,28.64,3,26.64
00944,7934,53581,9.53,6,5111,5.81,2,37.69
00945B,18614,811318,40.15,131,325882,33.0,36,5.29
00946,36347,453246,19.79,31,89784,17.74,13,22.47
00947,40063,291864,22.22,34,64923,17.48,13,31.45
00948B,26743,3991927,80.78,312,3225614,77.44,94,1.58
00949,17554,170928,21.33,25,36492,16.36,11,27.84
00950B,12337,4101809,90.87,148,3728337,89.49,52,0.69
00951,15947,224042,24.75,34,55477,19.52,14,18.58
00952,22968,247775,12.46,28,30907,6.51,7,24.93
00953B,48933,4286175,52.96,1258,2270775,39.43,297,2.26
00954,11282,120747,20.2,17,24412,13.43,5,23.55
00955,38617,525431,29.13,68,153192,24.33,26,18.43
00956,3251,33630,22.49,6,7571,17.87,4,23.19
00957B,3998,188263,50.34,30,94827,42.85,9,5.96
00958B,4360,121771,22.27,26,27151,14.65,10,10.14
00959B,9338,510336,48.34,80,246813,40.85,20,4.47
00960,10916,59995,21.22,6,12735,21.22,6,37.37
00961,46112,748011,10.3,74,77175,5.6,14,16.69
00962,6208,55420,19.08,9,10585,9.73,2,28.53
00963,4865,112433,28.85,20,32459,24.16,12,9.92
00964,4121,68624,25.39,13,17442,17.96,5,13.81
00965,33166,412992,43.36,42,179133,40.48,23,18.9
00966B,3933,119232,37.7,19,44969,31.78,8,10.39
00967B,2646,179907,70.15,31,126231,63.36,13,4.13
00968B,8286,798511,68.78,101,549367,63.73,35,2.6
00969B,2114,149133,68.85,46,102709,58.15,19,3.86
00970B,5918,385729,59.96,61,231352,53.34,23,4.27
00971,6782,55677,17.48,9,9742,10.03,3,29.64
00972,1629,15672,38.26,4,5998,30.88,2,23.72
009800,19910,284891,24.48,46,69788,19.22,20,17.95
009801,8803,94619,19.74,18,18702,11.18,5,24.56
009802,39417,526495,14.42,53,76026,9.57,13,21.05
009803,20016,188828,16.1,19,30429,13.46,11,25.71
009804,18664,156392,10.31,16,16158,6.05,5,29.61
009805,53696,590816,20.8,73,122991,15.66,22,23.18
009806,1113,13661,58.04,6,7931,43.35,3,17.54
009807,1180,14260,56.03,7,7991,32.81,2,19.63
009808,4398,40011,9.82,4,3931,5.43,2,31.69
009809,2539,30363,31.83,7,9669,26.8,4,22.69
00980A,72679,826230,26.71,58,220876,24.37,25,22.83
00980B,1535,53569,46.06,15,24687,36.17,6,7.59
00980D,3423,101457,37.37,23,37930,29.06,9,7.64
00980T,3247,74918,52.51,10,39355,47.01,3,12.45
009810,1919,19154,33.17,5,6358,24.34,2,22.98
009811,23195,235950,16.68,34,39424,10.32,10,25.3
009812,5931,94882,38.02,23,36099,28.88,9,16.4
009813,23894,334824,23.53,49,78837,18.23,19,19.95
009814,12728,148076,20.2,20,29935,15.74,9,22.63
009815,30256,442170,22.4,59,99104,16.79,20,19.0
009816,918495,12014344,19.8,1441,2382135,14.09,280,19.3
009817,10317,227936,26.23,52,59833,16.21,12,13.1
009818,5143,47152,4.13,2,1950,2.97,1,34.59
009819,51595,576245,12.04,53,69519,8.44,21,26.64
00981A,982946,9792709,21.55,980,2111948,17.05,247,22.4
00981B,16019,1443613,51.08,520,737857,34.47,127,2.04
00981D,8663,504300,42.88,156,216380,28.24,36,3.53
00981T,8236,245761,36.38,71,89479,23.97,22,8.46
009820,38049,1162202,39.91,229,463961,30.73,57,9.51
009821,60162,600840,15.17,47,91277,11.96,15,28.89
009822,6493,95556,9.05,11,8673,3.31,2,24.33
009823,34490,353317,18.36,36,64923,13.85,9,28.39
009824,48513,563347,15.67,74,88427,9.11,15,26.1
009825,4863,138208,12.64,21,17494,4.17,3,10.93
009826,50759,618804,25.4,125,157309,16.16,25,20.37
009829,7853,289870,47.8,29,138607,44.71,14,9.44
00982A,183466,2275436,13.62,173,310569,9.98,35,21.29
00982B,767,25900,62.98,6,16315,58.14,4,6.86
00982D,2815,76229,35.78,20,27290,25.89,8,9.66
00982T,1689,17597,36.81,6,6481,23.44,3,27.35
00983A,9585,95686,26.73,15,25597,23.19,9,24.69
00983B,811,26653,58.24,8,15526,49.69,4,7.46
00983D,3989,102697,29.76,37,30576,11.11,6,7.56
00984A,63917,652458,16.23,44,106031,13.55,17,26.02
00984B,3589,124933,36.46,28,45568,29.54,12,6.81
00984D,12274,897057,44.08,298,395664,28.91,83,2.82
00985A,46155,451789,16.38,38,74077,13.61,17,26.5
00985B,8178,622501,57.75,156,359648,47.18,47,3.2
00985D,2260,101732,57.05,25,58047,44.25,7,5.25
00986A,4820,41327,19.76,6,8174,14.95,3,30.26
00986B,396,21262,80.05,7,17025,72.6,4,4.07
00986D,2369,148677,51.1,41,75999,42.25,21,3.69
00987A,18116,164143,15.35,18,25240,10.41,6,30.63
00987B,2129,72327,55.46,25,40123,39.41,8,7.54
00988A,239440,3350437,21.08,385,706788,15.82,88,18.04
00988B,5224,144833,24.99,37,36209,12.01,9,9.1
00989A,6870,71117,20.1,9,14303,15.77,4,25.03
00989B,2194,80452,34.64,24,27886,22.49,9,7.69
00990A,124518,2445522,34.67,396,848323,26.98,101,13.33
00990B,3131,84350,42.49,18,35849,34.62,8,11.43
00991A,338983,4863416,25.53,479,1243207,21.28,133,17.91
00991B,365,225828,98.39,12,222243,97.54,9,0.33
00992A,184426,2393955,18.88,224,452376,14.5,54,20.93
00993A,48290,771591,19.94,101,153984,14.12,23,18.29
00994A,30167,296690,19.1,32,56709,14.11,7,24.91
00995A,25200,291035,17.91,29,52170,14.17,10,25.31
00996A,23891,309399,21.52,39,66647,15.95,10,22.27
00997A,70666,1191377,18.64,146,222396,12.68,31,17.19
00998A,16367,218109,38.5,25,83985,35.45,13,19.2
00999A,88216,1057517,13.42,83,142209,9.61,20,25.31
01001T,1360,583000,93.27,61,543873,90.1,28,0.5
01002T,3267,1393000,93.67,112,1305167,91.27,61,0.54
01004T,1238,730200,94.05,82,686909,90.4,38,0.31
01007T,1825,720000,92.79,81,668228,89.58,44,0.48
01009T,951,300000,90.35,62,271114,85.53,41,0.63
01010T,855,2308170,98.73,80,2279294,98.04,55,0.05
1101,507027,7523182,56.54,882,4254948,52.69,405,12.79
1101B,7430,200000,94.11,22,188247,91.3,14,2.18
1102,103601,3546563,81.4,333,2887689,79.12,198,6.09
1103,74317,832875,80.42,135,670019,76.85,86,5.82
1104,56078,686682,73.11,110,502189,67.23,45,8.15
1107,3435,10100,99.7,1,10070,99.7,1,0.29
1108,12984,404738,78.61,68,318269,74.85,43,6.44
1109,12102,341159,79.91,72,272685,72.9,36,5.91
1110,5188,572001,94.1,59,538354,91.42,36,0.97
1113O,178,840,0,0,0,0,0,63.21
1113R,381,2129,0,0,0,0,0,30.62
1201,87807,506063,63.73,64,322585,59.13,26,12.37
1203,55226,240000,90.92,50,218268,86.75,35,2.94
1204,3516,18368,45.75,6,8407,31.78,2,19.61
1207,46676,464094,77.28,48,358741,75.3,31,9.48
1210,99836,894767,65.15,132,583126,60.93,70,14.91
1212,30386,174115,44.24,45,77058,35.59,20,17.34
1213,6568,56623,82.09,13,46493,77.05,8,7.13
1215,97422,294790,57.3,33,168960,53.99,18,24.46
1216,140964,5682015,89.8,765,5103469,86.28,454,3.85
1217,138207,494513,61.35,129,303422,53.93,71,14.62
1218,82770,499999,67.21,67,336155,63.0,34,11.69
1219,52958,341238,64.13,78,218898,59.03,51,10.65
1220,47320,177078,67.62,46,119777,60.43,27,10.76
1221,18652,95019,34.19,22,32505,25.86,10,21.96
1224,3611,71910,88.36,20,63549,82.38,13,3.39
1225,43694,242268,89.65,39,217248,87.28,29,3.35
1227,53353,915090,67.45,73,617344,64.59,31,12.75
1228,1583,11130,37.93,5,4224,12.17,1,11.98
1229,104096,1831880,65.64,170,1202933,62.7,80,10.03
1231,35492,298454,64.72,26,193219,63.33,18,16.79
1232,16973,159975,73.49,10,117568,72.04,6,12.75
1233,10274,90592,75.6,27,68508,68.18,15,4.84
1234,24188,401871,83.17,137,334344,74.32,80,5.57
1235,2932,188578,96.33,15,181680,95.39,12,1.11
1236,11719,86674,83.41,23,72309,78.51,18,6.99
1238,2041,29946,11.73,4,3516,8.56,2,21.52
1240,3018,44232,69.69,25,30832,49.16,11,8.19
1256,6233,35781,59.9,10,21438,47.11,3,17.47
1259,16278,32390,78.22,9,25342,71.3,6,8.54
1260,1310,102098,76.38,30,77997,70.6,20,2.03
1264,9198,37052,47.27,16,17524,24.84,5,24.08
1268,3371,42224,78.11,17,32982,72.16,12,8.21
1269,707,20902,77.65,7,16234,72.65,5,3.27
1271,2923,77089,74.1,19,57148,64.42,7,5.79
1293,401,17094,74.31,11,12705,42.38,4,3.2
1294,4577,36626,60.03,16,21995,43.81,7,10.12
1295,3378,37600,57.89,15,21776,44.88,8,15.13
1301,306289,6365741,74.09,579,4717221,71.27,295,9.46
1303,276282,7930822,86.11,696,6830853,83.65,384,5.05
1304,100179,1188764,60.7,111,721864,57.62,50,13.8
1305,72650,581050,51.38,59,298668,48.19,26,16.75
1306,6132,44505,21.34,4,9502,19.41,2,23.57
1307,17996,397818,80.49,61,320295,77.91,43,6.61
1308,76378,593744,52.32,61,310744,49.6,34,16.48
1309,78990,397587,46.41,33,184590,42.63,9,22.15
1310,105883,527870,30.16,90,159325,23.81,32,24.85
1312,135398,1506620,59.21,176,892397,55.05,74,13.51
1312A,1270,20000,54.37,12,10878,21.4,2,13.54
1313,62373,1330846,68.06,165,906086,63.53,68,9.57
1314,307561,3784850,40.28,779,1525531,31.8,249,14.83
1315,5865,99099,81.1,42,80387,71.05,25,6.47
1316,60880,401646,42.79,85,171974,33.17,23,17.25
1319,32224,591477,80.12,102,474040,76.22,64,9.07
1321,3985,227228,70.43,93,160054,53.37,34,2.66
1323,14223,91275,70.52,36,64381,61.17,23,8.44
1324,23466,75122,66.22,20,49760,60.74,13,16.55
1325,36210,85281,47.8,9,40775,44.85,5,27.26
1326,192249,5861186,81.68,518,4788690,79.05,271,6.3
1333,15927,74515,51.19,14,38163,43.03,3,10.99
1336,12243,77614,52.48,24,40741,38.22,6,11.19
1337,52467,268955,47.76,56,128512,39.42,19,14.55
1338,55973,83840,44.06,25,36960,34.18,12,18.91
1339,7254,74124,75.28,16,55810,72.37,13,11.05
1340,61797,152923,34.7,25,53094,28.15,7,19.91
1341,9744,52851,83.7,16,44244,75.97,9,2.56
1342,8772,78001,58.88,14,45940,51.58,5,17.26
1343,1236,40514,66.16,22,26813,42.18,7,5.67
1402,88999,5352875,89.03,425,4766677,87.05,256,2.97
1407,162159,440947,35.27,76,155617,28.85,29,29.76
1407A,4920,67843,53.5,9,36304,52.87,8,18.89
1408,70719,351849,20.69,72,72860,12.53,23,29.38
1409,151246,1618409,62.99,220,1019807,59.27,121,14.02
1410,6650,62000,76.19,19,47249,68.17,11,5.35
1413,8495,132112,76.0,26,100433,69.48,13,5.81
1414,26756,198000,88.73,38,175737,82.93,21,4.67
1416,45522,185342,55.99,38,103803,50.63,22,14.45
1417,55601,189942,58.1,50,110390,48.21,20,16.48
1418,30624,56834,71.5,19,40643,58.94,7,5.4
1419,16941,300041,90.43,70,271388,85.53,48,2.14
1423,18170,99648,83.35,29,83079,74.5,15,4.88
1432,257424,108000,54.91,16,59311,53.42,13,29.88
1434,64723,1684665,71.88,161,1211303,68.77,73,7.77
1435,33149,139780,94.87,24,132617,93.05,19,2.21
1436,14507,194152,76.14,38,147862,71.93,25,9.58
1437,8563,201871,79.83,75,161195,67.21,36,4.77
1438,5039,111206,83.26,29,92607,76.61,18,4.93
1439,4375,92000,85.36,31,78555,75.93,18,4.86
1440,94456,1656816,78.19,272,1295674,73.26,142,6.93
1441,14755,71744,65.0,15,46655,58.35,7,19.71
1442,8617,366211,87.28,108,319648,78.95,64,3.23
1443,15733,135343,89.91,40,121714,82.64,23,2.75
1444,61247,995595,64.24,139,639824,60.14,73,10.71
1445,11871,130666,69.26,41,90527,60.32,21,7.68
1446,8032,137710,65.99,29,90891,62.63,20,8.81
1447,43380,910071,69.99,127,637154,65.79,66,10.29
1449,45552,127115,38.37,27,48783,32.35,15,24.06
1450,15128,78918,25.79,14,20375,21.01,8,25.5
1451,16757,198000,64.1,42,126945,56.65,15,10.88
1452,47104,132641,49.22,40,65316,38.28,18,15.21
1453,14081,113243,75.65,18,85693,73.7,14,12.35
1454,13795,129834,81.73,35,106137,77.52,27,6.44
1455,35004,531688,67.1,80,356864,63.11,44,11.68
1456,4563,93720,85.77,15,80393,80.94,8,3.33
1457,16615,316730,74.9,71,237306,68.58,39,6.69
1458,21160,260751,59.78,59,155908,51.06,23,13.67
1459,12416,268972,83.94,61,225855,77.75,35,4.86
1460,24034,694643,71.92,123,499770,65.22,51,6.34
1462,61140,299885,46.39,98,139155,34.46,37,16.06
1463,33456,173268,81.5,41,141253,74.98,20,5.12
1464,63442,425576,61.67,88,262530,54.41,38,9.91
1465,10219,103607,72.67,38,75309,62.37,22,10.05
1466,21824,111157,68.46,34,76119,62.07,23,10.84
1467,17952,233625,67.11,45,156824,59.72,18,10.28
1468,1327,160405,97.55,18,156504,96.81,16,0.4
1469,336,87218,92.35,28,80568,87.63,21,0.17
1470,1206,85767,87.19,36,74803,70.26,13,0.71
1471,56486,150415,22.34,23,33624,17.02,8,29.83
1472,3595,52488,81.51,17,42792,69.84,7,2.56
1473,12610,146154,71.82,30,105008,69.22,24,9.92
1474,16377,129897,59.2,31,76905,53.12,17,13.41
1475,2310,66017,76.28,16,50377,68.99,8,4.36
1476,20159,274367,80.2,77,220075,73.43,46,6.93
1477,30011,246694,61.2,83,151030,50.44,40,15.75
1480,368,416085,98.11,59,408263,94.46,37,0.16
1491,1718,54818,59.65,24,32708,46.3,13,3.37
1492R,86,526,0,0,0,0,0,36.14
1503,80098,520972,73.01,63,380474,70.59,43,14.37
1504,202421,2376441,70.74,231,1681553,67.94,120,14.34
1506,21380,300389,77.25,46,232093,71.35,16,4.24
1512,20021,98183,53.97,19,53001,47.88,8,9.44
1513,158139,503113,45.36,79,228329,40.35,39,35.7
1514,99202,273108,41.12,59,112359,32.84,24,36.45
1515,23929,181474,49.97,35,90727,41.52,12,20.54
1516,44996,40008,64.82,15,25938,58.69,11,11.78
1517,46268,220000,49.16,31,108214,45.07,16,22.12
1519,85740,315881,72.81,73,230040,66.37,42,14.18
1521,23494,76230,68.06,12,51894,66.44,10,13.38
1522,30359,312898,57.54,50,180107,52.4,24,19.92
1522A,1410,30000,89.08,10,26728,81.87,7,4.18
1524,45675,165310,38.13,20,63073,35.45,12,31.12
1525,3205,73400,88.55,8,65006,86.61,6,5.52
1526,52442,60000,37.22,11,22336,29.94,3,24.36
1527,64439,138571,33.24,22,46086,28.59,11,28.74
1528,90984,191331,30.57,13,58508,27.74,4,38.17
1529,28526,155095,45.9,23,71229,41.13,11,25.27
1530,10809,94594,75.9,15,71811,70.06,6,11.11
1531,12834,182108,64.46,54,117413,54.09,21,9.34
1532,19591,422604,66.48,106,280959,58.77,52,8.51
1533,9954,98547,63.27,35,62371,52.11,18,17.31
1534,4103,67733,46.92,19,31799,35.3,7,13.12
1535,9873,123743,75.66,10,93626,75.24,9,11.14
1536,83554,278960,34.4,54,96025,28.35,26,30.98
1537,15759,82063,51.7,25,42444,42.74,14,24.05
1538,7619,32300,78.45,7,25345,70.77,3,6.68
1539,5313,65370,61.07,11,39927,60.44,10,15.82
1540,41159,85474,35.0,22,29931,23.22,5,32.06
1541,2452,78800,83.76,15,66023,79.46,10,4.77
1557,113,1722,30.57,1,527,0,0,13.88
1558,27862,64536,37.18,30,24007,14.24,7,23.7
1560,24643,151562,64.49,63,97776,49.38,28,11.8
1563,37022,225608,49.09,70,110788,37.3,28,11.68
1565,37544,50417,17.21,11,8691,8.4,3,38.28
1568,9701,103087,64.93,31,66957,57.14,18,13.0
1569,24395,144247,52.45,37,75690,44.81,17,14.52
1570,34879,51501,55.98,12,28840,44.49,2,11.55
1580,27657,49339,38.65,14,19078,29.88,8,26.32
1582,66567,144269,30.95,25,44697,25.91,12,35.27
1583,2482,109400,91.25,17,99839,89.51,14,3.02
1584,56307,232471,41.3,37,96051,36.52,18,22.24
1585,934,57700,65.76,33,37958,46.04,13,3.11
1586,12161,129500,72.46,51,93858,59.64,24,8.69
1587,11977,80056,46.41,21,37165,37.91,8,20.57
1589,43144,153136,28.35,30,43464,21.0,11,25.0
1590,6044,200000,71.84,101,143718,51.95,36,1.61
1591,32162,38048,20.35,9,7747,8.04,1,21.32
1592,6282,110978,26.44,25,29356,18.1,8,15.25
1593,3331,39785,50.05,18,19914,35.43,9,14.04
1594,659,33220,82.82,12,27515,75.4,8,3.39
1595,9173,55725,46.65,22,26010,33.8,11,17.98
1597,19053,89262,52.19,35,46601,38.36,16,26.15
1598,10673,179142,60.31,48,108058,53.02,29,11.62
1599,11861,73029,65.15,21,47592,57.02,12,17.05
1601,16651,106265,11.57,13,12307,6.3,3,25.94
1602,274041,386412,12.15,26,47056,9.56,9,58.27
1603,13578,191688,72.86,31,139703,69.56,21,12.7
1604,101944,384200,58.14,71,223432,52.37,35,17.22
1605,256181,4431333,74.86,375,3317928,72.37,195,10.33
1606,77493,769853,15.89,119,122525,9.5,31,24.54
1608,50660,632774,65.37,58,413770,62.12,26,15.79
1609,197492,785262,31.81,104,249910,28.56,60,31.04
1611,87049,322736,53.06,80,171319,44.73,35,20.27
1612,38021,316080,60.31,62,190674,55.13,33,17.68
1613,22769,227418,57.74,67,131336,47.38,28,9.99
1614,4224,269113,82.9,83,223145,75.5,51,2.23
1615,8795,198630,80.46,34,159878,76.85,22,6.6
1616,14793,194149,59.48,25,115511,55.92,15,15.91
1617,11715,169515,76.09,40,129023,69.12,22,9.91
1618,22613,192692,57.11,28,110087,52.79,14,21.85
1623,6038,66000,77.05,13,50861,73.47,9,11.19
1626,9937,149822,69.23,48,103761,60.14,27,8.86
1702,64160,294133,57.77,31,170000,54.66,16,19.87
1707,68507,148137,52.57,51,77895,42.07,27,22.29
1708,86099,249002,39.44,42,98259,33.47,20,34.0
1709,39471,477016,71.53,130,341276,62.1,58,9.01
1710,60777,885703,61.33,134,543502,55.83,58,12.31
1711,99421,547752,43.71,84,239551,38.84,40,25.11
1712,82572,420493,56.49,123,237653,46.83,58,14.91
1713,23587,150952,74.4,31,112333,67.55,12,7.36
1714,107602,991825,53.83,145,534086,48.79,62,16.04
1717,102646,1184245,65.86,235,780171,60.02,122,14.86
1718,195399,1685906,51.03,217,860594,46.04,79,17.72
1720,15538,178696,65.42,32,116956,59.73,15,14.33
1721,68050,184884,37.39,32,69179,31.59,14,28.28
1722,122080,980000,64.7,154,634148,59.16,67,12.17
1723,62705,236904,52.81,40,125165,46.8,15,21.54
1725,3675,181830,94.21,19,171334,93.1,16,2.75
1726,9530,162000,85.48,28,138506,83.62,23,4.86
1727,22037,128020,56.42,27,72252,49.51,12,23.99
1729,4209,180688,91.39,47,165189,85.84,32,3.55
1730,10109,63234,57.3,11,36241,53.73,8,25.51
1731,18496,132915,55.68,15,74026,51.75,7,15.07
1732,37996,42444,46.4,5,19696,44.13,4,28.29
1733,38355,99950,43.53,19,43526,32.97,5,20.45
1734,70471,190197,49.94,44,95021,41.49,18,18.44
1735,8426,99388,78.39,12,77911,77.79,11,9.75
1736,7757,303395,88.58,44,268790,83.56,23,3.23
1737,74461,200000,63.11,27,126256,59.15,13,17.75
1742,11336,92671,80.69,27,74793,71.8,14,4.28
1748,709,14304,39.61,3,5668,36.48,2,16.91
1748R,105,529,0,0,0,0,0,61.98
1752,8202,100988,64.14,22,64794,57.56,12,15.58
1760,38878,85739,42.99,22,36872,33.86,8,25.87
1762,53987,76918,46.31,17,35644,36.1,5,21.71
1773,16110,300000,74.44,56,223409,69.2,29,7.64
1776,3267,60107,65.81,32,39567,44.14,13,9.06
1777,3333,44592,59.8,9,26673,54.06,5,11.79
1780,2714,109075,77.59,44,84655,62.36,19,4.42
1781,35720,47408,44.78,22,21236,23.54,6,21.9
1783,38106,89698,64.29,20,57685,56.01,7,10.49
1784,34516,53121,28.84,15,15327,18.13,6,25.43
1785,131154,595980,43.64,109,260221,37.57,52,27.1
1786,44686,74828,52.59,26,39364,45.89,17,17.12
1788,7753,44521,49.82,15,22188,40.1,8,23.25
1789,24765,790739,76.93,54,608541,74.7,23,6.23
1794,131,1322,0,0,0,0,0,16.46
1795,40754,266874,57.97,31,154759,53.58,12,21.68
1796,7612,41460,55.73,12,23117,45.18,5,8.44
1799,19015,248776,66.26,22,164920,64.06,12,10.61
1802,205378,2908061,75.88,159,2207336,74.24,81,13.18
1805,9374,134970,77.78,39,105000,70.39,23,4.9
1806,24736,390404,74.42,59,290648,70.87,36,9.69
1807,7555,114399,47.36,37,54195,38.2,20,12.55
1808,27797,893032,80.63,95,720204,78.54,64,6.6
1809,54123,167042,47.87,31,79980,43.14,18,31.14
1810,24925,302304,62.84,70,190027,57.22,44,17.48
1813,9079,46636,47.73,16,22269,33.67,5,23.23
1814,451,18982,78.82,12,14966,53.7,5,4.45
1815,163653,585459,41.28,82,241867,37.59,49,33.55
1816,900,24515,94.8,2,23242,91.94,1,1.83
1817,4573,72600,65.0,26,47197,58.36,17,11.57
1818,135,11635,75.49,7,8785,63.87,5,1.46
1819,136,33504,84.42,17,28292,65.69,9,0.51
1903,20973,260039,81.52,68,212033,74.89,41,4.08
1904,325997,1108275,68.12,147,755267,63.64,73,12.91
1905,72052,1102835,71.59,68,789726,69.51,29,13.24
1906,12567,151000,74.5,26,112519,70.26,17,10.82
1907,82550,1660371,85.33,210,1416943,82.1,123,5.14
1909,84505,1327686,68.19,164,905619,64.17,74,8.38
1918,30849,241310,20.69,26,49982,17.71,15,31.75
2002,1322145,15734861,53.12,1478,8361597,49.45,468,16.03
2002A,5380,38268,22.09,10,8460,11.04,3,28.29
2006,58999,730214,81.24,156,593350,75.34,92,7.6
2007,27703,530652,76.68,13,407015,75.66,4,9.07
2008,7515,190852,92.5,18,176564,91.17,14,3.18
2009,47917,359622,58.23,20,209467,56.42,9,24.73
2010,34858,647655,69.42,123,449749,64.97,75,10.36
2012,44578,302163,83.89,79,253532,74.58,33,5.0
2013,44025,200000,79.38,24,158797,77.22,17,11.2
2014,173954,1435544,50.71,100,728291,47.94,36,19.93
2015,11730,581599,88.17,152,512926,82.07,93,2.83
2017,40871,446875,62.3,68,278477,57.47,32,12.81
2020,59869,267031,50.7,52,135451,44.78,29,16.91
2022,62455,337168,40.48,33,136570,36.96,14,21.85
2023,101938,1841240,79.36,116,1461583,77.68,65,7.06
2024,50463,97500,83.02,13,80955,80.78,9,6.94
2025,30397,172661,62.52,28,107998,59.37,19,11.48
2027,105771,2584261,78.2,358,2021551,74.61,202,6.92
2028,21464,325715,83.43,39,271792,81.26,28,6.37
2029,14267,321180,71.98,26,231261,68.38,6,8.67
2030,56212,280526,52.17,50,146397,46.88,27,19.31
2031,65754,321146,57.99,61,186305,53.35,36,16.77
2032,12292,130522,59.26,43,77378,48.85,20,18.08
2033,4721,80695,76.61,33,61833,62.78,16,7.26
2034,38516,528996,50.26,106,265925,43.74,45,15.98
2035,20791,350000,96.71,23,338531,96.24,21,0.64
2038,25830,194134,54.17,28,105194,49.38,13,17.2
2049,63588,353792,71.39,116,252622,60.81,56,12.99
2052R,5554,9170,10.19,2,935,0,0,49.43
2056,254,105000,93.38,44,98068,85.71,33,0.43
2058,37134,305355,25.92,63,79238,18.44,22,17.07
2059,31098,95297,66.88,34,63742,55.65,16,5.15
2060,135,35739,87.22,4,31173,87.22,4,0.33
2061,11595,57378,49.51,25,28417,31.17,7,15.5
2062,11493,199994,61.55,39,123150,55.36,16,12.69
2063,3381,48101,53.05,19,25526,37.39,7,12.67
2064,1624,69330,83.06,30,57597,72.44,16,4.46
2065,49481,63517,52.12,16,33115,44.41,9,19.31
2066,3105,44450,68.33,19,30384,53.56,8,11.23
2067,2236,45138,56.54,12,25528,49.07,6,10.12
2069,9221,166387,62.71,44,104395,53.58,20,12.57
2070,5487,41783,62.07,19,25945,47.35,8,20.43
2071,924,69046,85.11,25,58775,73.66,12,2.02
2072,9862,192000,74.77,26,143604,71.32,15,8.01
2073,641,27500,75.21,15,20686,51.6,6,3.25
2101,36736,733935,65.31,135,479494,59.28,60,8.64
2102,79277,473329,81.26,65,384709,77.47,37,5.55
2103,83061,825710,58.62,118,484113,54.09,55,11.79
2104,107965,984734,45.04,201,443677,36.91,71,12.39
2105,80655,3241416,80.9,310,2623280,78.09,161,5.7
2106,32970,954890,80.37,167,767610,75.29,85,5.18
2107,48142,303593,64.13,73,194766,58.62,44,13.63
2108,53394,492417,70.79,94,348675,65.38,55,11.48
2109,35155,279349,74.68,71,208670,66.71,35,5.77
2114,5360,77992,65.31,18,50952,59.06,9,10.96
2115,3667,104373,70.8,37,73930,58.7,17,5.86
2201,90733,1070001,64.66,113,692126,60.73,47,13.25
2204,42448,553620,73.97,62,409557,70.95,36,11.75
2206,68358,773676,85.16,104,659062,81.39,61,6.08
2207,13826,557103,89.76,115,500178,83.31,54,1.57
2208,123987,1274539,55.05,147,701972,50.05,43,15.17
2211,24724,417091,81.05,57,338148,77.53,34,7.27
2221,2994,42325,66.13,5,27997,64.71,4,11.95
2227,7531,300000,93.51,11,280532,93.27,10,3.55
2228,9843,79780,56.57,14,45138,53.88,10,20.92
2229,59,1462,41.04,1,600,0,0,7.78
2230,11201,68030,46.5,26,31646,33.49,13,15.68
2231,13674,135932,65.83,29,89507,61.93,19,15.02
2233,38372,60289,43.77,13,26404,34.26,4,26.39
2235,1367,35878,83.9,12,30107,76.08,8,6.65
2236,3339,63517,72.54,23,46085,64.94,14,6.69
2237,3619,128938,77.59,24,100074,70.6,8,4.91
2239,2736,117713,79.96,17,94149,77.26,12,4.37
2241,28989,104602,42.57,33,44556,31.65,13,16.55
2243,2808,77374,68.2,35,52781,56.14,18,6.5
2245,514,35640,80.2,12,28591,66.91,5,2.3
2246,2884,42613,68.53,3,29213,65.07,1,9.19
2247,8051,80711,76.68,14,61904,72.7,8,9.99
2248,965,47600,78.08,16,37172,67.57,9,3.07
2249,1211,25538,70.61,13,18039,54.36,6,7.39
2250,9404,36388,51.35,4,18688,48.97,3,20.93
2252,1864,106618,80.27,19,85607,74.52,9,3.66
2254,2639,63908,92.9,15,59379,87.9,10,1.38
2255,1931,60932,80.02,19,48767,73.54,11,4.4
2256,2267,39024,58.53,16,22848,42.12,5,10.77
2258,8940,1751361,93.93,55,1645461,92.82,25,1.12
2301,177520,2316108,81.53,456,1888956,76.14,267,8.91
2302,25502,166303,60.97,17,101431,56.69,6,22.73
2303,1042642,12570094,73.13,1174,9194238,70.5,655,13.24
2305,24056,205661,62.35,22,128273,58.75,10,16.94
2308,596072,2597543,80.74,562,2097825,74.03,281,8.08
2312,203509,1506172,48.52,212,731179,44.21,104,24.35
2313,297331,1233821,59.21,211,730706,54.24,115,26.05
2314,53278,108596,11.47,14,12475,5.51,3,44.09
2316,61034,182741,64.31,42,117550,57.55,22,20.19
2317,1145960,14075746,69.47,1442,9780658,66.73,822,13.12
2318,28549,106030,26.99,15,28633,22.79,7,30.02
2321,14607,30272,71.3,3,21586,71.3,3,14.21
2323,132875,1089348,46.18,203,503260,39.61,84,17.63
2324,309340,4407147,66.4,610,2927726,62.42,325,15.08
2326,48299,40338,12.66,6,5120,6.48,2,45.76
2327,585229,2058731,68.69,355,1414568,63.94,198,17.51
2328,119678,518346,40.31,58,209057,36.12,26,30.82
2329,130142,658948,49.82,63,328389,46.09,24,26.22
2330,3067183,25932370,87.47,2627,22688511,84.71,1479,5.91
2331,57005,557403,59.01,70,328985,54.23,22,18.06
2332,104981,602170,35.51,106,213954,29.91,46,23.69
2333,87708,277761,28.98,56,80555,20.31,18,32.86
2335,6030,49488,35.57,13,17615,25.38,4,20.05
2337,498289,1986200,40.89,298,812666,36.09,140,33.57
2338,81301,366849,46.77,53,171640,41.58,25,25.29
2340,110596,438623,37.22,53,163350,32.92,22,27.53
2341,23863,6852,86.94,1,5957,86.94,1,8.91
2342,142787,157475,36.51,11,57524,34.25,6,38.69
2344,557695,4720491,69.68,461,3290483,66.79,240,16.48
2345,80288,561118,71.25,226,399952,57.09,98,4.86
2347,39599,1667947,88.88,254,1482764,85.44,160,4.08
2348,24587,151899,68.83,28,104600,65.51,20,14.2
2348A,2679,30000,65.83,6,19753,55.71,2,7.19
2349,143832,693680,28.97,120,201102,22.14,42,26.91
2351,25491,195088,71.93,71,140358,60.66,38,13.45
2352,194556,1580507,48.19,206,761910,43.08,74,19.83
2353,395184,3047854,37.45,364,1142195,33.33,158,25.68
2354,190379,1414485,47.81,123,676540,45.14,64,26.56
2355,77482,397495,40.28,97,160216,32.59,46,30.29
2356,248626,3587475,74.26,386,2664863,71.1,204,13.35
2357,113412,742760,74.82,215,555921,65.21,104,10.38
2358,39750,136623,27.99,17,38249,24.23,8,27.36
2359,57936,171471,53.43,42,91640,45.56,22,28.18
2360,30849,425246,70.5,189,299859,52.82,70,3.0
2361,19315,46544,52.96,6,24655,47.23,2,20.72
2362,31781,622263,80.72,111,502453,77.43,78,7.83
2363,129737,514988,35.39,62,182354,30.96,26,34.16
2364,55298,52389,59.15,14,30997,51.35,7,19.02
2365,99070,221528,23.19,28,51436,18.78,13,44.72
2367,192588,706253,28.61,87,202160,25.42,48,41.74
2368,101221,530584,77.43,133,410948,68.58,58,8.52
2369,127504,380102,32.21,53,122492,27.95,27,37.07
2371,271400,2150835,47.5,284,1022059,42.85,123,19.58
2373,14204,236203,87.27,27,206179,86.21,23,6.91
2374,105038,337992,27.03,42,91434,22.61,19,38.29
2375,77487,108675,27.51,24,29917,16.18,5,53.12
2376,97099,669889,72.14,165,483392,64.3,83,13.95
2377,102412,844856,66.49,182,561899,60.04,96,17.51
2378,17784,141056,33.75,25,47634,26.93,9,20.35
2379,86610,515513,73.95,205,381301,59.46,88,6.67
2380,23235,60000,36.59,9,21964,32.76,5,32.19
2381,2565,119,0,0,0,0,0,32.56
2382,285687,4107627,85.01,507,3492670,81.55,286,8.07
2383,86874,358321,68.98,137,247262,56.33,62,5.49
2384,157982,2047778,28.01,329,573982,20.93,96,18.9
2385,51306,765721,74.14,174,567877,68.28,101,11.12
2387,17081,195251,58.01,29,113279,52.51,13,18.0
2388,53951,556439,71.5,78,397943,67.19,40,14.22
2390,62160,192619,39.56,26,76251,34.35,9,26.51
2392,66609,512327,49.96,63,256046,45.66,27,23.86
2393,51386,443393,67.31,123,298526,59.87,71,14.03
2395,34831,869164,85.52,209,743486,77.33,92,3.03
2396,56598,1276356,45.52,239,581317,37.08,63,10.89
2397,9224,114489,69.06,17,79093,64.5,10,13.59
2398,38437,413074,36.55,47,151051,32.63,20,19.18
2399,54871,178100,32.6,35,58100,25.3,17,37.12
2401,131393,591995,41.96,97,248505,36.41,43,25.35
2402,82896,307537,38.02,50,117019,32.87,23,33.37
2404,66952,190587,53.41,71,101826,39.08,28,18.48
2405,97300,343427,24.55,46,84342,19.24,16,30.74
2406,117086,350906,25.17,56,88373,18.48,21,37.94
2407,48687,734864,37.86,178,278405,27.87,56,11.92
2408,314932,3450206,84.86,271,2928329,82.9,159,7.69
2409,667616,7547099,46.68,914,3524560,42.05,340,18.78
2410,12547,160009,36.34,51,58188,23.7,16,11.17
2412,306829,7757447,79.05,522,6134153,77.24,293,6.89
2413,25601,127359,58.49,27,74514,52.44,15,22.97
2414,15797,161736,59.23,44,95826,49.41,18,14.26
2415,8880,90000,63.8,20,57441,58.6,12,16.73
2417,61883,157219,41.79,19,65742,38.97,12,32.44
2418,64484,1023320,47.78,137,489150,42.13,39,12.99
2419,37566,321317,65.02,15,208976,63.28,4,17.64
2420,38845,152649,49.06,38,74925,39.31,15,20.97
2421,59219,286944,59.14,97,169762,48.35,44,19.43
2423,6218,145047,76.12,34,110450,69.53,17,6.11
2424,4348,59585,80.85,6,48185,79.18,5,7.48
2425,40822,96499,46.21,22,44599,36.78,7,28.95
2426,100333,300622,47.42,60,142584,42.14,35,25.2
2427,21934,198000,53.53,15,106027,49.77,4,21.42
2428,17400,128113,62.25,33,79782,52.74,14,16.49
2429,27487,85500,48.39,14,41383,42.61,7,23.57
2430,38097,116800,63.19,24,73844,56.78,11,15.52
2431,51818,110927,42.13,16,46753,35.96,4,23.49
2432,1268,61860,77.39,9,47881,72.89,4,4.62
2433,7905,144496,78.97,18,114122,77.79,14,10.32
2434,5690,37000,78.19,3,28934,74.38,1,13.08
2435,8971,74736,32.31,10,24165,28.39,4,21.86
2436,74451,217702,26.49,43,57688,20.02,21,40.86
2438,26325,71196,58.54,21,41687,49.52,12,15.33
2439,71591,253645,33.37,59,84695,24.81,23,34.31
2440,8726,139117,70.27,26,97774,67.57,19,10.46
2441,60674,568846,68.47,87,389585,63.38,42,17.18
2442,48831,325232,57.66,62,187598,50.27,25,11.84
2443,30669,150909,55.25,45,83395,45.97,24,12.89
2444,36086,101570,27.42,21,27869,18.07,5,22.46
2445,6214,48163,15.7,7,7570,12.45,4,26.56
2449,269020,1283882,59.94,266,769828,54.04,144,21.32
2450,17540,258253,77.17,19,199355,75.97,14,11.3
2451,44561,431346,71.3,62,307625,65.56,25,13.23
2453,25494,100000,47.49,15,47508,41.33,5,28.06
2454,625801,1603895,73.63,498,1181246,63.24,232,8.46
2455,70631,187873,51.06,76,95982,36.32,33,24.28
2457,112557,424772,29.66,56,126090,24.99,23,30.75
2458,62319,303880,59.36,87,180435,49.87,42,20.44
2459,15176,105596,53.37,33,56380,41.95,11,14.31
2460,44800,169200,57.8,19,97833,53.59,7,15.99
2461,50349,191888,44.83,53,86050,36.51,26,17.78
2462,26181,150784,55.46,34,83659,50.29,21,17.04
2464,86974,218869,50.7,48,111016,45.06,27,27.71
2465,48374,93946,40.46,19,38041,29.42,3,27.61
2466,5111,173459,88.39,51,153360,82.04,34,4.34
2467,47736,161760,69.57,56,112561,59.67,31,12.73
2468,10666,69961,52.03,4,36409,50.02,2,27.36
2471,36770,47254,23.37,15,11054,6.74,1,41.72
2472,37184,164735,58.65,43,96664,49.5,21,25.49
2474,56346,538821,69.69,88,375608,65.85,58,15.09
2475,226687,6479454,71.15,1104,4611309,64.57,430,6.13
2476,19185,220052,67.31,58,148154,60.58,34,12.1
2477,9572,158573,73.59,40,116733,67.0,23,10.48
2478,58410,144731,57.53,49,83288,46.67,23,22.76
2479,13069,37738,32.4,6,12235,25.62,1,31.64
2480,42033,106360,30.95,34,32945,17.0,10,26.57
2481,103665,382115,56.1,74,214459,51.85,49,28.74
2482,38665,77883,40.67,13,31685,35.02,6,29.48
2483,9817,107890,62.87,27,67850,57.76,18,15.85
2484,89499,159421,25.0,30,39882,19.06,15,47.9
2485,138481,317689,23.23,36,73846,20.23,19,48.0
2486,81828,240739,40.92,55,98538,33.75,29,26.99
2488,40588,79999,53.01,25,42415,44.37,13,17.91
2489,130357,610000,29.13,81,177782,24.72,36,36.13
2490,15423,162943,21.41,30,34907,15.41,12,21.72
2491,12966,82008,72.69,23,59626,65.0,14,10.74
2492,114177,485205,64.09,71,311037,60.45,41,23.49
2493,46930,126797,51.13,37,64852,39.86,15,23.46
2494,10291,41493,81.47,10,33812,73.05,5,9.76
2495,38509,273552,50.33,45,137720,44.41,20,23.23
2496,4233,19100,49.57,9,9470,35.07,4,18.66
2497,11955,130888,66.08,33,86513,58.73,18,15.67
2498,164468,836439,39.32,139,329042,34.21,69,26.58
2499,47838,461172,44.17,81,203782,37.96,35,15.36
2501,44257,1159561,77.62,158,900320,72.95,75,7.42
2504,90125,1180000,74.95,203,884641,69.84,107,7.1
2505,23964,380000,79.49,67,302167,75.09,39,6.38
2506,65606,387000,76.98,73,298023,72.16,44,8.72
2509,16599,224551,69.8,45,156809,63.89,23,10.12
2511,46357,1623326,80.53,295,1307574,75.11,150,3.76
2512,43941,490133,34.22,96,167810,25.05,22,14.75
2514,17740,394729,88.15,52,348014,84.81,31,3.74
2515,139891,1607904,60.56,306,974090,53.37,119,10.06
2516,49166,226278,72.69,62,164506,64.89,37,7.07
2520,77623,609487,73.88,101,450385,69.57,58,9.04
2521,25316,319611,35.25,57,112767,25.84,11,15.89
2523,14048,228235,44.69,58,102027,35.96,25,12.22
2524,7616,365984,93.18,37,341114,91.56,27,2.36
2525,52561,650710,31.78,172,206888,20.34,50,15.1
2527,7696,270306,80.9,36,218717,75.09,11,4.79
2528,8360,435996,84.23,86,367318,79.21,49,2.87
2530,31011,841256,86.0,145,723726,81.71,90,2.32
2533,14055,153014,38.29,37,58615,26.09,7,17.05
2534,63294,474228,72.7,114,344860,65.87,63,7.69
2535,63342,270794,61.17,65,165688,54.89,34,14.92
2536,8380,332809,78.72,86,262074,69.93,42,4.06
2537,43770,300558,60.3,71,181309,51.85,32,12.3
2538,28672,445025,74.43,129,331296,66.44,71,4.66
2539,20366,1193103,86.79,121,1035746,84.25,71,3.12
2540,17983,944874,90.97,81,859739,89.04,54,2.87
2542,104526,2153084,65.96,234,1420447,62.55,113,9.93
2543,32428,528542,71.5,75,378035,67.29,38,9.23
2545,16591,379735,76.48,41,290506,73.92,25,8.54
2546,53198,130524,62.55,20,81663,58.8,11,14.1
2547,74559,1035095,70.92,189,734241,64.11,81,5.87
2548,40666,335705,49.76,100,167152,38.96,42,18.86
2553,19300,81658,18.89,13,15444,11.13,4,33.81
2566,325,2416,0,0,0,0,0,31.89
2569,61,11552,83.38,2,9634,74.73,1,0.61
2591,80,817,0,0,0,0,0,18.25
2592,57,10494,90.43,4,9490,82.1,3,1.35
2596,3277,100000,71.91,28,71923,61.79,14,5.79
2597,13215,310716,81.53,42,253403,78.11,25,5.31
2599,1377,98524,66.04,41,65076,51.78,16,2.09
2601,112845,824776,31.71,103,261790,26.57,35,23.1
2603,276741,2165043,75.04,363,1625263,70.04,194,12.35
2605,106452,585353,55.19,107,323259,49.91,54,19.51
2606,50089,845056,76.58,111,647251,73.52,70,10.8
2607,39340,533571,77.6,88,414161,70.45,32,8.79
2608,52003,467000,76.46,67,357141,71.85,34,10.62
2609,367273,3492104,61.16,343,2136452,58.12,169,20.5
2610,249040,6144989,72.39,546,4449617,69.47,256,9.49
2611,50516,189002,48.86,27,92376,44.61,12,21.78
2612,37466,197485,74.34,17,146839,69.74,4,10.94
2613,39971,148423,56.52,29,83920,49.49,11,20.9
2614,100904,327265,47.1,44,154214,42.06,19,22.99
2615,95427,2806146,89.04,278,2499130,86.68,172,4.92
2616,214174,137282,44.74,17,61445,41.0,9,30.09
2617,29016,417294,63.41,64,264699,58.26,26,15.06
2618,201766,5400444,81.85,662,4420969,78.62,383,6.65
2626,296,2885,0,0,0,0,0,25.25
2630,23529,209438,64.45,13,135022,61.67,4,20.21
2633,105267,5628293,86.79,293,4885886,85.05,139,4.19
2634,100442,941867,55.68,76,524632,53.55,41,19.33
2636,55389,141835,43.17,34,61250,35.98,18,28.52
2637,25035,746409,83.67,141,624726,78.84,84,5.37
2639,1106,99999,99.01,2,99010,99.01,2,0.48
2640,3519,59265,73.75,25,43723,58.31,11,6.43
2641,80059,330334,28.43,45,93944,23.4,15,28.29
2642,19696,95467,60.38,7,57646,60.38,7,27.05
2643,4289,35000,64.01,9,22407,58.83,7,17.62
2644,2505,82952,80.37,36,66690,72.84,27,3.96
2645,29316,374571,81.9,31,306872,78.93,14,9.04
2646,241862,3008735,65.56,140,1973235,63.8,54,16.19
2701,14797,449968,86.41,37,388899,84.55,24,3.65
2702,12414,156613,73.71,18,115462,72.55,15,9.53
2704,30563,366923,88.37,71,324309,83.18,42,3.14
2705,83239,191313,66.54,43,127342,59.9,23,14.04
2706,16142,499998,85.45,58,427305,81.59,26,3.64
2707,18066,127403,60.96,17,77685,54.75,4,19.72
2712,2016,105000,90.8,19,95352,86.86,13,3.43
2714,3937,1138,0,0,0,0,0,87.11
2718,2606,87576,88.24,16,77286,88.24,16,3.42
2719,3313,69306,90.86,4,62977,89.37,2,5.27
2720,2751,80000,61.03,27,48837,48.9,12,3.59
2722,4935,143170,87.18,31,124855,82.43,21,4.94
2723,9531,180000,68.8,39,123875,60.84,17,9.59
2724,1033,59656,84.26,10,50276,79.45,5,1.77
2726,2481,37922,65.21,16,24738,49.94,7,8.94
2727,149086,82940,39.01,34,32370,18.57,8,25.91
2729,6246,43041,68.72,14,29585,59.22,8,16.11
2730,2322,37215,86.67,2,32256,86.67,2,2.97
2731,30763,93278,42.55,21,39717,33.73,9,29.53
2732,6078,46519,59.12,19,27506,54.17,14,20.57
2733,682,24598,77.51,8,19069,75.36,7,4.55
2734,28740,57260,37.77,12,21637,31.34,6,25.04
2736,6339,79972,55.95,17,44764,46.33,7,14.36
2738,57,67381,97.88,6,65966,94.86,3,0.02
2739,5499,91526,73.68,20,67450,68.0,12,10.52
2740,2916,16762,72.53,2,12158,72.53,2,2.83
2741,1743,22588,65.14,8,14719,49.05,3,12.37
2743,6755,46815,52.86,8,24755,50.27,6,24.35
2745,5260,33809,51.28,5,17339,51.28,5,24.76
2748,9663,105779,61.37,6,64933,58.44,1,17.21
2749,248,20800,75.15,16,15634,33.27,2,2.43
2750,180,60000,98.53,18,59126,88.06,10,0.13
2751,1560,19844,60.32,1,11970,60.32,1,11.29
2752,2585,26694,63.69,16,17006,40.7,6,8.96
2753,11729,66645,54.55,19,36371,43.54,8,16.85
2754,4395,46907,73.07,6,34283,66.51,1,11.9
2755,3811,46882,66.75,16,31297,58.7,9,10.27
2756,1633,24598,71.57,13,17610,53.58,6,8.89
2758,7467,20486,73.57,13,15075,46.27,6,8.07
2760,175,13000,88.37,6,11490,84.01,5,1.09
2761,668,17337,57.68,9,10005,46.12,6,5.98
2762,6064,112500,86.27,23,97091,80.89,13,5.11
2801,272885,11766046,77.5,1279,9122021,73.8,565,3.98
2807,7187,3164,0,0,0,0,0,75.78
2811,52260,292500,34.48,66,100905,26.36,28,22.94
2812,245928,6021626,58.7,759,3535715,53.67,245,7.37
2816,10737,223608,79.54,30,177911,75.36,14,4.7
2820,73822,1342960,65.86,150,884803,61.98,62,8.03
2825,9448,12552,5.69,1,714,0,0,59.93
2827,30317,129587,36.74,31,47637,29.69,16,20.49
2831,42086,1192675,62.05,167,740362,57.19,70,7.68
2832,19340,253540,69.54,53,176357,63.34,27,7.61
2834,389059,9718062,60.86,1349,5916977,55.33,449,6.92
2836,35245,1839917,85.48,173,1573073,82.53,82,3.33
2836A,2803,40000,38.56,8,15426,30.5,4,7.86
2838,49080,4340552,90.48,256,3927817,88.56,121,1.87
2838A,6011,200000,68.73,42,137500,62.37,23,6.1
2841,60339,960944,57.39,179,551742,50.11,62,7.38
2845,99384,4865285,75.38,628,3668037,70.55,242,3.69
2849,9917,1957609,98.46,57,1927877,98.0,42,0.52
2850,17677,315963,67.97,93,214844,57.61,43,9.43
2851,27141,800389,71.51,125,572438,66.07,54,7.21
2852,21845,301164,66.76,106,201111,55.1,54,7.35
2855,60153,1601414,76.01,238,1217671,71.1,107,5.6
2867,62574,5899501,87.28,536,5149978,84.17,234,2.13
2880,476874,13916965,81.76,1114,11381080,79.3,549,4.23
2881,384684,14007365,86.49,1005,12116782,84.28,504,4.41
2881A,18374,600000,90.43,67,542702,88.08,44,3.33
2881B,18231,666660,94.84,69,632448,91.95,40,1.9
2881C,53608,333330,85.01,53,283420,81.29,32,6.11
2882,407606,14669210,85.66,1260,12568807,83.24,681,4.78
2882A,18641,833300,94.91,82,791005,93.26,61,1.72
2882B,19149,700000,95.98,60,671944,94.23,42,1.67
2883,725237,16974847,68.55,1946,11638256,64.66,853,6.65
2883B,69132,1582142,66.09,395,1045880,56.35,149,6.61
2884,581208,16192000,73.46,2034,11898059,69.11,884,6.7
2885,456058,13331150,82.68,1268,11023643,79.98,687,5.13
2886,460743,14833378,83.25,822,12351684,81.76,466,5.69
2887,715686,25115062,75.23,3016,18898463,71.13,1298,4.63
2887E,12866,500000,86.09,59,430589,84.03,44,3.17
2887F,13113,300000,89.52,33,268598,85.62,18,3.46
2887G,16990,75000,47.22,23,35425,34.69,8,11.32
2887H,20675,219668,70.25,59,154359,62.89,33,6.75
2887I,269479,3096421,73.61,580,2279815,66.69,240,8.65
2887Z1,18214,300000,89.81,27,269501,86.81,13,3.15
2889,219417,3633563,73.32,364,2664646,70.71,212,7.48
2890,448128,14782169,81.3,1568,12019989,78.11,817,4.53
2891,585051,19675933,81.76,1880,16091176,78.92,965,5.12
2891B,24815,333330,95.9,38,319712,93.54,25,2.36
2891C,24260,166660,93.86,23,156448,90.77,16,3.61
2892,442571,14379469,71.75,1689,10319657,67.86,753,5.72
2897,28300,2805358,85.92,358,2410873,81.74,167,2.46
2897B,4926,250000,83.34,60,208384,77.85,37,4.14
2901,13674,73043,79.14,20,57827,71.6,10,7.85
2902,11484,146889,47.7,41,70091,36.67,18,12.59
2903,58392,1416941,80.11,163,1135362,76.87,86,6.33
2904,16895,77834,54.26,9,42244,50.17,4,17.15
2905,27219,1110372,84.3,128,936296,80.98,67,3.63
2906,17757,209117,64.95,35,135858,59.14,14,11.73
2908,10903,509888,92.13,53,469818,89.93,35,2.4
2910,1376,175403,96.61,40,169504,92.95,31,0.46
2911,39741,105126,45.62,19,47978,41.0,10,24.93
2912,73923,1039622,84.15,141,875056,79.9,69,7.59
2913,113718,790000,57.39,149,453550,49.98,53,14.18
2915,58528,1104319,69.79,182,770924,64.57,88,8.45
2916,4655,64627,58.92,18,38089,51.06,11,13.47
2920,975,12436,35.77,1,4449,35.77,1,18.11
2923,5128,1740297,99.54,16,1732526,99.38,11,0.2
2924,461,52036,89.54,9,46602,84.08,5,1.03
2926,2140,47390,74.55,14,35334,65.11,7,5.9
2929,50524,109494,31.88,19,34933,24.94,6,18.66
2936,155,76056,99.51,6,75691,98.55,5,0.23
2937,930,43542,84.57,20,36829,71.58,12,2.28
2938,736,20140,80.37,7,16187,78.29,6,6.07
2939,7063,45549,76.14,27,34689,56.13,14,3.93
2940,236,25184,56.43,18,14218,12.89,2,1.1
2941,3080,15390,66.47,14,10233,20.62,2,4.59
2942,1645,60000,90.71,10,54436,88.06,7,2.92
2945,3102,67500,83.48,6,56353,83.48,6,7.38
2947,11648,23642,62.81,9,14853,54.68,6,4.94
2948,1091,31000,80.38,15,24924,69.02,9,5.31
2949,2814,30641,81.77,15,25060,63.88,8,4.17
3001,6679,76007,19.49,16,14837,10.75,5,19.43
3002,9155,102000,64.91,20,66220,59.21,11,14.4
3003,15844,155655,60.28,43,93870,54.97,30,18.35
3004,17934,64401,59.43,17,38293,47.79,5,13.62
3005,49830,624671,72.88,115,455378,68.16,68,10.78
3006,62990,298128,58.71,84,175116,48.57,36,20.05
3008,95189,130798,54.24,46,70965,36.62,9,13.24
3010,50015,259437,63.07,80,163660,51.55,33,12.7
3011,48888,129601,35.8,26,46426,28.57,9,18.26
3013,47786,205139,46.21,34,94818,39.99,12,31.43
3014,54079,165954,31.47,42,52247,19.66,10,32.44
3015,17240,187262,63.22,55,118434,54.32,28,16.33
3016,40414,290981,70.96,33,206530,66.91,16,17.23
3017,105154,394402,68.52,147,270314,54.6,56,7.89
3018,36687,75378,64.28,6,48462,62.19,3,18.08
3019,94321,279244,38.74,50,108243,32.23,19,35.96
3020,1634,122695,99.45,1,122032,99.45,1,0.48
3021,8333,94890,70.94,20,67341,65.21,13,13.5
3022,17626,176598,66.31,44,117128,58.82,22,14.42
3023,52199,240069,68.99,99,165693,56.4,49,8.01
3024,57672,277157,50.48,87,139998,37.32,34,14.61
3025,41426,56736,23.77,11,13501,12.38,2,32.23
3026,71635,165890,56.52,74,93802,38.92,29,22.54
3027,47675,129960,43.28,31,56273,33.91,10,23.86
3028,54635,237241,44.04,49,104526,38.69,28,25.49
3029,63677,167005,42.28,36,70643,35.65,18,29.62
3030,35478,236216,57.92,45,136876,52.5,23,18.15
3031,17287,173203,60.04,20,104022,56.77,11,19.88
3032,33215,113286,52.15,26,59107,44.5,11,17.34
3033,96347,523751,42.43,111,222273,35.56,53,23.21
3034,94060,608511,71.24,211,433608,59.56,99,10.43
3035,115279,260550,28.81,34,75115,23.43,13,43.52
3036,80445,1271240,84.22,237,1071075,78.81,128,5.94
3037,289502,1643426,77.48,397,1273738,69.57,194,9.31
3038,49857,157408,42.16,33,66400,33.29,12,24.23
3039,5430,66383,33.19,23,22045,17.62,7,10.36
3040,22904,66225,68.26,16,45212,63.8,10,12.79
3041,69987,140224,25.39,15,35644,20.71,5,38.86
3042,92642,342993,56.87,96,195098,48.33,50,24.23
3043,54748,38976,19.62,7,7653,14.4,3,36.12
3044,36485,525606,79.55,180,418274,69.45,95,6.56
3045,63113,3723431,92.27,374,3436710,89.76,228,2.94
3046,19907,78448,56.1,14,44025,46.68,3,19.32
3047,67725,224767,20.46,30,46011,15.49,9,35.73
3048,81393,269830,49.3,47,133089,43.12,19,27.02
3049,117447,802011,47.04,71,377374,43.28,23,22.07
3050,42242,154984,50.72,30,78637,42.91,11,18.3
3051,66864,167000,33.99,29,56789,25.8,6,26.15
3052,48984,233246,58.29,67,136002,48.33,28,9.0
3053,1490,7959,54.35,6,4327,27.94,2,15.42
3054,3478,80651,87.88,13,70893,85.16,10,3.58
3055,26579,114975,65.49,30,75323,58.14,16,14.44
3056,71903,480555,33.15,73,159380,26.83,23,19.16
3057,37360,67865,34.49,8,23416,32.89,6,31.0
3058,50082,201723,21.66,30,43747,15.17,9,25.86
3059,95646,307702,24.54,48,75571,19.38,22,38.16
3060,69938,137563,21.28,27,29306,14.43,13,31.6
3062,72747,330092,23.33,59,77074,15.64,18,35.3
3064,2947,13011,63.47,3,8260,60.15,2,10.15
3065,1473,183896,83.61,33,153781,78.85,19,2.47
3066,5097,83071,71.75,14,59613,67.7,9,10.93
3067,761,20000,71.34,4,14273,63.63,2,3.59
3069,1425,3000,35.56,1,1067,35.56,1,24.45
3070,172,7275,51.25,5,3730,18.25,1,4.13
3071,11160,110000,58.19,11,64036,56.15,7,20.49
3072,58,373,0,0,0,0,0,29.78
3073,4204,39511,56.23,19,22228,37.71,9,15.05
3075,431,7782,70.68,4,5500,70.68,4,9.56
3077,90,722,0,0,0,0,0,34.59
3078,59186,227391,38.15,53,86796,29.14,22,29.24
3079,4368,47640,32.04,12,15275,19.24,3,17.88
3081,75615,101769,47.48,36,48347,33.53,15,17.55
3082,66,455,0,0,0,0,0,24.02
3083,8885,86487,56.17,8,48592,53.1,4,20.28
3084,225,1873,0,0,0,0,0,18.99
3085,3007,69019,89.64,4,61880,87.92,2,2.87
3086,8022,272711,85.3,25,232699,83.06,16,4.68
3087,444,51311,97.94,1,50259,97.94,1,1.42
3088,16671,112987,49.36,29,55789,38.14,8,21.95
3090,69894,287567,62.56,54,179978,56.38,24,21.96
3091,95,179,0,0,0,0,0,50.23
3092,32182,106649,37.88,23,40424,30.23,10,22.84
3093,7883,145156,76.6,18,111223,71.5,6,10.31
3094,42912,83117,14.71,8,12244,11.48,4,44.63
3095,25362,10000,33.08,4,3309,14.01,1,26.23
3096,667,22830,50.1,7,11443,38.54,3,6.27
3097,633,75086,86.94,15,65294,81.35,9,1.52
3098,76,1395,0,0,0,0,0,15.12
3099,13808,225176,37.6,68,84730,23.19,16,10.53
3105,144642,423940,49.41,91,209552,43.4,48,31.61
3114,7958,65130,51.78,19,33739,41.12,9,20.23
3115,17866,72198,86.25,10,62280,85.38,9,2.37
3117,1371,22800,56.95,8,12986,47.4,5,10.62
3118,41837,32453,37.21,14,12080,15.06,3,17.59
3122,46099,40772,26.83,10,10946,15.85,4,33.68
3126,2745,48752,44.06,14,21486,31.84,3,5.67
3128,49020,47317,32.21,11,15250,23.81,5,28.82
3130,7365,33191,56.29,10,18688,49.26,6,22.82
3131,28296,30077,48.4,12,14563,32.13,5,14.65
3133,492,27262,63.27,14,17256,46.91,7,3.25
3135,18341,97413,48.74,18,47496,41.5,9,27.07
3137,80,1883,0,0,0,0,0,7.7
3138,31714,56392,28.82,14,16269,18.98,4,41.46
3141,31766,75461,23.08,24,17435,6.75,4,38.5
3142,5171,203338,51.26,71,104267,38.72,30,5.04
3147,7348,43687,55.89,13,24429,50.36,9,18.35
3149,67578,286234,27.44,60,78592,20.15,27,32.73
3150,5756,44377,55.8,13,24771,46.27,5,7.35
3151,656,4133,36.97,2,1528,26.17,1,17.95
3152,7999,39016,45.01,16,17574,28.23,7,20.48
3158,1753,30666,36.03,11,11057,23.39,5,9.28
3159,483,5840,28.6,2,1671,20.39,1,16.26
3161,179,32583,94.26,16,30722,82.62,10,0.96
3162,14492,154341,61.39,28,94784,55.25,13,14.63
3163,91877,80541,28.81,21,23219,18.92,7,44.53
3164,22804,86010,55.26,35,47544,40.03,15,17.5
3166,98,23374,96.38,2,22532,94.66,1,0.79
3167,24556,90422,56.89,37,51460,45.09,17,15.29
3168,2559,75100,75.36,20,56605,66.82,11,6.08
3169,27252,63307,37.0,13,23434,30.18,5,25.37
3171,2274,33118,76.93,5,25481,71.98,3,8.34
3176,45975,139307,35.98,33,50155,27.77,13,21.79
3177,205,4108,75.32,2,3094,60.86,1,14.54
3178,4294,45050,65.78,11,29641,61.31,7,15.73
3179,110,9847,30.35,4,2989,16.07,1,1.36
3184,3105,63074,58.08,19,36640,50.09,9,11.56
3186,2283,30000,77.49,2,23250,77.49,2,8.98
3188,7430,189088,75.62,43,143004,68.45,20,6.23
3189,126614,526916,73.44,106,387087,68.17,59,14.25
3190,59,14308,74.69,5,10689,71.03,4,0.41
3191,18315,43597,54.28,9,23669,47.53,4,12.12
3194,147,13915,80.36,8,11184,64.54,4,1.04
3202,37699,129345,24.59,20,31836,19.46,8,27.43
3205,31379,67546,66.31,8,44809,61.71,3,10.56
3206,23341,58917,54.29,21,31998,42.65,11,17.9
3207,21239,66422,38.08,21,25303,24.38,7,16.51
3208,107,3025,46.49,1,1406,46.49,1,7.97
3209,55809,235391,44.95,59,105877,37.9,32,20.68
3211,80106,154400,50.41,49,77869,38.3,20,29.79
3213,46481,58686,32.08,18,18835,18.83,5,28.29
3217,15848,90104,41.39,21,37308,28.78,4,27.04
3218,18090,84725,55.86,18,47344,49.11,9,22.73
3219,4034,71781,80.94,8,58110,76.72,4,7.56
3221,48787,105062,24.9,31,26188,9.12,5,41.91
3224,16553,78173,71.87,28,56202,63.47,17,8.42
3226,1258,64431,87.14,25,56157,70.6,8,1.91
3227,56063,151913,41.1,52,62474,28.34,17,29.8
3228,34690,71937,24.32,14,17501,19.59,8,34.85
3229,9362,64263,71.38,5,45879,69.03,3,9.76
3230,19693,86011,52.63,19,45280,45.24,10,16.64
3231,332659,3180052,69.33,509,2205575,65.34,300,15.46
3232,14694,46568,58.34,21,27173,43.85,9,9.84
3234,39161,111475,33.94,28,37868,23.27,9,26.62
3236,64773,105001,31.07,18,32641,26.61,10,40.78
3237,105,1499,0,0,0,0,0,18.39
3252,2657,50196,79.16,23,39746,68.17,14,6.83
3257,28938,79824,43.75,11,34943,37.11,3,27.57
3258,91972,273586,10.19,23,27934,7.58,10,43.13
3259,3861,72966,71.02,26,51838,62.68,16,7.48
3260,143506,334463,32.84,61,109892,28.08,34,38.09
3264,75077,490170,70.64,120,346397,63.99,66,12.95
3265,16140,136262,67.59,24,92119,59.66,6,16.63
3266,3736,352314,90.45,29,318760,89.13,21,1.85
3267,534,17066,29.55,3,5044,26.87,2,6.44
3268,42720,34721,34.47,10,11972,28.39,6,22.41
3272,9161,61177,50.33,11,30800,45.57,6,19.58
3276,47117,69713,58.49,12,40785,53.66,5,12.43
3279,113,966,0,0,0,0,0,17.27
3283,148,6658,49.63,5,3305,15.12,1,4.5
3284,22028,108628,70.05,20,76123,66.75,14,9.95
3285,9891,42735,65.13,19,27846,51.66,10,9.15
3287,4022,43970,58.65,11,25803,48.76,4,17.1
3288,11450,16380,48.2,5,7898,36.75,2,19.99
3289,59187,86746,27.05,26,23485,12.97,8,38.07
3290,25994,90215,54.55,30,49235,43.19,15,13.03
3293,101353,281802,56.4,80,158998,47.2,40,20.05
3294,16634,132016,51.81,23,68424,46.88,14,24.31
3296,7102,96724,76.73,32,74227,70.67,23,7.39
3297,9820,36049,50.45,13,18197,36.6,6,29.42
3301,996,124326,79.23,40,98519,70.3,24,2.14
3303,14262,94091,48.06,33,45233,36.54,16,16.97
3304,424,14069,33.55,7,4721,9.88,1,6.53
3305,60385,145063,43.99,26,63836,38.12,12,31.09
3306,29895,50608,48.53,8,24567,43.14,3,25.93
3308,10476,60000,61.62,8,36977,58.86,6,20.23
3310,1721,74948,82.26,32,61664,70.0,19,3.07
3311,39191,100000,58.4,21,58412,50.76,8,18.92
3312,69122,182627,44.97,20,82164,42.65,12,30.7
3313,34170,221134,76.0,20,168077,74.35,14,9.31
3317,62446,90000,31.62,19,28484,24.08,7,42.4
3318,925,52256,56.8,19,29689,41.84,6,3.13
3321,28407,86114,47.49,21,40914,37.64,7,14.58
3322,65088,137582,35.36,29,48675,29.01,13,18.93
3323,69576,99593,21.13,13,21064,15.7,5,44.7
3324,81325,93077,46.71,31,43498,28.07,6,31.44
3325,61321,110169,30.43,33,33550,14.77,6,22.65
3332,1714,48104,86.98,15,41847,77.96,9,2.96
3334,126,24680,91.54,5,22594,89.35,4,1.02
3338,62176,87908,29.91,15,26307,22.59,5,37.28
3339,31030,66568,27.11,15,18054,16.4,4,33.23
3342,762,40910,53.13,17,21746,33.08,5,4.33
3343,869,58780,44.66,10,26267,39.29,5,3.62
3345,101,36301,95.55,2,34688,93.93,1,0.42
3346,39353,121228,26.85,20,32578,20.5,8,29.28
3349,1686,46072,48.17,26,22200,20.74,7,5.99
3350,924,21585,14.05,6,3034,0,0,10.95
3354,6383,70112,72.4,7,50764,70.67,5,13.71
3356,33258,80542,36.83,18,29674,28.05,7,27.58
3357,21268,117932,57.48,44,67815,42.04,16,19.59
3360,47037,76402,22.98,12,17572,16.99,4,32.26
3361,389,49553,81.55,18,40421,68.18,8,1.21
3362,30978,147445,59.22,44,87341,48.96,20,21.7
3363,70622,113641,40.03,33,45515,28.96,12,28.77
3364,216,2701,0,0,0,0,0,18.15
3369,4638,28946,56.22,3,16275,54.42,2,16.18
3372,57598,235324,54.02,28,127158,50.79,15,18.57
3373,35597,47619,27.3,5,13008,24.87,3,32.85
3374,60812,271364,58.19,34,157958,54.14,16,24.42
3376,51534,195780,43.4,60,85030,32.09,23,27.18
3377,241,19653,64.25,12,12631,35.71,2,2.0
3379,30088,38042,27.4,5,10429,24.78,3,37.25
3380,42451,541718,65.89,39,357069,63.13,14,14.04
3383,11624,75000,48.45,18,36350,38.5,6,16.7
3388,15029,83718,38.98,18,32660,30.1,6,29.52
3390,56385,79330,30.42,18,24139,17.95,3,23.95
3391,928,68860,66.14,27,45555,52.58,11,2.73
3394,162,1179,0,0,0,0,0,26.51
3397,1814,9025,0,0,0,0,0,46.57
3402,38830,73048,29.87,10,21831,24.52,4,36.07
3404,50,653,0,0,0,0,0,21.09
3406,32709,112743,55.32,48,62392,36.57,16,15.12
3412,261,8071,84.95,1,6857,84.95,1,3.49
3413,26768,111353,49.08,30,54677,41.24,15,25.42
3414,252,1360,0,0,0,0,0,39.06
3416,8998,80817,59.21,19,47867,51.51,10,15.02
3419,30769,120480,32.09,26,38695,24.03,10,24.76
3430,33534,33716,33.47,6,11286,33.47,6,34.61
3431,12540,55459,51.33,8,28471,46.69,4,17.59
3432,3502,42230,66.5,13,28088,58.48,8,13.34
3434,9052,35755,47.79,15,17092,30.22,5,21.18
3437,46761,144548,25.84,23,37387,20.02,9,37.64
3438,28241,47166,45.12,2,21285,43.53,1,29.91
3441,30147,40040,29.76,13,11925,17.66,5,35.08
3443,49956,134012,66.12,44,88634,52.97,13,8.62
3444,4938,44997,49.18,17,22139,38.44,10,17.15
3447,5778,77449,58.92,13,45650,51.2,3,15.36
3450,70436,145681,48.17,55,70192,36.26,26,27.74
3455,43832,59851,33.53,26,20078,14.74,7,32.49
3465,4675,42330,67.91,13,28756,57.34,7,7.08
3466,28737,77892,45.59,25,35528,34.02,10,18.08
3467,2017,31107,61.95,11,19275,54.95,7,11.49
3469,191,22448,63.92,14,14353,42.15,6,1.47
3471,503,5000,45.04,3,2253,25.6,1,10.99
3472,1711,76274,57.36,24,43771,43.84,7,4.68
3473,267,23385,76.36,7,17862,68.21,4,1.73
3475,1777,1784,0,0,0,0,0,46.82
3479,37720,73037,40.33,18,29471,30.27,5,32.89
3481,1022325,7989197,36.41,1032,2909866,31.83,422,25.8
3482,527,6521,44.4,4,2896,16.87,1,16.25
3483,52787,99049,21.53,23,21342,12.1,9,41.33
3484,47154,78828,31.99,21,25230,23.23,10,24.09
3485,7290,38501,51.33,18,19774,33.54,7,18.24
3489,2807,90452,81.11,9,73379,79.83,7,4.98
3490,33662,55006,27.55,15,15163,19.87,7,31.4
3491,70948,68805,34.45,29,23716,15.54,7,28.27
3492,2812,35532,47.55,5,16897,44.69,3,16.98
3494,18052,94800,61.55,12,58371,56.73,4,11.5
3496,206,21606,79.75,9,17233,70.52,5,1.93
3497,112,4588,33.29,2,1528,23.86,1,5.4
3498,53688,61277,57.33,17,35149,49.79,10,18.19
3499,41285,54971,44.17,13,24287,41.85,10,23.65
3501,12329,118258,47.35,21,56014,42.49,12,21.34
3502,283,9202,34.17,5,3145,12.4,1,6.87
3504,12838,114060,65.54,19,74771,60.34,9,18.88
3505,160,5429,87.89,1,4772,87.89,1,8.41
3506,606,8573,19.83,3,1701,0,0,18.33
3507,278,31800,87.08,12,27699,75.26,7,1.5
3508,67739,108867,47.05,30,51252,37.14,13,26.27
3511,9547,79973,53.8,6,43038,51.13,3,22.64
3512,4851,113072,72.39,31,81878,64.33,16,8.64
3515,13663,123544,69.33,20,85678,61.78,6,13.66
3516,3190,59561,77.71,19,46300,69.39,11,5.66
3517,663,5031,13.89,1,699,0,0,24.01
3518,29745,102467,36.22,28,37135,26.28,12,16.84
3519,65088,433985,50.8,48,220521,46.42,18,18.33
3520,48066,68847,40.57,17,27949,28.63,4,17.73
3521,39806,185766,81.62,16,151657,78.79,8,3.72
3522,28260,104096,56.81,27,59157,50.3,15,10.53
3523,7825,64258,83.39,13,53593,78.36,7,4.95
3524,301,20627,66.46,14,13714,39.39,5,2.68
3526,20682,67464,45.11,22,30450,27.74,5,17.62
3527,25227,44445,26.5,10,11788,20.06,5,26.3
3528,5546,66639,68.25,11,45499,62.84,5,12.08
3529,24713,74686,48.96,35,36576,31.06,13,9.12
3530,15904,77476,57.67,13,44686,53.68,8,23.01
3531,1823,61175,80.35,34,49166,60.79,15,4.9
3532,25249,387848,89.32,27,346500,87.25,14,5.62
3533,35860,112535,59.58,49,67069,43.1,19,11.13
3535,43386,79052,27.73,9,21938,24.15,5,39.35
3536,6380,52089,67.89,5,35374,65.11,3,11.35
3537,45299,56243,29.4,10,16546,23.54,5,39.13
3540,59572,84459,24.75,8,20916,21.9,4,34.18
3541,17920,56349,35.81,20,20193,24.83,11,18.81
3543,24764,110263,47.96,41,52911,33.8,16,11.27
3544,578,2444,0,0,0,0,0,40.71
3545,82178,222456,24.73,38,55082,18.56,13,40.11
3546,34685,61349,34.26,18,21030,23.07,7,27.66
3548,40466,67744,32.62,16,22114,24.77,7,33.37
3549,239,1481,0,0,0,0,0,29.8
3550,51856,107550,42.06,27,45252,33.97,14,25.54
3551,13342,62275,50.21,24,31285,34.23,8,27.23
3552,55140,97918,37.67,20,36902,32.42,12,31.29
3554,135,15858,87.29,1,13843,87.29,1,1.7
3555,4460,39999,80.44,9,32180,77.74,7,7.7
3556,64733,63703,15.82,4,10084,13.67,2,44.59
3557,20187,84315,60.55,19,51067,53.32,9,12.1
3558,12085,59061,51.75,11,30574,47.07,6,30.55
3560,194,20405,74.02,9,15107,59.92,4,1.64
3563,37027,63961,49.53,21,31694,39.04,8,24.82
3564,6424,59123,59.98,2,35463,59.98,2,19.09
3566,10580,419621,73.96,150,310433,60.69,57,1.15
3567,33717,33954,18.59,7,6322,7.93,2,34.81
3568,187,10063,72.35,5,7282,46.7,2,3.92
3570,2926,17097,53.95,4,9228,45.21,2,22.52
3571,416,3285,0,0,0,0,0,27.33
3572,330,11817,44.74,4,5290,29.87,2,4.69
3576,215467,1627795,38.9,183,633557,34.6,67,23.32
3577,4705,63966,66.79,25,42740,50.17,10,9.39
3579,6152,9580,74.12,3,7102,65.74,2,15.49
3580,41584,39471,12.15,6,4802,7.21,2,37.39
3581,7183,51006,59.19,15,30199,48.55,7,19.6
3583,30351,83859,61.68,26,51736,52.29,14,20.84
3584,21942,139767,25.43,29,35574,18.4,13,25.72
3585,14860,111679,39.95,13,44636,34.96,4,24.75
3586,88,2458,51.29,2,1261,0,0,7.36
3587,28607,71685,32.83,16,23544,21.81,5,36.98
3588,49409,61993,28.17,13,17481,18.57,5,33.84
3591,48219,145387,53.41,36,77678,46.81,20,19.19
3592,36831,75855,37.5,21,28471,24.83,5,32.31
3593,24726,60825,64.17,18,39047,50.01,4,9.43
3594,20238,95948,55.17,29,52958,42.15,10,17.34
3595,21597,33913,30.67,7,10406,26.36,5,28.31
3596,23642,220354,71.35,72,157278,59.14,29,11.47
3597,2203,39236,64.46,11,25299,56.92,7,10.55
3601,687,34887,52.62,9,18366,40.76,3,3.43
3603,686,24844,71.11,10,17671,64.91,7,4.71
3605,39291,176267,68.56,51,120895,62.29,35,14.32
3606,98,16847,77.4,11,13043,43.23,2,0.73
3607,47014,121662,33.09,35,40287,21.64,14,19.17
3609,7487,38419,52.86,18,20317,31.74,4,9.26
3610,1500,54015,79.65,4,43027,76.71,1,5.1
3611,4777,47555,58.21,13,27691,46.79,4,13.21
3613,1140,63436,66.67,28,42304,50.87,13,3.89
3615,43312,68467,30.08,11,20604,23.13,3,41.97
3616,3450,94650,43.02,36,40737,26.06,10,6.41
3617,7211,94766,66.78,38,63298,52.65,16,9.39
3619,164,7626,27.79,3,2120,15.73,1,4.99
3622,24674,151328,59.29,21,89756,54.59,10,16.68
3623,8367,29186,52.05,3,15193,48.24,1,23.51
3624,41915,117341,54.51,17,63995,47.87,6,29.39
3625,46047,114247,47.25,30,54011,36.86,11,19.05
3627,14082,30991,56.06,9,17376,50.03,5,11.97
3628,7517,45000,59.15,5,26624,56.02,3,16.69
3629,1732,32955,86.89,5,28637,84.01,3,3.05
3630,27994,204192,54.16,15,110617,51.09,5,20.25
3631,1757,81821,80.83,17,66146,73.84,7,3.95
3632,35666,40890,17.2,5,7039,15.58,4,46.01
3633,1907,34024,60.69,13,20656,46.15,5,10.04
3634,218,49600,82.97,13,41166,72.48,6,0.7
3635,398,5050,0,0,0,0,0,15.07
3636,502,6000,87.18,1,5231,87.18,1,4.38
3637,824,29749,77.46,6,23047,71.3,3,4.12
3642,18061,45869,63.39,18,29086,49.5,10,7.54
3643,403,47937,97.95,1,46958,97.95,1,1.03
3644,2017,83300,77.52,32,64591,69.6,20,3.23
3645,61579,136754,44.63,45,61054,35.38,23,27.72
3646,36451,39297,48.97,21,19253,19.97,5,8.7
3647,2943,2802,0,0,0,0,0,50.03
3649,275,10819,36.51,6,3952,0,0,4.85
3651,69,69565,95.9,12,66730,89.61,4,0.15
3652,3508,75098,72.19,13,54227,67.86,7,8.59
3653,36638,146733,71.84,46,105458,61.66,22,5.01
3656,3282,58249,77.46,6,45128,75.19,3,7.08
3659,654,54124,86.11,14,46618,80.34,8,2.12
3661,85377,86305,35.84,38,30950,14.42,9,23.06
3662,22518,183478,53.41,26,98021,48.89,11,17.55
3663,24265,108494,64.45,10,69946,62.82,7,21.2
3664,5782,75945,68.54,7,52062,66.77,4,7.28
3665,46420,199578,63.23,89,126228,45.8,35,8.09
3666,28637,138950,83.34,16,115827,80.13,9,6.14
3669,8043,92920,58.67,9,54535,54.68,3,17.49
3671,53,14500,87.86,7,12743,72.48,3,0.41
3672,21040,40790,55.91,20,22816,40.16,9,9.27
3673,84153,406664,41.86,69,170306,35.8,32,26.79
3674,405,17814,71.06,7,12661,65.86,5,5.17
3675,14494,53058,57.64,5,30589,55.16,2,22.82
3678,1019,26422,52.47,13,13868,35.87,5,6.83
3679,5048,63022,65.87,25,41523,54.01,13,11.9
3680,29301,96230,54.06,40,52045,40.48,20,22.72
3681,341,118704,95.08,6,112879,94.39,5,0.55
3684,6205,30310,59.41,9,18013,52.87,6,13.8
3685,13306,79574,61.17,30,48692,44.68,8,7.84
3686,62549,76495,21.18,13,16211,16.77,7,34.39
3687,36371,30124,37.33,6,11249,32.52,4,36.71
3688,3476,99176,67.87,11,67330,65.63,7,6.38
3689,34135,89527,25.94,23,23249,12.85,5,36.22
3690,1356,60356,89.17,6,53832,83.95,1,2.84
3691,13269,91883,59.21,16,54420,53.86,9,19.25
3693,27373,42991,45.27,11,19466,36.45,5,30.84
3694,14567,154929,58.25,19,90267,52.89,6,18.44
3701,49328,236669,72.47,20,171573,70.73,13,14.91
3702,94163,1751374,83.66,344,1465528,78.76,208,5.85
3703,34749,823216,72.17,103,594271,68.37,50,8.17
3704,41425,415445,66.69,86,277131,59.72,40,13.51
3705,26521,266423,68.92,71,183677,61.4,42,10.05
3706,190232,1327212,56.91,143,755613,53.74,78,21.18
3707,91539,400776,45.13,40,180971,41.95,21,31.53
3708,46441,94683,49.84,22,47207,40.72,8,24.01
3709,8449,145569,72.21,19,105131,67.03,7,9.01
3710,45123,287251,32.22,78,92638,22.05,27,15.9
3711,370278,4483589,86.32,789,3870994,81.06,419,5.87
3712,29184,246242,58.47,23,144021,56.61,16,18.17
3713,4189,88099,56.34,31,49646,43.9,11,7.86
3714,159525,737940,42.91,127,316780,37.01,56,24.86
3715,97669,283575,29.2,59,82861,20.83,22,42.29
3716,53621,150579,53.66,35,80824,45.29,15,21.85
3717,49952,211625,36.93,52,78218,27.4,19,22.88
4102,37651,42373,46.39,12,19663,33.63,4,14.8
4104,44554,188367,45.37,24,85506,40.06,8,25.04
4105,52171,248650,48.76,69,121314,38.78,32,17.46
4106,16222,100912,50.99,17,51475,46.28,8,21.09
4107,13528,69298,61.72,24,42786,51.9,14,12.48
4108,54809,198619,29.01,26,57652,23.57,7,23.04
4109,43712,118737,43.95,27,52204,36.14,11,17.42
4111,46405,59832,42.85,24,25654,32.73,14,16.46
4113,20209,231138,73.93,73,170911,62.62,32,4.82
4114,74816,550430,44.35,116,244216,37.61,52,13.83
4115,945,60000,75.88,16,45539,69.66,10,2.98
4116,4421,44566,54.95,3,24492,54.95,3,17.8
4117,6228,70824,54.53,25,38632,37.83,7,14.15
4118,202,29993,90.11,1,27027,90.11,1,1.25
4119,26951,119509,47.18,14,56393,44.57,9,17.76
4120,7496,86747,71.48,21,62032,63.87,12,8.66
4121,51581,83111,49.68,19,41306,44.45,12,23.61
4123,46690,769546,58.36,165,449225,51.8,83,11.93
4125,218,1934,0,0,0,0,0,29.72
4126,22554,72600,62.81,24,45612,54.81,15,15.57
4127,26433,45760,75.44,16,34532,66.35,9,7.25
4128,101492,588171,43.57,65,256395,39.57,25,15.91
4129,34095,96438,59.12,34,57042,48.71,15,10.89
4131,3518,39879,76.13,5,30367,72.24,2,5.51
4132,42835,187941,46.63,49,87674,38.33,23,11.76
4133,54308,60554,23.53,11,14255,18.53,5,39.81
4135,511,26465,65.43,14,17322,44.13,5,3.75
4136,95,36147,99.3,4,35897,97.87,3,0.34
4137,7534,82492,52.32,15,43179,44.83,5,15.57
4138,21305,39930,51.42,4,20535,51.42,4,25.39
4139,1158,45010,69.08,23,31103,48.02,9,3.16
4140,473,3039,0,0,0,0,0,30.87
4142,84340,429508,40.37,88,173544,32.62,35,21.57
4147,47375,273202,52.7,65,144039,44.72,29,13.37
4148,2279,67236,79.52,11,53469,78.11,9,5.71
4150,30956,147218,42.76,52,62982,28.23,15,8.84
4151,642,50026,78.35,13,39203,71.12,7,2.65
4153,5203,58668,76.62,15,44964,72.06,11,8.45
4154,885,38390,76.54,15,29389,67.1,8,2.79
4155,35395,144684,45.66,40,66095,34.86,15,16.61
4156,895,56540,71.87,14,40643,67.51,10,4.15
4157,31875,711834,59.25,118,421847,52.34,36,8.9
4160,34570,26690,29.63,3,7910,25.36,1,33.09
4161,5160,59808,45.18,25,27033,26.9,8,11.2
4162,47133,145678,45.96,23,66988,40.05,9,21.2
4163,24928,50680,70.29,23,35632,59.88,14,8.16
4164,19015,195311,51.2,55,100035,40.48,22,16.68
4166,3830,243035,82.69,26,201026,79.18,13,3.02
4167,55877,310444,42.06,78,130599,33.57,34,16.1
4168,50160,112521,27.26,25,30704,20.02,10,22.45
4169,4388,66432,54.06,22,35929,46.07,13,10.12
4170,6456,43771,58.46,15,25594,45.2,7,9.46
4171,38168,58057,32.73,10,19015,27.67,6,25.41
4172,24455,119576,39.05,25,46719,30.06,8,10.98
4173,30509,74574,43.63,5,32550,40.0,1,21.46
4174,42891,131580,41.64,32,54832,34.45,17,23.68
4175,11472,42323,56.05,7,23724,54.98,6,22.83
4177,2160,62805,59.03,17,37091,48.19,6,7.92
4178,4334,215875,77.78,45,167951,72.42,26,3.78
4181,1737,2128,0,0,0,0,0,59.35
4183,1184,23800,62.54,13,14891,43.16,5,8.73
4184,644,39183,92.03,1,36064,92.03,1,1.69
4186,4699,90000,46.03,36,41435,27.15,10,10.09
4188,4688,63333,54.31,12,34401,47.92,4,11.98
4190,16631,61450,66.66,12,40971,62.95,9,15.69
4191,2532,100170,63.05,31,63165,48.78,9,5.6
4192,4634,35164,68.26,3,24007,66.6,2,13.55
4193,5426,67616,49.22,25,33296,33.69,6,3.85
4194,3298,145974,76.72,24,112001,73.12,14,5.19
4195,28540,80000,38.71,24,30977,29.94,13,16.15
4197,2261,30181,65.88,21,19888,40.26,7,5.32
4198,2658,24108,81.62,4,19679,77.56,3,6.19
4205,11042,97649,66.37,33,64842,58.94,21,14.58
4207,8537,198538,73.23,53,145436,63.66,22,5.26
4303,35655,94605,20.4,12,19319,13.73,2,34.85
4304,3541,61038,81.89,15,49995,74.64,7,3.94
4305,1692,55014,84.73,26,46626,74.81,19,4.31
4306,90156,676757,58.05,113,392956,52.34,45,10.05
4401,12687,122692,62.2,50,76338,46.87,23,8.85
4402,41502,67992,65.98,15,44870,60.9,9,7.86
4404,7872,112265,35.76,25,40167,26.93,7,14.68
4406,1542,51912,76.91,21,39937,60.66,7,3.48
4408,4013,67628,35.74,14,24185,30.37,8,12.66
4413,1659,31315,69.31,15,21709,52.61,6,4.44
4414,22795,263796,64.4,49,169929,56.86,17,9.15
4415,4360,43577,85.04,11,37066,76.68,5,6.77
4416,2473,73586,70.89,34,52178,58.59,19,6.05
4417,8370,83971,45.99,19,38648,38.33,8,16.68
4419,5199,169163,96.83,7,163840,95.07,3,0.68
4420,8071,40455,60.1,9,24321,54.11,4,22.92
4424,2553,59853,66.58,16,39856,62.31,11,5.5
4426,9584,172677,61.95,33,107028,54.17,12,10.3
4427,966,212542,87.52,55,186041,78.71,24,0.93
4430,8684,56274,64.1,21,36075,53.29,11,16.11
4431,2113,36536,69.56,5,25419,62.86,1,11.16
4432,4937,50589,55.37,12,28019,45.45,4,11.83
4433,10165,61300,57.09,11,35011,52.24,6,16.56
4438,4572,113425,65.82,39,74671,50.12,10,7.15
4439,1359,38166,78.36,14,29912,69.5,9,5.19
4440,3879,67598,56.77,45,38391,27.25,11,12.56
4441,2417,68176,70.57,25,48134,58.78,13,4.86
4442,973,32856,74.36,18,24441,47.14,5,4.5
4502,3852,57470,69.54,14,39978,56.32,3,5.87
4503,7694,78313,62.81,10,49202,59.81,6,15.25
4506,11152,177012,80.66,29,142819,74.16,11,8.13
4510,60788,108978,36.56,18,39866,30.75,7,35.52
4513,44412,143762,57.24,15,82316,53.36,5,15.82
4523,35881,64949,59.91,18,38928,52.0,9,13.28
4526,60759,254826,49.19,59,125398,42.39,33,24.72
4527,4442,76152,67.36,26,51306,61.8,18,10.03
4528,13486,84166,62.31,12,52461,58.69,7,19.08
4529,8821,84549,58.8,14,49728,54.0,6,12.06
4530,7300,35795,72.85,6,26086,64.46,1,5.94
4532,20146,494895,69.82,91,345650,64.41,52,8.27
4533,68569,178434,36.79,23,65684,32.29,10,31.85
4534,19941,86789,40.95,23,35562,29.58,7,21.04
4535,7135,75662,77.44,21,58617,69.69,12,4.67
4536,7176,90820,57.1,43,51870,38.34,15,12.02
4537,2249,78840,82.02,16,64679,77.0,10,4.47
4538,1662,59470,80.54,15,47908,71.71,7,3.79
4540,41367,115187,31.29,20,36061,26.54,12,41.08
4541,43444,67647,41.94,24,28389,28.36,9,26.71
4542,6360,35768,49.07,20,17559,20.73,5,20.21
4543,22235,59772,47.01,14,28108,42.0,9,23.64
4544,1570,60290,67.5,20,40700,49.87,2,1.87
4545,22038,77000,72.72,8,56013,69.27,4,9.41
4546,965,33775,70.58,12,23846,64.49,9,4.51
4547,302,23349,84.76,7,19792,72.34,2,2.65
4549,7367,57002,62.53,14,35648,58.74,10,16.67
4550,3181,37839,55.91,11,21163,49.11,7,14.8
4551,5918,115222,79.47,33,91586,71.13,17,6.23
4552,28590,116000,50.4,22,58496,42.49,6,11.98
4553,459,33020,87.0,14,28732,77.11,8,2.28
4554,2373,26327,52.18,7,13739,50.62,6,14.51
4555,4100,69988,69.94,13,48964,65.67,8,10.06
4556,3354,42303,75.09,11,31771,70.73,9,9.9
4557,27712,47972,43.73,23,20989,24.79,8,12.03
4558,1588,50000,73.7,33,36858,52.2,14,6.24
4559,679,60000,87.86,17,52728,79.9,10,2.11
4560,2468,68097,86.11,12,58656,83.73,9,3.43
4561,9020,58522,58.35,12,34158,52.18,7,24.51
4562,12012,87546,52.16,12,45671,49.89,9,28.32
4563,16480,54950,54.26,11,29826,49.6,7,21.21
4564,48958,232788,40.2,51,93632,32.93,24,21.45
4565,1443,61740,79.87,24,49322,66.0,12,2.42
4566,25175,110099,56.14,27,61818,50.66,16,23.18
4568,1604,32045,68.39,8,21918,61.96,4,7.31
4569,1977,30600,66.16,11,20253,52.36,5,7.53
4570,206,44000,95.03,16,41820,87.68,12,0.59
4571,6692,53017,66.28,21,35153,55.65,11,16.06
4572,3481,40019,64.18,11,25684,61.89,9,9.3
4573,9973,45697,40.75,15,18629,28.76,6,21.02
4575,752,38668,69.06,17,26713,53.84,8,3.18
4576,24993,119802,66.32,32,79464,58.58,18,18.32
4577,7110,49138,61.23,10,30093,55.74,5,22.41
4578,691,20300,97.0,3,19693,92.28,2,1.48
4580,5087,46803,49.45,18,23154,35.74,10,18.43
4581,1678,33899,62.76,15,21279,46.16,8,8.72
4582,2639,75480,54.95,25,41500,43.93,11,7.25
4583,7258,80171,85.95,9,68923,82.12,4,4.79
4584,1072,30002,80.08,13,24029,69.25,9,4.39
4585,18718,105777,75.85,3,80246,75.3,2,16.34
4587,956,33000,88.23,5,29117,88.23,5,3.15
4588,5231,42985,50.29,15,21627,37.42,8,21.25
4589,625,26039,70.33,12,18319,45.23,1,3.89
4590,10093,54838,49.69,20,27254,35.19,9,15.71
4609,1736,47947,76.21,24,36551,64.57,15,3.84
4702,14152,72333,51.08,9,36956,46.49,2,22.88
4703,9145,65750,26.16,7,17213,22.61,3,26.93
4706,2128,79030,82.48,15,65202,77.08,8,2.45
4707,28122,403715,71.99,59,290739,67.65,31,8.36
4711,7517,61056,60.0,10,36643,53.42,4,15.63
4712,3612,18423,45.99,2,8473,43.69,1,17.19
4714,53595,221838,29.32,38,65096,21.7,10,22.43
4716,43887,94427,35.03,24,33095,27.13,12,23.31
4717,999,155,0,0,0,0,0,99.99
4720,13635,114516,38.29,25,43865,33.29,14,24.73
4721,57519,74986,33.08,14,24825,28.03,7,38.98
4722,14683,104223,58.66,41,61148,46.32,20,12.0
4724,3050,95976,59.48,28,57107,46.38,8,7.43
4726,12770,207042,58.0,41,120105,50.29,14,12.41
4727,349,7278,18.79,3,1368,0,0,8.58
4728,16747,54463,84.47,36,46021,65.91,19,2.27
4729,7374,79227,49.9,11,39556,44.55,5,18.64
4730,1063,27868,69.84,13,19466,57.91,7,4.79
4732,1568,49654,66.79,30,33169,46.78,13,6.35
4734,371,10237,14.95,2,1532,0,0,6.16
4735,37679,41569,53.37,15,22189,42.94,8,19.57
4736,13413,95374,51.03,17,48692,44.68,8,21.68
4737,10962,77403,62.34,26,48264,49.14,9,5.93
4738,3460,77596,58.61,7,45487,54.05,1,10.93
4739,56565,124701,38.6,26,48156,28.95,7,28.4
4741,12894,34812,48.08,10,16744,40.07,5,15.71
4743,80621,480533,45.91,74,220743,41.3,34,17.22
4744,33322,56948,51.57,25,29377,35.31,11,12.01
4745,3169,69706,63.66,25,44387,55.31,15,7.5
4746,43379,120256,43.96,42,52896,32.74,19,20.73
4747,2106,45461,66.4,23,30196,50.56,11,6.24
4749,61364,94733,33.53,24,31782,25.66,11,32.81
4752,1064,84224,89.77,6,75611,87.17,2,3.03
4754,23013,30283,36.69,6,11112,28.46,3,24.35
4755,8597,100706,68.74,15,69237,64.95,9,11.97
4758,396,29217,92.13,6,26925,84.79,2,1.23
4760,11255,32146,38.01,8,12222,34.99,6,24.83
4762,139,20720,99.67,8,20653,97.29,7,0.25
4763,53845,989147,60.84,111,601999,56.93,47,10.75
4764,8627,85542,75.56,27,64651,67.48,15,10.87
4765,918,32133,55.29,16,17770,39.21,6,6.04
4766,10916,120571,69.89,28,84294,62.96,14,9.16
4767,914,31415,62.73,11,19710,46.84,5,4.83
4768,15824,47488,34.34,16,16318,19.49,4,29.34
4770,9480,79976,63.92,24,51131,59.68,18,13.88
4771,3975,58787,59.8,23,35163,45.3,9,9.05
4772,33133,147682,49.09,26,72527,41.83,9,24.31
4773,228,72709,94.99,14,69091,92.29,11,0.25
4801,784,47201,98.7,2,46594,97.82,1,0.23
4802,296,18854,87.92,2,16579,85.36,1,2.38
4803,5713,59069,57.43,8,33936,55.13,6,14.8
4804,30103,71992,62.0,11,44648,54.88,3,10.09
4806,15743,99947,89.06,10,89020,85.88,4,2.09
4807,14413,48996,68.19,16,33420,63.32,12,8.95
4903,46475,105344,42.55,13,44843,36.69,2,31.33
4904,86860,3607705,93.44,380,3371599,90.72,230,2.6
4905,2016,29260,81.63,18,23890,63.72,10,5.79
4906,91533,451846,28.85,92,130440,21.29,38,30.07
4907,2811,118146,85.44,9,100969,83.76,6,3.32
4908,34317,78217,53.13,21,41570,40.95,9,27.75
4909,63579,93357,27.08,15,25295,23.47,8,41.33
4911,3543,68817,58.16,20,40039,48.05,9,7.91
4912,25767,66993,51.39,24,34436,36.97,7,14.18
4913,475,9667,25.75,3,2490,0,0,11.98
4914,226,10000,77.04,5,7705,61.66,2,4.01
4915,33385,471881,59.96,123,283056,51.69,64,15.55
4916,76532,124083,25.06,18,31116,20.05,8,46.31
4919,72455,452398,62.48,46,282764,58.78,20,23.49
4920,107,41779,93.69,6,39149,86.74,1,0.35
4922,4558,44957,25.44,12,11446,11.8,2,17.24
4923,30636,37416,37.92,15,14194,23.32,6,20.36
4924,1453,37164,70.87,19,26346,50.84,8,6.07
4925,5229,70746,49.54,32,35058,31.33,10,12.53
4927,60389,264938,24.87,65,65926,15.83,23,27.21
4929,384,234,0,0,0,0,0,38.45
4930,33681,80000,63.64,13,50926,58.71,7,17.97
4931,58123,65566,40.24,24,26396,24.71,8,36.95
4932,310,2017,0,0,0,0,0,39.94
4933,5697,82676,63.8,12,52761,59.7,6,12.57
4934,70569,225000,34.74,23,78203,29.7,6,23.8
4935,7916,128864,62.83,26,80988,57.72,15,13.42
4938,146800,2682044,79.49,395,2132507,75.26,218,9.41
4939,64202,98201,35.25,22,34636,27.16,8,36.27
4942,6674,142368,62.37,40,88836,54.71,22,10.59
4943,22003,126694,64.02,26,81122,53.4,6,14.27
4946,8318,8853,42.58,1,3770,42.58,1,36.05
4949,10858,67891,52.95,28,35958,41.18,13,20.85
4950,6664,57729,72.95,5,42130,68.13,1,6.03
4951,11163,34149,20.16,8,6888,4.48,1,33.12
4952,14834,108816,52.43,9,57067,48.74,3,25.28
4953,34370,73147,47.16,18,34510,37.88,7,23.46
4956,42293,100408,38.35,19,38523,33.53,10,33.64
4958,221496,1117307,70.74,218,790604,64.98,117,16.61
4960,89958,571705,62.41,88,356931,57.12,43,15.37
4961,41168,121254,46.16,33,56004,35.91,13,27.91
4963,445,75455,83.64,9,63121,82.03,7,1.43
4966,31494,78958,33.11,26,26159,18.97,8,29.79
4967,67639,98566,19.75,18,19492,12.59,7,50.23
4968,56765,92210,16.4,14,15135,9.96,4,46.59
4969,11532,190978,55.64,56,106296,44.91,23,6.88
4971,36468,47186,46.27,24,21840,21.97,3,27.22
4972,15467,56889,49.85,21,28370,36.69,10,24.28
4973,50544,65293,22.7,12,14835,15.4,4,43.76
4974,43011,72500,41.01,5,29743,39.73,3,29.56
4975,1024,326577,96.31,11,314557,95.92,8,0.73
4976,44671,141351,30.19,17,42699,25.07,6,34.84
4977,47772,82690,21.19,16,17534,9.71,2,48.26
4978,67,5000,82.32,1,4116,82.32,1,2.2
4979,86525,142830,41.89,47,59871,25.41,11,34.74
4980,2382,45204,58.12,14,26282,50.4,7,11.0
4989,51154,172776,18.34,24,31714,12.27,7,46.53
4990,3281,102713,53.4,32,54862,43.96,17,7.93
4991,58044,121355,50.88,32,61771,40.38,13,26.61
4992,1034,210050,82.08,38,172445,76.89,22,1.01
4994,2159,66383,86.18,30,57224,78.99,22,3.17
4995,5075,42592,67.3,22,28674,52.01,11,8.05
4996,784,99070,77.8,37,77094,65.91,19,0.92
4997,271,14665,42.96,8,6303,17.41,2,3.49
4999,46542,74417,41.24,25,30701,27.29,10,25.98
5006,14020,96946,10.26,8,9949,7.84,3,21.31
5007,4901,294940,87.69,44,258717,84.3,27,1.95
5009,80991,602471,49.76,104,299915,44.58,50,17.88
5011,33748,100674,49.24,32,49589,39.43,15,14.95
5013,9011,133416,87.36,45,116580,80.95,32,2.34
5014,52419,183265,37.67,51,69075,26.83,20,19.89
5015,26611,60639,52.01,19,31549,42.19,9,19.91
5016,2662,49622,65.97,15,32746,59.95,10,9.9
5017,6861,319,0,0,0,0,0,82.11
5201,13563,38675,57.96,19,22425,38.87,8,10.17
5202,43867,89094,53.62,13,47779,48.7,7,17.44
5203,31856,79343,44.41,18,35253,34.82,6,18.54
5204,1374,6275,18.86,1,1184,18.86,1,20.63
5205,1732,13500,74.44,2,10051,71.26,1,7.9
5206,3635,171518,85.47,32,146608,80.77,17,2.98
5207,2909,15834,38.6,8,6114,14.82,2,12.01
5209,4175,29074,54.9,4,15965,52.89,3,18.46
5210,39189,82178,47.46,19,39022,39.84,8,12.48
5211,7592,32025,47.96,12,15361,40.88,7,23.6
5212,10003,34633,79.61,16,27574,66.95,9,6.25
5213,21243,721334,86.3,82,622678,84.18,56,4.51
5215,5374,64338,53.29,22,34295,42.71,11,15.95
5216,401,17847,82.4,11,14710,57.64,4,2.85
5220,7654,39667,44.62,20,17706,19.61,5,16.67
5221,347,5573,11.3,1,630,0,0,15.82
5222,33115,91125,31.91,24,29092,22.22,10,27.06
5223,2745,44550,62.33,12,27779,54.29,7,13.22
5225,8467,79136,46.12,13,36510,39.3,4,20.55
5226,400,23300,52.74,11,12293,31.51,3,4.34
5227,58992,96000,29.09,25,27950,18.01,7,27.7
5228,3615,38056,55.34,13,21067,44.94,6,16.53
5229,129,58238,96.46,13,56185,89.33,6,0.41
5230,29688,56304,25.86,18,14570,10.27,4,30.72
5233,2998,277249,85.35,23,236705,82.42,10,2.36
5234,11403,102716,65.81,21,67611,58.51,8,10.04
5236,6791,60004,62.47,6,37491,60.89,4,15.51
5238,691,67296,83.48,15,56187,78.62,9,2.2
5239,601,24700,30.08,8,7434,16.98,3,5.26
5240,523,26582,53.83,16,14312,30.32,5,2.79
5242,1115,124895,72.3,45,90323,58.6,18,1.89
5243,30393,168529,58.12,31,97988,50.49,12,20.62
5244,9648,68242,47.07,31,32142,28.91,11,18.56
5245,3867,45127,57.84,18,26109,40.69,7,16.35
5246,8598,44974,34.73,11,15626,26.94,4,27.42
5247,510,75000,75.94,12,56961,68.74,5,1.45
5248,1890,24500,58.92,5,14440,56.84,4,15.0
5250,209,39107,97.08,1,37967,97.08,1,1.0
5251,35382,33733,33.44,4,11287,29.21,2,39.39
5253,224,40943,81.05,20,33194,58.2,5,0.96
5254,685,22607,75.68,8,17112,70.33,6,5.03
5256,1874,71602,69.01,24,49433,61.23,15,4.55
5257,809,132750,79.64,27,105735,73.71,13,1.25
5258,25381,110365,51.58,39,56946,37.43,14,15.91
5259,2363,43563,82.07,8,35760,74.45,3,5.69
5262,8043,52699,55.98,25,29511,31.97,5,6.31
5263,27180,78937,55.36,34,43717,41.91,15,12.46
5265,123,1207,0,0,0,0,0,22.11
5267,1290,25300,62.14,13,15723,46.59,5,8.32
5269,34505,74157,59.99,13,44495,54.56,6,22.59
5271,8295,63472,28.83,12,18312,20.52,4,23.88
5272,45797,55276,23.16,14,12808,10.26,3,36.51
5274,47400,37803,32.98,12,12472,22.39,4,12.8
5275,144,10264,30.86,6,3169,0,0,2.11
5276,945,39500,88.3,6,34887,85.29,4,4.19
5278,4255,300000,82.73,69,248252,77.77,45,2.59
5282,278,25006,85.81,10,21463,59.25,1,0.6
5283,27593,87601,60.87,22,53334,53.86,13,19.88
5284,9205,52893,57.0,14,30158,48.78,7,18.15
5285,12269,102041,62.75,34,64051,53.13,20,19.02
5286,910,14745,79.97,6,11795,69.95,4,4.81
5287,9784,60311,58.81,22,35478,46.66,10,21.11
5288,2910,69699,68.61,14,47835,59.82,4,6.97
5289,72348,96418,33.06,29,31890,21.69,10,30.54
5291,5477,41891,43.33,21,18159,18.68,4,21.91
5292,7690,46319,54.97,20,25474,39.78,8,15.88
5294,60,82,0,0,0,0,0,86.86
5295,157,29140,85.65,15,24968,70.39,8,0.75
5296,469,21595,35.92,7,7760,27.24,4,5.13
5297,8799,37652,18.96,9,7143,10.39,3,36.12
5299,17149,51134,51.06,10,26119,44.77,5,27.35
5301,3948,65890,80.72,11,53196,73.93,4,4.88
5302,12989,159888,51.05,22,81661,45.18,6,17.28
5304,32307,326962,88.1,23,288108,86.33,13,6.18
5306,12047,126001,69.68,23,87803,64.41,11,12.11
5307,35129,423095,41.17,93,174274,32.18,31,16.03
5309,71120,231682,34.63,36,80292,28.28,12,34.15
5310,7121,28944,56.94,15,16488,36.66,5,6.29
5312,5902,60060,55.73,17,33481,50.64,13,13.63
5314,53947,292000,39.84,40,116393,35.35,19,28.84
5315,51117,106352,30.79,27,32775,21.17,11,22.39
5321,7780,59543,59.69,21,35559,47.34,8,10.72
5324,21080,226379,80.56,49,182421,73.8,24,4.77
5325,20391,55468,33.47,8,18575,27.53,3,38.1
5328,78563,172711,39.49,18,68243,35.45,6,41.14
5336,2956,2217,0,0,0,0,0,68.85
5340,27160,194894,60.1,31,117156,52.61,7,21.53
5344,6729,79447,75.59,7,60065,73.54,4,10.68
5345,6349,37795,78.88,2,29814,78.88,2,7.2
5346,263474,1366161,37.7,304,515389,28.12,89,20.13
5347,123619,1879568,83.5,247,1569660,79.83,138,8.76
5348,1829,14776,53.12,5,7851,40.79,2,9.41
5351,106657,328814,46.22,64,152039,39.2,28,25.62
5353,6422,75765,55.38,30,41975,37.82,10,13.32
5355,32484,166123,70.47,44,117089,63.4,26,7.11
5356,53251,103040,44.5,24,45874,39.57,16,22.35
5364,7320,63850,70.28,14,44882,61.31,3,5.77
5371,105487,390981,43.55,58,170341,38.61,27,32.9
5372,5388,48614,23.66,13,11509,12.5,4,24.39
5376,3804,33700,33.73,8,11371,28.32,4,17.23
5381,27425,207691,55.73,31,115802,48.37,9,18.26
5385,8311,11156,23.82,2,2659,18.19,1,43.93
5386,30117,54121,35.75,7,19356,32.37,4,35.84
5387,141628,45000,91.32,2,41102,90.18,1,7.18
5388,36710,304343,48.65,105,148146,36.71,47,21.65
5392,66680,176562,36.22,19,63972,32.21,8,32.9
5395,2242,1759,0,0,0,0,0,41.07
5398,41588,49465,57.87,19,28639,44.19,9,7.8
5403,9517,78176,47.14,34,36875,31.24,13,19.1
5410,56924,93434,34.18,19,31959,27.06,9,28.46
5414,5075,68584,59.72,20,40969,48.11,7,10.25
5425,107414,263485,34.82,46,91801,29.2,23,41.31
5426,35756,143800,55.33,21,79604,52.77,16,21.68
5432,5546,20688,54.1,4,11196,51.4,3,28.35
5434,32388,194008,54.31,73,105418,38.5,26,14.47
5438,37901,112537,75.45,11,84929,74.21,8,9.98
5439,34801,92977,39.92,32,37128,26.42,13,30.19
5442,4828,64815,20.65,12,13391,14.61,5,16.16
5443,66019,164747,40.56,24,66868,34.75,7,35.65
5450,11704,122403,80.98,10,99138,79.37,7,5.52
5452,69388,148764,41.79,20,62191,37.76,9,29.74
5455,3429,65502,93.99,25,61570,89.0,20,1.55
5457,17275,196429,51.86,30,101905,47.43,16,17.4
5460,31561,58778,56.8,30,33398,37.2,12,15.53
5464,4429,71071,72.1,26,51253,59.18,12,7.75
5465,7821,147683,72.24,17,106705,68.79,8,11.1
5467,1835,85552,86.4,11,73931,82.8,6,2.84
5468,5901,58923,66.3,13,39073,60.43,8,13.25
5469,36939,486166,72.37,80,351960,66.88,39,12.15
5471,68425,167877,27.32,36,45908,19.17,14,38.73
5473,2484,3037,0,0,0,0,0,78.14
5474,7943,39757,56.66,8,22534,48.5,4,26.58
5475,58108,127127,28.91,20,36777,23.55,8,42.06
5478,41190,156074,79.34,29,123874,73.09,16,9.59
5481,42243,71403,64.8,22,46286,55.01,11,8.01
5483,149694,641222,59.6,159,382382,52.71,87,22.19
5484,33871,66801,37.88,11,25318,34.03,7,37.45
5487,7134,24223,71.32,15,17279,47.83,7,7.29
5488,41345,91586,45.95,31,42092,34.06,13,17.22
5489,3182,102706,85.34,14,87661,82.62,8,4.15
5490,69524,96152,36.57,26,35187,29.05,13,23.11
5492,1373,71414,98.66,1,70463,98.66,1,1.03
5493,5591,43689,44.79,18,19577,24.91,4,19.5
5497,4831,65286,26.21,14,17126,15.59,4,16.88
5498,69542,193549,35.6,28,68941,29.39,9,37.68
5501,6089,21200,28.1,4,5959,24.3,3,20.12
5505,5921,138832,65.63,47,91144,50.92,15,7.0
5506,7577,152545,66.77,34,101884,58.45,12,6.12
5508,18469,217428,68.99,20,150043,65.89,8,14.44
5511,6056,136000,68.26,43,92848,58.64,21,7.32
5512,78361,766312,61.75,159,473345,54.61,71,9.02
5514,10373,236118,92.45,51,218331,87.55,32,1.19
5515,11445,201600,71.25,58,143668,63.33,31,7.58
5516,1784,51545,70.92,15,36567,60.51,7,4.57
5519,18323,230157,57.71,45,132861,51.16,20,14.67
5520,1221,59975,83.75,23,50242,73.58,12,2.24
5521,63196,492280,59.18,100,291415,52.61,46,10.02
5522,17871,781596,88.69,59,693381,86.11,29,4.22
5523,2572,155001,92.4,31,143259,89.14,23,1.37
5524,3909,58667,30.78,22,18074,11.6,4,16.07
5525,4812,318105,88.42,69,281337,84.17,49,2.06
5529,11419,105769,73.25,19,77508,67.78,10,4.6
5530,11952,420084,82.88,50,348285,79.41,26,4.51
5531,14814,977589,85.96,84,840579,83.32,41,3.14
5532,820,17804,31.03,8,5527,5.88,1,4.85
5533,5592,285245,80.83,79,230577,71.2,34,3.42
5534,22657,315326,69.43,85,219022,59.92,42,11.58
5536,30934,124081,56.74,61,70427,35.98,19,12.55
5538,1333,201203,93.97,22,189115,92.41,17,0.97
5541,86,26427,82.05,10,21689,76.05,7,0.26
5543,1059,46704,72.2,28,33730,48.11,10,2.68
5546,1341,82353,84.57,18,69658,77.76,9,2.53
5547,1363,45288,65.82,13,29820,54.69,6,5.05
5548,2374,58529,65.38,18,38274,58.66,12,6.16
5601,865,64800,79.75,44,51692,47.23,11,1.14
5603,29950,104877,54.68,22,57365,49.81,13,18.51
5604,10958,108783,67.17,46,73078,52.81,21,6.96
5607,17098,370553,76.61,60,283995,70.38,23,6.09
5608,91146,389276,29.68,55,115635,23.81,17,30.77
5609,37906,142884,52.54,46,75107,46.21,31,23.1
5701,51747,143000,54.13,20,77428,49.21,8,16.56
5702,1936,5282,0,0,0,0,0,45.98
5703,1947,70240,88.29,25,62024,83.83,19,3.41
5704,3454,58862,83.91,23,49397,79.45,19,7.0
5706,28331,83768,38.51,13,32278,34.33,6,31.39
5810,48636,916440,72.89,99,668199,69.0,39,7.7
5859,3584,1450278,96.83,47,1404589,96.15,31,0.51
5863,27053,320202,81.42,44,260774,77.06,23,5.16
5864,15244,504490,68.04,114,343366,60.79,55,5.23
5871,112722,1711421,70.41,358,1205331,64.61,200,10.37
5871A,8149,150000,68.72,46,103095,59.73,25,5.06
5876,51810,4910219,88.21,822,4332115,82.61,371,1.27
5878,1792,25024,72.36,13,18111,54.25,6,11.62
5880,409374,15680937,74.59,1771,11699983,70.69,727,4.68
5901,5002,22907,77.87,2,17837,77.87,2,8.64
5902,2588,94500,85.46,16,80770,81.55,10,3.57
5903,17435,223220,91.42,26,204109,88.19,16,5.42
5904,94975,1064438,81.13,191,863733,76.91,115,9.98
5905,45790,281623,46.82,43,131911,40.69,16,16.27
5906,968,35741,86.27,9,30838,82.48,7,1.82
5907,5505,195531,69.43,29,135794,64.57,13,6.62
6005,116122,2170908,70.05,281,1521139,66.31,150,8.74
6015,73098,403665,49.91,95,201583,41.59,40,12.05
6016,77395,686596,50.77,131,348667,44.13,55,10.93
6020,1897,252353,96.89,10,244543,96.24,8,0.81
6021,4182,312231,90.44,47,282452,86.48,27,1.59
6023,15365,367973,85.11,21,313267,83.06,8,4.64
6024,16985,249938,69.35,30,173388,64.63,10,10.76
6026,44098,396162,49.97,92,198045,40.62,34,10.76
6027,827,155720,95.66,10,148987,93.75,6,0.45
6028,1605,25000,64.62,12,16158,50.64,5,8.24
6035,2286,71458,93.9,20,67109,83.86,9,2.18
6101,3447,116602,88.09,40,102731,77.82,24,4.11
6103,3142,13605,91.26,5,12416,83.83,3,4.33
6104,56288,91129,19.18,17,17490,12.28,6,43.22
6107,5293,87438,40.95,17,35825,34.69,8,13.79
6108,54950,154494,55.89,41,86368,48.57,23,13.59
6109,34268,87825,49.23,32,43260,36.38,16,12.1
6110,2631,29369,18.42,7,5412,7.18,2,14.24
6111,45722,108514,45.33,24,49200,40.73,16,24.17
6112,33459,188357,58.98,14,111143,56.38,6,20.3
6113,8277,52549,53.27,8,28000,52.17,7,20.85
6114,5410,43912,72.79,8,31970,65.48,3,9.06
6115,14194,187662,61.28,31,115045,56.44,17,16.56
6116,373974,2858655,42.09,192,1204031,39.58,73,26.15
6117,14117,92587,55.01,15,50950,50.27,8,24.7
6118,8981,90890,56.65,16,51513,51.7,9,19.21
6120,59810,599000,60.04,80,359725,55.28,32,12.57
6121,18985,184971,67.05,82,124073,49.97,31,10.66
6122,35607,78092,31.15,19,24343,22.1,9,27.88
6123,10363,62089,43.27,20,26879,33.39,9,20.78
6124,8973,182480,93.72,18,171066,92.31,14,4.35
6125,91741,259011,35.59,32,92201,30.88,14,35.53
6126,70720,130219,36.56,22,47635,32.16,13,31.88
6127,74112,108080,22.46,17,24303,17.67,9,48.42
6128,7517,127589,59.97,27,76546,54.54,16,11.38
6129,71296,180944,17.04,16,30856,14.03,6,36.87
6130,29426,46300,62.26,16,28831,45.72,6,7.61
6131,5935,34793,41.19,9,14337,29.63,3,17.01
6132,4750,63797,35.48,25,22649,15.67,5,15.88
6133,22434,117006,47.52,20,55625,42.95,12,24.05
6134,17827,81882,54.36,17,44531,47.2,7,18.91
6135,7556,76189,38.45,12,29298,34.27,6,13.33
6136,45175,115536,47.21,35,54572,35.26,13,19.27
6137,11237,101358,38.79,29,39333,26.67,9,15.26
6138,30628,75636,46.1,22,34881,33.95,8,22.88
6139,49670,235576,64.52,74,152028,51.64,27,15.17
6140,9753,54898,46.32,17,25438,34.47,7,26.48
6141,16009,113354,54.39,41,61682,44.48,24,15.55
6142,48895,330779,58.94,54,195030,51.41,14,10.47
6143,55779,86059,26.5,17,22819,17.65,4,42.96
6144,1472,38274,89.54,3,34272,89.54,3,5.27
6146,20707,101867,54.47,28,55504,42.79,10,14.41
6147,158579,744578,63.83,138,475400,58.84,79,22.46
6148,27840,46604,35.2,7,16409,33.68,6,33.97
6149,3071,31880,39.03,7,12445,35.09,5,15.81
6150,40062,48346,16.57,7,8024,12.01,3,44.65
6151,19114,55257,36.63,19,20247,22.5,7,22.74
6152,41078,167738,24.62,31,41308,15.91,9,25.96
6153,80524,636178,46.73,98,297407,41.14,37,17.65
6154,10708,80080,63.33,21,50729,54.44,10,16.24
6155,16205,88024,52.74,20,46442,48.84,14,28.73
6156,38221,107875,39.96,23,43116,33.6,11,22.45
6158,36373,55698,43.06,16,23997,33.91,9,21.35
6160,45129,68489,38.78,16,26569,29.99,7,25.34
6161,23078,56237,40.38,6,22720,35.28,1,24.81
6162,3800,79762,52.0,24,41487,43.9,13,10.11
6163,46720,148839,43.91,33,65384,36.26,15,24.62
6164,46450,80000,23.75,18,19026,13.63,5,31.46
6165,41388,77753,50.46,28,39249,36.51,12,13.2
6166,14723,218086,76.21,59,166232,67.43,30,8.38
6167,28948,146000,42.66,31,62311,35.79,16,18.54
6168,34912,205762,45.95,21,94570,43.71,13,27.28
6169,40824,23395,30.99,4,7252,26.44,2,29.88
6170,33368,97260,57.69,20,56129,53.91,14,17.62
6171,2364,100000,87.64,23,87645,79.38,11,2.96
6172,1899,30000,91.42,9,27428,85.37,7,5.51
6173,58154,171200,64.26,32,110060,56.54,12,24.39
6174,9786,50000,63.31,14,31662,56.73,8,19.77
6175,22806,150122,61.66,25,92595,55.96,10,25.11
6176O,71550,465027,46.16,129,214733,36.42,58,24.8
6177,20700,471891,75.48,122,356211,67.24,64,6.57
6179,49524,177325,40.99,47,72711,31.35,20,17.78
6180,57458,175494,50.76,33,89117,46.03,20,27.88
6181,3941,45627,12.13,6,5542,7.16,2,16.57
6182,231632,637318,29.17,87,186070,25.67,51,43.27
6183,37191,150000,77.45,32,116189,71.06,17,5.63
6184,7653,162128,72.14,29,117000,67.84,18,8.71
6185,46539,149868,51.55,45,77279,39.31,16,14.16
6186,58675,194908,51.99,33,101370,47.2,17,14.61
6187,52083,98263,55.1,50,54163,32.39,15,16.09
6188,68677,278359,42.49,39,118368,36.67,13,30.93
6189,63818,263919,35.04,69,92531,24.57,30,27.42
6190,60385,195838,35.77,43,70078,27.53,17,36.61
6191,81709,499303,57.73,55,288336,52.68,17,22.53
6192,8185,96156,56.64,38,54480,45.47,20,12.56
6193,8873,177808,61.37,38,109152,56.67,25,9.87
6194,4872,48000,56.59,19,27171,39.46,7,14.69
6195,11187,50193,53.24,7,26729,52.4,6,25.18
6196,32485,220330,71.64,45,157864,66.09,25,12.11
6197,50320,125907,45.14,26,56858,37.57,10,30.36
6198,6532,171400,94.45,8,161920,92.94,4,1.46
6199,1895,61760,82.71,22,51090,78.15,17,4.08
6201,5964,89200,69.11,21,61661,61.43,11,11.88
6202,57147,230388,41.69,44,96105,34.63,18,28.56
6203,10083,82401,59.22,16,48809,52.21,6,22.51
6204,22570,23102,29.71,3,6867,25.64,2,44.07
6205,12525,82236,46.12,24,37943,42.14,18,26.4
6206,16109,143062,55.33,43,79181,47.32,24,17.9
6207,67440,93314,20.35,18,19008,11.24,5,56.41
6208,12458,94462,64.6,42,61052,51.8,23,17.55
6209,58833,182106,39.62,47,72195,30.7,24,33.29
6210,3073,35048,54.11,16,18970,36.44,7,16.87
6212,972,102000,91.81,27,93662,86.12,18,1.0
6213,60289,363617,68.77,75,250126,62.24,40,14.94
6214,50337,272243,62.81,72,171057,53.78,35,16.77
6215,56384,82790,32.35,14,26808,26.4,6,42.35
6216,32432,97417,38.82,25,37828,29.95,10,24.55
6217,84420,117210,26.66,27,31275,17.75,12,47.39
6218,28376,64262,48.8,19,31374,37.27,7,26.09
6219,5817,124967,70.23,22,87790,67.34,15,7.21
6220,34555,146463,64.0,54,93764,53.57,28,9.95
6221,31997,168612,74.51,20,125662,72.41,14,7.04
6222,1838,95689,90.08,11,86217,84.51,3,2.13
6223,62988,97981,50.45,34,49454,39.23,14,10.81
6224,42890,85645,37.87,24,32439,24.5,8,25.06
6225,5480,27800,71.28,7,19820,62.15,2,7.32
6226,52888,115535,19.72,17,22808,14.88,7,39.24
6227,7517,76112,72.07,7,54864,67.6,1,13.68
6228,1869,26000,80.44,5,20917,75.5,3,8.11
6229,30506,40361,36.19,6,14612,32.8,4,24.88
6230,7497,86343,87.81,3,75819,87.81,3,7.15
6231,25523,45652,32.9,11,15029,25.43,5,33.39
6232,36879,451258,18.72,60,84596,13.4,18,18.31
6233,62060,81022,28.4,17,23024,19.75,6,35.33
6234,30971,100386,53.79,18,54019,50.21,13,23.08
6235,61501,199906,40.27,23,80541,35.33,7,28.96
6236,912,41654,92.73,4,38632,87.98,1,1.66
6237,72395,79645,18.58,11,14803,12.7,4,43.59
6239,184094,759147,62.41,168,473894,56.36,93,21.63
6240,1038,22867,82.8,9,18941,70.93,5,4.55
6241O,23159,58700,55.44,8,32556,49.86,3,12.33
6242,3135,31806,63.7,7,20267,55.47,3,13.59
6243,59642,45269,21.63,7,9797,17.67,3,47.74
6244,94526,387042,33.1,67,128201,27.81,31,29.7
6245,19608,146608,45.8,27,67180,40.25,13,21.37
6246,32783,37851,62.99,7,23847,53.99,1,13.17
6248,32393,99956,48.98,24,48975,43.69,15,16.89
6249,207,2867,14.82,1,425,0,0,16.21
6250,1161,18249,70.88,2,12937,67.95,1,6.96
6253,452,5879,0,0,0,0,0,15.2
6254,518,30882,49.51,13,15294,36.43,6,3.4
6256,456,1833,0,0,0,0,0,52.39
6257,116646,483912,48.44,141,234511,39.46,69,24.79
6259,9858,28056,42.82,3,12017,41.09,2,25.65
6261,54934,128498,40.63,33,52232,29.63,11,30.76
6262,1344,20451,28.67,5,5866,16.81,1,16.1
6263,11345,62501,44.02,8,27519,40.96,4,26.77
6264,4158,136355,71.72,28,97818,67.37,18,5.53
6265,35972,118172,51.44,23,60814,45.4,11,22.22
6266,45784,153872,38.78,37,59684,30.96,18,19.43
6269,80059,323831,32.35,69,104835,25.47,31,31.41
6270,33978,72146,42.17,18,30436,36.56,10,29.32
6271,66597,209058,48.98,64,102425,38.99,31,30.08
6272,4885,81764,51.26,33,41930,36.12,14,12.51
6274,101818,299460,66.33,99,198696,54.26,45,15.64
6275,36773,80345,29.52,16,23732,23.41,7,35.43
6276,29801,22043,50.92,3,11226,48.84,2,27.03
6277,9964,119471,57.33,42,68502,44.79,18,16.23
6278,44361,292398,60.95,85,178253,51.31,45,21.61
6279,19621,119016,49.63,40,59086,39.93,22,22.46
6280,172,65492,99.95,1,65460,99.95,1,0.04
6281,10333,99173,56.28,37,55835,43.58,16,19.08
6282,164161,856101,41.29,110,353573,37.6,57,30.92
6283,15294,148981,62.89,21,93727,57.62,7,13.82
6284,53784,148980,49.2,18,73331,44.55,6,28.97
6285,91718,483664,63.22,105,305859,57.41,59,20.43
6287,4210,121451,94.0,7,114178,93.08,5,2.42
6289,10246,524,0,0,0,0,0,54.73
6290,61529,169652,36.28,51,61582,25.09,22,38.14
6291,9982,42000,62.85,5,26398,62.85,5,15.57
6292,7087,46601,46.82,8,21826,39.72,3,27.49
6294,12188,26047,37.27,4,9710,33.46,2,31.24
6295,350,1889,22.32,1,422,0,0,21.06
6299,123,25576,98.35,1,25154,98.35,1,0.71
6402,2015,58222,64.01,24,37276,48.9,10,4.07
6403,2577,15332,41.54,1,6369,41.54,1,13.4
6404,9032,24358,67.09,5,16343,63.48,4,9.82
6405,6548,65800,53.24,25,35049,37.68,8,18.3
6406,1073,35647,58.18,5,20744,53.35,2,8.78
6407,5929,75130,37.28,18,28018,30.1,9,18.53
6409,17013,88254,66.21,38,58460,52.52,18,10.06
6411,56301,99514,34.86,32,34706,21.85,11,29.23
6412,23766,400769,78.5,49,314685,74.73,24,9.85
6414,19664,157148,64.29,56,101051,50.98,20,11.9
6415,26270,389992,79.51,158,310190,65.47,67,5.05
6416,22352,73348,48.29,17,35432,37.0,4,18.49
6417,1534,42274,67.79,20,28670,54.41,11,4.82
6418,2378,34522,57.44,10,19836,52.67,7,12.58
6419,27147,13159,40.51,4,5333,32.17,2,25.24
6423,3365,31016,40.04,12,12423,22.56,4,16.58
6425,9094,51382,42.67,14,21937,34.2,7,30.17
6426,18471,38509,43.57,8,16785,37.73,4,24.0
6428,1119,17682,91.64,3,16205,89.36,2,3.42
6429,269,9258,38.12,5,3530,11.88,1,6.83
6431,17681,97399,70.54,20,68711,65.53,11,4.1
6432,36441,40018,32.36,12,12958,16.68,3,37.26
6434,9040,463602,85.17,21,394944,83.96,12,4.81
6435,10453,37461,52.73,5,19758,48.31,2,25.68
6437,403,32300,65.0,19,21003,40.87,7,3.09
6438,46321,82206,32.62,20,26833,21.77,8,35.14
6441,34934,53318,45.19,6,24100,41.86,2,23.62
6442,69187,81818,56.17,35,45967,36.56,10,21.81
6443,158810,512797,17.43,45,89509,14.77,20,46.9
6446,55135,422445,57.71,158,243849,43.93,65,9.36
6449,31024,91886,74.56,27,68525,64.91,12,12.4
6451,31727,117487,68.33,20,80307,62.58,7,20.0
6452,11642,100131,39.19,24,39268,30.47,9,23.78
6453,621,3516,0,0,0,0,0,38.12
6455,564,37095,68.47,16,25404,51.47,8,2.5
6456,35640,337940,50.08,47,169269,46.49,27,21.82
6458,2714,26789,65.25,6,17483,63.74,5,6.17
6461,23890,178352,63.63,32,113504,54.73,7,8.43
6462,46919,91251,30.81,19,28134,21.54,5,37.42
6464,2134,128782,85.49,43,110119,77.1,26,1.82
6465,3252,59074,66.92,13,39545,58.26,5,8.35
6467,4221,52409,35.89,17,18822,21.85,4,15.17
6468,162,12074,98.62,1,11909,98.62,1,0.94
6469,29036,150107,47.19,29,70862,40.55,13,25.02
6470,27240,37694,41.15,2,15513,40.01,1,32.41
6471,359,851,0,0,0,0,0,61.54
6472,31078,128022,57.63,37,73794,46.1,12,22.63
6473,9780,60000,78.01,27,46815,64.18,15,2.84
6474,1584,52526,67.28,29,35353,44.6,10,4.51
6475,929,34784,73.13,12,25443,56.66,1,4.68
6477,30505,124053,42.65,24,52929,37.6,13,29.71
6479,876,57300,86.79,9,49743,79.32,3,2.03
6481,107,27204,96.01,6,26122,91.6,4,0.8
6482,2029,28634,67.6,8,19358,65.78,7,11.11
6483,16999,66808,43.71,34,29213,18.76,7,5.73
6485,41089,47366,25.45,10,12061,19.1,5,33.73
6486,30307,50893,43.09,5,21933,40.45,3,28.4
6488,92669,478114,79.32,107,379339,71.41,48,8.4
6489,278,28470,62.98,18,17933,36.92,7,1.79
6490,425,38754,70.62,10,27375,64.16,6,2.75
6491,9844,78000,64.03,23,49961,52.62,9,12.22
6492,48108,114904,39.44,24,45343,34.78,16,20.68
6493,1059,30050,80.37,9,24152,80.37,9,6.27
6494,38351,31560,16.59,8,5241,5.22,1,35.3
6495,12153,172031,52.59,39,90506,43.12,13,7.57
6496,10198,47290,65.96,9,31199,62.53,7,19.6
6497,1557,189955,97.19,5,184632,96.46,2,1.68
6498,6630,47476,69.56,19,33037,55.62,8,10.81
6499,7785,96945,42.11,14,40848,36.27,4,14.83
6502,134,8719,90.96,1,7931,90.96,1,0.83
6503,77,12012,80.41,3,9660,80.41,3,1.52
6504,5132,72600,70.64,23,51299,64.45,15,12.24
6505,95845,9525960,95.68,180,9116294,95.21,102,1.69
6506,4328,82361,60.95,39,50206,45.37,17,8.62
6508,15159,86539,61.91,16,53582,59.73,13,21.91
6509,56190,197434,36.88,49,72844,27.68,22,27.72
6510,17709,32929,54.21,9,17855,49.74,6,11.35
6511,642,60000,72.03,24,43229,57.36,9,2.89
6512,6670,25260,36.04,10,9112,17.69,3,20.12
6515,44858,36450,51.16,17,18656,36.08,8,11.0
6516,3712,56337,53.52,15,30160,43.18,5,11.21
6517,22339,30579,21.73,5,6650,17.96,3,42.3
6518,523,33333,84.46,12,28159,74.1,7,2.36
6523,6136,45048,63.08,8,28418,61.69,7,20.37
6525,13589,129047,67.86,26,87596,58.88,7,13.93
6526,20603,167506,78.65,16,131775,76.23,9,9.09
6527,2155,25459,43.95,7,11192,33.2,2,9.47
6529,399,12699,71.81,7,9121,41.45,1,5.3
6530,35076,33750,15.44,5,5215,8.93,2,45.11
6531,46689,163180,64.42,61,105158,53.2,30,12.1
6532,30030,37445,33.24,14,12453,18.46,4,32.51
6533,34274,50651,20.76,7,10521,16.14,3,45.38
6534,1931,102800,83.76,32,86127,76.78,20,2.97
6535,10762,167841,64.56,38,108395,55.77,14,9.38
6536,1195,26324,74.23,9,19545,58.26,2,4.18
6538,37521,38739,47.29,20,18329,17.63,4,20.45
6539,1009,24349,85.23,10,20757,75.51,6,3.92
6540,131,220435,99.05,3,218375,98.57,1,0.11
6541,12010,265200,71.64,44,190026,66.24,19,7.02
6542,886,42001,84.71,14,35590,77.61,10,2.62
6543,12309,55855,66.74,27,37292,49.68,11,2.1
6545,1238,22080,44.15,7,9751,37.79,5,13.39
6546,12604,66848,39.97,13,26741,29.91,1,26.52
6547,50315,333908,35.69,65,119199,28.14,23,18.22
6548,29358,950465,87.6,92,832772,85.28,57,5.5
6549,25481,80122,31.25,28,25055,16.14,6,11.23
6550,25283,894793,77.14,77,690398,73.9,30,6.13
6551,1188,71785,83.69,11,60095,79.32,6,3.11
6552,7700,83000,58.37,7,48457,55.76,3,18.53
6555,4586,119230,69.51,17,82904,64.58,7,8.76
6556,1422,28750,77.46,12,22276,63.64,6,7.74
6558,47063,93789,41.28,10,38740,38.61,6,31.39
6559,1914,23189,52.92,11,12276,31.62,3,17.01
6560,3353,32475,40.51,7,13161,32.29,3,18.45
6561,7165,77958,73.03,12,56952,70.2,8,8.75
6562,11455,118190,52.76,10,62365,50.33,6,15.65
6563,1122,29743,31.48,11,9367,10.33,1,7.37
6564,3688,72134,64.88,11,46822,59.56,6,10.9
6565,1204,27144,41.45,10,11256,28.73,5,8.81
6566,663,32152,84.51,6,27176,79.36,3,3.43
6567,630,102850,88.54,30,91083,80.22,15,1.26
6568,24734,30800,41.96,8,12927,29.94,1,22.88
6569,4226,42821,68.0,9,29125,60.79,3,12.78
6570,8006,37119,45.99,16,17076,29.74,5,22.31
6572,4296,103650,69.15,16,71702,64.93,9,9.71
6573,5993,80499,64.61,16,52023,59.24,8,16.36
6574,2881,21990,79.57,8,17500,75.44,6,8.89
6575,6886,135270,54.4,18,73629,51.06,10,8.89
6576,30303,157579,67.44,37,106302,60.36,20,6.55
6577,3778,60060,74.0,7,44453,68.34,2,10.52
6578,18767,71942,63.86,20,45961,55.84,10,9.71
6579,7680,169451,84.59,16,143377,82.48,10,6.42
6580,3880,112120,57.84,42,64882,44.59,20,8.04
6581,2308,111271,90.06,18,100231,86.88,11,2.85
6582,9211,106174,74.26,12,78861,71.21,8,11.5
6583,316,15947,82.44,9,13150,53.46,2,2.81
6584,13426,71382,74.54,26,53218,62.71,11,12.09
6585,4354,72473,77.42,11,56124,72.44,5,9.39
6586,29366,214010,62.45,36,133668,56.11,13,8.21
6588,38597,34701,24.33,6,8448,18.13,3,34.12
6589,22862,307076,58.38,60,179352,50.8,23,13.92
6590,2238,24964,57.04,13,14245,29.32,3,13.17
6591,44567,41122,25.62,8,10543,20.08,4,31.47
6592,25255,641845,79.83,61,512520,76.02,25,6.78
6592A,3617,50000,85.41,15,42707,75.84,6,6.67
6592B,5143,50000,81.28,17,40648,67.19,8,6.96
6593,34574,31857,46.12,14,14698,29.83,6,29.31
6595,8959,49858,80.57,25,40180,57.3,6,1.37
6596,17270,38000,26.83,6,10202,22.73,3,41.01
6597,952,30042,80.98,7,24334,72.45,3,4.78
6598,37018,102819,52.37,38,53867,37.26,12,11.24
6599,292,21000,76.44,4,16057,71.03,2,1.9
6601,361,44695,86.87,5,38836,84.46,3,1.53
6602,404,1236,0,0,0,0,0,64.82
6603,24176,167443,54.89,61,91934,41.15,24,13.17
6604,879,43731,85.75,9,37502,79.75,4,3.55
6605,15863,165816,66.78,40,110767,58.73,20,12.16
6606,9555,110304,70.43,40,77704,61.37,25,6.49
6607,68,9346,81.0,5,7571,76.22,4,1.21
6608,313,60000,96.78,8,58073,93.72,6,0.98
6609,9576,72456,57.85,7,41921,55.74,4,20.93
6610,3197,205579,82.43,11,169519,80.35,5,3.52
6611,459,1467,91.68,1,1345,91.68,1,8.3
6612,2765,47515,64.7,20,30751,44.58,6,9.03
6613,10122,77801,60.03,8,46710,55.52,1,16.94
6614,3995,80661,74.23,6,59889,73.65,5,9.58
6615,5198,21593,51.51,12,11128,35.88,5,22.56
6616,1563,35478,61.97,10,21996,53.99,6,7.77
6617,6920,127506,67.74,27,86402,59.79,11,9.21
6618,37058,104816,31.5,30,33038,22.17,12,13.56
6620,20114,169982,59.21,44,100681,48.32,13,9.28
6621,32162,35501,36.81,10,13078,23.52,3,17.39
6622,928,35301,65.26,14,23045,53.3,8,4.4
6624,841,22579,74.12,8,16740,59.54,3,4.7
6625,10482,57972,49.59,15,28755,44.07,10,22.06
6626,424,8936,77.35,4,6913,59.56,1,5.62
6627,267,28352,77.55,16,21990,65.81,10,1.55
6629,947,38380,84.01,10,32248,79.95,7,2.97
6633,1367,11129,95.66,1,10646,95.66,1,3.98
6634,2217,71289,66.25,25,47239,51.27,9,6.16
6637,3339,26810,59.22,9,15881,53.8,7,19.9
6638,1141,30000,70.4,7,21126,56.74,1,6.84
6639,909,57645,71.98,18,41502,60.31,8,3.39
6640,13892,28912,65.67,3,18991,63.77,2,17.76
6641,2002,36500,60.24,16,21993,49.83,9,9.61
6642,3284,37400,57.41,11,21479,46.24,5,13.58
6643,22755,42090,35.31,5,14864,33.83,4,36.86
6645,6621,60864,43.66,24,26590,26.17,7,10.95
6648,9230,50000,64.84,21,32432,49.42,9,6.61
6649,18435,42000,52.32,18,21989,32.85,5,7.52
6650,487,31090,80.17,17,24927,61.87,8,2.3
6651,3574,34602,50.81,17,17587,32.55,5,13.63
6652,1689,137000,79.07,38,108355,69.5,16,2.81
6653,282,6000,95.45,1,5727,95.45,1,1.16
6654,3435,40963,79.19,12,32446,71.17,6,3.9
6655,972,80572,86.15,24,69439,76.46,12,1.2
6656,66,12228,90.33,4,11047,82.4,3,0.71
6657,15545,88808,34.82,25,30933,22.09,7,15.74
6658,10945,36370,41.67,11,15164,31.32,5,21.23
6659,1023,85883,81.89,24,70357,72.17,10,2.23
6661,1294,23304,65.98,6,15377,61.79,4,9.32
6662,4688,25612,47.64,10,12204,40.15,7,7.97
6664,16577,61151,55.09,24,33700,36.54,11,23.42
6665,1832,45350,65.83,8,29856,59.37,4,8.37
6666,2208,47388,78.82,9,37357,77.96,8,7.18
6667,13111,49279,49.48,9,24389,43.57,5,28.95
6668,13917,107116,53.61,12,57433,51.53,8,20.66
6669,85308,187453,65.83,54,123436,54.13,17,7.32
6670,6244,139387,79.02,66,110167,65.61,36,5.12
6671,1386,60750,75.15,36,45667,58.19,18,4.41
6672,54887,82245,31.51,25,25932,19.82,10,42.26
6673,3128,26660,30.57,4,8156,25.42,2,28.23
6674,1772,68551,84.27,9,57774,81.38,6,5.3
6676,4382,169685,61.7,43,104711,55.29,25,5.97
6677,1865,56039,64.0,13,35871,57.04,6,7.15
6679,6387,54975,55.28,17,30400,45.88,9,13.69
6680,920,23954,72.73,10,17427,64.57,7,4.52
6682,10999,152106,54.35,24,82699,49.08,12,14.3
6683,30022,27557,21.88,6,6031,11.24,1,29.23
6684,23911,44559,36.46,6,16250,31.51,2,34.39
6688,197,19000,73.88,12,14039,49.8,5,1.74
6689,9932,68000,48.14,24,32749,35.59,11,25.19
6690,5237,30000,59.88,3,17965,59.88,3,21.08
6691,16160,121487,68.44,44,83174,54.22,18,10.43
6692,2128,58844,71.65,16,42175,61.81,6,5.42
6693,6217,45720,42.05,12,19235,33.66,5,17.29
6695,20999,107000,49.73,17,53233,45.42,10,21.56
6696,14899,82920,38.02,27,31549,26.07,10,18.15
6697,2185,27323,66.79,6,18252,61.11,3,13.85
6698,35778,66390,38.27,14,25425,31.08,6,25.34
6699,762,48819,85.49,16,41744,75.24,9,1.78
6701,758,365682,97.98,3,358306,97.98,3,0.34
6702,11482,758660,79.7,98,604791,75.43,45,2.87
6703,23317,36257,51.23,13,18583,38.72,6,20.59
6704,3569,95949,39.59,32,38014,26.76,9,8.53
6705,671,18005,73.58,10,13250,54.99,4,5.29
6706,47895,78549,28.38,23,22303,15.4,6,36.93
6707,1450,59003,80.07,15,47251,71.73,7,4.84
6708,2295,29009,52.06,12,15108,42.81,7,12.74
6709,1956,69380,64.22,22,44568,53.07,8,6.01
6712,29062,101764,40.9,24,41644,31.97,9,19.94
6713,885,29477,60.25,15,17768,37.76,4,7.02
6715,4147,68274,79.77,23,54475,67.94,10,5.08
6716,3034,30242,38.32,13,11592,22.92,4,13.21
6717,427,24937,75.04,13,18714,56.28,6,3.44
6719,27101,105521,48.55,13,51247,43.05,4,27.24
6720,1361,30226,58.27,20,17618,25.5,5,6.03
6721,1631,24500,50.55,9,12388,37.77,3,9.5
6722,2560,88400,76.79,16,67896,74.1,12,5.56
6723,1234,30039,58.68,12,17634,42.18,4,7.34
6724,1841,7100,62.32,2,4425,62.32,2,16.12
6725,6464,37130,64.52,10,23965,58.66,7,18.35
6727,41214,26884,24.56,10,6607,6.4,1,30.26
6728,2928,30120,63.32,9,19077,59.01,7,13.52
6729,1527,27661,47.89,11,13252,31.18,4,9.68
6730,1005,36298,74.28,20,26966,60.59,12,4.31
6731,186,54554,99.44,1,54249,99.44,1,0.44
6732,9601,48913,49.45,4,24190,46.31,1,27.01
6733,7380,134316,48.68,26,65410,40.25,7,11.8
6734,2135,40623,59.42,15,24144,46.05,5,9.6
6735,5284,46182,49.48,17,22857,35.59,6,17.66
6736,850,2596,93.39,1,2424,93.39,1,3.5
6737,1382,60050,80.78,23,48511,74.71,19,4.66
6738,545,36714,66.16,23,24295,47.44,12,2.37
6739,11321,23392,57.42,9,13434,48.11,5,20.32
6741,6892,120578,69.91,39,84328,58.47,17,9.59
6742,41181,71268,35.66,21,25426,25.94,9,27.06
6743,9352,150000,63.07,28,94639,57.08,14,11.99
6744,422,15400,65.84,7,10141,52.96,3,4.48
6748,7041,71683,35.01,20,25116,26.58,10,15.21
6750,1838,44707,59.02,22,26392,40.28,8,7.79
6751,2432,22200,64.49,4,14321,56.93,1,16.4
6752,3710,37144,47.73,19,17734,21.07,4,11.61
6753,16082,117300,61.49,27,72145,53.6,13,17.3
6754,2208,66000,83.1,9,54851,81.35,7,5.18
6755,1245,39823,53.73,16,21402,40.99,7,5.97
6756,8414,69990,62.27,8,43591,58.01,2,17.31
6757,135710,459530,75.8,35,348403,73.1,13,12.55
6758,244,13471,81.83,3,11025,74.89,1,2.74
6761,12868,34956,39.16,9,13694,26.98,2,29.04
6762,916,36930,77.6,18,28664,61.86,9,3.11
6763,18283,184039,61.3,20,112851,57.3,9,18.79
6764,255,38203,98.27,2,37543,98.27,2,0.6
6767,1471,39184,59.24,10,23221,51.86,4,7.45
6768,7106,200095,81.18,34,162477,76.95,20,6.22
6770,691058,4715360,45.83,531,2162260,41.51,193,25.18
6771,1814,31180,40.84,16,12739,18.13,4,11.07
6775,4248,109500,62.47,24,68427,57.01,15,7.44
6776,7590,91581,66.67,14,61079,61.35,6,15.55
6780,237,16470,83.2,12,13708,53.15,4,1.46
6781,28203,85419,70.39,8,60137,67.77,4,15.84
6782,6982,63000,48.35,22,30474,31.17,6,11.48
6784,906,19077,51.1,9,9751,30.25,3,8.83
6785,4444,66800,61.72,20,41244,54.64,12,9.33
6786,17366,30838,9.03,5,2789,0,0,27.94
6787,19766,81007,24.27,23,19682,9.71,4,20.51
6788,27922,38740,24.41,10,9469,14.22,3,40.05
6789,53674,318299,72.72,24,231538,69.05,6,14.17
6790,11106,267129,78.87,26,210756,75.31,10,7.86
6791,1989,20847,74.24,9,15483,56.02,3,11.64
6792,4014,47875,53.89,7,25808,48.08,3,15.48
6793,23733,75600,38.76,27,29321,22.4,7,11.57
6794,1143,63637,78.91,22,50231,66.14,10,3.05
6796,3035,40234,48.44,14,19494,33.96,4,12.28
6797,26734,30732,48.59,12,14939,29.99,4,18.73
6798,5917,19572,70.92,9,13885,55.68,4,1.99
6799,30073,43652,31.97,9,13962,21.07,2,31.8
6803,14733,72794,56.27,5,40970,54.28,2,24.66
6804,2223,47500,62.82,22,29847,47.18,11,7.67
6805,23348,68554,61.45,23,42137,48.79,10,10.97
6806,30977,274643,59.93,15,164626,58.14,5,17.69
6807,977,54000,82.59,16,44609,73.55,8,2.58
6808,2210,77840,54.0,19,42049,42.85,5,5.91
6810,25145,49448,35.35,14,17485,21.39,3,10.27
6811,5317,41449,65.45,3,27135,61.99,1,13.88
6812,7243,30603,41.01,11,12555,26.33,3,15.91
6813,633,23388,62.5,10,14623,48.86,5,6.95
6814,725,41874,82.81,14,34681,73.55,8,3.33
6815,8346,39706,67.2,21,26691,49.84,11,6.43
6816,431,12180,70.99,3,8648,61.98,1,5.18
6817,1102,18417,54.89,1,10110,54.89,1,10.42
6818,1400,25503,66.56,6,16978,55.97,2,10.3
6819,1338,33974,56.53,13,19215,45.16,7,7.43
6820,1508,22253,73.6,5,16380,73.6,5,7.81
6821,4024,35767,50.34,13,18011,39.19,7,19.39
6823,2510,30534,55.55,6,16968,51.41,4,12.66
6825,591,33651,73.37,11,24692,61.71,5,3.08
6826,7046,85540,74.75,17,63959,68.07,9,7.82
6827,1463,79330,62.67,26,49726,49.29,10,3.72
6829,10640,59169,67.98,6,40232,63.0,1,15.81
6830,25103,54724,32.16,19,17612,17.59,6,35.01
6831,10424,67500,59.61,31,40257,38.61,9,10.71
6832,3578,26411,86.07,3,22736,82.84,1,4.18
6833,880,49977,84.96,8,42471,79.9,4,3.29
6834,11803,88471,57.24,30,50660,44.95,13,20.39
6835,2128,66172,78.74,27,52114,68.81,15,6.0
6837,1001,32824,59.15,18,19423,41.11,9,6.89
6838,6811,150977,61.44,27,92791,55.35,11,9.3
6839,910,82020,80.41,29,65967,74.1,20,1.8
6840,2101,30959,50.23,10,15556,38.6,5,10.17
6841,12093,95223,47.23,28,44995,37.03,13,23.12
6842,2168,23130,40.24,8,9312,24.83,3,16.46
6843,1222,33304,76.7,16,25551,55.85,7,6.72
6844,3353,37428,63.45,10,23752,55.96,5,7.8
6846,1478,27066,66.78,7,18078,64.19,6,8.53
6847,625,14230,55.89,8,7956,19.67,2,7.86
6848,486,14273,52.95,8,7560,29.84,2,4.95
6849,6080,41918,49.61,12,20809,40.35,6,18.74
6850,929,33089,60.47,18,20012,41.06,8,4.43
6854,6067,117679,65.47,33,77056,54.65,13,9.24
6855,2000,23250,61.33,13,14264,41.79,6,5.79
6856,947,28200,83.56,8,23570,74.28,4,4.72
6857,414,15226,94.62,1,14408,94.62,1,2.09
6858,340,27220,89.89,9,24470,82.2,5,2.35
6859,2493,41589,64.65,15,26894,56.07,9,8.64
6861,12248,41599,53.9,4,22429,51.7,2,19.88
6862,6446,50000,69.76,7,34887,68.83,6,16.02
6863,4455,74888,75.65,10,56668,72.27,6,8.16
6864,4187,37875,37.06,19,14047,12.23,3,7.15
6865,1398,15841,50.63,7,8023,36.21,3,12.58
6867,832,24500,86.32,7,21151,78.62,4,4.52
6868,492,25043,55.35,14,13868,27.27,3,3.07
6869,21080,137830,55.14,40,76023,45.75,20,21.64
6870,2320,23886,74.17,12,17723,57.34,5,6.85
6872,2500,70751,58.06,28,41095,43.48,11,7.35
6873,11809,142649,61.3,42,87470,53.67,23,13.17
6874,2814,22000,53.6,9,11796,39.58,4,18.38
6875,4751,129183,60.74,35,78496,52.59,18,7.34
6876,20212,70696,31.22,24,22084,16.32,6,7.68
6877,3265,46967,74.23,27,34877,54.6,13,8.27
6878,1109,72641,88.92,14,64606,84.68,9,2.7
6879,351,26459,89.17,8,23597,80.25,4,1.58
6881,960,15000,57.92,4,8691,49.96,2,5.42
6882,824,23199,59.02,14,13698,31.49,4,7.31
6883,689,76274,87.72,28,66908,80.38,18,1.76
6884,1321,18390,73.01,3,13428,69.21,2,8.61
6885,22340,133099,37.71,43,50226,22.45,10,13.92
6886,14422,31810,90.03,5,28642,84.94,3,1.79
6887,879,74206,91.81,20,68143,82.02,8,1.71
6890,7241,250296,92.7,20,232062,91.96,17,3.36
6891,5812,200642,77.2,30,154960,73.93,19,6.14
6892,2548,94015,57.23,42,53819,36.89,12,5.65
6894,2680,23800,61.06,11,14535,55.13,8,10.06
6895,2979,34100,61.27,9,20896,51.15,4,12.34
6898,1575,29016,59.19,10,17179,45.84,2,9.16
6899,2033,42398,80.05,19,33943,61.24,7,7.73
6901,23671,853650,82.84,47,707277,80.65,16,4.92
6902,6823,35550,70.73,15,25152,59.32,8,5.3
6903,9623,66676,68.08,16,45402,64.15,12,15.56
6904,601,18500,79.9,8,14783,64.36,2,3.07
6906,3345,33537,57.83,13,19400,47.73,7,16.02
6907,6536,62562,65.63,7,41066,62.26,3,13.75
6908,1173,37180,86.39,2,32122,86.39,2,4.56
6909,12782,67488,38.32,25,25874,21.08,8,23.07
6910,1582,30521,56.96,8,17388,49.46,4,9.72
6911,936,22000,60.04,10,13214,44.33,5,6.7
6912,1984,144000,77.16,28,111144,69.43,9,3.05
6913,3722,43849,56.79,18,24911,42.27,9,10.38
6914,4295,66226,71.74,17,47522,66.65,11,8.91
6915,1125,35300,88.44,11,31221,84.8,9,5.27
6916,2079,67500,78.98,18,53326,72.7,12,5.64
6917,2364,55272,44.8,23,24769,29.12,9,9.35
6918,2027,34571,50.11,18,17329,27.97,5,9.89
6919,59242,1557559,75.17,349,1171304,68.27,177,6.39
6920,12374,207219,63.99,36,132636,58.09,16,11.39
6921,879,32062,78.02,11,25019,75.17,9,5.1
6922,3224,27155,62.92,9,17089,56.7,6,12.04
6923,3546,91488,70.08,38,64131,55.3,17,6.36
6924,556,20624,80.24,5,16552,73.08,3,3.94
6925,2988,20000,60.48,9,12100,41.69,2,21.59
6926,699,49800,80.71,25,40201,60.92,9,2.58
6927,1300,38279,68.03,14,26047,52.86,5,6.6
6928,4400,86000,79.69,11,68544,76.07,6,9.35
6929,1549,45090,89.57,6,40392,86.91,4,4.84
6931,3349,66152,69.42,39,45930,49.77,18,7.65
6932,5178,432596,80.55,78,348588,74.84,37,2.84
6933,5070,42468,61.0,6,25910,61.0,6,15.93
6934,1635,36130,66.13,15,23893,55.15,10,7.18
6935,572,37410,83.45,14,31222,72.81,7,2.71
6936,3799,72804,76.2,20,55489,64.78,9,8.13
6937,8414,67655,63.03,24,42654,54.27,14,14.3
6938,661,12570,67.47,6,8482,54.14,3,6.03
6939,642,35399,64.35,12,22784,56.09,8,3.13
6940,9224,312180,53.66,110,167552,38.23,33,7.0
6944,15977,76688,50.78,33,38963,34.93,12,13.05
6945,5582,97556,62.39,26,60876,52.35,11,9.95
6946,1906,323800,93.81,33,303823,90.87,18,1.09
6947,5748,106126,69.98,31,74276,59.42,14,9.42
6949,2103,65580,74.22,30,48690,61.18,16,3.16
6951,4487,46000,66.23,4,30471,63.9,2,10.67
6952,2462,68345,86.81,18,59336,79.88,13,5.41
6953,3109,30015,63.56,6,19079,56.2,3,11.99
6955,505,24801,60.3,11,14955,49.64,6,2.39
6957,1843,55719,73.33,27,40866,54.39,11,4.42
6958,3425,401289,94.15,28,377923,93.02,21,1.36
6958A,1354,40000,83.86,7,33545,83.86,7,6.02
6959,4011,39167,40.8,12,15988,33.17,7,15.77
6961,3816,26834,44.42,6,11925,33.34,1,17.33
6962,32338,492397,53.34,84,262752,46.4,29,13.95
6963,200,15972,87.88,3,14036,85.28,2,1.39
6965,2369,156336,92.41,19,144482,90.93,15,2.43
6967,1266,24904,75.65,15,18844,47.92,4,8.4
6968,3526,49447,58.58,18,28976,44.18,7,10.18
6969,1768,43857,53.08,14,23294,40.67,6,8.48
6971,1588,38668,73.78,16,28538,61.37,8,8.03
6972,363,22935,83.82,9,19226,63.73,1,2.49
6973,855,40803,67.18,20,27423,41.2,4,3.97
6976,5983,582867,80.58,108,469761,73.89,44,2.5
6977,1759,14000,42.81,9,5994,15.91,2,13.76
6979,423,12000,59.53,4,7145,39.6,1,4.11
6980,2331,30000,77.66,6,23301,72.41,4,9.72
6982,2777,40752,65.11,15,26543,53.46,7,12.6
6983,3431,18020,44.17,9,7963,16.01,2,17.08
6984,344,19239,56.62,14,10896,27.71,4,2.52
6986,1974,52134,49.09,20,25597,36.39,9,6.84
6987,1205,224468,90.04,34,202177,86.41,21,1.11
6988,450,47600,78.23,20,37246,64.67,11,1.65
6990,4896,64053,86.94,18,55696,82.35,14,7.73
6992,484,25699,72.62,19,18664,43.38,8,2.92
6994,6804,74162,46.72,21,34651,37.99,11,18.58
6995,3724,27000,45.65,13,12329,28.93,5,7.43
6996,2429,41998,59.6,4,25037,55.8,1,8.21
6997,752,22100,82.26,3,18181,77.74,2,4.87
6999,252,22015,77.4,16,17046,57.31,8,1.51
7402,21021,35281,34.36,9,12127,26.97,4,32.54
7415,2260,30200,65.92,16,19916,42.69,5,5.61
7418,259,27554,96.15,6,26497,85.31,1,0.44
7419,4708,40000,49.58,15,19837,39.22,9,19.81
7421,537,525,0,0,0,0,0,53.65
7422,248,23272,83.42,3,19416,79.46,1,1.7
7427,5120,54026,31.23,19,16887,19.64,8,18.55
7443,354,22000,82.47,12,18147,69.61,7,2.46
7452,109,2000,87.89,1,1758,87.89,1,4.86
7455,270,25500,82.68,8,21088,73.78,4,1.51
7507,1118,102100,78.33,31,79985,70.22,18,2.25
7516,24215,19309,36.62,7,7073,14.79,1,23.56
7530,3430,46500,54.56,14,25377,46.02,8,15.79
7547,2034,33963,73.11,10,24834,66.12,7,9.97
7551,444,12100,56.7,5,6863,42.93,2,6.13
7555,418,28325,87.67,5,24834,86.14,4,1.91
7556,2735,29142,64.49,10,18799,54.67,5,9.47
7558,821,18621,52.39,12,9758,22.55,3,8.81
7561,748,30085,60.63,7,18244,55.15,4,3.22
7562,265,22779,76.4,10,17406,63.04,5,1.6
7566,7919,139773,62.68,44,87642,51.88,19,4.99
7575,562,30000,51.76,18,15533,25.96,6,2.96
7578,1761,60073,64.54,28,38790,44.43,9,5.65
7583,453,24575,88.34,13,21715,73.03,7,2.59
7584,976,16463,71.21,6,11727,56.38,2,8.99
7590,2568,122379,82.57,32,101060,77.3,22,4.65
7595,831,50465,72.29,27,36492,45.91,8,3.51
7607,674,36653,70.92,12,25998,62.54,6,2.29
7610,20103,58305,50.8,20,29627,38.97,8,19.18
7631,1267,20142,71.87,10,14479,52.92,4,8.31
7642,2066,30150,80.03,9,24131,78.35,8,9.59
7669,3648,22000,32.75,12,7210,4.94,1,13.06
7689,7749,58507,84.0,8,49155,81.03,5,7.59
7702,358,66000,92.63,10,61145,87.92,5,0.84
7703,4430,34745,57.5,8,19989,46.66,2,16.74
7704,1625,33770,59.63,14,20142,42.11,4,7.65
7705,13515,66067,68.85,10,45495,61.81,3,11.44
7706,237,10000,91.29,1,9129,91.29,1,3.41
7707,3303,45700,46.58,11,21299,39.94,6,10.59
7708,3007,25500,63.59,2,16218,61.96,1,12.21
7709,2412,39103,79.45,8,31071,77.41,7,9.09
7710,270,63906,99.18,3,63388,99.18,3,0.26
7711,8600,71700,61.54,11,44136,56.29,6,13.21
7712,4343,32562,52.23,14,17011,35.55,5,16.55
7713,765,45479,84.76,14,38561,78.28,9,2.5
7714,2606,21000,66.63,8,13996,47.95,2,14.27
7715,2080,32756,57.73,13,18920,39.76,4,11.91
7716,555,22500,82.86,9,18650,66.05,3,4.3
7717,8963,24832,55.36,11,13750,35.38,4,20.54
7718,1031,46356,78.59,18,36439,68.0,10,3.21
7719,16067,36000,19.54,6,7042,11.27,2,28.57
7721,3535,55370,60.8,17,33677,52.76,10,11.37
7722,20273,68176,84.8,4,57818,83.71,3,9.73
7723,4400,49620,56.44,19,28018,48.41,13,14.14
7724,297,35381,84.24,12,29812,70.78,5,1.56
7725,300,48327,83.73,10,40471,79.14,6,0.86
7726,183,20304,87.22,6,17713,80.35,4,1.24
7728,3268,13854,57.12,4,7916,47.18,2,15.06
7729,16715,80682,57.18,31,46153,44.02,16,7.87
7730,1178,36797,69.99,16,25759,60.76,10,5.19
7731,9123,521981,72.16,91,376806,67.53,52,4.6
7732,891,64680,88.86,20,57488,81.79,13,1.94
7734,11606,28000,73.52,12,20591,67.31,9,8.98
7735,2621,43331,93.33,7,40446,87.51,4,2.53
7736,1571,76000,84.67,23,64370,76.73,13,3.59
7737,365,29759,78.11,14,23250,56.78,5,1.69
7738,1627,27356,57.83,17,15828,32.18,6,7.18
7740,2594,53200,64.52,21,34331,53.87,11,8.58
7742,7400,66561,69.0,5,45939,65.0,1,15.69
7743,933,36483,74.7,23,27261,57.39,13,4.28
7744,2697,32077,77.46,15,24849,61.77,8,7.39
7745,548,17950,71.16,7,12776,56.71,3,7.53
7747,942,30169,78.57,5,23705,77.24,4,2.42
7748,210,14500,70.44,8,10216,58.43,5,2.31
7749,7812,46486,47.9,20,22280,29.01,5,16.38
7750,9865,71843,76.03,35,54632,61.59,16,4.98
7751,10141,26889,47.08,11,12664,36.95,6,12.86
7752,2211,200000,86.09,35,172215,81.66,20,2.25
7753,2373,25000,74.15,4,18541,65.34,1,7.69
7754,1680,101157,71.23,40,72081,58.9,17,3.09
7756,267,21283,70.83,8,15078,59.42,4,1.43
7757,2643,24100,59.31,10,14295,40.99,4,13.27
7758,364,16100,83.38,3,13427,80.09,2,2.53
7759,1011,70342,81.01,17,57002,73.57,10,2.68
7760,1541,66048,64.2,29,42409,49.85,12,3.34
7761,1458,28900,49.58,10,14333,34.12,4,10.31
7762,1461,58091,56.01,27,32551,39.53,10,3.99
7763,2971,60014,82.08,17,49269,76.51,10,6.3
7764,791,60000,80.85,25,48523,68.75,15,2.77
7765,5265,40681,60.71,3,24703,59.6,2,13.05
7767,1092,30100,70.76,16,21304,54.85,9,6.01
7768,6420,70065,63.98,21,44844,55.74,13,10.6
7769,57310,179930,66.41,45,119531,56.88,16,5.32
7770,1077,30062,74.27,14,22332,62.44,7,5.38
7771,510,20013,82.13,3,16440,75.7,1,3.09
7772,5175,26499,56.09,5,14864,52.82,3,22.22
7773,981,39911,56.64,15,22615,42.94,8,5.44
7776,1084,49102,74.75,15,36717,63.72,6,4.7
7777,16535,186606,68.4,30,127675,62.59,13,13.96
7779,374,16105,66.71,7,10745,56.73,4,2.21
7780,43595,810024,75.52,44,611952,73.54,19,10.31
7781,16874,599681,73.66,59,441838,71.35,36,6.67
7782,1117,23213,75.97,9,17638,65.8,6,7.33
7783,1178,62445,91.15,15,56925,89.56,13,2.05
7784,1388,187601,87.54,47,164266,82.22,30,1.8
7785,201,33339,85.59,13,28540,72.06,5,0.96
7786,6426,175954,82.33,32,144888,77.52,18,6.0
7788,7612,79746,71.01,36,56643,57.84,17,9.23
7789,174,21184,71.4,14,15130,42.61,4,0.85
7790,405,18585,70.26,15,13062,32.02,3,2.6
7791,4658,80000,80.09,16,64086,70.07,5,7.85
7792,4603,46662,69.43,14,32404,62.25,8,10.49
7794,1228,28000,81.49,7,22820,71.58,2,7.33
7795,15977,78828,71.19,11,56137,63.01,2,8.2
7796,2297,22963,58.9,5,13528,46.3,1,16.36
7797,701,22245,79.25,11,17636,62.64,5,5.15
7798,706,308692,94.49,49,291719,89.15,24,0.44
7799,12309,159724,78.91,35,126070,70.83,14,7.77
7801,1295,18300,70.43,3,12891,67.37,2,10.25
7803,2125,94413,79.31,31,74904,70.37,17,5.06
7805,4109,33125,70.43,7,23334,68.65,6,9.7
7806,320,27860,74.52,14,20766,58.33,7,1.76
7808,1064,70000,77.96,3,54580,76.94,2,2.98
7810,3267,20250,46.8,6,9480,36.34,3,19.19
7811,1281,33377,73.0,7,24374,65.17,2,6.09
7812,2702,60419,61.51,18,37170,53.98,11,8.18
7813,1744,19196,42.76,8,8212,27.44,3,14.73
7814,1634,45000,77.63,9,34945,71.66,5,5.91
7815,4174,32976,60.72,7,20028,50.32,2,12.41
7816,1063,29278,78.94,6,23116,71.32,2,6.22
7818,3977,167946,90.12,12,151364,88.99,8,3.86
7819,2715,25264,59.12,2,14938,55.4,1,18.14
7820,1978,37768,76.55,12,28922,65.64,6,7.03
7821,9921,121913,80.39,21,98037,74.77,12,7.32
7822,16874,45561,68.19,9,31080,63.73,6,17.49
7823,933,33491,72.18,14,24179,61.73,9,4.09
7824,376,31337,79.86,18,25031,67.18,12,1.59
7825,2362,23114,46.51,10,10756,27.49,3,17.22
7826,128,12000,84.38,9,10127,60.74,4,1.58
7827,2781,139972,78.73,30,110236,71.84,15,3.66
7828,15851,40494,65.46,19,26515,53.78,10,14.52
7829,1051,99388,83.2,44,82713,70.69,24,2.01
7831,73,13401,77.47,9,10385,55.97,4,0.16
7832,2120,580000,92.8,100,538282,87.72,58,0.88
7833,541,43011,73.63,20,31679,57.34,9,2.07
7834,268,16478,74.53,7,12282,60.54,3,3.04
7835,504,46544,70.61,18,32876,55.8,6,1.86
7836,581,51250,71.74,20,36777,63.33,13,1.36
7837,332,22800,74.97,4,17099,67.76,2,2.38
7839,500,15096,75.22,8,11358,55.95,3,3.9
7840,231,34000,89.58,13,30462,76.24,7,1.09
7841,358,24200,77.78,10,18825,66.5,6,2.21
7842,1694,18250,67.4,3,12303,62.3,1,12.69
7843,1075,33440,67.65,9,22627,61.47,6,5.18
7846,462,34412,84.06,8,28934,75.12,3,2.0
7847,549,29000,63.09,14,18301,43.49,5,3.44
7848,1248,33376,73.6,17,24571,51.35,4,3.89
7849,176,11892,95.78,1,11391,95.78,1,1.08
7850,1496,97659,70.5,39,68875,54.36,17,3.42
7851,532,67691,83.65,21,56640,74.33,9,1.53
7853,15420,47555,26.72,13,12713,17.95,4,34.44
7854,851,40300,89.32,16,36004,79.77,11,3.17
7855,15858,277305,75.63,20,209759,72.51,6,10.03
7856,5848,27177,66.29,11,18020,61.08,9,10.63
7857,577,53488,83.61,13,44732,76.02,7,1.63
7858,4060,22237,48.37,10,10760,30.41,2,15.07
7860,151,32000,94.54,11,30256,89.27,9,0.45
7861,3929,64600,77.38,23,50005,66.9,12,4.82
7862,613,40000,86.98,4,34796,84.22,2,1.46
7863,119,30000,98.44,5,29537,96.02,4,0.39
7865,743,18424,72.67,10,13393,42.2,3,7.73
7866,4806,43171,60.04,16,25924,45.84,7,9.52
7867,671,96000,95.57,25,91761,85.51,9,0.79
7868,1068,22240,57.39,10,12768,40.21,4,8.71
7869,441,27241,88.84,4,24203,86.5,3,1.0
7870,2432,18400,78.39,13,14426,49.02,3,1.34
7871,5246,134278,59.16,33,79462,52.59,18,7.51
7872,1250,30000,65.08,3,19528,61.32,1,7.1
7873,2523,149884,86.02,37,128960,76.86,16,2.38
7875,337,20000,96.46,1,19292,96.46,1,1.55
7876,1099,107373,85.69,30,92039,76.68,16,2.12
7877,377,38857,72.82,10,28301,61.47,2,1.63
7878,2994,53537,47.42,20,25400,31.39,5,8.12
7879,3293,40000,62.03,17,24818,47.21,9,11.62
7880,1458,26500,67.99,16,18023,37.5,5,7.93
7881,390,27000,84.29,4,22759,82.42,3,2.47
7882,2139,205282,83.52,47,171493,77.66,30,2.27
7883,1997,60976,71.23,23,43441,59.44,11,2.22
7885,456,29200,76.59,16,22370,57.42,6,2.98
7886,1547,24978,65.59,14,16388,43.42,5,8.11
7887,14042,81720,43.37,34,35448,28.84,14,19.77
7888,545,75235,81.11,40,61035,62.14,18,1.03
7889,192,20781,83.96,16,17452,45.73,4,0.77
7890,420,20800,86.06,12,17905,65.96,6,2.61
7891,187,19430,56.45,7,10970,53.6,6,1.23
7892,5823,46898,74.93,14,35154,63.51,6,7.77
7893,1369,40799,86.37,5,35246,80.01,1,4.06
7894,819,24000,54.75,8,13145,39.44,1,4.25
7895,13038,38790,74.02,7,28720,65.58,1,2.69
7896,573,27900,90.89,7,25361,80.84,2,1.86
7897,202,133617,98.36,2,131427,98.36,2,0.18
7898,3157,30039,69.35,5,20835,64.11,2,6.25
7899,8237,24292,42.9,12,10428,16.34,3,24.4
7901,2239,60000,84.34,13,50612,75.19,4,3.29
7902,1595,200605,90.11,45,180810,85.76,31,1.74
7904,104,15000,92.36,3,13855,89.32,2,1.05
7907,2038,39393,74.5,16,29354,67.27,11,1.99
7909,4854,70593,83.73,15,59116,76.12,7,4.5
7911,1719,40000,65.96,12,26389,49.72,2,6.32
7912,2272,22190,79.36,10,17612,72.33,7,4.85
7913,1161,45139,90.44,7,40827,86.43,4,2.04
7915,1718,40100,86.18,19,34562,70.87,10,1.96
7917,1776,66903,79.29,15,53056,70.54,6,2.68
7918,14976,43100,79.67,5,34344,77.07,3,8.06
7919,604,12700,50.06,4,6358,42.07,2,6.89
7920,3473,593987,89.07,178,529200,80.21,95,1.4
7921,844,40807,83.58,11,34112,75.52,5,2.78
7922,529,66175,95.5,18,63202,94.02,17,0.82
7924,1515,133561,82.86,46,110690,75.66,30,1.88
7925,348,65600,90.08,40,59110,72.75,23,1.12
7926,1048,15002,73.49,4,11027,59.45,1,5.19
7927,540,44700,70.34,29,31451,41.96,7,1.22
7928,2353,41530,73.17,18,30398,59.05,8,4.03
7929,916,21673,81.74,12,17719,61.95,4,3.13
7930,1339,33754,65.47,11,22106,55.75,5,4.99
7931,157,24641,96.22,5,23711,84.9,1,0.37
7932,268,50000,76.05,15,38029,67.17,7,0.87
7933,112,23563,87.24,8,20563,72.45,3,0.65
7935,188,37000,83.16,16,30776,63.94,6,0.43
7936,526,36038,68.63,3,24738,64.86,1,3.17
7939,412,19580,74.62,2,14613,71.08,1,2.91
7942,1045,31768,87.94,8,27942,78.28,3,3.06
7943,495,30651,75.98,16,23294,61.08,9,1.86
7944,165,30763,86.14,12,26504,75.04,7,0.6
7945,194,11543,78.22,3,9031,69.02,1,1.68
8002,250,1908,0,0,0,0,0,28.25
8009,627,4375,0,0,0,0,0,21.49
8010,385,6666,46.01,4,3068,20.25,1,9.66
8011,60875,165922,30.88,26,51282,24.9,10,30.05
8012,478,3800,93.02,1,3535,93.02,1,4.85
8014,591,8827,37.88,2,3344,37.88,2,10.86
8015,111,3000,29.54,2,886,0,0,12.06
8016,35888,120137,46.44,55,55811,27.39,19,20.36
8018,75,3449,21.62,1,746,0,0,3.98
8019,98,33891,93.81,3,31801,90.33,1,0.8
8020,109,8263,59.32,4,4902,32.36,1,2.37
8021,83971,147265,45.88,46,67600,35.75,22,31.77
8022,57,3000,70.18,1,2106,70.18,1,3.26
8024,22541,45160,29.89,12,13507,18.86,4,25.44
8026,61,97,0,0,0,0,0,73.87
8027,65854,113095,26.63,31,30136,15.71,11,39.36
8028,67962,184739,50.9,62,94069,39.18,26,26.09
8029,648,78017,75.2,24,58688,62.69,7,1.44
8031,121,4498,25.57,1,1151,25.57,1,4.73
8032,23144,51810,75.96,9,39360,74.21,7,12.81
8033,75162,164630,30.98,42,51037,21.58,17,36.94
8034,22028,56586,17.29,10,9796,8.72,3,32.69
8035,214,6812,43.5,4,2965,17.63,1,5.68
8036,532,7657,20.62,1,1580,20.62,1,10.9
8038,40161,62278,21.08,10,13144,15.0,4,36.36
8039,63024,263868,68.56,69,180967,61.39,37,12.59
8040,30875,96414,51.79,15,49961,44.62,3,20.26
8042,43120,133569,64.13,41,85692,58.16,27,22.74
8043,37964,79907,39.68,13,31716,37.53,10,46.1
8044,27508,204768,61.14,31,125247,55.86,14,14.14
8045,4242,95042,67.02,37,63713,54.51,18,8.15
8046,85483,646165,85.37,91,551702,80.54,41,5.91
8047,1294,41666,82.1,15,34212,71.92,9,3.65
8048,34830,57706,39.44,18,22773,28.06,7,24.42
8049,39415,118280,32.93,22,38959,27.21,11,29.32
8050,57647,205205,42.94,36,88157,36.32,15,26.94
8053,3691,411818,85.44,75,351942,80.37,41,1.93
8054,52158,106233,34.8,16,36987,28.92,4,35.0
8056,11805,389990,60.63,80,236529,53.96,35,5.95
8057,84,6344,67.07,3,4256,67.07,3,2.43
8058,2490,68800,68.92,27,47432,51.59,10,6.34
8059,13418,194080,72.95,16,141639,69.35,5,8.26
8060,273,6084,49.67,2,3023,34.06,1,11.29
8064,81629,184818,44.48,39,82251,37.75,18,33.2
8065,929,4500,37.58,3,1692,0,0,18.21
8066,38125,36642,38.73,13,14198,21.76,4,33.07
8067,7006,20700,81.35,9,16844,56.73,3,6.5
8068,8307,80766,62.17,17,50224,58.95,12,15.77
8069,101264,1154973,76.46,302,883354,68.3,151,8.49
8070,37603,725648,73.42,100,532942,69.58,57,10.95
8071,35373,60084,30.99,11,18632,22.86,3,33.62
8072,12906,80000,60.25,10,48211,57.87,7,20.65
8074,45972,86974,39.24,24,34150,29.54,9,31.3
8076,89104,292214,35.01,66,102372,25.12,22,21.47
8077,1066,21946,82.07,4,18013,76.8,2,2.85
8080,14401,67164,84.11,4,56503,82.53,2,5.93
8081,21717,86172,37.55,24,32365,23.67,4,24.72
8082,4212,106609,71.71,22,76470,62.9,8,4.36
8083,2727,35133,55.65,12,19558,44.04,4,9.53
8084,2929,69514,64.17,22,44618,54.48,10,7.57
8085,36266,139983,40.23,25,56339,30.13,3,18.02
8086,75114,196516,48.63,38,95590,42.23,15,29.42
8087,9862,38669,57.73,21,22327,43.97,11,10.03
8088,54329,60922,18.74,6,11419,18.02,5,52.93
8089,27235,65999,41.62,8,27481,37.91,3,22.07
8091,18435,57012,45.68,22,26051,32.32,10,19.81
8092,20361,57172,61.16,25,34981,41.1,7,11.03
8093,3189,56568,67.55,7,38213,64.0,4,7.93
8094,337,18527,43.02,10,7975,11.96,2,2.77
8095,124,7932,51.28,6,4068,18.09,1,3.8
8096,84724,149343,46.05,30,68798,39.61,16,28.95
8097,13367,63802,73.54,21,46938,62.17,10,6.61
8098,1381,12653,57.47,8,7273,33.15,3,10.97
8099,29338,100073,82.1,19,82186,75.26,8,5.79
8101,18419,52166,82.23,4,42901,80.45,2,8.03
8102,1181,23358,39.54,10,9240,25.07,4,7.33
8103,19162,78437,42.36,28,33251,24.21,7,25.24
8104,45593,104058,33.62,7,35013,30.38,2,32.93
8105,35712,441545,64.66,41,285561,61.44,19,14.45
8106,68,3943,60.82,3,2398,27.88,1,2.19
8107,31850,75000,53.81,20,40370,44.3,10,17.11
8109,7103,82161,54.1,35,44474,34.87,11,13.23
8110,80371,517740,50.47,44,261463,46.94,14,29.43
8111,57684,109102,35.54,27,38789,26.02,9,29.28
8112,109952,565307,43.55,95,246271,39.43,58,26.18
8112A,7060,30000,50.72,13,15223,36.01,7,17.91
8114,11238,76704,47.42,32,36391,33.61,14,17.68
8115,842,70000,86.41,25,60502,78.23,16,2.47
8119,33088,63662,46.45,26,29589,27.24,8,10.6
8121,30723,212994,61.4,38,130811,54.47,15,14.5
8122,1616,402371,93.1,13,374717,92.23,7,0.77
8127,242,5558,7.67,1,427,0,0,7.51
8130,297,47620,70.92,21,33778,59.07,11,0.81
8131,32564,442222,71.78,31,317522,68.45,9,13.94
8147,4951,42176,46.09,15,19446,32.59,6,15.29
8150,150487,704523,60.01,131,422876,53.88,66,25.51
8155,15711,62747,48.64,18,30533,37.78,7,26.37
8157,662,26839,78.64,2,21107,78.64,2,4.87
8162,2663,68702,73.98,26,50848,61.78,13,7.26
8163,74866,280000,45.7,46,128003,39.85,18,24.75
8171,44753,112853,60.95,26,68798,51.14,10,12.74
8172,259,1583,0,0,0,0,0,35.91
8176,37354,71701,32.72,18,23478,21.99,6,23.53
8182,11299,107041,67.19,13,71935,63.78,7,19.0
8183,40837,121251,47.53,17,57649,41.38,5,22.12
8197,637,61748,84.91,4,52437,83.38,2,2.19
8201,12156,62366,57.99,16,36175,45.88,4,17.08
8210,37779,125319,67.46,27,84558,60.39,13,16.64
8213,68642,271242,50.36,84,136639,39.2,35,17.25
8215,67660,320675,52.77,27,169262,50.42,13,20.44
8218,105,1593,0,0,0,0,0,9.2
8222,39623,68574,36.94,14,25346,31.52,7,32.65
8225,380,22380,79.65,4,17828,73.02,2,3.89
8227,31007,39543,26.17,7,10355,18.22,3,44.77
8234,16584,141226,55.56,38,78488,46.71,18,20.88
8240,37000,100004,54.51,22,54537,48.06,11,20.42
8249,35850,137824,57.07,17,78687,53.51,9,23.9
8255,25610,101973,51.53,17,52555,46.74,9,22.96
8261,77470,118878,43.53,15,51761,38.95,6,39.95
8264,497,2583,0,0,0,0,0,34.52
8271,66514,129615,43.68,23,56644,38.66,12,32.36
8272,1630,18998,38.04,6,7231,25.15,2,11.51
8276,125,3507,48.36,2,1697,33.84,1,10.33
8277,40960,91629,20.36,12,18675,14.91,3,29.83
8279,1991,27101,62.2,6,16865,52.51,2,9.91
8281,415,29267,44.49,8,13025,34.88,3,2.37
8284,2348,47342,63.55,19,30097,47.29,8,7.13
8286,157,441,0,0,0,0,0,76.5
8287,11819,24267,70.24,1,17046,70.24,1,20.81
8289,30803,68334,42.8,16,29257,33.59,5,26.81
8291,1893,17478,71.89,3,12566,71.89,3,13.29
8297,174,15000,92.95,1,13943,92.95,1,1.78
8298,385,25632,81.52,2,20897,81.52,2,2.25
8299,210523,221371,41.53,58,91970,32.44,27,32.82
8325,204,1513,0,0,0,0,0,33.84
8329,3169,280578,90.92,36,255146,87.31,22,2.81
8341,18794,130000,49.11,16,63861,46.61,11,24.02
8342,1083,33537,72.31,9,24254,66.28,6,4.6
8345,790,60008,83.67,15,50225,73.22,6,2.26
8349,7681,208821,71.2,37,148708,67.01,23,6.59
8349A,1271,10000,10.25,2,1025,0,0,19.8
8351,1051,50000,80.5,9,40256,70.91,2,3.55
8354,14223,78532,64.43,30,50617,49.48,11,11.36
8358,154582,252588,37.66,58,95181,29.35,25,41.94
8359,6002,136500,83.34,26,113780,79.49,18,4.62
8367,3534,92172,70.71,33,65195,61.43,18,7.05
8374,13253,112250,72.03,12,80874,68.57,6,17.59
8375,114,7356,77.08,6,5671,40.34,2,1.96
8380,882,7123,19.38,2,1381,0,0,31.96
8382,10351,292574,66.03,81,193222,56.94,42,6.41
8383,56718,113760,54.42,31,61941,45.57,16,23.46
8390,31101,96116,47.71,22,45869,41.69,12,16.29
8401,11963,70669,63.04,22,44567,54.47,13,9.53
8403,36722,137640,38.6,23,53168,32.26,9,20.14
8404,15866,419934,78.75,67,330767,73.25,29,4.26
8409,25791,32000,48.62,9,15562,38.6,4,14.56
8410,2043,36589,56.94,11,20838,50.7,7,10.92
8411,10853,218404,81.78,32,178655,79.19,24,5.57
8415,8785,1031500,93.08,133,960191,89.72,78,1.76
8416,2053,28211,77.11,7,21756,77.11,7,9.02
8419,1377,30000,53.22,11,15971,40.55,4,14.2
8421,6456,54817,64.1,17,35146,59.6,13,14.04
8422,151257,1359402,38.01,135,517061,34.28,53,26.5
8423,6338,41714,63.79,14,26616,54.69,8,13.2
8424,3027,36054,60.56,7,21846,50.7,2,15.54
8426,2700,50242,74.8,6,37591,70.26,3,9.08
8429,45199,185747,42.15,26,78348,38.36,13,17.85
8431,45000,48778,23.64,10,11542,16.63,5,32.74
8432,3132,38398,61.51,4,23627,56.47,1,12.69
8433,3137,54506,67.54,17,36825,60.43,10,9.81
8435,22374,35200,41.13,13,14485,20.64,2,29.12
8436,44421,117729,39.29,34,46266,30.49,16,27.03
8437,32413,47014,41.87,19,19697,28.07,7,16.02
8438,2855,69943,79.01,22,55266,65.16,9,6.26
8440,55731,50255,32.73,7,16456,29.05,4,36.63
8442,2022,70170,71.67,24,50308,61.41,13,5.42
8443,46642,66800,69.08,24,46160,59.39,14,15.9
8444,1698,125105,85.93,33,107537,77.61,15,2.12
8446,7696,52914,51.09,15,27041,42.74,7,24.0
8450,10297,51310,58.33,14,29933,56.66,13,23.03
8454,38193,264975,81.53,20,216101,79.31,10,10.48
8455,730,25219,89.9,3,22675,87.77,2,4.51
8458,553,35850,73.63,25,26403,48.85,11,2.5
8462,6196,80387,66.54,22,53505,58.91,12,10.07
8463,3589,150000,82.21,28,123350,76.81,15,4.65
8464,3849,293020,87.02,92,255037,77.73,48,1.03
8465,232,8100,58.22,4,4717,41.56,2,3.39
8466,2144,79446,77.6,28,61660,67.48,13,4.88
8467,1675,48374,82.0,21,39675,73.87,14,4.44
8472,1027,17736,63.04,3,11182,55.75,1,5.33
8473,14846,185237,68.45,22,126841,64.45,11,12.0
8476,6445,167508,71.17,52,119233,61.17,25,7.1
8477,10957,84171,83.44,5,70243,81.6,3,5.31
8478,11064,93972,75.66,12,71103,75.66,12,13.32
8479,375,20055,62.09,7,12455,41.51,1,2.41
8481,2530,66602,66.47,24,44283,53.62,10,7.04
8482,1039,107444,95.19,18,102294,90.26,11,1.16
8485,61,1568,96.18,2,1508,0,0,2.98
8487,19449,26535,55.9,9,14835,46.01,5,11.7
8488,880,73500,87.13,18,64051,80.33,10,2.02
8489,29872,59949,57.08,14,34228,48.01,6,14.6
8490,1100,23760,45.34,12,10776,29.07,4,8.22
8491O,1306,7292,9.23,1,674,0,0,22.3
8492,250,33300,92.97,12,30963,88.34,10,1.47
8495,856,127275,92.58,6,117859,91.05,3,1.6
8496,292,35675,87.43,12,31195,84.71,10,1.5
8499,2180,41166,79.86,12,32879,72.65,7,6.3
8707,6317,2566,0,0,0,0,0,43.85
8708,20465,194506,43.72,31,85066,36.67,11,17.06
8710,6844,115478,28.87,29,33365,18.1,11,13.04
8712,6935,807994,76.11,266,615150,63.75,113,1.25
8718,18066,97048,35.34,20,34315,28.27,10,24.04
8719,6766,656417,86.77,136,569741,79.45,63,1.98
8720,8594,89517,56.84,19,50894,47.26,5,13.3
8721,2242,3966,0,0,0,0,0,38.57
8722,5796,52652,62.7,15,33025,56.87,10,12.32
8723,23390,104515,50.68,31,52990,41.3,15,19.31
8724,8395,20237,40.69,6,8236,33.64,4,33.22
8725,12499,112136,32.34,23,36282,25.26,10,22.09
8905,21380,119440,92.47,26,110472,88.78,19,2.4
8906,2917,44037,55.46,15,24431,49.92,11,9.6
8908,15207,315333,89.09,47,280963,85.98,30,2.99
8916,41463,150387,66.28,47,99703,59.67,31,10.07
8916A,279,246,0,0,0,0,0,93.47
8917,1722,162652,82.83,69,134758,65.8,24,0.93
8921,1153,46592,85.56,24,39873,63.01,8,1.38
8923,5140,30376,82.32,10,25009,74.55,6,3.79
8924,17018,83800,38.28,21,32096,29.73,9,29.08
8925,19596,365243,41.31,123,150919,27.53,42,8.79
8926,61666,830282,56.98,126,473306,51.91,56,13.94
8927,25765,419068,83.48,111,349943,74.72,51,3.28
8928,4391,50854,49.16,13,25011,35.67,2,16.43
8929,11739,50581,45.67,10,23110,39.18,5,26.19
8930,5353,81809,69.05,35,56507,56.96,18,11.45
8931,19144,122255,81.46,14,99619,78.54,8,4.67
8932,9277,357963,80.87,77,289550,76.05,51,4.0
8933,42874,326724,52.73,43,172328,47.6,14,14.63
8934,504,7973,94.77,1,7556,94.77,1,1.41
8935,38000,113495,50.79,25,57654,42.46,11,12.65
8936,76211,248078,30.63,55,76059,21.71,21,30.97
8937,3289,431680,90.83,53,392202,88.06,34,1.49
8938,12389,156986,57.29,58,89972,45.71,30,12.98
8940,9348,67491,71.04,24,47959,62.76,16,13.59
8941,2205,34972,67.21,20,23509,46.5,9,6.11
8942,13186,198842,50.94,61,101324,40.98,29,13.34
8996,35215,93619,50.52,50,47316,30.86,20,11.65
8999,392,36000,63.48,29,22858,18.94,3,1.3
9103,21301,205532,12.25,31,25222,5.04,7,27.54
910322,7359,20765,29.13,5,6051,26.94,4,39.74
9105,121218,1635790,26.16,366,428258,16.22,100,18.49
910861,2746,34017,37.77,13,12854,23.37,5,16.6
9110,1752,54498,43.82,25,23889,21.6,6,7.69
911608,2189,34222,30.73,13,10521,9.83,2,15.49
911611,3111,88290,41.32,27,36505,28.83,11,9.24
911613,1402,11111,5.98,1,665,0,0,28.41
911622,1522,30000,52.16,9,15649,42.16,4,12.9
911868,6199,140000,35.69,37,49992,25.11,12,12.21
912000,6787,159294,34.96,47,55723,23.88,16,10.41
9136,4657,134342,67.38,33,90562,61.6,21,8.7
916665,366,816,0,0,0,0,0,57.85
9801,83412,395846,69.32,40,274488,66.05,20,17.09
9802,12085,200992,64.46,60,129592,55.6,30,10.66
9902,45194,98050,56.96,22,55875,50.28,11,17.32
9904,106809,2946787,68.57,444,2021053,63.81,216,7.92
9905,17221,305000,74.07,43,225975,71.92,31,8.27
9906,8279,90376,78.79,24,71223,75.0,18,9.29
9907,55928,1579145,74.19,180,1171940,70.11,76,6.71
9908,16416,516358,80.56,110,416112,74.83,64,5.52
9910,24017,987483,88.97,90,878806,87.08,59,4.05
9911,31100,222390,67.61,56,150397,61.11,34,15.3
9912,61837,53793,62.83,18,33806,55.04,12,15.59
9914,65655,298984,67.3,89,201301,56.75,45,12.02
9917,56254,451197,76.77,95,346485,70.79,53,8.64
9918,25215,180537,84.98,50,153456,77.12,25,2.41
9919,63696,195363,45.91,30,89729,42.03,18,27.92
9921,28850,392065,69.11,123,271032,58.94,62,11.13
9922,10420,215990,69.34,59,149806,59.04,25,7.16
9924,13058,150762,61.69,47,93037,52.66,25,16.31
9925,18878,387490,70.02,95,271357,62.69,49,9.06
9926,4258,179504,83.81,52,150471,73.65,23,2.46
9927,13949,120000,58.89,18,70704,52.67,7,17.86
9928,7145,70725,75.14,15,53157,67.16,6,7.39
9929,3761,101280,88.07,19,89216,83.94,11,2.52
9930,12199,248540,77.71,17,193171,76.78,12,8.07
9931,7868,120369,78.03,26,93950,73.39,17,3.63
9933,51047,944437,62.87,164,593993,56.81,72,9.54
9934,13532,411017,67.62,85,278038,60.17,34,6.93
9935,57585,177839,62.95,71,111991,49.65,34,6.87
9936,11637,104764,29.04,22,30454,20.07,7,20.06
9937,15809,309043,89.26,69,275908,82.54,34,1.94
9938,49815,297964,54.31,80,161905,46.28,42,15.37
9939,27832,295786,63.0,91,186378,53.75,50,14.08
9940,17129,736846,81.71,73,602192,77.97,23,4.5
9941,43443,575636,70.79,61,407620,67.33,29,12.59
9941A,3677,100000,81.98,23,81996,74.62,11,5.82
9942,9641,83161,52.35,25,43549,39.14,8,18.78
9943,15992,125172,71.1,13,89019,69.48,10,16.18
9944,10472,105908,78.78,43,83464,66.13,20,8.41
9945,102271,2844225,66.2,342,1883582,62.16,148,8.15
9946,13965,326554,81.56,38,266414,78.51,20,4.71
9948,73,211,0,0,0,0,0,65.68
9949,11085,44861,72.99,20,32755,51.32,6,11.43
9950,3668,167716,83.63,26,140278,80.07,15,4.62
9951,23965,73300,47.36,21,34723,39.55,11,22.28
9953,518,4382,0,0,0,0,0,18.02
9955,15107,104425,61.46,21,64203,55.34,10,19.53
9957,12801,3220414,96.05,73,3093707,95.49,42,0.96
9958,58015,246897,50.99,58,125956,42.57,22,24.67
9960,9571,33592,77.75,17,26125,56.78,6,5.96
9961,321,69099,93.39,16,64543,89.73,13,0.78
9962,28990,90220,47.15,27,42560,40.01,16,17.87
9965,68,776,0,0,0,0,0,21.58
YFU6,53,23060,88.2,10,20342,79.27,6,0.13
YHU4,551,232690,95.45,8,222125,94.53,4,0.54
YJS2,8992,115112,78.86,19,90793,74.07,11,3.39
YY0005,98,445,0,0,0,0,0,50.55
YY0008,55,203,0,0,0,0,0,79.3
YY0024,72,260,0,0,0,0,0,71.15
YY0027,62454,70276,12.96,10,9123,8.21,4,66.26
YY0028,33884,247263,39.8,58,98491,30.7,24,18.23
YY0029,8304,39020,30.63,8,11958,27.51,6,23.22
YY0030,3002,62727,52.22,25,32769,38.56,10,10.36
YY0031,430,4703,0,0,0,0,0,34.82
YY0032,358,3886,0,0,0,0,0,29.75
YY0033,2497,20320,16.08,3,3270,9.84,1,25.57
YY0034,266,1732,0,0,0,0,0,44.73
YY0035,15285,237120,36.47,50,86522,28.85,21,14.63
YY0036,136,348,0,0,0,0,0,75.85
YY0037,3446,80466,85.39,21,68725,79.57,14,5.58
YY0038,268,2681,26.72,1,716,0,0,23.4
YY0039,12851,250849,81.37,56,204146,76.07,35,5.35
YY0040,9019,73111,44.26,13,32376,37.79,6,16.04
YY0041,13685,279754,79.99,55,223817,74.54,33,7.75
YY0042,20005,70756,14.21,10,10070,10.11,5,36.44
YY0043,9579,40116,6.17,4,2481,0,0,52.53
YY0044,52972,444911,18.96,48,84422,15.28,21,29.34
YY0046,37364,552046,32.33,151,178646,21.1,45,13.42
YY0047,78020,1070057,31.59,284,338288,20.64,96,13.52
YY0048,7705,98781,49.34,27,48762,40.62,14,12.02
YY0049,33731,38915,26.27,7,10236,20.61,4,43.65
YY0050,55756,236292,21.56,50,50985,10.58,10,31.18
YY0051,7668,77635,33.77,17,26234,25.48,6,14.39
YY0052,4530,202295,69.16,68,139963,57.96,32,3.01
YY0053,24697,241593,46.77,45,113060,40.92,23,22.56
YY0054,5672,106933,46.91,29,50182,38.2,14,7.88
YY0055,5308,124122,46.68,56,57955,25.81,18,7.82
YY0056,2183,19785,51.38,8,10169,35.64,3,5.11
YY0057,4853,148068,56.93,40,84325,47.73,19,6.46
YY0058,3340,57743,35.86,18,20718,23.34,7,10.95
YY0059,1060,22565,21.04,6,4749,0,0,8.29
YY0060,683,9827,13.47,2,1325,0,0,14.8
YY0061,6530,53277,22.64,16,12068,8.45,4,19.25
YY0062,18043,320787,23.56,71,75658,13.27,19,16.35
YY0063,8941,20252,2.79,1,565,0,0,54.46
YY0064,5246,97674,63.77,30,62307,52.93,12,6.32
YY0065,17169,219902,28.29,56,62252,16.98,13,15.19
YY0066,19894,331761,30.04,79,99741,19.33,21,13.56
YY0067,6889,153046,29.4,49,45019,17.68,18,11.85
YY0068,28678,405699,23.41,66,95078,15.57,14,17.78
YY0070,22521,322825,33.98,85,109767,20.59,18,16.02
YY0071,14717,80704,18.86,11,15228,15.22,6,30.04
YY0072,2509,27500,18.32,8,5044,0,0,17.27
YY0073,2182,36625,35.78,16,13113,18.52,5,8.93
YY0074,10675,104216,17.67,22,18437,7.53,5,24.68
YY0075,3106,16421,10.31,3,1695,0,0,28.96
YY0076,450,450,0,0,0,0,0,100.0
YY0077,299,754,0,0,0,0,0,78.63
YY0078,330,2412,0,0,0,0,0,27.55
YY0079,79,330,0,0,0,0,0,63.93
YY0080,308,895,0,0,0,0,0,62.39
